config,model,fold,n_train,n_all,acc_all,logloss_all,mae_all,maeh_all,n_within,acc_within,logloss_within,mae_within,maeh_within,n_xrun,acc_xrun,logloss_xrun,mae_xrun,maeh_xrun,n_change,acc_change,logloss_change,mae_change,maeh_change,n_stay,acc_stay,logloss_stay,mae_stay,maeh_stay,n_event,acc_event,logloss_event,mae_event,maeh_event,f1_all,search_sec,parents,n_parents,n_y,cpt_configs_possible,cpt_configs_seen,test_unseen_config_frac,mae_persistence_continuous,mae_persistence_continuous_event
n_bins=10,model,1,33200,33558,0.9181119256213124,0.2635687005468477,8.938808144272013,6.061700521316399,33464,0.920123117379871,0.2500688877277835,8.664887115508186,5.776909533335769,94,0.20212765957446807,5.069502064133712,106.45469438419408,107.44729224242063,2348,0.2223168654173765,2.6432931472916548,38.48231583826444,37.44944045204455,31210,0.9704581864786928,0.0845365633806572,6.71618218895339,3.7003287379985617,18060,0.8668881506090809,0.4208290909056631,12.848651413255684,9.349138269359255,0.6057309473211734,0.07503487499889161,"[""y@t"", ""throughput_2@t"", ""data_quality_2@t+h"", ""data_quality_2@t""]",4,10,10000.0,176,0.1337386018237082,3.7463794028249597,6.396179401993355
n_bins=10,ar,1,33200,33558,0.9289290184158769,0.3383453268236476,8.879075329205351,4.7685613582585695,33464,0.9309705952665551,0.32536622633160317,8.60209852455376,4.4774403898663895,94,0.20212765957446807,4.958905101991448,107.48281778517149,108.40762610587466,2348,0.0,4.210549826808439,45.87300452162417,32.92803945592178,31210,0.9988144825376482,0.047030486517198045,6.095937048404344,2.6500591290591715,18060,0.872203765227021,0.5761077447079487,13.356204471383423,7.185489925852984,0.6055644571398181,0.07503487499889161,"[""y@t"", ""throughput_2@t"", ""data_quality_2@t+h"", ""data_quality_2@t""]",4,10,10000.0,176,0.1337386018237082,3.7463794028249597,6.396179401993355
n_bins=10,persistence,1,33200,33558,0.9300315871029263,1.9332986942070514,8.569683443913265,3.7463794028249704,33464,0.9320762610566579,1.8768022650163039,8.29131210945925,3.451918479560135,94,0.20212765957446807,22.0460274861132,107.6698785095416,108.57446808510639,2348,0.0,27.631021115928547,45.95095131151666,32.47913117546848,31210,1.0,0.0,5.757404784729259,1.584748478051918,18060,0.8741417497231451,3.4775919710135987,12.624762408023917,6.396179401993355,0.6592018661689303,0.07503487499889161,"[""y@t"", ""throughput_2@t"", ""data_quality_2@t+h"", ""data_quality_2@t""]",4,10,10000.0,176,0.1337386018237082,3.7463794028249597,6.396179401993355
n_bins=10,model,2,66758,33201,0.9124122767386524,0.28026273457955186,11.665707360458493,8.719362814316064,33108,0.9143107406065,0.26799459039523343,11.385575109871102,8.432750644443649,93,0.23655913978494625,4.6477220641969055,111.39278856957027,110.75329528889529,3042,0.37639710716633795,2.1266086485505276,45.18362973465298,45.63921709039011,30159,0.9664776683577042,0.09403029085463699,8.284908266910977,4.995426453434824,19603,0.8743049533234709,0.40832739106501986,15.21930426898688,11.93337988761059,0.6987768072771401,0.14916716700099641,"[""y@t"", ""data_quality_1@t+h"", ""throughput_2@t"", ""rps@t""]",4,10,10000.0,198,0.046293786331736995,5.354266437757899,8.484364638065601
n_bins=10,ar,2,66758,33201,0.9083762537272974,0.39559850294903154,11.44546175667192,6.649099068130757,33108,0.9103841971728888,0.38262012169576987,11.131612378766938,6.323411799092321,93,0.1935483870967742,5.015902229110198,123.17584029084512,122.59376684581375,3042,0.0,3.5897656884110374,54.39520188258347,41.11883920497996,30159,1.0,0.07341750960789226,7.113318467337959,3.172294482557784,19603,0.8486456154670203,0.6175981930691613,16.106868899215232,9.61771382919496,0.6947823356586686,0.14916716700099641,"[""y@t"", ""data_quality_1@t+h"", ""throughput_2@t"", ""rps@t""]",4,10,10000.0,198,0.046293786331736995,5.354266437757899,8.484364638065601
n_bins=10,persistence,2,66758,33201,0.9083762537272974,2.5316576679815257,10.826914986470367,5.354266437757906,33108,0.9103841971728888,2.4761761402368005,10.509644144906765,5.023529056421417,93,0.1935483870967742,22.283081545103663,123.77533458311196,123.09677419354838,3042,0.0,27.631021115928547,54.45560803317031,40.373438527284684,30159,1.0,0.0,6.42628883016342,1.8220431711926885,19603,0.8486456154670203,4.182076195019129,15.119465431872763,8.484364638065601,0.6949938311513993,0.14916716700099641,"[""y@t"", ""data_quality_1@t+h"", ""throughput_2@t"", ""rps@t""]",4,10,10000.0,198,0.046293786331736995,5.354266437757899,8.484364638065601
n_bins=10,model,3,99959,33201,0.9458751242432457,0.2009048226897951,9.516768687495146,6.094737804770293,33108,0.9479884015947807,0.1882384704957589,9.209419977753994,5.775096089818848,93,0.1935483870967742,4.710126203766684,118.9329093553449,119.8871883274847,2098,0.2530981887511916,2.573504441811351,51.59549638723256,48.31435210471268,31103,0.9926052149310356,0.04086514803085467,6.678419630682327,3.246885481802118,19017,0.9163905978861019,0.30332697908578404,12.7850100743603,8.688983540876741,0.6486865121202021,0.23328154199953133,"[""y@t"", ""data_quality_1@t+h"", ""buffer_size_3@t"", ""throughput_2@t""]",4,10,10000.0,506,0.06044998644619138,5.404445649227433,8.803070936530473
n_bins=10,ar,3,99959,33201,0.9368091322550526,0.28746655747758393,10.094657344776635,6.6735327329769625,33108,0.9389271475172164,0.2739321790235689,9.76603553868814,6.332281510865217,93,0.1827956989247312,5.105705287106943,127.0840203122816,128.15896780475828,2098,0.0,3.5040828162196562,66.29615171715787,57.47714497695641,31103,1.0,0.07049517494725352,6.30368106617792,3.246661418702812,19017,0.8936740810853447,0.44181192878390535,14.286484386565599,9.640685657045912,0.6443816100705596,0.23328154199953133,"[""y@t"", ""data_quality_1@t+h"", ""buffer_size_3@t"", ""throughput_2@t""]",4,10,10000.0,506,0.06044998644619138,5.404445649227433,8.803070936530473
n_bins=10,persistence,3,99959,33201,0.9368091322550526,1.746028200994491,10.329685285402727,5.404445649227434,33108,0.9389271475172164,1.6875052765617835,9.998222663404741,5.056421408722969,93,0.1827956989247312,22.580189299038377,128.33037871668625,129.30107526881721,2098,0.0,27.631021115928547,69.08465397781433,58.85891325071497,31103,1.0,0.0,6.366468736623524,1.798765392405879,19017,0.8936740810853447,2.9378937107013474,14.604743028490924,8.803070936530473,0.645039180348383,0.23328154199953133,"[""y@t"", ""data_quality_1@t+h"", ""buffer_size_3@t"", ""throughput_2@t""]",4,10,10000.0,506,0.06044998644619138,5.404445649227433,8.803070936530473
n_bins=10,model,4,133160,33558,0.9374217772215269,0.22820542073414868,9.430950054061114,5.353783240052444,33464,0.9393975615586899,0.21382873575155326,9.176113921667055,5.085318562705725,94,0.23404255319148937,5.3463052745381265,100.15261318634641,100.92720837548404,2988,0.4042838018741633,2.1127670118876156,32.78925370323285,32.8160959812183,30570,0.9895322211318286,0.04400293351247517,7.147842062444329,2.669537558972836,17285,0.8923343939832225,0.38207427292932283,14.26779098752803,8.341184947435147,0.6663475701754388,0.31557279200023913,"[""y@t"", ""throughput_2@t"", ""data_quality_3@t+h"", ""buffer_size_3@t""]",4,10,9000.0,509,0.04687406877644675,4.437451576375231,8.05467168064796
n_bins=10,ar,4,133160,33558,0.9111687228082722,0.3501420834990305,10.925668138459566,5.411418644995271,33464,0.9130707626105666,0.338485096972274,10.668223741705111,5.138469296708185,94,0.23404255319148937,4.500029287024323,102.5758733830454,102.58138663519829,2988,0.002677376171352075,3.329021143600217,45.61447160141972,34.29413953949582,30570,0.999967288191037,0.05897784955783504,7.535084404494076,2.5883381728733332,17285,0.8317037894127857,0.6170596608840593,17.254750106291134,8.416390705473978,0.6484889243434157,0.31557279200023913,"[""y@t"", ""throughput_2@t"", ""data_quality_3@t+h"", ""buffer_size_3@t""]",4,10,9000.0,509,0.04687406877644675,4.437451576375231,8.05467168064796
n_bins=10,persistence,4,133160,33558,0.910960128732344,2.4602625631561623,11.008700932844874,4.437451576375232,33464,0.9128615825962229,2.4077234512923633,10.749152816941555,4.1604410710016735,94,0.23404255319148937,21.16418638666867,103.40783019442662,103.05319148936171,2988,0.0,27.631021115928547,48.53227397991042,35.48025435073628,30570,1.0,0.0,7.341038640904022,1.4032384690873414,17285,0.8312988140005786,4.661386032632204,17.537111046360216,8.05467168064796,0.6547726014365411,0.31557279200023913,"[""y@t"", ""throughput_2@t"", ""data_quality_3@t+h"", ""buffer_size_3@t""]",4,10,9000.0,509,0.04687406877644675,4.437451576375231,8.05467168064796
n_bins=10,model,5,166718,33201,0.9528026264269148,0.17630113307958153,8.656272205522797,4.918066919177548,33108,0.9548145463332125,0.1633037323198752,8.386808642454007,4.640899567623378,93,0.23655913978494625,4.803375803535025,104.58530065801254,103.58964407246233,2036,0.3231827111984283,2.1625976123836126,32.895987558053356,34.883515084582434,31165,0.9939355045724371,0.04653698638094498,7.072698951624122,2.9604332767978163,19062,0.9275521980904418,0.25708312684905205,11.257789617810461,6.860838955128873,0.5888506930020868,0.38875362500039046,"[""y@t"", ""data_quality_2@t+h"", ""throughput_2@t"", ""buffer_size_2@t""]",4,10,8000.0,675,0.03888437095268215,3.5060389747296767,5.571555975238695
n_bins=10,ar,5,166718,33201,0.9386765458871721,0.27646738645293656,9.669056891174126,4.990355318157189,33108,0.9406487857919537,0.2651513067317936,9.389955109646102,4.700869613073772,93,0.23655913978494625,4.304991767179818,109.02929111514993,108.04726632785292,2036,0.0,3.388283621240878,42.22385256500194,31.572328880073382,31165,1.0,0.07317337541400665,7.54226196122343,3.253763045670059,19062,0.8969153289266604,0.4229585892602527,13.089395216560689,6.5603172071688025,0.570226623541547,0.38875362500039046,"[""y@t"", ""data_quality_2@t+h"", ""throughput_2@t"", ""buffer_size_2@t""]",4,10,8000.0,675,0.03888437095268215,3.5060389747296767,5.571555975238695
n_bins=10,persistence,5,166718,33201,0.9386765458871721,1.6944296554932237,9.29596824395137,3.506038974729678,33108,0.9406487857919537,1.6399346530385284,9.010519459684252,3.2078349643590687,93,0.23655913978494625,21.094650529364802,110.91573544304505,109.66666666666667,2036,0.0,27.631021115928544,44.949515558099904,32.71365422396857,31165,1.0,0.0,6.966732808956779,1.597914326969358,19062,0.8969153289266604,2.848334723155996,12.698775005417765,5.571555975238695,0.6335851372683855,0.38875362500039046,"[""y@t"", ""data_quality_2@t+h"", ""throughput_2@t"", ""buffer_size_2@t""]",4,10,8000.0,675,0.03888437095268215,3.5060389747296767,5.571555975238695
"ar_order=2,n_bins=10,on_change=chain,other_lags=2",model,1,33200,33558,0.9363192085344776,0.24021841524679408,8.473870840951442,6.269617707314816,33464,0.9379930671766674,0.2345596728509312,8.151185377000498,5.940068924806371,94,0.3404255319148936,2.254730708173979,123.34989600748742,123.5889842803208,2348,0.19761499148211242,2.513070935367448,39.41693159960208,38.12831208568163,31210,0.9918936238385133,0.06922649864175424,6.14595329332851,3.8728149389583493,18060,0.8908084163898118,0.3998955839378769,12.264440643266923,9.653805654905458,0.6762135586482682,0.13215441700049269,"[""y@t"", ""throughput_2@t"", ""throughput_2@t-1"", ""data_quality_2@t+h""]",4,10,10000.0,198,0.0777459920138268,3.7463794028249597,6.396179401993355
"ar_order=2,n_bins=10,on_change=chain,other_lags=2",ar,1,33200,33558,0.9289290184158769,0.3383453268236476,8.879075329205351,4.7685613582585695,33464,0.9309705952665551,0.32536622633160317,8.60209852455376,4.4774403898663895,94,0.20212765957446807,4.958905101991448,107.48281778517149,108.40762610587466,2348,0.0,4.210549826808439,45.87300452162417,32.92803945592178,31210,0.9988144825376482,0.047030486517198045,6.095937048404344,2.6500591290591715,18060,0.872203765227021,0.5761077447079487,13.356204471383423,7.185489925852984,0.6055644571398181,0.13215441700049269,"[""y@t"", ""throughput_2@t"", ""throughput_2@t-1"", ""data_quality_2@t+h""]",4,10,10000.0,198,0.0777459920138268,3.7463794028249597,6.396179401993355
"ar_order=2,n_bins=10,on_change=chain,other_lags=2",persistence,1,33200,33558,0.9300315871029263,1.9332986942070514,8.569683443913265,3.7463794028249704,33464,0.9320762610566579,1.8768022650163039,8.29131210945925,3.451918479560135,94,0.20212765957446807,22.0460274861132,107.6698785095416,108.57446808510639,2348,0.0,27.631021115928547,45.95095131151666,32.47913117546848,31210,1.0,0.0,5.757404784729259,1.584748478051918,18060,0.8741417497231451,3.4775919710135987,12.624762408023917,6.396179401993355,0.6592018661689303,0.13215441700049269,"[""y@t"", ""throughput_2@t"", ""throughput_2@t-1"", ""data_quality_2@t+h""]",4,10,10000.0,198,0.0777459920138268,3.7463794028249597,6.396179401993355
"ar_order=2,n_bins=10,on_change=chain,other_lags=2",model,2,66758,33201,0.9132255052558658,0.2716309647239919,11.6311705393599,8.688091623934932,33108,0.9143107406065,0.26799459039523343,11.385575109871102,8.432750644443649,93,0.5268817204301075,1.5661802257619961,99.06314343737263,99.58948032283229,3042,0.3869165023011177,2.0280119803895826,44.54331890635831,45.036388017594746,30159,0.9663118803673861,0.09447286764999321,8.311473091420343,5.021805685093686,19603,0.8743049533234709,0.40832739106501986,15.21930426898688,11.93337988761059,0.6987859828272646,0.27765199999885226,"[""y@t"", ""data_quality_1@t+h"", ""throughput_2@t"", ""rps@t""]",4,10,10000.0,198,0.046293786331736995,5.354266437757899,8.484364638065601
"ar_order=2,n_bins=10,on_change=chain,other_lags=2",ar,2,66758,33201,0.9083762537272974,0.39559850294903154,11.44546175667192,6.649099068130757,33108,0.9103841971728888,0.38262012169576987,11.131612378766938,6.323411799092321,93,0.1935483870967742,5.015902229110198,123.17584029084512,122.59376684581375,3042,0.0,3.5897656884110374,54.39520188258347,41.11883920497996,30159,1.0,0.07341750960789226,7.113318467337959,3.172294482557784,19603,0.8486456154670203,0.6175981930691613,16.106868899215232,9.61771382919496,0.6947823356586686,0.27765199999885226,"[""y@t"", ""data_quality_1@t+h"", ""throughput_2@t"", ""rps@t""]",4,10,10000.0,198,0.046293786331736995,5.354266437757899,8.484364638065601
"ar_order=2,n_bins=10,on_change=chain,other_lags=2",persistence,2,66758,33201,0.9083762537272974,2.5316576679815257,10.826914986470367,5.354266437757906,33108,0.9103841971728888,2.4761761402368005,10.509644144906765,5.023529056421417,93,0.1935483870967742,22.283081545103663,123.77533458311196,123.09677419354838,3042,0.0,27.631021115928547,54.45560803317031,40.373438527284684,30159,1.0,0.0,6.42628883016342,1.8220431711926885,19603,0.8486456154670203,4.182076195019129,15.119465431872763,8.484364638065601,0.6949938311513993,0.27765199999885226,"[""y@t"", ""data_quality_1@t+h"", ""throughput_2@t"", ""rps@t""]",4,10,10000.0,198,0.046293786331736995,5.354266437757899,8.484364638065601
"ar_order=2,n_bins=10,on_change=chain,other_lags=2",model,3,99959,33201,0.9396403722779434,0.21360954204859237,9.449038714158899,6.311086426816811,33108,0.9406487857919537,0.20959690824795613,9.201141056333373,6.054493970016076,93,0.5806451612903226,1.6421071750750937,97.70060490004617,97.65800104787782,2098,0.19685414680648236,2.6036377977918748,46.098591304021845,44.89513519968796,31103,0.9897437546217407,0.05239424832935607,6.976905436547979,3.708464997196397,19017,0.9082399957932377,0.3331610477946449,12.51388332044368,8.767563557491103,0.6389868115424027,0.3756426250001823,"[""y@t"", ""data_quality_1@t+h"", ""y@t-1"", ""buffer_size_3@t""]",4,10,10000.0,481,0.03927592542393302,5.404445649227433,8.803070936530473
"ar_order=2,n_bins=10,on_change=chain,other_lags=2",ar,3,99959,33201,0.9368091322550526,0.28746655747758393,10.094657344776635,6.6735327329769625,33108,0.9389271475172164,0.2739321790235689,9.76603553868814,6.332281510865217,93,0.1827956989247312,5.105705287106943,127.0840203122816,128.15896780475828,2098,0.0,3.5040828162196562,66.29615171715787,57.47714497695641,31103,1.0,0.07049517494725352,6.30368106617792,3.246661418702812,19017,0.8936740810853447,0.44181192878390535,14.286484386565599,9.640685657045912,0.6443816100705596,0.3756426250001823,"[""y@t"", ""data_quality_1@t+h"", ""y@t-1"", ""buffer_size_3@t""]",4,10,10000.0,481,0.03927592542393302,5.404445649227433,8.803070936530473
"ar_order=2,n_bins=10,on_change=chain,other_lags=2",persistence,3,99959,33201,0.9368091322550526,1.746028200994491,10.329685285402727,5.404445649227434,33108,0.9389271475172164,1.6875052765617835,9.998222663404741,5.056421408722969,93,0.1827956989247312,22.580189299038377,128.33037871668625,129.30107526881721,2098,0.0,27.631021115928547,69.08465397781433,58.85891325071497,31103,1.0,0.0,6.366468736623524,1.798765392405879,19017,0.8936740810853447,2.9378937107013474,14.604743028490924,8.803070936530473,0.645039180348383,0.3756426250001823,"[""y@t"", ""data_quality_1@t+h"", ""y@t-1"", ""buffer_size_3@t""]",4,10,10000.0,481,0.03927592542393302,5.404445649227433,8.803070936530473
"ar_order=2,n_bins=10,on_change=chain,other_lags=2",model,4,133160,33558,0.9441861851123428,0.2097601270420651,9.769435168901095,5.598534253367941,33464,0.9448960076500119,0.20636875210615618,9.614652508845081,5.42313107097772,94,0.6914893617021277,1.4170896042256407,64.87206214884205,68.04206718428627,2988,0.5595716198125836,1.8873334203024137,30.680332348313758,35.34224543555174,30570,0.9817795224075891,0.045789273255283244,7.725543746850555,2.6912981064145494,17285,0.9081862886896153,0.3681432206005255,14.97934636629703,9.140579840818686,0.6723411803716608,0.48486808400048176,"[""y@t"", ""y@t-1"", ""throughput_2@t"", ""throughput_2@t-1""]",4,10,10000.0,418,0.01388640562608022,4.437451576375231,8.05467168064796
"ar_order=2,n_bins=10,on_change=chain,other_lags=2",ar,4,133160,33558,0.9111687228082722,0.3501420834990305,10.925668138459566,5.411418644995271,33464,0.9130707626105666,0.338485096972274,10.668223741705111,5.138469296708185,94,0.23404255319148937,4.500029287024323,102.5758733830454,102.58138663519829,2988,0.002677376171352075,3.329021143600217,45.61447160141972,34.29413953949582,30570,0.999967288191037,0.05897784955783504,7.535084404494076,2.5883381728733332,17285,0.8317037894127857,0.6170596608840593,17.254750106291134,8.416390705473978,0.6484889243434157,0.48486808400048176,"[""y@t"", ""y@t-1"", ""throughput_2@t"", ""throughput_2@t-1""]",4,10,10000.0,418,0.01388640562608022,4.437451576375231,8.05467168064796
"ar_order=2,n_bins=10,on_change=chain,other_lags=2",persistence,4,133160,33558,0.910960128732344,2.4602625631561623,11.008700932844874,4.437451576375232,33464,0.9128615825962229,2.4077234512923633,10.749152816941555,4.1604410710016735,94,0.23404255319148937,21.16418638666867,103.40783019442662,103.05319148936171,2988,0.0,27.631021115928547,48.53227397991042,35.48025435073628,30570,1.0,0.0,7.341038640904022,1.4032384690873414,17285,0.8312988140005786,4.661386032632204,17.537111046360216,8.05467168064796,0.6547726014365411,0.48486808400048176,"[""y@t"", ""y@t-1"", ""throughput_2@t"", ""throughput_2@t-1""]",4,10,10000.0,418,0.01388640562608022,4.437451576375231,8.05467168064796
"ar_order=2,n_bins=10,on_change=chain,other_lags=2",model,5,166718,33201,0.9570796060359628,0.13989861975026266,8.180621199646875,4.590030059776989,33108,0.9577443518182917,0.13689627589002026,7.98813303576766,4.3855337571674085,93,0.7204301075268817,1.208733033996563,76.70640754064753,77.39071378878785,2036,0.4169941060903733,1.6997280243586033,29.750426423274423,35.67818986453384,31165,0.9923632279801059,0.037995437726114356,6.771472364886545,2.559050006432374,19062,0.9342671283181199,0.2133649966153001,10.785675885542828,6.689704887553764,0.5862360708415456,0.6189629170003172,"[""y@t"", ""y@t-1"", ""data_quality_2@t+h"", ""throughput_2@t""]",4,10,10000.0,593,0.026414867022077647,3.5060389747296767,5.571555975238695
"ar_order=2,n_bins=10,on_change=chain,other_lags=2",ar,5,166718,33201,0.9386765458871721,0.27646738645293656,9.669056891174126,4.990355318157189,33108,0.9406487857919537,0.2651513067317936,9.389955109646102,4.700869613073772,93,0.23655913978494625,4.304991767179818,109.02929111514993,108.04726632785292,2036,0.0,3.388283621240878,42.22385256500194,31.572328880073382,31165,1.0,0.07317337541400665,7.54226196122343,3.253763045670059,19062,0.8969153289266604,0.4229585892602527,13.089395216560689,6.5603172071688025,0.570226623541547,0.6189629170003172,"[""y@t"", ""y@t-1"", ""data_quality_2@t+h"", ""throughput_2@t""]",4,10,10000.0,593,0.026414867022077647,3.5060389747296767,5.571555975238695
"ar_order=2,n_bins=10,on_change=chain,other_lags=2",persistence,5,166718,33201,0.9386765458871721,1.6944296554932237,9.29596824395137,3.506038974729678,33108,0.9406487857919537,1.6399346530385284,9.010519459684252,3.2078349643590687,93,0.23655913978494625,21.094650529364802,110.91573544304505,109.66666666666667,2036,0.0,27.631021115928544,44.949515558099904,32.71365422396857,31165,1.0,0.0,6.966732808956779,1.597914326969358,19062,0.8969153289266604,2.848334723155996,12.698775005417765,5.571555975238695,0.6335851372683855,0.6189629170003172,"[""y@t"", ""y@t-1"", ""data_quality_2@t+h"", ""throughput_2@t""]",4,10,10000.0,593,0.026414867022077647,3.5060389747296767,5.571555975238695
"ar_order=3,max_parents=6,n_bins=10,on_change=chain,other_lags=3,velocity=binned",model,1,33200,33558,0.9363192085344776,0.22166100372887296,8.36099834185296,5.046503973435571,33464,0.9379930671766674,0.21595013377256647,8.03799582032028,4.713519478191511,94,0.3404255319148936,2.254730708173979,123.34989600748742,123.5889842803208,2348,0.19761499148211242,2.5608905391769374,39.78041634376794,37.549351983700106,31210,0.9918936238385133,0.045675391770139996,5.997243344464421,2.6012400475111517,18060,0.8908084163898118,0.3752552836574546,12.10629401536565,7.914314758426942,0.6762135586482682,0.372828584000672,"[""y@t"", ""throughput_2@t"", ""throughput_2@t-1"", ""data_quality_2@t+h"", ""data_quality_2@t""]",5,10,100000.0,239,0.18061267060015496,3.7463794028249597,6.396179401993355
"ar_order=3,max_parents=6,n_bins=10,on_change=chain,other_lags=3,velocity=binned",ar,1,33200,33558,0.9289290184158769,0.3383453268236476,8.879075329205351,4.7685613582585695,33464,0.9309705952665551,0.32536622633160317,8.60209852455376,4.4774403898663895,94,0.20212765957446807,4.958905101991448,107.48281778517149,108.40762610587466,2348,0.0,4.210549826808439,45.87300452162417,32.92803945592178,31210,0.9988144825376482,0.047030486517198045,6.095937048404344,2.6500591290591715,18060,0.872203765227021,0.5761077447079487,13.356204471383423,7.185489925852984,0.6055644571398181,0.372828584000672,"[""y@t"", ""throughput_2@t"", ""throughput_2@t-1"", ""data_quality_2@t+h"", ""data_quality_2@t""]",5,10,100000.0,239,0.18061267060015496,3.7463794028249597,6.396179401993355
"ar_order=3,max_parents=6,n_bins=10,on_change=chain,other_lags=3,velocity=binned",persistence,1,33200,33558,0.9300315871029263,1.9332986942070514,8.569683443913265,3.7463794028249704,33464,0.9320762610566579,1.8768022650163039,8.29131210945925,3.451918479560135,94,0.20212765957446807,22.0460274861132,107.6698785095416,108.57446808510639,2348,0.0,27.631021115928547,45.95095131151666,32.47913117546848,31210,1.0,0.0,5.757404784729259,1.584748478051918,18060,0.8741417497231451,3.4775919710135987,12.624762408023917,6.396179401993355,0.6592018661689303,0.372828584000672,"[""y@t"", ""throughput_2@t"", ""throughput_2@t-1"", ""data_quality_2@t+h"", ""data_quality_2@t""]",5,10,100000.0,239,0.18061267060015496,3.7463794028249597,6.396179401993355
"ar_order=3,max_parents=6,n_bins=10,on_change=chain,other_lags=3,velocity=binned",model,2,66758,33201,0.9207855185084787,0.25131038599532574,11.004314074756275,8.030054870419413,33108,0.9218919898513954,0.24761693138923957,10.756957812501737,7.7728654730811755,93,0.5268817204301075,1.5661802257619961,99.06314343737263,99.58948032283229,3042,0.35437212360289283,1.9613139950375174,43.154336123142045,43.47312577599957,30159,0.9779170396896448,0.07883016520861703,7.761488812937598,4.4550748745715785,19603,0.8795592511350303,0.38222135624597314,14.331376042620429,11.082535608312636,0.7033989114838592,0.7177927920001821,"[""y@t"", ""data_quality_1@t+h"", ""throughput_2@t"", ""y@t-2"", ""rps@t""]",5,10,100000.0,382,0.056022408963585436,5.354266437757899,8.484364638065601
"ar_order=3,max_parents=6,n_bins=10,on_change=chain,other_lags=3,velocity=binned",ar,2,66758,33201,0.9083762537272974,0.39559850294903154,11.44546175667192,6.649099068130757,33108,0.9103841971728888,0.38262012169576987,11.131612378766938,6.323411799092321,93,0.1935483870967742,5.015902229110198,123.17584029084512,122.59376684581375,3042,0.0,3.5897656884110374,54.39520188258347,41.11883920497996,30159,1.0,0.07341750960789226,7.113318467337959,3.172294482557784,19603,0.8486456154670203,0.6175981930691613,16.106868899215232,9.61771382919496,0.6947823356586686,0.7177927920001821,"[""y@t"", ""data_quality_1@t+h"", ""throughput_2@t"", ""y@t-2"", ""rps@t""]",5,10,100000.0,382,0.056022408963585436,5.354266437757899,8.484364638065601
"ar_order=3,max_parents=6,n_bins=10,on_change=chain,other_lags=3,velocity=binned",persistence,2,66758,33201,0.9083762537272974,2.5316576679815257,10.826914986470367,5.354266437757906,33108,0.9103841971728888,2.4761761402368005,10.509644144906765,5.023529056421417,93,0.1935483870967742,22.283081545103663,123.77533458311196,123.09677419354838,3042,0.0,27.631021115928547,54.45560803317031,40.373438527284684,30159,1.0,0.0,6.42628883016342,1.8220431711926885,19603,0.8486456154670203,4.182076195019129,15.119465431872763,8.484364638065601,0.6949938311513993,0.7177927920001821,"[""y@t"", ""data_quality_1@t+h"", ""throughput_2@t"", ""y@t-2"", ""rps@t""]",5,10,100000.0,382,0.056022408963585436,5.354266437757899,8.484364638065601
"ar_order=3,max_parents=6,n_bins=10,on_change=chain,other_lags=3,velocity=binned",model,3,99959,33201,0.9479232553236349,0.1828817393531768,9.24375810291241,5.719187474605061,33108,0.9489549353630542,0.1787827915000254,8.995283814156418,5.4609323802981145,93,0.5806451612903226,1.6421071750750937,97.70060490004617,97.65800104787782,2098,0.22974261201143947,2.3716585823697915,50.8753166044178,48.13603038573435,31103,0.9963669099443784,0.03524151761736814,6.4355720843239075,2.8580314308938677,19017,0.9143923857601094,0.29058414320739884,12.560839502675659,8.383280792819983,0.6540865624427981,1.1875367500015273,"[""y@t"", ""data_quality_1@t+h"", ""y@t-1"", ""buffer_size_3@t"", ""throughput_2@t"", ""data_quality_1@t""]",6,10,1000000.0,944,0.09966567272070119,5.404445649227433,8.803070936530473
"ar_order=3,max_parents=6,n_bins=10,on_change=chain,other_lags=3,velocity=binned",ar,3,99959,33201,0.9368091322550526,0.28746655747758393,10.094657344776635,6.6735327329769625,33108,0.9389271475172164,0.2739321790235689,9.76603553868814,6.332281510865217,93,0.1827956989247312,5.105705287106943,127.0840203122816,128.15896780475828,2098,0.0,3.5040828162196562,66.29615171715787,57.47714497695641,31103,1.0,0.07049517494725352,6.30368106617792,3.246661418702812,19017,0.8936740810853447,0.44181192878390535,14.286484386565599,9.640685657045912,0.6443816100705596,1.1875367500015273,"[""y@t"", ""data_quality_1@t+h"", ""y@t-1"", ""buffer_size_3@t"", ""throughput_2@t"", ""data_quality_1@t""]",6,10,1000000.0,944,0.09966567272070119,5.404445649227433,8.803070936530473
"ar_order=3,max_parents=6,n_bins=10,on_change=chain,other_lags=3,velocity=binned",persistence,3,99959,33201,0.9368091322550526,1.746028200994491,10.329685285402727,5.404445649227434,33108,0.9389271475172164,1.6875052765617835,9.998222663404741,5.056421408722969,93,0.1827956989247312,22.580189299038377,128.33037871668625,129.30107526881721,2098,0.0,27.631021115928547,69.08465397781433,58.85891325071497,31103,1.0,0.0,6.366468736623524,1.798765392405879,19017,0.8936740810853447,2.9378937107013474,14.604743028490924,8.803070936530473,0.645039180348383,1.1875367500015273,"[""y@t"", ""data_quality_1@t+h"", ""y@t-1"", ""buffer_size_3@t"", ""throughput_2@t"", ""data_quality_1@t""]",6,10,1000000.0,944,0.09966567272070119,5.404445649227433,8.803070936530473
"ar_order=3,max_parents=6,n_bins=10,on_change=chain,other_lags=3,velocity=binned",model,4,133160,33558,0.9453781512605042,0.1914314878052864,9.192680327121515,5.294939941108776,33464,0.9460913220176906,0.18798862792770116,9.036277569195335,5.118683965706593,94,0.6914893617021277,1.4170896042256407,64.87206214884205,68.04206718428627,2988,0.5572289156626506,1.7422386922677968,29.34020107258857,33.917482636712656,30570,0.9833169774288518,0.03985111728078587,7.223403520204422,2.497290036808338,17285,0.9086491177321377,0.3349208946908191,14.09372375588305,8.680093124401026,0.6996618874224406,1.4634908749994793,"[""y@t"", ""y@t-2"", ""throughput_2@t"", ""throughput_2@t-1"", ""buffer_size_3@t""]",5,10,100000.0,753,0.029769354550330772,4.437451576375231,8.05467168064796
"ar_order=3,max_parents=6,n_bins=10,on_change=chain,other_lags=3,velocity=binned",ar,4,133160,33558,0.9111687228082722,0.3501420834990305,10.925668138459566,5.411418644995271,33464,0.9130707626105666,0.338485096972274,10.668223741705111,5.138469296708185,94,0.23404255319148937,4.500029287024323,102.5758733830454,102.58138663519829,2988,0.002677376171352075,3.329021143600217,45.61447160141972,34.29413953949582,30570,0.999967288191037,0.05897784955783504,7.535084404494076,2.5883381728733332,17285,0.8317037894127857,0.6170596608840593,17.254750106291134,8.416390705473978,0.6484889243434157,1.4634908749994793,"[""y@t"", ""y@t-2"", ""throughput_2@t"", ""throughput_2@t-1"", ""buffer_size_3@t""]",5,10,100000.0,753,0.029769354550330772,4.437451576375231,8.05467168064796
"ar_order=3,max_parents=6,n_bins=10,on_change=chain,other_lags=3,velocity=binned",persistence,4,133160,33558,0.910960128732344,2.4602625631561623,11.008700932844874,4.437451576375232,33464,0.9128615825962229,2.4077234512923633,10.749152816941555,4.1604410710016735,94,0.23404255319148937,21.16418638666867,103.40783019442662,103.05319148936171,2988,0.0,27.631021115928547,48.53227397991042,35.48025435073628,30570,1.0,0.0,7.341038640904022,1.4032384690873414,17285,0.8312988140005786,4.661386032632204,17.537111046360216,8.05467168064796,0.6547726014365411,1.4634908749994793,"[""y@t"", ""y@t-2"", ""throughput_2@t"", ""throughput_2@t-1"", ""buffer_size_3@t""]",5,10,100000.0,753,0.029769354550330772,4.437451576375231,8.05467168064796
"ar_order=3,max_parents=6,n_bins=10,on_change=chain,other_lags=3,velocity=binned",model,5,166718,33201,0.9566579319900003,0.12406746609581366,8.27357888591905,4.4534645288668635,33108,0.957321493294672,0.12102065270283403,8.081351839136106,4.2485846152154005,93,0.7204301075268817,1.208733033996563,76.70640754064753,77.39071378878785,2036,0.4027504911591356,1.542626944948436,30.390480712265386,36.5974462964922,31165,0.9928445371410236,0.031393405484745486,6.828688395996345,2.3535079468394238,19062,0.9327457769384115,0.1900972095428462,10.984382002599029,6.670417219488264,0.5865734616152707,1.890129125000385,"[""y@t"", ""y@t-1"", ""data_quality_2@t+h"", ""throughput_2@t"", ""throughput_2@t-1"", ""data_quality_2@t""]",6,10,1000000.0,1141,0.030420770458721123,3.5060389747296767,5.571555975238695
"ar_order=3,max_parents=6,n_bins=10,on_change=chain,other_lags=3,velocity=binned",ar,5,166718,33201,0.9386765458871721,0.27646738645293656,9.669056891174126,4.990355318157189,33108,0.9406487857919537,0.2651513067317936,9.389955109646102,4.700869613073772,93,0.23655913978494625,4.304991767179818,109.02929111514993,108.04726632785292,2036,0.0,3.388283621240878,42.22385256500194,31.572328880073382,31165,1.0,0.07317337541400665,7.54226196122343,3.253763045670059,19062,0.8969153289266604,0.4229585892602527,13.089395216560689,6.5603172071688025,0.570226623541547,1.890129125000385,"[""y@t"", ""y@t-1"", ""data_quality_2@t+h"", ""throughput_2@t"", ""throughput_2@t-1"", ""data_quality_2@t""]",6,10,1000000.0,1141,0.030420770458721123,3.5060389747296767,5.571555975238695
"ar_order=3,max_parents=6,n_bins=10,on_change=chain,other_lags=3,velocity=binned",persistence,5,166718,33201,0.9386765458871721,1.6944296554932237,9.29596824395137,3.506038974729678,33108,0.9406487857919537,1.6399346530385284,9.010519459684252,3.2078349643590687,93,0.23655913978494625,21.094650529364802,110.91573544304505,109.66666666666667,2036,0.0,27.631021115928544,44.949515558099904,32.71365422396857,31165,1.0,0.0,6.966732808956779,1.597914326969358,19062,0.8969153289266604,2.848334723155996,12.698775005417765,5.571555975238695,0.6335851372683855,1.890129125000385,"[""y@t"", ""y@t-1"", ""data_quality_2@t+h"", ""throughput_2@t"", ""throughput_2@t-1"", ""data_quality_2@t""]",6,10,1000000.0,1141,0.030420770458721123,3.5060389747296767,5.571555975238695
ref,model,1,33200,33558,0.9179629298527922,0.3181999787540743,7.6774320433332095,5.4354654060505805,33464,0.920033468802295,0.2942865061593659,7.393090212174689,5.144653377466541,94,0.18085106382978725,8.831396222470241,108.90312393576679,108.96454758196889,3874,0.38693856479091376,2.174252069045061,28.288258628739552,28.756701458728703,29684,0.9872658671338095,0.0759702995401111,4.987553920712802,2.391857116464438,18060,0.8593023255813953,0.5119024870151067,11.540814270146424,8.673960716415303,0.4842644005164261,0.11609233299896005,"[""y@t"", ""throughput_2@t"", ""buffer_size_3@t""]",3,20,7200.0,214,0.15629656117766255,3.7463794028249597,6.396179401993355
ref,ar,1,33200,33558,0.8819059538709101,0.4777335028605528,8.61029794053164,5.300609188820495,33464,0.8838752091800144,0.45982356174265077,8.329286451148281,5.0107707895337406,94,0.18085106382978725,6.853672540833671,108.65038816100729,108.4830793349049,3874,0.003355704697986577,3.3405799227169575,32.63938423751866,27.516653811619506,29684,0.9965638054170597,0.10410909137545254,5.474309518670445,2.4012372420234533,18060,0.7851605758582503,0.8039818816755522,13.10891175372398,8.392361032128361,0.4691937073063387,0.11609233299896005,"[""y@t"", ""throughput_2@t"", ""buffer_size_3@t""]",3,20,7200.0,214,0.15629656117766255,3.7463794028249597,6.396179401993355
ref,persistence,1,33200,33558,0.8845580785505691,3.1897781692325884,7.394205022466637,3.746379402824963,33464,0.8865347836480995,3.135159788942765,7.10952680694479,3.451918479560127,94,0.18085106382978725,22.63392155240955,108.73964974824423,108.57446808510639,3874,0.0,27.631021115928547,29.16372546845772,23.207279297883325,29684,1.0,0.0,4.553108060878932,1.2065759331626495,18060,0.7897563676633444,5.809246244583649,10.902174354985323,6.396179401993355,0.55425458897833,0.11609233299896005,"[""y@t"", ""throughput_2@t"", ""buffer_size_3@t""]",3,20,7200.0,214,0.15629656117766255,3.7463794028249597,6.396179401993355
ref,model,2,66758,33201,0.8783771573145387,0.3775343496998153,9.526652023114705,7.81156102070376,33108,0.8803310378156337,0.36331992497904764,9.2160991737963,7.497422386769873,93,0.1827956989247312,5.437869550293104,120.08346638046666,119.6449147011672,4981,0.4466974503111825,1.6766856180462166,27.897539338478836,28.8083559298461,28220,0.9545712260807938,0.14822632462421553,6.284079743957061,4.105500232523816,19603,0.8171198285976636,0.5593031269753858,12.36377880405596,10.75201129510313,0.5473939519471429,0.22985729199899652,"[""y@t"", ""throughput_2@t"", ""data_quality_1@t+h"", ""avg_p_latency_1@t""]",4,20,72000.0,615,0.09117195265202856,5.354266437757899,8.484364638065601
ref,ar,2,66758,33201,0.8436191680973465,0.5434225234202867,10.096753486991439,7.181684186221462,33108,0.8455056179775281,0.5273837167019639,9.779584889827792,6.857337189192314,93,0.17204301075268819,6.253237715143258,123.0087740772498,122.64921512859874,4981,0.05641437462356957,2.75909409598661,34.326933551813134,28.85991928823819,28220,0.9825655563430191,0.15234314344321906,5.8199807406102595,3.355345098937787,19603,0.7404989032290976,0.839777662211623,14.206275315741317,10.386683043277893,0.5198786733587312,0.22985729199899652,"[""y@t"", ""throughput_2@t"", ""data_quality_1@t+h"", ""avg_p_latency_1@t""]",4,20,72000.0,615,0.09117195265202856,5.354266437757899,8.484364638065601
ref,persistence,2,66758,33201,0.8499743983614951,4.145360566803412,8.940786293295337,5.354266437757899,33108,0.8518787000120817,4.092742767684959,8.618797791596613,5.023529056421409,93,0.17204301075268819,22.87729705297309,123.56869289804204,123.09677419354838,4981,0.0,27.63102111592855,34.24393720648847,27.862678177072876,28220,1.0,0.0,4.47462772849679,1.3813961729270023,19603,0.7498342090496353,6.912336252232495,12.565382889758968,8.484364638065601,0.5637764253923089,0.22985729199899652,"[""y@t"", ""throughput_2@t"", ""data_quality_1@t+h"", ""avg_p_latency_1@t""]",4,20,72000.0,615,0.09117195265202856,5.354266437757899,8.484364638065601
ref,model,3,99959,33201,0.9113580916237463,0.2877730506180601,7.687506407492348,5.676947635103342,33108,0.9134348193790021,0.2717099568076388,7.362669618144467,5.347989947083787,93,0.17204301075268819,6.006234447128011,123.32940341533795,122.78588457006465,3984,0.3689759036144578,1.718629688198601,28.358126791667946,28.60550203340473,29217,0.9853167676352809,0.09266291459722031,4.868881921386466,2.550433594550489,19017,0.856864910343377,0.43730180967813775,10.345013036233249,8.098019121823,0.5841741418282456,0.378473374999885,"[""y@t"", ""throughput_2@t"", ""buffer_size_3@t"", ""data_quality_1@t+h""]",4,20,68000.0,854,0.1313815848920213,5.404445649227433,8.803070936530473
ref,ar,3,99959,33201,0.8807264841420439,0.4152101620236462,8.60458532095995,5.924907938176801,33108,0.8827171680560589,0.3986396842253607,8.267278403133488,5.5815259174402705,93,0.17204301075268819,6.314300258213269,128.6858480671795,128.16890732038203,3984,0.011295180722891566,2.57649336844285,37.154802077166856,32.31748213838682,29217,0.999281240373755,0.12049981207758359,4.711507196692284,2.326043728516783,19017,0.7959194405006047,0.6411637119877113,12.113813805183918,8.570354382658012,0.5368343911084472,0.378473374999885,"[""y@t"", ""throughput_2@t"", ""buffer_size_3@t"", ""data_quality_1@t+h""]",4,20,68000.0,854,0.1313815848920213,5.404445649227433,8.803070936530473
ref,persistence,3,99959,33201,0.8800036143489653,3.3156226657588426,8.698165932516215,5.404445649227441,33108,0.8819922677298538,3.260674142199252,8.358654937640674,5.056421408722975,93,0.17204301075268819,22.8772970529731,129.56408010820866,129.30107526881721,3984,0.0,27.631021115928544,40.84398394812176,35.76355421686747,29217,1.0,0.0,4.314795327246251,1.2647089023513796,19017,0.7945522427301888,5.676731319342316,12.653398150782726,8.803070936530473,0.5476702659365773,0.378473374999885,"[""y@t"", ""throughput_2@t"", ""buffer_size_3@t"", ""data_quality_1@t+h""]",4,20,68000.0,854,0.1313815848920213,5.404445649227433,8.803070936530473
ref,model,4,133160,33558,0.9195422849991061,0.30750944686148074,6.0539208499226005,4.878384063309029,33464,0.9215574946210854,0.28835737912418574,5.779338113041954,4.600969319898459,94,0.20212765957446807,7.125645561338498,103.80537517943304,103.63803271747169,4459,0.467369365328549,1.8314135689103026,21.36505098999136,21.96286028464393,29099,0.9888312313137908,0.07399322705270052,3.7077120697388617,2.260435698384725,17285,0.8571015331212034,0.5161069912872771,8.985790737306749,7.473298355652846,0.6190894215284001,0.45619962500131805,"[""y@t"", ""throughput_2@t"", ""buffer_size_3@t""]",3,20,6800.0,487,0.044013350020859404,4.437451576375231,8.05467168064796
ref,ar,4,133160,33558,0.867334167709637,0.47419353471077536,7.717485375344566,5.118505375471822,33464,0.8691728424575663,0.45908865377896074,7.450292960902962,4.845216536025585,94,0.2127659574468085,5.851531146436788,102.83798491655541,102.40933221833271,4459,0.002018389773491814,2.8090103091552914,30.454341535153254,23.642509962068555,29099,0.9999312691157771,0.1164167039864172,4.233391708325529,2.27997015255575,17285,0.7467746601099219,0.826318302543131,11.860660526984304,7.828933864776468,0.549607530671871,0.45619962500131805,"[""y@t"", ""throughput_2@t"", ""buffer_size_3@t""]",3,20,6800.0,487,0.044013350020859404,4.437451576375231,8.05467168064796
ref,persistence,4,133160,33558,0.8671255736337088,3.6714560806938854,7.540421038515548,4.437451576375232,33464,0.8689636624432225,3.6206678099852585,7.270699220351675,4.160441071001675,94,0.2127659574468085,21.752080452965025,103.56138830485425,103.05319148936171,4459,0.0,27.631021115928547,33.87988368484494,26.414218434626598,29099,1.0,0.0,3.5042801422654106,1.0698305783703927,17285,0.7463118310673995,7.009663152637933,12.215279465613198,8.05467168064796,0.5626144568700057,0.45619962500131805,"[""y@t"", ""throughput_2@t"", ""buffer_size_3@t""]",3,20,6800.0,487,0.044013350020859404,4.437451576375231,8.05467168064796
ref,model,5,166718,33201,0.9158459082557754,0.2951916404878048,6.436352242339029,4.607142304105077,33108,0.9178144255164915,0.27955688974689785,6.165460981308871,4.328517729512973,93,0.21505376344086022,5.861162904250678,102.87364116907546,103.79749085889384,3717,0.384180790960452,1.8378680861222119,20.22763160627935,19.95689949184478,29484,0.9828720662053996,0.10070892618774067,4.697708049021766,2.672023342402849,19062,0.8695310040919106,0.4360044575612773,8.282640565829448,6.171161243712865,0.559612978054694,0.6026943329998176,"[""y@t"", ""throughput_2@t"", ""data_quality_2@t+h"", ""buffer_size_2@t""]",4,20,60000.0,1467,0.10418360892744194,3.5060389747296767,5.571555975238695
ref,ar,5,166718,33201,0.8880756603716755,0.4188306893803547,7.490666278589065,4.644157801557399,33108,0.889996375498369,0.4045165282709333,7.212334517092494,4.355604578102423,93,0.20430107526881722,5.514672044334366,106.57677337136778,107.36910535152882,3717,0.0005380683346785041,2.57538609934103,25.419625740610602,19.677613170107133,29484,0.9999660832994166,0.14695725094514134,5.2303914746162645,2.7489144965479246,19062,0.8089392508655965,0.6366688187201611,9.830079468064495,5.970080386144894,0.5252212425942933,0.6026943329998176,"[""y@t"", ""throughput_2@t"", ""data_quality_2@t+h"", ""buffer_size_2@t""]",4,20,60000.0,1467,0.10418360892744194,3.5060389747296767,5.571555975238695
ref,persistence,5,166718,33201,0.888045540796964,3.0934160262614503,6.951378449275671,3.5060389747296843,33108,0.8899661713181104,3.040347043775755,6.66442668412336,3.207834964359075,93,0.20430107526881722,21.98597379116895,109.10620684349799,109.66666666666667,3717,0.0,27.631021115928544,27.795989945530664,21.478880817863864,29484,1.0,0.0,4.3235321281666,1.240231990231999,19062,0.8088867904731928,5.280653127968089,9.624750764470537,5.571555975238694,0.5719162200398573,0.6026943329998176,"[""y@t"", ""throughput_2@t"", ""data_quality_2@t+h"", ""buffer_size_2@t""]",4,20,60000.0,1467,0.10418360892744194,3.5060389747296767,5.571555975238695
"ar_order=2,on_change=chain,other_lags=2",model,1,33200,33558,0.9174861433935276,0.2893027222379939,7.8453668799591725,5.51764840015121,33464,0.9193461630408798,0.28232466475644885,7.507570350419853,5.171197254270624,94,0.2553191489361702,2.7734911856680555,128.10093139595625,128.85425633363943,3874,0.3853897780072277,1.9771347731083633,28.739540261422448,29.52532650052042,29684,0.9869289853119526,0.06902710692092712,5.1185097286389745,2.384453919595007,18060,0.8580287929125139,0.49460235565782795,11.730991569407546,8.816711383682565,0.5027013637325444,0.19831645900012518,"[""y@t"", ""throughput_2@t"", ""throughput_2@t-1"", ""buffer_size_3@t""]",4,20,144000.0,369,0.16654747005185053,3.7463794028249597,6.396179401993355
"ar_order=2,on_change=chain,other_lags=2",ar,1,33200,33558,0.8819059538709101,0.4777335028605528,8.61029794053164,5.300609188820495,33464,0.8838752091800144,0.45982356174265077,8.329286451148281,5.0107707895337406,94,0.18085106382978725,6.853672540833671,108.65038816100729,108.4830793349049,3874,0.003355704697986577,3.3405799227169575,32.63938423751866,27.516653811619506,29684,0.9965638054170597,0.10410909137545254,5.474309518670445,2.4012372420234533,18060,0.7851605758582503,0.8039818816755522,13.10891175372398,8.392361032128361,0.4691937073063387,0.19831645900012518,"[""y@t"", ""throughput_2@t"", ""throughput_2@t-1"", ""buffer_size_3@t""]",4,20,144000.0,369,0.16654747005185053,3.7463794028249597,6.396179401993355
"ar_order=2,on_change=chain,other_lags=2",persistence,1,33200,33558,0.8845580785505691,3.1897781692325884,7.394205022466637,3.746379402824963,33464,0.8865347836480995,3.135159788942765,7.10952680694479,3.451918479560127,94,0.18085106382978725,22.63392155240955,108.73964974824423,108.57446808510639,3874,0.0,27.631021115928547,29.16372546845772,23.207279297883325,29684,1.0,0.0,4.553108060878932,1.2065759331626495,18060,0.7897563676633444,5.809246244583649,10.902174354985323,6.396179401993355,0.55425458897833,0.19831645900012518,"[""y@t"", ""throughput_2@t"", ""throughput_2@t-1"", ""buffer_size_3@t""]",4,20,144000.0,369,0.16654747005185053,3.7463794028249597,6.396179401993355
"ar_order=2,on_change=chain,other_lags=2",model,2,66758,33201,0.8861480075901328,0.3404606297690587,9.691736928281271,8.123416139900652,33108,0.8873082034553582,0.3355606156976086,9.433800359055457,7.859680037890145,93,0.4731182795698925,2.0848656392053146,101.51715557267131,102.01346845564157,4981,0.5408552499498093,1.4513244624706017,28.115660021470866,30.805571543611332,28220,0.9470942593905032,0.144386471346437,6.439803514844795,4.119879071655335,19603,0.8332908228332399,0.516444711830118,13.022878834348903,11.748469285976984,0.5578958133584687,0.4696711659998982,"[""y@t"", ""throughput_2@t"", ""throughput_2@t-1"", ""data_quality_1@t+h""]",4,20,80000.0,565,0.07671455679045812,5.354266437757899,8.484364638065601
"ar_order=2,on_change=chain,other_lags=2",ar,2,66758,33201,0.8436191680973465,0.5434225234202867,10.096753486991439,7.181684186221462,33108,0.8455056179775281,0.5273837167019639,9.779584889827792,6.857337189192314,93,0.17204301075268819,6.253237715143258,123.0087740772498,122.64921512859874,4981,0.05641437462356957,2.75909409598661,34.326933551813134,28.85991928823819,28220,0.9825655563430191,0.15234314344321906,5.8199807406102595,3.355345098937787,19603,0.7404989032290976,0.839777662211623,14.206275315741317,10.386683043277893,0.5198786733587312,0.4696711659998982,"[""y@t"", ""throughput_2@t"", ""throughput_2@t-1"", ""data_quality_1@t+h""]",4,20,80000.0,565,0.07671455679045812,5.354266437757899,8.484364638065601
"ar_order=2,on_change=chain,other_lags=2",persistence,2,66758,33201,0.8499743983614951,4.145360566803412,8.940786293295337,5.354266437757899,33108,0.8518787000120817,4.092742767684959,8.618797791596613,5.023529056421409,93,0.17204301075268819,22.87729705297309,123.56869289804204,123.09677419354838,4981,0.0,27.63102111592855,34.24393720648847,27.862678177072876,28220,1.0,0.0,4.47462772849679,1.3813961729270023,19603,0.7498342090496353,6.912336252232495,12.565382889758968,8.484364638065601,0.5637764253923089,0.4696711659998982,"[""y@t"", ""throughput_2@t"", ""throughput_2@t-1"", ""data_quality_1@t+h""]",4,20,80000.0,565,0.07671455679045812,5.354266437757899,8.484364638065601
"ar_order=2,on_change=chain,other_lags=2",model,3,99959,33201,0.9355139905424535,0.19722543835897907,6.972138733481364,5.257471849555923,33108,0.9367524465386009,0.19145637304261806,6.686863010484412,4.967957998802794,93,0.4946236559139785,2.2510126909834987,108.53029612039603,108.32440271766977,3984,0.6244979919678715,1.0779215781349043,22.972738114856714,25.750217667238765,29217,0.977923811479618,0.07713462065465328,4.790313496961549,2.463102155964916,19017,0.8994057948151654,0.3016637783749147,9.229176464355348,7.493745701035458,0.6536516938601813,0.6326198330007173,"[""y@t"", ""throughput_2@t"", ""throughput_2@t-1"", ""buffer_size_3@t""]",4,20,136000.0,840,0.022318604861299357,5.404445649227433,8.803070936530473
"ar_order=2,on_change=chain,other_lags=2",ar,3,99959,33201,0.8807264841420439,0.4152101620236462,8.60458532095995,5.924907938176801,33108,0.8827171680560589,0.3986396842253607,8.267278403133488,5.5815259174402705,93,0.17204301075268819,6.314300258213269,128.6858480671795,128.16890732038203,3984,0.011295180722891566,2.57649336844285,37.154802077166856,32.31748213838682,29217,0.999281240373755,0.12049981207758359,4.711507196692284,2.326043728516783,19017,0.7959194405006047,0.6411637119877113,12.113813805183918,8.570354382658012,0.5368343911084472,0.6326198330007173,"[""y@t"", ""throughput_2@t"", ""throughput_2@t-1"", ""buffer_size_3@t""]",4,20,136000.0,840,0.022318604861299357,5.404445649227433,8.803070936530473
"ar_order=2,on_change=chain,other_lags=2",persistence,3,99959,33201,0.8800036143489653,3.3156226657588426,8.698165932516215,5.404445649227441,33108,0.8819922677298538,3.260674142199252,8.358654937640674,5.056421408722975,93,0.17204301075268819,22.8772970529731,129.56408010820866,129.30107526881721,3984,0.0,27.631021115928544,40.84398394812176,35.76355421686747,29217,1.0,0.0,4.314795327246251,1.2647089023513796,19017,0.7945522427301888,5.676731319342316,12.653398150782726,8.803070936530473,0.5476702659365773,0.6326198330007173,"[""y@t"", ""throughput_2@t"", ""throughput_2@t-1"", ""buffer_size_3@t""]",4,20,136000.0,840,0.022318604861299357,5.404445649227433,8.803070936530473
"ar_order=2,on_change=chain,other_lags=2",model,4,133160,33558,0.9278264497288277,0.2492537001955948,5.802110805780855,4.846251668649628,33464,0.9288489122639254,0.2448346260165134,5.598267742513394,4.634474177424716,94,0.5638297872340425,1.8224441079485783,78.37024132899677,80.23903854471841,4459,0.6104507737160798,1.4381361070893997,19.17693271683413,21.854127431404596,29099,0.9764596721536822,0.06707470255514411,3.752613197567976,2.240041213784361,17285,0.8796644489441713,0.43514624565157384,8.655689556397466,7.672861601505818,0.6335229697537552,0.8491518340015318,"[""y@t"", ""throughput_2@t"", ""throughput_2@t-1"", ""buffer_size_3@t""]",4,20,136000.0,970,0.051701531676500385,4.437451576375231,8.05467168064796
"ar_order=2,on_change=chain,other_lags=2",ar,4,133160,33558,0.867334167709637,0.47419353471077536,7.717485375344566,5.118505375471822,33464,0.8691728424575663,0.45908865377896074,7.450292960902962,4.845216536025585,94,0.2127659574468085,5.851531146436788,102.83798491655541,102.40933221833271,4459,0.002018389773491814,2.8090103091552914,30.454341535153254,23.642509962068555,29099,0.9999312691157771,0.1164167039864172,4.233391708325529,2.27997015255575,17285,0.7467746601099219,0.826318302543131,11.860660526984304,7.828933864776468,0.549607530671871,0.8491518340015318,"[""y@t"", ""throughput_2@t"", ""throughput_2@t-1"", ""buffer_size_3@t""]",4,20,136000.0,970,0.051701531676500385,4.437451576375231,8.05467168064796
"ar_order=2,on_change=chain,other_lags=2",persistence,4,133160,33558,0.8671255736337088,3.6714560806938854,7.540421038515548,4.437451576375232,33464,0.8689636624432225,3.6206678099852585,7.270699220351675,4.160441071001675,94,0.2127659574468085,21.752080452965025,103.56138830485425,103.05319148936171,4459,0.0,27.631021115928547,33.87988368484494,26.414218434626598,29099,1.0,0.0,3.5042801422654106,1.0698305783703927,17285,0.7463118310673995,7.009663152637933,12.215279465613198,8.05467168064796,0.5626144568700057,0.8491518340015318,"[""y@t"", ""throughput_2@t"", ""throughput_2@t-1"", ""buffer_size_3@t""]",4,20,136000.0,970,0.051701531676500385,4.437451576375231,8.05467168064796
"ar_order=2,on_change=chain,other_lags=2",model,5,166718,33201,0.937923556519382,0.18710438949460673,5.668380565162753,4.206435779416884,33108,0.9389271475172164,0.18316397564615114,5.446183845032422,3.979395557623447,93,0.5806451612903226,1.5898917195447972,84.77041293156017,85.03275473788025,3717,0.6362658057573312,1.0839149271827064,16.303019507899098,19.690870541016814,29484,0.9759530592863926,0.07404494136726085,4.327688903578468,2.2543382346852687,19062,0.9078270905466372,0.2782642584945544,7.406538667560459,5.9144810171495905,0.5657340706357722,1.1139486249994661,"[""y@t"", ""throughput_2@t"", ""throughput_2@t-1"", ""buffer_size_3@t""]",4,20,136000.0,1103,0.05427547363031234,3.5060389747296767,5.571555975238695
"ar_order=2,on_change=chain,other_lags=2",ar,5,166718,33201,0.8880756603716755,0.4188306893803547,7.490666278589065,4.644157801557399,33108,0.889996375498369,0.4045165282709333,7.212334517092494,4.355604578102423,93,0.20430107526881722,5.514672044334366,106.57677337136778,107.36910535152882,3717,0.0005380683346785041,2.57538609934103,25.419625740610602,19.677613170107133,29484,0.9999660832994166,0.14695725094514134,5.2303914746162645,2.7489144965479246,19062,0.8089392508655965,0.6366688187201611,9.830079468064495,5.970080386144894,0.5252212425942933,1.1139486249994661,"[""y@t"", ""throughput_2@t"", ""throughput_2@t-1"", ""buffer_size_3@t""]",4,20,136000.0,1103,0.05427547363031234,3.5060389747296767,5.571555975238695
"ar_order=2,on_change=chain,other_lags=2",persistence,5,166718,33201,0.888045540796964,3.0934160262614503,6.951378449275671,3.5060389747296843,33108,0.8899661713181104,3.040347043775755,6.66442668412336,3.207834964359075,93,0.20430107526881722,21.98597379116895,109.10620684349799,109.66666666666667,3717,0.0,27.631021115928544,27.795989945530664,21.478880817863864,29484,1.0,0.0,4.3235321281666,1.240231990231999,19062,0.8088867904731928,5.280653127968089,9.624750764470537,5.571555975238694,0.5719162200398573,1.1139486249994661,"[""y@t"", ""throughput_2@t"", ""throughput_2@t-1"", ""buffer_size_3@t""]",4,20,136000.0,1103,0.05427547363031234,3.5060389747296767,5.571555975238695
"ar_order=3,max_parents=6,on_change=chain,other_lags=3,velocity=binned",model,1,33200,33558,0.9174861433935276,0.2893027222379939,7.8453668799591725,5.51764840015121,33464,0.9193461630408798,0.28232466475644885,7.507570350419853,5.171197254270624,94,0.2553191489361702,2.7734911856680555,128.10093139595625,128.85425633363943,3874,0.3853897780072277,1.9771347731083633,28.739540261422448,29.52532650052042,29684,0.9869289853119526,0.06902710692092712,5.1185097286389745,2.384453919595007,18060,0.8580287929125139,0.49460235565782795,11.730991569407546,8.816711383682565,0.5027013637325444,0.48730241600060253,"[""y@t"", ""throughput_2@t"", ""throughput_2@t-1"", ""buffer_size_3@t""]",4,20,144000.0,369,0.16654747005185053,3.7463794028249597,6.396179401993355
"ar_order=3,max_parents=6,on_change=chain,other_lags=3,velocity=binned",ar,1,33200,33558,0.8819059538709101,0.4777335028605528,8.61029794053164,5.300609188820495,33464,0.8838752091800144,0.45982356174265077,8.329286451148281,5.0107707895337406,94,0.18085106382978725,6.853672540833671,108.65038816100729,108.4830793349049,3874,0.003355704697986577,3.3405799227169575,32.63938423751866,27.516653811619506,29684,0.9965638054170597,0.10410909137545254,5.474309518670445,2.4012372420234533,18060,0.7851605758582503,0.8039818816755522,13.10891175372398,8.392361032128361,0.4691937073063387,0.48730241600060253,"[""y@t"", ""throughput_2@t"", ""throughput_2@t-1"", ""buffer_size_3@t""]",4,20,144000.0,369,0.16654747005185053,3.7463794028249597,6.396179401993355
"ar_order=3,max_parents=6,on_change=chain,other_lags=3,velocity=binned",persistence,1,33200,33558,0.8845580785505691,3.1897781692325884,7.394205022466637,3.746379402824963,33464,0.8865347836480995,3.135159788942765,7.10952680694479,3.451918479560127,94,0.18085106382978725,22.63392155240955,108.73964974824423,108.57446808510639,3874,0.0,27.631021115928547,29.16372546845772,23.207279297883325,29684,1.0,0.0,4.553108060878932,1.2065759331626495,18060,0.7897563676633444,5.809246244583649,10.902174354985323,6.396179401993355,0.55425458897833,0.48730241600060253,"[""y@t"", ""throughput_2@t"", ""throughput_2@t-1"", ""buffer_size_3@t""]",4,20,144000.0,369,0.16654747005185053,3.7463794028249597,6.396179401993355
"ar_order=3,max_parents=6,on_change=chain,other_lags=3,velocity=binned",model,2,66758,33201,0.8862383663142677,0.34048518356826424,9.69431683993522,8.122579532233834,33108,0.8873988159961339,0.3355852384681602,9.436387517652253,7.85884108020179,93,0.4731182795698925,2.0848656392053146,101.51715557267131,102.01346845564157,4981,0.5416583015458744,1.4520928185356123,28.12181248556055,30.81168800814117,28220,0.9470588235294117,0.14427973956499135,6.441752849472436,4.117815204859829,19603,0.8334948732336888,0.5165237898254847,13.026836470701486,11.747958638263652,0.5579222435419409,1.196065207999709,"[""y@t"", ""throughput_2@t"", ""throughput_2@t-1"", ""data_quality_1@t+h"", ""rps@t""]",5,20,1600000.0,575,0.07671455679045812,5.354266437757899,8.484364638065601
"ar_order=3,max_parents=6,on_change=chain,other_lags=3,velocity=binned",ar,2,66758,33201,0.8436191680973465,0.5434225234202867,10.096753486991439,7.181684186221462,33108,0.8455056179775281,0.5273837167019639,9.779584889827792,6.857337189192314,93,0.17204301075268819,6.253237715143258,123.0087740772498,122.64921512859874,4981,0.05641437462356957,2.75909409598661,34.326933551813134,28.85991928823819,28220,0.9825655563430191,0.15234314344321906,5.8199807406102595,3.355345098937787,19603,0.7404989032290976,0.839777662211623,14.206275315741317,10.386683043277893,0.5198786733587312,1.196065207999709,"[""y@t"", ""throughput_2@t"", ""throughput_2@t-1"", ""data_quality_1@t+h"", ""rps@t""]",5,20,1600000.0,575,0.07671455679045812,5.354266437757899,8.484364638065601
"ar_order=3,max_parents=6,on_change=chain,other_lags=3,velocity=binned",persistence,2,66758,33201,0.8499743983614951,4.145360566803412,8.940786293295337,5.354266437757899,33108,0.8518787000120817,4.092742767684959,8.618797791596613,5.023529056421409,93,0.17204301075268819,22.87729705297309,123.56869289804204,123.09677419354838,4981,0.0,27.63102111592855,34.24393720648847,27.862678177072876,28220,1.0,0.0,4.47462772849679,1.3813961729270023,19603,0.7498342090496353,6.912336252232495,12.565382889758968,8.484364638065601,0.5637764253923089,1.196065207999709,"[""y@t"", ""throughput_2@t"", ""throughput_2@t-1"", ""data_quality_1@t+h"", ""rps@t""]",5,20,1600000.0,575,0.07671455679045812,5.354266437757899,8.484364638065601
"ar_order=3,max_parents=6,on_change=chain,other_lags=3,velocity=binned",model,3,99959,33201,0.9169603325201048,0.25510572167666257,7.528491999597953,5.50036659216987,33108,0.9181466714993355,0.24949924142580066,7.244779066674362,5.21153503001959,93,0.4946236559139785,2.2510126909834987,108.53029612039603,108.32440271766977,3984,0.41365461847389556,1.496624747563762,28.061181011428452,28.7425757804283,29217,0.9855905808262313,0.08581346719693482,4.728675693230675,2.331082907807287,19017,0.8645948361991902,0.4032283211691781,10.309232891985754,8.088740881223623,0.5973092112988766,1.77233037500082,"[""y@t"", ""throughput_2@t"", ""throughput_2@t-1"", ""buffer_size_3@t"", ""data_quality_1@t+h"", ""data_quality_1@t""]",6,20,13600000.0,1432,0.16788650944248668,5.404445649227433,8.803070936530473
"ar_order=3,max_parents=6,on_change=chain,other_lags=3,velocity=binned",ar,3,99959,33201,0.8807264841420439,0.4152101620236462,8.60458532095995,5.924907938176801,33108,0.8827171680560589,0.3986396842253607,8.267278403133488,5.5815259174402705,93,0.17204301075268819,6.314300258213269,128.6858480671795,128.16890732038203,3984,0.011295180722891566,2.57649336844285,37.154802077166856,32.31748213838682,29217,0.999281240373755,0.12049981207758359,4.711507196692284,2.326043728516783,19017,0.7959194405006047,0.6411637119877113,12.113813805183918,8.570354382658012,0.5368343911084472,1.77233037500082,"[""y@t"", ""throughput_2@t"", ""throughput_2@t-1"", ""buffer_size_3@t"", ""data_quality_1@t+h"", ""data_quality_1@t""]",6,20,13600000.0,1432,0.16788650944248668,5.404445649227433,8.803070936530473
"ar_order=3,max_parents=6,on_change=chain,other_lags=3,velocity=binned",persistence,3,99959,33201,0.8800036143489653,3.3156226657588426,8.698165932516215,5.404445649227441,33108,0.8819922677298538,3.260674142199252,8.358654937640674,5.056421408722975,93,0.17204301075268819,22.8772970529731,129.56408010820866,129.30107526881721,3984,0.0,27.631021115928544,40.84398394812176,35.76355421686747,29217,1.0,0.0,4.314795327246251,1.2647089023513796,19017,0.7945522427301888,5.676731319342316,12.653398150782726,8.803070936530473,0.5476702659365773,1.77233037500082,"[""y@t"", ""throughput_2@t"", ""throughput_2@t-1"", ""buffer_size_3@t"", ""data_quality_1@t+h"", ""data_quality_1@t""]",6,20,13600000.0,1432,0.16788650944248668,5.404445649227433,8.803070936530473
"ar_order=3,max_parents=6,on_change=chain,other_lags=3,velocity=binned",model,4,133160,33558,0.9247571368973121,0.23464998770308493,5.870839085112696,4.849254425249814,33464,0.9257709777671528,0.2301898918596987,5.667189078809652,4.637485368734453,94,0.5638297872340425,1.8224441079485783,78.37024132899677,80.23903854471841,4459,0.5617851536218883,1.3779022772932785,20.60019262093877,23.221040290316754,29099,0.9803773325543833,0.05946314419359414,3.6137791374770916,2.0340445152070803,17285,0.8693086491177321,0.41252222125851035,8.965049351805428,7.987832412831787,0.6175715757056958,2.3823266660001536,"[""y@t"", ""throughput_2@t"", ""throughput_2@t-1"", ""throughput_2@t-2"", ""y@t-1""]",5,20,3200000.0,1401,0.049079206150545326,4.437451576375231,8.05467168064796
"ar_order=3,max_parents=6,on_change=chain,other_lags=3,velocity=binned",ar,4,133160,33558,0.867334167709637,0.47419353471077536,7.717485375344566,5.118505375471822,33464,0.8691728424575663,0.45908865377896074,7.450292960902962,4.845216536025585,94,0.2127659574468085,5.851531146436788,102.83798491655541,102.40933221833271,4459,0.002018389773491814,2.8090103091552914,30.454341535153254,23.642509962068555,29099,0.9999312691157771,0.1164167039864172,4.233391708325529,2.27997015255575,17285,0.7467746601099219,0.826318302543131,11.860660526984304,7.828933864776468,0.549607530671871,2.3823266660001536,"[""y@t"", ""throughput_2@t"", ""throughput_2@t-1"", ""throughput_2@t-2"", ""y@t-1""]",5,20,3200000.0,1401,0.049079206150545326,4.437451576375231,8.05467168064796
"ar_order=3,max_parents=6,on_change=chain,other_lags=3,velocity=binned",persistence,4,133160,33558,0.8671255736337088,3.6714560806938854,7.540421038515548,4.437451576375232,33464,0.8689636624432225,3.6206678099852585,7.270699220351675,4.160441071001675,94,0.2127659574468085,21.752080452965025,103.56138830485425,103.05319148936171,4459,0.0,27.631021115928547,33.87988368484494,26.414218434626598,29099,1.0,0.0,3.5042801422654106,1.0698305783703927,17285,0.7463118310673995,7.009663152637933,12.215279465613198,8.05467168064796,0.5626144568700057,2.3823266660001536,"[""y@t"", ""throughput_2@t"", ""throughput_2@t-1"", ""throughput_2@t-2"", ""y@t-1""]",5,20,3200000.0,1401,0.049079206150545326,4.437451576375231,8.05467168064796
"ar_order=3,max_parents=6,on_change=chain,other_lags=3,velocity=binned",model,5,166718,33201,0.9325622722207162,0.19355250119902975,5.684499752257529,4.126580420089661,33108,0.9335508034311949,0.18963020002390119,5.462348310742634,3.8993158854891257,93,0.5806451612903226,1.5898917195447972,84.77041293156017,85.03275473788025,3717,0.5412967446865752,1.1814642158350344,16.443543383599316,18.800554991683242,29484,0.9818884818884819,0.06900807563594372,4.328124593605465,2.276656275380214,19062,0.895813660686182,0.2912059805975068,7.4349807934564325,5.751500573999762,0.5746413304517399,3.0069800000001123,"[""y@t"", ""throughput_2@t"", ""throughput_2@t-1"", ""d.buffer_size_2@t"", ""buffer_size_3@t""]",5,20,680000.0,1977,0.06201620433119484,3.5060389747296767,5.571555975238695
"ar_order=3,max_parents=6,on_change=chain,other_lags=3,velocity=binned",ar,5,166718,33201,0.8880756603716755,0.4188306893803547,7.490666278589065,4.644157801557399,33108,0.889996375498369,0.4045165282709333,7.212334517092494,4.355604578102423,93,0.20430107526881722,5.514672044334366,106.57677337136778,107.36910535152882,3717,0.0005380683346785041,2.57538609934103,25.419625740610602,19.677613170107133,29484,0.9999660832994166,0.14695725094514134,5.2303914746162645,2.7489144965479246,19062,0.8089392508655965,0.6366688187201611,9.830079468064495,5.970080386144894,0.5252212425942933,3.0069800000001123,"[""y@t"", ""throughput_2@t"", ""throughput_2@t-1"", ""d.buffer_size_2@t"", ""buffer_size_3@t""]",5,20,680000.0,1977,0.06201620433119484,3.5060389747296767,5.571555975238695
"ar_order=3,max_parents=6,on_change=chain,other_lags=3,velocity=binned",persistence,5,166718,33201,0.888045540796964,3.0934160262614503,6.951378449275671,3.5060389747296843,33108,0.8899661713181104,3.040347043775755,6.66442668412336,3.207834964359075,93,0.20430107526881722,21.98597379116895,109.10620684349799,109.66666666666667,3717,0.0,27.631021115928544,27.795989945530664,21.478880817863864,29484,1.0,0.0,4.3235321281666,1.240231990231999,19062,0.8088867904731928,5.280653127968089,9.624750764470537,5.571555975238694,0.5719162200398573,3.0069800000001123,"[""y@t"", ""throughput_2@t"", ""throughput_2@t-1"", ""d.buffer_size_2@t"", ""buffer_size_3@t""]",5,20,680000.0,1977,0.06201620433119484,3.5060389747296767,5.571555975238695
n_bins=30,model,1,33200,33558,0.8546099290780141,0.47306905322979004,6.3217673489990505,5.259992312688102,33464,0.85662204159694,0.4529142183801283,6.044645872854349,4.979711624094331,94,0.13829787234042554,7.648190259709371,104.97701285651263,105.03991745207024,4791,0.308703819661866,2.3871481702191604,25.268372362367714,22.54172101719331,28767,0.9455278617860743,0.15428874768885514,3.1663050269269095,2.3818068146075064,18060,0.756312292358804,0.773006548060048,9.843151171588316,8.403985239413043,0.40219028503548543,0.18024370800048928,"[""y@t"", ""throughput_2@t"", ""data_quality_1@t+h"", ""data_quality_1@t""]",4,30,90000.0,298,0.23103283866738183,3.7463794028249597,6.396179401993355
n_bins=30,ar,1,33200,33558,0.8345550986351987,0.5558442887086104,6.700596426425936,5.16565234536485,33464,0.8365108773607459,0.5352727075198593,6.414862713846272,4.875430293805921,94,0.13829787234042554,7.879327191903923,108.42179810478603,108.48470270034363,4791,0.026508035900647046,2.974792305452911,27.34157096333121,22.36279545721735,28767,0.969131296276984,0.15298059252124474,3.262945332939886,2.3015541547684966,18060,0.7060354374307862,0.9268326432270062,10.329482451425443,8.155530638334561,0.38711899161576413,0.18024370800048928,"[""y@t"", ""throughput_2@t"", ""data_quality_1@t+h"", ""data_quality_1@t""]",4,30,90000.0,298,0.23103283866738183,3.7463794028249597,6.396179401993355
n_bins=30,persistence,1,33200,33558,0.8572322546039692,3.9448185877112363,5.426913676267253,3.746379402824968,33464,0.8592517332058331,3.88901833181997,5.13715114714854,3.4519184795601325,94,0.13829787234042554,23.809709685002254,108.58237404252918,108.57446808510639,4791,0.0,27.631021115928547,24.56031475711079,19.38092256313922,28767,1.0,0.0,2.240341403234911,1.142524420342764,18060,0.739202657807309,7.2060968691042895,8.515988304814057,6.396179401993355,0.482157819404908,0.18024370800048928,"[""y@t"", ""throughput_2@t"", ""data_quality_1@t+h"", ""data_quality_1@t""]",4,30,90000.0,298,0.23103283866738183,3.7463794028249597,6.396179401993355
n_bins=30,model,2,66758,33201,0.8353664046263667,0.49092944253644194,7.594339323787069,7.508806591241591,33108,0.8372900809472031,0.47483686758342464,7.300737091939649,7.216342460902362,93,0.15053763440860216,6.219886125810613,112.11673386146907,111.62603699200693,5625,0.2432,1.9693775091217378,25.29814664611721,24.59576408654947,27576,0.9561575282854656,0.18935305819707843,3.983086198311763,4.0233795564611,19603,0.7471305412436872,0.7223842613622196,10.849081116767248,10.768366830518737,0.4110144721832824,0.2281083750003745,"[""y@t"", ""data_quality_1@t+h""]",2,30,300.0,155,0.021505376344086023,5.354266437757899,8.484364638065601
n_bins=30,ar,2,66758,33201,0.8245233577301888,0.5742697345332604,8.489498455982908,6.994001714789079,33108,0.8264165760541259,0.555776344737109,8.166816090142904,6.668396143967747,93,0.15053763440860216,7.157916501963135,123.36442069502394,122.90958492718354,5625,0.030222222222222223,2.5443866375641124,30.549083961722978,26.368465952286723,27576,0.9865462721206847,0.17240189367350767,3.9897461906149094,3.0419651128190965,19603,0.7083609651583941,0.8748281968408046,12.21782460418196,10.359422344222754,0.4145015613264263,0.2281083750003745,"[""y@t"", ""data_quality_1@t+h""]",2,30,300.0,155,0.021505376344086023,5.354266437757899,8.484364638065601
n_bins=30,persistence,2,66758,33201,0.8305773922472215,4.681319652332703,6.929651355747289,5.354266437757902,33108,0.832487616286094,4.628538211578462,6.602018407194349,5.0235290564214115,93,0.15053763440860216,23.471512560842527,123.56698104059365,123.09677419354838,5625,0.0,27.631021115928547,29.751686937779922,25.460622222222224,27576,1.0,0.0,2.2743732099344958,1.2529373368146235,19603,0.717084119777585,7.817254660457057,10.271926136506215,8.484364638065601,0.48571523150557266,0.2281083750003745,"[""y@t"", ""data_quality_1@t+h""]",2,30,300.0,155,0.021505376344086023,5.354266437757899,8.484364638065601
n_bins=30,model,3,99959,33201,0.8931959880726484,0.3393684905554103,5.710472585019287,5.386375701272015,33108,0.8953123112238733,0.3203277649920304,5.381096189916401,5.0545843483742345,93,0.13978494623655913,7.117866791118647,122.96846924164622,123.50409733288183,4432,0.3677797833935018,1.723743549662982,23.820518471316603,23.028450537017232,28769,0.9741388299906149,0.12609898998310132,2.920534687696831,2.668530949211714,19017,0.8317820897092075,0.5004282189932209,7.575037464593641,7.331992156945499,0.5490261985005462,0.5293345840000256,"[""y@t"", ""data_quality_1@t+h"", ""throughput_2@t"", ""buffer_size_3@t""]",4,30,216000.0,1225,0.16357941025872716,5.404445649227433,8.803070936530473
n_bins=30,ar,3,99959,33201,0.8678051865907653,0.48015670379609515,6.5715122515953235,5.511830520239408,33108,0.8698501872659176,0.46105890249477227,6.230600335819738,5.166465689683367,93,0.13978494623655913,7.278973967067041,127.93615426770339,128.46171019818968,4432,0.02256317689530686,2.4830791793100317,30.470314549731373,26.91146373334027,28769,0.9980187006847648,0.1715970593358161,2.8897891543260763,2.215116195776861,19017,0.7736235999368986,0.7247013224833195,9.101253089478906,7.833409028764793,0.517858725818462,0.5293345840000256,"[""y@t"", ""data_quality_1@t+h"", ""throughput_2@t"", ""buffer_size_3@t""]",4,30,216000.0,1225,0.16357941025872716,5.404445649227433,8.803070936530473
n_bins=30,persistence,3,99959,33201,0.8665100448781663,3.6884637687357404,6.609235521936157,5.40444564922744,33108,0.8685514075148001,3.6320588346176463,6.266031923261134,5.056421408722974,93,0.13978494623655913,23.76862031477724,128.7897166502446,129.30107526881721,4432,0.0,27.631021115928547,36.21835587697091,32.56453068592058,28769,1.0,0.0,2.047811022874182,1.2203065799993134,19017,0.7711521270442235,6.323300409976391,10.081113620670475,8.803070936530473,0.5555228723616429,0.5293345840000256,"[""y@t"", ""data_quality_1@t+h"", ""throughput_2@t"", ""buffer_size_3@t""]",4,30,216000.0,1225,0.16357941025872716,5.404445649227433,8.803070936530473
n_bins=30,model,4,133160,33558,0.9126288813397699,0.30272731070876924,4.594901427844265,4.318291169097631,33464,0.9147442027253168,0.28027137303616945,4.3159378983158385,4.038234843258535,94,0.1595744680851064,8.297041122154301,103.90591793996398,104.0183431678155,4883,0.5138234691787835,1.5235510474039533,16.71948308661247,17.28466824692913,28675,0.9805405405405405,0.0948360358602049,2.5302342180878514,2.1102765476137173,17285,0.8492334393983223,0.4856041389968659,6.572234043811853,6.439385972072005,0.5670394006233667,0.7001185829994938,"[""y@t"", ""throughput_2@t"", ""buffer_size_3@t"", ""rps@t""]",4,30,648000.0,831,0.06621371953036534,4.437451576375231,8.05467168064796
n_bins=30,ar,4,133160,33558,0.8565468740687765,0.47115040210367426,5.9277019729130975,4.449713108474893,33464,0.8584448960076501,0.4533161737695629,5.655097254396048,4.173061072347047,94,0.18085106382978725,6.820135689047323,102.97498176498259,102.93783796998768,4883,0.029490067581404874,2.454944861963263,23.425689692817077,19.180271134332823,28675,0.997384481255449,0.13333459225208327,2.948009765893355,1.941280158509268,17285,0.7264101822389355,0.8065667472823146,8.902122972237555,6.785412596660003,0.4890760425395914,0.7001185829994938,"[""y@t"", ""throughput_2@t"", ""buffer_size_3@t"", ""rps@t""]",4,30,648000.0,831,0.06621371953036534,4.437451576375231,8.05467168064796
n_bins=30,persistence,4,133160,33558,0.8544907324631981,4.020569643872672,5.953672673899205,4.437451576375231,33464,0.8563829787234043,3.9682849475003765,5.6809035074544365,4.1604410710016735,94,0.18085106382978725,22.633921552409554,103.05949592823653,103.05319148936171,4883,0.0,27.631021115928544,28.82320733256385,24.46344460372722,28675,1.0,0.0,2.0592720553025377,1.0272711421098524,17285,0.7219554527046572,7.682654757486411,10.000603134604615,8.05467168064796,0.5204302202085141,0.7001185829994938,"[""y@t"", ""throughput_2@t"", ""buffer_size_3@t"", ""rps@t""]",4,30,648000.0,831,0.06621371953036534,4.437451576375231,8.05467168064796
n_bins=30,model,5,166718,33201,0.9212373121291527,0.26951350199025154,4.199815726170569,3.6966911270564777,33108,0.9233115863235472,0.24817241622463526,3.9073149429718743,3.40308480084293,93,0.1827956989247312,7.8669400345496445,108.33009454490578,108.22054325907952,4022,0.4935355544505221,1.557796930953707,14.839646537657089,15.135580483851182,29179,0.9801912334212961,0.0919379870208894,2.7332336115059546,2.119967696060614,19062,0.8781869688385269,0.3855704182861879,5.28957023310133,4.931603194266603,0.5693327283610382,0.8713954169998033,"[""y@t"", ""throughput_2@t"", ""buffer_size_3@t""]",3,30,21600.0,927,0.04704677569952712,3.5060389747296767,5.571555975238695
n_bins=30,ar,5,166718,33201,0.8792205054064637,0.44057386252375075,5.379544487097694,3.7970489911012524,33108,0.8811767548628731,0.42380177840759464,5.089722585651922,3.5043726463178064,93,0.1827956989247312,6.411435807875337,108.5561414017924,107.9898277340078,4022,0.0032322227747389356,2.605282787693635,20.911808809090488,16.71565186999245,29179,0.9999657287775455,0.1421928591640306,3.2385949308053252,2.0163635399582938,19062,0.7936208162837058,0.6751640661458743,7.015012534887878,5.046247022730941,0.5288134956279297,0.8713954169998033,"[""y@t"", ""throughput_2@t"", ""buffer_size_3@t""]",3,30,21600.0,927,0.04704677569952712,3.5060389747296767,5.571555975238695
n_bins=30,persistence,5,166718,33201,0.8788590705099244,3.3472475807434905,5.062426651843947,3.5060389747296785,33108,0.880844508880029,3.2923878912147555,4.766950763263545,3.207834964359069,93,0.17204301075268819,22.87729705297309,110.25184298646658,109.66666666666667,4022,0.0,27.631021115928547,24.339112448199273,20.04351069119841,29179,1.0,0.0,2.4053503204775137,1.2265327804242798,19062,0.7930437519672647,5.7184124594658545,7.302685338248066,5.571555975238695,0.5494733041444962,0.8713954169998033,"[""y@t"", ""throughput_2@t"", ""buffer_size_3@t""]",3,30,21600.0,927,0.04704677569952712,3.5060389747296767,5.571555975238695
"ar_order=2,n_bins=30,on_change=chain,other_lags=2",model,1,33200,33558,0.8601227725132606,0.38232341738765074,6.086885807707176,5.622848018688923,33464,0.8618515419555343,0.37444397583473843,5.724883796712542,5.258652443825541,94,0.24468085106382978,3.187404610224438,134.95960172179738,135.2764726700527,4791,0.47380505113754956,1.858651250739096,23.790904080756054,23.650909290878836,28767,0.9244620572183404,0.13644839915193707,3.138370093653673,2.6203645635124397,18060,0.7770764119601329,0.63118600377423,9.178807992708633,8.740537231717319,0.4084034939699946,0.28105070799938403,"[""y@t"", ""throughput_2@t"", ""throughput_2@t-1""]",3,30,27000.0,280,0.08653674235651708,3.7463794028249597,6.396179401993355
"ar_order=2,n_bins=30,on_change=chain,other_lags=2",ar,1,33200,33558,0.8345550986351987,0.5558442887086104,6.700596426425936,5.16565234536485,33464,0.8365108773607459,0.5352727075198593,6.414862713846272,4.875430293805921,94,0.13829787234042554,7.879327191903923,108.42179810478603,108.48470270034363,4791,0.026508035900647046,2.974792305452911,27.34157096333121,22.36279545721735,28767,0.969131296276984,0.15298059252124474,3.262945332939886,2.3015541547684966,18060,0.7060354374307862,0.9268326432270062,10.329482451425443,8.155530638334561,0.38711899161576413,0.28105070799938403,"[""y@t"", ""throughput_2@t"", ""throughput_2@t-1""]",3,30,27000.0,280,0.08653674235651708,3.7463794028249597,6.396179401993355
"ar_order=2,n_bins=30,on_change=chain,other_lags=2",persistence,1,33200,33558,0.8572322546039692,3.9448185877112363,5.426913676267253,3.746379402824968,33464,0.8592517332058331,3.88901833181997,5.13715114714854,3.4519184795601325,94,0.13829787234042554,23.809709685002254,108.58237404252918,108.57446808510639,4791,0.0,27.631021115928547,24.56031475711079,19.38092256313922,28767,1.0,0.0,2.240341403234911,1.142524420342764,18060,0.739202657807309,7.2060968691042895,8.515988304814057,6.396179401993355,0.482157819404908,0.28105070799938403,"[""y@t"", ""throughput_2@t"", ""throughput_2@t-1""]",3,30,27000.0,280,0.08653674235651708,3.7463794028249597,6.396179401993355
"ar_order=2,n_bins=30,on_change=chain,other_lags=2",model,2,66758,33201,0.8422336676606126,0.45358915253706106,7.231760152108342,7.324843369342901,33108,0.8434215295396883,0.4475134875485767,6.9458882728301,7.038837549789529,93,0.41935483870967744,2.6165258884374634,109.00214917516237,109.14291513034276,5625,0.32195555555555555,1.8290110688190222,24.34447264422004,24.370035762135746,27576,0.9483608935306064,0.17302821987510753,3.74107956869783,3.847935652144619,19603,0.7610059684742131,0.6831313918172585,10.317234988976459,10.49546852720362,0.409317601496248,0.5778064999994967,"[""y@t"", ""data_quality_1@t+h"", ""y@t-1""]",3,30,9000.0,427,0.0255413993554411,5.354266437757899,8.484364638065601
"ar_order=2,n_bins=30,on_change=chain,other_lags=2",ar,2,66758,33201,0.8245233577301888,0.5742697345332604,8.489498455982908,6.994001714789079,33108,0.8264165760541259,0.555776344737109,8.166816090142904,6.668396143967747,93,0.15053763440860216,7.157916501963135,123.36442069502394,122.90958492718354,5625,0.030222222222222223,2.5443866375641124,30.549083961722978,26.368465952286723,27576,0.9865462721206847,0.17240189367350767,3.9897461906149094,3.0419651128190965,19603,0.7083609651583941,0.8748281968408046,12.21782460418196,10.359422344222754,0.4145015613264263,0.5778064999994967,"[""y@t"", ""data_quality_1@t+h"", ""y@t-1""]",3,30,9000.0,427,0.0255413993554411,5.354266437757899,8.484364638065601
"ar_order=2,n_bins=30,on_change=chain,other_lags=2",persistence,2,66758,33201,0.8305773922472215,4.681319652332703,6.929651355747289,5.354266437757902,33108,0.832487616286094,4.628538211578462,6.602018407194349,5.0235290564214115,93,0.15053763440860216,23.471512560842527,123.56698104059365,123.09677419354838,5625,0.0,27.631021115928547,29.751686937779922,25.460622222222224,27576,1.0,0.0,2.2743732099344958,1.2529373368146235,19603,0.717084119777585,7.817254660457057,10.271926136506215,8.484364638065601,0.48571523150557266,0.5778064999994967,"[""y@t"", ""data_quality_1@t+h"", ""y@t-1""]",3,30,9000.0,427,0.0255413993554411,5.354266437757899,8.484364638065601
"ar_order=2,n_bins=30,on_change=chain,other_lags=2",model,3,99959,33201,0.8962681846932321,0.30192574109456216,5.719397406771167,5.337151090148956,33108,0.8976984414642987,0.2961429650699053,5.431975738924809,5.048148591159632,93,0.3870967741935484,2.360594005872399,108.04151116007463,108.22204073034862,4432,0.41674187725631767,1.5297783535078158,23.99779333892266,23.45391827826893,28769,0.9701414717230352,0.112769260917443,2.903524391675216,2.546177744612173,19017,0.839827522742809,0.4647428639203004,7.796895985739163,7.538151533738999,0.5530727635398411,0.8984052499999962,"[""y@t"", ""data_quality_1@t+h"", ""throughput_2@t"", ""throughput_2@t-1""]",4,30,270000.0,1035,0.1419836751905063,5.404445649227433,8.803070936530473
"ar_order=2,n_bins=30,on_change=chain,other_lags=2",ar,3,99959,33201,0.8678051865907653,0.48015670379609515,6.5715122515953235,5.511830520239408,33108,0.8698501872659176,0.46105890249477227,6.230600335819738,5.166465689683367,93,0.13978494623655913,7.278973967067041,127.93615426770339,128.46171019818968,4432,0.02256317689530686,2.4830791793100317,30.470314549731373,26.91146373334027,28769,0.9980187006847648,0.1715970593358161,2.8897891543260763,2.215116195776861,19017,0.7736235999368986,0.7247013224833195,9.101253089478906,7.833409028764793,0.517858725818462,0.8984052499999962,"[""y@t"", ""data_quality_1@t+h"", ""throughput_2@t"", ""throughput_2@t-1""]",4,30,270000.0,1035,0.1419836751905063,5.404445649227433,8.803070936530473
"ar_order=2,n_bins=30,on_change=chain,other_lags=2",persistence,3,99959,33201,0.8665100448781663,3.6884637687357404,6.609235521936157,5.40444564922744,33108,0.8685514075148001,3.6320588346176463,6.266031923261134,5.056421408722974,93,0.13978494623655913,23.76862031477724,128.7897166502446,129.30107526881721,4432,0.0,27.631021115928547,36.21835587697091,32.56453068592058,28769,1.0,0.0,2.047811022874182,1.2203065799993134,19017,0.7711521270442235,6.323300409976391,10.081113620670475,8.803070936530473,0.5555228723616429,0.8984052499999962,"[""y@t"", ""data_quality_1@t+h"", ""throughput_2@t"", ""throughput_2@t-1""]",4,30,270000.0,1035,0.1419836751905063,5.404445649227433,8.803070936530473
"ar_order=2,n_bins=30,on_change=chain,other_lags=2",model,4,133160,33558,0.9185589129268729,0.25877050160114234,4.526166100505329,4.030020139957264,33464,0.9197645230695672,0.25297526630019634,4.293881271378706,3.7950699668989882,94,0.48936170212765956,2.3218742687379192,87.21956526958301,87.6722817487035,4883,0.576489862789269,1.342863553828282,15.615862604085528,16.50197461667437,28675,0.9768090671316477,0.07416278149564545,2.6377271108982807,1.906199609536702,17285,0.860862019091698,0.44503563174104366,6.55683467462833,6.236971648492142,0.558299366131063,1.199871291000818,"[""y@t"", ""throughput_2@t"", ""throughput_2@t-1"", ""y@t-1""]",4,30,810000.0,1439,0.056528994576554026,4.437451576375231,8.05467168064796
"ar_order=2,n_bins=30,on_change=chain,other_lags=2",ar,4,133160,33558,0.8565468740687765,0.47115040210367426,5.9277019729130975,4.449713108474893,33464,0.8584448960076501,0.4533161737695629,5.655097254396048,4.173061072347047,94,0.18085106382978725,6.820135689047323,102.97498176498259,102.93783796998768,4883,0.029490067581404874,2.454944861963263,23.425689692817077,19.180271134332823,28675,0.997384481255449,0.13333459225208327,2.948009765893355,1.941280158509268,17285,0.7264101822389355,0.8065667472823146,8.902122972237555,6.785412596660003,0.4890760425395914,1.199871291000818,"[""y@t"", ""throughput_2@t"", ""throughput_2@t-1"", ""y@t-1""]",4,30,810000.0,1439,0.056528994576554026,4.437451576375231,8.05467168064796
"ar_order=2,n_bins=30,on_change=chain,other_lags=2",persistence,4,133160,33558,0.8544907324631981,4.020569643872672,5.953672673899205,4.437451576375231,33464,0.8563829787234043,3.9682849475003765,5.6809035074544365,4.1604410710016735,94,0.18085106382978725,22.633921552409554,103.05949592823653,103.05319148936171,4883,0.0,27.631021115928544,28.82320733256385,24.46344460372722,28675,1.0,0.0,2.0592720553025377,1.0272711421098524,17285,0.7219554527046572,7.682654757486411,10.000603134604615,8.05467168064796,0.5204302202085141,1.199871291000818,"[""y@t"", ""throughput_2@t"", ""throughput_2@t-1"", ""y@t-1""]",4,30,810000.0,1439,0.056528994576554026,4.437451576375231,8.05467168064796
"ar_order=2,n_bins=30,on_change=chain,other_lags=2",model,5,166718,33201,0.9343995662781241,0.20585848332403028,4.024775403933405,3.576546502378871,33108,0.9356953002295517,0.2004399567192458,3.781391737762878,3.3315402624483443,93,0.4731182795698925,2.1348539546272947,90.66936056064095,90.79876791764617,4022,0.6362506215813029,1.1527448437313343,13.245475958869434,14.962183329371337,29179,0.975496075945029,0.07534074996928282,2.7538045813571443,2.007163339207971,19062,0.9027908928758787,0.3078558479789866,5.1194871262270745,4.941495785508771,0.5726011300295601,1.52601254199908,"[""y@t"", ""throughput_2@t"", ""throughput_2@t-1"", ""buffer_size_3@t""]",4,30,648000.0,1763,0.0587934098370531,3.5060389747296767,5.571555975238695
"ar_order=2,n_bins=30,on_change=chain,other_lags=2",ar,5,166718,33201,0.8792205054064637,0.44057386252375075,5.379544487097694,3.7970489911012524,33108,0.8811767548628731,0.42380177840759464,5.089722585651922,3.5043726463178064,93,0.1827956989247312,6.411435807875337,108.5561414017924,107.9898277340078,4022,0.0032322227747389356,2.605282787693635,20.911808809090488,16.71565186999245,29179,0.9999657287775455,0.1421928591640306,3.2385949308053252,2.0163635399582938,19062,0.7936208162837058,0.6751640661458743,7.015012534887878,5.046247022730941,0.5288134956279297,1.52601254199908,"[""y@t"", ""throughput_2@t"", ""throughput_2@t-1"", ""buffer_size_3@t""]",4,30,648000.0,1763,0.0587934098370531,3.5060389747296767,5.571555975238695
"ar_order=2,n_bins=30,on_change=chain,other_lags=2",persistence,5,166718,33201,0.8788590705099244,3.3472475807434905,5.062426651843947,3.5060389747296785,33108,0.880844508880029,3.2923878912147555,4.766950763263545,3.207834964359069,93,0.17204301075268819,22.87729705297309,110.25184298646658,109.66666666666667,4022,0.0,27.631021115928547,24.339112448199273,20.04351069119841,29179,1.0,0.0,2.4053503204775137,1.2265327804242798,19062,0.7930437519672647,5.7184124594658545,7.302685338248066,5.571555975238695,0.5494733041444962,1.52601254199908,"[""y@t"", ""throughput_2@t"", ""throughput_2@t-1"", ""buffer_size_3@t""]",4,30,648000.0,1763,0.0587934098370531,3.5060389747296767,5.571555975238695
"ar_order=3,max_parents=6,n_bins=30,on_change=chain,other_lags=3,velocity=binned",model,1,33200,33558,0.8601227725132606,0.38232341738765074,6.086885807707176,5.622848018688923,33464,0.8618515419555343,0.37444397583473843,5.724883796712542,5.258652443825541,94,0.24468085106382978,3.187404610224438,134.95960172179738,135.2764726700527,4791,0.47380505113754956,1.858651250739096,23.790904080756054,23.650909290878836,28767,0.9244620572183404,0.13644839915193707,3.138370093653673,2.6203645635124397,18060,0.7770764119601329,0.63118600377423,9.178807992708633,8.740537231717319,0.4084034939699946,0.5171134579995851,"[""y@t"", ""throughput_2@t"", ""throughput_2@t-1""]",3,30,27000.0,280,0.08653674235651708,3.7463794028249597,6.396179401993355
"ar_order=3,max_parents=6,n_bins=30,on_change=chain,other_lags=3,velocity=binned",ar,1,33200,33558,0.8345550986351987,0.5558442887086104,6.700596426425936,5.16565234536485,33464,0.8365108773607459,0.5352727075198593,6.414862713846272,4.875430293805921,94,0.13829787234042554,7.879327191903923,108.42179810478603,108.48470270034363,4791,0.026508035900647046,2.974792305452911,27.34157096333121,22.36279545721735,28767,0.969131296276984,0.15298059252124474,3.262945332939886,2.3015541547684966,18060,0.7060354374307862,0.9268326432270062,10.329482451425443,8.155530638334561,0.38711899161576413,0.5171134579995851,"[""y@t"", ""throughput_2@t"", ""throughput_2@t-1""]",3,30,27000.0,280,0.08653674235651708,3.7463794028249597,6.396179401993355
"ar_order=3,max_parents=6,n_bins=30,on_change=chain,other_lags=3,velocity=binned",persistence,1,33200,33558,0.8572322546039692,3.9448185877112363,5.426913676267253,3.746379402824968,33464,0.8592517332058331,3.88901833181997,5.13715114714854,3.4519184795601325,94,0.13829787234042554,23.809709685002254,108.58237404252918,108.57446808510639,4791,0.0,27.631021115928547,24.56031475711079,19.38092256313922,28767,1.0,0.0,2.240341403234911,1.142524420342764,18060,0.739202657807309,7.2060968691042895,8.515988304814057,6.396179401993355,0.482157819404908,0.5171134579995851,"[""y@t"", ""throughput_2@t"", ""throughput_2@t-1""]",3,30,27000.0,280,0.08653674235651708,3.7463794028249597,6.396179401993355
"ar_order=3,max_parents=6,n_bins=30,on_change=chain,other_lags=3,velocity=binned",model,2,66758,33201,0.8538899430740038,0.44124772721421107,7.258708322141633,7.3347274697205584,33108,0.8551105472997463,0.4351373953006626,6.972912139970226,7.048749414494092,93,0.41935483870967744,2.6165258884374634,109.00214917516237,109.14291513034276,5625,0.34328888888888887,1.8155284119253752,24.986753891996056,25.00372815830758,27576,0.9580432259936177,0.1609195849346818,3.6425110371680636,3.730574261376274,19603,0.774881395704739,0.6680197562363602,10.423091034638468,10.58068563663514,0.40881000361803294,1.6360555829996883,"[""y@t"", ""data_quality_1@t+h"", ""y@t-2"", ""y@t-1"", ""rps@t""]",5,30,8100000.0,877,0.03457727176892262,5.354266437757899,8.484364638065601
"ar_order=3,max_parents=6,n_bins=30,on_change=chain,other_lags=3,velocity=binned",ar,2,66758,33201,0.8245233577301888,0.5742697345332604,8.489498455982908,6.994001714789079,33108,0.8264165760541259,0.555776344737109,8.166816090142904,6.668396143967747,93,0.15053763440860216,7.157916501963135,123.36442069502394,122.90958492718354,5625,0.030222222222222223,2.5443866375641124,30.549083961722978,26.368465952286723,27576,0.9865462721206847,0.17240189367350767,3.9897461906149094,3.0419651128190965,19603,0.7083609651583941,0.8748281968408046,12.21782460418196,10.359422344222754,0.4145015613264263,1.6360555829996883,"[""y@t"", ""data_quality_1@t+h"", ""y@t-2"", ""y@t-1"", ""rps@t""]",5,30,8100000.0,877,0.03457727176892262,5.354266437757899,8.484364638065601
"ar_order=3,max_parents=6,n_bins=30,on_change=chain,other_lags=3,velocity=binned",persistence,2,66758,33201,0.8305773922472215,4.681319652332703,6.929651355747289,5.354266437757902,33108,0.832487616286094,4.628538211578462,6.602018407194349,5.0235290564214115,93,0.15053763440860216,23.471512560842527,123.56698104059365,123.09677419354838,5625,0.0,27.631021115928547,29.751686937779922,25.460622222222224,27576,1.0,0.0,2.2743732099344958,1.2529373368146235,19603,0.717084119777585,7.817254660457057,10.271926136506215,8.484364638065601,0.48571523150557266,1.6360555829996883,"[""y@t"", ""data_quality_1@t+h"", ""y@t-2"", ""y@t-1"", ""rps@t""]",5,30,8100000.0,877,0.03457727176892262,5.354266437757899,8.484364638065601
"ar_order=3,max_parents=6,n_bins=30,on_change=chain,other_lags=3,velocity=binned",model,3,99959,33201,0.8962681846932321,0.2978818333755517,5.535922771469704,5.130353104310068,33108,0.8976984414642987,0.29208769805954926,5.2479857254342965,4.840769712102094,93,0.3870967741935484,2.360594005872399,108.04151116007463,108.22204073034862,4432,0.41674187725631767,1.5292633087017444,23.793627816186525,23.197213250317965,28769,0.9701414717230352,0.10818171523986098,2.723237285071672,2.347068173756104,19017,0.839827522742809,0.45951736883011907,7.549944096521416,7.257548073220279,0.5530727635398411,2.550148750000517,"[""y@t"", ""data_quality_1@t+h"", ""throughput_2@t"", ""throughput_2@t-1"", ""data_quality_1@t""]",5,30,2700000.0,1126,0.16882021625854643,5.404445649227433,8.803070936530473
"ar_order=3,max_parents=6,n_bins=30,on_change=chain,other_lags=3,velocity=binned",ar,3,99959,33201,0.8678051865907653,0.48015670379609515,6.5715122515953235,5.511830520239408,33108,0.8698501872659176,0.46105890249477227,6.230600335819738,5.166465689683367,93,0.13978494623655913,7.278973967067041,127.93615426770339,128.46171019818968,4432,0.02256317689530686,2.4830791793100317,30.470314549731373,26.91146373334027,28769,0.9980187006847648,0.1715970593358161,2.8897891543260763,2.215116195776861,19017,0.7736235999368986,0.7247013224833195,9.101253089478906,7.833409028764793,0.517858725818462,2.550148750000517,"[""y@t"", ""data_quality_1@t+h"", ""throughput_2@t"", ""throughput_2@t-1"", ""data_quality_1@t""]",5,30,2700000.0,1126,0.16882021625854643,5.404445649227433,8.803070936530473
"ar_order=3,max_parents=6,n_bins=30,on_change=chain,other_lags=3,velocity=binned",persistence,3,99959,33201,0.8665100448781663,3.6884637687357404,6.609235521936157,5.40444564922744,33108,0.8685514075148001,3.6320588346176463,6.266031923261134,5.056421408722974,93,0.13978494623655913,23.76862031477724,128.7897166502446,129.30107526881721,4432,0.0,27.631021115928547,36.21835587697091,32.56453068592058,28769,1.0,0.0,2.047811022874182,1.2203065799993134,19017,0.7711521270442235,6.323300409976391,10.081113620670475,8.803070936530473,0.5555228723616429,2.550148750000517,"[""y@t"", ""data_quality_1@t+h"", ""throughput_2@t"", ""throughput_2@t-1"", ""data_quality_1@t""]",5,30,2700000.0,1126,0.16882021625854643,5.404445649227433,8.803070936530473
"ar_order=3,max_parents=6,n_bins=30,on_change=chain,other_lags=3,velocity=binned",model,4,133160,33558,0.9195720841528101,0.24315110226964864,4.5567126265132485,4.067110197308646,33464,0.9207805402820942,0.23731199225147934,4.324513602234963,3.8322642098047277,94,0.48936170212765956,2.3218742687379192,87.21956526958301,87.6722817487035,4883,0.566455048126152,1.2778017553725947,16.377345192506194,17.29741130296482,28675,0.9797035745422842,0.06696281494265002,2.54380421082908,1.8141525582879274,17285,0.8594156783338155,0.420095662858413,6.734244290988601,6.444185621674768,0.563501577870311,3.3587366249994375,"[""y@t"", ""throughput_2@t"", ""throughput_2@t-1"", ""throughput_2@t-2"", ""y@t-1""]",5,30,24300000.0,2219,0.0694320281304011,4.437451576375231,8.05467168064796
"ar_order=3,max_parents=6,n_bins=30,on_change=chain,other_lags=3,velocity=binned",ar,4,133160,33558,0.8565468740687765,0.47115040210367426,5.9277019729130975,4.449713108474893,33464,0.8584448960076501,0.4533161737695629,5.655097254396048,4.173061072347047,94,0.18085106382978725,6.820135689047323,102.97498176498259,102.93783796998768,4883,0.029490067581404874,2.454944861963263,23.425689692817077,19.180271134332823,28675,0.997384481255449,0.13333459225208327,2.948009765893355,1.941280158509268,17285,0.7264101822389355,0.8065667472823146,8.902122972237555,6.785412596660003,0.4890760425395914,3.3587366249994375,"[""y@t"", ""throughput_2@t"", ""throughput_2@t-1"", ""throughput_2@t-2"", ""y@t-1""]",5,30,24300000.0,2219,0.0694320281304011,4.437451576375231,8.05467168064796
"ar_order=3,max_parents=6,n_bins=30,on_change=chain,other_lags=3,velocity=binned",persistence,4,133160,33558,0.8544907324631981,4.020569643872672,5.953672673899205,4.437451576375231,33464,0.8563829787234043,3.9682849475003765,5.6809035074544365,4.1604410710016735,94,0.18085106382978725,22.633921552409554,103.05949592823653,103.05319148936171,4883,0.0,27.631021115928544,28.82320733256385,24.46344460372722,28675,1.0,0.0,2.0592720553025377,1.0272711421098524,17285,0.7219554527046572,7.682654757486411,10.000603134604615,8.05467168064796,0.5204302202085141,3.3587366249994375,"[""y@t"", ""throughput_2@t"", ""throughput_2@t-1"", ""throughput_2@t-2"", ""y@t-1""]",5,30,24300000.0,2219,0.0694320281304011,4.437451576375231,8.05467168064796
"ar_order=3,max_parents=6,n_bins=30,on_change=chain,other_lags=3,velocity=binned",model,5,166718,33201,0.9288274449564772,0.21299922551417447,4.102214696204736,3.566417871175448,33108,0.9301075268817204,0.2076007571739691,3.859048556136094,3.321383180033677,93,0.4731182795698925,2.1348539546272947,90.66936056064095,90.79876791764617,4022,0.564395822973645,1.2354523472714911,13.618736361352028,14.595392051442603,29179,0.9790602830802975,0.0720654561695113,2.7904682300056742,2.046196679461048,19062,0.8910922253698458,0.3221807902559674,5.176429430202447,4.8461909317453635,0.5646862190944899,4.26487462499972,"[""y@t"", ""throughput_2@t"", ""throughput_2@t-1"", ""buffer_size_3@t"", ""d.buffer_size_2@t""]",5,30,3240000.0,3088,0.06906418481371043,3.5060389747296767,5.571555975238695
"ar_order=3,max_parents=6,n_bins=30,on_change=chain,other_lags=3,velocity=binned",ar,5,166718,33201,0.8792205054064637,0.44057386252375075,5.379544487097694,3.7970489911012524,33108,0.8811767548628731,0.42380177840759464,5.089722585651922,3.5043726463178064,93,0.1827956989247312,6.411435807875337,108.5561414017924,107.9898277340078,4022,0.0032322227747389356,2.605282787693635,20.911808809090488,16.71565186999245,29179,0.9999657287775455,0.1421928591640306,3.2385949308053252,2.0163635399582938,19062,0.7936208162837058,0.6751640661458743,7.015012534887878,5.046247022730941,0.5288134956279297,4.26487462499972,"[""y@t"", ""throughput_2@t"", ""throughput_2@t-1"", ""buffer_size_3@t"", ""d.buffer_size_2@t""]",5,30,3240000.0,3088,0.06906418481371043,3.5060389747296767,5.571555975238695
"ar_order=3,max_parents=6,n_bins=30,on_change=chain,other_lags=3,velocity=binned",persistence,5,166718,33201,0.8788590705099244,3.3472475807434905,5.062426651843947,3.5060389747296785,33108,0.880844508880029,3.2923878912147555,4.766950763263545,3.207834964359069,93,0.17204301075268819,22.87729705297309,110.25184298646658,109.66666666666667,4022,0.0,27.631021115928547,24.339112448199273,20.04351069119841,29179,1.0,0.0,2.4053503204775137,1.2265327804242798,19062,0.7930437519672647,5.7184124594658545,7.302685338248066,5.571555975238695,0.5494733041444962,4.26487462499972,"[""y@t"", ""throughput_2@t"", ""throughput_2@t-1"", ""buffer_size_3@t"", ""d.buffer_size_2@t""]",5,30,3240000.0,3088,0.06906418481371043,3.5060389747296767,5.571555975238695
n_bins=50,model,1,33200,33558,0.8635496751892247,0.5126145203387427,5.019432254696252,4.752981643592945,33464,0.8656167822137222,0.4820247551606065,4.7287789607119946,4.460871737099587,94,0.1276595744680851,11.402570923755269,108.49200491309198,108.74410835522882,5662,0.384139879901095,2.292925094794299,19.892921294341498,19.20543931235686,27896,0.9608546028104388,0.1512681454976415,2.0005874402973647,1.8195927949930997,18060,0.7667220376522702,0.8333862901107414,7.665417992236791,7.455469188133782,0.3329339677914242,0.24088154099990788,"[""y@t"", ""throughput_2@t"", ""buffer_size_3@t""]",3,50,100000.0,525,0.1694379879611419,3.7463794028249597,6.396179401993355
n_bins=50,ar,1,33200,33558,0.8226652363072888,0.6262125359390323,5.423546957971852,4.944761812367939,33464,0.8246174994023429,0.6023600748300642,5.134588609350483,4.65367631487884,94,0.1276595744680851,9.117688690731677,108.29271906717909,108.57119891848727,5662,0.10332038149063935,2.737450754497241,21.792141036429467,20.26692489884151,27896,0.9686693432750215,0.19769838360620395,2.1012434136562885,1.834850448888826,18060,0.6833333333333333,1.0378885207355504,8.290640936475798,7.748062587152942,0.29155619232551033,0.24088154099990788,"[""y@t"", ""throughput_2@t"", ""buffer_size_3@t""]",3,50,100000.0,525,0.1694379879611419,3.7463794028249597,6.396179401993355
n_bins=50,persistence,1,33200,33558,0.8312771917277549,4.661983478109168,4.21012960982245,3.746379402824968,33464,0.8332536457088214,4.607372036423658,3.9177170569520148,3.4519184795601325,94,0.1276595744680851,24.103656718150432,108.30899843169747,108.57446808510639,5662,0.0,27.63102111592855,19.40512614406771,17.778523489932887,27896,1.0,0.0,1.126029008413765,0.8983008316604633,18060,0.6910299003322259,8.537159348110812,6.7841887217777765,6.396179401993355,0.3890544823821687,0.24088154099990788,"[""y@t"", ""throughput_2@t"", ""buffer_size_3@t""]",3,50,100000.0,525,0.1694379879611419,3.7463794028249597,6.396179401993355
n_bins=50,model,2,66758,33201,0.843046896177826,0.5143194948624817,5.55092066166391,5.4445578214116415,33108,0.8450827594539084,0.4878637226895187,5.220924903871405,5.114708736309922,93,0.11827956989247312,9.932574388437311,123.02941043579526,122.87083211762389,7329,0.42761631873379724,1.7806296037364668,17.35381124785567,17.037932314670122,25872,0.9607297464440322,0.15560015395580892,2.2074070134651067,2.160395728759685,19603,0.7534561036576034,0.7662748377351806,7.745194962952819,7.802205294538843,0.37994068128476993,0.5057514580003044,"[""y@t"", ""throughput_2@t"", ""buffer_size_3@t""]",3,50,97500.0,900,0.10906298003072197,5.354266437757899,8.484364638065601
n_bins=50,ar,2,66758,33201,0.7831691816511551,0.6672474930068854,6.477564559429991,5.983886858544231,33108,0.7850368490999154,0.6465383937862207,6.149934016150453,5.655298396303648,93,0.11827956989247312,8.03968681556354,123.11403796694559,122.96137941619187,7329,0.11420384772820302,2.3287224077554503,21.154464064490274,19.763201106485216,25872,0.9726731601731602,0.19658617381268967,2.3199039041815825,2.080493455515494,19603,0.6429628118145182,1.0247712632037005,9.23088024461816,8.72746563633754,0.29443269422687585,0.5057514580003044,"[""y@t"", ""throughput_2@t"", ""buffer_size_3@t""]",3,50,97500.0,900,0.10906298003072197,5.354266437757899,8.484364638065601
n_bins=50,persistence,2,66758,33201,0.7792536369386465,6.09944741901269,5.907414903652184,5.354266437757902,33108,0.7811103056663042,6.048145766193494,5.577782582493081,5.0235290564214115,93,0.11827956989247312,24.362835822646673,123.25652123629257,123.09677419354838,7329,0.0,27.631021115928547,22.445914647674158,20.907217901487243,25872,1.0,0.0,1.2224015833082984,0.9484384662956117,19603,0.6303116869866857,10.21486558318289,8.930137163227748,8.484364638065601,0.378094914475604,0.5057514580003044,"[""y@t"", ""throughput_2@t"", ""buffer_size_3@t""]",3,50,97500.0,900,0.10906298003072197,5.354266437757899,8.484364638065601
n_bins=50,model,3,99959,33201,0.8719014487515436,0.4214339789387397,4.881175325671453,4.705734530619747,33108,0.8740485683218557,0.39518108483572917,4.531283375723557,4.355568793425481,93,0.10752688172043011,9.767464279610484,129.44270950712232,129.36473697177897,6186,0.45037180730682186,1.6636042240924633,15.644452077744539,15.371935809858304,27015,0.9684249491023506,0.13699699442935837,2.4165582615099095,2.263346186611985,19017,0.7954987642635537,0.6262975147807467,6.1294187401757965,6.082751401537319,0.4743571638862125,0.7934379160014942,"[""y@t"", ""throughput_2@t"", ""buffer_size_3@t""]",3,50,97500.0,1307,0.03903496882624018,5.404445649227433,8.803070936530473
n_bins=50,ar,3,99959,33201,0.8240414445348032,0.5870673702750755,5.981702271192725,5.321288416818622,33108,0.8260239217107648,0.5658244834137037,5.637375221428711,4.975318724757281,93,0.11827956989247312,8.149535092923415,128.56213198718154,128.486498790656,6186,0.14468153895893954,2.2953512158595735,21.473116955698977,20.126837880536513,27015,0.979603923746067,0.19589787670536582,2.4344177537633094,1.9310559910344696,19017,0.7025819004049009,0.9043099339356591,8.235188725201313,7.510312053227611,0.3492314358579245,0.7934379160014942,"[""y@t"", ""throughput_2@t"", ""buffer_size_3@t""]",3,50,97500.0,1307,0.03903496882624018,5.404445649227433,8.803070936530473
n_bins=50,persistence,3,99959,33201,0.813680310834011,5.148203265658685,6.090757293848053,5.404445649227434,33108,0.8156336837018243,5.094229578700853,5.744448357509619,5.056421408722969,93,0.11827956989247312,24.36283582264667,129.37673863033103,129.30107526881721,6186,0.0,27.63102111592855,26.40035520737669,24.869059165858395,27015,1.0,0.0,1.4401864001560987,0.9473625763464752,19017,0.6790240311300415,8.868893773551445,9.399620804735388,8.803070936530474,0.39498327207597644,0.7934379160014942,"[""y@t"", ""throughput_2@t"", ""buffer_size_3@t""]",3,50,97500.0,1307,0.03903496882624018,5.404445649227433,8.803070936530473
n_bins=50,model,4,133160,33558,0.8945109958877168,0.34347552351356414,3.801712266836764,3.775279484157155,33464,0.8966351900549845,0.31769707396074015,3.520379673777909,3.493966795821894,94,0.13829787234042554,9.520603564318892,103.9561153957891,103.92259653151015,5747,0.5117452583956847,1.4126358022479646,13.068096909547977,13.187156108750289,27811,0.9736075653518392,0.12253905514181915,1.8868615767622854,1.8303636249094928,17285,0.8167196991611224,0.5458158888823003,5.287870093853059,5.464268542804031,0.49603381847275485,0.8796747500000492,"[""y@t"", ""throughput_2@t"", ""buffer_size_3@t""]",3,50,100000.0,1487,0.08120269384349485,4.437451576375231,8.05467168064796
n_bins=50,ar,4,133160,33558,0.8349126884796472,0.5089836243720439,4.855489848342195,4.2696683655513175,33464,0.8368097059526656,0.4885373242887623,4.57959875299232,3.9923334699886386,94,0.1595744680851064,7.787866454020281,103.07271979289789,103.00089118586536,5747,0.11571254567600488,2.2061432237477585,18.344467039702383,16.60293740526579,27811,0.9835316960914746,0.15827432885544135,2.0680621428031287,1.7210618008381082,17285,0.689962395140295,0.867738926533697,7.227924356100169,6.4738688199307886,0.3831284090157935,0.8796747500000492,"[""y@t"", ""throughput_2@t"", ""buffer_size_3@t""]",3,50,100000.0,1487,0.08120269384349485,4.437451576375231,8.05467168064796
n_bins=50,persistence,4,133160,33558,0.828744263662912,4.731970866953971,5.068153471280747,4.437451576375241,33464,0.8306239540999283,4.680033100797365,4.792694654319463,4.160441071001684,94,0.1595744680851064,23.221815618705904,103.13149230949769,103.05319148936171,5747,0.0,27.631021115928544,23.733788188295378,21.822690099182182,27811,1.0,0.0,1.21099613358404,0.8448815217000589,17285,0.6720856233728667,9.060609064800868,8.70032663676736,8.05467168064796,0.43718663568926586,0.8796747500000492,"[""y@t"", ""throughput_2@t"", ""buffer_size_3@t""]",3,50,100000.0,1487,0.08120269384349485,4.437451576375231,8.05467168064796
n_bins=50,model,5,166718,33201,0.9070208728652751,0.30949116631391105,3.4422173858707246,3.286391797702804,33108,0.9091156216020297,0.28434789393313487,3.1483492192686717,2.9928823053765266,93,0.16129032258064516,9.260496133870221,108.05928469620153,107.7757710658575,5146,0.5287602020987174,1.4040101958070141,11.272692592377457,11.375910587543975,28055,0.976403493138478,0.108728559799154,2.0059092264451803,1.8025684616656388,19062,0.8541076487252125,0.44427815531238823,4.227015539976012,4.288219136166711,0.5347309805537956,1.2405392079999729,"[""y@t"", ""throughput_2@t"", ""buffer_size_3@t""]",3,50,95000.0,1699,0.06316074817023584,3.5060389747296767,5.571555975238695
n_bins=50,ar,5,166718,33201,0.8490105719707238,0.5011406997555955,4.384406301373558,3.703634401593813,33108,0.8510027787845837,0.4815239667314583,4.09321269060375,3.4114824141904454,93,0.13978494623655913,7.484697656348431,108.04933173542553,107.70974191719269,5146,0.10338126700349787,2.230862412179207,15.687304643217495,14.055294700784385,28055,0.9857779361967564,0.18386577791877842,2.311167489499422,1.8048768218527798,19062,0.7458293988039031,0.7629626378737273,5.655512801050511,4.897112825157512,0.42891734230931083,1.2405392079999729,"[""y@t"", ""throughput_2@t"", ""buffer_size_3@t""]",3,50,95000.0,1699,0.06316074817023584,3.5060389747296767,5.571555975238695
n_bins=50,persistence,5,166718,33201,0.8450046685340803,4.282679276605172,4.160537602634632,3.5060389747296794,33108,0.846985622810197,4.227943487172103,3.8631730130993187,3.2078349643590696,93,0.13978494623655913,23.76862031477724,110.02233147720611,109.66666666666667,5146,0.0,27.631021115928547,18.989816020180402,17.21278663039254,28055,1.0,0.0,1.4404710641676728,0.9918731063981491,19062,0.7342356520826776,7.343340309164516,6.132453917963369,5.571555975238695,0.48216281813939893,1.2405392079999729,"[""y@t"", ""throughput_2@t"", ""buffer_size_3@t""]",3,50,95000.0,1699,0.06316074817023584,3.5060389747296767,5.571555975238695
"ar_order=2,n_bins=50,on_change=chain,other_lags=2",model,1,33200,33558,0.8613445378151261,0.47104118998648636,5.109267923555557,4.9201789923731996,33464,0.8633755677743247,0.4618117648398701,4.7329726751462475,4.543562951757592,94,0.13829787234042554,3.7567165421818527,139.07037635726988,138.99548945152983,5662,0.47686329918756626,2.040991544068394,20.420407944398743,20.00555556565251,27896,0.9393819902494981,0.15239124358514713,2.001593891507446,1.8583277535609173,18060,0.7727574750830565,0.7919928542505822,7.693183920372993,7.65267952238395,0.33377883515340223,0.43755037500159233,"[""y@t"", ""throughput_2@t"", ""throughput_2@t-1""]",3,50,125000.0,425,0.09899278860480362,3.7463794028249597,6.396179401993355
"ar_order=2,n_bins=50,on_change=chain,other_lags=2",ar,1,33200,33558,0.8226652363072888,0.6262125359390323,5.423546957971852,4.944761812367939,33464,0.8246174994023429,0.6023600748300642,5.134588609350483,4.65367631487884,94,0.1276595744680851,9.117688690731677,108.29271906717909,108.57119891848727,5662,0.10332038149063935,2.737450754497241,21.792141036429467,20.26692489884151,27896,0.9686693432750215,0.19769838360620395,2.1012434136562885,1.834850448888826,18060,0.6833333333333333,1.0378885207355504,8.290640936475798,7.748062587152942,0.29155619232551033,0.43755037500159233,"[""y@t"", ""throughput_2@t"", ""throughput_2@t-1""]",3,50,125000.0,425,0.09899278860480362,3.7463794028249597,6.396179401993355
"ar_order=2,n_bins=50,on_change=chain,other_lags=2",persistence,1,33200,33558,0.8312771917277549,4.661983478109168,4.21012960982245,3.746379402824968,33464,0.8332536457088214,4.607372036423658,3.9177170569520148,3.4519184795601325,94,0.1276595744680851,24.103656718150432,108.30899843169747,108.57446808510639,5662,0.0,27.63102111592855,19.40512614406771,17.778523489932887,27896,1.0,0.0,1.126029008413765,0.8983008316604633,18060,0.6910299003322259,8.537159348110812,6.7841887217777765,6.396179401993355,0.3890544823821687,0.43755037500159233,"[""y@t"", ""throughput_2@t"", ""throughput_2@t-1""]",3,50,125000.0,425,0.09899278860480362,3.7463794028249597,6.396179401993355
"ar_order=2,n_bins=50,on_change=chain,other_lags=2",model,2,66758,33201,0.8507575073039969,0.46793710861605586,5.605660960926001,5.514589506950929,33108,0.8522109459949258,0.46079427758936065,5.300396026689787,5.209302320651388,93,0.3333333333333333,3.0107849541195586,114.27997754901827,114.1968278295879,7329,0.5008868877063719,1.597521232354051,17.6735695396318,17.45451081657753,25872,0.9498685837971552,0.14794939823897763,2.18707322231535,2.132257902194694,19603,0.7711064632964342,0.7219399553549918,7.899295493593778,7.997624365632073,0.3755236307517756,0.8964479999995092,"[""y@t"", ""throughput_2@t"", ""buffer_size_3@t"", ""throughput_2@t-1""]",4,50,4875000.0,1634,0.1234902563175808,5.354266437757899,8.484364638065601
"ar_order=2,n_bins=50,on_change=chain,other_lags=2",ar,2,66758,33201,0.7831691816511551,0.6672474930068854,6.477564559429991,5.983886858544231,33108,0.7850368490999154,0.6465383937862207,6.149934016150453,5.655298396303648,93,0.11827956989247312,8.03968681556354,123.11403796694559,122.96137941619187,7329,0.11420384772820302,2.3287224077554503,21.154464064490274,19.763201106485216,25872,0.9726731601731602,0.19658617381268967,2.3199039041815825,2.080493455515494,19603,0.6429628118145182,1.0247712632037005,9.23088024461816,8.72746563633754,0.29443269422687585,0.8964479999995092,"[""y@t"", ""throughput_2@t"", ""buffer_size_3@t"", ""throughput_2@t-1""]",4,50,4875000.0,1634,0.1234902563175808,5.354266437757899,8.484364638065601
"ar_order=2,n_bins=50,on_change=chain,other_lags=2",persistence,2,66758,33201,0.7792536369386465,6.09944741901269,5.907414903652184,5.354266437757902,33108,0.7811103056663042,6.048145766193494,5.577782582493081,5.0235290564214115,93,0.11827956989247312,24.362835822646673,123.25652123629257,123.09677419354838,7329,0.0,27.631021115928547,22.445914647674158,20.907217901487243,25872,1.0,0.0,1.2224015833082984,0.9484384662956117,19603,0.6303116869866857,10.21486558318289,8.930137163227748,8.484364638065601,0.378094914475604,0.8964479999995092,"[""y@t"", ""throughput_2@t"", ""buffer_size_3@t"", ""throughput_2@t-1""]",4,50,4875000.0,1634,0.1234902563175808,5.354266437757899,8.484364638065601
"ar_order=2,n_bins=50,on_change=chain,other_lags=2",model,3,99959,33201,0.885756453118882,0.34979529865285425,4.6863951959245735,4.476334044875078,33108,0.8871269783738069,0.3433011612639905,4.392654007601671,4.181811973264971,93,0.3978494623655914,2.661708209088346,109.25825823887817,109.32619153807354,6186,0.5326543808600065,1.3694924865711078,15.056849462283017,14.891953378904855,27015,0.9666111419581714,0.11630106195241685,2.311728155699021,2.091324931408183,19017,0.8191092180680444,0.5441243357168744,6.054917913196111,6.002074245962515,0.48544439562369107,1.2269104160004645,"[""y@t"", ""throughput_2@t"", ""throughput_2@t-1"", ""buffer_size_3@t""]",4,50,4875000.0,2394,0.05707659407849161,5.404445649227433,8.803070936530473
"ar_order=2,n_bins=50,on_change=chain,other_lags=2",ar,3,99959,33201,0.8240414445348032,0.5870673702750755,5.981702271192725,5.321288416818622,33108,0.8260239217107648,0.5658244834137037,5.637375221428711,4.975318724757281,93,0.11827956989247312,8.149535092923415,128.56213198718154,128.486498790656,6186,0.14468153895893954,2.2953512158595735,21.473116955698977,20.126837880536513,27015,0.979603923746067,0.19589787670536582,2.4344177537633094,1.9310559910344696,19017,0.7025819004049009,0.9043099339356591,8.235188725201313,7.510312053227611,0.3492314358579245,1.2269104160004645,"[""y@t"", ""throughput_2@t"", ""throughput_2@t-1"", ""buffer_size_3@t""]",4,50,4875000.0,2394,0.05707659407849161,5.404445649227433,8.803070936530473
"ar_order=2,n_bins=50,on_change=chain,other_lags=2",persistence,3,99959,33201,0.813680310834011,5.148203265658685,6.090757293848053,5.404445649227434,33108,0.8156336837018243,5.094229578700853,5.744448357509619,5.056421408722969,93,0.11827956989247312,24.36283582264667,129.37673863033103,129.30107526881721,6186,0.0,27.63102111592855,26.40035520737669,24.869059165858395,27015,1.0,0.0,1.4401864001560987,0.9473625763464752,19017,0.6790240311300415,8.868893773551445,9.399620804735388,8.803070936530474,0.39498327207597644,1.2269104160004645,"[""y@t"", ""throughput_2@t"", ""throughput_2@t-1"", ""buffer_size_3@t""]",4,50,4875000.0,2394,0.05707659407849161,5.404445649227433,8.803070936530473
"ar_order=2,n_bins=50,on_change=chain,other_lags=2",model,4,133160,33558,0.9003218308600036,0.2955663184820389,3.699058347986754,3.6417982879602513,33464,0.9017152761176189,0.288993267187775,3.430618916892372,3.3723170319969884,94,0.40425531914893614,2.6355725792400078,99.26349581758681,99.57712541088183,5747,0.5804767704889507,1.2037604129297663,12.641763572672792,12.82907927062807,27811,0.9664161662651469,0.10789268356092534,1.851094343590269,1.743293962067908,17285,0.8310673994793173,0.49924042004610697,5.206500250599793,5.38528685023924,0.4900415999813402,1.5623893339998176,"[""y@t"", ""throughput_2@t"", ""throughput_2@t-1"", ""buffer_size_3@t""]",4,50,5000000.0,2826,0.08579176351391621,4.437451576375231,8.05467168064796
"ar_order=2,n_bins=50,on_change=chain,other_lags=2",ar,4,133160,33558,0.8349126884796472,0.5089836243720439,4.855489848342195,4.2696683655513175,33464,0.8368097059526656,0.4885373242887623,4.57959875299232,3.9923334699886386,94,0.1595744680851064,7.787866454020281,103.07271979289789,103.00089118586536,5747,0.11571254567600488,2.2061432237477585,18.344467039702383,16.60293740526579,27811,0.9835316960914746,0.15827432885544135,2.0680621428031287,1.7210618008381082,17285,0.689962395140295,0.867738926533697,7.227924356100169,6.4738688199307886,0.3831284090157935,1.5623893339998176,"[""y@t"", ""throughput_2@t"", ""throughput_2@t-1"", ""buffer_size_3@t""]",4,50,5000000.0,2826,0.08579176351391621,4.437451576375231,8.05467168064796
"ar_order=2,n_bins=50,on_change=chain,other_lags=2",persistence,4,133160,33558,0.828744263662912,4.731970866953971,5.068153471280747,4.437451576375241,33464,0.8306239540999283,4.680033100797365,4.792694654319463,4.160441071001684,94,0.1595744680851064,23.221815618705904,103.13149230949769,103.05319148936171,5747,0.0,27.631021115928544,23.733788188295378,21.822690099182182,27811,1.0,0.0,1.21099613358404,0.8448815217000589,17285,0.6720856233728667,9.060609064800868,8.70032663676736,8.05467168064796,0.43718663568926586,1.5623893339998176,"[""y@t"", ""throughput_2@t"", ""throughput_2@t-1"", ""buffer_size_3@t""]",4,50,5000000.0,2826,0.08579176351391621,4.437451576375231,8.05467168064796
"ar_order=2,n_bins=50,on_change=chain,other_lags=2",model,5,166718,33201,0.913135146531731,0.2537066767498363,3.2957273830362737,3.1099968840880114,33108,0.914371148967017,0.24853119817645308,3.045042278888053,2.8589327639674353,93,0.4731182795698925,2.0961770488742717,92.53962445980281,92.48882364701319,5146,0.6177613680528566,1.1536309152390152,10.686833722225726,10.869134708864014,28055,0.9673142042416681,0.08863770040817477,1.9400106401573243,1.6867738134661154,19062,0.8670653656489351,0.38961885267965923,4.147892595326513,4.1990455335563786,0.5317210629083353,2.2357625830009056,"[""y@t"", ""throughput_2@t"", ""throughput_2@t-1"", ""buffer_size_3@t""]",4,50,4750000.0,3200,0.07198578356073612,3.5060389747296767,5.571555975238695
"ar_order=2,n_bins=50,on_change=chain,other_lags=2",ar,5,166718,33201,0.8490105719707238,0.5011406997555955,4.384406301373558,3.703634401593813,33108,0.8510027787845837,0.4815239667314583,4.09321269060375,3.4114824141904454,93,0.13978494623655913,7.484697656348431,108.04933173542553,107.70974191719269,5146,0.10338126700349787,2.230862412179207,15.687304643217495,14.055294700784385,28055,0.9857779361967564,0.18386577791877842,2.311167489499422,1.8048768218527798,19062,0.7458293988039031,0.7629626378737273,5.655512801050511,4.897112825157512,0.42891734230931083,2.2357625830009056,"[""y@t"", ""throughput_2@t"", ""throughput_2@t-1"", ""buffer_size_3@t""]",4,50,4750000.0,3200,0.07198578356073612,3.5060389747296767,5.571555975238695
"ar_order=2,n_bins=50,on_change=chain,other_lags=2",persistence,5,166718,33201,0.8450046685340803,4.282679276605172,4.160537602634632,3.5060389747296794,33108,0.846985622810197,4.227943487172103,3.8631730130993187,3.2078349643590696,93,0.13978494623655913,23.76862031477724,110.02233147720611,109.66666666666667,5146,0.0,27.631021115928547,18.989816020180402,17.21278663039254,28055,1.0,0.0,1.4404710641676728,0.9918731063981491,19062,0.7342356520826776,7.343340309164516,6.132453917963369,5.571555975238695,0.48216281813939893,2.2357625830009056,"[""y@t"", ""throughput_2@t"", ""throughput_2@t-1"", ""buffer_size_3@t""]",4,50,4750000.0,3200,0.07198578356073612,3.5060389747296767,5.571555975238695
"ar_order=3,max_parents=6,n_bins=50,on_change=chain,other_lags=3,velocity=binned",model,1,33200,33558,0.8613445378151261,0.47104118998648636,5.109267923555557,4.9201789923731996,33464,0.8633755677743247,0.4618117648398701,4.7329726751462475,4.543562951757592,94,0.13829787234042554,3.7567165421818527,139.07037635726988,138.99548945152983,5662,0.47686329918756626,2.040991544068394,20.420407944398743,20.00555556565251,27896,0.9393819902494981,0.15239124358514713,2.001593891507446,1.8583277535609173,18060,0.7727574750830565,0.7919928542505822,7.693183920372993,7.65267952238395,0.33377883515340223,0.6561817080000765,"[""y@t"", ""throughput_2@t"", ""throughput_2@t-1""]",3,50,125000.0,425,0.09899278860480362,3.7463794028249597,6.396179401993355
"ar_order=3,max_parents=6,n_bins=50,on_change=chain,other_lags=3,velocity=binned",ar,1,33200,33558,0.8226652363072888,0.6262125359390323,5.423546957971852,4.944761812367939,33464,0.8246174994023429,0.6023600748300642,5.134588609350483,4.65367631487884,94,0.1276595744680851,9.117688690731677,108.29271906717909,108.57119891848727,5662,0.10332038149063935,2.737450754497241,21.792141036429467,20.26692489884151,27896,0.9686693432750215,0.19769838360620395,2.1012434136562885,1.834850448888826,18060,0.6833333333333333,1.0378885207355504,8.290640936475798,7.748062587152942,0.29155619232551033,0.6561817080000765,"[""y@t"", ""throughput_2@t"", ""throughput_2@t-1""]",3,50,125000.0,425,0.09899278860480362,3.7463794028249597,6.396179401993355
"ar_order=3,max_parents=6,n_bins=50,on_change=chain,other_lags=3,velocity=binned",persistence,1,33200,33558,0.8312771917277549,4.661983478109168,4.21012960982245,3.746379402824968,33464,0.8332536457088214,4.607372036423658,3.9177170569520148,3.4519184795601325,94,0.1276595744680851,24.103656718150432,108.30899843169747,108.57446808510639,5662,0.0,27.63102111592855,19.40512614406771,17.778523489932887,27896,1.0,0.0,1.126029008413765,0.8983008316604633,18060,0.6910299003322259,8.537159348110812,6.7841887217777765,6.396179401993355,0.3890544823821687,0.6561817080000765,"[""y@t"", ""throughput_2@t"", ""throughput_2@t-1""]",3,50,125000.0,425,0.09899278860480362,3.7463794028249597,6.396179401993355
"ar_order=3,max_parents=6,n_bins=50,on_change=chain,other_lags=3,velocity=binned",model,2,66758,33201,0.8507575073039969,0.46793710861605586,5.605660960926001,5.514589506950929,33108,0.8522109459949258,0.46079427758936065,5.300396026689787,5.209302320651388,93,0.3333333333333333,3.0107849541195586,114.27997754901827,114.1968278295879,7329,0.5008868877063719,1.597521232354051,17.6735695396318,17.45451081657753,25872,0.9498685837971552,0.14794939823897763,2.18707322231535,2.132257902194694,19603,0.7711064632964342,0.7219399553549918,7.899295493593778,7.997624365632073,0.3755236307517756,1.6433917920003296,"[""y@t"", ""throughput_2@t"", ""buffer_size_3@t"", ""throughput_2@t-1""]",4,50,4875000.0,1634,0.1234902563175808,5.354266437757899,8.484364638065601
"ar_order=3,max_parents=6,n_bins=50,on_change=chain,other_lags=3,velocity=binned",ar,2,66758,33201,0.7831691816511551,0.6672474930068854,6.477564559429991,5.983886858544231,33108,0.7850368490999154,0.6465383937862207,6.149934016150453,5.655298396303648,93,0.11827956989247312,8.03968681556354,123.11403796694559,122.96137941619187,7329,0.11420384772820302,2.3287224077554503,21.154464064490274,19.763201106485216,25872,0.9726731601731602,0.19658617381268967,2.3199039041815825,2.080493455515494,19603,0.6429628118145182,1.0247712632037005,9.23088024461816,8.72746563633754,0.29443269422687585,1.6433917920003296,"[""y@t"", ""throughput_2@t"", ""buffer_size_3@t"", ""throughput_2@t-1""]",4,50,4875000.0,1634,0.1234902563175808,5.354266437757899,8.484364638065601
"ar_order=3,max_parents=6,n_bins=50,on_change=chain,other_lags=3,velocity=binned",persistence,2,66758,33201,0.7792536369386465,6.09944741901269,5.907414903652184,5.354266437757902,33108,0.7811103056663042,6.048145766193494,5.577782582493081,5.0235290564214115,93,0.11827956989247312,24.362835822646673,123.25652123629257,123.09677419354838,7329,0.0,27.631021115928547,22.445914647674158,20.907217901487243,25872,1.0,0.0,1.2224015833082984,0.9484384662956117,19603,0.6303116869866857,10.21486558318289,8.930137163227748,8.484364638065601,0.378094914475604,1.6433917920003296,"[""y@t"", ""throughput_2@t"", ""buffer_size_3@t"", ""throughput_2@t-1""]",4,50,4875000.0,1634,0.1234902563175808,5.354266437757899,8.484364638065601
"ar_order=3,max_parents=6,n_bins=50,on_change=chain,other_lags=3,velocity=binned",model,3,99959,33201,0.8794915815788681,0.36712140949595573,5.002276899413295,4.723289349073319,33108,0.880844508880029,0.3606759409577748,4.70942301924626,4.4294609721379254,93,0.3978494623655914,2.661708209088346,109.25825823887817,109.32619153807354,6186,0.47090203685742,1.511777783644255,17.13914030535127,16.80279472637809,27015,0.9730520081436239,0.10501353126233061,2.2231306092362715,1.9572771238648303,19017,0.8057001630120418,0.5801863866377311,6.7336065874075075,6.5942725473752475,0.428203388806342,2.7905146249995596,"[""y@t"", ""throughput_2@t"", ""throughput_2@t-1"", ""buffer_size_3@t"", ""throughput_2@t-2"", ""y@t-1""]",6,50,12187500000.0,5834,0.08936477816933225,5.404445649227433,8.803070936530473
"ar_order=3,max_parents=6,n_bins=50,on_change=chain,other_lags=3,velocity=binned",ar,3,99959,33201,0.8240414445348032,0.5870673702750755,5.981702271192725,5.321288416818622,33108,0.8260239217107648,0.5658244834137037,5.637375221428711,4.975318724757281,93,0.11827956989247312,8.149535092923415,128.56213198718154,128.486498790656,6186,0.14468153895893954,2.2953512158595735,21.473116955698977,20.126837880536513,27015,0.979603923746067,0.19589787670536582,2.4344177537633094,1.9310559910344696,19017,0.7025819004049009,0.9043099339356591,8.235188725201313,7.510312053227611,0.3492314358579245,2.7905146249995596,"[""y@t"", ""throughput_2@t"", ""throughput_2@t-1"", ""buffer_size_3@t"", ""throughput_2@t-2"", ""y@t-1""]",6,50,12187500000.0,5834,0.08936477816933225,5.404445649227433,8.803070936530473
"ar_order=3,max_parents=6,n_bins=50,on_change=chain,other_lags=3,velocity=binned",persistence,3,99959,33201,0.813680310834011,5.148203265658685,6.090757293848053,5.404445649227434,33108,0.8156336837018243,5.094229578700853,5.744448357509619,5.056421408722969,93,0.11827956989247312,24.36283582264667,129.37673863033103,129.30107526881721,6186,0.0,27.63102111592855,26.40035520737669,24.869059165858395,27015,1.0,0.0,1.4401864001560987,0.9473625763464752,19017,0.6790240311300415,8.868893773551445,9.399620804735388,8.803070936530474,0.39498327207597644,2.7905146249995596,"[""y@t"", ""throughput_2@t"", ""throughput_2@t-1"", ""buffer_size_3@t"", ""throughput_2@t-2"", ""y@t-1""]",6,50,12187500000.0,5834,0.08936477816933225,5.404445649227433,8.803070936530473
"ar_order=3,max_parents=6,n_bins=50,on_change=chain,other_lags=3,velocity=binned",model,4,133160,33558,0.8995470528636986,0.2916464693323122,3.855450179982754,3.7107206751346755,33464,0.9009383217786278,0.2850624072258298,3.5874500517872367,3.4414330213825775,94,0.40425531914893614,2.6355725792400078,99.26349581758681,99.57712541088183,5747,0.570210544631982,1.2414833810749766,13.803005694893645,13.957084533373779,27811,0.9676027471144512,0.09536756056293699,1.7998390353208253,1.5933623243633943,17285,0.8267862308359849,0.5004427792557251,5.65342353732992,5.737708443252884,0.4879679361926506,3.5532784160004667,"[""y@t"", ""throughput_2@t"", ""throughput_2@t-1"", ""throughput_2@t-2"", ""y@t-1""]",5,50,312500000.0,3851,0.0930627570177007,4.437451576375231,8.05467168064796
"ar_order=3,max_parents=6,n_bins=50,on_change=chain,other_lags=3,velocity=binned",ar,4,133160,33558,0.8349126884796472,0.5089836243720439,4.855489848342195,4.2696683655513175,33464,0.8368097059526656,0.4885373242887623,4.57959875299232,3.9923334699886386,94,0.1595744680851064,7.787866454020281,103.07271979289789,103.00089118586536,5747,0.11571254567600488,2.2061432237477585,18.344467039702383,16.60293740526579,27811,0.9835316960914746,0.15827432885544135,2.0680621428031287,1.7210618008381082,17285,0.689962395140295,0.867738926533697,7.227924356100169,6.4738688199307886,0.3831284090157935,3.5532784160004667,"[""y@t"", ""throughput_2@t"", ""throughput_2@t-1"", ""throughput_2@t-2"", ""y@t-1""]",5,50,312500000.0,3851,0.0930627570177007,4.437451576375231,8.05467168064796
"ar_order=3,max_parents=6,n_bins=50,on_change=chain,other_lags=3,velocity=binned",persistence,4,133160,33558,0.828744263662912,4.731970866953971,5.068153471280747,4.437451576375241,33464,0.8306239540999283,4.680033100797365,4.792694654319463,4.160441071001684,94,0.1595744680851064,23.221815618705904,103.13149230949769,103.05319148936171,5747,0.0,27.631021115928544,23.733788188295378,21.822690099182182,27811,1.0,0.0,1.21099613358404,0.8448815217000589,17285,0.6720856233728667,9.060609064800868,8.70032663676736,8.05467168064796,0.43718663568926586,3.5532784160004667,"[""y@t"", ""throughput_2@t"", ""throughput_2@t-1"", ""throughput_2@t-2"", ""y@t-1""]",5,50,312500000.0,3851,0.0930627570177007,4.437451576375231,8.05467168064796
"ar_order=3,max_parents=6,n_bins=50,on_change=chain,other_lags=3,velocity=binned",model,5,166718,33201,0.9096111562904732,0.27115336115608324,3.44034955071581,3.170443107646473,33108,0.9108372598767669,0.26602689012316694,3.190070688611633,2.9195487802887015,93,0.4731182795698925,2.0961770488742717,92.53962445980281,92.48882364701319,5146,0.6024096385542169,1.2434057600842203,11.03585518392345,10.986602594065808,28055,0.9659597219746926,0.09281756201567357,2.047140782635734,1.7367608151098883,19062,0.861924247193369,0.4177243381220904,4.2810181979790825,4.215421591391532,0.5239380836736243,4.612873874999423,"[""y@t"", ""throughput_2@t"", ""throughput_2@t-1"", ""d.buffer_size_2@t""]",4,50,625000.0,2250,0.04225776332038192,3.5060389747296767,5.571555975238695
"ar_order=3,max_parents=6,n_bins=50,on_change=chain,other_lags=3,velocity=binned",ar,5,166718,33201,0.8490105719707238,0.5011406997555955,4.384406301373558,3.703634401593813,33108,0.8510027787845837,0.4815239667314583,4.09321269060375,3.4114824141904454,93,0.13978494623655913,7.484697656348431,108.04933173542553,107.70974191719269,5146,0.10338126700349787,2.230862412179207,15.687304643217495,14.055294700784385,28055,0.9857779361967564,0.18386577791877842,2.311167489499422,1.8048768218527798,19062,0.7458293988039031,0.7629626378737273,5.655512801050511,4.897112825157512,0.42891734230931083,4.612873874999423,"[""y@t"", ""throughput_2@t"", ""throughput_2@t-1"", ""d.buffer_size_2@t""]",4,50,625000.0,2250,0.04225776332038192,3.5060389747296767,5.571555975238695
"ar_order=3,max_parents=6,n_bins=50,on_change=chain,other_lags=3,velocity=binned",persistence,5,166718,33201,0.8450046685340803,4.282679276605172,4.160537602634632,3.5060389747296794,33108,0.846985622810197,4.227943487172103,3.8631730130993187,3.2078349643590696,93,0.13978494623655913,23.76862031477724,110.02233147720611,109.66666666666667,5146,0.0,27.631021115928547,18.989816020180402,17.21278663039254,28055,1.0,0.0,1.4404710641676728,0.9918731063981491,19062,0.7342356520826776,7.343340309164516,6.132453917963369,5.571555975238695,0.48216281813939893,4.612873874999423,"[""y@t"", ""throughput_2@t"", ""throughput_2@t-1"", ""d.buffer_size_2@t""]",4,50,625000.0,2250,0.04225776332038192,3.5060389747296767,5.571555975238695
"granularity=30,n_bins=4",model,1,929,940,0.9425531914893617,0.17167460730166612,27.5555834291641,14.392658699575948,846,0.9905437352245863,0.050349279829845606,21.025126424952045,6.513153460102679,94,0.5106382978723404,1.263602554548051,86.3296964670726,85.30820585483539,56,0.03571428571428571,2.4817654893814733,151.70549130935206,137.65459615073794,884,1.0,0.025334008436881942,19.690883382455358,6.584210173257992,621,0.9871175523349437,0.060266806516564034,23.85076122254907,7.3942260281217065,0.64817557889145,0.005478166000102647,"[""y@t"", ""data_quality_1@t+h"", ""throughput_2@t""]",3,4,160.0,34,0.029787234042553193,13.597801418439717,4.866774020397209
"granularity=30,n_bins=4",ar,1,929,940,0.9425531914893617,0.24810538849096317,29.72995281094716,19.30833344134152,846,0.9905437352245863,0.08283204277830772,21.857762660914965,10.336645212938583,94,0.5106382978723404,1.7355654999048618,100.57966416123692,100.05352749696794,56,0.03571428571428571,3.2403535492845283,176.22943482995402,162.0446291216495,884,1.0,0.058551206359244094,20.449442637797404,10.266215162950965,621,0.9871175523349437,0.0869645888334784,23.65275503614814,11.200821083325097,0.64817557889145,0.005478166000102647,"[""y@t"", ""data_quality_1@t+h"", ""throughput_2@t""]",3,4,160.0,34,0.029787234042553193,13.597801418439717,4.866774020397209
"granularity=30,n_bins=4",persistence,1,929,940,0.9404255319148936,1.6461033856297858,29.702732276086344,13.597801418439717,846,0.9881796690307328,0.3266078146090845,21.339603892552542,3.5724192277383757,94,0.5106382978723404,13.521563524816095,104.97088772789056,103.82624113475178,56,0.0,27.631021115928547,193.34112103809645,178.95595238095237,884,1.0,0.0,19.33649950383231,3.12262443438914,621,0.9838969404186796,0.4449439793225209,25.73127352846808,4.866774020397208,0.6474834365911049,0.005478166000102647,"[""y@t"", ""data_quality_1@t+h"", ""throughput_2@t""]",3,4,160.0,34,0.029787234042553193,13.597801418439717,4.866774020397209
"granularity=30,n_bins=4",model,2,1869,930,0.9204301075268817,0.2668796069099257,30.50133451398431,19.03659730146581,837,0.9689366786140979,0.11848631961081037,23.211335263741546,10.341435356178687,93,0.4838709677419355,1.6024191926019642,96.11132776616915,97.29305480904992,70,0.04285714285714286,2.813398056531207,144.07179520625712,133.80773329863183,860,0.9918604651162791,0.05960484938261203,21.257227248334196,9.694760650533691,663,0.9607843137254902,0.13880750428775468,25.299680839532286,11.419568186850187,0.6475880909998625,0.0068478329994832166,"[""y@t"", ""data_quality_1@t+h"", ""throughput_1@t"", ""throughput_2@t""]",4,4,640.0,57,0.041935483870967745,15.63225806451613,6.114127702362997
"granularity=30,n_bins=4",ar,2,1869,930,0.9204301075268817,0.3177362738228585,33.69919191346554,22.438650473947998,837,0.9689366786140979,0.14155284440395002,25.41694639277406,12.825992476813466,93,0.4838709677419355,1.9033871385930345,108.2394015996888,108.95257244815879,70,0.04285714285714286,3.258786923229478,160.14319864584647,148.42807620890787,860,0.9918604651162791,0.07834843026650568,23.407237877108958,12.183697216451266,663,0.9607843137254902,0.1600858696774259,27.325607600873628,13.930270660614527,0.6475880909998625,0.0068478329994832166,"[""y@t"", ""data_quality_1@t+h"", ""throughput_1@t"", ""throughput_2@t""]",4,4,640.0,57,0.041935483870967745,15.63225806451613,6.114127702362997
"granularity=30,n_bins=4",persistence,2,1869,930,0.9247311827956989,2.079754277543009,32.553089712968216,15.63225806451613,837,0.973715651135006,0.7262633985070824,23.75856787243867,4.843090402230188,93,0.4838709677419355,14.261172188866347,111.70378627773417,112.73476702508957,70,0.0,27.631021115928537,178.2020433785653,165.75095238095236,860,1.0,0.0,20.697942321582417,3.413294573643411,663,0.9668174962292609,0.9168664623686698,27.36563464649131,6.114127702362997,0.8012275523838891,0.0068478329994832166,"[""y@t"", ""data_quality_1@t+h"", ""throughput_1@t"", ""throughput_2@t""]",4,4,640.0,57,0.041935483870967745,15.63225806451613,6.114127702362997
"granularity=30,n_bins=4",model,3,2799,930,0.921505376344086,0.24459224940458146,29.018500578466828,17.812711434016734,837,0.9796893667861409,0.09599196007501615,20.63663331659005,7.861125267422459,93,0.3978494623655914,1.5819948533706696,104.45530593535788,107.37698693336523,79,0.0759493670886076,2.483733244139697,141.28077254175102,130.6874986250862,851,1.0,0.036728396779347576,18.596973568949263,7.334323433905706,643,0.973561430793157,0.11404845668018865,23.05184807374875,9.187823685522536,0.5553072745081828,0.009010707999550505,"[""y@t"", ""data_quality_1@t+h"", ""throughput_1@t"", ""cores_1@t""]",4,4,960.0,143,0.08172043010752689,16.898172043010753,6.290772420943494
"granularity=30,n_bins=4",ar,3,2799,930,0.9204301075268817,0.316269902329472,32.82676859966702,22.503841714431204,837,0.9796893667861409,0.12252604460689306,23.376456332250246,11.692295280843453,93,0.3870967741935484,2.059964621832682,117.87957900641801,119.80775961672096,79,0.06329113924050633,3.0738542694061395,157.7248056574495,144.7652534985154,851,1.0,0.06027793405795998,21.232238720037387,11.154074933064987,643,0.973561430793157,0.13923874837218467,25.551049422729587,13.224366395490874,0.5547554697554697,0.009010707999550505,"[""y@t"", ""data_quality_1@t+h"", ""throughput_1@t"", ""cores_1@t""]",4,4,960.0,143,0.08172043010752689,16.898172043010753,6.290772420943494
"granularity=30,n_bins=4",persistence,3,2799,930,0.9150537634408602,2.347151256084253,31.973061739914474,16.898172043010756,837,0.973715651135006,0.7262633985070824,21.89417382171043,4.832696136997218,93,0.3870967741935484,16.935141974278785,122.68305300375083,125.4874551971326,79,0.0,27.631021115928537,176.97779455080024,161.9772151898734,851,1.0,0.0,18.51198783620122,3.4301997649823797,643,0.9657853810264385,0.9453848593319254,25.508563039220366,6.290772420943494,0.5533157309616453,0.009010707999550505,"[""y@t"", ""data_quality_1@t+h"", ""throughput_1@t"", ""cores_1@t""]",4,4,960.0,143,0.08172043010752689,16.898172043010753,6.290772420943494
"granularity=30,n_bins=4",model,4,3729,940,0.9404255319148936,0.17468670077801107,25.50911363365596,13.282192566573336,846,0.9822695035460993,0.06883318654322984,20.169664226225787,6.839677042266071,94,0.5638297872340425,1.127368328891042,73.56415830052748,71.26483228533871,65,0.13846153846153847,2.1305072696817633,120.28166131250454,112.79951294998317,875,1.0,0.029397172802303743,18.468867234655782,5.889477338091463,582,0.9742268041237113,0.09349514516428144,24.05218969032243,9.134378444158898,0.6366014068632995,0.011835666999104433,"[""y@t"", ""data_quality_1@t+h"", ""throughput_1@t"", ""avg_p_latency_1@t""]",4,4,640.0,110,0.009574468085106383,13.842695035460993,6.566781214203894
"granularity=30,n_bins=4",ar,4,3729,940,0.9319148936170213,0.27522116145495945,30.49713207797866,20.3295061989432,846,0.9810874704491725,0.11118675271613074,23.263619042412376,12.239204410931286,94,0.48936170212765956,1.7515308401044165,95.59874939807517,93.14222229105047,65,0.03076923076923077,3.091791054025925,151.43430806585124,141.37288587945542,875,0.9988571428571429,0.06599025514968768,21.51322757602241,11.337712279819439,582,0.9725085910652921,0.12879142537194285,25.830586966770976,14.263906250922417,0.5489717884454727,0.011835666999104433,"[""y@t"", ""data_quality_1@t+h"", ""throughput_1@t"", ""avg_p_latency_1@t""]",4,4,640.0,110,0.009574468085106383,13.842695035460993,6.566781214203894
"granularity=30,n_bins=4",persistence,4,3729,940,0.9308510638297872,1.910655715463144,29.184647395462626,13.842695035460999,846,0.9799054373522459,0.5552332848354437,21.367823656654945,4.517572892040985,94,0.48936170212765956,14.10945759111245,99.5360610447317,97.7687943262411,65,0.0,27.631021115928547,170.49893671547542,158.89179487179484,875,1.0,0.0,18.687014474547393,3.0676190476190563,582,0.9707903780068728,0.8070916820803872,26.442689339179385,6.566781214203895,0.6047219106152072,0.011835666999104433,"[""y@t"", ""data_quality_1@t+h"", ""throughput_1@t"", ""avg_p_latency_1@t""]",4,4,640.0,110,0.009574468085106383,13.842695035460993,6.566781214203894
"granularity=30,n_bins=4",model,5,4669,930,0.9408602150537635,0.16520355518525767,28.200711956613965,11.637840184375744,837,0.985663082437276,0.058277964735864426,23.344690582578167,4.7970678546743555,93,0.5376344086021505,1.1275338692297967,71.90490432293612,73.20479115168824,61,0.09836065573770492,2.208510614527377,118.83707517816987,114.27646255188932,869,1.0,0.021772334679079002,21.838435596988056,4.43305771669067,636,0.9811320754716981,0.07072833961237424,26.466510877926243,5.395105465451228,0.5982654009884034,0.013094291998640983,"[""y@t"", ""data_quality_1@t+h"", ""avg_p_latency_1@t""]",3,4,160.0,82,0.007526881720430108,12.904946236559137,4.936477987421384
"granularity=30,n_bins=4",ar,5,4669,930,0.9344086021505377,0.26277808494287125,32.44098601338586,19.721351261566006,837,0.985663082437276,0.1001937241803861,25.67406788394549,11.68866000130603,93,0.4731182795698925,1.7260373318052376,93.34324917834925,92.01557260390582,61,0.0,3.0827560899345285,150.92567068452504,141.88333971554803,869,1.0,0.06482796031169619,24.123879264318557,11.146113867212843,636,0.9811320754716981,0.10681892544278482,27.606184513540207,12.462381756375645,0.594958988380041,0.013094291998640983,"[""y@t"", ""data_quality_1@t+h"", ""avg_p_latency_1@t""]",3,4,160.0,82,0.007526881720430108,12.904946236559137,4.936477987421384
"granularity=30,n_bins=4",persistence,5,4669,930,0.9344086021505377,1.812357299001765,31.644669458982577,12.904946236559143,837,0.985663082437276,0.3961436719129541,24.352781062162787,3.7510155316606943,93,0.4731182795698925,14.558279942801061,97.2716650303607,95.29032258064517,61,0.0,27.631021115928537,168.8205415732368,159.63114754098365,869,1.0,0.0,22.015523085024576,2.605408515535099,636,0.9811320754716981,0.5213400210552556,28.5849966121713,4.936477987421385,0.5955660635964912,0.013094291998640983,"[""y@t"", ""data_quality_1@t+h"", ""avg_p_latency_1@t""]",3,4,160.0,82,0.007526881720430108,12.904946236559137,4.936477987421384
"ar_order=2,granularity=30,n_bins=4,on_change=chain,other_lags=2",model,1,929,940,0.9531914893617022,0.15788064654712175,30.809008952333453,17.7570000626056,846,0.9905437352245863,0.05055834183680425,21.05571809542088,6.584534024529957,94,0.6170212765957447,1.123781388939979,118.58862666454661,118.3091944052864,56,0.4642857142857143,1.4438662881126272,138.1941266232508,128.54254704194892,884,0.9841628959276018,0.07641549278279108,24.006331814809275,10.738911113687925,621,0.9871175523349437,0.06054257406841608,23.88934974944213,7.488382033740757,0.6450997988857925,0.008033792000787798,"[""y@t"", ""data_quality_1@t+h"", ""throughput_2@t"", ""rps@t-1""]",4,4,640.0,35,0.029787234042553193,13.597801418439717,4.866774020397209
"ar_order=2,granularity=30,n_bins=4,on_change=chain,other_lags=2",ar,1,929,940,0.9425531914893617,0.24810538849096317,29.72995281094716,19.30833344134152,846,0.9905437352245863,0.08283204277830772,21.857762660914965,10.336645212938583,94,0.5106382978723404,1.7355654999048618,100.57966416123692,100.05352749696794,56,0.03571428571428571,3.2403535492845283,176.22943482995402,162.0446291216495,884,1.0,0.058551206359244094,20.449442637797404,10.266215162950965,621,0.9871175523349437,0.0869645888334784,23.65275503614814,11.200821083325097,0.64817557889145,0.008033792000787798,"[""y@t"", ""data_quality_1@t+h"", ""throughput_2@t"", ""rps@t-1""]",4,4,640.0,35,0.029787234042553193,13.597801418439717,4.866774020397209
"ar_order=2,granularity=30,n_bins=4,on_change=chain,other_lags=2",persistence,1,929,940,0.9404255319148936,1.6461033856297858,29.702732276086344,13.597801418439717,846,0.9881796690307328,0.3266078146090845,21.339603892552542,3.5724192277383757,94,0.5106382978723404,13.521563524816095,104.97088772789056,103.82624113475178,56,0.0,27.631021115928547,193.34112103809645,178.95595238095237,884,1.0,0.0,19.33649950383231,3.12262443438914,621,0.9838969404186796,0.4449439793225209,25.73127352846808,4.866774020397208,0.6474834365911049,0.008033792000787798,"[""y@t"", ""data_quality_1@t+h"", ""throughput_2@t"", ""rps@t-1""]",4,4,640.0,35,0.029787234042553193,13.597801418439717,4.866774020397209
"ar_order=2,granularity=30,n_bins=4,on_change=chain,other_lags=2",model,2,1869,930,0.9483870967741935,0.20056462951408544,29.23577029074256,18.158197439694337,837,0.9689366786140979,0.11848631961081037,23.211335263741546,10.341435356178687,93,0.7634408602150538,0.9392694186435611,83.45568553375166,88.50905619133522,70,0.4714285714285714,1.7754597385310904,112.92541013214316,110.79917411990753,860,0.9872093023255814,0.07237549273363154,22.423822861791354,10.617652826188614,663,0.9607843137254902,0.13880750428775468,25.299680839532286,11.419568186850187,0.6572323220756143,0.011663916999168578,"[""y@t"", ""data_quality_1@t+h"", ""throughput_1@t"", ""throughput_2@t""]",4,4,640.0,57,0.041935483870967745,15.63225806451613,6.114127702362997
"ar_order=2,granularity=30,n_bins=4,on_change=chain,other_lags=2",ar,2,1869,930,0.9204301075268817,0.3177362738228585,33.69919191346554,22.438650473947998,837,0.9689366786140979,0.14155284440395002,25.41694639277406,12.825992476813466,93,0.4838709677419355,1.9033871385930345,108.2394015996888,108.95257244815879,70,0.04285714285714286,3.258786923229478,160.14319864584647,148.42807620890787,860,0.9918604651162791,0.07834843026650568,23.407237877108958,12.183697216451266,663,0.9607843137254902,0.1600858696774259,27.325607600873628,13.930270660614527,0.6475880909998625,0.011663916999168578,"[""y@t"", ""data_quality_1@t+h"", ""throughput_1@t"", ""throughput_2@t""]",4,4,640.0,57,0.041935483870967745,15.63225806451613,6.114127702362997
"ar_order=2,granularity=30,n_bins=4,on_change=chain,other_lags=2",persistence,2,1869,930,0.9247311827956989,2.079754277543009,32.553089712968216,15.63225806451613,837,0.973715651135006,0.7262633985070824,23.75856787243867,4.843090402230188,93,0.4838709677419355,14.261172188866347,111.70378627773417,112.73476702508957,70,0.0,27.631021115928537,178.2020433785653,165.75095238095236,860,1.0,0.0,20.697942321582417,3.413294573643411,663,0.9668174962292609,0.9168664623686698,27.36563464649131,6.114127702362997,0.8012275523838891,0.011663916999168578,"[""y@t"", ""data_quality_1@t+h"", ""throughput_1@t"", ""throughput_2@t""]",4,4,640.0,57,0.041935483870967745,15.63225806451613,6.114127702362997
"ar_order=2,granularity=30,n_bins=4,on_change=chain,other_lags=2",model,3,2799,930,0.9591397849462365,0.1327192378737571,25.288983707945043,11.96544770728169,837,0.9796893667861409,0.06638410535247267,20.014842647632808,4.764371284374099,93,0.7741935483870968,0.7297354305653168,72.75625325075514,76.77513551345002,79,0.569620253164557,1.3358624546773792,93.2763271950296,85.91722832382868,851,0.9952996474735605,0.021029092013021337,18.97758519386786,5.100358789881913,643,0.973561430793157,0.08436256093652623,22.90933362443575,6.010834159417815,0.5742693368069607,0.015587166999466717,"[""y@t"", ""data_quality_1@t+h"", ""y@t-1"", ""data_quality_1@t""]",4,4,1600.0,157,0.025806451612903226,16.898172043010753,6.290772420943494
"ar_order=2,granularity=30,n_bins=4,on_change=chain,other_lags=2",ar,3,2799,930,0.9204301075268817,0.316269902329472,32.82676859966702,22.503841714431204,837,0.9796893667861409,0.12252604460689306,23.376456332250246,11.692295280843453,93,0.3870967741935484,2.059964621832682,117.87957900641801,119.80775961672096,79,0.06329113924050633,3.0738542694061395,157.7248056574495,144.7652534985154,851,1.0,0.06027793405795998,21.232238720037387,11.154074933064987,643,0.973561430793157,0.13923874837218467,25.551049422729587,13.224366395490874,0.5547554697554697,0.015587166999466717,"[""y@t"", ""data_quality_1@t+h"", ""y@t-1"", ""data_quality_1@t""]",4,4,1600.0,157,0.025806451612903226,16.898172043010753,6.290772420943494
"ar_order=2,granularity=30,n_bins=4,on_change=chain,other_lags=2",persistence,3,2799,930,0.9150537634408602,2.347151256084253,31.973061739914474,16.898172043010756,837,0.973715651135006,0.7262633985070824,21.89417382171043,4.832696136997218,93,0.3870967741935484,16.935141974278785,122.68305300375083,125.4874551971326,79,0.0,27.631021115928537,176.97779455080024,161.9772151898734,851,1.0,0.0,18.51198783620122,3.4301997649823797,643,0.9657853810264385,0.9453848593319254,25.508563039220366,6.290772420943494,0.5533157309616453,0.015587166999466717,"[""y@t"", ""data_quality_1@t+h"", ""y@t-1"", ""data_quality_1@t""]",4,4,1600.0,157,0.025806451612903226,16.898172043010753,6.290772420943494
"ar_order=2,granularity=30,n_bins=4,on_change=chain,other_lags=2",model,4,3729,940,0.9712765957446808,0.09346200198926001,23.060556270078198,10.995538645086933,846,0.9822695035460993,0.05497912295957921,19.977346318795995,5.890308084672035,94,0.8723404255319149,0.4398079132563873,50.809445831618035,56.942613688821005,65,0.6153846153846154,1.0452732892311265,81.85107995577192,85.59096889697905,875,0.9977142857142857,0.022756020651292782,18.693260224855237,5.454163826374945,582,0.9742268041237113,0.07359302118629495,23.7196543036813,7.786900869272333,0.6485201363799507,0.017789666999306064,"[""y@t"", ""data_quality_1@t+h"", ""y@t-1"", ""avg_p_latency_1@t-1""]",4,4,640.0,109,0.007446808510638298,13.842695035460993,6.566781214203894
"ar_order=2,granularity=30,n_bins=4,on_change=chain,other_lags=2",ar,4,3729,940,0.9319148936170213,0.27522116145495945,30.49713207797866,20.3295061989432,846,0.9810874704491725,0.11118675271613074,23.263619042412376,12.239204410931286,94,0.48936170212765956,1.7515308401044165,95.59874939807517,93.14222229105047,65,0.03076923076923077,3.091791054025925,151.43430806585124,141.37288587945542,875,0.9988571428571429,0.06599025514968768,21.51322757602241,11.337712279819439,582,0.9725085910652921,0.12879142537194285,25.830586966770976,14.263906250922417,0.5489717884454727,0.017789666999306064,"[""y@t"", ""data_quality_1@t+h"", ""y@t-1"", ""avg_p_latency_1@t-1""]",4,4,640.0,109,0.007446808510638298,13.842695035460993,6.566781214203894
"ar_order=2,granularity=30,n_bins=4,on_change=chain,other_lags=2",persistence,4,3729,940,0.9308510638297872,1.910655715463144,29.184647395462626,13.842695035460999,846,0.9799054373522459,0.5552332848354437,21.367823656654945,4.517572892040985,94,0.48936170212765956,14.10945759111245,99.5360610447317,97.7687943262411,65,0.0,27.631021115928547,170.49893671547542,158.89179487179484,875,1.0,0.0,18.687014474547393,3.0676190476190563,582,0.9707903780068728,0.8070916820803872,26.442689339179385,6.566781214203895,0.6047219106152072,0.017789666999306064,"[""y@t"", ""data_quality_1@t+h"", ""y@t-1"", ""avg_p_latency_1@t-1""]",4,4,640.0,109,0.007446808510638298,13.842695035460993,6.566781214203894
"ar_order=2,granularity=30,n_bins=4,on_change=chain,other_lags=2",model,5,4669,930,0.9741935483870968,0.10800161614792443,26.736097227684898,10.702091998063812,837,0.985663082437276,0.04925194311908318,23.388254164894366,4.583728159728182,93,0.8709677419354839,0.6367486734074956,56.86668479279971,65.7673665430845,61,0.6557377049180327,1.1897824755668829,83.87703441761342,89.5458608713716,869,0.996547756041427,0.03206533027386634,22.72505330526184,5.167604194528974,636,0.9811320754716981,0.05911941851726029,26.470661167941554,5.135248499109959,0.6107139435063602,0.02029716700053541,"[""y@t"", ""data_quality_1@t+h"", ""avg_p_latency_1@t-1"", ""y@t-1""]",4,4,640.0,111,0.011827956989247311,12.904946236559137,4.936477987421384
"ar_order=2,granularity=30,n_bins=4,on_change=chain,other_lags=2",ar,5,4669,930,0.9344086021505377,0.26277808494287125,32.44098601338586,19.721351261566006,837,0.985663082437276,0.1001937241803861,25.67406788394549,11.68866000130603,93,0.4731182795698925,1.7260373318052376,93.34324917834925,92.01557260390582,61,0.0,3.0827560899345285,150.92567068452504,141.88333971554803,869,1.0,0.06482796031169619,24.123879264318557,11.146113867212843,636,0.9811320754716981,0.10681892544278482,27.606184513540207,12.462381756375645,0.594958988380041,0.02029716700053541,"[""y@t"", ""data_quality_1@t+h"", ""avg_p_latency_1@t-1"", ""y@t-1""]",4,4,640.0,111,0.011827956989247311,12.904946236559137,4.936477987421384
"ar_order=2,granularity=30,n_bins=4,on_change=chain,other_lags=2",persistence,5,4669,930,0.9344086021505377,1.812357299001765,31.644669458982577,12.904946236559143,837,0.985663082437276,0.3961436719129541,24.352781062162787,3.7510155316606943,93,0.4731182795698925,14.558279942801061,97.2716650303607,95.29032258064517,61,0.0,27.631021115928537,168.8205415732368,159.63114754098365,869,1.0,0.0,22.015523085024576,2.605408515535099,636,0.9811320754716981,0.5213400210552556,28.5849966121713,4.936477987421385,0.5955660635964912,0.02029716700053541,"[""y@t"", ""data_quality_1@t+h"", ""avg_p_latency_1@t-1"", ""y@t-1""]",4,4,640.0,111,0.011827956989247311,12.904946236559137,4.936477987421384
"ar_order=3,granularity=30,max_parents=6,n_bins=4,on_change=chain,other_lags=3,velocity=binned",model,1,929,940,0.9531914893617022,0.16631868043960266,30.851988690069884,18.72823715472749,846,0.9905437352245863,0.05993393505067193,21.103473359572472,7.663686349109837,94,0.6170212765957447,1.123781388939979,118.58862666454661,118.3091944052864,56,0.4642857142857143,1.442533395288816,137.94377132086873,128.29219173956685,884,0.9841628959276018,0.08547249940843077,24.067893862779457,11.787534149353057,621,0.9871175523349437,0.07115318743485881,23.843998753215807,8.807986075315256,0.6450997988857925,0.017429749999791966,"[""y@t"", ""data_quality_1@t+h"", ""d.buffer_size_3@t"", ""throughput_2@t""]",4,4,800.0,94,0.06382978723404255,13.597801418439717,4.866774020397209
"ar_order=3,granularity=30,max_parents=6,n_bins=4,on_change=chain,other_lags=3,velocity=binned",ar,1,929,940,0.9425531914893617,0.24810538849096317,29.72995281094716,19.30833344134152,846,0.9905437352245863,0.08283204277830772,21.857762660914965,10.336645212938583,94,0.5106382978723404,1.7355654999048618,100.57966416123692,100.05352749696794,56,0.03571428571428571,3.2403535492845283,176.22943482995402,162.0446291216495,884,1.0,0.058551206359244094,20.449442637797404,10.266215162950965,621,0.9871175523349437,0.0869645888334784,23.65275503614814,11.200821083325097,0.64817557889145,0.017429749999791966,"[""y@t"", ""data_quality_1@t+h"", ""d.buffer_size_3@t"", ""throughput_2@t""]",4,4,800.0,94,0.06382978723404255,13.597801418439717,4.866774020397209
"ar_order=3,granularity=30,max_parents=6,n_bins=4,on_change=chain,other_lags=3,velocity=binned",persistence,1,929,940,0.9404255319148936,1.6461033856297858,29.702732276086344,13.597801418439717,846,0.9881796690307328,0.3266078146090845,21.339603892552542,3.5724192277383757,94,0.5106382978723404,13.521563524816095,104.97088772789056,103.82624113475178,56,0.0,27.631021115928547,193.34112103809645,178.95595238095237,884,1.0,0.0,19.33649950383231,3.12262443438914,621,0.9838969404186796,0.4449439793225209,25.73127352846808,4.866774020397208,0.6474834365911049,0.017429749999791966,"[""y@t"", ""data_quality_1@t+h"", ""d.buffer_size_3@t"", ""throughput_2@t""]",4,4,800.0,94,0.06382978723404255,13.597801418439717,4.866774020397209
"ar_order=3,granularity=30,max_parents=6,n_bins=4,on_change=chain,other_lags=3,velocity=binned",model,2,1869,930,0.9483870967741935,0.20056462951408544,29.23577029074256,18.158197439694337,837,0.9689366786140979,0.11848631961081037,23.211335263741546,10.341435356178687,93,0.7634408602150538,0.9392694186435611,83.45568553375166,88.50905619133522,70,0.4714285714285714,1.7754597385310904,112.92541013214316,110.79917411990753,860,0.9872093023255814,0.07237549273363154,22.423822861791354,10.617652826188614,663,0.9607843137254902,0.13880750428775468,25.299680839532286,11.419568186850187,0.6572323220756143,0.023590958000568207,"[""y@t"", ""data_quality_1@t+h"", ""throughput_1@t"", ""throughput_2@t""]",4,4,640.0,57,0.041935483870967745,15.63225806451613,6.114127702362997
"ar_order=3,granularity=30,max_parents=6,n_bins=4,on_change=chain,other_lags=3,velocity=binned",ar,2,1869,930,0.9204301075268817,0.3177362738228585,33.69919191346554,22.438650473947998,837,0.9689366786140979,0.14155284440395002,25.41694639277406,12.825992476813466,93,0.4838709677419355,1.9033871385930345,108.2394015996888,108.95257244815879,70,0.04285714285714286,3.258786923229478,160.14319864584647,148.42807620890787,860,0.9918604651162791,0.07834843026650568,23.407237877108958,12.183697216451266,663,0.9607843137254902,0.1600858696774259,27.325607600873628,13.930270660614527,0.6475880909998625,0.023590958000568207,"[""y@t"", ""data_quality_1@t+h"", ""throughput_1@t"", ""throughput_2@t""]",4,4,640.0,57,0.041935483870967745,15.63225806451613,6.114127702362997
"ar_order=3,granularity=30,max_parents=6,n_bins=4,on_change=chain,other_lags=3,velocity=binned",persistence,2,1869,930,0.9247311827956989,2.079754277543009,32.553089712968216,15.63225806451613,837,0.973715651135006,0.7262633985070824,23.75856787243867,4.843090402230188,93,0.4838709677419355,14.261172188866347,111.70378627773417,112.73476702508957,70,0.0,27.631021115928537,178.2020433785653,165.75095238095236,860,1.0,0.0,20.697942321582417,3.413294573643411,663,0.9668174962292609,0.9168664623686698,27.36563464649131,6.114127702362997,0.8012275523838891,0.023590958000568207,"[""y@t"", ""data_quality_1@t+h"", ""throughput_1@t"", ""throughput_2@t""]",4,4,640.0,57,0.041935483870967745,15.63225806451613,6.114127702362997
"ar_order=3,granularity=30,max_parents=6,n_bins=4,on_change=chain,other_lags=3,velocity=binned",model,3,2799,930,0.9591397849462365,0.1327192378737571,25.288983707945043,11.96544770728169,837,0.9796893667861409,0.06638410535247267,20.014842647632808,4.764371284374099,93,0.7741935483870968,0.7297354305653168,72.75625325075514,76.77513551345002,79,0.569620253164557,1.3358624546773792,93.2763271950296,85.91722832382868,851,0.9952996474735605,0.021029092013021337,18.97758519386786,5.100358789881913,643,0.973561430793157,0.08436256093652623,22.90933362443575,6.010834159417815,0.5742693368069607,0.031777707999935956,"[""y@t"", ""data_quality_1@t+h"", ""y@t-1"", ""data_quality_1@t""]",4,4,1600.0,157,0.025806451612903226,16.898172043010753,6.290772420943494
"ar_order=3,granularity=30,max_parents=6,n_bins=4,on_change=chain,other_lags=3,velocity=binned",ar,3,2799,930,0.9204301075268817,0.316269902329472,32.82676859966702,22.503841714431204,837,0.9796893667861409,0.12252604460689306,23.376456332250246,11.692295280843453,93,0.3870967741935484,2.059964621832682,117.87957900641801,119.80775961672096,79,0.06329113924050633,3.0738542694061395,157.7248056574495,144.7652534985154,851,1.0,0.06027793405795998,21.232238720037387,11.154074933064987,643,0.973561430793157,0.13923874837218467,25.551049422729587,13.224366395490874,0.5547554697554697,0.031777707999935956,"[""y@t"", ""data_quality_1@t+h"", ""y@t-1"", ""data_quality_1@t""]",4,4,1600.0,157,0.025806451612903226,16.898172043010753,6.290772420943494
"ar_order=3,granularity=30,max_parents=6,n_bins=4,on_change=chain,other_lags=3,velocity=binned",persistence,3,2799,930,0.9150537634408602,2.347151256084253,31.973061739914474,16.898172043010756,837,0.973715651135006,0.7262633985070824,21.89417382171043,4.832696136997218,93,0.3870967741935484,16.935141974278785,122.68305300375083,125.4874551971326,79,0.0,27.631021115928537,176.97779455080024,161.9772151898734,851,1.0,0.0,18.51198783620122,3.4301997649823797,643,0.9657853810264385,0.9453848593319254,25.508563039220366,6.290772420943494,0.5533157309616453,0.031777707999935956,"[""y@t"", ""data_quality_1@t+h"", ""y@t-1"", ""data_quality_1@t""]",4,4,1600.0,157,0.025806451612903226,16.898172043010753,6.290772420943494
"ar_order=3,granularity=30,max_parents=6,n_bins=4,on_change=chain,other_lags=3,velocity=binned",model,4,3729,940,0.9712765957446808,0.09649362541482333,23.01516764633803,11.33065461698017,846,0.9822695035460993,0.05834759343242734,19.92691451464025,6.262659164553409,94,0.8723404255319149,0.4398079132563873,50.809445831618035,56.942613688821005,65,0.6153846153846154,1.0724950276507996,82.24638757729838,85.12248446199303,875,0.9977142857142857,0.023990664105865082,18.6151341657524,5.848975828493498,582,0.9742268041237113,0.07836924323913974,23.63327072710741,8.298784319286021,0.6485201363799507,0.04911316600009741,"[""y@t"", ""data_quality_1@t+h"", ""y@t-1"", ""avg_p_latency_1@t-1"", ""throughput_1@t""]",5,4,2560.0,141,0.015957446808510637,13.842695035460993,6.566781214203894
"ar_order=3,granularity=30,max_parents=6,n_bins=4,on_change=chain,other_lags=3,velocity=binned",ar,4,3729,940,0.9319148936170213,0.27522116145495945,30.49713207797866,20.3295061989432,846,0.9810874704491725,0.11118675271613074,23.263619042412376,12.239204410931286,94,0.48936170212765956,1.7515308401044165,95.59874939807517,93.14222229105047,65,0.03076923076923077,3.091791054025925,151.43430806585124,141.37288587945542,875,0.9988571428571429,0.06599025514968768,21.51322757602241,11.337712279819439,582,0.9725085910652921,0.12879142537194285,25.830586966770976,14.263906250922417,0.5489717884454727,0.04911316600009741,"[""y@t"", ""data_quality_1@t+h"", ""y@t-1"", ""avg_p_latency_1@t-1"", ""throughput_1@t""]",5,4,2560.0,141,0.015957446808510637,13.842695035460993,6.566781214203894
"ar_order=3,granularity=30,max_parents=6,n_bins=4,on_change=chain,other_lags=3,velocity=binned",persistence,4,3729,940,0.9308510638297872,1.910655715463144,29.184647395462626,13.842695035460999,846,0.9799054373522459,0.5552332848354437,21.367823656654945,4.517572892040985,94,0.48936170212765956,14.10945759111245,99.5360610447317,97.7687943262411,65,0.0,27.631021115928547,170.49893671547542,158.89179487179484,875,1.0,0.0,18.687014474547393,3.0676190476190563,582,0.9707903780068728,0.8070916820803872,26.442689339179385,6.566781214203895,0.6047219106152072,0.04911316600009741,"[""y@t"", ""data_quality_1@t+h"", ""y@t-1"", ""avg_p_latency_1@t-1"", ""throughput_1@t""]",5,4,2560.0,141,0.015957446808510637,13.842695035460993,6.566781214203894
"ar_order=3,granularity=30,max_parents=6,n_bins=4,on_change=chain,other_lags=3,velocity=binned",model,5,4669,930,0.9741935483870968,0.10800161614792443,26.736097227684898,10.702091998063812,837,0.985663082437276,0.04925194311908318,23.388254164894366,4.583728159728182,93,0.8709677419354839,0.6367486734074956,56.86668479279971,65.7673665430845,61,0.6557377049180327,1.1897824755668829,83.87703441761342,89.5458608713716,869,0.996547756041427,0.03206533027386634,22.72505330526184,5.167604194528974,636,0.9811320754716981,0.05911941851726029,26.470661167941554,5.135248499109959,0.6107139435063602,0.052736000001459615,"[""y@t"", ""data_quality_1@t+h"", ""avg_p_latency_1@t-1"", ""y@t-1""]",4,4,640.0,111,0.011827956989247311,12.904946236559137,4.936477987421384
"ar_order=3,granularity=30,max_parents=6,n_bins=4,on_change=chain,other_lags=3,velocity=binned",ar,5,4669,930,0.9344086021505377,0.26277808494287125,32.44098601338586,19.721351261566006,837,0.985663082437276,0.1001937241803861,25.67406788394549,11.68866000130603,93,0.4731182795698925,1.7260373318052376,93.34324917834925,92.01557260390582,61,0.0,3.0827560899345285,150.92567068452504,141.88333971554803,869,1.0,0.06482796031169619,24.123879264318557,11.146113867212843,636,0.9811320754716981,0.10681892544278482,27.606184513540207,12.462381756375645,0.594958988380041,0.052736000001459615,"[""y@t"", ""data_quality_1@t+h"", ""avg_p_latency_1@t-1"", ""y@t-1""]",4,4,640.0,111,0.011827956989247311,12.904946236559137,4.936477987421384
"ar_order=3,granularity=30,max_parents=6,n_bins=4,on_change=chain,other_lags=3,velocity=binned",persistence,5,4669,930,0.9344086021505377,1.812357299001765,31.644669458982577,12.904946236559143,837,0.985663082437276,0.3961436719129541,24.352781062162787,3.7510155316606943,93,0.4731182795698925,14.558279942801061,97.2716650303607,95.29032258064517,61,0.0,27.631021115928537,168.8205415732368,159.63114754098365,869,1.0,0.0,22.015523085024576,2.605408515535099,636,0.9811320754716981,0.5213400210552556,28.5849966121713,4.936477987421385,0.5955660635964912,0.052736000001459615,"[""y@t"", ""data_quality_1@t+h"", ""avg_p_latency_1@t-1"", ""y@t-1""]",4,4,640.0,111,0.011827956989247311,12.904946236559137,4.936477987421384
"granularity=30,n_bins=10",model,1,929,940,0.9106382978723404,0.37701199266205265,22.29082780648716,14.403969448608597,846,0.975177304964539,0.11547944750276644,13.914932036920119,5.161844208858061,94,0.32978723404255317,2.7308048990956286,97.67388973259054,97.58309660636347,83,0.012048192771084338,3.8033144851097767,118.28993862858427,117.86065450646569,857,0.9976662777129521,0.04517639537715058,12.99336433130156,4.384243824568764,621,0.966183574879227,0.1491039053575882,14.477637428490171,5.825890841399277,0.431346064140733,0.005576290999670164,"[""y@t"", ""data_quality_1@t+h"", ""data_quality_1@t"", ""throughput_2@t""]",4,10,10000.0,102,0.19361702127659575,13.597801418439717,4.866774020397209
"granularity=30,n_bins=10",ar,1,929,940,0.9106382978723404,0.4347011683382621,23.708332462652194,18.91839178510784,846,0.975177304964539,0.1645094075303022,15.181408569610012,9.842694199252449,94,0.32978723404255317,2.866427015609902,100.45064750003186,100.59967005780638,83,0.012048192771084338,3.9967499894280665,122.02127401940449,121.24971592505769,857,0.9976662777129521,0.08971861040307696,14.186775695778872,9.007656775054354,621,0.966183574879227,0.19609391710209276,14.713932403860852,10.634662547016783,0.431346064140733,0.005576290999670164,"[""y@t"", ""data_quality_1@t+h"", ""data_quality_1@t"", ""throughput_2@t""]",4,10,10000.0,102,0.19361702127659575,13.597801418439717,4.866774020397209
"granularity=30,n_bins=10",persistence,1,929,940,0.9117021276595745,2.439760375129861,23.529541840088164,13.59780141843972,846,0.9763593380614657,0.653215629218169,14.556166216379829,3.572419227738383,94,0.32978723404255317,18.518663088335085,104.28992245346318,103.82624113475177,83,0.0,27.631021115928544,136.34086062265797,134.36586345381525,857,1.0,0.0,12.60382485181127,1.9014780241151366,621,0.9677938808373591,0.8898879586450418,16.53734007747613,4.866774020397207,0.4858198134876698,0.005576290999670164,"[""y@t"", ""data_quality_1@t+h"", ""data_quality_1@t"", ""throughput_2@t""]",4,10,10000.0,102,0.19361702127659575,13.597801418439717,4.866774020397209
"granularity=30,n_bins=10",model,2,1869,930,0.8913978494623656,0.39364009260182387,24.518778937296517,19.275640606282934,837,0.954599761051374,0.16347264691119193,16.5582840583897,10.659522500290716,93,0.3225806451612903,2.465147103817512,96.16323284745786,96.8207035602129,83,0.03614457831325301,3.572137057083448,124.82029814661384,121.21729928972326,847,0.9752066115702479,0.08216990599972858,14.689940573219376,9.286080192203187,663,0.942684766214178,0.19427847435608364,18.104197662793812,12.161322263868875,0.5138189261209051,0.007411583001157851,"[""y@t"", ""data_quality_1@t+h"", ""throughput_2@t""]",3,10,1000.0,85,0.08602150537634409,15.63225806451613,6.114127702362997
"granularity=30,n_bins=10",ar,2,1869,930,0.8913978494623656,0.466648289622956,26.165772755329627,23.33736896360431,837,0.954599761051374,0.19253776596890915,17.027925867945406,13.82717430875439,93,0.3225806451612903,2.9336430025093767,108.40639474178762,108.9291208572536,83,0.03614457831325301,4.041492846428957,138.15908601757488,134.62296019395146,847,0.9752066115702479,0.11633884663016011,15.191221396691665,12.43216935071315,663,0.942684766214178,0.2229213321192106,17.789803383453666,15.381973507497333,0.5138189261209051,0.007411583001157851,"[""y@t"", ""data_quality_1@t+h"", ""throughput_2@t""]",3,10,1000.0,85,0.08602150537634409,15.63225806451613,6.114127702362997
"granularity=30,n_bins=10",persistence,2,1869,930,0.910752688172043,2.4659943576581393,24.195188466121714,15.63225806451613,837,0.97610513739546,0.6602394531882568,14.421069590377753,4.843090402230187,93,0.3225806451612903,18.717788497887078,112.16225834781736,112.73476702508957,83,0.0,27.631021115928544,155.11095117416514,151.56064257028112,847,1.0,0.0,11.366371105120999,2.3122392758756396,663,0.9698340874811463,0.8335149657896997,16.415210276692797,6.114127702362997,0.6715443376745751,0.007411583001157851,"[""y@t"", ""data_quality_1@t+h"", ""throughput_2@t""]",3,10,1000.0,85,0.08602150537634409,15.63225806451613,6.114127702362997
"granularity=30,n_bins=10",model,3,2799,930,0.8849462365591397,0.4353547779502643,22.607421250236733,15.234918435562518,837,0.9581839904420549,0.1815628307680006,12.860056595442256,4.576667517559124,93,0.22580645161290322,2.719482302590638,110.33370314338701,111.15917669759304,112,0.044642857142857144,3.4077391223144278,109.88097474350697,106.76118936746468,818,1.0,0.02837794840407077,10.657986053114152,2.703204078138259,643,0.9455676516329704,0.2339498376575825,14.638328501142885,5.801353890668938,0.4868139144895558,0.009454375000132131,"[""y@t"", ""data_quality_1@t+h"", ""data_quality_1@t""]",3,10,1000.0,177,0.05161290322580645,16.898172043010753,6.290772420943494
"granularity=30,n_bins=10",ar,3,2799,930,0.8849462365591397,0.5221729038421591,24.876631298341973,22.218345214834866,837,0.9581839904420549,0.23315748764705757,14.371233223512526,11.327922001547392,93,0.22580645161290322,3.123311649598073,119.42521397180703,120.23215413442216,112,0.044642857142857144,3.7362858100320264,117.72207777037845,115.00788101801263,818,1.0,0.0820987650973361,12.16429632906559,9.513665496062364,643,0.9455676516329704,0.2825888304263523,14.88732256620392,12.736402914561523,0.4868139144895558,0.009454375000132131,"[""y@t"", ""data_quality_1@t+h"", ""data_quality_1@t""]",3,10,1000.0,177,0.05161290322580645,16.898172043010753,6.290772420943494
"granularity=30,n_bins=10",persistence,3,2799,930,0.8795698924731182,3.3276068440688142,24.86289875935073,16.898172043010756,837,0.9522102747909199,1.3204789063765137,13.774251940172194,4.832696136997218,93,0.22580645161290322,21.391758283299517,124.66072013195752,125.4874551971326,112,0.0,27.631021115928547,130.22792931543623,127.10565476190474,818,1.0,0.0,10.436390908150756,1.8086389568052215,643,0.937791601866252,1.7188815624216827,15.962673837426522,6.290772420943494,0.48606700997368407,0.009454375000132131,"[""y@t"", ""data_quality_1@t+h"", ""data_quality_1@t""]",3,10,1000.0,177,0.05161290322580645,16.898172043010753,6.290772420943494
"granularity=30,n_bins=10",model,4,3729,940,0.9180851063829787,0.3459658482382767,19.67210995036147,14.539041195492423,846,0.9787234042553191,0.12656783397884708,13.654382956828897,8.002109678472038,94,0.3723404255319149,2.320547976573143,73.83165289215464,73.37142484867586,85,0.09411764705882353,3.224213086008959,100.43157939286526,99.19043389852257,855,1.0,0.059824309980372664,11.643390766018989,6.123405663612233,582,0.9690721649484536,0.171340793727504,15.902018164158479,10.51117902982949,0.6080568523102072,0.012150542001108988,"[""y@t"", ""data_quality_1@t+h"", ""data_quality_2@t+h""]",3,10,1000.0,202,0.045744680851063826,13.842695035460993,6.566781214203894
"granularity=30,n_bins=10",ar,4,3729,940,0.9117021276595745,0.43967020772432003,23.46246055869263,19.770465308343162,846,0.9787234042553191,0.17185690225971087,15.638915563083899,11.60202057083798,94,0.30851063829787234,2.849989956905803,93.87436551917128,93.2864679458898,85,0.023529411764705882,3.799047593902779,121.81717637180132,120.34633209417227,855,1.0,0.10569701728552598,13.684506355050244,9.771694926126234,582,0.9690721649484536,0.2137634285598741,16.33865073190429,13.314151345487982,0.6052714035340943,0.012150542001108988,"[""y@t"", ""data_quality_1@t+h"", ""data_quality_2@t+h""]",3,10,1000.0,202,0.045744680851063826,13.842695035460993,6.566781214203894
"granularity=30,n_bins=10",persistence,4,3729,940,0.9095744680851063,2.4985497817594964,21.197609497691932,13.842695035460991,846,0.9763593380614657,0.653215629218169,12.643674421135415,4.517572892040977,94,0.30851063829787234,19.106557154631442,98.18302518670063,97.7687943262411,85,0.0,27.63102111592854,135.63036804901233,134.0062745098039,855,1.0,0.0,9.821253384402771,1.8966081871345022,582,0.9656357388316151,0.9495196259769261,15.336198414661476,6.566781214203894,0.6050874339907932,0.012150542001108988,"[""y@t"", ""data_quality_1@t+h"", ""data_quality_2@t+h""]",3,10,1000.0,202,0.045744680851063826,13.842695035460993,6.566781214203894
"granularity=30,n_bins=10",model,5,4669,930,0.9204301075268817,0.2836631771716522,20.07427230159401,12.198720414178686,837,0.985663082437276,0.08069137351431281,13.233354509848727,4.470934903825366,93,0.3333333333333333,2.1104094100877067,81.64253242730155,81.74879000735855,74,0.0,3.2475932981188116,114.93407620237326,114.63465486846584,856,1.0,0.027435573257995907,11.873775235405152,3.343277482382833,636,0.9811320754716981,0.09980913268457066,14.74659762300028,5.1090054070120114,0.4716481732274487,0.015069999999468564,"[""y@t"", ""data_quality_1@t+h"", ""avg_p_latency_1@t""]",3,10,1000.0,238,0.024731182795698924,12.904946236559137,4.936477987421384
"granularity=30,n_bins=10",ar,5,4669,930,0.9204301075268817,0.39388650946686626,23.817769332064795,19.392185356202518,837,0.985663082437276,0.14675544129549462,16.328349714222416,11.297993562023754,93,0.3333333333333333,2.618066123009211,91.22254589264618,92.23991150381143,74,0.0,3.829972411903331,127.58495498964172,127.14456317296181,856,1.0,0.09684170014408788,14.847241599984544,10.077143348678932,636,0.9811320754716981,0.16580467120925751,16.641425117821363,11.78470504934152,0.4716481732274487,0.015069999999468564,"[""y@t"", ""data_quality_1@t+h"", ""avg_p_latency_1@t""]",3,10,1000.0,238,0.024731182795698924,12.904946236559137,4.936477987421384
"granularity=30,n_bins=10",persistence,5,4669,930,0.9204301075268817,2.1985973791168956,21.66505987717639,12.904946236559146,837,0.985663082437276,0.3961436719129541,13.564488966923738,3.751015531660699,93,0.3333333333333333,18.420680743952364,94.57019806945019,95.29032258064518,74,0.0,27.631021115928544,141.41010703139426,140.85945945945946,856,1.0,0.0,11.313268417582787,1.84345794392524,636,0.9811320754716981,0.5213400210552556,15.929045709693668,4.936477987421385,0.47198061938032826,0.015069999999468564,"[""y@t"", ""data_quality_1@t+h"", ""avg_p_latency_1@t""]",3,10,1000.0,238,0.024731182795698924,12.904946236559137,4.936477987421384
"ar_order=2,granularity=30,n_bins=10,on_change=chain,other_lags=2",model,1,929,940,0.926595744680851,0.29299662503987445,25.456823464549196,17.95318170611178,846,0.975177304964539,0.11547944750276644,13.914932036920119,5.161844208858061,94,0.48936170212765956,1.8906512228738461,129.33384631321084,133.07521918139528,83,0.37349397590361444,2.1407117560967603,114.06467130313288,116.25425573682784,857,0.9801633605600933,0.1140463848091609,16.875199928256954,8.432774302903576,621,0.966183574879227,0.1491039053575882,14.477637428490171,5.825890841399277,0.4387216515722082,0.0081798749997688,"[""y@t"", ""data_quality_1@t+h"", ""data_quality_1@t"", ""throughput_2@t""]",4,10,10000.0,102,0.19361702127659575,13.597801418439717,4.866774020397209
"ar_order=2,granularity=30,n_bins=10,on_change=chain,other_lags=2",ar,1,929,940,0.9106382978723404,0.4347011683382621,23.708332462652194,18.91839178510784,846,0.975177304964539,0.1645094075303022,15.181408569610012,9.842694199252449,94,0.32978723404255317,2.866427015609902,100.45064750003186,100.59967005780638,83,0.012048192771084338,3.9967499894280665,122.02127401940449,121.24971592505769,857,0.9976662777129521,0.08971861040307696,14.186775695778872,9.007656775054354,621,0.966183574879227,0.19609391710209276,14.713932403860852,10.634662547016783,0.431346064140733,0.0081798749997688,"[""y@t"", ""data_quality_1@t+h"", ""data_quality_1@t"", ""throughput_2@t""]",4,10,10000.0,102,0.19361702127659575,13.597801418439717,4.866774020397209
"ar_order=2,granularity=30,n_bins=10,on_change=chain,other_lags=2",persistence,1,929,940,0.9117021276595745,2.439760375129861,23.529541840088164,13.59780141843972,846,0.9763593380614657,0.653215629218169,14.556166216379829,3.572419227738383,94,0.32978723404255317,18.518663088335085,104.28992245346318,103.82624113475177,83,0.0,27.631021115928544,136.34086062265797,134.36586345381525,857,1.0,0.0,12.60382485181127,1.9014780241151366,621,0.9677938808373591,0.8898879586450418,16.53734007747613,4.866774020397207,0.4858198134876698,0.0081798749997688,"[""y@t"", ""data_quality_1@t+h"", ""data_quality_1@t"", ""throughput_2@t""]",4,10,10000.0,102,0.19361702127659575,13.597801418439717,4.866774020397209
"ar_order=2,granularity=30,n_bins=10,on_change=chain,other_lags=2",model,2,1869,930,0.9236559139784947,0.3009070658254611,24.4608967757266,19.230426016177542,837,0.954599761051374,0.16347264691119193,16.5582840583897,10.659522500290716,93,0.6451612903225806,1.5378168360538844,95.58441123175868,96.368557659159,83,0.4457831325301205,2.2980080824169486,106.68571325563792,104.7545493974477,847,0.9704840613931524,0.10520531331413478,16.40344722692773,10.849667762759099,663,0.942684766214178,0.19427847435608364,18.104197662793812,12.161322263868875,0.5239678130388774,0.01151449999997567,"[""y@t"", ""data_quality_1@t+h"", ""throughput_2@t""]",3,10,1000.0,85,0.08602150537634409,15.63225806451613,6.114127702362997
"ar_order=2,granularity=30,n_bins=10,on_change=chain,other_lags=2",ar,2,1869,930,0.8913978494623656,0.466648289622956,26.165772755329627,23.33736896360431,837,0.954599761051374,0.19253776596890915,17.027925867945406,13.82717430875439,93,0.3225806451612903,2.9336430025093767,108.40639474178762,108.9291208572536,83,0.03614457831325301,4.041492846428957,138.15908601757488,134.62296019395146,847,0.9752066115702479,0.11633884663016011,15.191221396691665,12.43216935071315,663,0.942684766214178,0.2229213321192106,17.789803383453666,15.381973507497333,0.5138189261209051,0.01151449999997567,"[""y@t"", ""data_quality_1@t+h"", ""throughput_2@t""]",3,10,1000.0,85,0.08602150537634409,15.63225806451613,6.114127702362997
"ar_order=2,granularity=30,n_bins=10,on_change=chain,other_lags=2",persistence,2,1869,930,0.910752688172043,2.4659943576581393,24.195188466121714,15.63225806451613,837,0.97610513739546,0.6602394531882568,14.421069590377753,4.843090402230187,93,0.3225806451612903,18.717788497887078,112.16225834781736,112.73476702508957,83,0.0,27.631021115928544,155.11095117416514,151.56064257028112,847,1.0,0.0,11.366371105120999,2.3122392758756396,663,0.9698340874811463,0.8335149657896997,16.415210276692797,6.114127702362997,0.6715443376745751,0.01151449999997567,"[""y@t"", ""data_quality_1@t+h"", ""throughput_2@t""]",3,10,1000.0,85,0.08602150537634409,15.63225806451613,6.114127702362997
"ar_order=2,granularity=30,n_bins=10,on_change=chain,other_lags=2",model,3,2799,930,0.9279569892473118,0.3042579005975809,20.2696788901853,13.012012983105086,837,0.9581839904420549,0.17467615123319677,12.806635575188102,4.705914341744072,93,0.6559139784946236,1.4704936448770387,87.43706872516009,87.76690075535421,112,0.44642857142857145,2.125977403225057,78.76492023805402,76.13276203840792,818,0.9938875305623472,0.05482931344076268,12.260550490477115,4.369563234701762,643,0.9455676516329704,0.2240566461591825,14.492669125260383,5.879279710277037,0.4941336835381921,0.015117250000912463,"[""y@t"", ""data_quality_1@t+h"", ""data_quality_1@t"", ""y@t-1""]",4,10,10000.0,215,0.0956989247311828,16.898172043010753,6.290772420943494
"ar_order=2,granularity=30,n_bins=10,on_change=chain,other_lags=2",ar,3,2799,930,0.8849462365591397,0.5221729038421591,24.876631298341973,22.218345214834866,837,0.9581839904420549,0.23315748764705757,14.371233223512526,11.327922001547392,93,0.22580645161290322,3.123311649598073,119.42521397180703,120.23215413442216,112,0.044642857142857144,3.7362858100320264,117.72207777037845,115.00788101801263,818,1.0,0.0820987650973361,12.16429632906559,9.513665496062364,643,0.9455676516329704,0.2825888304263523,14.88732256620392,12.736402914561523,0.4868139144895558,0.015117250000912463,"[""y@t"", ""data_quality_1@t+h"", ""data_quality_1@t"", ""y@t-1""]",4,10,10000.0,215,0.0956989247311828,16.898172043010753,6.290772420943494
"ar_order=2,granularity=30,n_bins=10,on_change=chain,other_lags=2",persistence,3,2799,930,0.8795698924731182,3.3276068440688142,24.86289875935073,16.898172043010756,837,0.9522102747909199,1.3204789063765137,13.774251940172194,4.832696136997218,93,0.22580645161290322,21.391758283299517,124.66072013195752,125.4874551971326,112,0.0,27.631021115928547,130.22792931543623,127.10565476190474,818,1.0,0.0,10.436390908150756,1.8086389568052215,643,0.937791601866252,1.7188815624216827,15.962673837426522,6.290772420943494,0.48606700997368407,0.015117250000912463,"[""y@t"", ""data_quality_1@t+h"", ""data_quality_1@t"", ""y@t-1""]",4,10,10000.0,215,0.0956989247311828,16.898172043010753,6.290772420943494
"ar_order=2,granularity=30,n_bins=10,on_change=chain,other_lags=2",model,4,3729,940,0.9531914893617022,0.22025469043346854,18.946491247501445,14.15014499068476,846,0.9787234042553191,0.12656783397884708,13.654382956828897,8.002109678472038,94,0.723404255319149,1.0634363985250619,66.57546586355434,69.48246280059925,85,0.5411764705882353,1.6220664843527732,83.33007616667967,84.3860859921179,855,0.9941520467836257,0.0808932840204382,12.545783974834603,7.167624540249887,582,0.9690721649484536,0.171340793727504,15.902018164158479,10.51117902982949,0.5619526704039979,0.019140458000038052,"[""y@t"", ""data_quality_1@t+h"", ""data_quality_2@t+h""]",3,10,1000.0,202,0.045744680851063826,13.842695035460993,6.566781214203894
"ar_order=2,granularity=30,n_bins=10,on_change=chain,other_lags=2",ar,4,3729,940,0.9117021276595745,0.43967020772432003,23.46246055869263,19.770465308343162,846,0.9787234042553191,0.17185690225971087,15.638915563083899,11.60202057083798,94,0.30851063829787234,2.849989956905803,93.87436551917128,93.2864679458898,85,0.023529411764705882,3.799047593902779,121.81717637180132,120.34633209417227,855,1.0,0.10569701728552598,13.684506355050244,9.771694926126234,582,0.9690721649484536,0.2137634285598741,16.33865073190429,13.314151345487982,0.6052714035340943,0.019140458000038052,"[""y@t"", ""data_quality_1@t+h"", ""data_quality_2@t+h""]",3,10,1000.0,202,0.045744680851063826,13.842695035460993,6.566781214203894
"ar_order=2,granularity=30,n_bins=10,on_change=chain,other_lags=2",persistence,4,3729,940,0.9095744680851063,2.4985497817594964,21.197609497691932,13.842695035460991,846,0.9763593380614657,0.653215629218169,12.643674421135415,4.517572892040977,94,0.30851063829787234,19.106557154631442,98.18302518670063,97.7687943262411,85,0.0,27.63102111592854,135.63036804901233,134.0062745098039,855,1.0,0.0,9.821253384402771,1.8966081871345022,582,0.9656357388316151,0.9495196259769261,15.336198414661476,6.566781214203894,0.6050874339907932,0.019140458000038052,"[""y@t"", ""data_quality_1@t+h"", ""data_quality_2@t+h""]",3,10,1000.0,202,0.045744680851063826,13.842695035460993,6.566781214203894
"ar_order=2,granularity=30,n_bins=10,on_change=chain,other_lags=2",model,5,4669,930,0.9655913978494624,0.16468249291305878,17.448844576944115,9.728000732894357,837,0.985663082437276,0.07620023668575286,13.309791433961225,4.531695219733209,93,0.7849462365591398,0.9610227989588119,54.70032286379014,56.49475035134468,74,0.6081081081081081,1.6473160872365278,72.5506985742778,72.29297213810999,856,0.9964953271028038,0.036510897142104676,12.685366544464333,4.319346662817305,636,0.9811320754716981,0.09400060144164267,14.845825098263301,5.184846879388911,0.4925468894446492,0.02444304100026784,"[""y@t"", ""data_quality_1@t+h"", ""avg_p_latency_1@t"", ""y@t-1""]",4,10,10000.0,305,0.03333333333333333,12.904946236559137,4.936477987421384
"ar_order=2,granularity=30,n_bins=10,on_change=chain,other_lags=2",ar,5,4669,930,0.9204301075268817,0.39388650946686626,23.817769332064795,19.392185356202518,837,0.985663082437276,0.14675544129549462,16.328349714222416,11.297993562023754,93,0.3333333333333333,2.618066123009211,91.22254589264618,92.23991150381143,74,0.0,3.829972411903331,127.58495498964172,127.14456317296181,856,1.0,0.09684170014408788,14.847241599984544,10.077143348678932,636,0.9811320754716981,0.16580467120925751,16.641425117821363,11.78470504934152,0.4716481732274487,0.02444304100026784,"[""y@t"", ""data_quality_1@t+h"", ""avg_p_latency_1@t"", ""y@t-1""]",4,10,10000.0,305,0.03333333333333333,12.904946236559137,4.936477987421384
"ar_order=2,granularity=30,n_bins=10,on_change=chain,other_lags=2",persistence,5,4669,930,0.9204301075268817,2.1985973791168956,21.66505987717639,12.904946236559146,837,0.985663082437276,0.3961436719129541,13.564488966923738,3.751015531660699,93,0.3333333333333333,18.420680743952364,94.57019806945019,95.29032258064518,74,0.0,27.631021115928544,141.41010703139426,140.85945945945946,856,1.0,0.0,11.313268417582787,1.84345794392524,636,0.9811320754716981,0.5213400210552556,15.929045709693668,4.936477987421385,0.47198061938032826,0.02444304100026784,"[""y@t"", ""data_quality_1@t+h"", ""avg_p_latency_1@t"", ""y@t-1""]",4,10,10000.0,305,0.03333333333333333,12.904946236559137,4.936477987421384
"ar_order=3,granularity=30,max_parents=6,n_bins=10,on_change=chain,other_lags=3,velocity=binned",model,1,929,940,0.926595744680851,0.2936978790199732,25.50577165639195,18.001959325683107,846,0.975177304964539,0.11625861859176505,13.9693189167454,5.216041563937307,94,0.48936170212765956,1.8906512228738461,129.33384631321084,133.07521918139528,83,0.37349397590361444,2.1407117560967603,114.06467130313288,116.25425573682784,857,0.9801633605600933,0.11481555486901246,16.928888726777597,8.486276009317862,621,0.966183574879227,0.1497761644688918,14.519464661960116,5.869211294359087,0.4387216515722082,0.02309991699985403,"[""y@t"", ""data_quality_1@t+h"", ""data_quality_1@t"", ""throughput_2@t"", ""throughput_2@t-1""]",5,10,100000.0,106,0.20638297872340425,13.597801418439717,4.866774020397209
"ar_order=3,granularity=30,max_parents=6,n_bins=10,on_change=chain,other_lags=3,velocity=binned",ar,1,929,940,0.9106382978723404,0.4347011683382621,23.708332462652194,18.91839178510784,846,0.975177304964539,0.1645094075303022,15.181408569610012,9.842694199252449,94,0.32978723404255317,2.866427015609902,100.45064750003186,100.59967005780638,83,0.012048192771084338,3.9967499894280665,122.02127401940449,121.24971592505769,857,0.9976662777129521,0.08971861040307696,14.186775695778872,9.007656775054354,621,0.966183574879227,0.19609391710209276,14.713932403860852,10.634662547016783,0.431346064140733,0.02309991699985403,"[""y@t"", ""data_quality_1@t+h"", ""data_quality_1@t"", ""throughput_2@t"", ""throughput_2@t-1""]",5,10,100000.0,106,0.20638297872340425,13.597801418439717,4.866774020397209
"ar_order=3,granularity=30,max_parents=6,n_bins=10,on_change=chain,other_lags=3,velocity=binned",persistence,1,929,940,0.9117021276595745,2.439760375129861,23.529541840088164,13.59780141843972,846,0.9763593380614657,0.653215629218169,14.556166216379829,3.572419227738383,94,0.32978723404255317,18.518663088335085,104.28992245346318,103.82624113475177,83,0.0,27.631021115928544,136.34086062265797,134.36586345381525,857,1.0,0.0,12.60382485181127,1.9014780241151366,621,0.9677938808373591,0.8898879586450418,16.53734007747613,4.866774020397207,0.4858198134876698,0.02309991699985403,"[""y@t"", ""data_quality_1@t+h"", ""data_quality_1@t"", ""throughput_2@t"", ""throughput_2@t-1""]",5,10,100000.0,106,0.20638297872340425,13.597801418439717,4.866774020397209
"ar_order=3,granularity=30,max_parents=6,n_bins=10,on_change=chain,other_lags=3,velocity=binned",model,2,1869,930,0.9236559139784947,0.3009070658254611,24.4608967757266,19.230426016177542,837,0.954599761051374,0.16347264691119193,16.5582840583897,10.659522500290716,93,0.6451612903225806,1.5378168360538844,95.58441123175868,96.368557659159,83,0.4457831325301205,2.2980080824169486,106.68571325563792,104.7545493974477,847,0.9704840613931524,0.10520531331413478,16.40344722692773,10.849667762759099,663,0.942684766214178,0.19427847435608364,18.104197662793812,12.161322263868875,0.5239678130388774,0.021028499999374617,"[""y@t"", ""data_quality_1@t+h"", ""throughput_2@t""]",3,10,1000.0,85,0.08602150537634409,15.63225806451613,6.114127702362997
"ar_order=3,granularity=30,max_parents=6,n_bins=10,on_change=chain,other_lags=3,velocity=binned",ar,2,1869,930,0.8913978494623656,0.466648289622956,26.165772755329627,23.33736896360431,837,0.954599761051374,0.19253776596890915,17.027925867945406,13.82717430875439,93,0.3225806451612903,2.9336430025093767,108.40639474178762,108.9291208572536,83,0.03614457831325301,4.041492846428957,138.15908601757488,134.62296019395146,847,0.9752066115702479,0.11633884663016011,15.191221396691665,12.43216935071315,663,0.942684766214178,0.2229213321192106,17.789803383453666,15.381973507497333,0.5138189261209051,0.021028499999374617,"[""y@t"", ""data_quality_1@t+h"", ""throughput_2@t""]",3,10,1000.0,85,0.08602150537634409,15.63225806451613,6.114127702362997
"ar_order=3,granularity=30,max_parents=6,n_bins=10,on_change=chain,other_lags=3,velocity=binned",persistence,2,1869,930,0.910752688172043,2.4659943576581393,24.195188466121714,15.63225806451613,837,0.97610513739546,0.6602394531882568,14.421069590377753,4.843090402230187,93,0.3225806451612903,18.717788497887078,112.16225834781736,112.73476702508957,83,0.0,27.631021115928544,155.11095117416514,151.56064257028112,847,1.0,0.0,11.366371105120999,2.3122392758756396,663,0.9698340874811463,0.8335149657896997,16.415210276692797,6.114127702362997,0.6715443376745751,0.021028499999374617,"[""y@t"", ""data_quality_1@t+h"", ""throughput_2@t""]",3,10,1000.0,85,0.08602150537634409,15.63225806451613,6.114127702362997
"ar_order=3,granularity=30,max_parents=6,n_bins=10,on_change=chain,other_lags=3,velocity=binned",model,3,2799,930,0.9279569892473118,0.3042579005975809,20.2696788901853,13.012012983105086,837,0.9581839904420549,0.17467615123319677,12.806635575188102,4.705914341744072,93,0.6559139784946236,1.4704936448770387,87.43706872516009,87.76690075535421,112,0.44642857142857145,2.125977403225057,78.76492023805402,76.13276203840792,818,0.9938875305623472,0.05482931344076268,12.260550490477115,4.369563234701762,643,0.9455676516329704,0.2240566461591825,14.492669125260383,5.879279710277037,0.4941336835381921,0.03776045800077554,"[""y@t"", ""data_quality_1@t+h"", ""data_quality_1@t"", ""y@t-1""]",4,10,10000.0,215,0.0956989247311828,16.898172043010753,6.290772420943494
"ar_order=3,granularity=30,max_parents=6,n_bins=10,on_change=chain,other_lags=3,velocity=binned",ar,3,2799,930,0.8849462365591397,0.5221729038421591,24.876631298341973,22.218345214834866,837,0.9581839904420549,0.23315748764705757,14.371233223512526,11.327922001547392,93,0.22580645161290322,3.123311649598073,119.42521397180703,120.23215413442216,112,0.044642857142857144,3.7362858100320264,117.72207777037845,115.00788101801263,818,1.0,0.0820987650973361,12.16429632906559,9.513665496062364,643,0.9455676516329704,0.2825888304263523,14.88732256620392,12.736402914561523,0.4868139144895558,0.03776045800077554,"[""y@t"", ""data_quality_1@t+h"", ""data_quality_1@t"", ""y@t-1""]",4,10,10000.0,215,0.0956989247311828,16.898172043010753,6.290772420943494
"ar_order=3,granularity=30,max_parents=6,n_bins=10,on_change=chain,other_lags=3,velocity=binned",persistence,3,2799,930,0.8795698924731182,3.3276068440688142,24.86289875935073,16.898172043010756,837,0.9522102747909199,1.3204789063765137,13.774251940172194,4.832696136997218,93,0.22580645161290322,21.391758283299517,124.66072013195752,125.4874551971326,112,0.0,27.631021115928547,130.22792931543623,127.10565476190474,818,1.0,0.0,10.436390908150756,1.8086389568052215,643,0.937791601866252,1.7188815624216827,15.962673837426522,6.290772420943494,0.48606700997368407,0.03776045800077554,"[""y@t"", ""data_quality_1@t+h"", ""data_quality_1@t"", ""y@t-1""]",4,10,10000.0,215,0.0956989247311828,16.898172043010753,6.290772420943494
"ar_order=3,granularity=30,max_parents=6,n_bins=10,on_change=chain,other_lags=3,velocity=binned",model,4,3729,940,0.9531914893617022,0.22025469043346854,18.946491247501445,14.15014499068476,846,0.9787234042553191,0.12656783397884708,13.654382956828897,8.002109678472038,94,0.723404255319149,1.0634363985250619,66.57546586355434,69.48246280059925,85,0.5411764705882353,1.6220664843527732,83.33007616667967,84.3860859921179,855,0.9941520467836257,0.0808932840204382,12.545783974834603,7.167624540249887,582,0.9690721649484536,0.171340793727504,15.902018164158479,10.51117902982949,0.5619526704039979,0.03949845800161711,"[""y@t"", ""data_quality_1@t+h"", ""data_quality_2@t+h""]",3,10,1000.0,202,0.045744680851063826,13.842695035460993,6.566781214203894
"ar_order=3,granularity=30,max_parents=6,n_bins=10,on_change=chain,other_lags=3,velocity=binned",ar,4,3729,940,0.9117021276595745,0.43967020772432003,23.46246055869263,19.770465308343162,846,0.9787234042553191,0.17185690225971087,15.638915563083899,11.60202057083798,94,0.30851063829787234,2.849989956905803,93.87436551917128,93.2864679458898,85,0.023529411764705882,3.799047593902779,121.81717637180132,120.34633209417227,855,1.0,0.10569701728552598,13.684506355050244,9.771694926126234,582,0.9690721649484536,0.2137634285598741,16.33865073190429,13.314151345487982,0.6052714035340943,0.03949845800161711,"[""y@t"", ""data_quality_1@t+h"", ""data_quality_2@t+h""]",3,10,1000.0,202,0.045744680851063826,13.842695035460993,6.566781214203894
"ar_order=3,granularity=30,max_parents=6,n_bins=10,on_change=chain,other_lags=3,velocity=binned",persistence,4,3729,940,0.9095744680851063,2.4985497817594964,21.197609497691932,13.842695035460991,846,0.9763593380614657,0.653215629218169,12.643674421135415,4.517572892040977,94,0.30851063829787234,19.106557154631442,98.18302518670063,97.7687943262411,85,0.0,27.63102111592854,135.63036804901233,134.0062745098039,855,1.0,0.0,9.821253384402771,1.8966081871345022,582,0.9656357388316151,0.9495196259769261,15.336198414661476,6.566781214203894,0.6050874339907932,0.03949845800161711,"[""y@t"", ""data_quality_1@t+h"", ""data_quality_2@t+h""]",3,10,1000.0,202,0.045744680851063826,13.842695035460993,6.566781214203894
"ar_order=3,granularity=30,max_parents=6,n_bins=10,on_change=chain,other_lags=3,velocity=binned",model,5,4669,930,0.9655913978494624,0.16468249291305878,17.448844576944115,9.728000732894357,837,0.985663082437276,0.07620023668575286,13.309791433961225,4.531695219733209,93,0.7849462365591398,0.9610227989588119,54.70032286379014,56.49475035134468,74,0.6081081081081081,1.6473160872365278,72.5506985742778,72.29297213810999,856,0.9964953271028038,0.036510897142104676,12.685366544464333,4.319346662817305,636,0.9811320754716981,0.09400060144164267,14.845825098263301,5.184846879388911,0.4925468894446492,0.05545933400026115,"[""y@t"", ""data_quality_1@t+h"", ""avg_p_latency_1@t"", ""y@t-1""]",4,10,10000.0,305,0.03333333333333333,12.904946236559137,4.936477987421384
"ar_order=3,granularity=30,max_parents=6,n_bins=10,on_change=chain,other_lags=3,velocity=binned",ar,5,4669,930,0.9204301075268817,0.39388650946686626,23.817769332064795,19.392185356202518,837,0.985663082437276,0.14675544129549462,16.328349714222416,11.297993562023754,93,0.3333333333333333,2.618066123009211,91.22254589264618,92.23991150381143,74,0.0,3.829972411903331,127.58495498964172,127.14456317296181,856,1.0,0.09684170014408788,14.847241599984544,10.077143348678932,636,0.9811320754716981,0.16580467120925751,16.641425117821363,11.78470504934152,0.4716481732274487,0.05545933400026115,"[""y@t"", ""data_quality_1@t+h"", ""avg_p_latency_1@t"", ""y@t-1""]",4,10,10000.0,305,0.03333333333333333,12.904946236559137,4.936477987421384
"ar_order=3,granularity=30,max_parents=6,n_bins=10,on_change=chain,other_lags=3,velocity=binned",persistence,5,4669,930,0.9204301075268817,2.1985973791168956,21.66505987717639,12.904946236559146,837,0.985663082437276,0.3961436719129541,13.564488966923738,3.751015531660699,93,0.3333333333333333,18.420680743952364,94.57019806945019,95.29032258064518,74,0.0,27.631021115928544,141.41010703139426,140.85945945945946,856,1.0,0.0,11.313268417582787,1.84345794392524,636,0.9811320754716981,0.5213400210552556,15.929045709693668,4.936477987421385,0.47198061938032826,0.05545933400026115,"[""y@t"", ""data_quality_1@t+h"", ""avg_p_latency_1@t"", ""y@t-1""]",4,10,10000.0,305,0.03333333333333333,12.904946236559137,4.936477987421384
granularity=30,model,1,929,940,0.8840425531914894,0.6538638073376339,15.550543737083126,15.094070757598478,846,0.958628841607565,0.22252931189022057,6.520093540052786,5.89575043855357,94,0.2127659574468085,4.535874266364354,96.82459551035619,97.87895362900267,107,0.0,5.11779534534561,95.55480958898032,95.82801233900318,833,0.9975990396158463,0.08046563858991079,5.273885338340029,4.7236845040446935,621,0.9436392914653784,0.2882188834011152,7.301266019037844,6.66250608926735,0.4515023854202128,0.006373582999003702,"[""y@t"", ""data_quality_1@t+h"", ""data_quality_1@t"", ""throughput_2@t""]",4,20,40000.0,125,0.2851063829787234,13.597801418439717,4.866774020397209
granularity=30,ar,1,929,940,0.8840425531914894,0.7202162746802732,18.713491985227897,19.083744743835517,846,0.958628841607565,0.2808222607057436,9.729628315205632,10.029084494521584,94,0.2127659574468085,4.674762400451039,99.5682650154283,100.57568698766092,107,0.0,5.281067797961825,98.12015624076236,98.1650177895226,833,0.9975990396158463,0.13436860002105827,8.51359633655781,8.925646045289875,621,0.9436392914653784,0.3473124558769941,10.021268720963022,10.609712979793551,0.4515023854202128,0.006373582999003702,"[""y@t"", ""data_quality_1@t+h"", ""data_quality_1@t"", ""throughput_2@t""]",4,20,40000.0,125,0.2851063829787234,13.597801418439717,4.866774020397209
granularity=30,persistence,1,929,940,0.8861702127659574,3.1452332546854835,16.387383833978188,13.59780141843972,846,0.9609929078014184,1.0778057882099787,6.725826521596363,3.5724192277383837,94,0.2127659574468085,21.752080452965025,103.3413996454146,103.82624113475178,107,0.0,27.631021115928544,109.78074401581553,108.96292834890966,833,1.0,0.0,4.390877784210362,1.3480192076830808,621,0.9468599033816425,1.4683151317643188,8.921340199113391,4.866774020397209,0.4635681992753159,0.006373582999003702,"[""y@t"", ""data_quality_1@t+h"", ""data_quality_1@t"", ""throughput_2@t""]",4,20,40000.0,125,0.2851063829787234,13.597801418439717,4.866774020397209
granularity=30,model,2,1869,930,0.8408602150537634,0.6261538512306339,19.466938034177574,17.832241109918456,837,0.9139784946236559,0.33883672019670596,11.433280521070605,9.565314975506649,93,0.1827956989247312,3.212008030535987,91.76985565214028,92.23457631962468,132,0.015151515151515152,3.750608933948458,84.54139479592386,82.99869083769273,798,0.9774436090225563,0.10932669469084351,8.70274217885112,7.052828372993386,663,0.8914027149321267,0.409829078009991,12.785192664371742,10.574811800368959,0.4344531612044661,0.0065758330001699505,"[""y@t"", ""data_quality_1@t+h""]",2,20,200.0,88,0.03870967741935484,15.63225806451613,6.114127702362997
granularity=30,ar,2,1869,930,0.8397849462365592,0.7448229878043456,24.065208254884627,23.79747944228033,837,0.9139784946236559,0.3930886187778549,14.721663976029546,14.343702275278899,93,0.17204301075268819,3.9104323090427626,108.15710676458033,108.88147394529318,132,0.007575757575757576,4.296375295696051,96.35911149318726,95.11802616555762,798,0.9774436090225563,0.15734816995759743,12.106818245541332,12.000095773768294,663,0.8914027149321267,0.4719913540552784,16.06801510916633,15.69392368182076,0.43406922527667763,0.0065758330001699505,"[""y@t"", ""data_quality_1@t+h""]",2,20,200.0,88,0.03870967741935484,15.63225806451613,6.114127702362997
granularity=30,persistence,2,1869,930,0.8580645161290322,3.9218223519382454,18.58361622969463,15.632258064516135,837,0.9342891278375149,1.8156584962677063,8.185344828340286,4.843090402230193,93,0.17204301075268819,22.8772970529731,112.16805884188372,112.73476702508961,132,0.0,27.631021115928544,103.51811125357926,101.93434343434342,798,1.0,0.0,4.534301263337773,1.3567251461988374,663,0.9170437405731523,2.2921661559216746,10.117499003632393,6.114127702362997,0.5392265712184268,0.0065758330001699505,"[""y@t"", ""data_quality_1@t+h""]",2,20,200.0,88,0.03870967741935484,15.63225806451613,6.114127702362997
granularity=30,model,3,2799,930,0.8559139784946237,0.6443006073532669,18.550085513024854,16.686577700024486,837,0.9366786140979689,0.3244178309483884,9.541077668645912,7.43548806007564,93,0.12903225806451613,3.5232455949971735,99.6311561124353,99.94638445956407,141,0.05673758865248227,3.7438524694345174,81.2558979246299,80.34902417093325,789,0.9987325728770595,0.09038829739958336,7.344103827300752,5.309638596858276,643,0.9175738724727839,0.4074951711552223,11.440201158630943,8.886708609612864,0.5082392195933756,0.008801292000498506,"[""y@t"", ""data_quality_1@t+h""]",2,20,200.0,101,0.015053763440860216,16.898172043010753,6.290772420943494
granularity=30,ar,3,2799,930,0.8526881720430107,0.7385298203982362,22.090513553482122,22.27209187860703,837,0.9342891278375149,0.3647880727248079,11.295348173101607,11.424677418057243,93,0.11827956989247312,4.10220554945909,119.24700197690673,119.89882202355511,141,0.03546099290780142,4.1567494300702155,94.78415537050526,94.10500312129098,789,0.9987325728770595,0.12766928178765438,9.099634597588249,9.435031694553247,643,0.9144634525660964,0.446715931842037,12.12881762093024,12.406496114335825,0.5036525021894591,0.008801292000498506,"[""y@t"", ""data_quality_1@t+h""]",2,20,200.0,101,0.015053763440860216,16.898172043010753,6.290772420943494
granularity=30,persistence,3,2799,930,0.8483870967741935,4.18921933047949,19.64909786441758,16.898172043010753,837,0.929510155316607,1.9477063869053577,7.942578472587787,4.832696136997212,93,0.11827956989247312,24.362835822646673,125.00777239088572,125.4874551971326,141,0.0,27.631021115928544,105.35780115834586,104.23947990543735,789,1.0,0.0,4.332333397441804,1.289649345162653,643,0.9082426127527217,2.535350304571982,10.11581156296033,6.290772420943494,0.5033401264202382,0.008801292000498506,"[""y@t"", ""data_quality_1@t+h""]",2,20,200.0,101,0.015053763440860216,16.898172043010753,6.290772420943494
granularity=30,model,4,3729,940,0.8882978723404256,0.5073047864291604,14.607816858553235,12.279783966406168,846,0.9598108747044918,0.20401542790688634,6.926459712218549,4.366444676318863,94,0.24468085106382978,3.2369090131296265,83.74003117556542,83.49983757719194,109,0.03669724770642202,3.913443183298496,87.60128474842666,87.39392115676662,831,1.0,0.060530917285047815,5.03346306794408,2.4272677765754924,582,0.9415807560137457,0.280408989236872,9.094660878238743,5.6365265839667815,0.5726023803559607,0.014376625000295462,"[""y@t"", ""data_quality_1@t+h"", ""data_quality_1@t""]",3,20,2000.0,265,0.03723404255319149,13.842695035460993,6.566781214203894
granularity=30,ar,4,3729,940,0.8861702127659574,0.6049942940951492,20.05096851634508,19.712787493665893,846,0.9574468085106383,0.2828691201296363,11.92454235361657,11.53373920785574,94,0.24468085106382978,3.5041208597847646,93.18880398090164,93.32422206595724,109,0.01834862385321101,4.125236304874589,95.40258734312297,95.51398376061633,831,1.0,0.1432537656054273,10.16730250898191,9.770151641562883,582,0.9381443298969072,0.36414991711972333,12.985017390168538,12.564924418682358,0.5677473897721566,0.014376625000295462,"[""y@t"", ""data_quality_1@t+h"", ""data_quality_1@t""]",3,20,2000.0,265,0.03723404255319149,13.842695035460993,6.566781214203894
granularity=30,persistence,4,3729,940,0.8840425531914894,3.204022661315119,16.292605495982663,13.842695035460993,846,0.9550827423167849,1.241109695514521,7.268955576518518,4.5175728920409775,94,0.24468085106382978,20.870239353520496,97.50545477115996,97.7687943262411,109,0.0,27.631021115928544,109.87543866012906,109.57461773700304,831,1.0,0.0,4.017600905258284,1.2858002406738869,582,0.9347079037800687,1.8040872893561595,10.286641598761154,6.566781214203895,0.5683752055208976,0.014376625000295462,"[""y@t"", ""data_quality_1@t+h"", ""data_quality_1@t""]",3,20,2000.0,265,0.03723404255319149,13.842695035460993,6.566781214203894
granularity=30,model,5,4669,930,0.896774193548387,0.46002839903095893,15.255384344455535,13.337008263930235,837,0.967741935483871,0.1700700385097104,7.52807383193595,5.350173589538379,93,0.25806451612903225,3.069653643722196,84.80117895713178,85.21852033345698,96,0.0,3.941198621365556,97.11407583559271,96.83059854405667,834,1.0,0.05931815761114928,5.832801151231109,3.7262352820451805,636,0.9575471698113207,0.20198360566767973,8.24804260609008,5.568847142329418,0.5445609986136771,0.015070834000653122,"[""y@t"", ""data_quality_1@t+h"", ""cores_1@t+h"", ""throughput_1@t""]",4,20,24000.0,449,0.12795698924731183,12.904946236559137,4.936477987421384
granularity=30,ar,5,4669,930,0.896774193548387,0.5705313048110305,19.044979085110732,19.25070262352134,837,0.967741935483871,0.24496576768796222,10.98750195469453,11.138442256760593,93,0.25806451612903225,3.5006211389186452,91.56227325885656,92.26104592436808,96,0.0,4.298789761372049,102.59476148106232,102.49649357070557,834,1.0,0.14137925225724415,9.427737946008396,9.66845330585985,636,0.9575471698113207,0.28818314101926795,11.09562468923766,11.353349110695564,0.5445609986136771,0.015070834000653122,"[""y@t"", ""data_quality_1@t+h"", ""cores_1@t+h"", ""throughput_1@t""]",4,20,24000.0,449,0.12795698924731183,12.904946236559137,4.936477987421384
granularity=30,persistence,5,4669,930,0.896774193548387,2.8522344377732693,15.280333328260745,12.904946236559145,837,0.967741935483871,0.8913232618041467,6.442010356870462,3.751015531660698,93,0.25806451612903225,20.500435021495374,94.82524007077332,95.29032258064517,96,0.0,27.631021115928547,113.56267173015067,113.25277777777778,834,1.0,0.0,3.967258404302192,1.3541167066346984,636,0.9575471698113207,1.173015047374325,8.255160151516172,4.936477987421384,0.5089058497758919,0.015070834000653122,"[""y@t"", ""data_quality_1@t+h"", ""cores_1@t+h"", ""throughput_1@t""]",4,20,24000.0,449,0.12795698924731183,12.904946236559137,4.936477987421384
"ar_order=2,granularity=30,on_change=chain,other_lags=2",model,1,929,940,0.8904255319148936,0.467291214722174,19.840307569526832,19.10512101045191,846,0.958628841607565,0.2195436114667939,6.665651678084854,5.781254233665104,94,0.2765957446808511,2.6970196440205947,138.4122105925046,139.01992200153322,107,0.17757009345794392,2.9808203058764007,110.75395379822083,110.87051510697684,833,0.9819927971188476,0.14442493290524444,8.162324200414876,7.317729451834662,621,0.9436392914653784,0.2838521889544078,7.4825066239641425,6.490209108300128,0.454250051254452,0.008628541998405126,"[""y@t"", ""data_quality_1@t+h"", ""data_quality_1@t"", ""y@t-1""]",4,20,40000.0,133,0.2680851063829787,13.597801418439717,4.866774020397209
"ar_order=2,granularity=30,on_change=chain,other_lags=2",ar,1,929,940,0.8840425531914894,0.7202162746802732,18.713491985227897,19.083744743835517,846,0.958628841607565,0.2808222607057436,9.729628315205632,10.029084494521584,94,0.2127659574468085,4.674762400451039,99.5682650154283,100.57568698766092,107,0.0,5.281067797961825,98.12015624076236,98.1650177895226,833,0.9975990396158463,0.13436860002105827,8.51359633655781,8.925646045289875,621,0.9436392914653784,0.3473124558769941,10.021268720963022,10.609712979793551,0.4515023854202128,0.008628541998405126,"[""y@t"", ""data_quality_1@t+h"", ""data_quality_1@t"", ""y@t-1""]",4,20,40000.0,133,0.2680851063829787,13.597801418439717,4.866774020397209
"ar_order=2,granularity=30,on_change=chain,other_lags=2",persistence,1,929,940,0.8861702127659574,3.1452332546854835,16.387383833978188,13.59780141843972,846,0.9609929078014184,1.0778057882099787,6.725826521596363,3.5724192277383837,94,0.2127659574468085,21.752080452965025,103.3413996454146,103.82624113475178,107,0.0,27.631021115928544,109.78074401581553,108.96292834890966,833,1.0,0.0,4.390877784210362,1.3480192076830808,621,0.9468599033816425,1.4683151317643188,8.921340199113391,4.866774020397209,0.4635681992753159,0.008628541998405126,"[""y@t"", ""data_quality_1@t+h"", ""data_quality_1@t"", ""y@t-1""]",4,20,40000.0,133,0.2680851063829787,13.597801418439717,4.866774020397209
"ar_order=2,granularity=30,on_change=chain,other_lags=2",model,2,1869,930,0.867741935483871,0.5350182342894467,21.5414486945684,19.864160158521397,837,0.9139784946236559,0.3383397295431931,11.452432336605483,9.574738884738096,93,0.45161290322580644,2.3051247770057297,112.34259591623461,112.46895162257111,132,0.22727272727272727,3.0094961296689053,92.38082465102971,90.80624207868695,798,0.9736842105263158,0.12570610121916037,9.823657182973294,8.129379690524084,663,0.8914027149321267,0.40922157359771383,12.808603190019094,10.585941394529177,0.43924931678856394,0.01368216700029734,"[""y@t"", ""data_quality_1@t+h"", ""rps@t-1""]",3,20,4000.0,89,0.03870967741935484,15.63225806451613,6.114127702362997
"ar_order=2,granularity=30,on_change=chain,other_lags=2",ar,2,1869,930,0.8397849462365592,0.7448229878043456,24.065208254884627,23.79747944228033,837,0.9139784946236559,0.3930886187778549,14.721663976029546,14.343702275278899,93,0.17204301075268819,3.9104323090427626,108.15710676458033,108.88147394529318,132,0.007575757575757576,4.296375295696051,96.35911149318726,95.11802616555762,798,0.9774436090225563,0.15734816995759743,12.106818245541332,12.000095773768294,663,0.8914027149321267,0.4719913540552784,16.06801510916633,15.69392368182076,0.43406922527667763,0.01368216700029734,"[""y@t"", ""data_quality_1@t+h"", ""rps@t-1""]",3,20,4000.0,89,0.03870967741935484,15.63225806451613,6.114127702362997
"ar_order=2,granularity=30,on_change=chain,other_lags=2",persistence,2,1869,930,0.8580645161290322,3.9218223519382454,18.58361622969463,15.632258064516135,837,0.9342891278375149,1.8156584962677063,8.185344828340286,4.843090402230193,93,0.17204301075268819,22.8772970529731,112.16805884188372,112.73476702508961,132,0.0,27.631021115928544,103.51811125357926,101.93434343434342,798,1.0,0.0,4.534301263337773,1.3567251461988374,663,0.9170437405731523,2.2921661559216746,10.117499003632393,6.114127702362997,0.5392265712184268,0.01368216700029734,"[""y@t"", ""data_quality_1@t+h"", ""rps@t-1""]",3,20,4000.0,89,0.03870967741935484,15.63225806451613,6.114127702362997
"ar_order=2,granularity=30,on_change=chain,other_lags=2",model,3,2799,930,0.8978494623655914,0.4927675570314569,19.867032317528928,18.043773228498814,837,0.9366786140979689,0.32401259702251944,9.548133660062826,7.442484811021675,93,0.5483870967741935,2.011562197111894,112.73712023472382,113.45536898579307,141,0.36879432624113473,2.550151526059495,79.6483846192968,79.25094667865143,789,0.9923954372623575,0.12509817853595193,9.18367278071109,7.1056091518555675,643,0.9175738724727839,0.4069750001574555,11.449130883382908,8.89556122040818,0.515051498761199,0.018609667000418995,"[""y@t"", ""data_quality_1@t+h"", ""rps@t-1""]",3,20,4000.0,102,0.015053763440860216,16.898172043010753,6.290772420943494
"ar_order=2,granularity=30,on_change=chain,other_lags=2",ar,3,2799,930,0.8526881720430107,0.7385298203982362,22.090513553482122,22.27209187860703,837,0.9342891278375149,0.3647880727248079,11.295348173101607,11.424677418057243,93,0.11827956989247312,4.10220554945909,119.24700197690673,119.89882202355511,141,0.03546099290780142,4.1567494300702155,94.78415537050526,94.10500312129098,789,0.9987325728770595,0.12766928178765438,9.099634597588249,9.435031694553247,643,0.9144634525660964,0.446715931842037,12.12881762093024,12.406496114335825,0.5036525021894591,0.018609667000418995,"[""y@t"", ""data_quality_1@t+h"", ""rps@t-1""]",3,20,4000.0,102,0.015053763440860216,16.898172043010753,6.290772420943494
"ar_order=2,granularity=30,on_change=chain,other_lags=2",persistence,3,2799,930,0.8483870967741935,4.18921933047949,19.64909786441758,16.898172043010753,837,0.929510155316607,1.9477063869053577,7.942578472587787,4.832696136997212,93,0.11827956989247312,24.362835822646673,125.00777239088572,125.4874551971326,141,0.0,27.631021115928544,105.35780115834586,104.23947990543735,789,1.0,0.0,4.332333397441804,1.289649345162653,643,0.9082426127527217,2.535350304571982,10.11581156296033,6.290772420943494,0.5033401264202382,0.018609667000418995,"[""y@t"", ""data_quality_1@t+h"", ""rps@t-1""]",3,20,4000.0,102,0.015053763440860216,16.898172043010753,6.290772420943494
"ar_order=2,granularity=30,on_change=chain,other_lags=2",model,4,3729,940,0.9212765957446809,0.35782682114436226,15.177306673662926,13.145218983570967,846,0.9598108747044918,0.18785357586778026,6.971278258625512,4.5504314403458475,94,0.574468085106383,1.8875860286335997,89.03156240899969,90.49830687259703,109,0.3669724770642202,2.5148080964951434,83.63199710220087,84.74752864277767,831,0.9939831528279182,0.07490147937151613,6.198291924311984,3.7533396179229155,582,0.9415807560137457,0.256797072802622,9.06198442272645,5.802661139122249,0.5225992217380934,0.02490679200127488,"[""y@t"", ""data_quality_1@t+h"", ""data_quality_1@t"", ""y@t-1""]",4,20,40000.0,357,0.0627659574468085,13.842695035460993,6.566781214203894
"ar_order=2,granularity=30,on_change=chain,other_lags=2",ar,4,3729,940,0.8861702127659574,0.6049942940951492,20.05096851634508,19.712787493665893,846,0.9574468085106383,0.2828691201296363,11.92454235361657,11.53373920785574,94,0.24468085106382978,3.5041208597847646,93.18880398090164,93.32422206595724,109,0.01834862385321101,4.125236304874589,95.40258734312297,95.51398376061633,831,1.0,0.1432537656054273,10.16730250898191,9.770151641562883,582,0.9381443298969072,0.36414991711972333,12.985017390168538,12.564924418682358,0.5677473897721566,0.02490679200127488,"[""y@t"", ""data_quality_1@t+h"", ""data_quality_1@t"", ""y@t-1""]",4,20,40000.0,357,0.0627659574468085,13.842695035460993,6.566781214203894
"ar_order=2,granularity=30,on_change=chain,other_lags=2",persistence,4,3729,940,0.8840425531914894,3.204022661315119,16.292605495982663,13.842695035460993,846,0.9550827423167849,1.241109695514521,7.268955576518518,4.5175728920409775,94,0.24468085106382978,20.870239353520496,97.50545477115996,97.7687943262411,109,0.0,27.631021115928544,109.87543866012906,109.57461773700304,831,1.0,0.0,4.017600905258284,1.2858002406738869,582,0.9347079037800687,1.8040872893561595,10.286641598761154,6.566781214203895,0.5683752055208976,0.02490679200127488,"[""y@t"", ""data_quality_1@t+h"", ""data_quality_1@t"", ""y@t-1""]",4,20,40000.0,357,0.0627659574468085,13.842695035460993,6.566781214203894
"ar_order=2,granularity=30,on_change=chain,other_lags=2",model,5,4669,930,0.9333333333333333,0.3255972881123425,14.386962243771922,12.483494182436088,837,0.967741935483871,0.17001190769152846,7.529459537544849,5.349403753088991,93,0.6236559139784946,1.7258657118996696,76.10448659981559,76.69030804655995,96,0.40625,2.371719336045363,76.23330534269188,75.94768169145416,834,0.9940047961630696,0.0900724480624985,7.267958721594087,5.178263965570697,636,0.9575471698113207,0.20190710331733647,8.249866246962167,5.567834008511592,0.5316522917460557,0.031430791999810026,"[""y@t"", ""data_quality_1@t+h"", ""cores_1@t+h"", ""throughput_1@t-1""]",4,20,24000.0,449,0.12795698924731183,12.904946236559137,4.936477987421384
"ar_order=2,granularity=30,on_change=chain,other_lags=2",ar,5,4669,930,0.896774193548387,0.5705313048110305,19.044979085110732,19.25070262352134,837,0.967741935483871,0.24496576768796222,10.98750195469453,11.138442256760593,93,0.25806451612903225,3.5006211389186452,91.56227325885656,92.26104592436808,96,0.0,4.298789761372049,102.59476148106232,102.49649357070557,834,1.0,0.14137925225724415,9.427737946008396,9.66845330585985,636,0.9575471698113207,0.28818314101926795,11.09562468923766,11.353349110695564,0.5445609986136771,0.031430791999810026,"[""y@t"", ""data_quality_1@t+h"", ""cores_1@t+h"", ""throughput_1@t-1""]",4,20,24000.0,449,0.12795698924731183,12.904946236559137,4.936477987421384
"ar_order=2,granularity=30,on_change=chain,other_lags=2",persistence,5,4669,930,0.896774193548387,2.8522344377732693,15.280333328260745,12.904946236559145,837,0.967741935483871,0.8913232618041467,6.442010356870462,3.751015531660698,93,0.25806451612903225,20.500435021495374,94.82524007077332,95.29032258064517,96,0.0,27.631021115928547,113.56267173015067,113.25277777777778,834,1.0,0.0,3.967258404302192,1.3541167066346984,636,0.9575471698113207,1.173015047374325,8.255160151516172,4.936477987421384,0.5089058497758919,0.031430791999810026,"[""y@t"", ""data_quality_1@t+h"", ""cores_1@t+h"", ""throughput_1@t-1""]",4,20,24000.0,449,0.12795698924731183,12.904946236559137,4.936477987421384
"ar_order=3,granularity=30,max_parents=6,on_change=chain,other_lags=3,velocity=binned",model,1,929,940,0.8904255319148936,0.4681823898111836,19.924359160285768,19.218640177683273,846,0.958628841607565,0.220533806010138,6.7590423344836745,5.907386641699949,94,0.2765957446808511,2.6970196440205947,138.4122105925046,139.01992200153322,107,0.17757009345794392,2.98400790373241,110.81985320814559,110.93641451690159,833,0.9819927971188476,0.14502112931950148,8.248707463861999,7.437365442633619,621,0.9436392914653784,0.2844281458047099,7.548895308424593,6.600902312683017,0.454250051254452,0.024522209001588635,"[""y@t"", ""data_quality_1@t+h"", ""data_quality_1@t"", ""y@t-2"", ""d.rps@t""]",5,20,200000.0,147,0.274468085106383,13.597801418439717,4.866774020397209
"ar_order=3,granularity=30,max_parents=6,on_change=chain,other_lags=3,velocity=binned",ar,1,929,940,0.8840425531914894,0.7202162746802732,18.713491985227897,19.083744743835517,846,0.958628841607565,0.2808222607057436,9.729628315205632,10.029084494521584,94,0.2127659574468085,4.674762400451039,99.5682650154283,100.57568698766092,107,0.0,5.281067797961825,98.12015624076236,98.1650177895226,833,0.9975990396158463,0.13436860002105827,8.51359633655781,8.925646045289875,621,0.9436392914653784,0.3473124558769941,10.021268720963022,10.609712979793551,0.4515023854202128,0.024522209001588635,"[""y@t"", ""data_quality_1@t+h"", ""data_quality_1@t"", ""y@t-2"", ""d.rps@t""]",5,20,200000.0,147,0.274468085106383,13.597801418439717,4.866774020397209
"ar_order=3,granularity=30,max_parents=6,on_change=chain,other_lags=3,velocity=binned",persistence,1,929,940,0.8861702127659574,3.1452332546854835,16.387383833978188,13.59780141843972,846,0.9609929078014184,1.0778057882099787,6.725826521596363,3.5724192277383837,94,0.2127659574468085,21.752080452965025,103.3413996454146,103.82624113475178,107,0.0,27.631021115928544,109.78074401581553,108.96292834890966,833,1.0,0.0,4.390877784210362,1.3480192076830808,621,0.9468599033816425,1.4683151317643188,8.921340199113391,4.866774020397209,0.4635681992753159,0.024522209001588635,"[""y@t"", ""data_quality_1@t+h"", ""data_quality_1@t"", ""y@t-2"", ""d.rps@t""]",5,20,200000.0,147,0.274468085106383,13.597801418439717,4.866774020397209
"ar_order=3,granularity=30,max_parents=6,on_change=chain,other_lags=3,velocity=binned",model,2,1869,930,0.867741935483871,0.5349436376259962,21.539461138923347,19.86318215495002,837,0.9139784946236559,0.3382568443615814,11.450223941444314,9.573652214103237,93,0.45161290322580644,2.3051247770057297,112.34259591623461,112.46895162257111,132,0.22727272727272727,3.0094961296689053,92.38082465102971,90.80624207868695,798,0.9736842105263158,0.12561916525799624,9.821340858725302,8.128239911925865,663,0.8914027149321267,0.40912025758063064,12.805903723147878,10.584658041426467,0.43924931678856394,0.022424666000006255,"[""y@t"", ""data_quality_1@t+h"", ""d.rps@t""]",3,20,1000.0,90,0.03870967741935484,15.63225806451613,6.114127702362997
"ar_order=3,granularity=30,max_parents=6,on_change=chain,other_lags=3,velocity=binned",ar,2,1869,930,0.8397849462365592,0.7448229878043456,24.065208254884627,23.79747944228033,837,0.9139784946236559,0.3930886187778549,14.721663976029546,14.343702275278899,93,0.17204301075268819,3.9104323090427626,108.15710676458033,108.88147394529318,132,0.007575757575757576,4.296375295696051,96.35911149318726,95.11802616555762,798,0.9774436090225563,0.15734816995759743,12.106818245541332,12.000095773768294,663,0.8914027149321267,0.4719913540552784,16.06801510916633,15.69392368182076,0.43406922527667763,0.022424666000006255,"[""y@t"", ""data_quality_1@t+h"", ""d.rps@t""]",3,20,1000.0,90,0.03870967741935484,15.63225806451613,6.114127702362997
"ar_order=3,granularity=30,max_parents=6,on_change=chain,other_lags=3,velocity=binned",persistence,2,1869,930,0.8580645161290322,3.9218223519382454,18.58361622969463,15.632258064516135,837,0.9342891278375149,1.8156584962677063,8.185344828340286,4.843090402230193,93,0.17204301075268819,22.8772970529731,112.16805884188372,112.73476702508961,132,0.0,27.631021115928544,103.51811125357926,101.93434343434342,798,1.0,0.0,4.534301263337773,1.3567251461988374,663,0.9170437405731523,2.2921661559216746,10.117499003632393,6.114127702362997,0.5392265712184268,0.022424666000006255,"[""y@t"", ""data_quality_1@t+h"", ""d.rps@t""]",3,20,1000.0,90,0.03870967741935484,15.63225806451613,6.114127702362997
"ar_order=3,granularity=30,max_parents=6,on_change=chain,other_lags=3,velocity=binned",model,3,2799,930,0.8978494623655914,0.4927305555249506,19.86650300126461,18.0432439122345,837,0.9366786140979689,0.32397148423751243,9.547545530880255,7.441896681839105,93,0.5483870967741935,2.011562197111894,112.73712023472382,113.45536898579307,141,0.36879432624113473,2.550151526059495,79.6483846192968,79.25094667865143,789,0.9923954372623575,0.12505456459292166,9.183048871806385,7.104985242950864,643,0.9175738724727839,0.40692222649505244,11.44838657526111,8.89481691228638,0.515051498761199,0.02954058300019824,"[""y@t"", ""data_quality_1@t+h"", ""d.rps@t""]",3,20,1000.0,103,0.015053763440860216,16.898172043010753,6.290772420943494
"ar_order=3,granularity=30,max_parents=6,on_change=chain,other_lags=3,velocity=binned",ar,3,2799,930,0.8526881720430107,0.7385298203982362,22.090513553482122,22.27209187860703,837,0.9342891278375149,0.3647880727248079,11.295348173101607,11.424677418057243,93,0.11827956989247312,4.10220554945909,119.24700197690673,119.89882202355511,141,0.03546099290780142,4.1567494300702155,94.78415537050526,94.10500312129098,789,0.9987325728770595,0.12766928178765438,9.099634597588249,9.435031694553247,643,0.9144634525660964,0.446715931842037,12.12881762093024,12.406496114335825,0.5036525021894591,0.02954058300019824,"[""y@t"", ""data_quality_1@t+h"", ""d.rps@t""]",3,20,1000.0,103,0.015053763440860216,16.898172043010753,6.290772420943494
"ar_order=3,granularity=30,max_parents=6,on_change=chain,other_lags=3,velocity=binned",persistence,3,2799,930,0.8483870967741935,4.18921933047949,19.64909786441758,16.898172043010753,837,0.929510155316607,1.9477063869053577,7.942578472587787,4.832696136997212,93,0.11827956989247312,24.362835822646673,125.00777239088572,125.4874551971326,141,0.0,27.631021115928544,105.35780115834586,104.23947990543735,789,1.0,0.0,4.332333397441804,1.289649345162653,643,0.9082426127527217,2.535350304571982,10.11581156296033,6.290772420943494,0.5033401264202382,0.02954058300019824,"[""y@t"", ""data_quality_1@t+h"", ""d.rps@t""]",3,20,1000.0,103,0.015053763440860216,16.898172043010753,6.290772420943494
"ar_order=3,granularity=30,max_parents=6,on_change=chain,other_lags=3,velocity=binned",model,4,3729,940,0.9212765957446809,0.35782269079496154,15.177194508662105,13.145106818570143,846,0.9598108747044918,0.1878489865906684,6.97115363084682,4.550306812567155,94,0.574468085106383,1.8875860286335997,89.03156240899969,90.49830687259703,109,0.3669724770642202,2.5148080964951434,83.63199710220087,84.74752864277767,831,0.9939831528279182,0.07489680725546723,6.198165046934399,3.7532127405453295,582,0.9415807560137457,0.2567904017915625,9.061803262759486,5.802479979155284,0.5225992217380934,0.06168133299979672,"[""y@t"", ""data_quality_1@t+h"", ""data_quality_1@t"", ""y@t-1"", ""d.rps@t""]",5,20,200000.0,359,0.0627659574468085,13.842695035460993,6.566781214203894
"ar_order=3,granularity=30,max_parents=6,on_change=chain,other_lags=3,velocity=binned",ar,4,3729,940,0.8861702127659574,0.6049942940951492,20.05096851634508,19.712787493665893,846,0.9574468085106383,0.2828691201296363,11.92454235361657,11.53373920785574,94,0.24468085106382978,3.5041208597847646,93.18880398090164,93.32422206595724,109,0.01834862385321101,4.125236304874589,95.40258734312297,95.51398376061633,831,1.0,0.1432537656054273,10.16730250898191,9.770151641562883,582,0.9381443298969072,0.36414991711972333,12.985017390168538,12.564924418682358,0.5677473897721566,0.06168133299979672,"[""y@t"", ""data_quality_1@t+h"", ""data_quality_1@t"", ""y@t-1"", ""d.rps@t""]",5,20,200000.0,359,0.0627659574468085,13.842695035460993,6.566781214203894
"ar_order=3,granularity=30,max_parents=6,on_change=chain,other_lags=3,velocity=binned",persistence,4,3729,940,0.8840425531914894,3.204022661315119,16.292605495982663,13.842695035460993,846,0.9550827423167849,1.241109695514521,7.268955576518518,4.5175728920409775,94,0.24468085106382978,20.870239353520496,97.50545477115996,97.7687943262411,109,0.0,27.631021115928544,109.87543866012906,109.57461773700304,831,1.0,0.0,4.017600905258284,1.2858002406738869,582,0.9347079037800687,1.8040872893561595,10.286641598761154,6.566781214203895,0.5683752055208976,0.06168133299979672,"[""y@t"", ""data_quality_1@t+h"", ""data_quality_1@t"", ""y@t-1"", ""d.rps@t""]",5,20,200000.0,359,0.0627659574468085,13.842695035460993,6.566781214203894
"ar_order=3,granularity=30,max_parents=6,on_change=chain,other_lags=3,velocity=binned",model,5,4669,930,0.9333333333333333,0.3222337275648782,14.417186943258866,12.582173038569985,837,0.967741935483871,0.16627461819434583,7.563042536974788,5.459046926571103,93,0.6236559139784946,1.7258657118996696,76.10448659981559,76.69030804655995,96,0.40625,2.3328632373243345,76.0743785489567,76.0036754315385,834,0.9940047961630696,0.09079435953501276,7.319956254833216,5.281856216357784,636,0.9575471698113207,0.1965809301567926,8.257698036531227,5.675615838951127,0.5316522917460557,0.0771054169999843,"[""y@t"", ""data_quality_1@t+h"", ""cores_1@t+h"", ""throughput_1@t-1"", ""y@t-1""]",5,20,480000.0,566,0.13978494623655913,12.904946236559137,4.936477987421384
"ar_order=3,granularity=30,max_parents=6,on_change=chain,other_lags=3,velocity=binned",ar,5,4669,930,0.896774193548387,0.5705313048110305,19.044979085110732,19.25070262352134,837,0.967741935483871,0.24496576768796222,10.98750195469453,11.138442256760593,93,0.25806451612903225,3.5006211389186452,91.56227325885656,92.26104592436808,96,0.0,4.298789761372049,102.59476148106232,102.49649357070557,834,1.0,0.14137925225724415,9.427737946008396,9.66845330585985,636,0.9575471698113207,0.28818314101926795,11.09562468923766,11.353349110695564,0.5445609986136771,0.0771054169999843,"[""y@t"", ""data_quality_1@t+h"", ""cores_1@t+h"", ""throughput_1@t-1"", ""y@t-1""]",5,20,480000.0,566,0.13978494623655913,12.904946236559137,4.936477987421384
"ar_order=3,granularity=30,max_parents=6,on_change=chain,other_lags=3,velocity=binned",persistence,5,4669,930,0.896774193548387,2.8522344377732693,15.280333328260745,12.904946236559145,837,0.967741935483871,0.8913232618041467,6.442010356870462,3.751015531660698,93,0.25806451612903225,20.500435021495374,94.82524007077332,95.29032258064517,96,0.0,27.631021115928547,113.56267173015067,113.25277777777778,834,1.0,0.0,3.967258404302192,1.3541167066346984,636,0.9575471698113207,1.173015047374325,8.255160151516172,4.936477987421384,0.5089058497758919,0.0771054169999843,"[""y@t"", ""data_quality_1@t+h"", ""cores_1@t+h"", ""throughput_1@t-1"", ""y@t-1""]",5,20,480000.0,566,0.13978494623655913,12.904946236559137,4.936477987421384
