config,model,fold,n_train,n_all,acc_all,logloss_all,mae_all,maeh_all,n_within,acc_within,logloss_within,mae_within,maeh_within,n_xrun,acc_xrun,logloss_xrun,mae_xrun,maeh_xrun,n_change,acc_change,logloss_change,mae_change,maeh_change,n_stay,acc_stay,logloss_stay,mae_stay,maeh_stay,n_event,acc_event,logloss_event,mae_event,maeh_event,f1_all,search_sec,parents,n_parents,n_y,cpt_configs_possible,cpt_configs_seen,test_unseen_config_frac,mae_persistence_continuous,mae_persistence_continuous_event
n_bins=10,model,1,33200,33558,0.8971631205673759,0.40105251433541156,13.245006504761884,7.059213003722437,33464,0.8991453502271097,0.3866408235023794,12.855003729373976,6.651702902071034,94,0.19148936170212766,5.531614450894889,152.08599454285692,152.13280919162162,3044,0.23751642575558476,3.677179756849814,46.34304502350605,39.02810860582778,30514,0.9629678180507308,0.07423428905475875,9.943229312290974,3.8700762726216738,19299,0.8384890408829473,0.6346633636748173,14.363402280207609,10.042049432681615,0.9144494583939593,0.0674297919995297,"[""y@t"", ""throughput_2@t"", ""data_quality_2@t"", ""data_quality_2@t+h""]",4,10,10000.0,228,0.14437689969604864,4.986888372370225,7.9259028965231355
n_bins=10,ar,1,33200,33558,0.9092913761249181,0.4407160846672611,13.418545284395492,6.103855235980756,33464,0.9113076739182405,0.4267217267372197,13.027349523719284,5.69211352291729,94,0.19148936170212766,5.4227075077619675,152.68423608512649,152.68390508657475,3044,0.0,4.324327979635628,50.654790429426164,36.084605883609996,30514,1.0,0.053296716236910756,9.703950992546723,3.113050852046057,19299,0.8462096481682989,0.7029283089916721,14.431668280485885,8.27505395244851,0.9123449276985376,0.0674297919995297,"[""y@t"", ""throughput_2@t"", ""data_quality_2@t"", ""data_quality_2@t+h""]",4,10,10000.0,228,0.14437689969604864,4.986888372370225,7.9259028965231355
n_bins=10,persistence,1,33200,33558,0.9092913761249181,2.506371901689209,13.057186113777025,4.98688837237023,33464,0.9113076739182405,2.450659534785917,12.663755641137389,4.570941907721737,94,0.19148936170212766,22.339974519261375,153.11843437348716,153.06382978723406,3044,0.0,27.631021115928544,51.65999149933388,36.60413929040736,30514,1.0,0.0,9.20626720463253,1.832830831749368,19299,0.8462096481682989,4.249384458887814,14.199030564025428,7.9259028965231355,0.9123449276985376,0.0674297919995297,"[""y@t"", ""throughput_2@t"", ""data_quality_2@t"", ""data_quality_2@t+h""]",4,10,10000.0,228,0.14437689969604864,4.986888372370225,7.9259028965231355
n_bins=10,model,2,66758,33201,0.9116894069455739,0.2732306499266455,12.621638649028455,6.631016407797014,33108,0.9137368611815875,0.2608433435114229,12.232681907236717,6.225033282470921,93,0.1827956989247312,4.683111733745872,151.09023872688658,151.16100902388553,3269,0.3698378709085347,2.1006761337988786,31.536808932131375,32.33002174912072,29932,0.9708672992115461,0.07364761883021587,10.555833101271425,3.8243196130359816,20321,0.8721027508488756,0.3940516125209096,12.138288866044618,8.898887187655546,0.9054993352006397,0.1420088750001014,"[""y@t"", ""data_quality_1@t+h"", ""throughput_2@t"", ""avg_p_latency_1@t""]",4,10,10000.0,480,0.12207463630613535,4.608656365772116,6.818069976871217
n_bins=10,ar,2,66758,33201,0.901539110267763,0.40062693744651084,13.703471258689387,5.811351113040784,33108,0.903558052434457,0.3876198532241933,13.307305699631206,5.393102352444265,93,0.1827956989247312,5.031148920591547,154.73841028340266,154.70790988540168,3269,0.0,3.3507259350507654,40.98195905628054,27.334024417922656,29932,1.0,0.07843417975680383,10.724272521206913,3.460769159490776,20321,0.8428719059101423,0.5809955211769323,13.609225997309318,7.286535230524286,0.9040098997582934,0.1420088750001014,"[""y@t"", ""data_quality_1@t+h"", ""throughput_2@t"", ""avg_p_latency_1@t""]",4,10,10000.0,480,0.12207463630613535,4.608656365772116,6.818069976871217
n_bins=10,persistence,2,66758,33201,0.901539110267763,2.720574923284552,13.333547151168505,4.608656365772122,33108,0.903558052434457,2.6647894896447943,12.934128372104288,4.184789174821802,93,0.1827956989247312,22.580189299038377,155.52663249803027,155.50537634408602,3269,0.0,27.63102111592855,42.97319635326115,28.36892015907005,29932,1.0,0.0,10.096476015205628,2.013697714820266,20321,0.8428719059101423,4.341609685702468,13.575485905217667,6.818069976871217,0.9040098997582934,0.1420088750001014,"[""y@t"", ""data_quality_1@t+h"", ""throughput_2@t"", ""avg_p_latency_1@t""]",4,10,10000.0,480,0.12207463630613535,4.608656365772116,6.818069976871217
n_bins=10,model,3,99959,33201,0.9453329718984368,0.22840514015672161,12.572168648707919,6.478248408176326,33108,0.9475353388909025,0.20927343704913973,12.147825019011176,6.035455651155407,93,0.16129032258064516,7.039291446455888,163.63850082074822,164.11246990762365,2168,0.2333948339483395,2.7185176210186497,45.566878600335436,44.24905773037444,31033,0.9950697644443012,0.05444310430750757,10.267121403029819,3.839537532317547,19992,0.9169167667066827,0.30866127889740386,11.888469457108439,7.824297080624219,0.8374254312769234,0.24507749999975204,"[""y@t"", ""data_quality_1@t"", ""throughput_2@t"", ""buffer_size_3@t""]",4,10,10000.0,675,0.14948344929369597,4.94388723231228,7.444927971188475
n_bins=10,ar,3,99959,33201,0.9347007620252402,0.3036772092267111,13.194605903804359,6.45587273804886,33108,0.9368732632596352,0.2895715808440439,12.772956058644606,6.013835144217442,93,0.16129032258064516,5.325280913456224,163.30195078067635,163.82125614203358,2168,0.0,3.445907099158653,54.29026819267648,45.102011780259986,31033,1.0,0.08415752368640078,10.323617090532203,3.7560103514438343,19992,0.8954581832733093,0.42484949602729566,12.968856314619385,8.010145836282334,0.8282152949538315,0.24507749999975204,"[""y@t"", ""data_quality_1@t"", ""throughput_2@t"", ""buffer_size_3@t""]",4,10,10000.0,675,0.14948344929369597,4.94388723231228,7.444927971188475
n_bins=10,persistence,3,99959,33201,0.9347007620252402,1.804284623334631,12.943259123849534,4.9438872323122895,33108,0.9368732632596352,1.744256195852684,12.518670047993275,4.495559985502003,93,0.16129032258064516,23.174404806907813,164.0969701286785,164.5483870967742,2168,0.0,27.631021115928547,56.495113837871635,46.2200184501845,31033,1.0,0.0,9.900677967660965,2.060290658331464,19992,0.8954581832733093,2.888597145472722,13.180646755107288,7.444927971188475,0.8282152949538315,0.24507749999975204,"[""y@t"", ""data_quality_1@t"", ""throughput_2@t"", ""buffer_size_3@t""]",4,10,10000.0,675,0.14948344929369597,4.94388723231228,7.444927971188475
n_bins=10,model,4,133160,33558,0.9311639549436797,0.27145763194210676,13.62680997782047,6.664729473313617,33464,0.9330325125508009,0.2579475287957855,13.273157689226545,6.297203903056835,94,0.26595744680851063,5.081054352032465,139.5270247172575,137.50383248472795,3418,0.3779988297249854,2.2807793887626064,35.8334493242614,36.71856726883489,30140,0.9938951559389516,0.04359227809962271,11.10848571484319,3.256500621784363,18970,0.8862941486557723,0.4255491693034868,13.87578851508879,9.485284981875163,0.9292100563231871,0.3048227079998469,"[""y@t"", ""data_quality_2@t+h"", ""throughput_2@t"", ""buffer_size_3@t""]",4,10,10000.0,805,0.07664342332677752,5.052863698670958,8.242224565102793
n_bins=10,ar,4,133160,33558,0.898146492639609,0.41655234175419403,15.19474193385114,6.497979810794106,33464,0.8999820702844848,0.40522830673376514,14.835321478757008,6.12239975090529,94,0.24468085106382978,4.447908809026856,143.14842394736203,140.20448113121242,3418,0.0,3.3837400406329947,45.29803219777827,32.885157426448146,30140,1.0,0.08006104929341959,11.78090496895058,3.50556530879326,18970,0.8235635213494992,0.6514247705454461,16.26045353273752,8.627329552067165,0.906992982742947,0.3048227079998469,"[""y@t"", ""data_quality_2@t+h"", ""throughput_2@t"", ""buffer_size_3@t""]",4,10,10000.0,805,0.07664342332677752,5.052863698670958,8.242224565102793
n_bins=10,persistence,4,133160,33558,0.898146492639609,2.8143164126063467,14.634408367179594,5.052863698670971,33464,0.8999820702844848,2.7635975279408576,14.271664878016521,4.672334448960091,94,0.24468085106382978,20.870239353520496,143.771090509234,140.5212765957447,3418,0.0,27.631021115928547,47.03416643276058,33.373317729666475,30140,1.0,0.0,10.960142505595128,1.8412076974120934,18970,0.8235635213494992,4.875120067212064,16.320225539188534,8.242224565102793,0.906992982742947,0.3048227079998469,"[""y@t"", ""data_quality_2@t+h"", ""throughput_2@t"", ""buffer_size_3@t""]",4,10,10000.0,805,0.07664342332677752,5.052863698670958,8.242224565102793
n_bins=10,model,5,166718,33201,0.9552423119785549,0.20343007806098093,13.133686724900944,6.584974257889952,33108,0.9571704723933793,0.18862722910689697,12.766642161096243,6.201846623042948,93,0.26881720430107525,5.473244305714879,143.8015514393747,142.97841226342345,1958,0.34167517875383047,2.616091686692186,52.957855560999086,55.84796198799869,31243,0.9936945875876196,0.0522284831533248,10.63790454709855,3.497660940489161,18178,0.9280448894267797,0.2959018272292724,13.734627019242259,8.719199376974515,0.8603763610938439,0.38446337500135996,"[""y@t"", ""data_quality_2@t"", ""throughput_2@t"", ""buffer_size_2@t""]",4,10,10000.0,890,0.08767808198548237,4.627330502093311,7.7230718450874685
n_bins=10,ar,5,166718,33201,0.9410258727146773,0.29216560270937186,13.623879472284372,6.244414779925542,33108,0.9429140993113447,0.2806707828335357,13.262326807786158,5.863943906458507,93,0.26881720430107525,4.384321478507056,142.33662803364876,141.69204573419017,1958,0.0,3.6501740661263917,62.27944188397035,52.18072661100926,31243,1.0,0.08171908440541499,10.574633522725076,3.3655843678248507,18178,0.8960281659148421,0.4474407043661088,15.432241806747266,8.577247417572433,0.8508815911460579,0.38446337500135996,"[""y@t"", ""data_quality_2@t"", ""throughput_2@t"", ""buffer_size_2@t""]",4,10,10000.0,890,0.08767808198548237,4.627330502093311,7.7230718450874685
n_bins=10,persistence,5,166718,33201,0.9410258727146773,1.6295153563142104,13.018585640509375,4.627330502093323,33108,0.9429140993113447,1.577341727350035,12.652731579072837,4.2403648664975355,93,0.26881720430107525,20.203327267560653,143.26263151191645,142.38709677419354,1958,0.0,27.631021115928547,64.56271130390436,53.19662921348315,31243,1.0,0.0,9.78831332194434,1.583490701917242,18178,0.8960281659148421,2.872847943068817,14.991758669039521,7.7230718450874685,0.8508815911460579,0.38446337500135996,"[""y@t"", ""data_quality_2@t"", ""throughput_2@t"", ""buffer_size_2@t""]",4,10,10000.0,890,0.08767808198548237,4.627330502093311,7.7230718450874685
"ar_order=2,n_bins=10,on_change=chain,other_lags=2",model,1,33200,33558,0.9231479825972942,0.3197024528716441,12.754782700394507,6.4805297129644615,33464,0.9248147262730098,0.31438482774256976,12.419848947730502,6.125730402646378,94,0.32978723404255317,2.2127769988221,131.99119864878034,132.78908418620207,3044,0.3781208935611038,3.0624583056189123,42.898926531576116,39.333005051906646,30514,0.9775185160909746,0.04609201780044114,9.747678622852499,3.203249286545769,19299,0.8785947458417535,0.5226843672442871,13.605668583112795,9.563818744822601,0.9103211190730667,0.15720670799964864,"[""y@t"", ""throughput_2@t"", ""throughput_2@t-1""]",3,10,1000.0,140,0.03680195482448299,4.986888372370225,7.9259028965231355
"ar_order=2,n_bins=10,on_change=chain,other_lags=2",ar,1,33200,33558,0.9092913761249181,0.4407160846672611,13.418545284395492,6.103855235980756,33464,0.9113076739182405,0.4267217267372197,13.027349523719284,5.69211352291729,94,0.19148936170212766,5.4227075077619675,152.68423608512649,152.68390508657475,3044,0.0,4.324327979635628,50.654790429426164,36.084605883609996,30514,1.0,0.053296716236910756,9.703950992546723,3.113050852046057,19299,0.8462096481682989,0.7029283089916721,14.431668280485885,8.27505395244851,0.9123449276985376,0.15720670799964864,"[""y@t"", ""throughput_2@t"", ""throughput_2@t-1""]",3,10,1000.0,140,0.03680195482448299,4.986888372370225,7.9259028965231355
"ar_order=2,n_bins=10,on_change=chain,other_lags=2",persistence,1,33200,33558,0.9092913761249181,2.506371901689209,13.057186113777025,4.98688837237023,33464,0.9113076739182405,2.450659534785917,12.663755641137389,4.570941907721737,94,0.19148936170212766,22.339974519261375,153.11843437348716,153.06382978723406,3044,0.0,27.631021115928544,51.65999149933388,36.60413929040736,30514,1.0,0.0,9.20626720463253,1.832830831749368,19299,0.8462096481682989,4.249384458887814,14.199030564025428,7.9259028965231355,0.9123449276985376,0.15720670799964864,"[""y@t"", ""throughput_2@t"", ""throughput_2@t-1""]",3,10,1000.0,140,0.03680195482448299,4.986888372370225,7.9259028965231355
"ar_order=2,n_bins=10,on_change=chain,other_lags=2",model,2,66758,33201,0.9222011385199241,0.2410843539546814,12.871448759785538,7.117921423247092,33108,0.923523015585357,0.2369073028725008,12.594753609795157,6.822150357527305,93,0.45161290322580644,1.7281145392109587,111.37492215636073,112.41242081949109,3269,0.3848271642704191,1.8579079325059564,30.767536270650204,33.954731665662024,29932,0.9808900173727115,0.06450422973030219,10.916941540989043,4.186960154957156,20321,0.8860292308449388,0.3559239786635133,12.572181465427443,9.418033274314467,0.9223647081426816,0.27127562500027125,"[""y@t"", ""data_quality_1@t+h"", ""throughput_2@t-1"", ""throughput_2@t""]",4,10,10000.0,520,0.09361163820366857,4.608656365772116,6.818069976871217
"ar_order=2,n_bins=10,on_change=chain,other_lags=2",ar,2,66758,33201,0.901539110267763,0.40062693744651084,13.703471258689387,5.811351113040784,33108,0.903558052434457,0.3876198532241933,13.307305699631206,5.393102352444265,93,0.1827956989247312,5.031148920591547,154.73841028340266,154.70790988540168,3269,0.0,3.3507259350507654,40.98195905628054,27.334024417922656,29932,1.0,0.07843417975680383,10.724272521206913,3.460769159490776,20321,0.8428719059101423,0.5809955211769323,13.609225997309318,7.286535230524286,0.9040098997582934,0.27127562500027125,"[""y@t"", ""data_quality_1@t+h"", ""throughput_2@t-1"", ""throughput_2@t""]",4,10,10000.0,520,0.09361163820366857,4.608656365772116,6.818069976871217
"ar_order=2,n_bins=10,on_change=chain,other_lags=2",persistence,2,66758,33201,0.901539110267763,2.720574923284552,13.333547151168505,4.608656365772122,33108,0.903558052434457,2.6647894896447943,12.934128372104288,4.184789174821802,93,0.1827956989247312,22.580189299038377,155.52663249803027,155.50537634408602,3269,0.0,27.63102111592855,42.97319635326115,28.36892015907005,29932,1.0,0.0,10.096476015205628,2.013697714820266,20321,0.8428719059101423,4.341609685702468,13.575485905217667,6.818069976871217,0.9040098997582934,0.27127562500027125,"[""y@t"", ""data_quality_1@t+h"", ""throughput_2@t-1"", ""throughput_2@t""]",4,10,10000.0,520,0.09361163820366857,4.608656365772116,6.818069976871217
"ar_order=2,n_bins=10,on_change=chain,other_lags=2",model,3,99959,33201,0.944098069335261,0.2137300893529282,12.492442495778787,6.411768181362104,33108,0.9453304337320285,0.20975444004307922,12.209143298711167,6.10955889643376,93,0.5053763440860215,1.6290612436591638,113.34695665185204,113.99827361585287,2168,0.23431734317343172,2.50776426433259,42.92743078949473,42.51521746570325,31033,0.9936841426868173,0.05346630269498644,10.366220260713657,3.889540937832584,19992,0.9128651460584234,0.3175620569472375,12.339109042303896,8.511718752890772,0.8366745143174608,0.40616024999872025,"[""y@t"", ""y@t-1"", ""data_quality_1@t"", ""throughput_2@t""]",4,10,10000.0,709,0.057980181319839764,4.94388723231228,7.444927971188475
"ar_order=2,n_bins=10,on_change=chain,other_lags=2",ar,3,99959,33201,0.9347007620252402,0.3036772092267111,13.194605903804359,6.45587273804886,33108,0.9368732632596352,0.2895715808440439,12.772956058644606,6.013835144217442,93,0.16129032258064516,5.325280913456224,163.30195078067635,163.82125614203358,2168,0.0,3.445907099158653,54.29026819267648,45.102011780259986,31033,1.0,0.08415752368640078,10.323617090532203,3.7560103514438343,19992,0.8954581832733093,0.42484949602729566,12.968856314619385,8.010145836282334,0.8282152949538315,0.40616024999872025,"[""y@t"", ""y@t-1"", ""data_quality_1@t"", ""throughput_2@t""]",4,10,10000.0,709,0.057980181319839764,4.94388723231228,7.444927971188475
"ar_order=2,n_bins=10,on_change=chain,other_lags=2",persistence,3,99959,33201,0.9347007620252402,1.804284623334631,12.943259123849534,4.9438872323122895,33108,0.9368732632596352,1.744256195852684,12.518670047993275,4.495559985502003,93,0.16129032258064516,23.174404806907813,164.0969701286785,164.5483870967742,2168,0.0,27.631021115928547,56.495113837871635,46.2200184501845,31033,1.0,0.0,9.900677967660965,2.060290658331464,19992,0.8954581832733093,2.888597145472722,13.180646755107288,7.444927971188475,0.8282152949538315,0.40616024999872025,"[""y@t"", ""y@t-1"", ""data_quality_1@t"", ""throughput_2@t""]",4,10,10000.0,709,0.057980181319839764,4.94388723231228,7.444927971188475
"ar_order=2,n_bins=10,on_change=chain,other_lags=2",model,4,133160,33558,0.9362596102270696,0.2574544828414815,13.75880360696746,6.531775726511474,33464,0.9373356442744442,0.2531737453925631,13.570605476564284,6.319647641379307,94,0.5531914893617021,1.781397014656437,80.75733803049697,82.0493740335627,3418,0.49210064365125805,2.1685695247477956,34.2600505166887,36.86937082623325,30140,0.9866290643662906,0.040726174505854994,11.433877862527272,3.0913676292702976,18970,0.8968898260411176,0.4218470056598163,14.61636867154559,10.002090415353708,0.9325210609780298,0.5260856660006539,"[""y@t"", ""y@t-1"", ""throughput_2@t"", ""throughput_2@t-1""]",4,10,10000.0,702,0.02494189165027713,5.052863698670958,8.242224565102793
"ar_order=2,n_bins=10,on_change=chain,other_lags=2",ar,4,133160,33558,0.898146492639609,0.41655234175419403,15.19474193385114,6.497979810794106,33464,0.8999820702844848,0.40522830673376514,14.835321478757008,6.12239975090529,94,0.24468085106382978,4.447908809026856,143.14842394736203,140.20448113121242,3418,0.0,3.3837400406329947,45.29803219777827,32.885157426448146,30140,1.0,0.08006104929341959,11.78090496895058,3.50556530879326,18970,0.8235635213494992,0.6514247705454461,16.26045353273752,8.627329552067165,0.906992982742947,0.5260856660006539,"[""y@t"", ""y@t-1"", ""throughput_2@t"", ""throughput_2@t-1""]",4,10,10000.0,702,0.02494189165027713,5.052863698670958,8.242224565102793
"ar_order=2,n_bins=10,on_change=chain,other_lags=2",persistence,4,133160,33558,0.898146492639609,2.8143164126063467,14.634408367179594,5.052863698670971,33464,0.8999820702844848,2.7635975279408576,14.271664878016521,4.672334448960091,94,0.24468085106382978,20.870239353520496,143.771090509234,140.5212765957447,3418,0.0,27.631021115928547,47.03416643276058,33.373317729666475,30140,1.0,0.0,10.960142505595128,1.8412076974120934,18970,0.8235635213494992,4.875120067212064,16.320225539188534,8.242224565102793,0.906992982742947,0.5260856660006539,"[""y@t"", ""y@t-1"", ""throughput_2@t"", ""throughput_2@t-1""]",4,10,10000.0,702,0.02494189165027713,5.052863698670958,8.242224565102793
"ar_order=2,n_bins=10,on_change=chain,other_lags=2",model,5,166718,33201,0.9503930604499864,0.14709395893922977,12.53002239478791,6.257415641368703,33108,0.9512806572429624,0.14392946132510293,12.303512719263978,6.010541477337316,93,0.6344086021505376,1.2736551095683826,93.16746688130725,94.14461803654203,1958,0.44228804902962204,1.7814109420569477,45.875111558633954,53.91071954693833,31243,0.9822360208686746,0.04467125135850798,10.44028438682419,3.2709812705622716,18178,0.9331059522499725,0.21932832110813388,13.01973112573008,8.6639576374684,0.8399220203310767,0.6699125000013737,"[""y@t"", ""data_quality_2@t"", ""throughput_2@t"", ""throughput_2@t-1""]",4,10,10000.0,790,0.017077798861480076,4.627330502093311,7.7230718450874685
"ar_order=2,n_bins=10,on_change=chain,other_lags=2",ar,5,166718,33201,0.9410258727146773,0.29216560270937186,13.623879472284372,6.244414779925542,33108,0.9429140993113447,0.2806707828335357,13.262326807786158,5.863943906458507,93,0.26881720430107525,4.384321478507056,142.33662803364876,141.69204573419017,1958,0.0,3.6501740661263917,62.27944188397035,52.18072661100926,31243,1.0,0.08171908440541499,10.574633522725076,3.3655843678248507,18178,0.8960281659148421,0.4474407043661088,15.432241806747266,8.577247417572433,0.8508815911460579,0.6699125000013737,"[""y@t"", ""data_quality_2@t"", ""throughput_2@t"", ""throughput_2@t-1""]",4,10,10000.0,790,0.017077798861480076,4.627330502093311,7.7230718450874685
"ar_order=2,n_bins=10,on_change=chain,other_lags=2",persistence,5,166718,33201,0.9410258727146773,1.6295153563142104,13.018585640509375,4.627330502093323,33108,0.9429140993113447,1.577341727350035,12.652731579072837,4.2403648664975355,93,0.26881720430107525,20.203327267560653,143.26263151191645,142.38709677419354,1958,0.0,27.631021115928547,64.56271130390436,53.19662921348315,31243,1.0,0.0,9.78831332194434,1.583490701917242,18178,0.8960281659148421,2.872847943068817,14.991758669039521,7.7230718450874685,0.8508815911460579,0.6699125000013737,"[""y@t"", ""data_quality_2@t"", ""throughput_2@t"", ""throughput_2@t-1""]",4,10,10000.0,790,0.017077798861480076,4.627330502093311,7.7230718450874685
"ar_order=3,max_parents=6,n_bins=10,on_change=chain,other_lags=3,velocity=binned",model,1,33200,33558,0.9330115024733298,0.3017461746941727,12.318892188206279,6.2061517783866185,33464,0.934705952665551,0.29637811058145386,11.982734023991183,5.850581743533204,94,0.32978723404255317,2.2127769988221,131.99119864878034,132.78908418620207,3044,0.4172141918528252,2.9262717189713183,41.08956874577858,38.47792111437959,30514,0.9844661466867667,0.039930098244686275,9.448801756232427,2.986801124301195,19299,0.896523135913778,0.4927104169281993,12.913769946339409,9.227720631199624,0.9354411952413297,0.3238486250011192,"[""y@t"", ""throughput_2@t"", ""throughput_2@t-1"", ""y@t-2""]",4,10,10000.0,235,0.05521783181357649,4.986888372370225,7.9259028965231355
"ar_order=3,max_parents=6,n_bins=10,on_change=chain,other_lags=3,velocity=binned",ar,1,33200,33558,0.9092913761249181,0.4407160846672611,13.418545284395492,6.103855235980756,33464,0.9113076739182405,0.4267217267372197,13.027349523719284,5.69211352291729,94,0.19148936170212766,5.4227075077619675,152.68423608512649,152.68390508657475,3044,0.0,4.324327979635628,50.654790429426164,36.084605883609996,30514,1.0,0.053296716236910756,9.703950992546723,3.113050852046057,19299,0.8462096481682989,0.7029283089916721,14.431668280485885,8.27505395244851,0.9123449276985376,0.3238486250011192,"[""y@t"", ""throughput_2@t"", ""throughput_2@t-1"", ""y@t-2""]",4,10,10000.0,235,0.05521783181357649,4.986888372370225,7.9259028965231355
"ar_order=3,max_parents=6,n_bins=10,on_change=chain,other_lags=3,velocity=binned",persistence,1,33200,33558,0.9092913761249181,2.506371901689209,13.057186113777025,4.98688837237023,33464,0.9113076739182405,2.450659534785917,12.663755641137389,4.570941907721737,94,0.19148936170212766,22.339974519261375,153.11843437348716,153.06382978723406,3044,0.0,27.631021115928544,51.65999149933388,36.60413929040736,30514,1.0,0.0,9.20626720463253,1.832830831749368,19299,0.8462096481682989,4.249384458887814,14.199030564025428,7.9259028965231355,0.9123449276985376,0.3238486250011192,"[""y@t"", ""throughput_2@t"", ""throughput_2@t-1"", ""y@t-2""]",4,10,10000.0,235,0.05521783181357649,4.986888372370225,7.9259028965231355
"ar_order=3,max_parents=6,n_bins=10,on_change=chain,other_lags=3,velocity=binned",model,2,66758,33201,0.9303033041173459,0.23155626097796025,12.094673514623574,5.850694274926669,33108,0.9316479400749064,0.22735244558966533,11.815796411697347,5.551363582385758,93,0.45161290322580644,1.7281145392109587,111.37492215636073,112.41242081949109,3269,0.3410828999694096,1.9724163346087253,30.276883574431064,31.982120171669937,29932,0.9946545503140451,0.04142958782885658,10.108917645135714,2.996771006970845,20321,0.8903105162147532,0.3530902584548178,11.640526069481197,8.269297297905155,0.9286984759893958,0.7932513329997164,"[""y@t"", ""data_quality_1@t+h"", ""throughput_2@t-1"", ""throughput_2@t"", ""throughput_2@t-2"", ""avg_p_latency_1@t""]",6,10,1000000.0,986,0.13294780277702478,4.608656365772116,6.818069976871217
"ar_order=3,max_parents=6,n_bins=10,on_change=chain,other_lags=3,velocity=binned",ar,2,66758,33201,0.901539110267763,0.40062693744651084,13.703471258689387,5.811351113040784,33108,0.903558052434457,0.3876198532241933,13.307305699631206,5.393102352444265,93,0.1827956989247312,5.031148920591547,154.73841028340266,154.70790988540168,3269,0.0,3.3507259350507654,40.98195905628054,27.334024417922656,29932,1.0,0.07843417975680383,10.724272521206913,3.460769159490776,20321,0.8428719059101423,0.5809955211769323,13.609225997309318,7.286535230524286,0.9040098997582934,0.7932513329997164,"[""y@t"", ""data_quality_1@t+h"", ""throughput_2@t-1"", ""throughput_2@t"", ""throughput_2@t-2"", ""avg_p_latency_1@t""]",6,10,1000000.0,986,0.13294780277702478,4.608656365772116,6.818069976871217
"ar_order=3,max_parents=6,n_bins=10,on_change=chain,other_lags=3,velocity=binned",persistence,2,66758,33201,0.901539110267763,2.720574923284552,13.333547151168505,4.608656365772122,33108,0.903558052434457,2.6647894896447943,12.934128372104288,4.184789174821802,93,0.1827956989247312,22.580189299038377,155.52663249803027,155.50537634408602,3269,0.0,27.63102111592855,42.97319635326115,28.36892015907005,29932,1.0,0.0,10.096476015205628,2.013697714820266,20321,0.8428719059101423,4.341609685702468,13.575485905217667,6.818069976871217,0.9040098997582934,0.7932513329997164,"[""y@t"", ""data_quality_1@t+h"", ""throughput_2@t-1"", ""throughput_2@t"", ""throughput_2@t-2"", ""avg_p_latency_1@t""]",6,10,1000000.0,986,0.13294780277702478,4.608656365772116,6.818069976871217
"ar_order=3,max_parents=6,n_bins=10,on_change=chain,other_lags=3,velocity=binned",model,3,99959,33201,0.9450920153007439,0.19598372548657675,12.413670650776501,6.060480264232728,33108,0.9463271716805606,0.19195822684002456,12.130150184481346,5.757284215492223,93,0.5053763440860215,1.6290612436591638,113.34695665185204,113.99827361585287,2168,0.24492619926199263,2.452310321482841,44.439889346077,44.722394648655644,31033,0.9940063803048368,0.03835423236248625,10.17628328470131,3.3595157946220273,19992,0.9144657863145258,0.29686356651097234,12.27660059442113,8.344891721527608,0.8389007850264847,1.1355104999984178,"[""y@t"", ""y@t-1"", ""data_quality_1@t"", ""throughput_2@t"", ""throughput_2@t-1"", ""throughput_2@t-2""]",6,10,1000000.0,1369,0.09069003945664288,4.94388723231228,7.444927971188475
"ar_order=3,max_parents=6,n_bins=10,on_change=chain,other_lags=3,velocity=binned",ar,3,99959,33201,0.9347007620252402,0.3036772092267111,13.194605903804359,6.45587273804886,33108,0.9368732632596352,0.2895715808440439,12.772956058644606,6.013835144217442,93,0.16129032258064516,5.325280913456224,163.30195078067635,163.82125614203358,2168,0.0,3.445907099158653,54.29026819267648,45.102011780259986,31033,1.0,0.08415752368640078,10.323617090532203,3.7560103514438343,19992,0.8954581832733093,0.42484949602729566,12.968856314619385,8.010145836282334,0.8282152949538315,1.1355104999984178,"[""y@t"", ""y@t-1"", ""data_quality_1@t"", ""throughput_2@t"", ""throughput_2@t-1"", ""throughput_2@t-2""]",6,10,1000000.0,1369,0.09069003945664288,4.94388723231228,7.444927971188475
"ar_order=3,max_parents=6,n_bins=10,on_change=chain,other_lags=3,velocity=binned",persistence,3,99959,33201,0.9347007620252402,1.804284623334631,12.943259123849534,4.9438872323122895,33108,0.9368732632596352,1.744256195852684,12.518670047993275,4.495559985502003,93,0.16129032258064516,23.174404806907813,164.0969701286785,164.5483870967742,2168,0.0,27.631021115928547,56.495113837871635,46.2200184501845,31033,1.0,0.0,9.900677967660965,2.060290658331464,19992,0.8954581832733093,2.888597145472722,13.180646755107288,7.444927971188475,0.8282152949538315,1.1355104999984178,"[""y@t"", ""y@t-1"", ""data_quality_1@t"", ""throughput_2@t"", ""throughput_2@t-1"", ""throughput_2@t-2""]",6,10,1000000.0,1369,0.09069003945664288,4.94388723231228,7.444927971188475
"ar_order=3,max_parents=6,n_bins=10,on_change=chain,other_lags=3,velocity=binned",model,4,133160,33558,0.9303891769473747,0.23211815017483092,13.313750264942515,6.181614543464427,33464,0.9314487210136266,0.2277662432521298,13.124301984702193,5.968502859503476,94,0.5531914893617021,1.781397014656437,80.75733803049697,82.0493740335627,3418,0.4338794616734933,1.97052428924574,33.953680962114504,36.015175166941624,30140,0.9866954213669542,0.03497574196831573,10.973097208441724,2.7983660294947836,18970,0.8856088560885609,0.3823854927094383,13.999413164168956,9.639613645460939,0.9295020592008083,1.5618324579991167,"[""y@t"", ""y@t-2"", ""throughput_2@t"", ""throughput_2@t-1"", ""data_quality_2@t+h"", ""data_quality_2@t""]",6,10,1000000.0,1440,0.07411049526193456,5.052863698670958,8.242224565102793
"ar_order=3,max_parents=6,n_bins=10,on_change=chain,other_lags=3,velocity=binned",ar,4,133160,33558,0.898146492639609,0.41655234175419403,15.19474193385114,6.497979810794106,33464,0.8999820702844848,0.40522830673376514,14.835321478757008,6.12239975090529,94,0.24468085106382978,4.447908809026856,143.14842394736203,140.20448113121242,3418,0.0,3.3837400406329947,45.29803219777827,32.885157426448146,30140,1.0,0.08006104929341959,11.78090496895058,3.50556530879326,18970,0.8235635213494992,0.6514247705454461,16.26045353273752,8.627329552067165,0.906992982742947,1.5618324579991167,"[""y@t"", ""y@t-2"", ""throughput_2@t"", ""throughput_2@t-1"", ""data_quality_2@t+h"", ""data_quality_2@t""]",6,10,1000000.0,1440,0.07411049526193456,5.052863698670958,8.242224565102793
"ar_order=3,max_parents=6,n_bins=10,on_change=chain,other_lags=3,velocity=binned",persistence,4,133160,33558,0.898146492639609,2.8143164126063467,14.634408367179594,5.052863698670971,33464,0.8999820702844848,2.7635975279408576,14.271664878016521,4.672334448960091,94,0.24468085106382978,20.870239353520496,143.771090509234,140.5212765957447,3418,0.0,27.631021115928547,47.03416643276058,33.373317729666475,30140,1.0,0.0,10.960142505595128,1.8412076974120934,18970,0.8235635213494992,4.875120067212064,16.320225539188534,8.242224565102793,0.906992982742947,1.5618324579991167,"[""y@t"", ""y@t-2"", ""throughput_2@t"", ""throughput_2@t-1"", ""data_quality_2@t+h"", ""data_quality_2@t""]",6,10,1000000.0,1440,0.07411049526193456,5.052863698670958,8.242224565102793
"ar_order=3,max_parents=6,n_bins=10,on_change=chain,other_lags=3,velocity=binned",model,5,166718,33201,0.9538869311165327,0.1500579901150241,12.3927158286018,5.925138558587026,33108,0.9547843421529539,0.14690181843116634,12.165820460476223,5.677331031963557,93,0.6344086021505376,1.2736551095683826,93.16746688130725,94.14461803654203,1958,0.3585291113381001,1.9925203489109211,48.14767048602353,54.59326156057391,31243,0.9911980283583522,0.03459080391259906,10.151951458367451,2.875105436355156,18178,0.9228187919463087,0.2367498482511141,13.18889786938921,8.708584211928532,0.8618601787282237,2.0184938330003206,"[""y@t"", ""data_quality_2@t"", ""y@t-2"", ""throughput_2@t"", ""throughput_2@t-1"", ""data_quality_2@t+h""]",6,10,1000000.0,1668,0.02400530104514924,4.627330502093311,7.7230718450874685
"ar_order=3,max_parents=6,n_bins=10,on_change=chain,other_lags=3,velocity=binned",ar,5,166718,33201,0.9410258727146773,0.29216560270937186,13.623879472284372,6.244414779925542,33108,0.9429140993113447,0.2806707828335357,13.262326807786158,5.863943906458507,93,0.26881720430107525,4.384321478507056,142.33662803364876,141.69204573419017,1958,0.0,3.6501740661263917,62.27944188397035,52.18072661100926,31243,1.0,0.08171908440541499,10.574633522725076,3.3655843678248507,18178,0.8960281659148421,0.4474407043661088,15.432241806747266,8.577247417572433,0.8508815911460579,2.0184938330003206,"[""y@t"", ""data_quality_2@t"", ""y@t-2"", ""throughput_2@t"", ""throughput_2@t-1"", ""data_quality_2@t+h""]",6,10,1000000.0,1668,0.02400530104514924,4.627330502093311,7.7230718450874685
"ar_order=3,max_parents=6,n_bins=10,on_change=chain,other_lags=3,velocity=binned",persistence,5,166718,33201,0.9410258727146773,1.6295153563142104,13.018585640509375,4.627330502093323,33108,0.9429140993113447,1.577341727350035,12.652731579072837,4.2403648664975355,93,0.26881720430107525,20.203327267560653,143.26263151191645,142.38709677419354,1958,0.0,27.631021115928547,64.56271130390436,53.19662921348315,31243,1.0,0.0,9.78831332194434,1.583490701917242,18178,0.8960281659148421,2.872847943068817,14.991758669039521,7.7230718450874685,0.8508815911460579,2.0184938330003206,"[""y@t"", ""data_quality_2@t"", ""y@t-2"", ""throughput_2@t"", ""throughput_2@t-1"", ""data_quality_2@t+h""]",6,10,1000000.0,1668,0.02400530104514924,4.627330502093311,7.7230718450874685
ref,model,1,33200,33558,0.875856725668991,0.4552975086735915,9.696449810769732,6.411441131600297,33464,0.8778388716232369,0.4330880148530138,9.299153427373932,6.003677542087232,94,0.1702127659574468,8.361877308799263,151.1339622996743,151.57527899825166,4381,0.32526820360648256,2.740223003383534,28.25827281563533,27.471055146732947,29177,0.9585289783048292,0.11221019358553386,6.909345359170315,3.2492870718855853,19299,0.8354837038188507,0.6537356351481121,10.569422316912929,8.145067684247485,0.722853638174621,0.12526108299971384,"[""y@t"", ""throughput_2@t"", ""buffer_size_3@t""]",3,20,8000.0,352,0.1985219619762799,4.986888372370225,7.9259028965231355
ref,ar,1,33200,33558,0.8479051194946063,0.5873854569555976,10.530039868016596,6.378462004126458,33464,0.8498087497011714,0.5704202818279933,10.133059997284537,5.969205359771669,94,0.1702127659574468,6.62698780238272,151.85487384862944,152.07382739443122,4381,0.05820588906642319,3.466579123159004,31.894914064656206,26.985031377355455,29177,0.9664804469273743,0.15506727991076355,7.322050223588516,3.28433373788537,19299,0.7816985336027773,0.8497846832644308,11.889738104344254,7.934815242101224,0.6846330982901161,0.12526108299971384,"[""y@t"", ""throughput_2@t"", ""buffer_size_3@t""]",3,20,8000.0,352,0.1985219619762799,4.986888372370225,7.9259028965231355
ref,persistence,1,33200,33558,0.8694499076226235,3.607232359165712,9.999003984825238,4.98688837237023,33464,0.8713841740377719,3.5537866030049146,9.597365235822318,4.570941907721736,94,0.18085106382978725,22.63392155240955,152.9823986298647,153.06382978723406,4381,0.0,27.63102111592855,34.103755315723284,28.69139465875371,29177,1.0,0.0,6.3796148913384405,1.4275970798917015,19299,0.7769832633815223,6.1621801587106315,11.808682343600474,7.9259028965231355,0.7291569012797388,0.12526108299971384,"[""y@t"", ""throughput_2@t"", ""buffer_size_3@t""]",3,20,8000.0,352,0.1985219619762799,4.986888372370225,7.9259028965231355
ref,model,2,66758,33201,0.883316767567242,0.395880280443871,8.834953436776434,5.892727169960669,33108,0.8853449317385527,0.3780552312209165,8.431403109214967,5.480110739977724,93,0.16129032258064516,6.741597803815663,152.4988700486579,152.78417624388922,4870,0.32792607802874746,2.0468321767196307,22.750218117034528,22.94044190098942,28331,0.9787864882990364,0.11208741274195613,6.442968014699666,2.9622845191502485,20321,0.8218099502977215,0.5549922763353662,9.501204003975054,7.703595535391981,0.7861484869599853,0.26302091700017627,"[""y@t"", ""throughput_2@t"", ""data_quality_1@t+h"", ""avg_p_latency_1@t""]",4,20,72000.0,856,0.2184873949579832,4.608656365772116,6.818069976871217
ref,ar,2,66758,33201,0.8533176711544833,0.5421609150774279,10.26133549347788,6.130292553015622,33108,0.855261568201039,0.5241901510660337,9.857821217114285,5.713478733909834,93,0.16129032258064516,6.939752903133789,153.91241787891764,154.51601215467613,4870,0.0,2.908141917411149,27.048125170420516,21.224542885026178,28331,1.0,0.13545704012189452,7.375744948607928,3.5356436130949893,20321,0.764184833423552,0.7585486588794662,10.932651074866357,7.213807660481873,0.765320789938897,0.26302091700017627,"[""y@t"", ""throughput_2@t"", ""data_quality_1@t+h"", ""avg_p_latency_1@t""]",4,20,72000.0,856,0.2184873949579832,4.608656365772116,6.818069976871217
ref,persistence,2,66758,33201,0.8533176711544833,4.0529825256640475,9.509566073772406,4.60865636577212,33108,0.855261568201039,3.9992706653234746,9.100182964346997,4.184789174821801,93,0.16129032258064516,23.174404806907813,155.24995302921795,155.50537634408602,4870,0.0,27.63102111592854,28.511997960823937,22.3258726899384,28331,1.0,0.0,6.243114367516328,1.563128728248215,20321,0.764184833423552,6.515813847130043,10.760368641163039,6.818069976871217,0.765320789938897,0.26302091700017627,"[""y@t"", ""throughput_2@t"", ""data_quality_1@t+h"", ""avg_p_latency_1@t""]",4,20,72000.0,856,0.2184873949579832,4.608656365772116,6.818069976871217
ref,model,3,99959,33201,0.9052438179572905,0.34440890866633195,8.965538767719321,6.308731029259518,33108,0.907424187507551,0.3252135514113203,8.540621126593354,5.877536455570442,93,0.12903225806451613,7.177956091450484,160.23621900856406,159.81399926257083,3981,0.2705350414468726,2.17569936153699,27.929416650776357,27.870677895134772,29220,0.9917180013689254,0.09490968577522692,6.38185643190652,3.371081800202386,19992,0.8519407763105242,0.48225374209881233,9.304499583831568,7.6957447203713425,0.7429383091546569,0.37811204100034956,"[""y@t"", ""data_quality_1@t+h"", ""throughput_2@t"", ""buffer_size_3@t""]",4,20,80000.0,1371,0.19406041986687148,4.94388723231228,7.444927971188475
ref,ar,3,99959,33201,0.8800939730731002,0.45797957704839704,9.28722842601863,5.802470914890759,33108,0.8822036969916637,0.44002564049123927,8.85115513096727,5.357819955408951,93,0.12903225806451613,6.849580991396546,164.52932146430308,164.09821249041468,3981,0.0,2.861720316759939,32.36884332134319,27.81317804559679,29220,1.0,0.1304884105599764,6.142536129704903,2.803681555296622,19992,0.804921968787515,0.6481891135367004,10.321836834743578,7.451671382987646,0.7133930791134014,0.37811204100034956,"[""y@t"", ""data_quality_1@t+h"", ""throughput_2@t"", ""buffer_size_3@t""]",4,20,80000.0,1371,0.19406041986687148,4.94388723231228,7.444927971188475
ref,persistence,3,99959,33201,0.8800939730731002,3.313125961944265,9.373593408642652,4.943887232312285,33108,0.8822036969916637,3.2548321358016596,8.936359646175632,4.495559985501998,93,0.12903225806451613,24.06572806871196,165.0288128469024,164.5483870967742,3981,0.0,27.631021115928544,34.83492889718861,30.203466465712133,29220,1.0,0.0,5.9046825058397285,1.5024640657084247,19992,0.804921968787515,5.390205199685941,10.72821257860503,7.444927971188475,0.7133930791134014,0.37811204100034956,"[""y@t"", ""data_quality_1@t+h"", ""throughput_2@t"", ""buffer_size_3@t""]",4,20,80000.0,1371,0.19406041986687148,4.94388723231228,7.444927971188475
ref,model,4,133160,33558,0.9062816616008106,0.3637795074677236,8.189680378855895,5.996359529882147,33464,0.9081699737030839,0.3439385916626178,7.81467518712471,5.617435335582495,94,0.23404255319148937,7.4271455340853585,141.69152863515825,140.89337270055836,4795,0.45255474452554745,2.078146920683523,25.08561083531575,26.03861603078438,28763,0.981921218231756,0.07798206817523813,5.373006647370133,2.6551705050298646,18970,0.8465998945703743,0.5545473154532016,9.370491498364794,8.484684974433241,0.8747884704024391,0.5728929589986365,"[""y@t"", ""throughput_2@t"", ""buffer_size_3@t""]",3,20,8000.0,855,0.060790273556231005,5.052863698670958,8.242224565102793
ref,ar,4,133160,33558,0.8571130579891532,0.538099604682822,9.510040671451186,6.077569935595533,33464,0.8588931388955295,0.5228619624646225,9.139417814143428,5.701058293949673,94,0.22340425531914893,5.96270023436185,141.4517778730127,140.11571436152144,4795,0.0,2.9389656115895284,31.132247659790067,25.183190965600055,28763,1.0,0.13785788778550054,5.905462480404184,2.8925248137768196,18970,0.7510806536636795,0.8192545513751086,11.396590774343078,8.209656210863855,0.8331044631028387,0.5728929589986365,"[""y@t"", ""throughput_2@t"", ""buffer_size_3@t""]",3,20,8000.0,855,0.060790273556231005,5.052863698670958,8.242224565102793
ref,persistence,4,133160,33558,0.8571130579891532,3.9481121118921685,9.341591152950988,5.052863698670964,33464,0.8588931388955295,3.8989266587800198,8.969021453097389,4.6723344489600835,94,0.22340425531914893,21.45813341981685,141.976404300833,140.5212765957447,4795,0.0,27.631021115928547,33.23950694523515,27.01438998957247,28763,1.0,0.0,5.3576358553811065,1.3917185272746313,18970,0.7510806536636795,6.877895714782003,11.610501678806116,8.242224565102793,0.8331044631028387,0.5728929589986365,"[""y@t"", ""throughput_2@t"", ""buffer_size_3@t""]",3,20,8000.0,855,0.060790273556231005,5.052863698670958,8.242224565102793
ref,model,5,166718,33201,0.9252432155657963,0.2961073960172776,8.609559255489941,5.726645216461299,33108,0.9271173130361242,0.27944278616894747,8.242924711899672,5.3495051728122665,93,0.25806451612903225,6.228708502022781,139.13145677362607,139.98850075551724,3654,0.41625615763546797,2.0442290317781184,29.655841067058496,31.11039723383437,29547,0.9881883101499306,0.0799217779487728,6.006820779858862,2.5875031759332865,18178,0.8758389261744967,0.4556762901210841,9.789723335912047,8.284420241772857,0.8147234469427385,0.618904000000839,"[""y@t"", ""throughput_2@t"", ""buffer_size_3@t"", ""data_quality_2@t+h""]",4,20,80000.0,1875,0.08864190837625373,4.627330502093311,7.7230718450874685
ref,ar,5,166718,33201,0.889943074003795,0.45556155304865315,9.892676142400664,5.976333186936724,33108,0.8917482179533648,0.4413446571379285,9.52711834076662,5.597362187118697,93,0.24731182795698925,5.516776497266618,140.03125352411914,140.89000912215428,3654,0.0,3.051038453774511,36.56034546345899,31.293184279757224,29547,1.0,0.1345857316369266,6.594755416129057,2.8454646082936765,18178,0.802838596105182,0.7007271872030886,11.744923189437491,8.15741009347683,0.7670290749812423,0.618904000000839,"[""y@t"", ""throughput_2@t"", ""buffer_size_3@t"", ""data_quality_2@t+h""]",4,20,80000.0,1875,0.08864190837625373,4.627330502093311,7.7230718450874685
ref,persistence,5,166718,33201,0.889943074003795,3.0409852461553237,9.44115106386959,4.627330502093316,33108,0.8917482179533648,2.9911072755674737,9.069772937424974,4.240364866497528,93,0.24731182795698925,20.797542775430088,141.6517640781532,142.38709677419354,3654,0.0,27.631021115928547,38.26535954946101,32.33771209633279,29547,1.0,0.0,5.87653679486255,1.2004602836159401,18178,0.802838596105182,5.44777091426383,11.612693711794495,7.7230718450874685,0.7670290749812423,0.618904000000839,"[""y@t"", ""throughput_2@t"", ""buffer_size_3@t"", ""data_quality_2@t+h""]",4,20,80000.0,1875,0.08864190837625373,4.627330502093311,7.7230718450874685
"ar_order=2,on_change=chain,other_lags=2",model,1,33200,33558,0.9086059955897252,0.3901089357448556,9.626296308291776,6.463310872145838,33464,0.9105606024384413,0.38352883457513914,9.26909210216465,6.094379737265231,94,0.2127659574468085,2.7326249521639117,136.7909936895485,137.80279488964226,4381,0.4820817165030815,2.3253683884890033,26.597359496480244,28.006302145404437,29177,0.9726496898241765,0.09952485710510132,7.078048447735391,3.228576500272584,19299,0.8598891134255661,0.5898790831045653,10.678928360463956,8.626620615699967,0.779458206545685,0.25666124999952444,"[""y@t"", ""throughput_2@t"", ""throughput_2@t-1""]",3,20,8000.0,310,0.09073842302878599,4.986888372370225,7.9259028965231355
"ar_order=2,on_change=chain,other_lags=2",ar,1,33200,33558,0.8479051194946063,0.5873854569555976,10.530039868016596,6.378462004126458,33464,0.8498087497011714,0.5704202818279933,10.133059997284537,5.969205359771669,94,0.1702127659574468,6.62698780238272,151.85487384862944,152.07382739443122,4381,0.05820588906642319,3.466579123159004,31.894914064656206,26.985031377355455,29177,0.9664804469273743,0.15506727991076355,7.322050223588516,3.28433373788537,19299,0.7816985336027773,0.8497846832644308,11.889738104344254,7.934815242101224,0.6846330982901161,0.25666124999952444,"[""y@t"", ""throughput_2@t"", ""throughput_2@t-1""]",3,20,8000.0,310,0.09073842302878599,4.986888372370225,7.9259028965231355
"ar_order=2,on_change=chain,other_lags=2",persistence,1,33200,33558,0.8694499076226235,3.607232359165712,9.999003984825238,4.98688837237023,33464,0.8713841740377719,3.5537866030049146,9.597365235822318,4.570941907721736,94,0.18085106382978725,22.63392155240955,152.9823986298647,153.06382978723406,4381,0.0,27.63102111592855,34.103755315723284,28.69139465875371,29177,1.0,0.0,6.3796148913384405,1.4275970798917015,19299,0.7769832633815223,6.1621801587106315,11.808682343600474,7.9259028965231355,0.7291569012797388,0.25666124999952444,"[""y@t"", ""throughput_2@t"", ""throughput_2@t-1""]",3,20,8000.0,310,0.09073842302878599,4.986888372370225,7.9259028965231355
"ar_order=2,on_change=chain,other_lags=2",model,2,66758,33201,0.8919610855094726,0.32964591496455076,8.717143057163627,5.705073305128921,33108,0.8936812854899118,0.32356574752710765,8.368705331168618,5.3478338769883065,93,0.27956989247311825,2.494185522694305,132.76097351138586,132.8823097231878,4870,0.4952772073921971,1.6876515383187836,19.971669741792727,22.274454956051162,28331,0.960149659383714,0.09620948893881524,6.782529208229818,2.8568544409874748,20321,0.8467102996899759,0.4794793638075286,9.166027620171189,7.674278556730739,0.809678379428924,0.4196587919996091,"[""y@t"", ""throughput_2@t"", ""throughput_2@t-1""]",3,20,8000.0,526,0.057046474503780004,4.608656365772116,6.818069976871217
"ar_order=2,on_change=chain,other_lags=2",ar,2,66758,33201,0.8533176711544833,0.5421609150774279,10.26133549347788,6.130292553015622,33108,0.855261568201039,0.5241901510660337,9.857821217114285,5.713478733909834,93,0.16129032258064516,6.939752903133789,153.91241787891764,154.51601215467613,4870,0.0,2.908141917411149,27.048125170420516,21.224542885026178,28331,1.0,0.13545704012189452,7.375744948607928,3.5356436130949893,20321,0.764184833423552,0.7585486588794662,10.932651074866357,7.213807660481873,0.765320789938897,0.4196587919996091,"[""y@t"", ""throughput_2@t"", ""throughput_2@t-1""]",3,20,8000.0,526,0.057046474503780004,4.608656365772116,6.818069976871217
"ar_order=2,on_change=chain,other_lags=2",persistence,2,66758,33201,0.8533176711544833,4.0529825256640475,9.509566073772406,4.60865636577212,33108,0.855261568201039,3.9992706653234746,9.100182964346997,4.184789174821801,93,0.16129032258064516,23.174404806907813,155.24995302921795,155.50537634408602,4870,0.0,27.63102111592854,28.511997960823937,22.3258726899384,28331,1.0,0.0,6.243114367516328,1.563128728248215,20321,0.764184833423552,6.515813847130043,10.760368641163039,6.818069976871217,0.765320789938897,0.4196587919996091,"[""y@t"", ""throughput_2@t"", ""throughput_2@t-1""]",3,20,8000.0,526,0.057046474503780004,4.608656365772116,6.818069976871217
"ar_order=2,on_change=chain,other_lags=2",model,3,99959,33201,0.9099123520375892,0.3089586129047404,9.310209541734375,6.128569891687903,33108,0.9112299142201281,0.303115323388703,8.990978972511884,5.798520997388837,93,0.44086021505376344,2.3891696806140343,122.9562921849414,123.62597626215545,3981,0.3509168550615423,2.0259069557108567,26.770225534181158,27.11042254251352,29220,0.9860711841204655,0.07503762205220273,6.931416808471862,3.2699540325867122,19992,0.8611944777911165,0.4597943315792952,9.627636048310883,7.7244732718123,0.7544850403320477,0.6185269589987001,"[""y@t"", ""data_quality_1@t+h"", ""throughput_2@t"", ""throughput_2@t-1""]",4,20,80000.0,1224,0.11023764344447456,4.94388723231228,7.444927971188475
"ar_order=2,on_change=chain,other_lags=2",ar,3,99959,33201,0.8800939730731002,0.45797957704839704,9.28722842601863,5.802470914890759,33108,0.8822036969916637,0.44002564049123927,8.85115513096727,5.357819955408951,93,0.12903225806451613,6.849580991396546,164.52932146430308,164.09821249041468,3981,0.0,2.861720316759939,32.36884332134319,27.81317804559679,29220,1.0,0.1304884105599764,6.142536129704903,2.803681555296622,19992,0.804921968787515,0.6481891135367004,10.321836834743578,7.451671382987646,0.7133930791134014,0.6185269589987001,"[""y@t"", ""data_quality_1@t+h"", ""throughput_2@t"", ""throughput_2@t-1""]",4,20,80000.0,1224,0.11023764344447456,4.94388723231228,7.444927971188475
"ar_order=2,on_change=chain,other_lags=2",persistence,3,99959,33201,0.8800939730731002,3.313125961944265,9.373593408642652,4.943887232312285,33108,0.8822036969916637,3.2548321358016596,8.936359646175632,4.495559985501998,93,0.12903225806451613,24.06572806871196,165.0288128469024,164.5483870967742,3981,0.0,27.631021115928544,34.83492889718861,30.203466465712133,29220,1.0,0.0,5.9046825058397285,1.5024640657084247,19992,0.804921968787515,5.390205199685941,10.72821257860503,7.444927971188475,0.7133930791134014,0.6185269589987001,"[""y@t"", ""data_quality_1@t+h"", ""throughput_2@t"", ""throughput_2@t-1""]",4,20,80000.0,1224,0.11023764344447456,4.94388723231228,7.444927971188475
"ar_order=2,on_change=chain,other_lags=2",model,4,133160,33558,0.9139400441027474,0.3236361657812273,8.456943658718258,6.033207614118653,33464,0.9153119770499641,0.31864062384289193,8.211980371170554,5.781442265460415,94,0.425531914893617,2.102049095828624,95.66387402570034,95.66167173645128,4795,0.5555787278415015,1.866459707444042,23.909661598851713,26.166481608421293,28763,0.9736814657719988,0.06643632980190671,5.880863885296155,2.6768453152388014,18970,0.8630996309963099,0.5246194185710796,9.768143902214787,9.01189203818715,0.8868459652209824,0.8902226250011154,"[""y@t"", ""throughput_2@t"", ""throughput_2@t-1""]",3,20,8000.0,806,0.03563978783002563,5.052863698670958,8.242224565102793
"ar_order=2,on_change=chain,other_lags=2",ar,4,133160,33558,0.8571130579891532,0.538099604682822,9.510040671451186,6.077569935595533,33464,0.8588931388955295,0.5228619624646225,9.139417814143428,5.701058293949673,94,0.22340425531914893,5.96270023436185,141.4517778730127,140.11571436152144,4795,0.0,2.9389656115895284,31.132247659790067,25.183190965600055,28763,1.0,0.13785788778550054,5.905462480404184,2.8925248137768196,18970,0.7510806536636795,0.8192545513751086,11.396590774343078,8.209656210863855,0.8331044631028387,0.8902226250011154,"[""y@t"", ""throughput_2@t"", ""throughput_2@t-1""]",3,20,8000.0,806,0.03563978783002563,5.052863698670958,8.242224565102793
"ar_order=2,on_change=chain,other_lags=2",persistence,4,133160,33558,0.8571130579891532,3.9481121118921685,9.341591152950988,5.052863698670964,33464,0.8588931388955295,3.8989266587800198,8.969021453097389,4.6723344489600835,94,0.22340425531914893,21.45813341981685,141.976404300833,140.5212765957447,4795,0.0,27.631021115928547,33.23950694523515,27.01438998957247,28763,1.0,0.0,5.3576358553811065,1.3917185272746313,18970,0.7510806536636795,6.877895714782003,11.610501678806116,8.242224565102793,0.8331044631028387,0.8902226250011154,"[""y@t"", ""throughput_2@t"", ""throughput_2@t-1""]",3,20,8000.0,806,0.03563978783002563,5.052863698670958,8.242224565102793
"ar_order=2,on_change=chain,other_lags=2",model,5,166718,33201,0.9382849914159213,0.21113567450428766,8.370034746602599,5.387459132447312,33108,0.9397728645644557,0.20541512127417444,8.082980699265118,5.089023963496771,93,0.40860215053763443,2.2476526244245942,110.56127559874496,111.63037927884001,3654,0.6516146688560481,1.3984213992738075,26.19075524085093,30.498080405908752,29547,0.973736758384946,0.06430716269910183,6.166192979723273,2.2820944547058124,18178,0.9062603146660799,0.3337370250405424,9.47880324799004,8.170342449350937,0.8266545096627883,1.141336415999831,"[""y@t"", ""throughput_2@t"", ""throughput_2@t-1"", ""buffer_size_3@t""]",4,20,160000.0,1862,0.04876359145808861,4.627330502093311,7.7230718450874685
"ar_order=2,on_change=chain,other_lags=2",ar,5,166718,33201,0.889943074003795,0.45556155304865315,9.892676142400664,5.976333186936724,33108,0.8917482179533648,0.4413446571379285,9.52711834076662,5.597362187118697,93,0.24731182795698925,5.516776497266618,140.03125352411914,140.89000912215428,3654,0.0,3.051038453774511,36.56034546345899,31.293184279757224,29547,1.0,0.1345857316369266,6.594755416129057,2.8454646082936765,18178,0.802838596105182,0.7007271872030886,11.744923189437491,8.15741009347683,0.7670290749812423,1.141336415999831,"[""y@t"", ""throughput_2@t"", ""throughput_2@t-1"", ""buffer_size_3@t""]",4,20,160000.0,1862,0.04876359145808861,4.627330502093311,7.7230718450874685
"ar_order=2,on_change=chain,other_lags=2",persistence,5,166718,33201,0.889943074003795,3.0409852461553237,9.44115106386959,4.627330502093316,33108,0.8917482179533648,2.9911072755674737,9.069772937424974,4.240364866497528,93,0.24731182795698925,20.797542775430088,141.6517640781532,142.38709677419354,3654,0.0,27.631021115928547,38.26535954946101,32.33771209633279,29547,1.0,0.0,5.87653679486255,1.2004602836159401,18178,0.802838596105182,5.44777091426383,11.612693711794495,7.7230718450874685,0.7670290749812423,1.141336415999831,"[""y@t"", ""throughput_2@t"", ""throughput_2@t-1"", ""buffer_size_3@t""]",4,20,160000.0,1862,0.04876359145808861,4.627330502093311,7.7230718450874685
"ar_order=3,max_parents=6,on_change=chain,other_lags=3,velocity=binned",model,1,33200,33558,0.9041659216878241,0.3917514274755111,9.392180621694447,6.0878891532211705,33464,0.9061080564188382,0.3851759400466111,9.034318787234183,5.717903462950325,94,0.2127659574468085,2.7326249521639117,136.7909936895485,137.80279488964226,4381,0.3713763980826295,2.467798413924867,27.571379636016076,28.122102927502844,29177,0.9841656098982074,0.08002774623225005,6.662528125490481,2.7793964862188045,19299,0.845536038136691,0.6071234251025138,10.660636249167148,8.388209591297443,0.7704293362667126,0.6334793749992969,"[""y@t"", ""throughput_2@t"", ""throughput_2@t-1"", ""throughput_2@t-2"", ""y@t-1""]",5,20,3200000.0,746,0.1417843733237976,4.986888372370225,7.9259028965231355
"ar_order=3,max_parents=6,on_change=chain,other_lags=3,velocity=binned",ar,1,33200,33558,0.8479051194946063,0.5873854569555976,10.530039868016596,6.378462004126458,33464,0.8498087497011714,0.5704202818279933,10.133059997284537,5.969205359771669,94,0.1702127659574468,6.62698780238272,151.85487384862944,152.07382739443122,4381,0.05820588906642319,3.466579123159004,31.894914064656206,26.985031377355455,29177,0.9664804469273743,0.15506727991076355,7.322050223588516,3.28433373788537,19299,0.7816985336027773,0.8497846832644308,11.889738104344254,7.934815242101224,0.6846330982901161,0.6334793749992969,"[""y@t"", ""throughput_2@t"", ""throughput_2@t-1"", ""throughput_2@t-2"", ""y@t-1""]",5,20,3200000.0,746,0.1417843733237976,4.986888372370225,7.9259028965231355
"ar_order=3,max_parents=6,on_change=chain,other_lags=3,velocity=binned",persistence,1,33200,33558,0.8694499076226235,3.607232359165712,9.999003984825238,4.98688837237023,33464,0.8713841740377719,3.5537866030049146,9.597365235822318,4.570941907721736,94,0.18085106382978725,22.63392155240955,152.9823986298647,153.06382978723406,4381,0.0,27.63102111592855,34.103755315723284,28.69139465875371,29177,1.0,0.0,6.3796148913384405,1.4275970798917015,19299,0.7769832633815223,6.1621801587106315,11.808682343600474,7.9259028965231355,0.7291569012797388,0.6334793749992969,"[""y@t"", ""throughput_2@t"", ""throughput_2@t-1"", ""throughput_2@t-2"", ""y@t-1""]",5,20,3200000.0,746,0.1417843733237976,4.986888372370225,7.9259028965231355
"ar_order=3,max_parents=6,on_change=chain,other_lags=3,velocity=binned",model,2,66758,33201,0.9031354477274781,0.31042262825974193,8.527794641849495,5.578564548694766,33108,0.904887036365833,0.304288462825937,8.17882503828338,5.220969758878774,93,0.27956989247311825,2.494185522694305,132.76097351138586,132.8823097231878,4870,0.4702258726899384,1.7060404984146587,20.304635306810713,22.60112696539374,28331,0.977551092442907,0.0705207883086479,6.503396843029788,2.6524454929140315,20321,0.8539441956596624,0.46309434882701467,9.025380456582957,7.5738801201734525,0.8086283238773488,1.053296042000511,"[""y@t"", ""throughput_2@t"", ""throughput_2@t-1"", ""throughput_2@t-2""]",4,20,160000.0,916,0.06683533628505166,4.608656365772116,6.818069976871217
"ar_order=3,max_parents=6,on_change=chain,other_lags=3,velocity=binned",ar,2,66758,33201,0.8533176711544833,0.5421609150774279,10.26133549347788,6.130292553015622,33108,0.855261568201039,0.5241901510660337,9.857821217114285,5.713478733909834,93,0.16129032258064516,6.939752903133789,153.91241787891764,154.51601215467613,4870,0.0,2.908141917411149,27.048125170420516,21.224542885026178,28331,1.0,0.13545704012189452,7.375744948607928,3.5356436130949893,20321,0.764184833423552,0.7585486588794662,10.932651074866357,7.213807660481873,0.765320789938897,1.053296042000511,"[""y@t"", ""throughput_2@t"", ""throughput_2@t-1"", ""throughput_2@t-2""]",4,20,160000.0,916,0.06683533628505166,4.608656365772116,6.818069976871217
"ar_order=3,max_parents=6,on_change=chain,other_lags=3,velocity=binned",persistence,2,66758,33201,0.8533176711544833,4.0529825256640475,9.509566073772406,4.60865636577212,33108,0.855261568201039,3.9992706653234746,9.100182964346997,4.184789174821801,93,0.16129032258064516,23.174404806907813,155.24995302921795,155.50537634408602,4870,0.0,27.63102111592854,28.511997960823937,22.3258726899384,28331,1.0,0.0,6.243114367516328,1.563128728248215,20321,0.764184833423552,6.515813847130043,10.760368641163039,6.818069976871217,0.765320789938897,1.053296042000511,"[""y@t"", ""throughput_2@t"", ""throughput_2@t-1"", ""throughput_2@t-2""]",4,20,160000.0,916,0.06683533628505166,4.608656365772116,6.818069976871217
"ar_order=3,max_parents=6,on_change=chain,other_lags=3,velocity=binned",model,3,99959,33201,0.9067497966928707,0.30748291420078816,8.780191825877397,5.462603716248311,33108,0.9080584752929806,0.30163547946367236,8.45947244284632,5.1306841304452,93,0.44086021505376344,2.3891696806140343,122.9562921849414,123.62597626215545,3981,0.31072594825420746,2.0539175834967915,27.103651411293995,27.102066966188648,29220,0.9879534565366187,0.06954463841477213,6.283761551765712,2.514393476754386,19992,0.8548919567827131,0.4627813132685399,9.401710888526372,7.404614692835428,0.751437012675144,1.8878459169991402,"[""y@t"", ""data_quality_1@t+h"", ""throughput_2@t"", ""throughput_2@t-1"", ""throughput_2@t-2"", ""data_quality_1@t""]",6,20,16000000.0,1952,0.1735489894882684,4.94388723231228,7.444927971188475
"ar_order=3,max_parents=6,on_change=chain,other_lags=3,velocity=binned",ar,3,99959,33201,0.8800939730731002,0.45797957704839704,9.28722842601863,5.802470914890759,33108,0.8822036969916637,0.44002564049123927,8.85115513096727,5.357819955408951,93,0.12903225806451613,6.849580991396546,164.52932146430308,164.09821249041468,3981,0.0,2.861720316759939,32.36884332134319,27.81317804559679,29220,1.0,0.1304884105599764,6.142536129704903,2.803681555296622,19992,0.804921968787515,0.6481891135367004,10.321836834743578,7.451671382987646,0.7133930791134014,1.8878459169991402,"[""y@t"", ""data_quality_1@t+h"", ""throughput_2@t"", ""throughput_2@t-1"", ""throughput_2@t-2"", ""data_quality_1@t""]",6,20,16000000.0,1952,0.1735489894882684,4.94388723231228,7.444927971188475
"ar_order=3,max_parents=6,on_change=chain,other_lags=3,velocity=binned",persistence,3,99959,33201,0.8800939730731002,3.313125961944265,9.373593408642652,4.943887232312285,33108,0.8822036969916637,3.2548321358016596,8.936359646175632,4.495559985501998,93,0.12903225806451613,24.06572806871196,165.0288128469024,164.5483870967742,3981,0.0,27.631021115928544,34.83492889718861,30.203466465712133,29220,1.0,0.0,5.9046825058397285,1.5024640657084247,19992,0.804921968787515,5.390205199685941,10.72821257860503,7.444927971188475,0.7133930791134014,1.8878459169991402,"[""y@t"", ""data_quality_1@t+h"", ""throughput_2@t"", ""throughput_2@t-1"", ""throughput_2@t-2"", ""data_quality_1@t""]",6,20,16000000.0,1952,0.1735489894882684,4.94388723231228,7.444927971188475
"ar_order=3,max_parents=6,on_change=chain,other_lags=3,velocity=binned",model,4,133160,33558,0.9187079086953931,0.2875255753708603,8.295032452813393,5.736638008991633,33464,0.9200932345206789,0.28242859918979923,8.04961435850753,5.484039599644837,94,0.425531914893617,2.102049095828624,95.66387402570034,95.66167173645128,4795,0.49384775808133474,1.7237359604711955,24.38442226038339,26.43803093325305,28763,0.9895351667072281,0.04809892319424082,5.61281487720243,2.285566178103566,18970,0.8637322087506589,0.47303116031018194,9.636501074007754,8.73853149910159,0.8921933759582773,2.583772666999721,"[""y@t"", ""throughput_2@t"", ""throughput_2@t-1"", ""throughput_2@t-2"", ""y@t-1""]",5,20,3200000.0,2276,0.07685201740270577,5.052863698670958,8.242224565102793
"ar_order=3,max_parents=6,on_change=chain,other_lags=3,velocity=binned",ar,4,133160,33558,0.8571130579891532,0.538099604682822,9.510040671451186,6.077569935595533,33464,0.8588931388955295,0.5228619624646225,9.139417814143428,5.701058293949673,94,0.22340425531914893,5.96270023436185,141.4517778730127,140.11571436152144,4795,0.0,2.9389656115895284,31.132247659790067,25.183190965600055,28763,1.0,0.13785788778550054,5.905462480404184,2.8925248137768196,18970,0.7510806536636795,0.8192545513751086,11.396590774343078,8.209656210863855,0.8331044631028387,2.583772666999721,"[""y@t"", ""throughput_2@t"", ""throughput_2@t-1"", ""throughput_2@t-2"", ""y@t-1""]",5,20,3200000.0,2276,0.07685201740270577,5.052863698670958,8.242224565102793
"ar_order=3,max_parents=6,on_change=chain,other_lags=3,velocity=binned",persistence,4,133160,33558,0.8571130579891532,3.9481121118921685,9.341591152950988,5.052863698670964,33464,0.8588931388955295,3.8989266587800198,8.969021453097389,4.6723344489600835,94,0.22340425531914893,21.45813341981685,141.976404300833,140.5212765957447,4795,0.0,27.631021115928547,33.23950694523515,27.01438998957247,28763,1.0,0.0,5.3576358553811065,1.3917185272746313,18970,0.7510806536636795,6.877895714782003,11.610501678806116,8.242224565102793,0.8331044631028387,2.583772666999721,"[""y@t"", ""throughput_2@t"", ""throughput_2@t-1"", ""throughput_2@t-2"", ""y@t-1""]",5,20,3200000.0,2276,0.07685201740270577,5.052863698670958,8.242224565102793
"ar_order=3,max_parents=6,on_change=chain,other_lags=3,velocity=binned",model,5,166718,33201,0.9375018824734195,0.21557585727845288,8.433649990881507,5.314407089725049,33108,0.9389875558777335,0.20986777647186258,8.14677463805043,5.015766718407311,93,0.40860215053763443,2.2476526244245942,110.56127559874496,111.63037927884001,3654,0.5738916256157636,1.5108621323972633,27.249750221903717,30.7500580513126,29547,0.9824686093342809,0.055391200653951846,6.106712222439526,2.1688468428762695,18178,0.8999889976895148,0.3456793403264423,9.594427723856938,8.07677207125166,0.8205821606882177,3.1137002079995,"[""y@t"", ""throughput_2@t"", ""throughput_2@t-1"", ""buffer_size_3@t"", ""y@t-2""]",5,20,3200000.0,3286,0.05493810427396765,4.627330502093311,7.7230718450874685
"ar_order=3,max_parents=6,on_change=chain,other_lags=3,velocity=binned",ar,5,166718,33201,0.889943074003795,0.45556155304865315,9.892676142400664,5.976333186936724,33108,0.8917482179533648,0.4413446571379285,9.52711834076662,5.597362187118697,93,0.24731182795698925,5.516776497266618,140.03125352411914,140.89000912215428,3654,0.0,3.051038453774511,36.56034546345899,31.293184279757224,29547,1.0,0.1345857316369266,6.594755416129057,2.8454646082936765,18178,0.802838596105182,0.7007271872030886,11.744923189437491,8.15741009347683,0.7670290749812423,3.1137002079995,"[""y@t"", ""throughput_2@t"", ""throughput_2@t-1"", ""buffer_size_3@t"", ""y@t-2""]",5,20,3200000.0,3286,0.05493810427396765,4.627330502093311,7.7230718450874685
"ar_order=3,max_parents=6,on_change=chain,other_lags=3,velocity=binned",persistence,5,166718,33201,0.889943074003795,3.0409852461553237,9.44115106386959,4.627330502093316,33108,0.8917482179533648,2.9911072755674737,9.069772937424974,4.240364866497528,93,0.24731182795698925,20.797542775430088,141.6517640781532,142.38709677419354,3654,0.0,27.631021115928547,38.26535954946101,32.33771209633279,29547,1.0,0.0,5.87653679486255,1.2004602836159401,18178,0.802838596105182,5.44777091426383,11.612693711794495,7.7230718450874685,0.7670290749812423,3.1137002079995,"[""y@t"", ""throughput_2@t"", ""throughput_2@t-1"", ""buffer_size_3@t"", ""y@t-2""]",5,20,3200000.0,3286,0.05493810427396765,4.627330502093311,7.7230718450874685
n_bins=30,model,1,33200,33558,0.8423028785982478,0.5816378297412552,7.156865029089835,5.635002314372418,33464,0.8443401864690414,0.5546830940087311,6.750913366589084,5.227165923710898,94,0.11702127659574468,10.177523750519892,151.67565687935723,150.82475738987296,5702,0.4103823219922834,2.545837526862591,21.756622034875907,20.853226946856694,27856,0.9307151062607697,0.17957483889598475,4.168359341015734,2.519899038438136,19299,0.7906627286387896,0.8069324608161582,8.526887912864028,7.615988015263487,0.6736384217796642,0.1347542080002313,"[""y@t"", ""throughput_2@t""]",2,30,900.0,228,0.10387984981226533,4.986888372370225,7.9259028965231355
n_bins=30,ar,1,33200,33558,0.8042493593181954,0.7289720638534563,7.88271849640062,5.608168157146905,33464,0.8061498924217069,0.7080423569753167,7.477383731818689,5.199123417150751,94,0.1276595744680851,8.17994771247112,152.18189468756842,151.228095595778,5702,0.03963521571378464,3.2173248216538632,24.75638186255557,20.73531406287935,27856,0.9607624928202183,0.21961725968279566,4.428754233268243,2.5117082937606905,19299,0.7117985387843929,1.0234135178406172,9.337310566300609,7.379319189883055,0.6029823480189671,0.1347542080002313,"[""y@t"", ""throughput_2@t""]",2,30,900.0,228,0.10387984981226533,4.986888372370225,7.9259028965231355
n_bins=30,persistence,1,33200,33558,0.8300852255795935,4.694918719918487,7.604405782303756,4.986888372370228,33464,0.8320284484819508,4.641225486870498,7.193088668291139,4.570941907721735,94,0.13829787234042554,23.809709685002254,154.03329837079502,153.06382978723406,5702,0.0,27.63102111592854,27.31338494232767,23.18572430726061,27856,1.0,0.0,3.5700649160467055,1.2616671453187864,19299,0.7087413855640189,8.047772925676686,9.872800017944598,7.9259028965231355,0.6733677742597909,0.1347542080002313,"[""y@t"", ""throughput_2@t""]",2,30,900.0,228,0.10387984981226533,4.986888372370225,7.9259028965231355
n_bins=30,model,2,66758,33201,0.8805758862684859,0.4294867445513561,6.670679771644258,5.227648902403064,33108,0.8826265555152834,0.40376867648346554,6.25323801335789,4.806524403226518,93,0.15053763440860216,9.585118976720382,155.27994572159076,155.14797060925304,5623,0.387515561088387,2.0038504206831744,18.14747579703099,17.933131449115255,27578,0.9811081296685764,0.10848279390630508,4.330625233579511,2.637072052734392,20321,0.8194478618178239,0.5909542628006765,6.785216857769758,6.422706469852903,0.7624327348051215,0.3685683750009048,"[""y@t"", ""throughput_2@t"", ""buffer_size_3@t""]",3,30,27000.0,911,0.11701454775458571,4.608656365772116,6.818069976871217
n_bins=30,ar,2,66758,33201,0.8305171530977983,0.5882467074153128,7.507644166449264,5.218132088181958,33108,0.8324272079255769,0.5680234252288887,7.092911229363329,4.797286315949991,93,0.15053763440860216,7.78773516578229,155.15256976904203,155.03922700276223,5623,0.009069891516983817,2.6481577018491493,21.85415173769328,18.446153751875507,27578,0.9980056566828631,0.1682423734642843,4.582471489927939,2.521012434293031,20321,0.7296884995817134,0.8164034144282222,7.969399008937511,6.39138749256186,0.7004887756797716,0.3685683750009048,"[""y@t"", ""throughput_2@t"", ""buffer_size_3@t""]",3,30,27000.0,911,0.11701454775458571,4.608656365772116,6.818069976871217
n_bins=30,persistence,2,66758,33201,0.8306376313966447,4.679655183122985,7.397167987842772,4.608656365772124,33108,0.832548024646611,4.626869066893437,6.9805633340568916,4.1847891748218045,93,0.15053763440860216,23.471512560842527,155.70842473561603,155.50537634408602,5623,0.0,27.631021115928547,24.036432773196626,20.497776987373292,27578,1.0,0.0,4.004514935117965,1.3689535136703266,20321,0.7271787805718223,7.538328874893356,8.40807530039221,6.818069976871217,0.7079361900469064,0.3685683750009048,"[""y@t"", ""throughput_2@t"", ""buffer_size_3@t""]",3,30,27000.0,911,0.11701454775458571,4.608656365772116,6.818069976871217
n_bins=30,model,3,99959,33201,0.84837806090178,0.4983073275093983,7.004436880296717,6.144633908343794,33108,0.8505195119004471,0.47649933285741763,6.570599708826946,5.708713245153394,93,0.08602150537634409,8.261953423614557,161.45046992353525,161.33239000412607,5321,0.2452546513813193,2.181235393898492,21.39837785058593,20.074054353719387,27880,0.9634863701578192,0.17711434898513842,4.257300585357374,3.4861530550495496,19992,0.7888155262104842,0.6420912524086559,7.52516083503085,7.067919512672423,0.6720286709278173,0.5113357909995102,"[""y@t"", ""throughput_2@t"", ""data_quality_1@t+h"", ""buffer_size_3@t""]",4,30,270000.0,1932,0.29372609258757265,4.94388723231228,7.444927971188475
n_bins=30,ar,3,99959,33201,0.8238004879371104,0.6200069432788088,7.215921586346624,5.392246260250525,33108,0.8258729008094721,0.5997159842248857,6.774836576037052,4.946669452256409,93,0.08602150537634409,7.843588366475429,164.24218525655417,164.01758990615576,5321,0.008269122345423792,2.759417777312805,24.519607831658885,21.08228387807906,27880,0.9794476327116213,0.21169255849061305,3.913449760259589,2.397745178311298,19992,0.740296118447379,0.8322663020508199,8.3593685825146,6.875122400456385,0.6455487361081085,0.5113357909995102,"[""y@t"", ""throughput_2@t"", ""data_quality_1@t+h"", ""buffer_size_3@t""]",4,30,270000.0,1932,0.29372609258757265,4.94388723231228,7.444927971188475
n_bins=30,persistence,3,99959,33201,0.8397337429595494,4.428320332455523,7.099556407648101,4.943887232312287,33108,0.8418509121662439,4.369820785399356,6.656753907327522,4.495559985502,93,0.08602150537634409,25.254159084450816,164.7372465217745,164.5483870967742,5321,0.0,27.63102111592855,27.330263617309612,23.782559669235106,27880,1.0,0.0,3.2384519219017274,1.348457675753236,19992,0.7380952380952381,7.236696006552715,8.939706947230704,7.444927971188475,0.6998283659754788,0.5113357909995102,"[""y@t"", ""throughput_2@t"", ""data_quality_1@t+h"", ""buffer_size_3@t""]",4,30,270000.0,1932,0.29372609258757265,4.94388723231228,7.444927971188475
n_bins=30,model,4,133160,33558,0.8832171166338876,0.4288386031976464,6.401580739139773,5.4576698274227615,33464,0.885160172125269,0.40435039202011663,6.0236952177836915,5.078446726655288,94,0.19148936170212766,9.14664178239822,140.92882634190497,140.46109370064323,6151,0.4513087302877581,1.8574054163219509,18.79288746646242,19.073043987116108,27407,0.9801510562994855,0.10822290401394889,3.620578525115561,2.4019480608567827,18970,0.8084343700579862,0.6389548762947864,7.704105172228838,7.594210641511766,0.6900608343008899,0.7537711669992859,"[""y@t"", ""throughput_2@t"", ""buffer_size_3@t""]",3,30,27000.0,1430,0.08549377197687585,5.052863698670958,8.242224565102793
n_bins=30,ar,4,133160,33558,0.8167054055664819,0.6378246351319198,7.403073868783759,5.449244499151146,33464,0.8184616304087975,0.6191043225637891,7.028072074532738,5.07047910718682,94,0.19148936170212766,7.302255909386386,140.90371262214717,140.28972403845128,6151,0.0,2.689011885874056,23.091322552099456,19.50193940167542,27407,1.0,0.17747316363504367,3.8821333188850162,2.2953740884740634,18970,0.6797575118608329,0.9601417997488737,9.256550944050693,7.506382380480695,0.6273471264193485,0.7537711669992859,"[""y@t"", ""throughput_2@t"", ""buffer_size_3@t""]",3,30,27000.0,1430,0.08549377197687585,5.052863698670958,8.242224565102793
n_bins=30,persistence,4,133160,33558,0.8167054055664819,5.064616809228098,7.365758201819222,5.052863698670963,33464,0.8184616304087975,5.016090523525756,6.989505748068644,4.672334448960082,94,0.19148936170212766,22.339974519261375,141.31163173702484,140.5212765957447,6151,0.0,27.631021115928547,25.851255846803305,22.13087302877581,27407,1.0,0.0,3.2170262714986064,1.2200167840332832,18970,0.6797575118608329,8.848626951990823,9.958967972452033,8.242224565102793,0.6273471264193485,0.7537711669992859,"[""y@t"", ""throughput_2@t"", ""buffer_size_3@t""]",3,30,27000.0,1430,0.08549377197687585,5.052863698670958,8.242224565102793
n_bins=30,model,5,166718,33201,0.9212071925544412,0.31649005828474963,6.363489581756593,4.879631238271428,33108,0.9231001570617373,0.2942659847282034,5.9871056427818,4.499263277614001,93,0.24731182795698925,8.228260244415193,140.35617185678288,140.29062523231542,4172,0.487535953978907,1.9532974321474104,23.6333976177537,24.194686734613313,29029,0.9835337076716387,0.08125080223889816,3.881486883552041,2.103703320301869,18178,0.871988117504676,0.47644876332456454,7.254647428931316,6.9103743957240065,0.7288202943627898,0.9163045420009439,"[""y@t"", ""throughput_2@t"", ""buffer_size_3@t""]",3,30,27000.0,1675,0.055781452365892596,4.627330502093311,7.7230718450874685
n_bins=30,ar,5,166718,33201,0.8743411343031836,0.5058960708035171,7.697690204581152,5.24206279119517,33108,0.8761930651202127,0.4889837890336604,7.324796421181523,4.862862344545728,93,0.21505376344086022,6.526668380872521,140.4478770948495,140.23742179839604,4172,0.0,3.0026283662542164,29.885488756300877,25.884068729649155,29029,1.0,0.14706982337438354,4.508896392952275,2.2754277443375432,18178,0.7745076466057872,0.7767479362715081,9.0501075406774,7.114572185796554,0.6557969882271619,0.9163045420009439,"[""y@t"", ""throughput_2@t"", ""buffer_size_3@t""]",3,30,27000.0,1675,0.055781452365892596,4.627330502093311,7.7230718450874685
n_bins=30,persistence,5,166718,33201,0.8743411343031836,3.4720827714723623,7.334393524768966,4.627330502093318,33108,0.8761930651202127,3.4209120319617954,6.954341312753573,4.24036486649753,93,0.21505376344086022,21.68886603723423,142.632981002249,142.38709677419354,4172,0.0,27.631021115928547,33.217557903106766,29.11960690316395,29029,1.0,0.0,3.6145078316198638,1.1073409349271492,18178,0.7745076466057872,6.230583978115916,9.527961318494802,7.7230718450874685,0.6557969882271619,0.9163045420009439,"[""y@t"", ""throughput_2@t"", ""buffer_size_3@t""]",3,30,27000.0,1675,0.055781452365892596,4.627330502093311,7.7230718450874685
"ar_order=2,n_bins=30,on_change=chain,other_lags=2",model,1,33200,33558,0.8643840514929376,0.5003490598550484,7.053722890960804,5.505248201253828,33464,0.8663339708343294,0.49305175828350806,6.6787241874514605,5.125775004939508,94,0.1702127659574468,3.0981884193234523,140.5532613402876,140.59770608915147,5702,0.4463346194317783,2.243519395557706,21.121393336487557,20.53281197128537,27856,0.9499569213095922,0.143529801735557,4.174132968488319,2.4291723606191398,19299,0.8012332245194052,0.7451544209745523,8.422329205358396,7.6730550617960365,0.7003751977991018,0.3271857910003746,"[""y@t"", ""throughput_2@t"", ""throughput_2@t-1""]",3,30,27000.0,478,0.12438166756064128,4.986888372370225,7.9259028965231355
"ar_order=2,n_bins=30,on_change=chain,other_lags=2",ar,1,33200,33558,0.8042493593181954,0.7289720638534563,7.88271849640062,5.608168157146905,33464,0.8061498924217069,0.7080423569753167,7.477383731818689,5.199123417150751,94,0.1276595744680851,8.17994771247112,152.18189468756842,151.228095595778,5702,0.03963521571378464,3.2173248216538632,24.75638186255557,20.73531406287935,27856,0.9607624928202183,0.21961725968279566,4.428754233268243,2.5117082937606905,19299,0.7117985387843929,1.0234135178406172,9.337310566300609,7.379319189883055,0.6029823480189671,0.3271857910003746,"[""y@t"", ""throughput_2@t"", ""throughput_2@t-1""]",3,30,27000.0,478,0.12438166756064128,4.986888372370225,7.9259028965231355
"ar_order=2,n_bins=30,on_change=chain,other_lags=2",persistence,1,33200,33558,0.8300852255795935,4.694918719918487,7.604405782303756,4.986888372370228,33464,0.8320284484819508,4.641225486870498,7.193088668291139,4.570941907721735,94,0.13829787234042554,23.809709685002254,154.03329837079502,153.06382978723406,5702,0.0,27.63102111592854,27.31338494232767,23.18572430726061,27856,1.0,0.0,3.5700649160467055,1.2616671453187864,19299,0.7087413855640189,8.047772925676686,9.872800017944598,7.9259028965231355,0.6733677742597909,0.3271857910003746,"[""y@t"", ""throughput_2@t"", ""throughput_2@t-1""]",3,30,27000.0,478,0.12438166756064128,4.986888372370225,7.9259028965231355
"ar_order=2,n_bins=30,on_change=chain,other_lags=2",model,2,66758,33201,0.8863287250384024,0.3578897846721051,6.64465298703316,5.003689509300742,33108,0.8880633079618219,0.3504560012727057,6.275605141612795,4.630875578770629,93,0.26881720430107525,3.0043166748582957,138.02568595668342,137.72544877802062,5623,0.41863773786235103,1.7343853643089617,17.45886437453244,17.53155051473766,27578,0.9816883022699253,0.07723003254004167,4.439695751849013,2.449328698742623,20321,0.8285025343240983,0.528639109123104,6.837202943902971,6.414494550495743,0.76762462417099,0.6275566249987605,"[""y@t"", ""throughput_2@t"", ""throughput_2@t-1"", ""buffer_size_3@t""]",4,30,810000.0,1630,0.1281889099725912,4.608656365772116,6.818069976871217
"ar_order=2,n_bins=30,on_change=chain,other_lags=2",ar,2,66758,33201,0.8305171530977983,0.5882467074153128,7.507644166449264,5.218132088181958,33108,0.8324272079255769,0.5680234252288887,7.092911229363329,4.797286315949991,93,0.15053763440860216,7.78773516578229,155.15256976904203,155.03922700276223,5623,0.009069891516983817,2.6481577018491493,21.85415173769328,18.446153751875507,27578,0.9980056566828631,0.1682423734642843,4.582471489927939,2.521012434293031,20321,0.7296884995817134,0.8164034144282222,7.969399008937511,6.39138749256186,0.7004887756797716,0.6275566249987605,"[""y@t"", ""throughput_2@t"", ""throughput_2@t-1"", ""buffer_size_3@t""]",4,30,810000.0,1630,0.1281889099725912,4.608656365772116,6.818069976871217
"ar_order=2,n_bins=30,on_change=chain,other_lags=2",persistence,2,66758,33201,0.8306376313966447,4.679655183122985,7.397167987842772,4.608656365772124,33108,0.832548024646611,4.626869066893437,6.9805633340568916,4.1847891748218045,93,0.15053763440860216,23.471512560842527,155.70842473561603,155.50537634408602,5623,0.0,27.631021115928547,24.036432773196626,20.497776987373292,27578,1.0,0.0,4.004514935117965,1.3689535136703266,20321,0.7271787805718223,7.538328874893356,8.40807530039221,6.818069976871217,0.7079361900469064,0.6275566249987605,"[""y@t"", ""throughput_2@t"", ""throughput_2@t-1"", ""buffer_size_3@t""]",4,30,810000.0,1630,0.1281889099725912,4.608656365772116,6.818069976871217
"ar_order=2,n_bins=30,on_change=chain,other_lags=2",model,3,99959,33201,0.8728050359928918,0.36829477186323556,6.170371833217994,5.104414052213517,33108,0.874229793403407,0.361484178210234,5.828985688040084,4.760281944577384,93,0.3655913978494624,2.792866112331778,127.70383951655397,127.61544437067724,5321,0.45611727118962603,1.63000914530791,18.833212928902586,18.70292035566021,27880,0.9523314203730272,0.1274919676631239,3.7536222826391668,2.5090893735678987,19992,0.8336834733893558,0.4977539606259192,7.160706447958267,6.76706318314557,0.7014823566135788,0.9371265419995325,"[""y@t"", ""throughput_2@t"", ""throughput_2@t-1"", ""buffer_size_3@t""]",4,30,810000.0,2171,0.10918345832956838,4.94388723231228,7.444927971188475
"ar_order=2,n_bins=30,on_change=chain,other_lags=2",ar,3,99959,33201,0.8238004879371104,0.6200069432788088,7.215921586346624,5.392246260250525,33108,0.8258729008094721,0.5997159842248857,6.774836576037052,4.946669452256409,93,0.08602150537634409,7.843588366475429,164.24218525655417,164.01758990615576,5321,0.008269122345423792,2.759417777312805,24.519607831658885,21.08228387807906,27880,0.9794476327116213,0.21169255849061305,3.913449760259589,2.397745178311298,19992,0.740296118447379,0.8322663020508199,8.3593685825146,6.875122400456385,0.6455487361081085,0.9371265419995325,"[""y@t"", ""throughput_2@t"", ""throughput_2@t-1"", ""buffer_size_3@t""]",4,30,810000.0,2171,0.10918345832956838,4.94388723231228,7.444927971188475
"ar_order=2,n_bins=30,on_change=chain,other_lags=2",persistence,3,99959,33201,0.8397337429595494,4.428320332455523,7.099556407648101,4.943887232312287,33108,0.8418509121662439,4.369820785399356,6.656753907327522,4.495559985502,93,0.08602150537634409,25.254159084450816,164.7372465217745,164.5483870967742,5321,0.0,27.63102111592855,27.330263617309612,23.782559669235106,27880,1.0,0.0,3.2384519219017274,1.348457675753236,19992,0.7380952380952381,7.236696006552715,8.939706947230704,7.444927971188475,0.6998283659754788,0.9371265419995325,"[""y@t"", ""throughput_2@t"", ""throughput_2@t-1"", ""buffer_size_3@t""]",4,30,810000.0,2171,0.10918345832956838,4.94388723231228,7.444927971188475
"ar_order=2,n_bins=30,on_change=chain,other_lags=2",model,4,133160,33558,0.8951665772692056,0.3475996981342711,6.26939696668535,5.277825668384254,33464,0.8967547214917523,0.34053202078552214,5.967319594920781,4.972815452356571,94,0.32978723404255317,2.8636928342889,113.80894131487186,113.86146257423886,6151,0.5353601040481223,1.5231781651858605,17.953235526731763,18.872101189608,27407,0.9759185609515817,0.08376260721464013,3.6471730464151464,2.22683910542416,18970,0.8313653136531365,0.54789192385462,7.687582747981286,7.686232613438216,0.7127017253536592,1.2195970840002701,"[""y@t"", ""throughput_2@t"", ""throughput_2@t-1"", ""buffer_size_3@t""]",4,30,810000.0,2609,0.0999165623696287,5.052863698670958,8.242224565102793
"ar_order=2,n_bins=30,on_change=chain,other_lags=2",ar,4,133160,33558,0.8167054055664819,0.6378246351319198,7.403073868783759,5.449244499151146,33464,0.8184616304087975,0.6191043225637891,7.028072074532738,5.07047910718682,94,0.19148936170212766,7.302255909386386,140.90371262214717,140.28972403845128,6151,0.0,2.689011885874056,23.091322552099456,19.50193940167542,27407,1.0,0.17747316363504367,3.8821333188850162,2.2953740884740634,18970,0.6797575118608329,0.9601417997488737,9.256550944050693,7.506382380480695,0.6273471264193485,1.2195970840002701,"[""y@t"", ""throughput_2@t"", ""throughput_2@t-1"", ""buffer_size_3@t""]",4,30,810000.0,2609,0.0999165623696287,5.052863698670958,8.242224565102793
"ar_order=2,n_bins=30,on_change=chain,other_lags=2",persistence,4,133160,33558,0.8167054055664819,5.064616809228098,7.365758201819222,5.052863698670963,33464,0.8184616304087975,5.016090523525756,6.989505748068644,4.672334448960082,94,0.19148936170212766,22.339974519261375,141.31163173702484,140.5212765957447,6151,0.0,27.631021115928547,25.851255846803305,22.13087302877581,27407,1.0,0.0,3.2170262714986064,1.2200167840332832,18970,0.6797575118608329,8.848626951990823,9.958967972452033,8.242224565102793,0.6273471264193485,1.2195970840002701,"[""y@t"", ""throughput_2@t"", ""throughput_2@t-1"", ""buffer_size_3@t""]",4,30,810000.0,2609,0.0999165623696287,5.052863698670958,8.242224565102793
"ar_order=2,n_bins=30,on_change=chain,other_lags=2",model,5,166718,33201,0.9320502394506189,0.2502936813513961,6.396686786451127,4.776521593838928,33108,0.9337320285127462,0.24316012890834585,6.0816625092622925,4.455500019396786,93,0.3333333333333333,2.789838351077302,118.54532946567637,119.06020209524196,4172,0.5913231064237776,1.5349261221769634,22.490417506822073,23.791726426161595,29029,0.981018981018981,0.06566842580954949,4.083722352079031,2.0436877187329934,18178,0.8925624381120035,0.39779813188115,7.376583819329231,6.981732978315247,0.7624845512018545,1.523067500000252,"[""y@t"", ""throughput_2@t"", ""throughput_2@t-1"", ""buffer_size_3@t""]",4,30,810000.0,3076,0.07550977380199392,4.627330502093311,7.7230718450874685
"ar_order=2,n_bins=30,on_change=chain,other_lags=2",ar,5,166718,33201,0.8743411343031836,0.5058960708035171,7.697690204581152,5.24206279119517,33108,0.8761930651202127,0.4889837890336604,7.324796421181523,4.862862344545728,93,0.21505376344086022,6.526668380872521,140.4478770948495,140.23742179839604,4172,0.0,3.0026283662542164,29.885488756300877,25.884068729649155,29029,1.0,0.14706982337438354,4.508896392952275,2.2754277443375432,18178,0.7745076466057872,0.7767479362715081,9.0501075406774,7.114572185796554,0.6557969882271619,1.523067500000252,"[""y@t"", ""throughput_2@t"", ""throughput_2@t-1"", ""buffer_size_3@t""]",4,30,810000.0,3076,0.07550977380199392,4.627330502093311,7.7230718450874685
"ar_order=2,n_bins=30,on_change=chain,other_lags=2",persistence,5,166718,33201,0.8743411343031836,3.4720827714723623,7.334393524768966,4.627330502093318,33108,0.8761930651202127,3.4209120319617954,6.954341312753573,4.24036486649753,93,0.21505376344086022,21.68886603723423,142.632981002249,142.38709677419354,4172,0.0,27.631021115928547,33.217557903106766,29.11960690316395,29029,1.0,0.0,3.6145078316198638,1.1073409349271492,18178,0.7745076466057872,6.230583978115916,9.527961318494802,7.7230718450874685,0.6557969882271619,1.523067500000252,"[""y@t"", ""throughput_2@t"", ""throughput_2@t-1"", ""buffer_size_3@t""]",4,30,810000.0,3076,0.07550977380199392,4.627330502093311,7.7230718450874685
"ar_order=3,max_parents=6,n_bins=30,on_change=chain,other_lags=3,velocity=binned",model,1,33200,33558,0.8643840514929376,0.5003490598550484,7.053722890960804,5.505248201253828,33464,0.8663339708343294,0.49305175828350806,6.6787241874514605,5.125775004939508,94,0.1702127659574468,3.0981884193234523,140.5532613402876,140.59770608915147,5702,0.4463346194317783,2.243519395557706,21.121393336487557,20.53281197128537,27856,0.9499569213095922,0.143529801735557,4.174132968488319,2.4291723606191398,19299,0.8012332245194052,0.7451544209745523,8.422329205358396,7.6730550617960365,0.7003751977991018,0.5911469169986958,"[""y@t"", ""throughput_2@t"", ""throughput_2@t-1""]",3,30,27000.0,478,0.12438166756064128,4.986888372370225,7.9259028965231355
"ar_order=3,max_parents=6,n_bins=30,on_change=chain,other_lags=3,velocity=binned",ar,1,33200,33558,0.8042493593181954,0.7289720638534563,7.88271849640062,5.608168157146905,33464,0.8061498924217069,0.7080423569753167,7.477383731818689,5.199123417150751,94,0.1276595744680851,8.17994771247112,152.18189468756842,151.228095595778,5702,0.03963521571378464,3.2173248216538632,24.75638186255557,20.73531406287935,27856,0.9607624928202183,0.21961725968279566,4.428754233268243,2.5117082937606905,19299,0.7117985387843929,1.0234135178406172,9.337310566300609,7.379319189883055,0.6029823480189671,0.5911469169986958,"[""y@t"", ""throughput_2@t"", ""throughput_2@t-1""]",3,30,27000.0,478,0.12438166756064128,4.986888372370225,7.9259028965231355
"ar_order=3,max_parents=6,n_bins=30,on_change=chain,other_lags=3,velocity=binned",persistence,1,33200,33558,0.8300852255795935,4.694918719918487,7.604405782303756,4.986888372370228,33464,0.8320284484819508,4.641225486870498,7.193088668291139,4.570941907721735,94,0.13829787234042554,23.809709685002254,154.03329837079502,153.06382978723406,5702,0.0,27.63102111592854,27.31338494232767,23.18572430726061,27856,1.0,0.0,3.5700649160467055,1.2616671453187864,19299,0.7087413855640189,8.047772925676686,9.872800017944598,7.9259028965231355,0.6733677742597909,0.5911469169986958,"[""y@t"", ""throughput_2@t"", ""throughput_2@t-1""]",3,30,27000.0,478,0.12438166756064128,4.986888372370225,7.9259028965231355
"ar_order=3,max_parents=6,n_bins=30,on_change=chain,other_lags=3,velocity=binned",model,2,66758,33201,0.8910876178428361,0.35402230915800914,6.535112328970937,4.941364104858784,33108,0.8928355684426724,0.3465776620633454,6.16575678507287,4.56837510296788,93,0.26881720430107525,3.0043166748582957,138.02568595668342,137.72544877802062,5623,0.4693224257513783,1.7186948885256326,17.414014734613108,18.053279632116123,27578,0.9770831822467184,0.07577320067355969,4.316964956901682,2.2679178429917886,20321,0.8384429900103342,0.5282587889361342,6.855585098280114,6.56949628495611,0.7797992646963757,1.4844260000008944,"[""y@t"", ""throughput_2@t"", ""throughput_2@t-1"", ""throughput_2@t-2""]",4,30,810000.0,1413,0.10553898978946417,4.608656365772116,6.818069976871217
"ar_order=3,max_parents=6,n_bins=30,on_change=chain,other_lags=3,velocity=binned",ar,2,66758,33201,0.8305171530977983,0.5882467074153128,7.507644166449264,5.218132088181958,33108,0.8324272079255769,0.5680234252288887,7.092911229363329,4.797286315949991,93,0.15053763440860216,7.78773516578229,155.15256976904203,155.03922700276223,5623,0.009069891516983817,2.6481577018491493,21.85415173769328,18.446153751875507,27578,0.9980056566828631,0.1682423734642843,4.582471489927939,2.521012434293031,20321,0.7296884995817134,0.8164034144282222,7.969399008937511,6.39138749256186,0.7004887756797716,1.4844260000008944,"[""y@t"", ""throughput_2@t"", ""throughput_2@t-1"", ""throughput_2@t-2""]",4,30,810000.0,1413,0.10553898978946417,4.608656365772116,6.818069976871217
"ar_order=3,max_parents=6,n_bins=30,on_change=chain,other_lags=3,velocity=binned",persistence,2,66758,33201,0.8306376313966447,4.679655183122985,7.397167987842772,4.608656365772124,33108,0.832548024646611,4.626869066893437,6.9805633340568916,4.1847891748218045,93,0.15053763440860216,23.471512560842527,155.70842473561603,155.50537634408602,5623,0.0,27.631021115928547,24.036432773196626,20.497776987373292,27578,1.0,0.0,4.004514935117965,1.3689535136703266,20321,0.7271787805718223,7.538328874893356,8.40807530039221,6.818069976871217,0.7079361900469064,1.4844260000008944,"[""y@t"", ""throughput_2@t"", ""throughput_2@t-1"", ""throughput_2@t-2""]",4,30,810000.0,1413,0.10553898978946417,4.608656365772116,6.818069976871217
"ar_order=3,max_parents=6,n_bins=30,on_change=chain,other_lags=3,velocity=binned",model,3,99959,33201,0.8728050359928918,0.36829477186323556,6.170371833217994,5.104414052213517,33108,0.874229793403407,0.361484178210234,5.828985688040084,4.760281944577384,93,0.3655913978494624,2.792866112331778,127.70383951655397,127.61544437067724,5321,0.45611727118962603,1.63000914530791,18.833212928902586,18.70292035566021,27880,0.9523314203730272,0.1274919676631239,3.7536222826391668,2.5090893735678987,19992,0.8336834733893558,0.4977539606259192,7.160706447958267,6.76706318314557,0.7014823566135788,2.172741333999511,"[""y@t"", ""throughput_2@t"", ""throughput_2@t-1"", ""buffer_size_3@t""]",4,30,810000.0,2171,0.10918345832956838,4.94388723231228,7.444927971188475
"ar_order=3,max_parents=6,n_bins=30,on_change=chain,other_lags=3,velocity=binned",ar,3,99959,33201,0.8238004879371104,0.6200069432788088,7.215921586346624,5.392246260250525,33108,0.8258729008094721,0.5997159842248857,6.774836576037052,4.946669452256409,93,0.08602150537634409,7.843588366475429,164.24218525655417,164.01758990615576,5321,0.008269122345423792,2.759417777312805,24.519607831658885,21.08228387807906,27880,0.9794476327116213,0.21169255849061305,3.913449760259589,2.397745178311298,19992,0.740296118447379,0.8322663020508199,8.3593685825146,6.875122400456385,0.6455487361081085,2.172741333999511,"[""y@t"", ""throughput_2@t"", ""throughput_2@t-1"", ""buffer_size_3@t""]",4,30,810000.0,2171,0.10918345832956838,4.94388723231228,7.444927971188475
"ar_order=3,max_parents=6,n_bins=30,on_change=chain,other_lags=3,velocity=binned",persistence,3,99959,33201,0.8397337429595494,4.428320332455523,7.099556407648101,4.943887232312287,33108,0.8418509121662439,4.369820785399356,6.656753907327522,4.495559985502,93,0.08602150537634409,25.254159084450816,164.7372465217745,164.5483870967742,5321,0.0,27.63102111592855,27.330263617309612,23.782559669235106,27880,1.0,0.0,3.2384519219017274,1.348457675753236,19992,0.7380952380952381,7.236696006552715,8.939706947230704,7.444927971188475,0.6998283659754788,2.172741333999511,"[""y@t"", ""throughput_2@t"", ""throughput_2@t-1"", ""buffer_size_3@t""]",4,30,810000.0,2171,0.10918345832956838,4.94388723231228,7.444927971188475
"ar_order=3,max_parents=6,n_bins=30,on_change=chain,other_lags=3,velocity=binned",model,4,133160,33558,0.8932594314321474,0.34212569906319773,6.369779993257963,5.307547057698967,33464,0.8948422185034665,0.3350426453125638,6.067984596287139,5.002620328719923,94,0.32978723404255317,2.8636928342889,113.80894131487186,113.86146257423886,6151,0.5202406112827183,1.5527992935487975,18.35158742803931,19.443204588802885,27407,0.9769766847885577,0.07041214852206139,3.68068240755577,2.135057202048213,18970,0.8265682656826568,0.5513710090470747,7.874244675404741,7.859488738082416,0.7110888615754137,3.344900250000137,"[""y@t"", ""throughput_2@t"", ""throughput_2@t-1"", ""throughput_2@t-2"", ""y@t-1""]",5,30,24300000.0,3524,0.09765182668812206,5.052863698670958,8.242224565102793
"ar_order=3,max_parents=6,n_bins=30,on_change=chain,other_lags=3,velocity=binned",ar,4,133160,33558,0.8167054055664819,0.6378246351319198,7.403073868783759,5.449244499151146,33464,0.8184616304087975,0.6191043225637891,7.028072074532738,5.07047910718682,94,0.19148936170212766,7.302255909386386,140.90371262214717,140.28972403845128,6151,0.0,2.689011885874056,23.091322552099456,19.50193940167542,27407,1.0,0.17747316363504367,3.8821333188850162,2.2953740884740634,18970,0.6797575118608329,0.9601417997488737,9.256550944050693,7.506382380480695,0.6273471264193485,3.344900250000137,"[""y@t"", ""throughput_2@t"", ""throughput_2@t-1"", ""throughput_2@t-2"", ""y@t-1""]",5,30,24300000.0,3524,0.09765182668812206,5.052863698670958,8.242224565102793
"ar_order=3,max_parents=6,n_bins=30,on_change=chain,other_lags=3,velocity=binned",persistence,4,133160,33558,0.8167054055664819,5.064616809228098,7.365758201819222,5.052863698670963,33464,0.8184616304087975,5.016090523525756,6.989505748068644,4.672334448960082,94,0.19148936170212766,22.339974519261375,141.31163173702484,140.5212765957447,6151,0.0,27.631021115928547,25.851255846803305,22.13087302877581,27407,1.0,0.0,3.2170262714986064,1.2200167840332832,18970,0.6797575118608329,8.848626951990823,9.958967972452033,8.242224565102793,0.6273471264193485,3.344900250000137,"[""y@t"", ""throughput_2@t"", ""throughput_2@t-1"", ""throughput_2@t-2"", ""y@t-1""]",5,30,24300000.0,3524,0.09765182668812206,5.052863698670958,8.242224565102793
"ar_order=3,max_parents=6,n_bins=30,on_change=chain,other_lags=3,velocity=binned",model,5,166718,33201,0.9320502394506189,0.2502936813513961,6.396686786451127,4.776521593838928,33108,0.9337320285127462,0.24316012890834585,6.0816625092622925,4.455500019396786,93,0.3333333333333333,2.789838351077302,118.54532946567637,119.06020209524196,4172,0.5913231064237776,1.5349261221769634,22.490417506822073,23.791726426161595,29029,0.981018981018981,0.06566842580954949,4.083722352079031,2.0436877187329934,18178,0.8925624381120035,0.39779813188115,7.376583819329231,6.981732978315247,0.7624845512018545,3.345858333999786,"[""y@t"", ""throughput_2@t"", ""throughput_2@t-1"", ""buffer_size_3@t""]",4,30,810000.0,3076,0.07550977380199392,4.627330502093311,7.7230718450874685
"ar_order=3,max_parents=6,n_bins=30,on_change=chain,other_lags=3,velocity=binned",ar,5,166718,33201,0.8743411343031836,0.5058960708035171,7.697690204581152,5.24206279119517,33108,0.8761930651202127,0.4889837890336604,7.324796421181523,4.862862344545728,93,0.21505376344086022,6.526668380872521,140.4478770948495,140.23742179839604,4172,0.0,3.0026283662542164,29.885488756300877,25.884068729649155,29029,1.0,0.14706982337438354,4.508896392952275,2.2754277443375432,18178,0.7745076466057872,0.7767479362715081,9.0501075406774,7.114572185796554,0.6557969882271619,3.345858333999786,"[""y@t"", ""throughput_2@t"", ""throughput_2@t-1"", ""buffer_size_3@t""]",4,30,810000.0,3076,0.07550977380199392,4.627330502093311,7.7230718450874685
"ar_order=3,max_parents=6,n_bins=30,on_change=chain,other_lags=3,velocity=binned",persistence,5,166718,33201,0.8743411343031836,3.4720827714723623,7.334393524768966,4.627330502093318,33108,0.8761930651202127,3.4209120319617954,6.954341312753573,4.24036486649753,93,0.21505376344086022,21.68886603723423,142.632981002249,142.38709677419354,4172,0.0,27.631021115928547,33.217557903106766,29.11960690316395,29029,1.0,0.0,3.6145078316198638,1.1073409349271492,18178,0.7745076466057872,6.230583978115916,9.527961318494802,7.7230718450874685,0.6557969882271619,3.345858333999786,"[""y@t"", ""throughput_2@t"", ""throughput_2@t-1"", ""buffer_size_3@t""]",4,30,810000.0,3076,0.07550977380199392,4.627330502093311,7.7230718450874685
n_bins=50,model,1,33200,33558,0.7694439477918827,0.8562004735961406,8.146830682606542,7.656270310529319,33464,0.7713961271814487,0.8328039332664363,7.752666680569963,7.259671001408445,94,0.07446808510638298,9.185368830970836,148.46921540762827,148.8456243575602,6857,0.3276943269651451,2.6799827554205913,18.410336243284394,18.03349155241877,26701,0.8828882813377776,0.3878406703501852,5.5110920350065244,4.99132869577197,19299,0.7237680708845018,1.053980769514803,7.373146397508359,7.321827884821436,0.5079319242655896,0.24593204200027685,"[""y@t"", ""throughput_2@t"", ""data_quality_1@t+h"", ""data_quality_1@t""]",4,50,250000.0,602,0.39099469575064066,4.986888372370225,7.9259028965231355
n_bins=50,ar,1,33200,33558,0.7179808093450146,0.9705155174927659,8.699045246805614,8.03341105664135,33464,0.7198183122161128,0.9471036297237357,8.301904659745468,7.633265087415092,94,0.06382978723404255,9.30514756326751,150.08109424021782,150.48537610118913,6857,0.06810558553303193,3.1480614777716567,19.93286218434228,18.61565461882234,26701,0.8848732257218831,0.41130677438829966,5.814123980160584,5.315818303340909,19299,0.6528835690968444,1.2158313323679988,7.897232767865246,7.43308318525767,0.4391383832500228,0.24593204200027685,"[""y@t"", ""throughput_2@t"", ""data_quality_1@t+h"", ""data_quality_1@t""]",4,50,250000.0,602,0.39099469575064066,4.986888372370225,7.9259028965231355
n_bins=50,persistence,1,33200,33558,0.7956672030514333,5.645923827162586,6.1406311635010145,4.986888372370235,33464,0.7976332775519962,5.591599181122045,5.7285234143978725,4.57094190772174,94,0.09574468085106383,24.985497817594958,152.85098984421973,153.06382978723406,6857,0.0,27.631021115928547,22.029718219358642,20.565115939915415,26701,1.0,0.0,2.06020458988895,0.9862926482154333,19299,0.6491009896885849,9.695697963473139,8.360962159586489,7.9259028965231355,0.5604510094152217,0.24593204200027685,"[""y@t"", ""throughput_2@t"", ""data_quality_1@t+h"", ""data_quality_1@t""]",4,50,250000.0,602,0.39099469575064066,4.986888372370225,7.9259028965231355
n_bins=50,model,2,66758,33201,0.8079877112135176,0.7180117533898666,6.719153718067534,6.242064250710885,33108,0.8098646852724417,0.6891548200100165,6.302956552569661,5.8246829023298226,93,0.13978494623655913,10.991080036616468,154.8853446353105,154.82982427436926,7730,0.40051746442432085,1.9361438425058237,13.941288029898008,13.927536717043019,25471,0.9316477562718386,0.3483301135301692,4.527363123648407,3.9096586849793717,20321,0.7525220215540573,0.7931634725273498,6.142057447435181,6.269567072895806,0.5506930799023501,0.5361328750004759,"[""y@t"", ""throughput_2@t"", ""buffer_size_3@t""]",3,50,125000.0,1587,0.1680371073160447,4.608656365772116,6.818069976871217
n_bins=50,ar,2,66758,33201,0.7325984157103702,0.9171399710491813,7.373741669393243,6.540276144397076,33108,0.7342636220852966,0.8944300371863646,6.959766543001009,6.124044761382648,93,0.13978494623655913,9.001876426211929,154.74888666502878,154.7186484975335,7730,0.0445019404915912,2.482124835829431,16.107731931463135,14.89463439446438,25471,0.9414235797573711,0.44219462124935666,4.723129415229675,4.004875521216979,20321,0.6342207568525171,1.0433943826387624,6.954882050202841,6.479633346249394,0.47865510435458447,0.5361328750004759,"[""y@t"", ""throughput_2@t"", ""buffer_size_3@t""]",3,50,125000.0,1587,0.1680371073160447,4.608656365772116,6.818069976871217
n_bins=50,persistence,2,66758,33201,0.7671756874792928,6.433173495561208,5.677276858106787,4.608656365772123,33108,0.7689380210221095,6.384478420226332,5.256456302101787,4.184789174821803,93,0.13978494623655913,23.76862031477724,155.48939479588694,155.50537634408602,7730,0.0,27.63102111592855,17.791637839021295,16.433764553686935,25471,1.0,0.0,2.000781613221658,1.0199442503239073,20321,0.6235421485163132,10.401914843602842,7.227764413554053,6.818069976871217,0.5592495592514928,0.5361328750004759,"[""y@t"", ""throughput_2@t"", ""buffer_size_3@t""]",3,50,125000.0,1587,0.1680371073160447,4.608656365772116,6.818069976871217
n_bins=50,model,3,99959,33201,0.8398241016836843,0.620096417635636,5.422972100406842,4.828523836674833,33108,0.8420019330675366,0.5909901674902556,4.977201261985346,4.38148630309663,93,0.06451612903225806,10.981921469391127,164.11739057845907,163.97388579051525,7313,0.42814166552714344,1.989398572041813,14.890788907998637,14.766733885991828,25888,0.9561186650185414,0.23328760060950923,2.748445512261028,2.021117699056818,19992,0.771108443377351,0.7786520557204616,6.252719277516094,6.196747519933972,0.5765829754264843,0.7959250829990197,"[""y@t"", ""throughput_2@t"", ""buffer_size_3@t""]",3,50,125000.0,2173,0.11195445920303605,4.94388723231228,7.444927971188475
n_bins=50,ar,3,99959,33201,0.7703984819734345,0.8172758606999346,6.458884894336006,5.391391638326153,33108,0.7723812975715839,0.7950338825141621,6.015232425849335,4.9451891204019764,93,0.06451612903225806,8.735420094834907,164.39916367559144,164.239488019333,7313,0.01859701900724737,2.5891284823324927,17.906942924230105,16.517091802953658,25888,0.9827719406674907,0.3167521345720412,3.2249676982368287,2.2485360564379824,19992,0.6438575430172069,1.0564925657790885,7.455650921751329,6.7030807869050335,0.49207223845002696,0.7959250829990197,"[""y@t"", ""throughput_2@t"", ""buffer_size_3@t""]",3,50,125000.0,2173,0.11195445920303605,4.94388723231228,7.444927971188475
n_bins=50,persistence,3,99959,33201,0.7797355501340321,6.086131665334944,6.174888903913046,4.9438872323122895,33108,0.7817445934517337,6.030619747000715,5.729390879046296,4.495559985502003,93,0.06451612903225806,25.848374592320244,164.77218575647626,164.5483870967742,7313,0.0,27.631021115928547,20.32946219700618,18.842609052372488,25888,1.0,0.0,2.1764187829152832,1.0176915945611988,19992,0.6385554221688675,9.9870827622899,8.055241529817684,7.444927971188475,0.5368484213669686,0.7959250829990197,"[""y@t"", ""throughput_2@t"", ""buffer_size_3@t""]",3,50,125000.0,2173,0.11195445920303605,4.94388723231228,7.444927971188475
n_bins=50,model,4,133160,33558,0.8594373919780678,0.5394299901507491,5.56943344669682,5.207994428837904,33464,0.8614331819268468,0.5104437537272972,5.189734550716613,4.827682789603619,94,0.14893617021276595,10.858530156899619,140.74224041565063,140.5989379962431,7407,0.45902524638855136,1.9007564440649385,16.005629494328645,16.005859667689926,26151,0.9728499866161906,0.15384836634506677,2.6134889656135374,2.1496108938229175,18970,0.7683711122825514,0.7870093895986444,6.991834773969521,7.035654895762494,0.6092883069845428,0.9146603749995847,"[""y@t"", ""throughput_2@t"", ""buffer_size_3@t""]",3,50,125000.0,2572,0.12196793611061446,5.052863698670958,8.242224565102793
n_bins=50,ar,4,133160,33558,0.7838071398772275,0.7464284756594431,6.367557779185415,5.628185077278612,33464,0.7855606024384413,0.7241402824799402,5.991201238653576,5.250222750583262,94,0.1595744680851064,8.6810252475625,140.35048620851978,140.18277338082294,7407,0.0371270419873093,2.5835511939041105,18.72556852586838,17.27324173801377,26151,0.9952965469771711,0.2260824860591124,2.8672791817826124,2.329843343269767,18970,0.6237216657880864,1.0983511346422106,8.119812577175798,7.4248361918451815,0.5191341856127449,0.9146603749995847,"[""y@t"", ""throughput_2@t"", ""buffer_size_3@t""]",3,50,125000.0,2572,0.12196793611061446,5.052863698670958,8.242224565102793
n_bins=50,persistence,4,133160,33558,0.7792776685142142,6.098783402040728,6.288261746258592,5.052863698670967,33464,0.7810184078412622,6.050684996937735,5.909724988466333,4.672334448960085,94,0.1595744680851064,23.221815618705904,141.0473475203031,140.5212765957447,7407,0.0,27.63102111592855,21.20298317402532,19.632779802889157,26151,1.0,0.0,2.063821318914775,0.9232534128714127,18970,0.6137058513442277,10.673701778467285,8.900384734799818,8.242224565102793,0.5391515320147137,0.9146603749995847,"[""y@t"", ""throughput_2@t"", ""buffer_size_3@t""]",3,50,125000.0,2572,0.12196793611061446,5.052863698670958,8.242224565102793
n_bins=50,model,5,166718,33201,0.9042197524170958,0.3842677955209343,5.359131388154828,4.7528840586649865,33108,0.9062462244774677,0.35783596925795025,4.9795576596577265,4.372120073727609,93,0.1827956989247312,9.793997945143257,140.4873787331229,140.30486269637157,5131,0.47963359968816993,1.9155458165286376,18.977990115036622,18.915977377481905,28070,0.9818311364446027,0.1043608654963342,2.869699107156236,2.1639694944024432,18178,0.8412366596985367,0.5741669679983608,6.252211447303746,6.2099132048177115,0.6926407682134352,1.3012185000006866,"[""y@t"", ""throughput_2@t"", ""buffer_size_3@t""]",3,50,125000.0,3013,0.10207523869762959,4.627330502093311,7.7230718450874685
n_bins=50,ar,5,166718,33201,0.8472636366374506,0.5943110392701321,6.4292395659558075,5.541845404024391,33108,0.8491905279690709,0.574176861942982,6.052760130901417,5.163743825163316,93,0.16129032258064516,7.762078167735536,140.45591844531876,140.14600747856724,5131,0.027285129604365622,2.666926322923236,23.46516457567482,21.968468950178156,28070,0.9971499821873887,0.21545143754501359,3.3151914282690167,2.5391733194032664,18178,0.726427549785455,0.8639532707635138,7.68331133753901,6.971053200394835,0.586903959325669,1.3012185000006866,"[""y@t"", ""throughput_2@t"", ""buffer_size_3@t""]",3,50,125000.0,3013,0.10207523869762959,4.627330502093311,7.7230718450874685
n_bins=50,persistence,5,166718,33201,0.8454564621547543,4.270195757532284,5.906972682153157,4.6273305020933195,33108,0.8473782771535581,4.217094046719432,5.522727847326062,4.240364866497532,93,0.16129032258064516,23.174404806907805,142.69813388059904,142.38709677419354,5131,0.0,27.631021115928547,26.5897945636685,25.006236601052425,28070,1.0,0.0,2.1262972609185575,0.9022087638047839,18178,0.7220266255913742,7.680688177950652,8.295814485520427,7.7230718450874685,0.599000207685501,1.3012185000006866,"[""y@t"", ""throughput_2@t"", ""buffer_size_3@t""]",3,50,125000.0,3013,0.10207523869762959,4.627330502093311,7.7230718450874685
"ar_order=2,n_bins=50,on_change=chain,other_lags=2",model,1,33200,33558,0.806454496692294,0.7399505349528802,8.115197653995443,7.687039829973745,33464,0.8083014582835286,0.7319283178383191,7.7274157956821234,7.297798974989594,94,0.14893617021276595,3.595859827736641,146.1655392135375,146.2567842043313,6857,0.4353215691993583,2.4336028937301317,18.10371368890492,17.831522799148484,26701,0.9017639788771956,0.3050089887884812,5.5500782033616,5.081867000505515,19299,0.7558422716202912,0.9605693164154159,7.303714938161174,7.302945477312962,0.5545067648927262,0.44772020900018106,"[""y@t"", ""throughput_2@t"", ""throughput_2@t-1""]",3,50,125000.0,845,0.15653495440729484,4.986888372370225,7.9259028965231355
"ar_order=2,n_bins=50,on_change=chain,other_lags=2",ar,1,33200,33558,0.7179808093450146,0.9705155174927659,8.699045246805614,8.03341105664135,33464,0.7198183122161128,0.9471036297237357,8.301904659745468,7.633265087415092,94,0.06382978723404255,9.30514756326751,150.08109424021782,150.48537610118913,6857,0.06810558553303193,3.1480614777716567,19.93286218434228,18.61565461882234,26701,0.8848732257218831,0.41130677438829966,5.814123980160584,5.315818303340909,19299,0.6528835690968444,1.2158313323679988,7.897232767865246,7.43308318525767,0.4391383832500228,0.44772020900018106,"[""y@t"", ""throughput_2@t"", ""throughput_2@t-1""]",3,50,125000.0,845,0.15653495440729484,4.986888372370225,7.9259028965231355
"ar_order=2,n_bins=50,on_change=chain,other_lags=2",persistence,1,33200,33558,0.7956672030514333,5.645923827162586,6.1406311635010145,4.986888372370235,33464,0.7976332775519962,5.591599181122045,5.7285234143978725,4.57094190772174,94,0.09574468085106383,24.985497817594958,152.85098984421973,153.06382978723406,6857,0.0,27.631021115928547,22.029718219358642,20.565115939915415,26701,1.0,0.0,2.06020458988895,0.9862926482154333,19299,0.6491009896885849,9.695697963473139,8.360962159586489,7.9259028965231355,0.5604510094152217,0.44772020900018106,"[""y@t"", ""throughput_2@t"", ""throughput_2@t-1""]",3,50,125000.0,845,0.15653495440729484,4.986888372370225,7.9259028965231355
"ar_order=2,n_bins=50,on_change=chain,other_lags=2",model,2,66758,33201,0.8300954790518358,0.6002695264340604,6.451820844911777,5.87667915675568,33108,0.8320345535822158,0.5922612011169013,6.070284986706234,5.494046447592541,93,0.13978494623655913,3.4512333393427395,142.2785863660848,142.09392361883258,7730,0.4961190168175938,1.588104547871808,13.421920055213855,13.452910324297827,25471,0.9314514545954222,0.3004789914839686,4.3365184659068285,3.5774264016576933,20321,0.7786034151862605,0.6874081373594796,6.059983413631198,6.140026773475023,0.60172186846465,0.9584532089993445,"[""y@t"", ""throughput_2@t"", ""throughput_2@t-1""]",3,50,125000.0,1369,0.13493569470799072,4.608656365772116,6.818069976871217
"ar_order=2,n_bins=50,on_change=chain,other_lags=2",ar,2,66758,33201,0.7325984157103702,0.9171399710491813,7.373741669393243,6.540276144397076,33108,0.7342636220852966,0.8944300371863646,6.959766543001009,6.124044761382648,93,0.13978494623655913,9.001876426211929,154.74888666502878,154.7186484975335,7730,0.0445019404915912,2.482124835829431,16.107731931463135,14.89463439446438,25471,0.9414235797573711,0.44219462124935666,4.723129415229675,4.004875521216979,20321,0.6342207568525171,1.0433943826387624,6.954882050202841,6.479633346249394,0.47865510435458447,0.9584532089993445,"[""y@t"", ""throughput_2@t"", ""throughput_2@t-1""]",3,50,125000.0,1369,0.13493569470799072,4.608656365772116,6.818069976871217
"ar_order=2,n_bins=50,on_change=chain,other_lags=2",persistence,2,66758,33201,0.7671756874792928,6.433173495561208,5.677276858106787,4.608656365772123,33108,0.7689380210221095,6.384478420226332,5.256456302101787,4.184789174821803,93,0.13978494623655913,23.76862031477724,155.48939479588694,155.50537634408602,7730,0.0,27.63102111592855,17.791637839021295,16.433764553686935,25471,1.0,0.0,2.000781613221658,1.0199442503239073,20321,0.6235421485163132,10.401914843602842,7.227764413554053,6.818069976871217,0.5592495592514928,0.9584532089993445,"[""y@t"", ""throughput_2@t"", ""throughput_2@t-1""]",3,50,125000.0,1369,0.13493569470799072,4.608656365772116,6.818069976871217
"ar_order=2,n_bins=50,on_change=chain,other_lags=2",model,3,99959,33201,0.8582271618324749,0.49975051504900875,5.2881852842427435,4.662425145114179,33108,0.8598526036003383,0.49185336756307596,4.9201190051161126,4.292022853787806,93,0.27956989247311825,3.3111350200411294,136.31978065332345,136.5256408573032,7313,0.5544920005469711,1.5442462215105852,14.08259449126803,14.217250483681498,25888,0.9440281211372065,0.20469500279029798,2.803886978812586,1.9633198569133608,19992,0.8037214885954381,0.6471400418941757,6.111848260618486,6.162022221045666,0.5959138766032551,1.3905649579992314,"[""y@t"", ""throughput_2@t"", ""throughput_2@t-1""]",3,50,125000.0,1813,0.08650341857172977,4.94388723231228,7.444927971188475
"ar_order=2,n_bins=50,on_change=chain,other_lags=2",ar,3,99959,33201,0.7703984819734345,0.8172758606999346,6.458884894336006,5.391391638326153,33108,0.7723812975715839,0.7950338825141621,6.015232425849335,4.9451891204019764,93,0.06451612903225806,8.735420094834907,164.39916367559144,164.239488019333,7313,0.01859701900724737,2.5891284823324927,17.906942924230105,16.517091802953658,25888,0.9827719406674907,0.3167521345720412,3.2249676982368287,2.2485360564379824,19992,0.6438575430172069,1.0564925657790885,7.455650921751329,6.7030807869050335,0.49207223845002696,1.3905649579992314,"[""y@t"", ""throughput_2@t"", ""throughput_2@t-1""]",3,50,125000.0,1813,0.08650341857172977,4.94388723231228,7.444927971188475
"ar_order=2,n_bins=50,on_change=chain,other_lags=2",persistence,3,99959,33201,0.7797355501340321,6.086131665334944,6.174888903913046,4.9438872323122895,33108,0.7817445934517337,6.030619747000715,5.729390879046296,4.495559985502003,93,0.06451612903225806,25.848374592320244,164.77218575647626,164.5483870967742,7313,0.0,27.631021115928547,20.32946219700618,18.842609052372488,25888,1.0,0.0,2.1764187829152832,1.0176915945611988,19992,0.6385554221688675,9.9870827622899,8.055241529817684,7.444927971188475,0.5368484213669686,1.3905649579992314,"[""y@t"", ""throughput_2@t"", ""throughput_2@t-1""]",3,50,125000.0,1813,0.08650341857172977,4.94388723231228,7.444927971188475
"ar_order=2,n_bins=50,on_change=chain,other_lags=2",model,4,133160,33558,0.8676619584003814,0.44269569125497427,5.583543287302502,5.0336949411259235,33464,0.8692326081759503,0.4348426821052546,5.254728948722205,4.702911825757984,94,0.30851063829787234,3.2383669485551367,122.64144782188795,122.79248401211211,7407,0.5452949912245173,1.6092376027875956,15.475370337795894,15.684493365868756,26151,0.9589690642805246,0.11228477240972441,2.781785688625412,2.0169665585757275,18970,0.7875065893516078,0.7062896996634163,7.071690312161794,7.14754437154721,0.616934724827223,1.4915327910002816,"[""y@t"", ""throughput_2@t"", ""throughput_2@t-1""]",3,50,125000.0,2145,0.10376065319744919,5.052863698670958,8.242224565102793
"ar_order=2,n_bins=50,on_change=chain,other_lags=2",ar,4,133160,33558,0.7838071398772275,0.7464284756594431,6.367557779185415,5.628185077278612,33464,0.7855606024384413,0.7241402824799402,5.991201238653576,5.250222750583262,94,0.1595744680851064,8.6810252475625,140.35048620851978,140.18277338082294,7407,0.0371270419873093,2.5835511939041105,18.72556852586838,17.27324173801377,26151,0.9952965469771711,0.2260824860591124,2.8672791817826124,2.329843343269767,18970,0.6237216657880864,1.0983511346422106,8.119812577175798,7.4248361918451815,0.5191341856127449,1.4915327910002816,"[""y@t"", ""throughput_2@t"", ""throughput_2@t-1""]",3,50,125000.0,2145,0.10376065319744919,5.052863698670958,8.242224565102793
"ar_order=2,n_bins=50,on_change=chain,other_lags=2",persistence,4,133160,33558,0.7792776685142142,6.098783402040728,6.288261746258592,5.052863698670967,33464,0.7810184078412622,6.050684996937735,5.909724988466333,4.672334448960085,94,0.1595744680851064,23.221815618705904,141.0473475203031,140.5212765957447,7407,0.0,27.63102111592855,21.20298317402532,19.632779802889157,26151,1.0,0.0,2.063821318914775,0.9232534128714127,18970,0.6137058513442277,10.673701778467285,8.900384734799818,8.242224565102793,0.5391515320147137,1.4915327910002816,"[""y@t"", ""throughput_2@t"", ""throughput_2@t-1""]",3,50,125000.0,2145,0.10376065319744919,5.052863698670958,8.242224565102793
"ar_order=2,n_bins=50,on_change=chain,other_lags=2",model,5,166718,33201,0.9089786452215295,0.3130392615720428,5.374832465875358,4.626811710524875,33108,0.9105050138939229,0.30597236142605216,5.034640637509857,4.285513141390413,93,0.3655913978494624,2.8288557135447374,126.4831233639937,126.12910232239369,5131,0.5303059832391347,1.5871950501502072,18.96742135442074,18.884155881698714,28070,0.9781973637335233,0.08013248026835343,2.890202127894369,2.0206687485621764,18178,0.8500935196391242,0.5022681109745956,6.400183009804281,6.31051327891822,0.7011865059970412,2.061219166000228,"[""y@t"", ""throughput_2@t"", ""throughput_2@t-1"", ""buffer_size_3@t""]",4,50,6250000.0,5707,0.11840004819131954,4.627330502093311,7.7230718450874685
"ar_order=2,n_bins=50,on_change=chain,other_lags=2",ar,5,166718,33201,0.8472636366374506,0.5943110392701321,6.4292395659558075,5.541845404024391,33108,0.8491905279690709,0.574176861942982,6.052760130901417,5.163743825163316,93,0.16129032258064516,7.762078167735536,140.45591844531876,140.14600747856724,5131,0.027285129604365622,2.666926322923236,23.46516457567482,21.968468950178156,28070,0.9971499821873887,0.21545143754501359,3.3151914282690167,2.5391733194032664,18178,0.726427549785455,0.8639532707635138,7.68331133753901,6.971053200394835,0.586903959325669,2.061219166000228,"[""y@t"", ""throughput_2@t"", ""throughput_2@t-1"", ""buffer_size_3@t""]",4,50,6250000.0,5707,0.11840004819131954,4.627330502093311,7.7230718450874685
"ar_order=2,n_bins=50,on_change=chain,other_lags=2",persistence,5,166718,33201,0.8454564621547543,4.270195757532284,5.906972682153157,4.6273305020933195,33108,0.8473782771535581,4.217094046719432,5.522727847326062,4.240364866497532,93,0.16129032258064516,23.174404806907805,142.69813388059904,142.38709677419354,5131,0.0,27.631021115928547,26.5897945636685,25.006236601052425,28070,1.0,0.0,2.1262972609185575,0.9022087638047839,18178,0.7220266255913742,7.680688177950652,8.295814485520427,7.7230718450874685,0.599000207685501,2.061219166000228,"[""y@t"", ""throughput_2@t"", ""throughput_2@t-1"", ""buffer_size_3@t""]",4,50,6250000.0,5707,0.11840004819131954,4.627330502093311,7.7230718450874685
"ar_order=3,max_parents=6,n_bins=50,on_change=chain,other_lags=3,velocity=binned",model,1,33200,33558,0.806454496692294,0.7399505349528802,8.115197653995443,7.687039829973745,33464,0.8083014582835286,0.7319283178383191,7.7274157956821234,7.297798974989594,94,0.14893617021276595,3.595859827736641,146.1655392135375,146.2567842043313,6857,0.4353215691993583,2.4336028937301317,18.10371368890492,17.831522799148484,26701,0.9017639788771956,0.3050089887884812,5.5500782033616,5.081867000505515,19299,0.7558422716202912,0.9605693164154159,7.303714938161174,7.302945477312962,0.5545067648927262,0.6112068339989492,"[""y@t"", ""throughput_2@t"", ""throughput_2@t-1""]",3,50,125000.0,845,0.15653495440729484,4.986888372370225,7.9259028965231355
"ar_order=3,max_parents=6,n_bins=50,on_change=chain,other_lags=3,velocity=binned",ar,1,33200,33558,0.7179808093450146,0.9705155174927659,8.699045246805614,8.03341105664135,33464,0.7198183122161128,0.9471036297237357,8.301904659745468,7.633265087415092,94,0.06382978723404255,9.30514756326751,150.08109424021782,150.48537610118913,6857,0.06810558553303193,3.1480614777716567,19.93286218434228,18.61565461882234,26701,0.8848732257218831,0.41130677438829966,5.814123980160584,5.315818303340909,19299,0.6528835690968444,1.2158313323679988,7.897232767865246,7.43308318525767,0.4391383832500228,0.6112068339989492,"[""y@t"", ""throughput_2@t"", ""throughput_2@t-1""]",3,50,125000.0,845,0.15653495440729484,4.986888372370225,7.9259028965231355
"ar_order=3,max_parents=6,n_bins=50,on_change=chain,other_lags=3,velocity=binned",persistence,1,33200,33558,0.7956672030514333,5.645923827162586,6.1406311635010145,4.986888372370235,33464,0.7976332775519962,5.591599181122045,5.7285234143978725,4.57094190772174,94,0.09574468085106383,24.985497817594958,152.85098984421973,153.06382978723406,6857,0.0,27.631021115928547,22.029718219358642,20.565115939915415,26701,1.0,0.0,2.06020458988895,0.9862926482154333,19299,0.6491009896885849,9.695697963473139,8.360962159586489,7.9259028965231355,0.5604510094152217,0.6112068339989492,"[""y@t"", ""throughput_2@t"", ""throughput_2@t-1""]",3,50,125000.0,845,0.15653495440729484,4.986888372370225,7.9259028965231355
"ar_order=3,max_parents=6,n_bins=50,on_change=chain,other_lags=3,velocity=binned",model,2,66758,33201,0.8331375560977079,0.6070363462611045,6.542585408164859,5.996503659807857,33108,0.8350851757883291,0.5990470288648078,6.161304506597667,5.61420753632745,93,0.13978494623655913,3.4512333393427395,142.2785863660848,142.09392361883258,7730,0.49508408796895215,1.6212831578228852,13.805150276673004,13.83685976010845,25471,0.935730831141298,0.29923029807404605,4.338524851705827,3.61709363839827,20321,0.7819989173761134,0.6896789660156376,6.171646569844735,6.2659754193104265,0.6005621447978501,1.7251511249996838,"[""y@t"", ""throughput_2@t"", ""throughput_2@t-1"", ""throughput_2@t-2""]",4,50,6250000.0,2666,0.15186289569591277,4.608656365772116,6.818069976871217
"ar_order=3,max_parents=6,n_bins=50,on_change=chain,other_lags=3,velocity=binned",ar,2,66758,33201,0.7325984157103702,0.9171399710491813,7.373741669393243,6.540276144397076,33108,0.7342636220852966,0.8944300371863646,6.959766543001009,6.124044761382648,93,0.13978494623655913,9.001876426211929,154.74888666502878,154.7186484975335,7730,0.0445019404915912,2.482124835829431,16.107731931463135,14.89463439446438,25471,0.9414235797573711,0.44219462124935666,4.723129415229675,4.004875521216979,20321,0.6342207568525171,1.0433943826387624,6.954882050202841,6.479633346249394,0.47865510435458447,1.7251511249996838,"[""y@t"", ""throughput_2@t"", ""throughput_2@t-1"", ""throughput_2@t-2""]",4,50,6250000.0,2666,0.15186289569591277,4.608656365772116,6.818069976871217
"ar_order=3,max_parents=6,n_bins=50,on_change=chain,other_lags=3,velocity=binned",persistence,2,66758,33201,0.7671756874792928,6.433173495561208,5.677276858106787,4.608656365772123,33108,0.7689380210221095,6.384478420226332,5.256456302101787,4.184789174821803,93,0.13978494623655913,23.76862031477724,155.48939479588694,155.50537634408602,7730,0.0,27.63102111592855,17.791637839021295,16.433764553686935,25471,1.0,0.0,2.000781613221658,1.0199442503239073,20321,0.6235421485163132,10.401914843602842,7.227764413554053,6.818069976871217,0.5592495592514928,1.7251511249996838,"[""y@t"", ""throughput_2@t"", ""throughput_2@t-1"", ""throughput_2@t-2""]",4,50,6250000.0,2666,0.15186289569591277,4.608656365772116,6.818069976871217
"ar_order=3,max_parents=6,n_bins=50,on_change=chain,other_lags=3,velocity=binned",model,3,99959,33201,0.8582271618324749,0.49975051504900875,5.2881852842427435,4.662425145114179,33108,0.8598526036003383,0.49185336756307596,4.9201190051161126,4.292022853787806,93,0.27956989247311825,3.3111350200411294,136.31978065332345,136.5256408573032,7313,0.5544920005469711,1.5442462215105852,14.08259449126803,14.217250483681498,25888,0.9440281211372065,0.20469500279029798,2.803886978812586,1.9633198569133608,19992,0.8037214885954381,0.6471400418941757,6.111848260618486,6.162022221045666,0.5959138766032551,1.843019624999215,"[""y@t"", ""throughput_2@t"", ""throughput_2@t-1""]",3,50,125000.0,1813,0.08650341857172977,4.94388723231228,7.444927971188475
"ar_order=3,max_parents=6,n_bins=50,on_change=chain,other_lags=3,velocity=binned",ar,3,99959,33201,0.7703984819734345,0.8172758606999346,6.458884894336006,5.391391638326153,33108,0.7723812975715839,0.7950338825141621,6.015232425849335,4.9451891204019764,93,0.06451612903225806,8.735420094834907,164.39916367559144,164.239488019333,7313,0.01859701900724737,2.5891284823324927,17.906942924230105,16.517091802953658,25888,0.9827719406674907,0.3167521345720412,3.2249676982368287,2.2485360564379824,19992,0.6438575430172069,1.0564925657790885,7.455650921751329,6.7030807869050335,0.49207223845002696,1.843019624999215,"[""y@t"", ""throughput_2@t"", ""throughput_2@t-1""]",3,50,125000.0,1813,0.08650341857172977,4.94388723231228,7.444927971188475
"ar_order=3,max_parents=6,n_bins=50,on_change=chain,other_lags=3,velocity=binned",persistence,3,99959,33201,0.7797355501340321,6.086131665334944,6.174888903913046,4.9438872323122895,33108,0.7817445934517337,6.030619747000715,5.729390879046296,4.495559985502003,93,0.06451612903225806,25.848374592320244,164.77218575647626,164.5483870967742,7313,0.0,27.631021115928547,20.32946219700618,18.842609052372488,25888,1.0,0.0,2.1764187829152832,1.0176915945611988,19992,0.6385554221688675,9.9870827622899,8.055241529817684,7.444927971188475,0.5368484213669686,1.843019624999215,"[""y@t"", ""throughput_2@t"", ""throughput_2@t-1""]",3,50,125000.0,1813,0.08650341857172977,4.94388723231228,7.444927971188475
"ar_order=3,max_parents=6,n_bins=50,on_change=chain,other_lags=3,velocity=binned",model,4,133160,33558,0.8640562608021932,0.4418382588647178,5.675616855429816,5.118288995073162,33464,0.8656167822137222,0.433982841197048,5.347061150467855,4.787743503452266,94,0.30851063829787234,3.2383669485551367,122.64144782188795,122.79248401211211,7407,0.4945321992709599,1.644763395023035,15.968462288691564,16.124047387027073,26151,0.968720125425414,0.10112216833186415,2.760274951710273,2.0010218768290167,18970,0.7780706378492356,0.7114666341357216,7.20665848754161,7.271599442756887,0.6095135074222947,3.270040625000547,"[""y@t"", ""throughput_2@t"", ""throughput_2@t-1"", ""throughput_2@t-2""]",4,50,6250000.0,4234,0.11621669944573575,5.052863698670958,8.242224565102793
"ar_order=3,max_parents=6,n_bins=50,on_change=chain,other_lags=3,velocity=binned",ar,4,133160,33558,0.7838071398772275,0.7464284756594431,6.367557779185415,5.628185077278612,33464,0.7855606024384413,0.7241402824799402,5.991201238653576,5.250222750583262,94,0.1595744680851064,8.6810252475625,140.35048620851978,140.18277338082294,7407,0.0371270419873093,2.5835511939041105,18.72556852586838,17.27324173801377,26151,0.9952965469771711,0.2260824860591124,2.8672791817826124,2.329843343269767,18970,0.6237216657880864,1.0983511346422106,8.119812577175798,7.4248361918451815,0.5191341856127449,3.270040625000547,"[""y@t"", ""throughput_2@t"", ""throughput_2@t-1"", ""throughput_2@t-2""]",4,50,6250000.0,4234,0.11621669944573575,5.052863698670958,8.242224565102793
"ar_order=3,max_parents=6,n_bins=50,on_change=chain,other_lags=3,velocity=binned",persistence,4,133160,33558,0.7792776685142142,6.098783402040728,6.288261746258592,5.052863698670967,33464,0.7810184078412622,6.050684996937735,5.909724988466333,4.672334448960085,94,0.1595744680851064,23.221815618705904,141.0473475203031,140.5212765957447,7407,0.0,27.63102111592855,21.20298317402532,19.632779802889157,26151,1.0,0.0,2.063821318914775,0.9232534128714127,18970,0.6137058513442277,10.673701778467285,8.900384734799818,8.242224565102793,0.5391515320147137,3.270040625000547,"[""y@t"", ""throughput_2@t"", ""throughput_2@t-1"", ""throughput_2@t-2""]",4,50,6250000.0,4234,0.11621669944573575,5.052863698670958,8.242224565102793
"ar_order=3,max_parents=6,n_bins=50,on_change=chain,other_lags=3,velocity=binned",model,5,166718,33201,0.9089786452215295,0.3130392615720428,5.374832465875358,4.626811710524875,33108,0.9105050138939229,0.30597236142605216,5.034640637509857,4.285513141390413,93,0.3655913978494624,2.8288557135447374,126.4831233639937,126.12910232239369,5131,0.5303059832391347,1.5871950501502072,18.96742135442074,18.884155881698714,28070,0.9781973637335233,0.08013248026835343,2.890202127894369,2.0206687485621764,18178,0.8500935196391242,0.5022681109745956,6.400183009804281,6.31051327891822,0.7011865059970412,4.594764584000586,"[""y@t"", ""throughput_2@t"", ""throughput_2@t-1"", ""buffer_size_3@t""]",4,50,6250000.0,5707,0.11840004819131954,4.627330502093311,7.7230718450874685
"ar_order=3,max_parents=6,n_bins=50,on_change=chain,other_lags=3,velocity=binned",ar,5,166718,33201,0.8472636366374506,0.5943110392701321,6.4292395659558075,5.541845404024391,33108,0.8491905279690709,0.574176861942982,6.052760130901417,5.163743825163316,93,0.16129032258064516,7.762078167735536,140.45591844531876,140.14600747856724,5131,0.027285129604365622,2.666926322923236,23.46516457567482,21.968468950178156,28070,0.9971499821873887,0.21545143754501359,3.3151914282690167,2.5391733194032664,18178,0.726427549785455,0.8639532707635138,7.68331133753901,6.971053200394835,0.586903959325669,4.594764584000586,"[""y@t"", ""throughput_2@t"", ""throughput_2@t-1"", ""buffer_size_3@t""]",4,50,6250000.0,5707,0.11840004819131954,4.627330502093311,7.7230718450874685
"ar_order=3,max_parents=6,n_bins=50,on_change=chain,other_lags=3,velocity=binned",persistence,5,166718,33201,0.8454564621547543,4.270195757532284,5.906972682153157,4.6273305020933195,33108,0.8473782771535581,4.217094046719432,5.522727847326062,4.240364866497532,93,0.16129032258064516,23.174404806907805,142.69813388059904,142.38709677419354,5131,0.0,27.631021115928547,26.5897945636685,25.006236601052425,28070,1.0,0.0,2.1262972609185575,0.9022087638047839,18178,0.7220266255913742,7.680688177950652,8.295814485520427,7.7230718450874685,0.599000207685501,4.594764584000586,"[""y@t"", ""throughput_2@t"", ""throughput_2@t-1"", ""buffer_size_3@t""]",4,50,6250000.0,5707,0.11840004819131954,4.627330502093311,7.7230718450874685
"granularity=30,n_bins=4",model,1,929,940,0.9042553191489362,0.36924888851084886,39.96841020505215,23.351253954717375,846,0.9550827423167849,0.19002872723823488,29.70477456918795,11.461346316117579,94,0.44680851063829785,1.982230339964375,132.34113092782985,130.36042270211553,90,0.0,3.3753140807327946,173.84786744831993,156.04205396114236,850,1.0,0.050959632863819306,25.79293826164732,9.301639836390024,660,0.9424242424242424,0.2126877997177656,27.397842300804857,10.601291233765256,0.8532166827138592,0.0054577920000156155,"[""y@t"", ""avg_p_latency_2@t"", ""data_quality_2@t+h"", ""throughput_2@t""]",4,4,640.0,76,0.06595744680851064,19.709148936170212,7.9216161616161616
"granularity=30,n_bins=4",ar,1,929,940,0.9042553191489362,0.4053359333730239,41.629474068885365,28.244382781817656,846,0.9550827423167849,0.2246703644469472,30.964506115119615,16.28952482340791,94,0.44680851063829785,2.0313260537077142,137.61418565277705,135.8381044075053,90,0.0,3.4160477825488775,179.6441085705555,161.56216295037322,850,1.0,0.08655467875440405,27.01615982753205,14.128382528676473,660,0.9424242424242424,0.24549619992154398,28.769984369445513,15.08096083440791,0.8532166827138592,0.0054577920000156155,"[""y@t"", ""avg_p_latency_2@t"", ""data_quality_2@t+h"", ""throughput_2@t""]",4,4,640.0,76,0.06595744680851064,19.709148936170212,7.9216161616161616
"granularity=30,n_bins=4",persistence,1,929,940,0.9042553191489362,2.6455232983335843,40.37165006401209,19.70914893617022,846,0.9550827423167849,1.241109695514521,28.84711485025495,6.179984239558716,94,0.44680851063829785,15.285245723705154,144.09246698782636,141.47163120567376,90,0.0,27.631021115928544,191.06300836992799,172.2062962962963,850,1.0,0.0,24.41609447867982,3.562392156862753,660,0.9424242424242424,1.5908769733413406,28.53463219493918,7.921616161616162,0.8532166827138592,0.0054577920000156155,"[""y@t"", ""avg_p_latency_2@t"", ""data_quality_2@t+h"", ""throughput_2@t""]",4,4,640.0,76,0.06595744680851064,19.709148936170212,7.9216161616161616
"granularity=30,n_bins=4",model,2,1869,930,0.910752688172043,0.31031515539288795,43.074109194146295,26.387454067448655,837,0.96415770609319,0.14787640373828856,32.12606491032194,13.849889828535439,93,0.43010752688172044,1.7722639202842823,141.60650774856558,139.2255322176676,83,0.0,2.850814961589054,187.08676472924503,176.72077374454292,847,1.0,0.061364170842378156,28.96188911219448,11.65585367406161,675,0.9555555555555556,0.16756819209086718,29.54705167296339,14.113442364496718,0.8653549499620916,0.007611499999256921,"[""y@t"", ""data_quality_1@t+h"", ""rps@t+h""]",3,4,160.0,98,0.06344086021505377,21.487670250896056,8.24404938271605
"granularity=30,n_bins=4",ar,2,1869,930,0.910752688172043,0.3810094013448451,45.389454157231576,30.957904844442314,837,0.96415770609319,0.19153974239008784,33.366108402869216,17.601436860351225,93,0.43010752688172044,2.0862363319376596,153.5995659464929,151.16611670126215,83,0.0,3.3871440989508828,205.75219096454111,195.08875669665295,847,1.0,0.08642949591237613,29.675041931721907,14.8742440372009,675,0.9555555555555556,0.20595219754153335,31.199271077828296,16.74131284946448,0.8653549499620916,0.007611499999256921,"[""y@t"", ""data_quality_1@t+h"", ""rps@t+h""]",3,4,160.0,98,0.06344086021505377,21.487670250896056,8.24404938271605
"granularity=30,n_bins=4",persistence,2,1869,930,0.910752688172043,2.4659943576581393,44.40029442288751,21.487670250896066,837,0.96415770609319,0.9903591797823852,31.698815950751673,6.648426921545208,93,0.43010752688172044,15.746710958539923,158.71360067211,155.04086021505375,83,0.0,27.631021115928544,216.5032431591265,205.6032128514056,847,1.0,0.0,27.53542459395263,3.445651318378598,675,0.9555555555555556,1.2280453829301576,29.34807482653551,8.24404938271605,0.8653549499620916,0.007611499999256921,"[""y@t"", ""data_quality_1@t+h"", ""rps@t+h""]",3,4,160.0,98,0.06344086021505377,21.487670250896056,8.24404938271605
"granularity=30,n_bins=4",model,3,2799,930,0.8978494623655914,0.3400729040115976,44.73621351755573,25.99934862389996,837,0.955794504181601,0.19223052385832087,33.404935176828175,12.625244789064247,93,0.3763440860215054,1.670654325391088,146.7177185841038,146.36628313742136,95,0.0,2.8207554672727864,177.6258481312563,166.71498563770496,835,1.0,0.057839558490863516,29.61703353156586,9.989785131311367,668,0.9446107784431138,0.2224235808123895,31.010895362388993,13.52316019433852,0.8451361839713272,0.011022750000847736,"[""y@t"", ""data_quality_3@t+h"", ""throughput_2@t"", ""avg_p_latency_3@t""]",4,4,576.0,113,0.015053763440860216,24.001756272401433,9.868662674650698
"granularity=30,n_bins=4",ar,3,2799,930,0.8978494623655914,0.4155429281641037,47.75614644546481,31.945105782897745,837,0.955794504181601,0.223592426523984,34.87630253351228,17.485542327819058,93,0.3763440860215054,2.1430974429251806,163.6747416530376,162.0811768786059,95,0.0,3.2706299315122362,198.66236793273228,186.49688828593796,835,1.0,0.09071267029814842,30.587175138530196,14.361370049018914,668,0.9446107784431138,0.24711419355882125,32.024684679490804,17.638382091132623,0.8451361839713272,0.011022750000847736,"[""y@t"", ""data_quality_3@t+h"", ""throughput_2@t"", ""avg_p_latency_3@t""]",4,4,576.0,113,0.015053763440860216,24.001756272401433,9.868662674650698
"granularity=30,n_bins=4",persistence,3,2799,930,0.8978494623655914,2.8225236623797976,46.02971214291406,24.001756272401437,837,0.955794504181601,1.2214429883982751,32.25945284691293,7.876065312624454,93,0.3763440860215054,17.2322497282135,169.9620458069242,169.13297491039427,95,0.0,27.63102111592854,212.18651739074883,199.2736842105263,835,1.0,0.0,27.125644479986743,4.060638722554893,668,0.9446107784431138,1.530460750433168,30.132944872379046,9.868662674650698,0.8451361839713272,0.011022750000847736,"[""y@t"", ""data_quality_3@t+h"", ""throughput_2@t"", ""avg_p_latency_3@t""]",4,4,576.0,113,0.015053763440860216,24.001756272401433,9.868662674650698
"granularity=30,n_bins=4",model,4,3729,940,0.9159574468085107,0.2707737611871973,39.98074912439991,23.070583841144934,846,0.9645390070921985,0.14926423574823322,31.435796782084115,12.780506155606805,94,0.4787234042553192,1.3643594901378746,116.88532020524194,115.6812830109881,79,0.0,2.486901606889922,158.26064707710447,149.0568051046724,861,1.0,0.06743566616917736,29.12812201840262,11.51087248247052,639,0.9530516431924883,0.1746922323389023,28.698220840731974,13.791086030278137,0.8766710725903404,0.012372415998470387,"[""y@t"", ""data_quality_1@t+h"", ""rps@t+h"", ""data_quality_2@t+h""]",4,4,1600.0,313,0.1478723404255319,19.269822695035458,7.43922796035472
"granularity=30,n_bins=4",ar,4,3729,940,0.9159574468085107,0.3676398672317233,43.00389589152071,30.253644055486742,846,0.9645390070921985,0.2020453448056597,32.436223156304806,18.25234386764382,94,0.4787234042553192,1.8579905690662961,138.11295050846388,138.26534574607305,79,0.0,3.285310409743298,188.27265619525602,176.68444684448846,861,1.0,0.09993258168188093,29.674938790481118,16.818065170084722,639,0.9530516431924883,0.21996149995218814,29.979693231173133,16.682127509030426,0.8766710725903404,0.012372415998470387,"[""y@t"", ""data_quality_1@t+h"", ""rps@t+h"", ""data_quality_2@t+h""]",4,4,1600.0,313,0.1478723404255319,19.269822695035458,7.43922796035472
"granularity=30,n_bins=4",persistence,4,3729,940,0.9159574468085107,2.322181561870591,41.95958898006021,19.269822695035465,846,0.9645390070921985,0.9798234438272535,30.59199777664184,5.618991331757299,94,0.4787234042553192,14.403404624260624,144.26790981082556,142.127304964539,79,0.0,27.631021115928537,202.02435352851228,188.6286919831224,861,1.0,0.0,27.27304263937761,3.7305071622144887,639,0.9530516431924883,1.2972310383065047,28.635885292802357,7.439227960354723,0.8766710725903404,0.012372415998470387,"[""y@t"", ""data_quality_1@t+h"", ""rps@t+h"", ""data_quality_2@t+h""]",4,4,1600.0,313,0.1478723404255319,19.269822695035458,7.43922796035472
"granularity=30,n_bins=4",model,5,4669,930,0.9225806451612903,0.276429747393569,40.676045905109405,20.366624856481707,837,0.972520908004779,0.13139281263282265,32.124831606073236,9.916345930064567,93,0.4731182795698925,1.5817621602402858,117.63697459643495,114.41913519423595,72,0.0,3.0036674184207945,178.87463644134232,170.65782843210582,858,1.0,0.047570642132543126,29.078961384586368,7.754775605380382,638,0.9639498432601881,0.1511728539100161,29.949624450720204,10.176439749382897,0.8882648898054304,0.014807249999648775,"[""y@t"", ""data_quality_1@t+h"", ""rps@t+h"", ""avg_p_latency_1@t""]",4,4,640.0,272,0.03763440860215054,18.861541218637992,8.770637408568442
"granularity=30,n_bins=4",ar,5,4669,930,0.9225806451612903,0.3457961287234836,44.74139671261271,28.010413116390495,837,0.972520908004779,0.18050170906886742,35.38603326918013,17.201866089487506,93,0.4731182795698925,1.8334459056150285,128.93966770350596,125.28733635851744,72,0.0,3.2906713836296766,194.22564922928504,186.0088412200485,858,1.0,0.0986737297103765,32.19726363429056,14.75180376503458,638,0.9639498432601881,0.18914879183087674,32.938439311319115,16.972213619320186,0.8882648898054304,0.014807249999648775,"[""y@t"", ""data_quality_1@t+h"", ""rps@t+h"", ""avg_p_latency_1@t""]",4,4,640.0,272,0.03763440860215054,18.861541218637992,8.770637408568442
"granularity=30,n_bins=4",persistence,5,4669,930,0.9225806451612903,2.139175828329952,42.243664839605884,18.861541218637996,837,0.972520908004779,0.7592753711664953,32.09904030846107,6.685384309040226,93,0.4731182795698925,14.558279942801061,133.54528561990924,128.44695340501798,72,0.0,27.631021115928547,208.08393763886613,199.86712962962963,858,1.0,0.0,28.32699859071691,3.672261072261077,638,0.9639498432601881,0.9961026421102768,31.385772602387323,8.770637408568442,0.8882648898054304,0.014807249999648775,"[""y@t"", ""data_quality_1@t+h"", ""rps@t+h"", ""avg_p_latency_1@t""]",4,4,640.0,272,0.03763440860215054,18.861541218637992,8.770637408568442
"ar_order=2,granularity=30,n_bins=4,on_change=chain,other_lags=2",model,1,929,940,0.9148936170212766,0.294501774928185,39.064063658182924,22.6565211933653,846,0.9550827423167849,0.19132198677686546,29.64848153221513,11.348462468541397,94,0.5531914893617021,1.2231198682900621,123.804302791893,124.42904971678041,90,0.2222222222222222,2.2449223732207932,127.57969790897636,113.24902002758246,850,0.9882352941176471,0.08798665275602657,29.69182003162832,13.064374257977597,660,0.9424242424242424,0.21405183757167642,27.294779759569284,10.434515760548246,0.8567976042116856,0.008826332999888109,"[""y@t"", ""avg_p_latency_2@t-1"", ""data_quality_2@t+h"", ""throughput_2@t""]",4,4,640.0,76,0.06170212765957447,19.709148936170212,7.9216161616161616
"ar_order=2,granularity=30,n_bins=4,on_change=chain,other_lags=2",ar,1,929,940,0.9042553191489362,0.4053359333730239,41.629474068885365,28.244382781817656,846,0.9550827423167849,0.2246703644469472,30.964506115119615,16.28952482340791,94,0.44680851063829785,2.0313260537077142,137.61418565277705,135.8381044075053,90,0.0,3.4160477825488775,179.6441085705555,161.56216295037322,850,1.0,0.08655467875440405,27.01615982753205,14.128382528676473,660,0.9424242424242424,0.24549619992154398,28.769984369445513,15.08096083440791,0.8532166827138592,0.008826332999888109,"[""y@t"", ""avg_p_latency_2@t-1"", ""data_quality_2@t+h"", ""throughput_2@t""]",4,4,640.0,76,0.06170212765957447,19.709148936170212,7.9216161616161616
"ar_order=2,granularity=30,n_bins=4,on_change=chain,other_lags=2",persistence,1,929,940,0.9042553191489362,2.6455232983335843,40.37165006401209,19.70914893617022,846,0.9550827423167849,1.241109695514521,28.84711485025495,6.179984239558716,94,0.44680851063829785,15.285245723705154,144.09246698782636,141.47163120567376,90,0.0,27.631021115928544,191.06300836992799,172.2062962962963,850,1.0,0.0,24.41609447867982,3.562392156862753,660,0.9424242424242424,1.5908769733413406,28.53463219493918,7.921616161616162,0.8532166827138592,0.008826332999888109,"[""y@t"", ""avg_p_latency_2@t-1"", ""data_quality_2@t+h"", ""throughput_2@t""]",4,4,640.0,76,0.06170212765957447,19.709148936170212,7.9216161616161616
"ar_order=2,granularity=30,n_bins=4,on_change=chain,other_lags=2",model,2,1869,930,0.9376344086021505,0.22729298283234117,39.10150005631759,23.04464603617456,837,0.96415770609319,0.14787640373828856,32.12606491032194,13.849889828535439,93,0.6989247311827957,0.9420421946788146,101.88041637027854,105.7974519049266,83,0.40963855421686746,1.6440388561196964,117.22859076484427,112.82883947557536,847,0.9893742621015348,0.08846192323039251,31.445598605541072,14.24643109465122,675,0.9555555555555556,0.16756819209086718,29.54705167296339,14.113442364496718,0.8986922212310813,0.012759208999341354,"[""y@t"", ""data_quality_1@t+h"", ""rps@t+h""]",3,4,160.0,98,0.06344086021505377,21.487670250896056,8.24404938271605
"ar_order=2,granularity=30,n_bins=4,on_change=chain,other_lags=2",ar,2,1869,930,0.910752688172043,0.3810094013448451,45.389454157231576,30.957904844442314,837,0.96415770609319,0.19153974239008784,33.366108402869216,17.601436860351225,93,0.43010752688172044,2.0862363319376596,153.5995659464929,151.16611670126215,83,0.0,3.3871440989508828,205.75219096454111,195.08875669665295,847,1.0,0.08642949591237613,29.675041931721907,14.8742440372009,675,0.9555555555555556,0.20595219754153335,31.199271077828296,16.74131284946448,0.8653549499620916,0.012759208999341354,"[""y@t"", ""data_quality_1@t+h"", ""rps@t+h""]",3,4,160.0,98,0.06344086021505377,21.487670250896056,8.24404938271605
"ar_order=2,granularity=30,n_bins=4,on_change=chain,other_lags=2",persistence,2,1869,930,0.910752688172043,2.4659943576581393,44.40029442288751,21.487670250896066,837,0.96415770609319,0.9903591797823852,31.698815950751673,6.648426921545208,93,0.43010752688172044,15.746710958539923,158.71360067211,155.04086021505375,83,0.0,27.631021115928544,216.5032431591265,205.6032128514056,847,1.0,0.0,27.53542459395263,3.445651318378598,675,0.9555555555555556,1.2280453829301576,29.34807482653551,8.24404938271605,0.8653549499620916,0.012759208999341354,"[""y@t"", ""data_quality_1@t+h"", ""rps@t+h""]",3,4,160.0,98,0.06344086021505377,21.487670250896056,8.24404938271605
"ar_order=2,granularity=30,n_bins=4,on_change=chain,other_lags=2",model,3,2799,930,0.932258064516129,0.266015268541783,39.94447497638352,21.556293200821248,837,0.955794504181601,0.19223052385832087,33.404935176828175,12.625244789064247,93,0.7204301075268817,0.9300779706929416,98.80033317238164,101.93572890663424,95,0.3894736842105263,2.0116996508167886,123.27231104163295,114.75147057985697,835,0.9940119760479041,0.06740447055839914,30.464062489918014,10.95324906787706,668,0.9446107784431138,0.2224235808123895,31.010895362388993,13.52316019433852,0.8857796649986578,0.017493082999862963,"[""y@t"", ""data_quality_3@t+h"", ""throughput_2@t"", ""avg_p_latency_3@t""]",4,4,576.0,113,0.015053763440860216,24.001756272401433,9.868662674650698
"ar_order=2,granularity=30,n_bins=4,on_change=chain,other_lags=2",ar,3,2799,930,0.8978494623655914,0.4155429281641037,47.75614644546481,31.945105782897745,837,0.955794504181601,0.223592426523984,34.87630253351228,17.485542327819058,93,0.3763440860215054,2.1430974429251806,163.6747416530376,162.0811768786059,95,0.0,3.2706299315122362,198.66236793273228,186.49688828593796,835,1.0,0.09071267029814842,30.587175138530196,14.361370049018914,668,0.9446107784431138,0.24711419355882125,32.024684679490804,17.638382091132623,0.8451361839713272,0.017493082999862963,"[""y@t"", ""data_quality_3@t+h"", ""throughput_2@t"", ""avg_p_latency_3@t""]",4,4,576.0,113,0.015053763440860216,24.001756272401433,9.868662674650698
"ar_order=2,granularity=30,n_bins=4,on_change=chain,other_lags=2",persistence,3,2799,930,0.8978494623655914,2.8225236623797976,46.02971214291406,24.001756272401437,837,0.955794504181601,1.2214429883982751,32.25945284691293,7.876065312624454,93,0.3763440860215054,17.2322497282135,169.9620458069242,169.13297491039427,95,0.0,27.63102111592854,212.18651739074883,199.2736842105263,835,1.0,0.0,27.125644479986743,4.060638722554893,668,0.9446107784431138,1.530460750433168,30.132944872379046,9.868662674650698,0.8451361839713272,0.017493082999862963,"[""y@t"", ""data_quality_3@t+h"", ""throughput_2@t"", ""avg_p_latency_3@t""]",4,4,576.0,113,0.015053763440860216,24.001756272401433,9.868662674650698
"ar_order=2,granularity=30,n_bins=4,on_change=chain,other_lags=2",model,4,3729,940,0.95,0.21466433905604757,35.26047453743533,18.749173436717793,846,0.9645390070921985,0.14926423574823322,31.435796782084115,12.780506155606805,94,0.8191489361702128,0.803265268826377,69.68257433559621,72.46717896671666,79,0.46835443037974683,1.695996597372412,89.33899242829405,84.28242121098849,861,0.9941927990708479,0.07874651279937771,30.298566391816465,12.736250586349167,639,0.9530516431924883,0.1746922323389023,28.698220840731974,13.791086030278137,0.915018036913414,0.0202101249997213,"[""y@t"", ""data_quality_1@t+h"", ""rps@t+h"", ""data_quality_2@t+h""]",4,4,1600.0,313,0.1478723404255319,19.269822695035458,7.43922796035472
"ar_order=2,granularity=30,n_bins=4,on_change=chain,other_lags=2",ar,4,3729,940,0.9159574468085107,0.3676398672317233,43.00389589152071,30.253644055486742,846,0.9645390070921985,0.2020453448056597,32.436223156304806,18.25234386764382,94,0.4787234042553192,1.8579905690662961,138.11295050846388,138.26534574607305,79,0.0,3.285310409743298,188.27265619525602,176.68444684448846,861,1.0,0.09993258168188093,29.674938790481118,16.818065170084722,639,0.9530516431924883,0.21996149995218814,29.979693231173133,16.682127509030426,0.8766710725903404,0.0202101249997213,"[""y@t"", ""data_quality_1@t+h"", ""rps@t+h"", ""data_quality_2@t+h""]",4,4,1600.0,313,0.1478723404255319,19.269822695035458,7.43922796035472
"ar_order=2,granularity=30,n_bins=4,on_change=chain,other_lags=2",persistence,4,3729,940,0.9159574468085107,2.322181561870591,41.95958898006021,19.269822695035465,846,0.9645390070921985,0.9798234438272535,30.59199777664184,5.618991331757299,94,0.4787234042553192,14.403404624260624,144.26790981082556,142.127304964539,79,0.0,27.631021115928537,202.02435352851228,188.6286919831224,861,1.0,0.0,27.27304263937761,3.7305071622144887,639,0.9530516431924883,1.2972310383065047,28.635885292802357,7.439227960354723,0.8766710725903404,0.0202101249997213,"[""y@t"", ""data_quality_1@t+h"", ""rps@t+h"", ""data_quality_2@t+h""]",4,4,1600.0,313,0.1478723404255319,19.269822695035458,7.43922796035472
"ar_order=2,granularity=30,n_bins=4,on_change=chain,other_lags=2",model,5,4669,930,0.953763440860215,0.19671012697687823,37.04205751060879,17.86388114405417,837,0.972520908004779,0.1311092226894269,32.145945199054445,9.965617884365724,93,0.7849462365591398,0.7871182655639404,81.10706831459781,88.9482504812502,72,0.5138888888888888,1.6092738646872986,108.33633981808133,109.39445012472672,858,0.9906759906759907,0.07817330982635343,31.059320533757944,10.182994236585147,638,0.9639498432601881,0.1509546876018767,30.020930939773216,10.245826512606383,0.9194189609889527,0.023421374999088584,"[""y@t"", ""data_quality_1@t+h"", ""rps@t+h"", ""avg_p_latency_1@t-1""]",4,4,640.0,276,0.024731182795698924,18.861541218637992,8.770637408568442
"ar_order=2,granularity=30,n_bins=4,on_change=chain,other_lags=2",ar,5,4669,930,0.9225806451612903,0.3457961287234836,44.74139671261271,28.010413116390495,837,0.972520908004779,0.18050170906886742,35.38603326918013,17.201866089487506,93,0.4731182795698925,1.8334459056150285,128.93966770350596,125.28733635851744,72,0.0,3.2906713836296766,194.22564922928504,186.0088412200485,858,1.0,0.0986737297103765,32.19726363429056,14.75180376503458,638,0.9639498432601881,0.18914879183087674,32.938439311319115,16.972213619320186,0.8882648898054304,0.023421374999088584,"[""y@t"", ""data_quality_1@t+h"", ""rps@t+h"", ""avg_p_latency_1@t-1""]",4,4,640.0,276,0.024731182795698924,18.861541218637992,8.770637408568442
"ar_order=2,granularity=30,n_bins=4,on_change=chain,other_lags=2",persistence,5,4669,930,0.9225806451612903,2.139175828329952,42.243664839605884,18.861541218637996,837,0.972520908004779,0.7592753711664953,32.09904030846107,6.685384309040226,93,0.4731182795698925,14.558279942801061,133.54528561990924,128.44695340501798,72,0.0,27.631021115928547,208.08393763886613,199.86712962962963,858,1.0,0.0,28.32699859071691,3.672261072261077,638,0.9639498432601881,0.9961026421102768,31.385772602387323,8.770637408568442,0.8882648898054304,0.023421374999088584,"[""y@t"", ""data_quality_1@t+h"", ""rps@t+h"", ""avg_p_latency_1@t-1""]",4,4,640.0,276,0.024731182795698924,18.861541218637992,8.770637408568442
"ar_order=3,granularity=30,max_parents=6,n_bins=4,on_change=chain,other_lags=3,velocity=binned",model,1,929,940,0.9148936170212766,0.294501774928185,39.064063658182924,22.6565211933653,846,0.9550827423167849,0.19132198677686546,29.64848153221513,11.348462468541397,94,0.5531914893617021,1.2231198682900621,123.804302791893,124.42904971678041,90,0.2222222222222222,2.2449223732207932,127.57969790897636,113.24902002758246,850,0.9882352941176471,0.08798665275602657,29.69182003162832,13.064374257977597,660,0.9424242424242424,0.21405183757167642,27.294779759569284,10.434515760548246,0.8567976042116856,0.01801987499857205,"[""y@t"", ""avg_p_latency_2@t-1"", ""data_quality_2@t+h"", ""throughput_2@t""]",4,4,640.0,76,0.06170212765957447,19.709148936170212,7.9216161616161616
"ar_order=3,granularity=30,max_parents=6,n_bins=4,on_change=chain,other_lags=3,velocity=binned",ar,1,929,940,0.9042553191489362,0.4053359333730239,41.629474068885365,28.244382781817656,846,0.9550827423167849,0.2246703644469472,30.964506115119615,16.28952482340791,94,0.44680851063829785,2.0313260537077142,137.61418565277705,135.8381044075053,90,0.0,3.4160477825488775,179.6441085705555,161.56216295037322,850,1.0,0.08655467875440405,27.01615982753205,14.128382528676473,660,0.9424242424242424,0.24549619992154398,28.769984369445513,15.08096083440791,0.8532166827138592,0.01801987499857205,"[""y@t"", ""avg_p_latency_2@t-1"", ""data_quality_2@t+h"", ""throughput_2@t""]",4,4,640.0,76,0.06170212765957447,19.709148936170212,7.9216161616161616
"ar_order=3,granularity=30,max_parents=6,n_bins=4,on_change=chain,other_lags=3,velocity=binned",persistence,1,929,940,0.9042553191489362,2.6455232983335843,40.37165006401209,19.70914893617022,846,0.9550827423167849,1.241109695514521,28.84711485025495,6.179984239558716,94,0.44680851063829785,15.285245723705154,144.09246698782636,141.47163120567376,90,0.0,27.631021115928544,191.06300836992799,172.2062962962963,850,1.0,0.0,24.41609447867982,3.562392156862753,660,0.9424242424242424,1.5908769733413406,28.53463219493918,7.921616161616162,0.8532166827138592,0.01801987499857205,"[""y@t"", ""avg_p_latency_2@t-1"", ""data_quality_2@t+h"", ""throughput_2@t""]",4,4,640.0,76,0.06170212765957447,19.709148936170212,7.9216161616161616
"ar_order=3,granularity=30,max_parents=6,n_bins=4,on_change=chain,other_lags=3,velocity=binned",model,2,1869,930,0.9376344086021505,0.22729298283234117,39.10150005631759,23.04464603617456,837,0.96415770609319,0.14787640373828856,32.12606491032194,13.849889828535439,93,0.6989247311827957,0.9420421946788146,101.88041637027854,105.7974519049266,83,0.40963855421686746,1.6440388561196964,117.22859076484427,112.82883947557536,847,0.9893742621015348,0.08846192323039251,31.445598605541072,14.24643109465122,675,0.9555555555555556,0.16756819209086718,29.54705167296339,14.113442364496718,0.8986922212310813,0.020553457999994862,"[""y@t"", ""data_quality_1@t+h"", ""rps@t+h""]",3,4,160.0,98,0.06344086021505377,21.487670250896056,8.24404938271605
"ar_order=3,granularity=30,max_parents=6,n_bins=4,on_change=chain,other_lags=3,velocity=binned",ar,2,1869,930,0.910752688172043,0.3810094013448451,45.389454157231576,30.957904844442314,837,0.96415770609319,0.19153974239008784,33.366108402869216,17.601436860351225,93,0.43010752688172044,2.0862363319376596,153.5995659464929,151.16611670126215,83,0.0,3.3871440989508828,205.75219096454111,195.08875669665295,847,1.0,0.08642949591237613,29.675041931721907,14.8742440372009,675,0.9555555555555556,0.20595219754153335,31.199271077828296,16.74131284946448,0.8653549499620916,0.020553457999994862,"[""y@t"", ""data_quality_1@t+h"", ""rps@t+h""]",3,4,160.0,98,0.06344086021505377,21.487670250896056,8.24404938271605
"ar_order=3,granularity=30,max_parents=6,n_bins=4,on_change=chain,other_lags=3,velocity=binned",persistence,2,1869,930,0.910752688172043,2.4659943576581393,44.40029442288751,21.487670250896066,837,0.96415770609319,0.9903591797823852,31.698815950751673,6.648426921545208,93,0.43010752688172044,15.746710958539923,158.71360067211,155.04086021505375,83,0.0,27.631021115928544,216.5032431591265,205.6032128514056,847,1.0,0.0,27.53542459395263,3.445651318378598,675,0.9555555555555556,1.2280453829301576,29.34807482653551,8.24404938271605,0.8653549499620916,0.020553457999994862,"[""y@t"", ""data_quality_1@t+h"", ""rps@t+h""]",3,4,160.0,98,0.06344086021505377,21.487670250896056,8.24404938271605
"ar_order=3,granularity=30,max_parents=6,n_bins=4,on_change=chain,other_lags=3,velocity=binned",model,3,2799,930,0.932258064516129,0.2614462565763541,39.16529961013244,21.136256126872166,837,0.955794504181601,0.1871538438967333,32.53918476988253,12.158536929120825,93,0.7204301075268817,0.9300779706929416,98.80033317238164,101.93572890663424,95,0.3894736842105263,1.9887977798707301,121.52814266271596,113.85881248776407,835,0.9940119760479041,0.06492123296801197,29.79467674786246,10.586983247489254,668,0.9446107784431138,0.21626824565422262,30.175115027383228,12.991399151882991,0.8857796649986578,0.040928833001089515,"[""y@t"", ""data_quality_3@t+h"", ""y@t-2"", ""avg_p_latency_3@t"", ""throughput_2@t"", ""throughput_2@t-1""]",6,4,9216.0,194,0.03333333333333333,24.001756272401433,9.868662674650698
"ar_order=3,granularity=30,max_parents=6,n_bins=4,on_change=chain,other_lags=3,velocity=binned",ar,3,2799,930,0.8978494623655914,0.4155429281641037,47.75614644546481,31.945105782897745,837,0.955794504181601,0.223592426523984,34.87630253351228,17.485542327819058,93,0.3763440860215054,2.1430974429251806,163.6747416530376,162.0811768786059,95,0.0,3.2706299315122362,198.66236793273228,186.49688828593796,835,1.0,0.09071267029814842,30.587175138530196,14.361370049018914,668,0.9446107784431138,0.24711419355882125,32.024684679490804,17.638382091132623,0.8451361839713272,0.040928833001089515,"[""y@t"", ""data_quality_3@t+h"", ""y@t-2"", ""avg_p_latency_3@t"", ""throughput_2@t"", ""throughput_2@t-1""]",6,4,9216.0,194,0.03333333333333333,24.001756272401433,9.868662674650698
"ar_order=3,granularity=30,max_parents=6,n_bins=4,on_change=chain,other_lags=3,velocity=binned",persistence,3,2799,930,0.8978494623655914,2.8225236623797976,46.02971214291406,24.001756272401437,837,0.955794504181601,1.2214429883982751,32.25945284691293,7.876065312624454,93,0.3763440860215054,17.2322497282135,169.9620458069242,169.13297491039427,95,0.0,27.63102111592854,212.18651739074883,199.2736842105263,835,1.0,0.0,27.125644479986743,4.060638722554893,668,0.9446107784431138,1.530460750433168,30.132944872379046,9.868662674650698,0.8451361839713272,0.040928833001089515,"[""y@t"", ""data_quality_3@t+h"", ""y@t-2"", ""avg_p_latency_3@t"", ""throughput_2@t"", ""throughput_2@t-1""]",6,4,9216.0,194,0.03333333333333333,24.001756272401433,9.868662674650698
"ar_order=3,granularity=30,max_parents=6,n_bins=4,on_change=chain,other_lags=3,velocity=binned",model,4,3729,940,0.95,0.21466433905604757,35.26047453743533,18.749173436717793,846,0.9645390070921985,0.14926423574823322,31.435796782084115,12.780506155606805,94,0.8191489361702128,0.803265268826377,69.68257433559621,72.46717896671666,79,0.46835443037974683,1.695996597372412,89.33899242829405,84.28242121098849,861,0.9941927990708479,0.07874651279937771,30.298566391816465,12.736250586349167,639,0.9530516431924883,0.1746922323389023,28.698220840731974,13.791086030278137,0.915018036913414,0.04215704200032633,"[""y@t"", ""data_quality_1@t+h"", ""rps@t+h"", ""data_quality_2@t+h""]",4,4,1600.0,313,0.1478723404255319,19.269822695035458,7.43922796035472
"ar_order=3,granularity=30,max_parents=6,n_bins=4,on_change=chain,other_lags=3,velocity=binned",ar,4,3729,940,0.9159574468085107,0.3676398672317233,43.00389589152071,30.253644055486742,846,0.9645390070921985,0.2020453448056597,32.436223156304806,18.25234386764382,94,0.4787234042553192,1.8579905690662961,138.11295050846388,138.26534574607305,79,0.0,3.285310409743298,188.27265619525602,176.68444684448846,861,1.0,0.09993258168188093,29.674938790481118,16.818065170084722,639,0.9530516431924883,0.21996149995218814,29.979693231173133,16.682127509030426,0.8766710725903404,0.04215704200032633,"[""y@t"", ""data_quality_1@t+h"", ""rps@t+h"", ""data_quality_2@t+h""]",4,4,1600.0,313,0.1478723404255319,19.269822695035458,7.43922796035472
"ar_order=3,granularity=30,max_parents=6,n_bins=4,on_change=chain,other_lags=3,velocity=binned",persistence,4,3729,940,0.9159574468085107,2.322181561870591,41.95958898006021,19.269822695035465,846,0.9645390070921985,0.9798234438272535,30.59199777664184,5.618991331757299,94,0.4787234042553192,14.403404624260624,144.26790981082556,142.127304964539,79,0.0,27.631021115928537,202.02435352851228,188.6286919831224,861,1.0,0.0,27.27304263937761,3.7305071622144887,639,0.9530516431924883,1.2972310383065047,28.635885292802357,7.439227960354723,0.8766710725903404,0.04215704200032633,"[""y@t"", ""data_quality_1@t+h"", ""rps@t+h"", ""data_quality_2@t+h""]",4,4,1600.0,313,0.1478723404255319,19.269822695035458,7.43922796035472
"ar_order=3,granularity=30,max_parents=6,n_bins=4,on_change=chain,other_lags=3,velocity=binned",model,5,4669,930,0.953763440860215,0.19671012697687823,37.04205751060879,17.86388114405417,837,0.972520908004779,0.1311092226894269,32.145945199054445,9.965617884365724,93,0.7849462365591398,0.7871182655639404,81.10706831459781,88.9482504812502,72,0.5138888888888888,1.6092738646872986,108.33633981808133,109.39445012472672,858,0.9906759906759907,0.07817330982635343,31.059320533757944,10.182994236585147,638,0.9639498432601881,0.1509546876018767,30.020930939773216,10.245826512606383,0.9194189609889527,0.05300337500011665,"[""y@t"", ""data_quality_1@t+h"", ""rps@t+h"", ""avg_p_latency_1@t-1""]",4,4,640.0,276,0.024731182795698924,18.861541218637992,8.770637408568442
"ar_order=3,granularity=30,max_parents=6,n_bins=4,on_change=chain,other_lags=3,velocity=binned",ar,5,4669,930,0.9225806451612903,0.3457961287234836,44.74139671261271,28.010413116390495,837,0.972520908004779,0.18050170906886742,35.38603326918013,17.201866089487506,93,0.4731182795698925,1.8334459056150285,128.93966770350596,125.28733635851744,72,0.0,3.2906713836296766,194.22564922928504,186.0088412200485,858,1.0,0.0986737297103765,32.19726363429056,14.75180376503458,638,0.9639498432601881,0.18914879183087674,32.938439311319115,16.972213619320186,0.8882648898054304,0.05300337500011665,"[""y@t"", ""data_quality_1@t+h"", ""rps@t+h"", ""avg_p_latency_1@t-1""]",4,4,640.0,276,0.024731182795698924,18.861541218637992,8.770637408568442
"ar_order=3,granularity=30,max_parents=6,n_bins=4,on_change=chain,other_lags=3,velocity=binned",persistence,5,4669,930,0.9225806451612903,2.139175828329952,42.243664839605884,18.861541218637996,837,0.972520908004779,0.7592753711664953,32.09904030846107,6.685384309040226,93,0.4731182795698925,14.558279942801061,133.54528561990924,128.44695340501798,72,0.0,27.631021115928547,208.08393763886613,199.86712962962963,858,1.0,0.0,28.32699859071691,3.672261072261077,638,0.9639498432601881,0.9961026421102768,31.385772602387323,8.770637408568442,0.8882648898054304,0.05300337500011665,"[""y@t"", ""data_quality_1@t+h"", ""rps@t+h"", ""avg_p_latency_1@t-1""]",4,4,640.0,276,0.024731182795698924,18.861541218637992,8.770637408568442
"granularity=30,n_bins=10",model,1,929,940,0.8723404255319149,0.6475022747841971,29.602083696533814,24.864164653043918,846,0.9432624113475178,0.32494745768136557,17.85377071354155,12.775341267068272,94,0.23404255319148937,3.550495628709682,135.3369005434642,133.6635751268247,120,0.0,4.384410574369957,133.60830116086265,130.03943241230473,820,1.0,0.10063764557652488,14.381661628583256,9.472662054127698,660,0.9272727272727272,0.36344856109286,16.97876153289731,10.997539058984156,0.7935732296488031,0.005481457999849226,"[""y@t"", ""data_quality_1@t+h"", ""data_quality_1@t"", ""throughput_2@t""]",4,10,10000.0,142,0.29148936170212764,19.709148936170212,7.9216161616161616
"granularity=30,n_bins=10",ar,1,929,940,0.8723404255319149,0.6792312301907446,31.23782615338597,28.990774044291836,846,0.9432624113475178,0.3540732895183659,19.379478128507877,17.024054087982346,94,0.23404255319148937,3.605652696242153,137.96295837728886,136.69125365107723,120,0.0,4.371274818712328,136.0811954549445,132.74513024700863,820,1.0,0.13893216845587875,15.894894060474963,13.807209721943035,660,0.9272727272727272,0.3914301604933397,18.214279655869724,15.244607717654226,0.7935732296488031,0.005481457999849226,"[""y@t"", ""data_quality_1@t+h"", ""data_quality_1@t"", ""throughput_2@t""]",4,10,10000.0,142,0.29148936170212764,19.709148936170212,7.9216161616161616
"granularity=30,n_bins=10",persistence,1,929,940,0.8723404255319149,3.5273643977781126,29.10426413801855,19.70914893617022,846,0.9432624113475178,1.5677175101236056,16.37446187548458,6.1799842395587135,94,0.23404255319148937,21.16418638666867,143.67248450082428,141.47163120567376,120,0.0,27.631021115928547,144.97730910069194,139.565,820,1.0,0.0,12.147233167871224,2.1692682926829323,660,0.9272727272727272,2.009528808431167,17.67579282238923,7.9216161616161616,0.7935732296488031,0.005481457999849226,"[""y@t"", ""data_quality_1@t+h"", ""data_quality_1@t"", ""throughput_2@t""]",4,10,10000.0,142,0.29148936170212764,19.709148936170212,7.9216161616161616
"granularity=30,n_bins=10",model,2,1869,930,0.8774193548387097,0.5632147325862724,29.736536707297656,26.021447685173776,837,0.946236559139785,0.29164835146579576,18.270349532431343,14.017104085923647,93,0.25806451612903225,3.007312162670563,132.93222128109448,134.060540078425,114,0.0,3.8004669641711777,140.95874874050105,138.14586578582248,816,1.0,0.11095155317367543,14.198139437953069,10.357006921112557,675,0.9333333333333333,0.3061357447004701,16.474939836371156,12.141691781810923,0.8080967166932057,0.00574183400021866,"[""y@t"", ""data_quality_1@t+h""]",2,10,100.0,90,0.013978494623655914,21.487670250896056,8.24404938271605
"granularity=30,n_bins=10",ar,2,1869,930,0.8774193548387097,0.6299411804931128,32.13502529206297,30.405335846735213,837,0.946236559139785,0.3298035209968134,18.978311016665895,16.98504429372856,93,0.25806451612903225,3.3311801159598073,150.54545377063664,151.18795982379507,114,0.0,4.199624257992876,156.8066663638372,153.96188635772643,816,1.0,0.13123545643064594,14.717663671741565,13.143758937111437,675,0.9333333333333333,0.3600069280737289,18.296205616902313,15.949396865690861,0.8080967166932057,0.00574183400021866,"[""y@t"", ""data_quality_1@t+h""]",2,10,100.0,90,0.013978494623655914,21.487670250896056,8.24404938271605
"granularity=30,n_bins=10",persistence,2,1869,930,0.8774193548387097,3.3870283948557574,30.647214858217268,21.487670250896056,837,0.946236559139785,1.4855387696735776,16.85068261381406,6.6484269215452025,93,0.25806451612903225,20.500435021495374,154.8160050578461,155.04086021505378,114,0.0,27.631021115928544,164.13680588619673,159.87748538011695,816,1.0,0.0,11.997933758720132,2.153799019607845,675,0.9333333333333333,1.8420680743952362,17.857453012761404,8.244049382716051,0.8080967166932057,0.00574183400021866,"[""y@t"", ""data_quality_1@t+h""]",2,10,100.0,90,0.013978494623655914,21.487670250896056,8.24404938271605
"granularity=30,n_bins=10",model,3,2799,930,0.8569892473118279,0.6415516520238838,31.53410994081906,25.735569714306145,837,0.9342891278375149,0.34150210794253644,17.52907075343665,11.431252031613393,93,0.16129032258064516,3.341997548756009,157.57946262726077,154.47442885854088,133,0.0,3.9188458821332577,144.13503276659034,140.01093771514707,797,1.0,0.09465060735067582,12.74374264367028,6.665778065483252,668,0.9176646706586826,0.3773295082407916,17.295870080019636,10.595868359881855,0.7744129644944617,0.010754124999948544,"[""y@t"", ""data_quality_1@t+h"", ""data_quality_1@t""]",3,10,1000.0,225,0.12688172043010754,24.001756272401433,9.868662674650698
"granularity=30,n_bins=10",ar,3,2799,930,0.8569892473118279,0.6947758580394037,33.99080940962824,32.037031564436454,837,0.9342891278375149,0.3819111594148095,19.39805138235047,17.598544908353485,93,0.16129032258064516,3.510558145660751,165.32563165512818,161.9834114691831,133,0.0,4.010757615752656,150.14480029725618,146.31078546898152,797,1.0,0.1414188018588987,14.607521093374148,12.96750926919869,668,0.9176646706586826,0.4264624402035395,18.497883225870424,17.27627712851238,0.7744129644944617,0.010754124999948544,"[""y@t"", ""data_quality_1@t+h"", ""data_quality_1@t""]",3,10,1000.0,225,0.12688172043010754,24.001756272401433,9.868662674650698
"granularity=30,n_bins=10",persistence,3,2799,930,0.8569892473118279,3.9515331273317167,32.01188601304627,24.00175627240144,837,0.9342891278375149,1.8156584962677063,16.424433844620296,7.876065312624458,93,0.16129032258064516,23.174404806907813,172.29895552888004,169.13297491039427,133,0.0,27.631021115928544,159.9174195901905,155.2563909774436,797,1.0,0.0,10.667549795028476,2.0985361773316673,668,0.9176646706586826,2.2750092236168715,17.75883184179391,9.868662674650698,0.7744129644944617,0.010754124999948544,"[""y@t"", ""data_quality_1@t+h"", ""data_quality_1@t""]",3,10,1000.0,225,0.12688172043010754,24.001756272401433,9.868662674650698
"granularity=30,n_bins=10",model,4,3729,940,0.875531914893617,0.5786535706119912,28.02529270780336,23.917516386574285,846,0.9361702127659575,0.33098600257462973,17.96730418524484,13.675814520249741,94,0.32978723404255317,2.8076616829482446,118.54718941083,116.09283318349513,121,0.03305785123966942,3.712303950137759,119.5952772583625,114.41502983823307,819,1.0,0.115684466921371,14.496638091664586,10.547309881506255,639,0.9154929577464789,0.38235379569746697,18.06195399987682,13.509035183771237,0.8538353000208307,0.020886833999611554,"[""y@t"", ""data_quality_1@t+h"", ""data_quality_2@t+h""]",3,10,1000.0,253,0.07872340425531915,19.269822695035458,7.43922796035472
"granularity=30,n_bins=10",ar,4,3729,940,0.8712765957446809,0.6483507513563698,31.47076971942673,29.73855674281502,846,0.9361702127659575,0.3758575843399003,19.44684953613476,17.774383089741626,94,0.2872340425531915,3.100789254504595,139.6860513690544,137.41611962047563,121,0.0,4.024976841854793,134.80555038795416,129.09616881951948,819,1.0,0.14948413725342824,16.20397062187872,15.059349097782986,639,0.9154929577464789,0.4351809800144931,18.214658712475778,16.192673461197437,0.8521338460907298,0.020886833999611554,"[""y@t"", ""data_quality_1@t+h"", ""data_quality_2@t+h""]",3,10,1000.0,253,0.07872340425531915,19.269822695035458,7.43922796035472
"granularity=30,n_bins=10",persistence,4,3729,940,0.8712765957446809,3.55675910109293,27.328064876751352,19.269822695035472,846,0.9361702127659575,1.7636821988890563,14.250248764287392,5.618991331757298,94,0.2872340425531915,19.694451220927792,145.02840988892703,142.127304964539,121,0.0,27.631021115928547,143.19388182339145,134.9710743801653,819,1.0,0.0,10.209916097089012,2.1759869759869854,639,0.9154929577464789,2.335015868951708,15.911473291630676,7.439227960354722,0.8521338460907298,0.020886833999611554,"[""y@t"", ""data_quality_1@t+h"", ""data_quality_2@t+h""]",3,10,1000.0,253,0.07872340425531915,19.269822695035458,7.43922796035472
"granularity=30,n_bins=10",model,5,4669,930,0.8763440860215054,0.5512113049175119,27.74269576258362,20.749791023171944,837,0.9366786140979689,0.3198324544518436,17.494722366396473,9.685508606103612,93,0.3333333333333333,2.633620959108526,119.97445632826793,120.32833277678697,115,0.0,4.008169266049328,128.92451075836436,126.75783883086085,815,1.0,0.06341969077007771,13.465507143547072,5.791600228221979,638,0.9169278996865203,0.38521353781713924,17.853173566729733,9.805626129970838,0.828264871710479,0.01474229099949298,"[""y@t"", ""data_quality_1@t+h"", ""avg_p_latency_1@t"", ""throughput_2@t""]",4,10,10000.0,453,0.0935483870967742,18.861541218637992,8.770637408568442
"granularity=30,n_bins=10",ar,5,4669,930,0.8763440860215054,0.6090271601904544,31.341581413582738,27.67673005422976,837,0.9366786140979689,0.36961189116800025,20.940526341486784,16.809593687642227,93,0.3333333333333333,2.763764581392542,124.9510770624463,125.48095735351755,115,0.0,3.92776611538395,131.4450710145063,129.97491749296427,815,1.0,0.14073884135947046,17.216549138605792,13.242016489254953,638,0.9169278996865203,0.4259722442673787,21.067562237835332,16.624411841117603,0.828264871710479,0.01474229099949298,"[""y@t"", ""data_quality_1@t+h"", ""avg_p_latency_1@t"", ""throughput_2@t""]",4,10,10000.0,453,0.0935483870967742,18.861541218637992,8.770637408568442
"granularity=30,n_bins=10",persistence,5,4669,930,0.8763440860215054,3.416739170249229,28.415527915686177,18.861541218637996,837,0.9366786140979689,1.7496345509488804,17.274648124772902,6.685384309040228,93,0.3333333333333333,18.420680743952364,128.68344603390568,128.44695340501798,115,0.0,27.631021115928544,140.50183746955392,138.24028985507246,815,1.0,0.0,12.599668285385823,2.0166871165644227,638,0.9169278996865203,2.29536695790629,18.653617895352614,8.770637408568442,0.828264871710479,0.01474229099949298,"[""y@t"", ""data_quality_1@t+h"", ""avg_p_latency_1@t"", ""throughput_2@t""]",4,10,10000.0,453,0.0935483870967742,18.861541218637992,8.770637408568442
"ar_order=2,granularity=30,n_bins=10,on_change=chain,other_lags=2",model,1,929,940,0.8840425531914894,0.5078185365448435,29.08140155943453,25.173433709098678,846,0.9432624113475178,0.33063141554857517,17.8223773350168,13.265787042027172,94,0.35106382978723405,2.102502625511259,130.4126195791941,132.34225371274223,120,0.175,2.9309482688174273,107.16849762284258,105.24042947171505,820,0.9878048780487805,0.15321418548056304,17.65402164771628,13.456312377984085,660,0.9272727272727272,0.3709087208307252,16.893610262264243,11.508005587349428,0.8015835100222898,0.009105916000407888,"[""y@t"", ""data_quality_1@t+h"", ""throughput_2@t-1"", ""avg_p_latency_1@t-1""]",4,10,10000.0,165,0.3468085106382979,19.709148936170212,7.9216161616161616
"ar_order=2,granularity=30,n_bins=10,on_change=chain,other_lags=2",ar,1,929,940,0.8723404255319149,0.6792312301907446,31.23782615338597,28.990774044291836,846,0.9432624113475178,0.3540732895183659,19.379478128507877,17.024054087982346,94,0.23404255319148937,3.605652696242153,137.96295837728886,136.69125365107723,120,0.0,4.371274818712328,136.0811954549445,132.74513024700863,820,1.0,0.13893216845587875,15.894894060474963,13.807209721943035,660,0.9272727272727272,0.3914301604933397,18.214279655869724,15.244607717654226,0.7935732296488031,0.009105916000407888,"[""y@t"", ""data_quality_1@t+h"", ""throughput_2@t-1"", ""avg_p_latency_1@t-1""]",4,10,10000.0,165,0.3468085106382979,19.709148936170212,7.9216161616161616
"ar_order=2,granularity=30,n_bins=10,on_change=chain,other_lags=2",persistence,1,929,940,0.8723404255319149,3.5273643977781126,29.10426413801855,19.70914893617022,846,0.9432624113475178,1.5677175101236056,16.37446187548458,6.1799842395587135,94,0.23404255319148937,21.16418638666867,143.67248450082428,141.47163120567376,120,0.0,27.631021115928547,144.97730910069194,139.565,820,1.0,0.0,12.147233167871224,2.1692682926829323,660,0.9272727272727272,2.009528808431167,17.67579282238923,7.9216161616161616,0.7935732296488031,0.009105916000407888,"[""y@t"", ""data_quality_1@t+h"", ""throughput_2@t-1"", ""avg_p_latency_1@t-1""]",4,10,10000.0,165,0.3468085106382979,19.709148936170212,7.9216161616161616
"ar_order=2,granularity=30,n_bins=10,on_change=chain,other_lags=2",model,2,1869,930,0.9086021505376344,0.4219505263446685,27.615018462648866,23.648160464238003,837,0.946236559139785,0.2851339830813585,17.90517409427091,13.577735989197755,93,0.5698924731182796,1.6532994157144585,115.00361777805045,114.2819807396002,114,0.34210526315789475,2.465179784087671,107.9565104275398,105.11714106919113,816,0.9877450980392157,0.13649938004233733,16.390839438142045,12.266464644428366,675,0.9333333333333333,0.30502513247325924,16.43292116235976,11.847008293803206,0.8393195462731182,0.012521790999016957,"[""y@t"", ""data_quality_1@t+h"", ""y@t-1""]",3,10,1000.0,158,0.06666666666666667,21.487670250896056,8.24404938271605
"ar_order=2,granularity=30,n_bins=10,on_change=chain,other_lags=2",ar,2,1869,930,0.8774193548387097,0.6299411804931128,32.13502529206297,30.405335846735213,837,0.946236559139785,0.3298035209968134,18.978311016665895,16.98504429372856,93,0.25806451612903225,3.3311801159598073,150.54545377063664,151.18795982379507,114,0.0,4.199624257992876,156.8066663638372,153.96188635772643,816,1.0,0.13123545643064594,14.717663671741565,13.143758937111437,675,0.9333333333333333,0.3600069280737289,18.296205616902313,15.949396865690861,0.8080967166932057,0.012521790999016957,"[""y@t"", ""data_quality_1@t+h"", ""y@t-1""]",3,10,1000.0,158,0.06666666666666667,21.487670250896056,8.24404938271605
"ar_order=2,granularity=30,n_bins=10,on_change=chain,other_lags=2",persistence,2,1869,930,0.8774193548387097,3.3870283948557574,30.647214858217268,21.487670250896056,837,0.946236559139785,1.4855387696735776,16.85068261381406,6.6484269215452025,93,0.25806451612903225,20.500435021495374,154.8160050578461,155.04086021505378,114,0.0,27.631021115928544,164.13680588619673,159.87748538011695,816,1.0,0.0,11.997933758720132,2.153799019607845,675,0.9333333333333333,1.8420680743952362,17.857453012761404,8.244049382716051,0.8080967166932057,0.012521790999016957,"[""y@t"", ""data_quality_1@t+h"", ""y@t-1""]",3,10,1000.0,158,0.06666666666666667,21.487670250896056,8.24404938271605
"ar_order=2,granularity=30,n_bins=10,on_change=chain,other_lags=2",model,3,2799,930,0.9010752688172043,0.4437684257323532,26.619167774066728,21.210167123696674,837,0.9342891278375149,0.3258933664409917,17.345724436318346,11.36536974342454,93,0.6021505376344086,1.5046439593546064,110.08015781380219,109.8133435461459,133,0.3383458646616541,2.5180090011033363,100.44006694098293,99.02446876758245,797,0.9949811794228356,0.09762790311712018,14.300247335923872,8.224844515620378,668,0.9176646706586826,0.3660890298238826,17.149677849180332,10.61838543418788,0.8138826269387094,0.016941708001468214,"[""y@t"", ""data_quality_1@t+h"", ""data_quality_1@t"", ""y@t-1""]",4,10,10000.0,311,0.17526881720430107,24.001756272401433,9.868662674650698
"ar_order=2,granularity=30,n_bins=10,on_change=chain,other_lags=2",ar,3,2799,930,0.8569892473118279,0.6947758580394037,33.99080940962824,32.037031564436454,837,0.9342891278375149,0.3819111594148095,19.39805138235047,17.598544908353485,93,0.16129032258064516,3.510558145660751,165.32563165512818,161.9834114691831,133,0.0,4.010757615752656,150.14480029725618,146.31078546898152,797,1.0,0.1414188018588987,14.607521093374148,12.96750926919869,668,0.9176646706586826,0.4264624402035395,18.497883225870424,17.27627712851238,0.7744129644944617,0.016941708001468214,"[""y@t"", ""data_quality_1@t+h"", ""data_quality_1@t"", ""y@t-1""]",4,10,10000.0,311,0.17526881720430107,24.001756272401433,9.868662674650698
"ar_order=2,granularity=30,n_bins=10,on_change=chain,other_lags=2",persistence,3,2799,930,0.8569892473118279,3.9515331273317167,32.01188601304627,24.00175627240144,837,0.9342891278375149,1.8156584962677063,16.424433844620296,7.876065312624458,93,0.16129032258064516,23.174404806907813,172.29895552888004,169.13297491039427,133,0.0,27.631021115928544,159.9174195901905,155.2563909774436,797,1.0,0.0,10.667549795028476,2.0985361773316673,668,0.9176646706586826,2.2750092236168715,17.75883184179391,9.868662674650698,0.7744129644944617,0.016941708001468214,"[""y@t"", ""data_quality_1@t+h"", ""data_quality_1@t"", ""y@t-1""]",4,10,10000.0,311,0.17526881720430107,24.001756272401433,9.868662674650698
"ar_order=2,granularity=30,n_bins=10,on_change=chain,other_lags=2",model,4,3729,940,0.8978723404255319,0.4487205045936689,24.185419182205877,20.650822762181416,846,0.9361702127659575,0.322919910146338,17.455846571516055,13.483775025347217,94,0.5531914893617021,1.5809258546196476,84.75157267841423,85.15425239368922,121,0.2975206611570248,2.5674629755637834,79.86456350487948,76.50490874006174,819,0.9865689865689866,0.13569506016462896,15.959318494729063,12.398875993776636,639,0.9154929577464789,0.3787158102972047,17.728182710149568,13.279412432962939,0.866179083118847,0.02187637499991979,"[""y@t"", ""data_quality_1@t+h"", ""data_quality_2@t+h"", ""y@t-1""]",4,10,10000.0,386,0.11382978723404255,19.269822695035458,7.43922796035472
"ar_order=2,granularity=30,n_bins=10,on_change=chain,other_lags=2",ar,4,3729,940,0.8712765957446809,0.6483507513563698,31.47076971942673,29.73855674281502,846,0.9361702127659575,0.3758575843399003,19.44684953613476,17.774383089741626,94,0.2872340425531915,3.100789254504595,139.6860513690544,137.41611962047563,121,0.0,4.024976841854793,134.80555038795416,129.09616881951948,819,1.0,0.14948413725342824,16.20397062187872,15.059349097782986,639,0.9154929577464789,0.4351809800144931,18.214658712475778,16.192673461197437,0.8521338460907298,0.02187637499991979,"[""y@t"", ""data_quality_1@t+h"", ""data_quality_2@t+h"", ""y@t-1""]",4,10,10000.0,386,0.11382978723404255,19.269822695035458,7.43922796035472
"ar_order=2,granularity=30,n_bins=10,on_change=chain,other_lags=2",persistence,4,3729,940,0.8712765957446809,3.55675910109293,27.328064876751352,19.269822695035472,846,0.9361702127659575,1.7636821988890563,14.250248764287392,5.618991331757298,94,0.2872340425531915,19.694451220927792,145.02840988892703,142.127304964539,121,0.0,27.631021115928547,143.19388182339145,134.9710743801653,819,1.0,0.0,10.209916097089012,2.1759869759869854,639,0.9154929577464789,2.335015868951708,15.911473291630676,7.439227960354722,0.8521338460907298,0.02187637499991979,"[""y@t"", ""data_quality_1@t+h"", ""data_quality_2@t+h"", ""y@t-1""]",4,10,10000.0,386,0.11382978723404255,19.269822695035458,7.43922796035472
"ar_order=2,granularity=30,n_bins=10,on_change=chain,other_lags=2",model,5,4669,930,0.9086021505376344,0.4033640682893087,24.96376473728125,17.637269728741185,837,0.9366786140979689,0.30987872081035645,18.17934656876753,10.013278152627503,93,0.6559139784946236,1.2447321955998785,86.02352825390469,86.25319391376433,115,0.3565217391304348,2.5651263972764773,81.64304276593585,79.22914075918817,815,0.9865030674846625,0.09833012002731542,16.966075199495627,8.946392221377499,638,0.9169278996865203,0.3700987031439629,17.794030120525623,9.466883063379667,0.8455437413290277,0.026772874998641782,"[""y@t"", ""data_quality_1@t+h"", ""avg_p_latency_1@t-1"", ""y@t-1""]",4,10,10000.0,462,0.08602150537634409,18.861541218637992,8.770637408568442
"ar_order=2,granularity=30,n_bins=10,on_change=chain,other_lags=2",ar,5,4669,930,0.8763440860215054,0.6090271601904544,31.341581413582738,27.67673005422976,837,0.9366786140979689,0.36961189116800025,20.940526341486784,16.809593687642227,93,0.3333333333333333,2.763764581392542,124.9510770624463,125.48095735351755,115,0.0,3.92776611538395,131.4450710145063,129.97491749296427,815,1.0,0.14073884135947046,17.216549138605792,13.242016489254953,638,0.9169278996865203,0.4259722442673787,21.067562237835332,16.624411841117603,0.828264871710479,0.026772874998641782,"[""y@t"", ""data_quality_1@t+h"", ""avg_p_latency_1@t-1"", ""y@t-1""]",4,10,10000.0,462,0.08602150537634409,18.861541218637992,8.770637408568442
"ar_order=2,granularity=30,n_bins=10,on_change=chain,other_lags=2",persistence,5,4669,930,0.8763440860215054,3.416739170249229,28.415527915686177,18.861541218637996,837,0.9366786140979689,1.7496345509488804,17.274648124772902,6.685384309040228,93,0.3333333333333333,18.420680743952364,128.68344603390568,128.44695340501798,115,0.0,27.631021115928544,140.50183746955392,138.24028985507246,815,1.0,0.0,12.599668285385823,2.0166871165644227,638,0.9169278996865203,2.29536695790629,18.653617895352614,8.770637408568442,0.828264871710479,0.026772874998641782,"[""y@t"", ""data_quality_1@t+h"", ""avg_p_latency_1@t-1"", ""y@t-1""]",4,10,10000.0,462,0.08602150537634409,18.861541218637992,8.770637408568442
"ar_order=3,granularity=30,max_parents=6,n_bins=10,on_change=chain,other_lags=3,velocity=binned",model,1,929,940,0.8840425531914894,0.5070655809949226,29.246737158123725,25.160310180463938,846,0.9432624113475178,0.3297947982708852,18.006083555782574,13.251205343544127,94,0.35106382978723405,2.102502625511259,130.4126195791941,132.34225371274223,120,0.175,2.9290297240873997,107.30626279207605,105.15411567431407,820,0.9878048780487805,0.15263180395699913,17.823391943398995,13.453899620388304,660,0.9272727272727272,0.3702037515433616,17.067531292438353,11.550871444828633,0.8015835100222898,0.02479858299921034,"[""y@t"", ""data_quality_1@t+h"", ""throughput_2@t-1"", ""avg_p_latency_1@t-1"", ""throughput_2@t""]",5,10,100000.0,175,0.37553191489361704,19.709148936170212,7.9216161616161616
"ar_order=3,granularity=30,max_parents=6,n_bins=10,on_change=chain,other_lags=3,velocity=binned",ar,1,929,940,0.8723404255319149,0.6792312301907446,31.23782615338597,28.990774044291836,846,0.9432624113475178,0.3540732895183659,19.379478128507877,17.024054087982346,94,0.23404255319148937,3.605652696242153,137.96295837728886,136.69125365107723,120,0.0,4.371274818712328,136.0811954549445,132.74513024700863,820,1.0,0.13893216845587875,15.894894060474963,13.807209721943035,660,0.9272727272727272,0.3914301604933397,18.214279655869724,15.244607717654226,0.7935732296488031,0.02479858299921034,"[""y@t"", ""data_quality_1@t+h"", ""throughput_2@t-1"", ""avg_p_latency_1@t-1"", ""throughput_2@t""]",5,10,100000.0,175,0.37553191489361704,19.709148936170212,7.9216161616161616
"ar_order=3,granularity=30,max_parents=6,n_bins=10,on_change=chain,other_lags=3,velocity=binned",persistence,1,929,940,0.8723404255319149,3.5273643977781126,29.10426413801855,19.70914893617022,846,0.9432624113475178,1.5677175101236056,16.37446187548458,6.1799842395587135,94,0.23404255319148937,21.16418638666867,143.67248450082428,141.47163120567376,120,0.0,27.631021115928547,144.97730910069194,139.565,820,1.0,0.0,12.147233167871224,2.1692682926829323,660,0.9272727272727272,2.009528808431167,17.67579282238923,7.9216161616161616,0.7935732296488031,0.02479858299921034,"[""y@t"", ""data_quality_1@t+h"", ""throughput_2@t-1"", ""avg_p_latency_1@t-1"", ""throughput_2@t""]",5,10,100000.0,175,0.37553191489361704,19.709148936170212,7.9216161616161616
"ar_order=3,granularity=30,max_parents=6,n_bins=10,on_change=chain,other_lags=3,velocity=binned",model,2,1869,930,0.9086021505376344,0.4219505263446685,27.615018462648866,23.648160464238003,837,0.946236559139785,0.2851339830813585,17.90517409427091,13.577735989197755,93,0.5698924731182796,1.6532994157144585,115.00361777805045,114.2819807396002,114,0.34210526315789475,2.465179784087671,107.9565104275398,105.11714106919113,816,0.9877450980392157,0.13649938004233733,16.390839438142045,12.266464644428366,675,0.9333333333333333,0.30502513247325924,16.43292116235976,11.847008293803206,0.8393195462731182,0.022504291999212,"[""y@t"", ""data_quality_1@t+h"", ""y@t-1""]",3,10,1000.0,158,0.06666666666666667,21.487670250896056,8.24404938271605
"ar_order=3,granularity=30,max_parents=6,n_bins=10,on_change=chain,other_lags=3,velocity=binned",ar,2,1869,930,0.8774193548387097,0.6299411804931128,32.13502529206297,30.405335846735213,837,0.946236559139785,0.3298035209968134,18.978311016665895,16.98504429372856,93,0.25806451612903225,3.3311801159598073,150.54545377063664,151.18795982379507,114,0.0,4.199624257992876,156.8066663638372,153.96188635772643,816,1.0,0.13123545643064594,14.717663671741565,13.143758937111437,675,0.9333333333333333,0.3600069280737289,18.296205616902313,15.949396865690861,0.8080967166932057,0.022504291999212,"[""y@t"", ""data_quality_1@t+h"", ""y@t-1""]",3,10,1000.0,158,0.06666666666666667,21.487670250896056,8.24404938271605
"ar_order=3,granularity=30,max_parents=6,n_bins=10,on_change=chain,other_lags=3,velocity=binned",persistence,2,1869,930,0.8774193548387097,3.3870283948557574,30.647214858217268,21.487670250896056,837,0.946236559139785,1.4855387696735776,16.85068261381406,6.6484269215452025,93,0.25806451612903225,20.500435021495374,154.8160050578461,155.04086021505378,114,0.0,27.631021115928544,164.13680588619673,159.87748538011695,816,1.0,0.0,11.997933758720132,2.153799019607845,675,0.9333333333333333,1.8420680743952362,17.857453012761404,8.244049382716051,0.8080967166932057,0.022504291999212,"[""y@t"", ""data_quality_1@t+h"", ""y@t-1""]",3,10,1000.0,158,0.06666666666666667,21.487670250896056,8.24404938271605
"ar_order=3,granularity=30,max_parents=6,n_bins=10,on_change=chain,other_lags=3,velocity=binned",model,3,2799,930,0.9010752688172043,0.4437684257323532,26.619167774066728,21.210167123696674,837,0.9342891278375149,0.3258933664409917,17.345724436318346,11.36536974342454,93,0.6021505376344086,1.5046439593546064,110.08015781380219,109.8133435461459,133,0.3383458646616541,2.5180090011033363,100.44006694098293,99.02446876758245,797,0.9949811794228356,0.09762790311712018,14.300247335923872,8.224844515620378,668,0.9176646706586826,0.3660890298238826,17.149677849180332,10.61838543418788,0.8138826269387094,0.03522070899998653,"[""y@t"", ""data_quality_1@t+h"", ""data_quality_1@t"", ""y@t-1""]",4,10,10000.0,311,0.17526881720430107,24.001756272401433,9.868662674650698
"ar_order=3,granularity=30,max_parents=6,n_bins=10,on_change=chain,other_lags=3,velocity=binned",ar,3,2799,930,0.8569892473118279,0.6947758580394037,33.99080940962824,32.037031564436454,837,0.9342891278375149,0.3819111594148095,19.39805138235047,17.598544908353485,93,0.16129032258064516,3.510558145660751,165.32563165512818,161.9834114691831,133,0.0,4.010757615752656,150.14480029725618,146.31078546898152,797,1.0,0.1414188018588987,14.607521093374148,12.96750926919869,668,0.9176646706586826,0.4264624402035395,18.497883225870424,17.27627712851238,0.7744129644944617,0.03522070899998653,"[""y@t"", ""data_quality_1@t+h"", ""data_quality_1@t"", ""y@t-1""]",4,10,10000.0,311,0.17526881720430107,24.001756272401433,9.868662674650698
"ar_order=3,granularity=30,max_parents=6,n_bins=10,on_change=chain,other_lags=3,velocity=binned",persistence,3,2799,930,0.8569892473118279,3.9515331273317167,32.01188601304627,24.00175627240144,837,0.9342891278375149,1.8156584962677063,16.424433844620296,7.876065312624458,93,0.16129032258064516,23.174404806907813,172.29895552888004,169.13297491039427,133,0.0,27.631021115928544,159.9174195901905,155.2563909774436,797,1.0,0.0,10.667549795028476,2.0985361773316673,668,0.9176646706586826,2.2750092236168715,17.75883184179391,9.868662674650698,0.7744129644944617,0.03522070899998653,"[""y@t"", ""data_quality_1@t+h"", ""data_quality_1@t"", ""y@t-1""]",4,10,10000.0,311,0.17526881720430107,24.001756272401433,9.868662674650698
"ar_order=3,granularity=30,max_parents=6,n_bins=10,on_change=chain,other_lags=3,velocity=binned",model,4,3729,940,0.8978723404255319,0.4487205045936689,24.185419182205877,20.650822762181416,846,0.9361702127659575,0.322919910146338,17.455846571516055,13.483775025347217,94,0.5531914893617021,1.5809258546196476,84.75157267841423,85.15425239368922,121,0.2975206611570248,2.5674629755637834,79.86456350487948,76.50490874006174,819,0.9865689865689866,0.13569506016462896,15.959318494729063,12.398875993776636,639,0.9154929577464789,0.3787158102972047,17.728182710149568,13.279412432962939,0.866179083118847,0.05316895799842314,"[""y@t"", ""data_quality_1@t+h"", ""data_quality_2@t+h"", ""y@t-1""]",4,10,10000.0,386,0.11382978723404255,19.269822695035458,7.43922796035472
"ar_order=3,granularity=30,max_parents=6,n_bins=10,on_change=chain,other_lags=3,velocity=binned",ar,4,3729,940,0.8712765957446809,0.6483507513563698,31.47076971942673,29.73855674281502,846,0.9361702127659575,0.3758575843399003,19.44684953613476,17.774383089741626,94,0.2872340425531915,3.100789254504595,139.6860513690544,137.41611962047563,121,0.0,4.024976841854793,134.80555038795416,129.09616881951948,819,1.0,0.14948413725342824,16.20397062187872,15.059349097782986,639,0.9154929577464789,0.4351809800144931,18.214658712475778,16.192673461197437,0.8521338460907298,0.05316895799842314,"[""y@t"", ""data_quality_1@t+h"", ""data_quality_2@t+h"", ""y@t-1""]",4,10,10000.0,386,0.11382978723404255,19.269822695035458,7.43922796035472
"ar_order=3,granularity=30,max_parents=6,n_bins=10,on_change=chain,other_lags=3,velocity=binned",persistence,4,3729,940,0.8712765957446809,3.55675910109293,27.328064876751352,19.269822695035472,846,0.9361702127659575,1.7636821988890563,14.250248764287392,5.618991331757298,94,0.2872340425531915,19.694451220927792,145.02840988892703,142.127304964539,121,0.0,27.631021115928547,143.19388182339145,134.9710743801653,819,1.0,0.0,10.209916097089012,2.1759869759869854,639,0.9154929577464789,2.335015868951708,15.911473291630676,7.439227960354722,0.8521338460907298,0.05316895799842314,"[""y@t"", ""data_quality_1@t+h"", ""data_quality_2@t+h"", ""y@t-1""]",4,10,10000.0,386,0.11382978723404255,19.269822695035458,7.43922796035472
"ar_order=3,granularity=30,max_parents=6,n_bins=10,on_change=chain,other_lags=3,velocity=binned",model,5,4669,930,0.9086021505376344,0.4041481390195729,24.977270218913592,17.759549840351006,837,0.9366786140979689,0.3107499105106501,18.194352659470137,10.14914494330508,93,0.6559139784946236,1.2447321955998785,86.02352825390469,86.25319391376433,115,0.3565217391304348,2.560365529856333,81.81556082788389,79.31767073045091,815,0.9865030674846625,0.09989660534322017,16.957143323169316,9.073434622729549,638,0.9169278996865203,0.3703400922411588,17.938656207433834,9.61491109526119,0.8455437413290277,0.06392562499968335,"[""y@t"", ""data_quality_1@t+h"", ""avg_p_latency_1@t-1"", ""y@t-2""]",4,10,10000.0,507,0.1,18.861541218637992,8.770637408568442
"ar_order=3,granularity=30,max_parents=6,n_bins=10,on_change=chain,other_lags=3,velocity=binned",ar,5,4669,930,0.8763440860215054,0.6090271601904544,31.341581413582738,27.67673005422976,837,0.9366786140979689,0.36961189116800025,20.940526341486784,16.809593687642227,93,0.3333333333333333,2.763764581392542,124.9510770624463,125.48095735351755,115,0.0,3.92776611538395,131.4450710145063,129.97491749296427,815,1.0,0.14073884135947046,17.216549138605792,13.242016489254953,638,0.9169278996865203,0.4259722442673787,21.067562237835332,16.624411841117603,0.828264871710479,0.06392562499968335,"[""y@t"", ""data_quality_1@t+h"", ""avg_p_latency_1@t-1"", ""y@t-2""]",4,10,10000.0,507,0.1,18.861541218637992,8.770637408568442
"ar_order=3,granularity=30,max_parents=6,n_bins=10,on_change=chain,other_lags=3,velocity=binned",persistence,5,4669,930,0.8763440860215054,3.416739170249229,28.415527915686177,18.861541218637996,837,0.9366786140979689,1.7496345509488804,17.274648124772902,6.685384309040228,93,0.3333333333333333,18.420680743952364,128.68344603390568,128.44695340501798,115,0.0,27.631021115928544,140.50183746955392,138.24028985507246,815,1.0,0.0,12.599668285385823,2.0166871165644227,638,0.9169278996865203,2.29536695790629,18.653617895352614,8.770637408568442,0.828264871710479,0.06392562499968335,"[""y@t"", ""data_quality_1@t+h"", ""avg_p_latency_1@t-1"", ""y@t-2""]",4,10,10000.0,507,0.1,18.861541218637992,8.770637408568442
granularity=30,model,1,929,940,0.8042553191489362,1.131361467831455,26.380785576037567,26.10894323898014,846,0.8747044917257684,0.6755167316426736,15.062125367637032,14.6206476224211,94,0.1702127659574468,5.233964093530488,128.2487274516424,129.50360378801145,154,0.045454545454545456,5.221253740374724,105.35932465504493,104.75243136833286,786,0.9529262086513995,0.3300339742288294,10.906618886257498,10.700422664017898,660,0.8803030303030303,0.6271598371008071,12.892536873462475,12.761396899337582,0.506202902235276,0.0063364170000568265,"[""y@t"", ""data_quality_1@t+h"", ""throughput_2@t""]",3,20,4000.0,132,0.24893617021276596,19.709148936170212,7.9216161616161616
granularity=30,ar,1,929,940,0.7946808510638298,1.1606803656257345,29.35093129955269,29.77150350160394,846,0.8640661938534279,0.6884980501554484,17.733755333117326,18.09590993156036,94,0.1702127659574468,5.4103212048583105,133.90551499747102,134.85184563199618,154,0.05194805194805195,5.2828541345576685,108.56485100192036,108.16184974260703,786,0.9402035623409669,0.3530279986848724,13.830646777714751,14.41258070120384,660,0.8818181818181818,0.6276193000707296,15.567911607773388,16.431935920518747,0.478469822590906,0.0063364170000568265,"[""y@t"", ""data_quality_1@t+h"", ""throughput_2@t""]",3,20,4000.0,132,0.24893617021276596,19.709148936170212,7.9216161616161616
granularity=30,persistence,1,929,940,0.8361702127659575,4.5267843104819105,23.781432697584076,19.709148936170212,846,0.9113475177304965,2.449558609568134,10.740209576393955,6.179984239558711,94,0.1595744680851064,23.221815618705897,141.15244078829517,141.47163120567376,154,0.0,27.631021115928547,114.30261183852805,112.43766233766235,786,1.0,0.0,6.045730932055616,1.5409669211195953,660,0.8863636363636364,3.139888763173699,11.719374177168541,7.9216161616161616,0.621928957111424,0.0063364170000568265,"[""y@t"", ""data_quality_1@t+h"", ""throughput_2@t""]",3,20,4000.0,132,0.24893617021276596,19.709148936170212,7.9216161616161616
granularity=30,model,2,1869,930,0.8290322580645161,0.9364357571557737,28.34841398520812,26.287544549277907,837,0.9044205495818399,0.5717699436966386,16.41115847058343,14.02328696666991,93,0.15053763440860216,4.218428078287991,135.78371361683037,136.66586279274986,144,0.020833333333333332,4.47448084803647,116.61444380502878,115.37965307395426,786,0.9770992366412213,0.2882442901241958,12.177538293027235,9.965326193612006,675,0.8992592592592593,0.5313920166659026,13.846048297478717,11.196407972049851,0.7099236500380212,0.00671616599902336,"[""y@t"", ""data_quality_1@t+h""]",2,20,200.0,136,0.043010752688172046,21.487670250896056,8.24404938271605
granularity=30,ar,2,1869,930,0.8290322580645161,0.9912975552916071,32.530282372573026,31.468223099374597,837,0.9044205495818399,0.6101948397216099,19.542040696600953,18.272841052527994,93,0.15053763440860216,4.421221995421583,149.42445745632168,150.226661520994,144,0.020833333333333332,4.736239479952282,126.38843357154678,125.78350117802059,786,0.9770992366412213,0.3052013248194225,15.334895893371728,14.189088184202806,675,0.8992592592592593,0.5922827880865019,17.920435598058386,16.61511158081922,0.7099236500380212,0.00671616599902336,"[""y@t"", ""data_quality_1@t+h""]",2,20,200.0,136,0.043010752688172046,21.487670250896056,8.24404938271605
granularity=30,persistence,2,1869,930,0.8451612903225807,4.278351656659904,25.41316099333587,21.48767025089606,837,0.9223416965352449,2.1457782228618343,11.035326954590209,6.648426921545206,93,0.15053763440860216,23.471512560842527,154.81366734204687,155.04086021505375,144,0.0,27.631021115928547,132.35294011079276,130.30671296296293,786,1.0,0.0,5.821140391664382,1.5513570822731193,675,0.9037037037037037,2.6607649963486746,12.304323382301998,8.24404938271605,0.7560746335574257,0.00671616599902336,"[""y@t"", ""data_quality_1@t+h""]",2,20,200.0,136,0.043010752688172046,21.487670250896056,8.24404938271605
granularity=30,model,3,2799,930,0.8236559139784946,0.9254661479467965,29.333940903164407,26.346651322525947,837,0.9020310633213859,0.5413129848977071,15.093191727158192,11.86749658055254,93,0.11827956989247312,4.382844615388601,157.50068348722039,156.6590440002866,164,0.0,4.656445949756193,119.83682400066498,118.44237260831545,766,1.0,0.12666629481789166,9.957344521976301,6.6290295328791045,668,0.8772455089820359,0.6071991354147098,14.022604197417321,11.065749759722534,0.6515500329395066,0.014730417000464513,"[""y@t"", ""data_quality_1@t+h"", ""data_quality_1@t""]",3,20,2000.0,281,0.16451612903225807,24.001756272401433,9.868662674650698
granularity=30,ar,3,2799,930,0.8236559139784946,0.9703302139387039,33.172222338190664,32.574247458505845,837,0.9020310633213859,0.5793058881564811,18.69235721928803,18.10572139151816,93,0.11827956989247312,4.48954914597871,163.49100840831434,162.79098206139497,164,0.0,4.6339742790763045,123.0068456876153,122.04637819736858,766,1.0,0.1859468892878338,13.938699845624551,13.418334349924262,668,0.8772455089820359,0.6509699999815379,17.775047527042528,17.96207473655861,0.6515500329395066,0.014730417000464513,"[""y@t"", ""data_quality_1@t+h"", ""data_quality_1@t""]",3,20,2000.0,281,0.16451612903225807,24.001756272401433,9.868662674650698
granularity=30,persistence,3,2799,930,0.8236559139784946,4.872567164529335,27.701127065022625,24.001756272401437,837,0.9020310633213859,2.706981758071853,11.880177987380753,7.876065312624454,93,0.11827956989247312,24.362835822646673,170.0896687637995,169.13297491039427,164,0.0,27.631021115928544,130.3506451444316,128.70345528455283,766,1.0,0.0,5.723945648543417,1.585204525674501,668,0.8772455089820359,3.3918319333924267,13.430486026916741,9.8686626746507,0.6515500329395066,0.014730417000464513,"[""y@t"", ""data_quality_1@t+h"", ""data_quality_1@t""]",3,20,2000.0,281,0.16451612903225807,24.001756272401433,9.868662674650698
granularity=30,model,4,3729,940,0.8319148936170213,0.8473616652117975,25.176035870735745,23.140111178432377,846,0.8995271867612293,0.4879167231696932,13.340684882328569,11.137289372015491,94,0.22340425531914893,4.082366143590734,131.69419476640041,131.16550743618436,158,0.0,4.43735321562257,100.79286726020833,99.34545725695686,782,1.0,0.1220181038756055,9.897954848310343,7.743123096070656,639,0.86697965571205,0.5880801001181235,12.560302561267452,9.89692676452322,0.7162683130904123,0.02070304199878592,"[""y@t"", ""data_quality_1@t+h"", ""data_quality_1@t"", ""throughput_2@t""]",4,20,40000.0,494,0.1819148936170213,19.269822695035458,7.43922796035472
granularity=30,ar,4,3729,940,0.8319148936170213,0.9384444301957285,30.478417291328913,30.064962755277918,846,0.8995271867612293,0.5768248974405183,18.580004872566438,18.16062939324744,94,0.22340425531914893,4.193020224992621,137.5641290601912,137.20396301355225,158,0.0,4.626103858768453,104.84491335106807,104.1961712230406,782,1.0,0.19336746125136736,15.452961565703866,15.087045954885973,639,0.86697965571205,0.683342653302229,17.130867056604618,16.902527639402802,0.7162683130904123,0.02070304199878592,"[""y@t"", ""data_quality_1@t+h"", ""data_quality_1@t"", ""throughput_2@t""]",4,20,40000.0,494,0.1819148936170213,19.269822695035458,7.43922796035472
granularity=30,persistence,4,3729,940,0.8319148936170213,4.64436312374118,22.783106278476236,19.269822695035465,846,0.8995271867612293,2.776166424177218,9.47283303011658,5.618991331757295,94,0.22340425531914893,21.45813341981685,142.57556551371314,142.127304964539,158,0.0,27.631021115928544,109.70094838675975,107.3084388185654,782,1.0,0.0,5.221700839718193,1.4819693094629216,639,0.86697965571205,3.6754879418684294,11.358095794003718,7.43922796035472,0.7162683130904123,0.02070304199878592,"[""y@t"", ""data_quality_1@t+h"", ""data_quality_1@t"", ""throughput_2@t""]",4,20,40000.0,494,0.1819148936170213,19.269822695035458,7.43922796035472
granularity=30,model,5,4669,930,0.8483870967741935,0.8139004576692607,26.979793308900668,24.992990781888057,837,0.9139784946236559,0.5003682502460287,16.583029632555387,14.36286870710713,93,0.25806451612903225,3.635690324478349,120.5506663960082,120.6640894549164,141,0.0,4.566535165181077,107.78940634555391,107.3409744756831,789,1.0,0.14327752514813782,12.538531663567202,10.276811186418985,638,0.8871473354231975,0.5721264811971144,13.940866126168743,11.728813104050177,0.7139751956196422,0.020759999999427237,"[""y@t"", ""data_quality_1@t+h"", ""cores_1@t+h""]",3,20,1200.0,484,0.15161290322580645,18.861541218637992,8.770637408568442
granularity=30,ar,5,4669,930,0.8483870967741935,0.8636012329207946,28.75435662800259,28.20043311392444,837,0.9139784946236559,0.5431567470030557,18.059899589789016,17.39532626562679,93,0.25806451612903225,3.747601606180444,125.00446997192479,125.44639474860331,141,0.0,4.614547391037478,111.1103060082509,110.83867607220535,789,1.0,0.1932800563752273,14.036753506817533,13.43238209096169,638,0.8871473354231975,0.6284521247974699,16.867501736928926,16.634392080810095,0.7139751956196422,0.020759999999427237,"[""y@t"", ""data_quality_1@t+h"", ""cores_1@t+h""]",3,20,1200.0,484,0.15161290322580645,18.861541218637992,8.770637408568442
granularity=30,persistence,5,4669,930,0.8483870967741935,4.18921933047949,22.44751644778051,18.861541218638,837,0.9139784946236559,2.3768620314777245,10.624820785867753,6.685384309040229,93,0.25806451612903225,20.500435021495374,128.85177740499532,128.44695340501795,141,0.0,27.631021115928544,117.76274585003114,116.72931442080377,789,1.0,0.0,5.413996364488569,1.3718631178707306,638,0.8871473354231975,3.1182343579104317,12.032582478731847,8.770637408568442,0.7139751956196422,0.020759999999427237,"[""y@t"", ""data_quality_1@t+h"", ""cores_1@t+h""]",3,20,1200.0,484,0.15161290322580645,18.861541218637992,8.770637408568442
"ar_order=2,granularity=30,on_change=chain,other_lags=2",model,1,929,940,0.8148936170212766,0.8792100686789212,27.662431710041297,27.3717753696418,846,0.8747044917257684,0.6755167316426736,15.062125367637032,14.6206476224211,94,0.2765957446808511,2.7124501020051492,141.06518879167965,142.13192509462812,154,0.16883116883116883,3.4418191271920966,99.58994257589788,99.04825231214244,786,0.9414758269720102,0.3771212709549656,13.569764186705525,13.328292609915213,660,0.8803030303030303,0.6271598371008071,12.892536873462475,12.761396899337582,0.50865572188239,0.009276582999518723,"[""y@t"", ""data_quality_1@t+h"", ""throughput_2@t""]",3,20,4000.0,132,0.24893617021276596,19.709148936170212,7.9216161616161616
"ar_order=2,granularity=30,on_change=chain,other_lags=2",ar,1,929,940,0.7946808510638298,1.1606803656257345,29.35093129955269,29.77150350160394,846,0.8640661938534279,0.6884980501554484,17.733755333117326,18.09590993156036,94,0.1702127659574468,5.4103212048583105,133.90551499747102,134.85184563199618,154,0.05194805194805195,5.2828541345576685,108.56485100192036,108.16184974260703,786,0.9402035623409669,0.3530279986848724,13.830646777714751,14.41258070120384,660,0.8818181818181818,0.6276193000707296,15.567911607773388,16.431935920518747,0.478469822590906,0.009276582999518723,"[""y@t"", ""data_quality_1@t+h"", ""throughput_2@t""]",3,20,4000.0,132,0.24893617021276596,19.709148936170212,7.9216161616161616
"ar_order=2,granularity=30,on_change=chain,other_lags=2",persistence,1,929,940,0.8361702127659575,4.5267843104819105,23.781432697584076,19.709148936170212,846,0.9113475177304965,2.449558609568134,10.740209576393955,6.179984239558711,94,0.1595744680851064,23.221815618705897,141.15244078829517,141.47163120567376,154,0.0,27.631021115928547,114.30261183852805,112.43766233766235,786,1.0,0.0,6.045730932055616,1.5409669211195953,660,0.8863636363636364,3.139888763173699,11.719374177168541,7.9216161616161616,0.621928957111424,0.009276582999518723,"[""y@t"", ""data_quality_1@t+h"", ""throughput_2@t""]",3,20,4000.0,132,0.24893617021276596,19.709148936170212,7.9216161616161616
"ar_order=2,granularity=30,on_change=chain,other_lags=2",model,2,1869,930,0.8440860215053764,0.7416985574200156,28.53014049817266,26.384630076579416,837,0.9020310633213859,0.5439956009377783,16.325592130065246,13.980022942445954,93,0.3225806451612903,2.5210251657601517,138.3710758111394,138.0260942837806,144,0.20833333333333334,3.1106952722751746,106.53916925863207,104.97507716494766,786,0.960559796437659,0.30768389210303987,14.238410038241165,11.986380228328743,675,0.8962962962962963,0.5093484530131579,13.544729710857405,10.956472878492725,0.7310527462211852,0.023989917001017602,"[""y@t"", ""data_quality_1@t+h"", ""y@t-1""]",3,20,4000.0,229,0.15053763440860216,21.487670250896056,8.24404938271605
"ar_order=2,granularity=30,on_change=chain,other_lags=2",ar,2,1869,930,0.8290322580645161,0.9912975552916071,32.530282372573026,31.468223099374597,837,0.9044205495818399,0.6101948397216099,19.542040696600953,18.272841052527994,93,0.15053763440860216,4.421221995421583,149.42445745632168,150.226661520994,144,0.020833333333333332,4.736239479952282,126.38843357154678,125.78350117802059,786,0.9770992366412213,0.3052013248194225,15.334895893371728,14.189088184202806,675,0.8992592592592593,0.5922827880865019,17.920435598058386,16.61511158081922,0.7099236500380212,0.023989917001017602,"[""y@t"", ""data_quality_1@t+h"", ""y@t-1""]",3,20,4000.0,229,0.15053763440860216,21.487670250896056,8.24404938271605
"ar_order=2,granularity=30,on_change=chain,other_lags=2",persistence,2,1869,930,0.8451612903225807,4.278351656659904,25.41316099333587,21.48767025089606,837,0.9223416965352449,2.1457782228618343,11.035326954590209,6.648426921545206,93,0.15053763440860216,23.471512560842527,154.81366734204687,155.04086021505375,144,0.0,27.631021115928547,132.35294011079276,130.30671296296293,786,1.0,0.0,5.821140391664382,1.5513570822731193,675,0.9037037037037037,2.6607649963486746,12.304323382301998,8.24404938271605,0.7560746335574257,0.023989917001017602,"[""y@t"", ""data_quality_1@t+h"", ""y@t-1""]",3,20,4000.0,229,0.15053763440860216,21.487670250896056,8.24404938271605
"ar_order=2,granularity=30,on_change=chain,other_lags=2",model,3,2799,930,0.8602150537634409,0.7091296188963573,26.977322218590864,24.205923351884966,837,0.9020310633213859,0.5215543622449351,14.879776225196663,11.761555941071174,93,0.4838709677419355,2.3973069287591575,135.85523615913863,136.2052300492091,164,0.24390243902439024,3.377446479687075,97.93408128534232,97.5316751341612,766,0.9921671018276762,0.13784506906649072,11.785535682106216,8.506937330614338,668,0.8772455089820359,0.5938708546619627,13.877043708902457,11.018972810034931,0.6740168392868312,0.02409095800067007,"[""y@t"", ""data_quality_1@t+h"", ""y@t-1"", ""data_quality_1@t""]",4,20,40000.0,399,0.24301075268817204,24.001756272401433,9.868662674650698
"ar_order=2,granularity=30,on_change=chain,other_lags=2",ar,3,2799,930,0.8236559139784946,0.9703302139387039,33.172222338190664,32.574247458505845,837,0.9020310633213859,0.5793058881564811,18.69235721928803,18.10572139151816,93,0.11827956989247312,4.48954914597871,163.49100840831434,162.79098206139497,164,0.0,4.6339742790763045,123.0068456876153,122.04637819736858,766,1.0,0.1859468892878338,13.938699845624551,13.418334349924262,668,0.8772455089820359,0.6509699999815379,17.775047527042528,17.96207473655861,0.6515500329395066,0.02409095800067007,"[""y@t"", ""data_quality_1@t+h"", ""y@t-1"", ""data_quality_1@t""]",4,20,40000.0,399,0.24301075268817204,24.001756272401433,9.868662674650698
"ar_order=2,granularity=30,on_change=chain,other_lags=2",persistence,3,2799,930,0.8236559139784946,4.872567164529335,27.701127065022625,24.001756272401437,837,0.9020310633213859,2.706981758071853,11.880177987380753,7.876065312624454,93,0.11827956989247312,24.362835822646673,170.0896687637995,169.13297491039427,164,0.0,27.631021115928544,130.3506451444316,128.70345528455283,766,1.0,0.0,5.723945648543417,1.585204525674501,668,0.8772455089820359,3.3918319333924267,13.430486026916741,9.8686626746507,0.6515500329395066,0.02409095800067007,"[""y@t"", ""data_quality_1@t+h"", ""y@t-1"", ""data_quality_1@t""]",4,20,40000.0,399,0.24301075268817204,24.001756272401433,9.868662674650698
"ar_order=2,granularity=30,on_change=chain,other_lags=2",model,4,3729,940,0.8542553191489362,0.6604446108487217,21.890747521595202,19.966279018360357,846,0.8995271867612293,0.4718851401029722,12.354300377711164,10.165663652254063,94,0.44680851063829785,2.3574798475604672,107.7187718165516,108.17181731331702,158,0.21518987341772153,3.084064211551477,72.53540916978888,72.2349313756532,782,0.9833759590792839,0.1707618782259144,11.658194400860422,9.40560501266692,639,0.86697965571205,0.5684565410316346,11.716608761583634,9.05979199287781,0.7267066817833027,0.02352558299935481,"[""y@t"", ""data_quality_1@t+h"", ""data_quality_1@t"", ""y@t-1""]",4,20,40000.0,519,0.13085106382978723,19.269822695035458,7.43922796035472
"ar_order=2,granularity=30,on_change=chain,other_lags=2",ar,4,3729,940,0.8319148936170213,0.9384444301957285,30.478417291328913,30.064962755277918,846,0.8995271867612293,0.5768248974405183,18.580004872566438,18.16062939324744,94,0.22340425531914893,4.193020224992621,137.5641290601912,137.20396301355225,158,0.0,4.626103858768453,104.84491335106807,104.1961712230406,782,1.0,0.19336746125136736,15.452961565703866,15.087045954885973,639,0.86697965571205,0.683342653302229,17.130867056604618,16.902527639402802,0.7162683130904123,0.02352558299935481,"[""y@t"", ""data_quality_1@t+h"", ""data_quality_1@t"", ""y@t-1""]",4,20,40000.0,519,0.13085106382978723,19.269822695035458,7.43922796035472
"ar_order=2,granularity=30,on_change=chain,other_lags=2",persistence,4,3729,940,0.8319148936170213,4.64436312374118,22.783106278476236,19.269822695035465,846,0.8995271867612293,2.776166424177218,9.47283303011658,5.618991331757295,94,0.22340425531914893,21.45813341981685,142.57556551371314,142.127304964539,158,0.0,27.631021115928544,109.70094838675975,107.3084388185654,782,1.0,0.0,5.221700839718193,1.4819693094629216,639,0.86697965571205,3.6754879418684294,11.358095794003718,7.43922796035472,0.7162683130904123,0.02352558299935481,"[""y@t"", ""data_quality_1@t+h"", ""data_quality_1@t"", ""y@t-1""]",4,20,40000.0,519,0.13085106382978723,19.269822695035458,7.43922796035472
"ar_order=2,granularity=30,on_change=chain,other_lags=2",model,5,4669,930,0.8709677419354839,0.6901516827537918,22.717003676694937,20.79317535298303,837,0.9151732377538829,0.47621298796995265,13.254395219339107,11.098086176608449,93,0.4731182795698925,2.615599935808344,107.8804797928974,108.04897794035422,141,0.24822695035460993,3.5240649308316243,82.92998996851672,82.54564317980956,789,0.982256020278834,0.18371091218474947,11.956508027586102,9.757563231839125,638,0.8887147335423198,0.5585811621564136,12.337283326160575,10.246411707772022,0.7276477978734976,0.03262154199910583,"[""y@t"", ""data_quality_1@t+h"", ""throughput_2@t-1"", ""data_quality_1@t""]",4,20,40000.0,656,0.17849462365591398,18.861541218637992,8.770637408568442
"ar_order=2,granularity=30,on_change=chain,other_lags=2",ar,5,4669,930,0.8483870967741935,0.8636012329207946,28.75435662800259,28.20043311392444,837,0.9139784946236559,0.5431567470030557,18.059899589789016,17.39532626562679,93,0.25806451612903225,3.747601606180444,125.00446997192479,125.44639474860331,141,0.0,4.614547391037478,111.1103060082509,110.83867607220535,789,1.0,0.1932800563752273,14.036753506817533,13.43238209096169,638,0.8871473354231975,0.6284521247974699,16.867501736928926,16.634392080810095,0.7139751956196422,0.03262154199910583,"[""y@t"", ""data_quality_1@t+h"", ""throughput_2@t-1"", ""data_quality_1@t""]",4,20,40000.0,656,0.17849462365591398,18.861541218637992,8.770637408568442
"ar_order=2,granularity=30,on_change=chain,other_lags=2",persistence,5,4669,930,0.8483870967741935,4.18921933047949,22.44751644778051,18.861541218638,837,0.9139784946236559,2.3768620314777245,10.624820785867753,6.685384309040229,93,0.25806451612903225,20.500435021495374,128.85177740499532,128.44695340501795,141,0.0,27.631021115928544,117.76274585003114,116.72931442080377,789,1.0,0.0,5.413996364488569,1.3718631178707306,638,0.8871473354231975,3.1182343579104317,12.032582478731847,8.770637408568442,0.7139751956196422,0.03262154199910583,"[""y@t"", ""data_quality_1@t+h"", ""throughput_2@t-1"", ""data_quality_1@t""]",4,20,40000.0,656,0.17849462365591398,18.861541218637992,8.770637408568442
"ar_order=3,granularity=30,max_parents=6,on_change=chain,other_lags=3,velocity=binned",model,1,929,940,0.8148936170212766,0.8792100686789212,27.662431710041297,27.3717753696418,846,0.8747044917257684,0.6755167316426736,15.062125367637032,14.6206476224211,94,0.2765957446808511,2.7124501020051492,141.06518879167965,142.13192509462812,154,0.16883116883116883,3.4418191271920966,99.58994257589788,99.04825231214244,786,0.9414758269720102,0.3771212709549656,13.569764186705525,13.328292609915213,660,0.8803030303030303,0.6271598371008071,12.892536873462475,12.761396899337582,0.50865572188239,0.01694691599914222,"[""y@t"", ""data_quality_1@t+h"", ""throughput_2@t""]",3,20,4000.0,132,0.24893617021276596,19.709148936170212,7.9216161616161616
"ar_order=3,granularity=30,max_parents=6,on_change=chain,other_lags=3,velocity=binned",ar,1,929,940,0.7946808510638298,1.1606803656257345,29.35093129955269,29.77150350160394,846,0.8640661938534279,0.6884980501554484,17.733755333117326,18.09590993156036,94,0.1702127659574468,5.4103212048583105,133.90551499747102,134.85184563199618,154,0.05194805194805195,5.2828541345576685,108.56485100192036,108.16184974260703,786,0.9402035623409669,0.3530279986848724,13.830646777714751,14.41258070120384,660,0.8818181818181818,0.6276193000707296,15.567911607773388,16.431935920518747,0.478469822590906,0.01694691599914222,"[""y@t"", ""data_quality_1@t+h"", ""throughput_2@t""]",3,20,4000.0,132,0.24893617021276596,19.709148936170212,7.9216161616161616
"ar_order=3,granularity=30,max_parents=6,on_change=chain,other_lags=3,velocity=binned",persistence,1,929,940,0.8361702127659575,4.5267843104819105,23.781432697584076,19.709148936170212,846,0.9113475177304965,2.449558609568134,10.740209576393955,6.179984239558711,94,0.1595744680851064,23.221815618705897,141.15244078829517,141.47163120567376,154,0.0,27.631021115928547,114.30261183852805,112.43766233766235,786,1.0,0.0,6.045730932055616,1.5409669211195953,660,0.8863636363636364,3.139888763173699,11.719374177168541,7.9216161616161616,0.621928957111424,0.01694691599914222,"[""y@t"", ""data_quality_1@t+h"", ""throughput_2@t""]",3,20,4000.0,132,0.24893617021276596,19.709148936170212,7.9216161616161616
"ar_order=3,granularity=30,max_parents=6,on_change=chain,other_lags=3,velocity=binned",model,2,1869,930,0.8440860215053764,0.7416985574200156,28.53014049817266,26.384630076579416,837,0.9020310633213859,0.5439956009377783,16.325592130065246,13.980022942445954,93,0.3225806451612903,2.5210251657601517,138.3710758111394,138.0260942837806,144,0.20833333333333334,3.1106952722751746,106.53916925863207,104.97507716494766,786,0.960559796437659,0.30768389210303987,14.238410038241165,11.986380228328743,675,0.8962962962962963,0.5093484530131579,13.544729710857405,10.956472878492725,0.7310527462211852,0.023847791000662255,"[""y@t"", ""data_quality_1@t+h"", ""y@t-1""]",3,20,4000.0,229,0.15053763440860216,21.487670250896056,8.24404938271605
"ar_order=3,granularity=30,max_parents=6,on_change=chain,other_lags=3,velocity=binned",ar,2,1869,930,0.8290322580645161,0.9912975552916071,32.530282372573026,31.468223099374597,837,0.9044205495818399,0.6101948397216099,19.542040696600953,18.272841052527994,93,0.15053763440860216,4.421221995421583,149.42445745632168,150.226661520994,144,0.020833333333333332,4.736239479952282,126.38843357154678,125.78350117802059,786,0.9770992366412213,0.3052013248194225,15.334895893371728,14.189088184202806,675,0.8992592592592593,0.5922827880865019,17.920435598058386,16.61511158081922,0.7099236500380212,0.023847791000662255,"[""y@t"", ""data_quality_1@t+h"", ""y@t-1""]",3,20,4000.0,229,0.15053763440860216,21.487670250896056,8.24404938271605
"ar_order=3,granularity=30,max_parents=6,on_change=chain,other_lags=3,velocity=binned",persistence,2,1869,930,0.8451612903225807,4.278351656659904,25.41316099333587,21.48767025089606,837,0.9223416965352449,2.1457782228618343,11.035326954590209,6.648426921545206,93,0.15053763440860216,23.471512560842527,154.81366734204687,155.04086021505375,144,0.0,27.631021115928547,132.35294011079276,130.30671296296293,786,1.0,0.0,5.821140391664382,1.5513570822731193,675,0.9037037037037037,2.6607649963486746,12.304323382301998,8.24404938271605,0.7560746335574257,0.023847791000662255,"[""y@t"", ""data_quality_1@t+h"", ""y@t-1""]",3,20,4000.0,229,0.15053763440860216,21.487670250896056,8.24404938271605
"ar_order=3,granularity=30,max_parents=6,on_change=chain,other_lags=3,velocity=binned",model,3,2799,930,0.8602150537634409,0.7091296188963573,26.977322218590864,24.205923351884966,837,0.9020310633213859,0.5215543622449351,14.879776225196663,11.761555941071174,93,0.4838709677419355,2.3973069287591575,135.85523615913863,136.2052300492091,164,0.24390243902439024,3.377446479687075,97.93408128534232,97.5316751341612,766,0.9921671018276762,0.13784506906649072,11.785535682106216,8.506937330614338,668,0.8772455089820359,0.5938708546619627,13.877043708902457,11.018972810034931,0.6740168392868312,0.04703820800023095,"[""y@t"", ""data_quality_1@t+h"", ""y@t-1"", ""data_quality_1@t""]",4,20,40000.0,399,0.24301075268817204,24.001756272401433,9.868662674650698
"ar_order=3,granularity=30,max_parents=6,on_change=chain,other_lags=3,velocity=binned",ar,3,2799,930,0.8236559139784946,0.9703302139387039,33.172222338190664,32.574247458505845,837,0.9020310633213859,0.5793058881564811,18.69235721928803,18.10572139151816,93,0.11827956989247312,4.48954914597871,163.49100840831434,162.79098206139497,164,0.0,4.6339742790763045,123.0068456876153,122.04637819736858,766,1.0,0.1859468892878338,13.938699845624551,13.418334349924262,668,0.8772455089820359,0.6509699999815379,17.775047527042528,17.96207473655861,0.6515500329395066,0.04703820800023095,"[""y@t"", ""data_quality_1@t+h"", ""y@t-1"", ""data_quality_1@t""]",4,20,40000.0,399,0.24301075268817204,24.001756272401433,9.868662674650698
"ar_order=3,granularity=30,max_parents=6,on_change=chain,other_lags=3,velocity=binned",persistence,3,2799,930,0.8236559139784946,4.872567164529335,27.701127065022625,24.001756272401437,837,0.9020310633213859,2.706981758071853,11.880177987380753,7.876065312624454,93,0.11827956989247312,24.362835822646673,170.0896687637995,169.13297491039427,164,0.0,27.631021115928544,130.3506451444316,128.70345528455283,766,1.0,0.0,5.723945648543417,1.585204525674501,668,0.8772455089820359,3.3918319333924267,13.430486026916741,9.8686626746507,0.6515500329395066,0.04703820800023095,"[""y@t"", ""data_quality_1@t+h"", ""y@t-1"", ""data_quality_1@t""]",4,20,40000.0,399,0.24301075268817204,24.001756272401433,9.868662674650698
"ar_order=3,granularity=30,max_parents=6,on_change=chain,other_lags=3,velocity=binned",model,4,3729,940,0.8542553191489362,0.6604446108487217,21.890747521595202,19.966279018360357,846,0.8995271867612293,0.4718851401029722,12.354300377711164,10.165663652254063,94,0.44680851063829785,2.3574798475604672,107.7187718165516,108.17181731331702,158,0.21518987341772153,3.084064211551477,72.53540916978888,72.2349313756532,782,0.9833759590792839,0.1707618782259144,11.658194400860422,9.40560501266692,639,0.86697965571205,0.5684565410316346,11.716608761583634,9.05979199287781,0.7267066817833027,0.08322149999912654,"[""y@t"", ""data_quality_1@t+h"", ""data_quality_1@t"", ""y@t-1""]",4,20,40000.0,519,0.13085106382978723,19.269822695035458,7.43922796035472
"ar_order=3,granularity=30,max_parents=6,on_change=chain,other_lags=3,velocity=binned",ar,4,3729,940,0.8319148936170213,0.9384444301957285,30.478417291328913,30.064962755277918,846,0.8995271867612293,0.5768248974405183,18.580004872566438,18.16062939324744,94,0.22340425531914893,4.193020224992621,137.5641290601912,137.20396301355225,158,0.0,4.626103858768453,104.84491335106807,104.1961712230406,782,1.0,0.19336746125136736,15.452961565703866,15.087045954885973,639,0.86697965571205,0.683342653302229,17.130867056604618,16.902527639402802,0.7162683130904123,0.08322149999912654,"[""y@t"", ""data_quality_1@t+h"", ""data_quality_1@t"", ""y@t-1""]",4,20,40000.0,519,0.13085106382978723,19.269822695035458,7.43922796035472
"ar_order=3,granularity=30,max_parents=6,on_change=chain,other_lags=3,velocity=binned",persistence,4,3729,940,0.8319148936170213,4.64436312374118,22.783106278476236,19.269822695035465,846,0.8995271867612293,2.776166424177218,9.47283303011658,5.618991331757295,94,0.22340425531914893,21.45813341981685,142.57556551371314,142.127304964539,158,0.0,27.631021115928544,109.70094838675975,107.3084388185654,782,1.0,0.0,5.221700839718193,1.4819693094629216,639,0.86697965571205,3.6754879418684294,11.358095794003718,7.43922796035472,0.7162683130904123,0.08322149999912654,"[""y@t"", ""data_quality_1@t+h"", ""data_quality_1@t"", ""y@t-1""]",4,20,40000.0,519,0.13085106382978723,19.269822695035458,7.43922796035472
"ar_order=3,granularity=30,max_parents=6,on_change=chain,other_lags=3,velocity=binned",model,5,4669,930,0.8698924731182796,0.6922188741009334,22.412770104192656,20.496136690398433,837,0.9139784946236559,0.47850986724455447,12.916357916558795,10.768043218181122,93,0.4731182795698925,2.615599935808344,107.8804797928974,108.04897794035422,141,0.24113475177304963,3.556778888170247,82.88423318565003,82.54026817871548,789,0.982256020278834,0.18030130504672146,11.606082785453125,9.40840216587029,638,0.8871473354231975,0.564284930401559,12.257351891169874,10.176959030910206,0.7271286141895812,0.09759716699954879,"[""y@t"", ""data_quality_1@t+h"", ""throughput_2@t-1"", ""data_quality_1@t"", ""throughput_2@t""]",5,20,800000.0,749,0.1913978494623656,18.861541218637992,8.770637408568442
"ar_order=3,granularity=30,max_parents=6,on_change=chain,other_lags=3,velocity=binned",ar,5,4669,930,0.8483870967741935,0.8636012329207946,28.75435662800259,28.20043311392444,837,0.9139784946236559,0.5431567470030557,18.059899589789016,17.39532626562679,93,0.25806451612903225,3.747601606180444,125.00446997192479,125.44639474860331,141,0.0,4.614547391037478,111.1103060082509,110.83867607220535,789,1.0,0.1932800563752273,14.036753506817533,13.43238209096169,638,0.8871473354231975,0.6284521247974699,16.867501736928926,16.634392080810095,0.7139751956196422,0.09759716699954879,"[""y@t"", ""data_quality_1@t+h"", ""throughput_2@t-1"", ""data_quality_1@t"", ""throughput_2@t""]",5,20,800000.0,749,0.1913978494623656,18.861541218637992,8.770637408568442
"ar_order=3,granularity=30,max_parents=6,on_change=chain,other_lags=3,velocity=binned",persistence,5,4669,930,0.8483870967741935,4.18921933047949,22.44751644778051,18.861541218638,837,0.9139784946236559,2.3768620314777245,10.624820785867753,6.685384309040229,93,0.25806451612903225,20.500435021495374,128.85177740499532,128.44695340501795,141,0.0,27.631021115928544,117.76274585003114,116.72931442080377,789,1.0,0.0,5.413996364488569,1.3718631178707306,638,0.8871473354231975,3.1182343579104317,12.032582478731847,8.770637408568442,0.7139751956196422,0.09759716699954879,"[""y@t"", ""data_quality_1@t+h"", ""throughput_2@t-1"", ""data_quality_1@t"", ""throughput_2@t""]",5,20,800000.0,749,0.1913978494623656,18.861541218637992,8.770637408568442
