config,model,fold,n_train,n_all,acc_all,logloss_all,mae_all,maeh_all,n_within,acc_within,logloss_within,mae_within,maeh_within,n_xrun,acc_xrun,logloss_xrun,mae_xrun,maeh_xrun,n_change,acc_change,logloss_change,mae_change,maeh_change,n_stay,acc_stay,logloss_stay,mae_stay,maeh_stay,n_event,acc_event,logloss_event,mae_event,maeh_event,f1_all,search_sec,parents,n_parents,n_y,cpt_configs_possible,cpt_configs_seen,test_unseen_config_frac,mae_persistence_continuous,mae_persistence_continuous_event
n_bins=10,model,1,33200,33558,0.9364980034567019,0.3140770255049671,12.763905312474595,6.056325175554379,33464,0.9385608415013148,0.2964544502578388,12.454455253382202,5.725454241121513,94,0.20212765957446807,6.587713813482629,122.92812634936617,123.8463778336551,2701,0.2950758978156238,3.4953476672453,48.93758590445979,44.39656522418698,30857,0.9926434844605762,0.03561145842648765,9.597521306286303,2.7002961263481495,18713,0.8961684390530648,0.5087840762253324,13.702109152961514,8.965960741795623,0.908251536582398,0.052372267469763756,"[""y@t"", ""throughput_2@t"", ""buffer_size_3@t""]",3,10,1000.0,156,0.1322784432922105,5.184546158889088,8.675573130978464
n_bins=10,ar,1,33200,33558,0.919512485845402,0.42857420871825874,13.935799437778812,6.49911521894364,33464,0.9215873774802773,0.4154244186315729,13.629082137551833,6.170845764491568,94,0.18085106382978725,5.109899479578389,123.12715831858237,123.36304100388159,2701,0.0,4.726903555003183,57.71214213555326,44.53293937683379,30857,1.0,0.05232935133369179,10.103933033828694,3.1699076144953366,18713,0.8597766258750601,0.7108060925517409,15.425188689245024,9.250849342396215,0.8836493679575176,0.052372267469763756,"[""y@t"", ""throughput_2@t"", ""buffer_size_3@t""]",3,10,1000.0,156,0.1322784432922105,5.184546158889088,8.675573130978464
n_bins=10,persistence,1,33200,33558,0.919512485845402,2.2239522031742953,13.215576200824652,5.184546158889093,33464,0.9215873774802773,2.1666208285977917,12.905891680200845,4.851362658379158,94,0.18085106382978725,22.63392155240955,123.46326554290002,123.79787234042553,2701,0.0,27.631021115928544,59.06715388457751,45.137726767863754,30857,1.0,0.0,9.202058641638194,1.6873318857957729,18713,0.8597766258750601,3.8745150113929623,15.084372133458253,8.675573130978464,0.8836493679575176,0.052372267469763756,"[""y@t"", ""throughput_2@t"", ""buffer_size_3@t""]",3,10,1000.0,156,0.1322784432922105,5.184546158889088,8.675573130978464
n_bins=10,model,2,66758,33201,0.9270202704737809,0.24540696865253647,13.148940576385098,7.7697952803014525,33108,0.9289899722121542,0.23406611405928265,12.821783905103889,7.429310762517136,93,0.22580645161290322,4.282751203850895,129.616715552496,128.98228361151862,2534,0.39463299131807417,2.2076666050100795,43.971052461703245,46.33528546348475,30667,0.9710111846610363,0.08326636414182416,10.602123753174606,4.583146696345198,19738,0.894315533488702,0.3544574624360156,12.690827242676269,10.107108917305933,0.9028272264261339,0.1056891679763794,"[""y@t"", ""data_quality_1@t+h"", ""throughput_2@t"", ""data_quality_1@t""]",4,10,10000.0,442,0.06162464985994398,4.902623414957381,7.62306211368933
n_bins=10,ar,2,66758,33201,0.9236769976807927,0.34827491815605843,13.58374734008622,6.310373056782734,33108,0.9256373082034554,0.3361097694842863,13.250020277172913,5.957921834990843,93,0.22580645161290322,4.679067845306953,132.39058173722378,131.78300801469592,2534,0.0,3.6641486971630317,54.13175951285833,41.29168663960405,30667,1.0,0.07428580425500292,10.23328388276061,3.4198833245340876,19738,0.8752659843955821,0.527111530250653,14.223833071196745,8.39973963226726,0.9044400983615895,0.1056891679763794,"[""y@t"", ""data_quality_1@t+h"", ""throughput_2@t"", ""data_quality_1@t""]",4,10,10000.0,442,0.06162464985994398,4.902623414957381,7.62306211368933
n_bins=10,persistence,2,66758,33201,0.9236769976807927,2.108882488713079,13.052425577143834,4.902623414957391,33108,0.9256373082034554,2.0547171072676114,12.715477384683718,4.544641778422144,93,0.22580645161290322,21.391758283299517,133.00598209294583,132.34408602150538,2534,0.0,27.631021115928544,55.67658199158882,41.73164956590371,30667,1.0,0.0,9.530411283140392,1.8594580493690398,19738,0.8752659843955821,3.446528219040231,13.759000035025334,7.62306211368933,0.9044400983615895,0.1056891679763794,"[""y@t"", ""data_quality_1@t+h"", ""throughput_2@t"", ""data_quality_1@t""]",4,10,10000.0,442,0.06162464985994398,4.902623414957381,7.62306211368933
n_bins=10,model,3,99959,33201,0.9419595795307371,0.2575290162686762,13.794636270858984,7.271249045032048,33108,0.9440920623414281,0.24067714407823113,13.404556260466126,6.869248589865652,93,0.1827956989247312,6.256795516067132,152.66311997071688,150.3834110842695,1972,0.19574036511156187,3.103309122871343,53.658629933319126,50.418108702197216,31229,0.9890806622050018,0.07782814943911205,11.277367209974186,4.54667870195575,18433,0.9147181685021429,0.3760360861799502,13.812412399300653,9.192815531115746,0.8516181516540987,0.16591810807585716,"[""y@t"", ""data_quality_1@t"", ""buffer_size_2@t"", ""throughput_2@t""]",4,10,10000.0,780,0.11602060178910274,4.688894912803831,7.6735745673520315
n_bins=10,ar,3,99959,33201,0.9406041986687148,0.28324868548674714,13.029738801872465,6.491692508778052,33108,0.9427026700495349,0.26986326673269695,12.634323782158758,6.084051038394336,93,0.1935483870967742,5.048457761928604,153.79748581995182,151.6120559653807,1972,0.0,3.681823762970325,61.033577474233525,51.03448839019083,31229,1.0,0.068640787289635,9.998467552011887,3.678973770485247,18433,0.8970867465957794,0.43631625899487814,13.333266601668782,8.391300774472446,0.869816564548308,0.16591810807585716,"[""y@t"", ""data_quality_1@t"", ""buffer_size_2@t"", ""throughput_2@t""]",4,10,10000.0,780,0.11602060178910274,4.688894912803831,7.6735745673520315
n_bins=10,persistence,3,99959,33201,0.9406041986687148,1.6411666407822385,12.819021815133235,4.688894912803836,33108,0.9427026700495349,1.5831837337476273,12.418488268999218,4.272290685030813,93,0.1935483870967742,22.283081545103663,155.40896423884416,153.0,1972,0.0,27.631021115928547,63.21469639662777,52.13133874239351,31229,1.0,0.0,9.63671465593162,1.6930737455570204,18433,0.8970867465957794,2.8435982779209272,13.786298730666399,7.6735745673520315,0.869816564548308,0.16591810807585716,"[""y@t"", ""data_quality_1@t"", ""buffer_size_2@t"", ""throughput_2@t""]",4,10,10000.0,780,0.11602060178910274,4.688894912803831,7.6735745673520315
n_bins=10,model,4,133160,33558,0.9564634364384051,0.1736114998167018,12.928634572664139,5.590099000301877,33464,0.9582835285680134,0.15953260926358143,12.654669786214026,5.294850274818664,94,0.30851063829787234,5.185696536727557,110.46009854890556,110.698645272326,2489,0.47167537163519485,1.803516824862782,29.904527900745567,35.22322306928419,31069,0.9953007821300975,0.04303651014726621,11.568661657745904,3.216129905458241,17046,0.9235011146309985,0.27346175802426254,13.119847263884408,7.906573221483231,0.8677959429810205,0.3588943537324667,"[""y@t"", ""throughput_2@t"", ""data_quality_3@t+h"", ""buffer_size_3@t""]",4,10,9000.0,732,0.061118064246975384,3.4797365754812564,6.237240408306934
n_bins=10,ar,4,133160,33558,0.9258299064306573,0.31556199497715653,13.82211138728502,4.966362331090931,33464,0.9276237150370548,0.3046449661573449,13.549637274260553,4.6689480014445985,94,0.2872340425531915,4.2020242548300955,110.82289562399484,110.84586368518508,2489,0.0,3.4727990751037146,39.36431415544152,29.379727090430567,31069,1.0,0.06262939037337133,11.775874215507956,3.010558639758852,17046,0.8579138800891705,0.5462567690132858,14.713889596892855,6.758186900179862,0.8508292085157517,0.3588943537324667,"[""y@t"", ""throughput_2@t"", ""data_quality_3@t+h"", ""buffer_size_3@t""]",4,10,9000.0,732,0.061118064246975384,3.4797365754812564,6.237240408306934
n_bins=10,persistence,4,133160,33558,0.9258299064306573,2.0493954215849026,13.593333706507003,3.4797365754812697,33464,0.9276237150370548,1.999830658103602,13.317577780854547,3.1771455892899967,94,0.2872340425531915,19.694451220927792,111.7624432387814,111.20212765957447,2489,0.0,27.63102111592855,41.37933657231266,29.579349136199276,31069,1.0,0.0,11.36734120166326,1.3888441855225613,17046,0.8579138800891705,3.925984579536486,14.789506929639751,6.237240408306934,0.8508292085157517,0.3588943537324667,"[""y@t"", ""throughput_2@t"", ""data_quality_3@t+h"", ""buffer_size_3@t""]",4,10,9000.0,732,0.061118064246975384,3.4797365754812564,6.237240408306934
n_bins=10,model,5,166718,33201,0.954850757507304,0.18730488099397768,13.660566478580236,6.418287752489163,33108,0.9568080222302767,0.1761140399027838,13.371478599206181,6.113420595205175,93,0.25806451612903225,4.171244309459003,116.57585153574438,114.95099574558908,2000,0.394,2.4334137810270886,50.55603953769541,52.53271847556102,31201,0.9908015768725361,0.04332815588689069,11.295547853592888,3.4623292432701085,18670,0.931494376004285,0.27755772043851834,13.623249352507315,8.181135964141369,0.7844232311156365,0.4773002900183201,"[""y@t"", ""throughput_2@t"", ""data_quality_2@t+h"", ""data_quality_2@t""]",4,10,10000.0,560,0.011806873286949189,4.876780819854823,8.07123727905731
n_bins=10,ar,5,166718,33201,0.9397608505767898,0.2941188680047986,14.237579600290546,6.481127069220484,33108,0.9416757279207443,0.28268288598276514,13.934031864660353,6.163409740501259,93,0.25806451612903225,4.365328467848677,122.3005734846392,119.58849609326471,2000,0.0,3.853643595381201,64.65351209058157,55.57169989338174,31201,1.0,0.06595151904954696,11.005892635751522,3.334396334682408,18670,0.8965720407070166,0.457887958472139,15.797015605741896,8.85138711153113,0.7752941726690848,0.4773002900183201,"[""y@t"", ""throughput_2@t"", ""data_quality_2@t+h"", ""data_quality_2@t""]",4,10,10000.0,560,0.011806873286949189,4.876780819854823,8.07123727905731
n_bins=10,persistence,5,166718,33201,0.9397608505767898,1.6644692097182947,13.566081443738328,4.876780819854831,33108,0.9416757279207443,1.611559193393078,13.257166126683606,4.5514679231605735,93,0.25806451612903225,20.500435021495374,123.53993431521938,120.68817204301075,2000,0.0,27.631021115928547,66.71928703569134,56.4135,31201,1.0,0.0,10.158933878470997,1.5732508573443247,18670,0.8965720407070166,2.8578201272018227,15.317202208164895,8.07123727905731,0.7752941726690848,0.4773002900183201,"[""y@t"", ""throughput_2@t"", ""data_quality_2@t+h"", ""data_quality_2@t""]",4,10,10000.0,560,0.011806873286949189,4.876780819854823,8.07123727905731
"ar_order=2,n_bins=10,on_change=chain,other_lags=2",model,1,33200,33558,0.9353656356159485,0.27661044145210895,12.889660964555391,6.086353129084814,33464,0.9369471671049486,0.2715650031432363,12.560103836102167,5.73216784689891,94,0.3723404255319149,2.0727864794107624,130.21199869390335,132.1763135872667,2701,0.23991114402073307,3.0932625584055606,50.60072369423234,45.92604338441927,30857,0.9962407233366821,0.03006095939321556,9.588705575734135,2.5990729858544808,18713,0.8907711216801154,0.4682923171610011,13.981249525684685,9.16555280632673,0.9107736746851038,0.08620013669133186,"[""y@t"", ""throughput_2@t"", ""throughput_2@t-1"", ""buffer_size_3@t""]",4,10,10000.0,270,0.14610525061088264,5.184546158889088,8.675573130978464
"ar_order=2,n_bins=10,on_change=chain,other_lags=2",ar,1,33200,33558,0.919512485845402,0.42857420871825874,13.935799437778812,6.49911521894364,33464,0.9215873774802773,0.4154244186315729,13.629082137551833,6.170845764491568,94,0.18085106382978725,5.109899479578389,123.12715831858237,123.36304100388159,2701,0.0,4.726903555003183,57.71214213555326,44.53293937683379,30857,1.0,0.05232935133369179,10.103933033828694,3.1699076144953366,18713,0.8597766258750601,0.7108060925517409,15.425188689245024,9.250849342396215,0.8836493679575176,0.08620013669133186,"[""y@t"", ""throughput_2@t"", ""throughput_2@t-1"", ""buffer_size_3@t""]",4,10,10000.0,270,0.14610525061088264,5.184546158889088,8.675573130978464
"ar_order=2,n_bins=10,on_change=chain,other_lags=2",persistence,1,33200,33558,0.919512485845402,2.2239522031742953,13.215576200824652,5.184546158889093,33464,0.9215873774802773,2.1666208285977917,12.905891680200845,4.851362658379158,94,0.18085106382978725,22.63392155240955,123.46326554290002,123.79787234042553,2701,0.0,27.631021115928544,59.06715388457751,45.137726767863754,30857,1.0,0.0,9.202058641638194,1.6873318857957729,18713,0.8597766258750601,3.8745150113929623,15.084372133458253,8.675573130978464,0.8836493679575176,0.08620013669133186,"[""y@t"", ""throughput_2@t"", ""throughput_2@t-1"", ""buffer_size_3@t""]",4,10,10000.0,270,0.14610525061088264,5.184546158889088,8.675573130978464
"ar_order=2,n_bins=10,on_change=chain,other_lags=2",model,2,66758,33201,0.9349417186229331,0.22272273989922772,13.248173245284027,7.433130843585706,33108,0.93614836293343,0.21905936421804145,12.990343559811594,7.155096412908443,93,0.5053763440860215,1.5268844824015484,105.03554127347077,106.41338816469164,2534,0.5011838989739542,1.9324439070099109,43.120228292784766,47.95918866690118,30667,0.9707829262725405,0.08144927208501469,10.779859178359748,4.08448146398283,19738,0.9069307933934543,0.3342137249657663,13.660139140255867,10.708168628467808,0.9080783062094746,0.18025059811770916,"[""y@t"", ""data_quality_1@t+h"", ""throughput_2@t"", ""throughput_2@t-1""]",4,10,10000.0,617,0.0682810758712087,4.902623414957381,7.62306211368933
"ar_order=2,n_bins=10,on_change=chain,other_lags=2",ar,2,66758,33201,0.9236769976807927,0.34827491815605843,13.58374734008622,6.310373056782734,33108,0.9256373082034554,0.3361097694842863,13.250020277172913,5.957921834990843,93,0.22580645161290322,4.679067845306953,132.39058173722378,131.78300801469592,2534,0.0,3.6641486971630317,54.13175951285833,41.29168663960405,30667,1.0,0.07428580425500292,10.23328388276061,3.4198833245340876,19738,0.8752659843955821,0.527111530250653,14.223833071196745,8.39973963226726,0.9044400983615895,0.18025059811770916,"[""y@t"", ""data_quality_1@t+h"", ""throughput_2@t"", ""throughput_2@t-1""]",4,10,10000.0,617,0.0682810758712087,4.902623414957381,7.62306211368933
"ar_order=2,n_bins=10,on_change=chain,other_lags=2",persistence,2,66758,33201,0.9236769976807927,2.108882488713079,13.052425577143834,4.902623414957391,33108,0.9256373082034554,2.0547171072676114,12.715477384683718,4.544641778422144,93,0.22580645161290322,21.391758283299517,133.00598209294583,132.34408602150538,2534,0.0,27.631021115928544,55.67658199158882,41.73164956590371,30667,1.0,0.0,9.530411283140392,1.8594580493690398,19738,0.8752659843955821,3.446528219040231,13.759000035025334,7.62306211368933,0.9044400983615895,0.18025059811770916,"[""y@t"", ""data_quality_1@t+h"", ""throughput_2@t"", ""throughput_2@t-1""]",4,10,10000.0,617,0.0682810758712087,4.902623414957381,7.62306211368933
"ar_order=2,n_bins=10,on_change=chain,other_lags=2",model,3,99959,33201,0.942110177404295,0.22399541946488583,12.405657691337202,5.891131704705365,33108,0.9432765494744473,0.2192856576067109,12.138493312631173,5.613092710433129,93,0.5268817204301075,1.9006706409751792,107.51617651068362,104.87301366562086,1972,0.1546653144016227,3.0229176404621185,49.582650926303465,45.83752240458107,31229,0.9918345127925966,0.047253461035011636,10.058063126690447,3.3686595647023245,18433,0.902674551076873,0.35641761199333805,12.441582010863067,7.892373474445068,0.8552158011664955,0.2750610075891018,"[""y@t"", ""data_quality_1@t"", ""y@t-1"", ""data_quality_1@t+h""]",4,10,10000.0,500,0.029125628746122106,4.688894912803831,7.6735745673520315
"ar_order=2,n_bins=10,on_change=chain,other_lags=2",ar,3,99959,33201,0.9406041986687148,0.28324868548674714,13.029738801872465,6.491692508778052,33108,0.9427026700495349,0.26986326673269695,12.634323782158758,6.084051038394336,93,0.1935483870967742,5.048457761928604,153.79748581995182,151.6120559653807,1972,0.0,3.681823762970325,61.033577474233525,51.03448839019083,31229,1.0,0.068640787289635,9.998467552011887,3.678973770485247,18433,0.8970867465957794,0.43631625899487814,13.333266601668782,8.391300774472446,0.869816564548308,0.2750610075891018,"[""y@t"", ""data_quality_1@t"", ""y@t-1"", ""data_quality_1@t+h""]",4,10,10000.0,500,0.029125628746122106,4.688894912803831,7.6735745673520315
"ar_order=2,n_bins=10,on_change=chain,other_lags=2",persistence,3,99959,33201,0.9406041986687148,1.6411666407822385,12.819021815133235,4.688894912803836,33108,0.9427026700495349,1.5831837337476273,12.418488268999218,4.272290685030813,93,0.1935483870967742,22.283081545103663,155.40896423884416,153.0,1972,0.0,27.631021115928547,63.21469639662777,52.13133874239351,31229,1.0,0.0,9.63671465593162,1.6930737455570204,18433,0.8970867465957794,2.8435982779209272,13.786298730666399,7.6735745673520315,0.869816564548308,0.2750610075891018,"[""y@t"", ""data_quality_1@t"", ""y@t-1"", ""data_quality_1@t+h""]",4,10,10000.0,500,0.029125628746122106,4.688894912803831,7.6735745673520315
"ar_order=2,n_bins=10,on_change=chain,other_lags=2",model,4,133160,33558,0.9590261636569521,0.1432250463447109,13.241797442656265,5.457147911614269,33464,0.9598075543868038,0.140114794974589,13.086128747132165,5.275655557790941,94,0.6808510638297872,1.2504745341080945,68.6598530492365,70.0684258727192,2489,0.6536761751707513,1.4926625680537193,27.504530299464165,37.55561309843739,31069,0.9834883646078084,0.03511889579162831,12.09918126316562,2.885675387554829,17046,0.9338847823536314,0.24842370145325174,13.914651546895723,8.984903248104196,0.8668107008765056,0.6280874144285917,"[""y@t"", ""y@t-1"", ""throughput_2@t"", ""throughput_2@t-1""]",4,10,10000.0,829,0.00694320281304011,3.4797365754812564,6.237240408306934
"ar_order=2,n_bins=10,on_change=chain,other_lags=2",ar,4,133160,33558,0.9258299064306573,0.31556199497715653,13.82211138728502,4.966362331090931,33464,0.9276237150370548,0.3046449661573449,13.549637274260553,4.6689480014445985,94,0.2872340425531915,4.2020242548300955,110.82289562399484,110.84586368518508,2489,0.0,3.4727990751037146,39.36431415544152,29.379727090430567,31069,1.0,0.06262939037337133,11.775874215507956,3.010558639758852,17046,0.8579138800891705,0.5462567690132858,14.713889596892855,6.758186900179862,0.8508292085157517,0.6280874144285917,"[""y@t"", ""y@t-1"", ""throughput_2@t"", ""throughput_2@t-1""]",4,10,10000.0,829,0.00694320281304011,3.4797365754812564,6.237240408306934
"ar_order=2,n_bins=10,on_change=chain,other_lags=2",persistence,4,133160,33558,0.9258299064306573,2.0493954215849026,13.593333706507003,3.4797365754812697,33464,0.9276237150370548,1.999830658103602,13.317577780854547,3.1771455892899967,94,0.2872340425531915,19.694451220927792,111.7624432387814,111.20212765957447,2489,0.0,27.63102111592855,41.37933657231266,29.579349136199276,31069,1.0,0.0,11.36734120166326,1.3888441855225613,17046,0.8579138800891705,3.925984579536486,14.789506929639751,6.237240408306934,0.8508292085157517,0.6280874144285917,"[""y@t"", ""y@t-1"", ""throughput_2@t"", ""throughput_2@t-1""]",4,10,10000.0,829,0.00694320281304011,3.4797365754812564,6.237240408306934
"ar_order=2,n_bins=10,on_change=chain,other_lags=2",model,5,166718,33201,0.9546700400590343,0.15771223976325696,13.029114973055652,6.141866161186379,33108,0.9553582215778664,0.1543823083923985,12.84302368805624,5.932499512183746,93,0.7096774193548387,1.3431678077888691,79.27761243284597,80.67639320612446,2000,0.5655,1.8939963089118268,49.68227291589575,57.57325904874787,31201,0.9796160379475016,0.04641554612211918,10.679628870505086,2.845087667704666,18670,0.9299410819496519,0.2489188073007388,14.193569307326662,9.403757152822735,0.7838870389565491,0.8191362451761961,"[""y@t"", ""throughput_2@t"", ""throughput_2@t-1"", ""y@t-1""]",4,10,10000.0,879,0.0031324357700069274,4.876780819854823,8.07123727905731
"ar_order=2,n_bins=10,on_change=chain,other_lags=2",ar,5,166718,33201,0.9397608505767898,0.2941188680047986,14.237579600290546,6.481127069220484,33108,0.9416757279207443,0.28268288598276514,13.934031864660353,6.163409740501259,93,0.25806451612903225,4.365328467848677,122.3005734846392,119.58849609326471,2000,0.0,3.853643595381201,64.65351209058157,55.57169989338174,31201,1.0,0.06595151904954696,11.005892635751522,3.334396334682408,18670,0.8965720407070166,0.457887958472139,15.797015605741896,8.85138711153113,0.7752941726690848,0.8191362451761961,"[""y@t"", ""throughput_2@t"", ""throughput_2@t-1"", ""y@t-1""]",4,10,10000.0,879,0.0031324357700069274,4.876780819854823,8.07123727905731
"ar_order=2,n_bins=10,on_change=chain,other_lags=2",persistence,5,166718,33201,0.9397608505767898,1.6644692097182947,13.566081443738328,4.876780819854831,33108,0.9416757279207443,1.611559193393078,13.257166126683606,4.5514679231605735,93,0.25806451612903225,20.500435021495374,123.53993431521938,120.68817204301075,2000,0.0,27.631021115928547,66.71928703569134,56.4135,31201,1.0,0.0,10.158933878470997,1.5732508573443247,18670,0.8965720407070166,2.8578201272018227,15.317202208164895,8.07123727905731,0.7752941726690848,0.8191362451761961,"[""y@t"", ""throughput_2@t"", ""throughput_2@t-1"", ""y@t-1""]",4,10,10000.0,879,0.0031324357700069274,4.876780819854823,8.07123727905731
"ar_order=3,max_parents=6,n_bins=10,on_change=chain,other_lags=3,velocity=binned",model,1,33200,33558,0.9353656356159485,0.27661044145210895,12.889660964555391,6.086353129084814,33464,0.9369471671049486,0.2715650031432363,12.560103836102167,5.73216784689891,94,0.3723404255319149,2.0727864794107624,130.21199869390335,132.1763135872667,2701,0.23991114402073307,3.0932625584055606,50.60072369423234,45.92604338441927,30857,0.9962407233366821,0.03006095939321556,9.588705575734135,2.5990729858544808,18713,0.8907711216801154,0.4682923171610011,13.981249525684685,9.16555280632673,0.9107736746851038,0.1911187805235386,"[""y@t"", ""throughput_2@t"", ""throughput_2@t-1"", ""buffer_size_3@t""]",4,10,10000.0,270,0.14610525061088264,5.184546158889088,8.675573130978464
"ar_order=3,max_parents=6,n_bins=10,on_change=chain,other_lags=3,velocity=binned",ar,1,33200,33558,0.919512485845402,0.42857420871825874,13.935799437778812,6.49911521894364,33464,0.9215873774802773,0.4154244186315729,13.629082137551833,6.170845764491568,94,0.18085106382978725,5.109899479578389,123.12715831858237,123.36304100388159,2701,0.0,4.726903555003183,57.71214213555326,44.53293937683379,30857,1.0,0.05232935133369179,10.103933033828694,3.1699076144953366,18713,0.8597766258750601,0.7108060925517409,15.425188689245024,9.250849342396215,0.8836493679575176,0.1911187805235386,"[""y@t"", ""throughput_2@t"", ""throughput_2@t-1"", ""buffer_size_3@t""]",4,10,10000.0,270,0.14610525061088264,5.184546158889088,8.675573130978464
"ar_order=3,max_parents=6,n_bins=10,on_change=chain,other_lags=3,velocity=binned",persistence,1,33200,33558,0.919512485845402,2.2239522031742953,13.215576200824652,5.184546158889093,33464,0.9215873774802773,2.1666208285977917,12.905891680200845,4.851362658379158,94,0.18085106382978725,22.63392155240955,123.46326554290002,123.79787234042553,2701,0.0,27.631021115928544,59.06715388457751,45.137726767863754,30857,1.0,0.0,9.202058641638194,1.6873318857957729,18713,0.8597766258750601,3.8745150113929623,15.084372133458253,8.675573130978464,0.8836493679575176,0.1911187805235386,"[""y@t"", ""throughput_2@t"", ""throughput_2@t-1"", ""buffer_size_3@t""]",4,10,10000.0,270,0.14610525061088264,5.184546158889088,8.675573130978464
"ar_order=3,max_parents=6,n_bins=10,on_change=chain,other_lags=3,velocity=binned",model,2,66758,33201,0.9349417186229331,0.21782400583348288,12.525780351510651,6.7520911036702955,33108,0.93614836293343,0.2141468696633479,12.265921472516384,6.47214364001574,93,0.5053763440860215,1.5268844824015484,105.03554127347077,106.41338816469164,2534,0.5011838989739542,1.9419215294282477,42.23374307500801,47.07504477021579,30667,0.9707829262725405,0.07536262634448385,10.071025157284211,3.42022412643006,19738,0.9069307933934543,0.32779029248290353,12.66401825590436,9.816763017979088,0.9080783062094746,0.4912404138594866,"[""y@t"", ""data_quality_1@t+h"", ""throughput_2@t"", ""throughput_2@t-1"", ""data_quality_1@t""]",5,10,100000.0,717,0.09216589861751152,4.902623414957381,7.62306211368933
"ar_order=3,max_parents=6,n_bins=10,on_change=chain,other_lags=3,velocity=binned",ar,2,66758,33201,0.9236769976807927,0.34827491815605843,13.58374734008622,6.310373056782734,33108,0.9256373082034554,0.3361097694842863,13.250020277172913,5.957921834990843,93,0.22580645161290322,4.679067845306953,132.39058173722378,131.78300801469592,2534,0.0,3.6641486971630317,54.13175951285833,41.29168663960405,30667,1.0,0.07428580425500292,10.23328388276061,3.4198833245340876,19738,0.8752659843955821,0.527111530250653,14.223833071196745,8.39973963226726,0.9044400983615895,0.4912404138594866,"[""y@t"", ""data_quality_1@t+h"", ""throughput_2@t"", ""throughput_2@t-1"", ""data_quality_1@t""]",5,10,100000.0,717,0.09216589861751152,4.902623414957381,7.62306211368933
"ar_order=3,max_parents=6,n_bins=10,on_change=chain,other_lags=3,velocity=binned",persistence,2,66758,33201,0.9236769976807927,2.108882488713079,13.052425577143834,4.902623414957391,33108,0.9256373082034554,2.0547171072676114,12.715477384683718,4.544641778422144,93,0.22580645161290322,21.391758283299517,133.00598209294583,132.34408602150538,2534,0.0,27.631021115928544,55.67658199158882,41.73164956590371,30667,1.0,0.0,9.530411283140392,1.8594580493690398,19738,0.8752659843955821,3.446528219040231,13.759000035025334,7.62306211368933,0.9044400983615895,0.4912404138594866,"[""y@t"", ""data_quality_1@t+h"", ""throughput_2@t"", ""throughput_2@t-1"", ""data_quality_1@t""]",5,10,100000.0,717,0.09216589861751152,4.902623414957381,7.62306211368933
"ar_order=3,max_parents=6,n_bins=10,on_change=chain,other_lags=3,velocity=binned",model,3,99959,33201,0.9573205626336556,0.13723841922821917,11.939987552674545,5.506432307069953,33108,0.9585296605050139,0.13228495793117714,11.671515111781261,5.227312696512225,93,0.5268817204301075,1.9006706409751792,107.51617651068362,104.87301366562086,1972,0.4345841784989858,1.8432422634317764,46.12870698257358,51.08466949241183,31229,0.9903295014249576,0.029510359387384884,9.78109182384042,2.62832914239948,18433,0.9313730808875387,0.21807215078229636,12.079917859957222,8.301387568082266,0.9040154447296003,0.7584714964032173,"[""y@t"", ""y@t-2"", ""throughput_2@t"", ""throughput_2@t-1"", ""throughput_2@t-2"", ""y@t-1""]",6,10,1000000.0,1502,0.01882473419475317,4.688894912803831,7.6735745673520315
"ar_order=3,max_parents=6,n_bins=10,on_change=chain,other_lags=3,velocity=binned",ar,3,99959,33201,0.9406041986687148,0.28324868548674714,13.029738801872465,6.491692508778052,33108,0.9427026700495349,0.26986326673269695,12.634323782158758,6.084051038394336,93,0.1935483870967742,5.048457761928604,153.79748581995182,151.6120559653807,1972,0.0,3.681823762970325,61.033577474233525,51.03448839019083,31229,1.0,0.068640787289635,9.998467552011887,3.678973770485247,18433,0.8970867465957794,0.43631625899487814,13.333266601668782,8.391300774472446,0.869816564548308,0.7584714964032173,"[""y@t"", ""y@t-2"", ""throughput_2@t"", ""throughput_2@t-1"", ""throughput_2@t-2"", ""y@t-1""]",6,10,1000000.0,1502,0.01882473419475317,4.688894912803831,7.6735745673520315
"ar_order=3,max_parents=6,n_bins=10,on_change=chain,other_lags=3,velocity=binned",persistence,3,99959,33201,0.9406041986687148,1.6411666407822385,12.819021815133235,4.688894912803836,33108,0.9427026700495349,1.5831837337476273,12.418488268999218,4.272290685030813,93,0.1935483870967742,22.283081545103663,155.40896423884416,153.0,1972,0.0,27.631021115928547,63.21469639662777,52.13133874239351,31229,1.0,0.0,9.63671465593162,1.6930737455570204,18433,0.8970867465957794,2.8435982779209272,13.786298730666399,7.6735745673520315,0.869816564548308,0.7584714964032173,"[""y@t"", ""y@t-2"", ""throughput_2@t"", ""throughput_2@t-1"", ""throughput_2@t-2"", ""y@t-1""]",6,10,1000000.0,1502,0.01882473419475317,4.688894912803831,7.6735745673520315
"ar_order=3,max_parents=6,n_bins=10,on_change=chain,other_lags=3,velocity=binned",model,4,133160,33558,0.95553966267358,0.15125798020313608,12.70949891567366,4.734749868774905,33464,0.9563112598613436,0.14817029325396483,12.552334999568147,4.551228306966073,94,0.6808510638297872,1.2504745341080945,68.6598530492365,70.0684258727192,2489,0.5540377661711531,1.6714469189541268,27.879260223440696,36.0535490973587,31069,0.987704786121214,0.02947259063310755,11.49421886497901,2.2257379507876807,17046,0.9256717118385545,0.26595379255457136,12.942756285498952,7.80448372171567,0.8665685369431959,1.838774647563696,"[""y@t"", ""y@t-2"", ""throughput_2@t"", ""throughput_2@t-1"", ""data_quality_3@t+h"", ""data_quality_3@t""]",6,10,810000.0,1592,0.06996841289707373,3.4797365754812564,6.237240408306934
"ar_order=3,max_parents=6,n_bins=10,on_change=chain,other_lags=3,velocity=binned",ar,4,133160,33558,0.9258299064306573,0.31556199497715653,13.82211138728502,4.966362331090931,33464,0.9276237150370548,0.3046449661573449,13.549637274260553,4.6689480014445985,94,0.2872340425531915,4.2020242548300955,110.82289562399484,110.84586368518508,2489,0.0,3.4727990751037146,39.36431415544152,29.379727090430567,31069,1.0,0.06262939037337133,11.775874215507956,3.010558639758852,17046,0.8579138800891705,0.5462567690132858,14.713889596892855,6.758186900179862,0.8508292085157517,1.838774647563696,"[""y@t"", ""y@t-2"", ""throughput_2@t"", ""throughput_2@t-1"", ""data_quality_3@t+h"", ""data_quality_3@t""]",6,10,810000.0,1592,0.06996841289707373,3.4797365754812564,6.237240408306934
"ar_order=3,max_parents=6,n_bins=10,on_change=chain,other_lags=3,velocity=binned",persistence,4,133160,33558,0.9258299064306573,2.0493954215849026,13.593333706507003,3.4797365754812697,33464,0.9276237150370548,1.999830658103602,13.317577780854547,3.1771455892899967,94,0.2872340425531915,19.694451220927792,111.7624432387814,111.20212765957447,2489,0.0,27.63102111592855,41.37933657231266,29.579349136199276,31069,1.0,0.0,11.36734120166326,1.3888441855225613,17046,0.8579138800891705,3.925984579536486,14.789506929639751,6.237240408306934,0.8508292085157517,1.838774647563696,"[""y@t"", ""y@t-2"", ""throughput_2@t"", ""throughput_2@t-1"", ""data_quality_3@t+h"", ""data_quality_3@t""]",6,10,810000.0,1592,0.06996841289707373,3.4797365754812564,6.237240408306934
"ar_order=3,max_parents=6,n_bins=10,on_change=chain,other_lags=3,velocity=binned",model,5,166718,33201,0.9547905183578808,0.1531923760805824,12.949756796770286,6.084719929600314,33108,0.9554790382989006,0.14984974846342428,12.763442595545355,5.875192757475245,93,0.7096774193548387,1.3431678077888691,79.27761243284597,80.67639320612446,2000,0.5735,1.8097021120511239,48.42557839647928,56.20204050637463,31201,0.9792314348899074,0.04700925784908072,10.675738553783908,2.872174140890059,18670,0.930690948044992,0.24014221433741686,14.03336356332344,9.268843309282836,0.7834962055171607,1.9049148447811604,"[""y@t"", ""throughput_2@t"", ""throughput_2@t-1"", ""y@t-2""]",4,10,10000.0,924,0.0031625553447185324,4.876780819854823,8.07123727905731
"ar_order=3,max_parents=6,n_bins=10,on_change=chain,other_lags=3,velocity=binned",ar,5,166718,33201,0.9397608505767898,0.2941188680047986,14.237579600290546,6.481127069220484,33108,0.9416757279207443,0.28268288598276514,13.934031864660353,6.163409740501259,93,0.25806451612903225,4.365328467848677,122.3005734846392,119.58849609326471,2000,0.0,3.853643595381201,64.65351209058157,55.57169989338174,31201,1.0,0.06595151904954696,11.005892635751522,3.334396334682408,18670,0.8965720407070166,0.457887958472139,15.797015605741896,8.85138711153113,0.7752941726690848,1.9049148447811604,"[""y@t"", ""throughput_2@t"", ""throughput_2@t-1"", ""y@t-2""]",4,10,10000.0,924,0.0031625553447185324,4.876780819854823,8.07123727905731
"ar_order=3,max_parents=6,n_bins=10,on_change=chain,other_lags=3,velocity=binned",persistence,5,166718,33201,0.9397608505767898,1.6644692097182947,13.566081443738328,4.876780819854831,33108,0.9416757279207443,1.611559193393078,13.257166126683606,4.5514679231605735,93,0.25806451612903225,20.500435021495374,123.53993431521938,120.68817204301075,2000,0.0,27.631021115928547,66.71928703569134,56.4135,31201,1.0,0.0,10.158933878470997,1.5732508573443247,18670,0.8965720407070166,2.8578201272018227,15.317202208164895,8.07123727905731,0.7752941726690848,1.9049148447811604,"[""y@t"", ""throughput_2@t"", ""throughput_2@t-1"", ""y@t-2""]",4,10,10000.0,924,0.0031625553447185324,4.876780819854823,8.07123727905731
ref,model,1,33200,33558,0.9085165981286132,0.39575763023917226,10.233411924028845,6.419884451063274,33464,0.9105606024384413,0.3723690898592801,9.915623004262898,6.090671937126979,94,0.18085106382978725,8.722078005480805,123.36626736070595,123.61953941238411,3694,0.2636708175419599,3.061669583227182,38.34665146073229,37.17952993961792,29864,0.9882802035896062,0.06600010431037147,6.75597062853653,2.615098406503909,18713,0.8454550312616897,0.6293357693205213,12.681177460757988,9.536700534606785,0.7514409891081286,0.06513522565364838,"[""y@t"", ""throughput_2@t"", ""buffer_size_3@t""]",3,20,8000.0,358,0.17074915072411945,5.184546158889088,8.675573130978464
ref,ar,1,33200,33558,0.8856606472376185,0.5576372039854111,11.487186815944714,7.077786139463065,33464,0.8877002151565861,0.5402474176521279,11.172550032185619,6.7507304392704155,94,0.1595744680851064,6.748401138634215,123.49788183418326,123.50961540804602,3694,0.004872766648619383,4.0583061636338496,42.90464030387504,37.64494866652446,29864,0.9946088936512189,0.1246251782373086,7.601033816198711,3.2968090977082847,18713,0.7998717469139102,0.8748493576805083,14.154713683099247,9.718863562364737,0.7218339023363998,0.06513522565364838,"[""y@t"", ""throughput_2@t"", ""buffer_size_3@t""]",3,20,8000.0,358,0.17074915072411945,5.184546158889088,8.675573130978464
ref,persistence,1,33200,33558,0.8899219262172954,3.0415695810906507,10.024628822031769,5.1845461588890895,33464,0.8919734640210375,2.984883496715327,9.70548658753815,4.851362658379156,94,0.1595744680851064,23.221815618705897,123.63926430175924,123.79787234042553,3694,0.0,27.63102111592855,42.1496400137932,36.3264753654575,29864,1.0,0.0,6.050955123184769,1.3324738815965729,18713,0.8068187890771121,5.337794118210961,12.858127756401132,8.675573130978464,0.7735241456423483,0.06513522565364838,"[""y@t"", ""throughput_2@t"", ""buffer_size_3@t""]",3,20,8000.0,358,0.17074915072411945,5.184546158889088,8.675573130978464
ref,model,2,66758,33201,0.8913285744405289,0.3818912158342395,9.634083539988309,6.4046080037080575,33108,0.8933792436873264,0.3649860286454072,9.293742664826798,6.058551534440881,93,0.16129032258064516,6.400137855058539,130.7954350974862,129.60071106282274,4367,0.4023356995649187,2.150226297624188,27.713701516706635,28.225382377438308,28834,0.9653880835125199,0.11407130523644858,6.895868526312477,3.099783085553101,19738,0.843347856925727,0.5407929544328899,10.51592322396798,8.554935018689214,0.7677659733123258,0.13511572778224945,"[""y@t"", ""throughput_2@t"", ""data_quality_1@t+h"", ""data_quality_1@t""]",4,20,40000.0,693,0.11153278515707359,4.902623414957381,7.62306211368933
ref,ar,2,66758,33201,0.8701545134182705,0.5050236978555155,10.454689521086923,6.380662534734873,33108,0.8721759091458258,0.48812108193588344,10.111391585326679,6.028314798432174,93,0.15053763440860216,6.522354965244533,132.66875465173356,131.81645665849618,4367,0.034119532860087017,3.038713986816946,33.02808938132045,27.472451613798878,28834,0.9967746410487619,0.12128833363637949,7.035877105548329,3.186244732547439,19738,0.7858952274799879,0.7343481992221773,11.827036475823242,8.090460684569663,0.7505324110641358,0.13511572778224945,"[""y@t"", ""throughput_2@t"", ""data_quality_1@t+h"", ""data_quality_1@t""]",4,20,40000.0,693,0.11153278515707359,4.902623414957381,7.62306211368933
ref,persistence,2,66758,33201,0.8684678172344207,3.6343685194198962,9.960226829045615,4.902623414957387,33108,0.8704844750513471,3.578646204696799,9.612924391597936,4.54464177842214,93,0.15053763440860216,23.471512560842527,133.59989456041953,132.34408602150538,4367,0.0,27.631021115928547,34.401296563651044,27.813144034806502,28834,1.0,0.0,6.258549936105965,1.4327529999306452,19738,0.782754078427399,6.002726646321897,11.758325629862272,7.62306211368933,0.7626047187682191,0.13511572778224945,"[""y@t"", ""throughput_2@t"", ""data_quality_1@t+h"", ""data_quality_1@t""]",4,20,40000.0,693,0.11153278515707359,4.902623414957381,7.62306211368933
ref,model,3,99959,33201,0.9171109303936629,0.3113957843450654,9.096733855111944,5.9962940874304245,33108,0.9191736136281261,0.2925408095687903,8.703272563016913,5.594599876797288,93,0.1827956989247312,7.023766804699024,149.16895384094326,148.99943307282695,3573,0.3322138259165967,2.2318872687388818,30.81790247107014,30.952144385150987,29628,0.9876468205751316,0.07979337872406142,6.477261212178956,2.9867337690236617,18433,0.8656756903379808,0.4613946801525149,9.882615302741023,7.735980709709122,0.782199401975358,0.4240807667374611,"[""y@t"", ""throughput_2@t"", ""buffer_size_3@t"", ""data_quality_1@t+h""]",4,20,80000.0,1453,0.15481461401765007,4.688894912803831,7.6735745673520315
ref,ar,3,99959,33201,0.8925634770037048,0.4319739097995062,9.609222363733878,5.773449984125006,33108,0.8945270025371511,0.41501823570537455,9.207312154040748,5.36200070706736,93,0.1935483870967742,6.468193887310355,152.68925701448777,152.24939261664642,3573,0.011474951021550517,3.047328471810701,36.64845547219517,31.069313193702868,29628,0.9988186850276766,0.11657422537713544,6.348415697859292,2.7228856784742113,18433,0.8107199045190691,0.6504801301619253,11.002593193631258,7.465522463291521,0.7581009007981645,0.4240807667374611,"[""y@t"", ""throughput_2@t"", ""buffer_size_3@t"", ""data_quality_1@t+h""]",4,20,80000.0,1453,0.15481461401765007,4.688894912803831,7.6735745673520315
ref,persistence,3,99959,33201,0.8923827595554351,2.973574243161733,9.329639287342522,4.688894912803838,33108,0.8943457774555998,2.919334054111334,8.924678899107837,4.272290685030815,93,0.1935483870967742,22.283081545103663,153.4955374988903,153.0,3573,0.0,27.631021115928547,39.205393036369564,33.52504897844948,29628,1.0,0.0,5.726761329151836,1.2113878763332064,18433,0.8102316497585852,5.243493292655458,11.48355310837272,7.6735745673520315,0.7693282577853836,0.4240807667374611,"[""y@t"", ""throughput_2@t"", ""buffer_size_3@t"", ""data_quality_1@t+h""]",4,20,80000.0,1453,0.15481461401765007,4.688894912803831,7.6735745673520315
ref,model,4,133160,33558,0.9317301388640563,0.25259871906761994,7.089542615810357,4.638847923778281,33464,0.9336002868754483,0.23619321835582108,6.804426621339433,4.345142278535253,94,0.26595744680851063,6.092956972468037,108.59083664745958,109.19805763029665,3738,0.45987158908507225,1.7335051889446331,21.04943671174177,23.182020970086874,29820,0.990878604963112,0.0669639643928958,5.33964039815135,2.314422006705796,17046,0.8783878915874692,0.40914114418016617,7.540475616413845,6.839590440583936,0.765417696511885,0.5071765650063753,"[""y@t"", ""throughput_2@t"", ""buffer_size_3@t"", ""data_quality_2@t+h""]",4,20,80000.0,1632,0.09458251385660647,3.4797365754812564,6.237240408306934
ref,ar,4,133160,33558,0.8886107634543179,0.45696023717246426,8.508271460689382,4.690388717980491,33464,0.8904195553430552,0.4427906971390249,8.22224218945182,4.3933392386895775,94,0.24468085106382978,5.501316489076857,110.33469202126078,110.44000334554535,3738,0.0,3.141641454115752,27.84610834711612,21.224180173606694,29820,1.0,0.12042977476689717,6.084232752390816,2.617843028472418,17046,0.78487621729438,0.7524249355876457,9.567198350087114,6.157485842814768,0.7394748373264483,0.5071765650063753,"[""y@t"", ""throughput_2@t"", ""buffer_size_3@t"", ""data_quality_2@t+h""]",4,20,80000.0,1632,0.09458251385660647,3.4797365754812564,6.237240408306934
ref,persistence,4,133160,33558,0.8886107634543179,3.077798347080902,8.178235962801633,3.4797365754812626,33464,0.8904195553430552,3.0278195802088805,7.888623211158364,3.177145589289989,94,0.24468085106382978,20.870239353520496,111.28037554780612,111.20212765957447,3738,0.0,27.631021115928547,29.672995689107662,22.419208132691278,29820,1.0,0.0,5.483822419644963,1.1056338028169082,17046,0.78487621729438,5.944089782477413,9.79507236652644,6.237240408306934,0.7394748373264483,0.5071765650063753,"[""y@t"", ""throughput_2@t"", ""buffer_size_3@t"", ""data_quality_2@t+h""]",4,20,80000.0,1632,0.09458251385660647,3.4797365754812564,6.237240408306934
ref,model,5,166718,33201,0.9285262492093611,0.27918718684488125,8.294749460686155,5.536755157405999,33108,0.9305001812250816,0.2585175062190892,7.980061240706962,5.21494885190925,93,0.22580645161290322,7.637593489626875,120.32375577327872,120.09979991424863,3337,0.42103685945459995,2.1274606637227684,31.686902917678776,32.877342360565656,29864,0.9852330565229038,0.07266131648787923,5.680912865254049,2.48172101941565,18670,0.8881092662024639,0.4090544730661516,9.44266588573603,7.855973021526849,0.7060795696935301,0.6046973317861557,"[""y@t"", ""throughput_2@t"", ""buffer_size_3@t""]",3,20,8000.0,917,0.05078160296376615,4.876780819854823,8.07123727905731
ref,ar,5,166718,33201,0.8995210987620855,0.43980100166609887,10.265829303389747,6.4406367979635535,33108,0.9014135556361,0.4246930884468797,9.959790895435876,6.1244522121795875,93,0.22580645161290322,5.81821810770813,119.21550253496788,119.00234933705568,3337,0.00029967036260113877,3.2669967260021817,41.18023455812651,35.44465731633126,29864,1.0,0.12389046951670465,6.811457138406607,3.1997308084848153,18670,0.8251740760578468,0.6621837791390752,12.095901398735837,8.611769401247129,0.689302047179812,0.6046973317861557,"[""y@t"", ""throughput_2@t"", ""buffer_size_3@t""]",3,20,8000.0,917,0.05078160296376615,4.876780819854823,8.07123727905731
ref,persistence,5,166718,33201,0.8994909791873739,2.7771668764149746,9.591855277699558,4.876780819854831,33108,0.9013833514558415,2.7248786983057482,9.278621368473416,4.551467923160573,93,0.22580645161290322,21.391758283299517,121.10312696220682,120.68817204301075,3337,0.0,27.631021115928547,43.39065382393359,37.13964638897213,29864,1.0,0.0,5.815181330847731,1.271731851058139,18670,0.825120514193894,4.832098765051243,11.866004617462789,8.07123727905731,0.6895036600830379,0.6046973317861557,"[""y@t"", ""throughput_2@t"", ""buffer_size_3@t""]",3,20,8000.0,917,0.05078160296376615,4.876780819854823,8.07123727905731
"ar_order=2,on_change=chain,other_lags=2",model,1,33200,33558,0.908427200667501,0.3485540002931744,10.361918427213961,6.448875103723044,33464,0.9102318909873297,0.3421460959999523,10.017481100393615,6.089933978816395,94,0.26595744680851063,2.6297679286802267,132.98160677525775,134.23191557049017,3694,0.26448294531672983,2.6877235857039192,39.0746525935861,38.04664954447853,29864,0.9880792927939994,0.05921257086284716,6.810323195142616,2.5404174696435264,18713,0.8453481536899482,0.5827597090736906,12.88740637137555,9.716864269684597,0.7520130724733526,0.10760639607906342,"[""y@t"", ""throughput_2@t"", ""throughput_2@t-1"", ""buffer_size_3@t""]",4,20,160000.0,588,0.1846057571964956,5.184546158889088,8.675573130978464
"ar_order=2,on_change=chain,other_lags=2",ar,1,33200,33558,0.8856606472376185,0.5576372039854111,11.487186815944714,7.077786139463065,33464,0.8877002151565861,0.5402474176521279,11.172550032185619,6.7507304392704155,94,0.1595744680851064,6.748401138634215,123.49788183418326,123.50961540804602,3694,0.004872766648619383,4.0583061636338496,42.90464030387504,37.64494866652446,29864,0.9946088936512189,0.1246251782373086,7.601033816198711,3.2968090977082847,18713,0.7998717469139102,0.8748493576805083,14.154713683099247,9.718863562364737,0.7218339023363998,0.10760639607906342,"[""y@t"", ""throughput_2@t"", ""throughput_2@t-1"", ""buffer_size_3@t""]",4,20,160000.0,588,0.1846057571964956,5.184546158889088,8.675573130978464
"ar_order=2,on_change=chain,other_lags=2",persistence,1,33200,33558,0.8899219262172954,3.0415695810906507,10.024628822031769,5.1845461588890895,33464,0.8919734640210375,2.984883496715327,9.70548658753815,4.851362658379156,94,0.1595744680851064,23.221815618705897,123.63926430175924,123.79787234042553,3694,0.0,27.63102111592855,42.1496400137932,36.3264753654575,29864,1.0,0.0,6.050955123184769,1.3324738815965729,18713,0.8068187890771121,5.337794118210961,12.858127756401132,8.675573130978464,0.7735241456423483,0.10760639607906342,"[""y@t"", ""throughput_2@t"", ""throughput_2@t-1"", ""buffer_size_3@t""]",4,20,160000.0,588,0.1846057571964956,5.184546158889088,8.675573130978464
"ar_order=2,on_change=chain,other_lags=2",model,2,66758,33201,0.8950935212794795,0.32907291877250966,9.76597510950966,6.612340377681614,33108,0.8964600700736982,0.3240919269604918,9.484191979282022,6.318920252688669,93,0.40860215053763443,2.1023060038508774,110.0807694705481,111.06990487516968,4367,0.4199679413785207,1.817461421219037,27.646458223908425,29.554805246018645,28834,0.9670527849067073,0.10365179821400293,7.057919697129154,3.1376319057378037,19738,0.8485155537541798,0.4790452192949052,10.971980143011201,9.253575652546129,0.7669977597704964,0.23021853901445866,"[""y@t"", ""throughput_2@t"", ""data_quality_1@t+h"", ""throughput_2@t-1""]",4,20,80000.0,1067,0.12309870184632993,4.902623414957381,7.62306211368933
"ar_order=2,on_change=chain,other_lags=2",ar,2,66758,33201,0.8701545134182705,0.5050236978555155,10.454689521086923,6.380662534734873,33108,0.8721759091458258,0.48812108193588344,10.111391585326679,6.028314798432174,93,0.15053763440860216,6.522354965244533,132.66875465173356,131.81645665849618,4367,0.034119532860087017,3.038713986816946,33.02808938132045,27.472451613798878,28834,0.9967746410487619,0.12128833363637949,7.035877105548329,3.186244732547439,19738,0.7858952274799879,0.7343481992221773,11.827036475823242,8.090460684569663,0.7505324110641358,0.23021853901445866,"[""y@t"", ""throughput_2@t"", ""data_quality_1@t+h"", ""throughput_2@t-1""]",4,20,80000.0,1067,0.12309870184632993,4.902623414957381,7.62306211368933
"ar_order=2,on_change=chain,other_lags=2",persistence,2,66758,33201,0.8684678172344207,3.6343685194198962,9.960226829045615,4.902623414957387,33108,0.8704844750513471,3.578646204696799,9.612924391597936,4.54464177842214,93,0.15053763440860216,23.471512560842527,133.59989456041953,132.34408602150538,4367,0.0,27.631021115928547,34.401296563651044,27.813144034806502,28834,1.0,0.0,6.258549936105965,1.4327529999306452,19738,0.782754078427399,6.002726646321897,11.758325629862272,7.62306211368933,0.7626047187682191,0.23021853901445866,"[""y@t"", ""throughput_2@t"", ""data_quality_1@t+h"", ""throughput_2@t-1""]",4,20,80000.0,1067,0.12309870184632993,4.902623414957381,7.62306211368933
"ar_order=2,on_change=chain,other_lags=2",model,3,99959,33201,0.9350019577723563,0.21874724847533955,8.476821015887184,5.27682721332769,33108,0.9363899963754984,0.21272113192343653,8.178038146739961,4.972594920660839,93,0.44086021505376344,2.3640447409528256,114.84352243229915,113.58352340272633,3573,0.5815841029946823,1.5455087179068554,27.59407627092318,29.69575582144707,29628,0.9776225192385581,0.05874594125653282,6.171368301352164,2.3320171715830376,18433,0.9005045299191667,0.34626807947789573,9.564088080658072,7.680117047145025,0.8214514221485567,0.7657316513359547,"[""y@t"", ""throughput_2@t"", ""throughput_2@t-1"", ""buffer_size_3@t""]",4,20,160000.0,1445,0.05807054004397458,4.688894912803831,7.6735745673520315
"ar_order=2,on_change=chain,other_lags=2",ar,3,99959,33201,0.8925634770037048,0.4319739097995062,9.609222363733878,5.773449984125006,33108,0.8945270025371511,0.41501823570537455,9.207312154040748,5.36200070706736,93,0.1935483870967742,6.468193887310355,152.68925701448777,152.24939261664642,3573,0.011474951021550517,3.047328471810701,36.64845547219517,31.069313193702868,29628,0.9988186850276766,0.11657422537713544,6.348415697859292,2.7228856784742113,18433,0.8107199045190691,0.6504801301619253,11.002593193631258,7.465522463291521,0.7581009007981645,0.7657316513359547,"[""y@t"", ""throughput_2@t"", ""throughput_2@t-1"", ""buffer_size_3@t""]",4,20,160000.0,1445,0.05807054004397458,4.688894912803831,7.6735745673520315
"ar_order=2,on_change=chain,other_lags=2",persistence,3,99959,33201,0.8923827595554351,2.973574243161733,9.329639287342522,4.688894912803838,33108,0.8943457774555998,2.919334054111334,8.924678899107837,4.272290685030815,93,0.1935483870967742,22.283081545103663,153.4955374988903,153.0,3573,0.0,27.631021115928547,39.205393036369564,33.52504897844948,29628,1.0,0.0,5.726761329151836,1.2113878763332064,18433,0.8102316497585852,5.243493292655458,11.48355310837272,7.6735745673520315,0.7693282577853836,0.7657316513359547,"[""y@t"", ""throughput_2@t"", ""throughput_2@t-1"", ""buffer_size_3@t""]",4,20,160000.0,1445,0.05807054004397458,4.688894912803831,7.6735745673520315
"ar_order=2,on_change=chain,other_lags=2",model,4,133160,33558,0.9373621789141189,0.2226439513536396,7.474753859492965,4.810660107995575,33464,0.938351661486971,0.21813067292299543,7.254673129138939,4.579054307209587,94,0.5851063829787234,1.8293710726629706,85.82349386552613,87.26232518780708,3738,0.5575173889780631,1.5215064646432919,19.731589641724117,24.29548238329055,29820,0.9849765258215962,0.05982879123704938,5.938333599466804,2.3681964706698664,17046,0.8918221283585592,0.38346348413936143,7.908256898326092,7.366938455841299,0.7729425543305027,0.863971458747983,"[""y@t"", ""throughput_2@t"", ""throughput_2@t-1"", ""data_quality_3@t+h""]",4,20,72000.0,1558,0.06555813814887657,3.4797365754812564,6.237240408306934
"ar_order=2,on_change=chain,other_lags=2",ar,4,133160,33558,0.8886107634543179,0.45696023717246426,8.508271460689382,4.690388717980491,33464,0.8904195553430552,0.4427906971390249,8.22224218945182,4.3933392386895775,94,0.24468085106382978,5.501316489076857,110.33469202126078,110.44000334554535,3738,0.0,3.141641454115752,27.84610834711612,21.224180173606694,29820,1.0,0.12042977476689717,6.084232752390816,2.617843028472418,17046,0.78487621729438,0.7524249355876457,9.567198350087114,6.157485842814768,0.7394748373264483,0.863971458747983,"[""y@t"", ""throughput_2@t"", ""throughput_2@t-1"", ""data_quality_3@t+h""]",4,20,72000.0,1558,0.06555813814887657,3.4797365754812564,6.237240408306934
"ar_order=2,on_change=chain,other_lags=2",persistence,4,133160,33558,0.8886107634543179,3.077798347080902,8.178235962801633,3.4797365754812626,33464,0.8904195553430552,3.0278195802088805,7.888623211158364,3.177145589289989,94,0.24468085106382978,20.870239353520496,111.28037554780612,111.20212765957447,3738,0.0,27.631021115928547,29.672995689107662,22.419208132691278,29820,1.0,0.0,5.483822419644963,1.1056338028169082,17046,0.78487621729438,5.944089782477413,9.79507236652644,6.237240408306934,0.7394748373264483,0.863971458747983,"[""y@t"", ""throughput_2@t"", ""throughput_2@t-1"", ""data_quality_3@t+h""]",4,20,72000.0,1558,0.06555813814887657,3.4797365754812564,6.237240408306934
"ar_order=2,on_change=chain,other_lags=2",model,5,166718,33201,0.9398813288756362,0.20897795246296508,8.465927159937202,5.4807604566981585,33108,0.9410112359550562,0.20407417125118335,8.242583405612455,5.24584106610416,93,0.5376344086021505,1.9547240638572485,87.97630369954632,89.11206350816164,3337,0.5876535810608331,1.5452670908238637,30.470373546702003,34.38620726932864,29864,0.9792392177873024,0.05966115448847005,6.007152796401368,2.250869082007965,18670,0.9078200321371184,0.32593321719821444,9.773156813566628,8.287155964647077,0.7129053972340748,1.0457137171179056,"[""y@t"", ""throughput_2@t"", ""throughput_2@t-1"", ""buffer_size_3@t""]",4,20,160000.0,1807,0.05517906087166049,4.876780819854823,8.07123727905731
"ar_order=2,on_change=chain,other_lags=2",ar,5,166718,33201,0.8995210987620855,0.43980100166609887,10.265829303389747,6.4406367979635535,33108,0.9014135556361,0.4246930884468797,9.959790895435876,6.1244522121795875,93,0.22580645161290322,5.81821810770813,119.21550253496788,119.00234933705568,3337,0.00029967036260113877,3.2669967260021817,41.18023455812651,35.44465731633126,29864,1.0,0.12389046951670465,6.811457138406607,3.1997308084848153,18670,0.8251740760578468,0.6621837791390752,12.095901398735837,8.611769401247129,0.689302047179812,1.0457137171179056,"[""y@t"", ""throughput_2@t"", ""throughput_2@t-1"", ""buffer_size_3@t""]",4,20,160000.0,1807,0.05517906087166049,4.876780819854823,8.07123727905731
"ar_order=2,on_change=chain,other_lags=2",persistence,5,166718,33201,0.8994909791873739,2.7771668764149746,9.591855277699558,4.876780819854831,33108,0.9013833514558415,2.7248786983057482,9.278621368473416,4.551467923160573,93,0.22580645161290322,21.391758283299517,121.10312696220682,120.68817204301075,3337,0.0,27.631021115928547,43.39065382393359,37.13964638897213,29864,1.0,0.0,5.815181330847731,1.271731851058139,18670,0.825120514193894,4.832098765051243,11.866004617462789,8.07123727905731,0.6895036600830379,1.0457137171179056,"[""y@t"", ""throughput_2@t"", ""throughput_2@t-1"", ""buffer_size_3@t""]",4,20,160000.0,1807,0.05517906087166049,4.876780819854823,8.07123727905731
"ar_order=3,max_parents=6,on_change=chain,other_lags=3,velocity=binned",model,1,33200,33558,0.908427200667501,0.3485540002931744,10.361918427213961,6.448875103723044,33464,0.9102318909873297,0.3421460959999523,10.017481100393615,6.089933978816395,94,0.26595744680851063,2.6297679286802267,132.98160677525775,134.23191557049017,3694,0.26448294531672983,2.6877235857039192,39.0746525935861,38.04664954447853,29864,0.9880792927939994,0.05921257086284716,6.810323195142616,2.5404174696435264,18713,0.8453481536899482,0.5827597090736906,12.88740637137555,9.716864269684597,0.7520130724733526,0.23976215161383152,"[""y@t"", ""throughput_2@t"", ""throughput_2@t-1"", ""buffer_size_3@t""]",4,20,160000.0,588,0.1846057571964956,5.184546158889088,8.675573130978464
"ar_order=3,max_parents=6,on_change=chain,other_lags=3,velocity=binned",ar,1,33200,33558,0.8856606472376185,0.5576372039854111,11.487186815944714,7.077786139463065,33464,0.8877002151565861,0.5402474176521279,11.172550032185619,6.7507304392704155,94,0.1595744680851064,6.748401138634215,123.49788183418326,123.50961540804602,3694,0.004872766648619383,4.0583061636338496,42.90464030387504,37.64494866652446,29864,0.9946088936512189,0.1246251782373086,7.601033816198711,3.2968090977082847,18713,0.7998717469139102,0.8748493576805083,14.154713683099247,9.718863562364737,0.7218339023363998,0.23976215161383152,"[""y@t"", ""throughput_2@t"", ""throughput_2@t-1"", ""buffer_size_3@t""]",4,20,160000.0,588,0.1846057571964956,5.184546158889088,8.675573130978464
"ar_order=3,max_parents=6,on_change=chain,other_lags=3,velocity=binned",persistence,1,33200,33558,0.8899219262172954,3.0415695810906507,10.024628822031769,5.1845461588890895,33464,0.8919734640210375,2.984883496715327,9.70548658753815,4.851362658379156,94,0.1595744680851064,23.221815618705897,123.63926430175924,123.79787234042553,3694,0.0,27.63102111592855,42.1496400137932,36.3264753654575,29864,1.0,0.0,6.050955123184769,1.3324738815965729,18713,0.8068187890771121,5.337794118210961,12.858127756401132,8.675573130978464,0.7735241456423483,0.23976215161383152,"[""y@t"", ""throughput_2@t"", ""throughput_2@t-1"", ""buffer_size_3@t""]",4,20,160000.0,588,0.1846057571964956,5.184546158889088,8.675573130978464
"ar_order=3,max_parents=6,on_change=chain,other_lags=3,velocity=binned",model,2,66758,33201,0.8950935212794795,0.3269798013684845,9.569985601407588,6.149951111371394,33108,0.8964600700736982,0.32199293001319684,9.287651938853823,5.8552321401247704,93,0.40860215053763443,2.1023060038508774,110.0807694705481,111.06990487516968,4367,0.4199679413785207,1.815967581717633,27.45929717896889,29.060058243262066,28834,0.9670527849067073,0.10146791828654192,6.860593090510376,2.6801433203966214,19738,0.8485155537541798,0.47659265193498873,10.724342151191989,8.702761525063059,0.7669977597704964,0.6232425775378942,"[""y@t"", ""throughput_2@t"", ""data_quality_1@t+h"", ""throughput_2@t-1"", ""data_quality_1@t""]",5,20,800000.0,1145,0.142465588385892,4.902623414957381,7.62306211368933
"ar_order=3,max_parents=6,on_change=chain,other_lags=3,velocity=binned",ar,2,66758,33201,0.8701545134182705,0.5050236978555155,10.454689521086923,6.380662534734873,33108,0.8721759091458258,0.48812108193588344,10.111391585326679,6.028314798432174,93,0.15053763440860216,6.522354965244533,132.66875465173356,131.81645665849618,4367,0.034119532860087017,3.038713986816946,33.02808938132045,27.472451613798878,28834,0.9967746410487619,0.12128833363637949,7.035877105548329,3.186244732547439,19738,0.7858952274799879,0.7343481992221773,11.827036475823242,8.090460684569663,0.7505324110641358,0.6232425775378942,"[""y@t"", ""throughput_2@t"", ""data_quality_1@t+h"", ""throughput_2@t-1"", ""data_quality_1@t""]",5,20,800000.0,1145,0.142465588385892,4.902623414957381,7.62306211368933
"ar_order=3,max_parents=6,on_change=chain,other_lags=3,velocity=binned",persistence,2,66758,33201,0.8684678172344207,3.6343685194198962,9.960226829045615,4.902623414957387,33108,0.8704844750513471,3.578646204696799,9.612924391597936,4.54464177842214,93,0.15053763440860216,23.471512560842527,133.59989456041953,132.34408602150538,4367,0.0,27.631021115928547,34.401296563651044,27.813144034806502,28834,1.0,0.0,6.258549936105965,1.4327529999306452,19738,0.782754078427399,6.002726646321897,11.758325629862272,7.62306211368933,0.7626047187682191,0.6232425775378942,"[""y@t"", ""throughput_2@t"", ""data_quality_1@t+h"", ""throughput_2@t-1"", ""data_quality_1@t""]",5,20,800000.0,1145,0.142465588385892,4.902623414957381,7.62306211368933
"ar_order=3,max_parents=6,on_change=chain,other_lags=3,velocity=binned",model,3,99959,33201,0.9367187735309177,0.20768440083895037,8.357318891912652,5.138959446474061,33108,0.9381116346502356,0.2016272088723384,8.058200342641904,4.834339884799195,93,0.44086021505376344,2.3640447409528256,114.84352243229915,113.58352340272633,3573,0.5586342009515813,1.4992485432053422,27.830177916719176,30.316737208058175,29628,0.9823140272715,0.05192772874920022,6.008982004656216,2.1026357006208127,18433,0.9003960288612814,0.33037255209254146,9.507414682899508,7.6924662569920015,0.8251701022476002,2.0514237340539694,"[""y@t"", ""throughput_2@t"", ""throughput_2@t-1"", ""throughput_2@t-2"", ""y@t-1""]",5,20,3200000.0,2008,0.03587241348152164,4.688894912803831,7.6735745673520315
"ar_order=3,max_parents=6,on_change=chain,other_lags=3,velocity=binned",ar,3,99959,33201,0.8925634770037048,0.4319739097995062,9.609222363733878,5.773449984125006,33108,0.8945270025371511,0.41501823570537455,9.207312154040748,5.36200070706736,93,0.1935483870967742,6.468193887310355,152.68925701448777,152.24939261664642,3573,0.011474951021550517,3.047328471810701,36.64845547219517,31.069313193702868,29628,0.9988186850276766,0.11657422537713544,6.348415697859292,2.7228856784742113,18433,0.8107199045190691,0.6504801301619253,11.002593193631258,7.465522463291521,0.7581009007981645,2.0514237340539694,"[""y@t"", ""throughput_2@t"", ""throughput_2@t-1"", ""throughput_2@t-2"", ""y@t-1""]",5,20,3200000.0,2008,0.03587241348152164,4.688894912803831,7.6735745673520315
"ar_order=3,max_parents=6,on_change=chain,other_lags=3,velocity=binned",persistence,3,99959,33201,0.8923827595554351,2.973574243161733,9.329639287342522,4.688894912803838,33108,0.8943457774555998,2.919334054111334,8.924678899107837,4.272290685030815,93,0.1935483870967742,22.283081545103663,153.4955374988903,153.0,3573,0.0,27.631021115928547,39.205393036369564,33.52504897844948,29628,1.0,0.0,5.726761329151836,1.2113878763332064,18433,0.8102316497585852,5.243493292655458,11.48355310837272,7.6735745673520315,0.7693282577853836,2.0514237340539694,"[""y@t"", ""throughput_2@t"", ""throughput_2@t-1"", ""throughput_2@t-2"", ""y@t-1""]",5,20,3200000.0,2008,0.03587241348152164,4.688894912803831,7.6735745673520315
"ar_order=3,max_parents=6,on_change=chain,other_lags=3,velocity=binned",model,4,133160,33558,0.9460039334882889,0.19718403825519293,7.164278637052346,4.296073372022665,33464,0.9470176906526416,0.1925992432147217,6.94332578528697,4.063022102877204,94,0.5851063829787234,1.8293710726629706,85.82349386552613,87.26232518780708,3738,0.6008560727661851,1.4428495976345188,20.337872969748865,24.61514070165905,29820,0.9892689470154259,0.04103722869919293,5.512940755911515,1.7490353546457094,17046,0.9056083538660096,0.34708268040784523,7.820372840806476,7.164835212394886,0.7758847381225058,2.404115319252014,"[""y@t"", ""throughput_2@t"", ""throughput_2@t-1"", ""throughput_2@t-2"", ""y@t-1""]",5,20,3200000.0,2368,0.06028368794326241,3.4797365754812564,6.237240408306934
"ar_order=3,max_parents=6,on_change=chain,other_lags=3,velocity=binned",ar,4,133160,33558,0.8886107634543179,0.45696023717246426,8.508271460689382,4.690388717980491,33464,0.8904195553430552,0.4427906971390249,8.22224218945182,4.3933392386895775,94,0.24468085106382978,5.501316489076857,110.33469202126078,110.44000334554535,3738,0.0,3.141641454115752,27.84610834711612,21.224180173606694,29820,1.0,0.12042977476689717,6.084232752390816,2.617843028472418,17046,0.78487621729438,0.7524249355876457,9.567198350087114,6.157485842814768,0.7394748373264483,2.404115319252014,"[""y@t"", ""throughput_2@t"", ""throughput_2@t-1"", ""throughput_2@t-2"", ""y@t-1""]",5,20,3200000.0,2368,0.06028368794326241,3.4797365754812564,6.237240408306934
"ar_order=3,max_parents=6,on_change=chain,other_lags=3,velocity=binned",persistence,4,133160,33558,0.8886107634543179,3.077798347080902,8.178235962801633,3.4797365754812626,33464,0.8904195553430552,3.0278195802088805,7.888623211158364,3.177145589289989,94,0.24468085106382978,20.870239353520496,111.28037554780612,111.20212765957447,3738,0.0,27.631021115928547,29.672995689107662,22.419208132691278,29820,1.0,0.0,5.483822419644963,1.1056338028169082,17046,0.78487621729438,5.944089782477413,9.79507236652644,6.237240408306934,0.7394748373264483,2.404115319252014,"[""y@t"", ""throughput_2@t"", ""throughput_2@t-1"", ""throughput_2@t-2"", ""y@t-1""]",5,20,3200000.0,2368,0.06028368794326241,3.4797365754812564,6.237240408306934
"ar_order=3,max_parents=6,on_change=chain,other_lags=3,velocity=binned",model,5,166718,33201,0.9398813288756362,0.20897795246296508,8.465927159937202,5.4807604566981585,33108,0.9410112359550562,0.20407417125118335,8.242583405612455,5.24584106610416,93,0.5376344086021505,1.9547240638572485,87.97630369954632,89.11206350816164,3337,0.5876535810608331,1.5452670908238637,30.470373546702003,34.38620726932864,29864,0.9792392177873024,0.05966115448847005,6.007152796401368,2.250869082007965,18670,0.9078200321371184,0.32593321719821444,9.773156813566628,8.287155964647077,0.7129053972340748,2.3537838831543922,"[""y@t"", ""throughput_2@t"", ""throughput_2@t-1"", ""buffer_size_3@t""]",4,20,160000.0,1807,0.05517906087166049,4.876780819854823,8.07123727905731
"ar_order=3,max_parents=6,on_change=chain,other_lags=3,velocity=binned",ar,5,166718,33201,0.8995210987620855,0.43980100166609887,10.265829303389747,6.4406367979635535,33108,0.9014135556361,0.4246930884468797,9.959790895435876,6.1244522121795875,93,0.22580645161290322,5.81821810770813,119.21550253496788,119.00234933705568,3337,0.00029967036260113877,3.2669967260021817,41.18023455812651,35.44465731633126,29864,1.0,0.12389046951670465,6.811457138406607,3.1997308084848153,18670,0.8251740760578468,0.6621837791390752,12.095901398735837,8.611769401247129,0.689302047179812,2.3537838831543922,"[""y@t"", ""throughput_2@t"", ""throughput_2@t-1"", ""buffer_size_3@t""]",4,20,160000.0,1807,0.05517906087166049,4.876780819854823,8.07123727905731
"ar_order=3,max_parents=6,on_change=chain,other_lags=3,velocity=binned",persistence,5,166718,33201,0.8994909791873739,2.7771668764149746,9.591855277699558,4.876780819854831,33108,0.9013833514558415,2.7248786983057482,9.278621368473416,4.551467923160573,93,0.22580645161290322,21.391758283299517,121.10312696220682,120.68817204301075,3337,0.0,27.631021115928547,43.39065382393359,37.13964638897213,29864,1.0,0.0,5.815181330847731,1.271731851058139,18670,0.825120514193894,4.832098765051243,11.866004617462789,8.07123727905731,0.6895036600830379,2.3537838831543922,"[""y@t"", ""throughput_2@t"", ""throughput_2@t-1"", ""buffer_size_3@t""]",4,20,160000.0,1807,0.05517906087166049,4.876780819854823,8.07123727905731
n_bins=30,model,1,33200,33558,0.8802074021097801,0.522083541736752,7.564062632763549,6.080924887465663,33464,0.88229141764284,0.4955551389189524,7.236363959727869,5.750871379968311,94,0.13829787234042554,9.966194944873376,124.22479023346597,123.57997355652317,5211,0.3431203223949338,2.802535553547712,26.820383092323603,25.469146584197333,28347,0.9789395703249021,0.10287038219440486,4.024192949383741,2.5168079346428343,18713,0.8023299310639662,0.8278095441120407,9.642015022780134,8.753113567873719,0.6894150582035904,0.07650590501725674,"[""y@t"", ""throughput_2@t"", ""buffer_size_3@t""]",3,30,27000.0,547,0.18889683532987664,5.184546158889088,8.675573130978464
n_bins=30,ar,1,33200,33558,0.8430776565945527,0.6922736393304196,8.610117195093533,6.333368541757705,33464,0.8450872579488405,0.6716627542912142,8.283737394484257,6.003155711709256,94,0.1276595744680851,8.029748713287503,124.80132621199631,123.88913603900507,5211,0.014584532719247745,3.612988966248916,30.11445706840307,25.63274494428484,28347,0.9953786996860338,0.15536152981010776,4.656996403481864,2.785583928445223,18713,0.7237214770480415,1.0929225725488414,10.709998303566865,8.663572037673545,0.6586784735620131,0.07650590501725674,"[""y@t"", ""throughput_2@t"", ""buffer_size_3@t""]",3,30,27000.0,547,0.18889683532987664,5.184546158889088,8.675573130978464
n_bins=30,persistence,1,33200,33558,0.8447166100482746,4.29063862670909,7.776483313110348,5.184546158889093,33464,0.8467308152043987,4.234984081508412,7.448052013009039,4.851362658379159,94,0.1276595744680851,24.10365671815043,124.69802614917668,123.79787234042553,5211,0.0,27.631021115928544,31.444194039175816,27.03358280560353,28347,1.0,0.0,3.425672271605881,1.1680601121811893,18713,0.7259124672687437,7.573318404510101,10.651524116383587,8.675573130978464,0.689124265158895,0.07650590501725674,"[""y@t"", ""throughput_2@t"", ""buffer_size_3@t""]",3,30,27000.0,547,0.18889683532987664,5.184546158889088,8.675573130978464
n_bins=30,model,2,66758,33201,0.8864793229119605,0.4250838544810523,6.683356294719128,5.463598275448977,33108,0.8885767790262172,0.39849093565323784,6.329053773947397,5.104721822947132,93,0.13978494623655913,9.892162957183022,132.8150536894551,133.22361536610532,5142,0.4282380396732789,2.1320553261466046,21.639777609075722,21.307627275780195,28059,0.9704551124416408,0.11226988009478521,3.942491745076531,2.560073662322952,19738,0.8274901205795927,0.6092958902025434,7.681981997931328,7.219312735642046,0.6827411428647917,0.1646825149655342,"[""y@t"", ""throughput_2@t"", ""buffer_size_3@t""]",3,30,27000.0,990,0.09135267010029818,4.902623414957381,7.62306211368933
n_bins=30,ar,2,66758,33201,0.8415409174422457,0.5903743021571415,7.59147460488877,5.49308223683728,33108,0.843512142080464,0.5708887817896173,7.241905531658505,5.136590877502898,93,0.13978494623655913,7.52721955299569,132.03806467486282,132.40400615987733,5142,0.04278490859587709,2.868113453767642,26.09925426219691,22.21451634991078,28059,0.9879183149791511,0.17296332109647666,4.199799812562654,2.428767250222506,19738,0.7384740095247746,0.8595433409846174,8.997091872753415,7.235961726645041,0.6585038301896423,0.1646825149655342,"[""y@t"", ""throughput_2@t"", ""buffer_size_3@t""]",3,30,27000.0,990,0.09135267010029818,4.902623414957381,7.62306211368933
n_bins=30,persistence,2,66758,33201,0.8451251468329267,4.279350338185735,7.399007641466427,4.902623414957386,33108,0.8471064395312311,4.224605197802051,7.048727570244426,4.544641778422139,93,0.13978494623655913,23.76862031477724,132.0987129964985,132.34408602150538,5142,0.0,27.631021115928547,28.646992333744688,24.655970439517695,28059,1.0,0.0,3.5051718922346353,1.2826900459745603,19738,0.743540378964434,7.086241204216755,9.366787850261744,7.62306211368933,0.6942252524813323,0.1646825149655342,"[""y@t"", ""throughput_2@t"", ""buffer_size_3@t""]",3,30,27000.0,990,0.09135267010029818,4.902623414957381,7.62306211368933
n_bins=30,model,3,99959,33201,0.8981958374747748,0.3879954970777927,7.043960529550216,5.8329066674109695,33108,0.9003866135073094,0.3658612552175505,6.644333107478595,5.430397548442058,93,0.11827956989247312,8.267785599324014,149.3113227870469,149.1261530203431,4350,0.33057471264367816,2.17484598020894,24.48055261293201,23.74678801598917,28851,0.9837787251741708,0.1185837054026171,4.414964114773923,3.131947121249131,18433,0.8331253729723865,0.5708267773668939,7.734674827224438,7.313171948428277,0.7277171099323396,0.48261829651892185,"[""y@t"", ""throughput_2@t"", ""buffer_size_3@t"", ""data_quality_1@t+h""]",4,30,270000.0,2045,0.181741513809825,4.688894912803831,7.6735745673520315
n_bins=30,ar,3,99959,33201,0.8694617631999036,0.5151671031036543,7.370263465675743,5.4404250214275045,33108,0.8715416213603963,0.49472781580684355,6.964719913491271,5.030409650226205,93,0.12903225806451613,7.791553380768257,151.74376804334858,151.40589716909025,4350,0.008735632183908045,2.8428667280967597,28.68140071060531,24.910513583358497,28851,0.9992374614398114,0.16420896062263077,4.157083783327,2.504828846445708,18433,0.769435251993707,0.775507558923195,8.67059758104761,7.103152023245069,0.7101914666673437,0.48261829651892185,"[""y@t"", ""throughput_2@t"", ""buffer_size_3@t"", ""data_quality_1@t+h""]",4,30,270000.0,2045,0.181741513809825,4.688894912803831,7.6735745673520315
n_bins=30,persistence,3,99959,33201,0.8689798500045179,3.6202205311372904,6.9609614026938695,4.688894912803837,33108,0.8710583544762596,3.562789330189047,6.549696193097291,4.272290685030814,93,0.12903225806451613,24.065728068711955,153.37137601907577,153.0,4350,0.0,27.631021115928547,32.023021547196564,28.140919540229884,28851,1.0,0.0,3.1822375585086866,1.1529236421614577,18433,0.7684044919437965,6.39922037345516,9.185035464200103,7.6735745673520315,0.718280779756657,0.48261829651892185,"[""y@t"", ""throughput_2@t"", ""buffer_size_3@t"", ""data_quality_1@t+h""]",4,30,270000.0,2045,0.181741513809825,4.688894912803831,7.6735745673520315
n_bins=30,model,4,133160,33558,0.9149234161749806,0.2915326272529831,5.256726751040544,3.9151130150507427,33464,0.9168957685871384,0.2694205972673866,4.962559529476277,3.6182089139850366,94,0.2127659574468085,8.163415302125353,109.98025762791981,109.6129729944421,4790,0.5189979123173277,1.5563268028798183,14.97750099395789,15.734887901723853,28768,0.9808467741935484,0.08093876945082305,3.6381745880965064,1.9470679056526548,17046,0.8536900152528453,0.4658638249613861,5.979876762748799,5.798041457821354,0.7740843328881156,0.6151944529265165,"[""y@t"", ""throughput_2@t"", ""buffer_size_3@t""]",3,30,27000.0,1402,0.06916383574706478,3.4797365754812564,6.237240408306934
n_bins=30,ar,4,133160,33558,0.8572620537576733,0.5114241913381871,6.42719027262555,4.125635367741818,33464,0.8591023189098733,0.49484574362292205,6.135345811342796,3.828209880459885,94,0.20212765957446807,6.4133515779725006,110.32381848928621,110.00910884010993,4790,0.0,2.7153515812499713,20.047545515805506,15.559859480582773,28768,1.0,0.14446047478933247,4.159340522388064,2.221786177651851,17046,0.7233955180100904,0.8494779472993249,7.761346648915348,5.618480960163597,0.7343224244204728,0.6151944529265165,"[""y@t"", ""throughput_2@t"", ""buffer_size_3@t""]",3,30,27000.0,1402,0.06916383574706478,3.4797365754812564,6.237240408306934
n_bins=30,persistence,4,133160,33558,0.8572620537576733,3.9439952066660036,6.257958076534943,3.4797365754812626,33464,0.8591023189098733,3.8931468013866573,5.96158823724238,3.177145589289989,94,0.20212765957446807,22.0460274861132,111.76562086468687,111.20212765957447,4790,0.0,27.631021115928547,22.986534474603523,18.346137787056367,28768,1.0,0.0,3.472575674325944,1.0044146273637455,17046,0.7233955180100904,7.642864282623671,8.24366506509825,6.237240408306934,0.7343224244204728,0.6151944529265165,"[""y@t"", ""throughput_2@t"", ""buffer_size_3@t""]",3,30,27000.0,1402,0.06916383574706478,3.4797365754812564,6.237240408306934
n_bins=30,model,5,166718,33201,0.9169603325201048,0.31041058893122375,6.319152982988786,4.981930035324564,33108,0.919052796907092,0.2865327493407625,5.99718060469837,4.657987543467678,93,0.17204301075268819,8.810921483135411,120.941319654377,120.3054571363757,4045,0.4699629171817058,1.964123063162789,25.113080188244272,25.43465407851164,29156,0.9789751680614625,0.08098038731691856,3.7117501998478044,2.1443916639879004,18670,0.8710230316014997,0.45389897889766373,7.4953713725649225,7.033260963716328,0.6646007509670295,0.6994908545166254,"[""y@t"", ""throughput_2@t"", ""buffer_size_3@t""]",3,30,27000.0,1533,0.06379325923917954,4.876780819854823,8.07123727905731
n_bins=30,ar,5,166718,33201,0.878196439866269,0.4828013078111763,7.499966540931378,5.341161626943188,33108,0.8801498127340824,0.4643933914693115,7.183536323293324,5.02039363693194,93,0.1827956989247312,7.036019525515031,120.14912402007914,119.53456607094752,4045,0.00024721878862793575,3.0339474238845825,32.118774053089176,28.106906302532003,29156,1.0,0.12886434665337246,4.08444052958969,2.1827229792289353,18670,0.7874665238350295,0.7370997551020333,9.357687005722113,7.436230163088457,0.628675027132641,0.6994908545166254,"[""y@t"", ""throughput_2@t"", ""buffer_size_3@t""]",3,30,27000.0,1533,0.06379325923917954,4.876780819854823,8.07123727905731
n_bins=30,persistence,5,166718,33201,0.8781663202915575,3.366388976655251,7.353409013024176,4.876780819854829,33108,0.8801196085538239,3.3124176274350736,7.0330975599503125,4.551467923160571,93,0.1827956989247312,22.580189299038377,121.38428630731951,120.68817204301075,4045,0.0,27.63102111592855,35.78814183163626,31.691223733003707,29156,1.0,0.0,3.408475062849738,1.1566401426807575,18670,0.7874129619710766,5.8739969367498865,9.833624745365116,8.07123727905731,0.6288641524281492,0.6994908545166254,"[""y@t"", ""throughput_2@t"", ""buffer_size_3@t""]",3,30,27000.0,1533,0.06379325923917954,4.876780819854823,8.07123727905731
"ar_order=2,n_bins=30,on_change=chain,other_lags=2",model,1,33200,33558,0.8811311758746052,0.46743210427073667,7.693709049187849,6.0309545212901385,33464,0.8830982548410232,0.45987053177404386,7.324428835958528,5.653924446322793,94,0.18085106382978725,3.159351913093362,139.15746495882604,140.25366120966498,5211,0.3078104010746498,2.5337271489430466,27.25954155133518,25.735378790987923,28347,0.9865241471760681,0.08758720083166345,4.096942083770354,2.4087103730770947,18713,0.7986960936247528,0.7791062894685927,9.759418481834906,8.774242270516966,0.7016092668204734,0.12693215906620026,"[""y@t"", ""throughput_2@t"", ""throughput_2@t-1"", ""buffer_size_3@t""]",4,30,810000.0,932,0.20492878002264736,5.184546158889088,8.675573130978464
"ar_order=2,n_bins=30,on_change=chain,other_lags=2",ar,1,33200,33558,0.8430776565945527,0.6922736393304196,8.610117195093533,6.333368541757705,33464,0.8450872579488405,0.6716627542912142,8.283737394484257,6.003155711709256,94,0.1276595744680851,8.029748713287503,124.80132621199631,123.88913603900507,5211,0.014584532719247745,3.612988966248916,30.11445706840307,25.63274494428484,28347,0.9953786996860338,0.15536152981010776,4.656996403481864,2.785583928445223,18713,0.7237214770480415,1.0929225725488414,10.709998303566865,8.663572037673545,0.6586784735620131,0.12693215906620026,"[""y@t"", ""throughput_2@t"", ""throughput_2@t-1"", ""buffer_size_3@t""]",4,30,810000.0,932,0.20492878002264736,5.184546158889088,8.675573130978464
"ar_order=2,n_bins=30,on_change=chain,other_lags=2",persistence,1,33200,33558,0.8447166100482746,4.29063862670909,7.776483313110348,5.184546158889093,33464,0.8467308152043987,4.234984081508412,7.448052013009039,4.851362658379159,94,0.1276595744680851,24.10365671815043,124.69802614917668,123.79787234042553,5211,0.0,27.631021115928544,31.444194039175816,27.03358280560353,28347,1.0,0.0,3.425672271605881,1.1680601121811893,18713,0.7259124672687437,7.573318404510101,10.651524116383587,8.675573130978464,0.689124265158895,0.12693215906620026,"[""y@t"", ""throughput_2@t"", ""throughput_2@t-1"", ""buffer_size_3@t""]",4,30,810000.0,932,0.20492878002264736,5.184546158889088,8.675573130978464
"ar_order=2,n_bins=30,on_change=chain,other_lags=2",model,2,66758,33201,0.8960573476702509,0.35292328453463706,6.6857036286371825,5.273966926529864,33108,0.8975172163827474,0.3469275814554694,6.376035814987653,4.958350773831053,93,0.3763440860215054,2.48739358071833,116.92744528786966,117.63331728730657,5142,0.5009723842862699,1.794681295801342,21.4318537404354,21.418464121954973,28059,0.9684593178659253,0.08871145610406585,3.9833726875891613,2.3153795007885365,19738,0.8420306008714156,0.5405719324911885,7.783654610243936,7.262118811328125,0.6972997571835671,0.27957145869731903,"[""y@t"", ""throughput_2@t"", ""throughput_2@t-1"", ""buffer_size_3@t""]",4,30,810000.0,1814,0.10743652299629529,4.902623414957381,7.62306211368933
"ar_order=2,n_bins=30,on_change=chain,other_lags=2",ar,2,66758,33201,0.8415409174422457,0.5903743021571415,7.59147460488877,5.49308223683728,33108,0.843512142080464,0.5708887817896173,7.241905531658505,5.136590877502898,93,0.13978494623655913,7.52721955299569,132.03806467486282,132.40400615987733,5142,0.04278490859587709,2.868113453767642,26.09925426219691,22.21451634991078,28059,0.9879183149791511,0.17296332109647666,4.199799812562654,2.428767250222506,19738,0.7384740095247746,0.8595433409846174,8.997091872753415,7.235961726645041,0.6585038301896423,0.27957145869731903,"[""y@t"", ""throughput_2@t"", ""throughput_2@t-1"", ""buffer_size_3@t""]",4,30,810000.0,1814,0.10743652299629529,4.902623414957381,7.62306211368933
"ar_order=2,n_bins=30,on_change=chain,other_lags=2",persistence,2,66758,33201,0.8451251468329267,4.279350338185735,7.399007641466427,4.902623414957386,33108,0.8471064395312311,4.224605197802051,7.048727570244426,4.544641778422139,93,0.13978494623655913,23.76862031477724,132.0987129964985,132.34408602150538,5142,0.0,27.631021115928547,28.646992333744688,24.655970439517695,28059,1.0,0.0,3.5051718922346353,1.2826900459745603,19738,0.743540378964434,7.086241204216755,9.366787850261744,7.62306211368933,0.6942252524813323,0.27957145869731903,"[""y@t"", ""throughput_2@t"", ""throughput_2@t-1"", ""buffer_size_3@t""]",4,30,810000.0,1814,0.10743652299629529,4.902623414957381,7.62306211368933
"ar_order=2,n_bins=30,on_change=chain,other_lags=2",model,3,99959,33201,0.916026625704045,0.27092341107230616,6.344133777536233,5.054541259029535,33108,0.917451975353389,0.26423075293377585,6.0299001057677355,4.736861367571966,93,0.40860215053763443,2.653509708389105,118.2113209271213,118.1485826179241,4350,0.5990804597701149,1.4359341153005956,21.16568261437829,21.927836605329542,28851,0.9638140792346885,0.09526930676420393,4.109419644914732,2.510475723817409,18433,0.873542017034666,0.4187982285110427,7.079456216031641,6.840009393033702,0.786651602027066,0.8289262112230062,"[""y@t"", ""throughput_2@t"", ""throughput_2@t-1""]",3,30,27000.0,1199,0.03075208578054878,4.688894912803831,7.6735745673520315
"ar_order=2,n_bins=30,on_change=chain,other_lags=2",ar,3,99959,33201,0.8694617631999036,0.5151671031036543,7.370263465675743,5.4404250214275045,33108,0.8715416213603963,0.49472781580684355,6.964719913491271,5.030409650226205,93,0.12903225806451613,7.791553380768257,151.74376804334858,151.40589716909025,4350,0.008735632183908045,2.8428667280967597,28.68140071060531,24.910513583358497,28851,0.9992374614398114,0.16420896062263077,4.157083783327,2.504828846445708,18433,0.769435251993707,0.775507558923195,8.67059758104761,7.103152023245069,0.7101914666673437,0.8289262112230062,"[""y@t"", ""throughput_2@t"", ""throughput_2@t-1""]",3,30,27000.0,1199,0.03075208578054878,4.688894912803831,7.6735745673520315
"ar_order=2,n_bins=30,on_change=chain,other_lags=2",persistence,3,99959,33201,0.8689798500045179,3.6202205311372904,6.9609614026938695,4.688894912803837,33108,0.8710583544762596,3.562789330189047,6.549696193097291,4.272290685030814,93,0.12903225806451613,24.065728068711955,153.37137601907577,153.0,4350,0.0,27.631021115928547,32.023021547196564,28.140919540229884,28851,1.0,0.0,3.1822375585086866,1.1529236421614577,18433,0.7684044919437965,6.39922037345516,9.185035464200103,7.6735745673520315,0.718280779756657,0.8289262112230062,"[""y@t"", ""throughput_2@t"", ""throughput_2@t-1""]",3,30,27000.0,1199,0.03075208578054878,4.688894912803831,7.6735745673520315
"ar_order=2,n_bins=30,on_change=chain,other_lags=2",model,4,133160,33558,0.9215686274509803,0.2647137934130148,5.344863352731487,3.8530138593580596,33464,0.9229321061439159,0.2587484042760837,5.082563558583494,3.5841324601384765,94,0.43617021276595747,2.3883923261604934,98.72359006941714,99.57479198152967,4790,0.6319415448851774,1.395794010847354,14.380455281498016,15.735762124484602,28768,0.9697928253615128,0.07638390459521431,3.840397093735669,1.8744834022544676,17046,0.8734013844890297,0.4530250313735049,6.13553582966706,5.998745526913032,0.7756957658131581,1.0401063729077578,"[""y@t"", ""throughput_2@t"", ""throughput_2@t-1""]",3,30,27000.0,1372,0.04416234578937958,3.4797365754812564,6.237240408306934
"ar_order=2,n_bins=30,on_change=chain,other_lags=2",ar,4,133160,33558,0.8572620537576733,0.5114241913381871,6.42719027262555,4.125635367741818,33464,0.8591023189098733,0.49484574362292205,6.135345811342796,3.828209880459885,94,0.20212765957446807,6.4133515779725006,110.32381848928621,110.00910884010993,4790,0.0,2.7153515812499713,20.047545515805506,15.559859480582773,28768,1.0,0.14446047478933247,4.159340522388064,2.221786177651851,17046,0.7233955180100904,0.8494779472993249,7.761346648915348,5.618480960163597,0.7343224244204728,1.0401063729077578,"[""y@t"", ""throughput_2@t"", ""throughput_2@t-1""]",3,30,27000.0,1372,0.04416234578937958,3.4797365754812564,6.237240408306934
"ar_order=2,n_bins=30,on_change=chain,other_lags=2",persistence,4,133160,33558,0.8572620537576733,3.9439952066660036,6.257958076534943,3.4797365754812626,33464,0.8591023189098733,3.8931468013866573,5.96158823724238,3.177145589289989,94,0.20212765957446807,22.0460274861132,111.76562086468687,111.20212765957447,4790,0.0,27.631021115928547,22.986534474603523,18.346137787056367,28768,1.0,0.0,3.472575674325944,1.0044146273637455,17046,0.7233955180100904,7.642864282623671,8.24366506509825,6.237240408306934,0.7343224244204728,1.0401063729077578,"[""y@t"", ""throughput_2@t"", ""throughput_2@t-1""]",3,30,27000.0,1372,0.04416234578937958,3.4797365754812564,6.237240408306934
"ar_order=2,n_bins=30,on_change=chain,other_lags=2",model,5,166718,33201,0.9297912713472486,0.24135005820359984,6.346117192973836,4.903113432992627,33108,0.931134469010511,0.23501713528269882,6.079332769883781,4.632167636159437,93,0.45161290322580644,2.4958706180443544,101.32137181303348,101.35981710560826,4045,0.5965389369592089,1.4949692338178109,24.592735724949307,25.790783632855533,29156,0.9760255179036905,0.067427381383752,3.8146460734155707,2.005232174985854,18670,0.8928762720942689,0.3744094593427476,7.631041740201196,7.216950363511458,0.6643254897342499,1.272749150171876,"[""y@t"", ""throughput_2@t"", ""throughput_2@t-1"", ""buffer_size_3@t""]",4,30,810000.0,2853,0.07222674015842896,4.876780819854823,8.07123727905731
"ar_order=2,n_bins=30,on_change=chain,other_lags=2",ar,5,166718,33201,0.878196439866269,0.4828013078111763,7.499966540931378,5.341161626943188,33108,0.8801498127340824,0.4643933914693115,7.183536323293324,5.02039363693194,93,0.1827956989247312,7.036019525515031,120.14912402007914,119.53456607094752,4045,0.00024721878862793575,3.0339474238845825,32.118774053089176,28.106906302532003,29156,1.0,0.12886434665337246,4.08444052958969,2.1827229792289353,18670,0.7874665238350295,0.7370997551020333,9.357687005722113,7.436230163088457,0.628675027132641,1.272749150171876,"[""y@t"", ""throughput_2@t"", ""throughput_2@t-1"", ""buffer_size_3@t""]",4,30,810000.0,2853,0.07222674015842896,4.876780819854823,8.07123727905731
"ar_order=2,n_bins=30,on_change=chain,other_lags=2",persistence,5,166718,33201,0.8781663202915575,3.366388976655251,7.353409013024176,4.876780819854829,33108,0.8801196085538239,3.3124176274350736,7.0330975599503125,4.551467923160571,93,0.1827956989247312,22.580189299038377,121.38428630731951,120.68817204301075,4045,0.0,27.63102111592855,35.78814183163626,31.691223733003707,29156,1.0,0.0,3.408475062849738,1.1566401426807575,18670,0.7874129619710766,5.8739969367498865,9.833624745365116,8.07123727905731,0.6288641524281492,1.272749150171876,"[""y@t"", ""throughput_2@t"", ""throughput_2@t-1"", ""buffer_size_3@t""]",4,30,810000.0,2853,0.07222674015842896,4.876780819854823,8.07123727905731
"ar_order=3,max_parents=6,n_bins=30,on_change=chain,other_lags=3,velocity=binned",model,1,33200,33558,0.8850348650098337,0.4716312776338958,7.679495425578801,6.0716106804290195,33464,0.887012909395171,0.4640815005679984,7.310175286440467,5.6946948081558855,94,0.18085106382978725,3.159351913093362,139.15746495882604,140.25366120966498,5211,0.41278065630397237,2.5159164137887378,26.790536387234454,25.93833463975362,28347,0.9718488728966028,0.09583243315289677,4.1663323236213605,2.419531146367551,18713,0.8132848821674772,0.7842942259609095,9.750240102817886,8.928920725055518,0.7070183120639779,0.27961424365639687,"[""y@t"", ""throughput_2@t"", ""throughput_2@t-1"", ""throughput_2@t-2""]",4,30,810000.0,810,0.12122295726801359,5.184546158889088,8.675573130978464
"ar_order=3,max_parents=6,n_bins=30,on_change=chain,other_lags=3,velocity=binned",ar,1,33200,33558,0.8430776565945527,0.6922736393304196,8.610117195093533,6.333368541757705,33464,0.8450872579488405,0.6716627542912142,8.283737394484257,6.003155711709256,94,0.1276595744680851,8.029748713287503,124.80132621199631,123.88913603900507,5211,0.014584532719247745,3.612988966248916,30.11445706840307,25.63274494428484,28347,0.9953786996860338,0.15536152981010776,4.656996403481864,2.785583928445223,18713,0.7237214770480415,1.0929225725488414,10.709998303566865,8.663572037673545,0.6586784735620131,0.27961424365639687,"[""y@t"", ""throughput_2@t"", ""throughput_2@t-1"", ""throughput_2@t-2""]",4,30,810000.0,810,0.12122295726801359,5.184546158889088,8.675573130978464
"ar_order=3,max_parents=6,n_bins=30,on_change=chain,other_lags=3,velocity=binned",persistence,1,33200,33558,0.8447166100482746,4.29063862670909,7.776483313110348,5.184546158889093,33464,0.8467308152043987,4.234984081508412,7.448052013009039,4.851362658379159,94,0.1276595744680851,24.10365671815043,124.69802614917668,123.79787234042553,5211,0.0,27.631021115928544,31.444194039175816,27.03358280560353,28347,1.0,0.0,3.425672271605881,1.1680601121811893,18713,0.7259124672687437,7.573318404510101,10.651524116383587,8.675573130978464,0.689124265158895,0.27961424365639687,"[""y@t"", ""throughput_2@t"", ""throughput_2@t-1"", ""throughput_2@t-2""]",4,30,810000.0,810,0.12122295726801359,5.184546158889088,8.675573130978464
"ar_order=3,max_parents=6,n_bins=30,on_change=chain,other_lags=3,velocity=binned",model,2,66758,33201,0.8960573476702509,0.35292328453463706,6.6857036286371825,5.273966926529864,33108,0.8975172163827474,0.3469275814554694,6.376035814987653,4.958350773831053,93,0.3763440860215054,2.48739358071833,116.92744528786966,117.63331728730657,5142,0.5009723842862699,1.794681295801342,21.4318537404354,21.418464121954973,28059,0.9684593178659253,0.08871145610406585,3.9833726875891613,2.3153795007885365,19738,0.8420306008714156,0.5405719324911885,7.783654610243936,7.262118811328125,0.6972997571835671,0.6212551053613424,"[""y@t"", ""throughput_2@t"", ""throughput_2@t-1"", ""buffer_size_3@t""]",4,30,810000.0,1814,0.10743652299629529,4.902623414957381,7.62306211368933
"ar_order=3,max_parents=6,n_bins=30,on_change=chain,other_lags=3,velocity=binned",ar,2,66758,33201,0.8415409174422457,0.5903743021571415,7.59147460488877,5.49308223683728,33108,0.843512142080464,0.5708887817896173,7.241905531658505,5.136590877502898,93,0.13978494623655913,7.52721955299569,132.03806467486282,132.40400615987733,5142,0.04278490859587709,2.868113453767642,26.09925426219691,22.21451634991078,28059,0.9879183149791511,0.17296332109647666,4.199799812562654,2.428767250222506,19738,0.7384740095247746,0.8595433409846174,8.997091872753415,7.235961726645041,0.6585038301896423,0.6212551053613424,"[""y@t"", ""throughput_2@t"", ""throughput_2@t-1"", ""buffer_size_3@t""]",4,30,810000.0,1814,0.10743652299629529,4.902623414957381,7.62306211368933
"ar_order=3,max_parents=6,n_bins=30,on_change=chain,other_lags=3,velocity=binned",persistence,2,66758,33201,0.8451251468329267,4.279350338185735,7.399007641466427,4.902623414957386,33108,0.8471064395312311,4.224605197802051,7.048727570244426,4.544641778422139,93,0.13978494623655913,23.76862031477724,132.0987129964985,132.34408602150538,5142,0.0,27.631021115928547,28.646992333744688,24.655970439517695,28059,1.0,0.0,3.5051718922346353,1.2826900459745603,19738,0.743540378964434,7.086241204216755,9.366787850261744,7.62306211368933,0.6942252524813323,0.6212551053613424,"[""y@t"", ""throughput_2@t"", ""throughput_2@t-1"", ""buffer_size_3@t""]",4,30,810000.0,1814,0.10743652299629529,4.902623414957381,7.62306211368933
"ar_order=3,max_parents=6,n_bins=30,on_change=chain,other_lags=3,velocity=binned",model,3,99959,33201,0.9187373874280895,0.26317383930189936,6.1724511920799925,4.83632309689211,33108,0.9201703515766582,0.2564594127033398,5.8577352658579676,4.518030233068986,93,0.40860215053763443,2.653509708389105,118.2113209271213,118.1485826179241,4350,0.5666666666666667,1.4839024322015857,22.207102661818112,22.652041783532916,28851,0.9718207341166684,0.07911888872432363,3.7548319104827934,2.1501639936760157,18433,0.8739760212662073,0.41334957578150044,7.247046723487144,6.934324832389116,0.7675699065061745,2.3361755553632975,"[""y@t"", ""throughput_2@t"", ""throughput_2@t-1"", ""throughput_2@t-2"", ""y@t-1""]",5,30,24300000.0,3091,0.05288997319357851,4.688894912803831,7.6735745673520315
"ar_order=3,max_parents=6,n_bins=30,on_change=chain,other_lags=3,velocity=binned",ar,3,99959,33201,0.8694617631999036,0.5151671031036543,7.370263465675743,5.4404250214275045,33108,0.8715416213603963,0.49472781580684355,6.964719913491271,5.030409650226205,93,0.12903225806451613,7.791553380768257,151.74376804334858,151.40589716909025,4350,0.008735632183908045,2.8428667280967597,28.68140071060531,24.910513583358497,28851,0.9992374614398114,0.16420896062263077,4.157083783327,2.504828846445708,18433,0.769435251993707,0.775507558923195,8.67059758104761,7.103152023245069,0.7101914666673437,2.3361755553632975,"[""y@t"", ""throughput_2@t"", ""throughput_2@t-1"", ""throughput_2@t-2"", ""y@t-1""]",5,30,24300000.0,3091,0.05288997319357851,4.688894912803831,7.6735745673520315
"ar_order=3,max_parents=6,n_bins=30,on_change=chain,other_lags=3,velocity=binned",persistence,3,99959,33201,0.8689798500045179,3.6202205311372904,6.9609614026938695,4.688894912803837,33108,0.8710583544762596,3.562789330189047,6.549696193097291,4.272290685030814,93,0.12903225806451613,24.065728068711955,153.37137601907577,153.0,4350,0.0,27.631021115928547,32.023021547196564,28.140919540229884,28851,1.0,0.0,3.1822375585086866,1.1529236421614577,18433,0.7684044919437965,6.39922037345516,9.185035464200103,7.6735745673520315,0.718280779756657,2.3361755553632975,"[""y@t"", ""throughput_2@t"", ""throughput_2@t-1"", ""throughput_2@t-2"", ""y@t-1""]",5,30,24300000.0,3091,0.05288997319357851,4.688894912803831,7.6735745673520315
"ar_order=3,max_parents=6,n_bins=30,on_change=chain,other_lags=3,velocity=binned",model,4,133160,33558,0.9261278979676977,0.24248862567025917,5.3732354319166,3.8685570489972396,33464,0.9275041836002869,0.23646080628685964,5.11101533462025,3.5997193104227105,94,0.43617021276595747,2.3883923261604934,98.72359006941714,99.57479198152967,4790,0.5695198329853862,1.3371924745253982,15.324802171971566,16.593509864700813,28768,0.9855047274749722,0.060215564073480984,3.7162552913137326,1.7497957869275749,17046,0.8687082013375572,0.4239496718187963,6.277082281758489,6.132520739696971,0.7802231116819305,2.9329599943012,"[""y@t"", ""throughput_2@t"", ""throughput_2@t-1"", ""throughput_2@t-2"", ""y@t-1""]",5,30,24300000.0,3618,0.06502175338220395,3.4797365754812564,6.237240408306934
"ar_order=3,max_parents=6,n_bins=30,on_change=chain,other_lags=3,velocity=binned",ar,4,133160,33558,0.8572620537576733,0.5114241913381871,6.42719027262555,4.125635367741818,33464,0.8591023189098733,0.49484574362292205,6.135345811342796,3.828209880459885,94,0.20212765957446807,6.4133515779725006,110.32381848928621,110.00910884010993,4790,0.0,2.7153515812499713,20.047545515805506,15.559859480582773,28768,1.0,0.14446047478933247,4.159340522388064,2.221786177651851,17046,0.7233955180100904,0.8494779472993249,7.761346648915348,5.618480960163597,0.7343224244204728,2.9329599943012,"[""y@t"", ""throughput_2@t"", ""throughput_2@t-1"", ""throughput_2@t-2"", ""y@t-1""]",5,30,24300000.0,3618,0.06502175338220395,3.4797365754812564,6.237240408306934
"ar_order=3,max_parents=6,n_bins=30,on_change=chain,other_lags=3,velocity=binned",persistence,4,133160,33558,0.8572620537576733,3.9439952066660036,6.257958076534943,3.4797365754812626,33464,0.8591023189098733,3.8931468013866573,5.96158823724238,3.177145589289989,94,0.20212765957446807,22.0460274861132,111.76562086468687,111.20212765957447,4790,0.0,27.631021115928547,22.986534474603523,18.346137787056367,28768,1.0,0.0,3.472575674325944,1.0044146273637455,17046,0.7233955180100904,7.642864282623671,8.24366506509825,6.237240408306934,0.7343224244204728,2.9329599943012,"[""y@t"", ""throughput_2@t"", ""throughput_2@t-1"", ""throughput_2@t-2"", ""y@t-1""]",5,30,24300000.0,3618,0.06502175338220395,3.4797365754812564,6.237240408306934
"ar_order=3,max_parents=6,n_bins=30,on_change=chain,other_lags=3,velocity=binned",model,5,166718,33201,0.9297912713472486,0.24135005820359984,6.346117192973836,4.903113432992627,33108,0.931134469010511,0.23501713528269882,6.079332769883781,4.632167636159437,93,0.45161290322580644,2.4958706180443544,101.32137181303348,101.35981710560826,4045,0.5965389369592089,1.4949692338178109,24.592735724949307,25.790783632855533,29156,0.9760255179036905,0.067427381383752,3.8146460734155707,2.005232174985854,18670,0.8928762720942689,0.3744094593427476,7.631041740201196,7.216950363511458,0.6643254897342499,2.6689039897173643,"[""y@t"", ""throughput_2@t"", ""throughput_2@t-1"", ""buffer_size_3@t""]",4,30,810000.0,2853,0.07222674015842896,4.876780819854823,8.07123727905731
"ar_order=3,max_parents=6,n_bins=30,on_change=chain,other_lags=3,velocity=binned",ar,5,166718,33201,0.878196439866269,0.4828013078111763,7.499966540931378,5.341161626943188,33108,0.8801498127340824,0.4643933914693115,7.183536323293324,5.02039363693194,93,0.1827956989247312,7.036019525515031,120.14912402007914,119.53456607094752,4045,0.00024721878862793575,3.0339474238845825,32.118774053089176,28.106906302532003,29156,1.0,0.12886434665337246,4.08444052958969,2.1827229792289353,18670,0.7874665238350295,0.7370997551020333,9.357687005722113,7.436230163088457,0.628675027132641,2.6689039897173643,"[""y@t"", ""throughput_2@t"", ""throughput_2@t-1"", ""buffer_size_3@t""]",4,30,810000.0,2853,0.07222674015842896,4.876780819854823,8.07123727905731
"ar_order=3,max_parents=6,n_bins=30,on_change=chain,other_lags=3,velocity=binned",persistence,5,166718,33201,0.8781663202915575,3.366388976655251,7.353409013024176,4.876780819854829,33108,0.8801196085538239,3.3124176274350736,7.0330975599503125,4.551467923160571,93,0.1827956989247312,22.580189299038377,121.38428630731951,120.68817204301075,4045,0.0,27.63102111592855,35.78814183163626,31.691223733003707,29156,1.0,0.0,3.408475062849738,1.1566401426807575,18670,0.7874129619710766,5.8739969367498865,9.833624745365116,8.07123727905731,0.6288641524281492,2.6689039897173643,"[""y@t"", ""throughput_2@t"", ""throughput_2@t-1"", ""buffer_size_3@t""]",4,30,810000.0,2853,0.07222674015842896,4.876780819854823,8.07123727905731
n_bins=50,model,1,33200,33558,0.8387865784611717,0.6660533402285216,6.684125667501573,6.162626164455164,33464,0.8409036576619651,0.6405617066629135,6.357694341785764,5.834443342109789,94,0.0851063829787234,9.741074889584993,122.89367762232969,122.9957109194091,6407,0.24847822693928515,2.7938002506692596,23.036075951408364,22.242765048590872,27151,0.9780855217119074,0.16395491088176434,2.8254484376024602,2.3680900578418735,18713,0.7285309677764121,1.0563646518559657,9.053019550660647,8.770602620193818,0.5802135104739415,0.10019736737012863,"[""y@t"", ""throughput_2@t"", ""buffer_size_3@t"", ""data_quality_1@t+h""]",4,50,1250000.0,1291,0.4339948745455629,5.184546158889088,8.675573130978464
n_bins=50,ar,1,33200,33558,0.8065140949997021,0.788055586925237,7.113747901240445,6.440994547980389,33464,0.8085405211570643,0.7630795033219351,6.786196140645751,6.111266420390359,94,0.0851063829787234,9.679541349700713,123.7221746729516,123.82420797003104,6407,0.0051506165131887,3.11640736133884,24.217319097430387,22.745143173670886,27151,0.9956171043423815,0.23861910875986705,3.077705742425337,2.593597389687913,18713,0.6588467910009085,1.1965894433097917,9.352591256671055,8.745967448135403,0.5467259011334336,0.10019736737012863,"[""y@t"", ""throughput_2@t"", ""buffer_size_3@t"", ""data_quality_1@t+h""]",4,50,1250000.0,1291,0.4339948745455629,5.184546158889088,8.675573130978464
n_bins=50,persistence,1,33200,33558,0.809076822218249,5.275402356807741,6.0747025454140555,5.18454615888909,33464,0.8111104470475735,5.2192112262068,5.744168900216286,4.8513626583791565,94,0.0851063829787234,25.279444850743133,123.7446802358203,123.79787234042553,6407,0.0,27.631021115928544,24.77230736745187,23.266895582956142,27151,1.0,0.0,1.6625057904217428,0.9175352657360722,18713,0.6622134345107679,9.333387723709953,9.145791032411166,8.675573130978464,0.5767997398236249,0.10019736737012863,"[""y@t"", ""throughput_2@t"", ""buffer_size_3@t"", ""data_quality_1@t+h""]",4,50,1250000.0,1291,0.4339948745455629,5.184546158889088,8.675573130978464
n_bins=50,model,2,66758,33201,0.8378060901780067,0.557990215258121,5.569527903018041,5.0694495902558305,33108,0.8398272320889211,0.5340763548901016,5.217554506136729,4.715524499773027,93,0.11827956989247312,9.071324506272928,130.87205719276494,131.06678180213376,7033,0.37395137210294327,2.0008078043204125,16.595475753110286,16.13970339020668,26168,0.9624732497707124,0.1702136903469661,2.606156944989198,2.0941708156053287,19738,0.7439456885196069,0.8256766110973087,6.776525956007865,6.72384228816058,0.5854139270335046,0.20708072744309902,"[""y@t"", ""throughput_2@t"", ""data_quality_1@t+h"", ""data_quality_1@t""]",4,50,250000.0,1235,0.15695310382217403,4.902623414957381,7.62306211368933
n_bins=50,ar,2,66758,33201,0.7866630523177013,0.7256308754413617,6.173138376716704,5.5097216467465975,33108,0.7886009423704241,0.7024272014098536,5.818246682666832,5.152478800788724,93,0.0967741935483871,8.986138830658296,132.51458145847116,132.6881748077493,7033,0.036684203042798236,2.522141336582933,18.916545241697968,17.609237436971636,26168,0.988229899113421,0.24279466047618808,2.748177337225217,2.2578149457127874,19738,0.647380686999696,1.0449497987110725,7.636927459803809,7.114567662467509,0.5573563447545538,0.20708072744309902,"[""y@t"", ""throughput_2@t"", ""data_quality_1@t+h"", ""data_quality_1@t""]",4,50,250000.0,1235,0.15695310382217403,4.902623414957381,7.62306211368933
n_bins=50,persistence,2,66758,33201,0.7881690310532815,5.853105975974382,5.831207999560039,4.902623414957386,33108,0.7901111513833514,5.799443208124545,5.476139387467016,4.544641778422139,93,0.0967741935483871,24.957051330516098,132.23563390467646,132.34408602150538,7033,0.0,27.631021115928547,21.00427883188823,19.578700412341817,26168,1.0,0.0,1.7532422718099572,0.9582314276979587,19738,0.6479379876380585,9.7278328976891,8.075706466801048,7.62306211368933,0.5939957033297487,0.20708072744309902,"[""y@t"", ""throughput_2@t"", ""data_quality_1@t+h"", ""data_quality_1@t""]",4,50,250000.0,1235,0.15695310382217403,4.902623414957381,7.62306211368933
n_bins=50,model,3,99959,33201,0.885605855245324,0.4384743585518314,5.499342955297939,4.838458798005892,33108,0.8878216745197536,0.4064962898117721,5.086794880789681,4.425378953150512,93,0.0967741935483871,11.822666830012977,152.36645748023804,151.89488356652112,5662,0.45249028611797953,2.0254826827356434,18.22262497701958,18.010333989251976,27539,0.9746541268746142,0.11218650744871436,2.883444672608374,2.1303300593866488,18433,0.8128899256767753,0.6660528567210264,6.54199082880555,6.365828788891596,0.672798064822194,0.5765329729765654,"[""y@t"", ""throughput_2@t"", ""buffer_size_3@t""]",3,50,125000.0,2145,0.07822053552603837,4.688894912803831,7.6735745673520315
n_bins=50,ar,3,99959,33201,0.8312701424655884,0.6272566955720869,6.342931974377443,5.40144670796323,33108,0.8333031291530748,0.6039283273361515,5.933552706206231,4.990654599743978,93,0.10752688172043011,8.932155787565039,152.08195144332905,151.64343723401709,5662,0.03302719886965737,2.6654476984118824,21.759316838064173,20.322599951998644,27539,0.9953883583281891,0.2082059871920105,3.173333546758638,2.3336675704590175,18433,0.702490099278468,0.9431669245262999,7.784774346817663,6.939343279930709,0.5940689055826124,0.5765329729765654,"[""y@t"", ""throughput_2@t"", ""buffer_size_3@t""]",3,50,125000.0,2145,0.07822053552603837,4.688894912803831,7.6735745673520315
n_bins=50,persistence,3,99959,33201,0.8294629679828921,4.712112332712492,5.8224676635054005,4.68889491280384,33108,0.831490878337562,4.656079098881398,5.407605595155496,4.272290685030817,93,0.10752688172043011,24.659943576581387,153.5133639960713,153.0,5662,0.0,27.63102111592855,24.556981614566087,23.078417520310843,27539,1.0,0.0,1.9706641125084285,0.9080213515378298,18433,0.6973362990289156,8.362907112557117,8.335943860506402,7.6735745673520315,0.6144954798776907,0.5765329729765654,"[""y@t"", ""throughput_2@t"", ""buffer_size_3@t""]",3,50,125000.0,2145,0.07822053552603837,4.688894912803831,7.6735745673520315
n_bins=50,model,4,133160,33558,0.9208832469157876,0.3136209994067611,3.974890829779791,3.4985963646087015,33464,0.9229619890031078,0.28398823429783204,3.6768633394533423,3.1989994676807316,94,0.18085106382978725,10.862885378185497,110.07267738599539,110.15509167096587,4945,0.5383215369059656,1.548710467062937,13.946187109165479,14.09432816559632,28613,0.9869989165763814,0.10016846323230225,2.2516160909700806,1.6674044673632622,17046,0.8596738237709727,0.4859705318446371,5.021978612460063,5.116318172304691,0.7294553112873451,0.7128013446927071,"[""y@t"", ""throughput_2@t"", ""buffer_size_3@t""]",3,50,125000.0,2485,0.08275224983610466,3.4797365754812564,6.237240408306934
n_bins=50,ar,4,133160,33558,0.8564276774539603,0.5502232312147218,4.971237442609081,4.130007705956516,33464,0.8583552474300741,0.5274813016525789,4.675759470749978,3.8322749347773506,94,0.1702127659574468,8.64635015533764,110.1613954244496,110.1228742457398,4945,0.0339737108190091,2.5941685762083306,17.60123800718542,15.791674248533404,28613,0.9985670848914829,0.19698135755612622,2.7884760127754395,2.1145971913987034,17046,0.7224568813797958,0.8726866021805371,6.224705592607275,5.4970666819507725,0.6753143972536071,0.7128013446927071,"[""y@t"", ""throughput_2@t"", ""buffer_size_3@t""]",3,50,125000.0,2485,0.08275224983610466,3.4797365754812564,6.237240408306934
n_bins=50,persistence,4,133160,33558,0.8526431849335478,4.071619268677116,4.592909234457533,3.479736575481264,33464,0.8545601243126942,4.0186522762139685,4.29318995220557,3.177145589289991,94,0.1702127659574468,22.92786858555773,111.29297371615647,111.20212765957447,4945,0.0,27.631021115928547,20.468967960208058,18.578361981799798,28613,1.0,0.0,1.8491525364937993,0.8703386572537046,17046,0.7144784700222926,7.889251423866258,6.806875662131926,6.237240408306935,0.6977537517208655,0.7128013446927071,"[""y@t"", ""throughput_2@t"", ""buffer_size_3@t""]",3,50,125000.0,2485,0.08275224983610466,3.4797365754812564,6.237240408306934
n_bins=50,model,5,166718,33201,0.8900936718773531,0.4111713091573258,5.132107032430895,4.585431722954689,33108,0.8922012806572429,0.3834265067028999,4.80885080755509,4.261747048669437,93,0.13978494623655913,10.288320982932957,120.21132308821728,119.81717576850376,5233,0.45232180393655647,2.0103666081773266,19.79867530852284,19.42723057188999,27968,0.9720037185354691,0.11195116471468916,2.3878939392962724,1.8084318167590925,18670,0.8245848955543653,0.6169441965041615,6.60289859956292,6.517297124493108,0.611224324655247,0.8892345372587442,"[""y@t"", ""throughput_2@t"", ""buffer_size_3@t""]",3,50,125000.0,2709,0.06484744435408572,4.876780819854823,8.07123727905731
n_bins=50,ar,5,166718,33201,0.8441613204421553,0.5895382479779903,6.152825078041283,5.240686862300149,33108,0.8461399057629576,0.5682370444068457,5.833004881056036,4.919602953082891,93,0.13978494623655913,8.17276671930548,120.0088152047886,119.54655854364376,5233,0.01758073762660042,2.7968802435643916,24.435743671694468,22.632100987283373,27968,0.9988200800915332,0.17652978606066916,2.7319686349424868,1.9866368724532806,18670,0.7277986073915372,0.8937672940145978,8.003581521955224,7.231071547679541,0.570902264773216,0.8892345372587442,"[""y@t"", ""throughput_2@t"", ""buffer_size_3@t""]",3,50,125000.0,2709,0.06484744435408572,4.876780819854823,8.07123727905731
n_bins=50,persistence,5,166718,33201,0.8423842655341707,4.355083687227918,6.0032307001824865,4.87678081985483,33108,0.8443578591277032,4.3005512809707565,5.679746453449299,4.551467923160573,93,0.13978494623655913,23.76862031477724,121.16362253719775,120.68817204301075,5233,0.0,27.631021115928544,27.755977626530186,25.884387540607683,27968,1.0,0.0,1.9331461512130395,0.9461169908466905,18670,0.7239957150508838,7.62628022551579,8.743171593653088,8.07123727905731,0.5776054072504856,0.8892345372587442,"[""y@t"", ""throughput_2@t"", ""buffer_size_3@t""]",3,50,125000.0,2709,0.06484744435408572,4.876780819854823,8.07123727905731
"ar_order=2,n_bins=50,on_change=chain,other_lags=2",model,1,33200,33558,0.8569044639132248,0.5323715588736552,6.30676387875198,5.816537998660356,33464,0.8589827874731054,0.5237759998250493,5.922405463097291,5.430780000184154,94,0.11702127659574468,3.592390580177305,143.13835985182095,143.14638545618786,6407,0.419072889027626,2.2117351369701375,22.357059464795515,22.051338782418707,27151,0.9602224595779161,0.13608109278164515,2.5192700914225643,1.9855053066217658,18713,0.7677015978196975,0.872108355965321,8.672697714651614,8.57907425307265,0.6267337954927822,0.16618752107024193,"[""y@t"", ""throughput_2@t"", ""throughput_2@t-1""]",3,50,125000.0,827,0.11913701650873115,5.184546158889088,8.675573130978464
"ar_order=2,n_bins=50,on_change=chain,other_lags=2",ar,1,33200,33558,0.8065140949997021,0.788055586925237,7.113747901240445,6.440994547980389,33464,0.8085405211570643,0.7630795033219351,6.786196140645751,6.111266420390359,94,0.0851063829787234,9.679541349700713,123.7221746729516,123.82420797003104,6407,0.0051506165131887,3.11640736133884,24.217319097430387,22.745143173670886,27151,0.9956171043423815,0.23861910875986705,3.077705742425337,2.593597389687913,18713,0.6588467910009085,1.1965894433097917,9.352591256671055,8.745967448135403,0.5467259011334336,0.16618752107024193,"[""y@t"", ""throughput_2@t"", ""throughput_2@t-1""]",3,50,125000.0,827,0.11913701650873115,5.184546158889088,8.675573130978464
"ar_order=2,n_bins=50,on_change=chain,other_lags=2",persistence,1,33200,33558,0.809076822218249,5.275402356807741,6.0747025454140555,5.18454615888909,33464,0.8111104470475735,5.2192112262068,5.744168900216286,4.8513626583791565,94,0.0851063829787234,25.279444850743133,123.7446802358203,123.79787234042553,6407,0.0,27.631021115928544,24.77230736745187,23.266895582956142,27151,1.0,0.0,1.6625057904217428,0.9175352657360722,18713,0.6622134345107679,9.333387723709953,9.145791032411166,8.675573130978464,0.5767997398236249,0.16618752107024193,"[""y@t"", ""throughput_2@t"", ""throughput_2@t-1""]",3,50,125000.0,827,0.11913701650873115,5.184546158889088,8.675573130978464
"ar_order=2,n_bins=50,on_change=chain,other_lags=2",model,2,66758,33201,0.8687087738321135,0.43530248260469795,5.264640841206897,4.830662218409326,33108,0.8701824332487617,0.4283186607928478,4.945287966877216,4.50860542139178,93,0.34408602150537637,2.9215430476233415,118.95426410257303,119.48288195665565,7033,0.5606426844874165,1.5502338691217632,15.915155933730455,16.04061037189889,26168,0.9515056557627637,0.135649760143122,2.4021724582308113,1.8178387178173014,19738,0.8006890262437937,0.667707083743052,6.594368145861237,6.703350376524545,0.6124952743351113,0.35366060957312584,"[""y@t"", ""throughput_2@t"", ""throughput_2@t-1""]",3,50,125000.0,1535,0.10587030511129183,4.902623414957381,7.62306211368933
"ar_order=2,n_bins=50,on_change=chain,other_lags=2",ar,2,66758,33201,0.7866630523177013,0.7256308754413617,6.173138376716704,5.5097216467465975,33108,0.7886009423704241,0.7024272014098536,5.818246682666832,5.152478800788724,93,0.0967741935483871,8.986138830658296,132.51458145847116,132.6881748077493,7033,0.036684203042798236,2.522141336582933,18.916545241697968,17.609237436971636,26168,0.988229899113421,0.24279466047618808,2.748177337225217,2.2578149457127874,19738,0.647380686999696,1.0449497987110725,7.636927459803809,7.114567662467509,0.5573563447545538,0.35366060957312584,"[""y@t"", ""throughput_2@t"", ""throughput_2@t-1""]",3,50,125000.0,1535,0.10587030511129183,4.902623414957381,7.62306211368933
"ar_order=2,n_bins=50,on_change=chain,other_lags=2",persistence,2,66758,33201,0.7881690310532815,5.853105975974382,5.831207999560039,4.902623414957386,33108,0.7901111513833514,5.799443208124545,5.476139387467016,4.544641778422139,93,0.0967741935483871,24.957051330516098,132.23563390467646,132.34408602150538,7033,0.0,27.631021115928547,21.00427883188823,19.578700412341817,26168,1.0,0.0,1.7532422718099572,0.9582314276979587,19738,0.6479379876380585,9.7278328976891,8.075706466801048,7.62306211368933,0.5939957033297487,0.35366060957312584,"[""y@t"", ""throughput_2@t"", ""throughput_2@t-1""]",3,50,125000.0,1535,0.10587030511129183,4.902623414957381,7.62306211368933
"ar_order=2,n_bins=50,on_change=chain,other_lags=2",model,3,99959,33201,0.9034968826240174,0.337210951678477,5.303859283949664,4.582789819659769,33108,0.9050682614473843,0.32976952109558055,4.977325043870496,4.2558163137360445,93,0.34408602150537637,2.986360239189625,121.55004875213297,120.98535792850613,5662,0.6137407276580713,1.503649279873199,16.941545833385582,16.92397486454219,27539,0.9630705544863648,0.09739201074966633,2.9111587050286354,2.0454504201127905,18433,0.8467422557369935,0.5410200174358855,6.400533807616277,6.213694502998789,0.6995642043053297,1.011125860735774,"[""y@t"", ""throughput_2@t"", ""throughput_2@t-1""]",3,50,125000.0,1966,0.04490828589500316,4.688894912803831,7.6735745673520315
"ar_order=2,n_bins=50,on_change=chain,other_lags=2",ar,3,99959,33201,0.8312701424655884,0.6272566955720869,6.342931974377443,5.40144670796323,33108,0.8333031291530748,0.6039283273361515,5.933552706206231,4.990654599743978,93,0.10752688172043011,8.932155787565039,152.08195144332905,151.64343723401709,5662,0.03302719886965737,2.6654476984118824,21.759316838064173,20.322599951998644,27539,0.9953883583281891,0.2082059871920105,3.173333546758638,2.3336675704590175,18433,0.702490099278468,0.9431669245262999,7.784774346817663,6.939343279930709,0.5940689055826124,1.011125860735774,"[""y@t"", ""throughput_2@t"", ""throughput_2@t-1""]",3,50,125000.0,1966,0.04490828589500316,4.688894912803831,7.6735745673520315
"ar_order=2,n_bins=50,on_change=chain,other_lags=2",persistence,3,99959,33201,0.8294629679828921,4.712112332712492,5.8224676635054005,4.68889491280384,33108,0.831490878337562,4.656079098881398,5.407605595155496,4.272290685030817,93,0.10752688172043011,24.659943576581387,153.5133639960713,153.0,5662,0.0,27.63102111592855,24.556981614566087,23.078417520310843,27539,1.0,0.0,1.9706641125084285,0.9080213515378298,18433,0.6973362990289156,8.362907112557117,8.335943860506402,7.6735745673520315,0.6144954798776907,1.011125860735774,"[""y@t"", ""throughput_2@t"", ""throughput_2@t-1""]",3,50,125000.0,1966,0.04490828589500316,4.688894912803831,7.6735745673520315
"ar_order=2,n_bins=50,on_change=chain,other_lags=2",model,4,133160,33558,0.928899219262173,0.24890390261875578,3.910202040105932,3.3475851476402565,33464,0.9303729380827157,0.24196059888533358,3.6272616642343913,3.0614788059186746,94,0.40425531914893614,2.7207200317170583,104.63697585037414,105.2014428005236,4945,0.6730030333670374,1.206718737325929,13.372683854953587,13.987001165903886,28613,0.9731241044280572,0.08337095054707606,2.2748624191496645,1.5088435892467418,17046,0.8822011028980405,0.4226490860773537,4.988844224331058,5.180363325497191,0.7280704036338947,1.2472643535584211,"[""y@t"", ""throughput_2@t"", ""throughput_2@t-1""]",3,50,125000.0,2258,0.07229274688598844,3.4797365754812564,6.237240408306934
"ar_order=2,n_bins=50,on_change=chain,other_lags=2",ar,4,133160,33558,0.8564276774539603,0.5502232312147218,4.971237442609081,4.130007705956516,33464,0.8583552474300741,0.5274813016525789,4.675759470749978,3.8322749347773506,94,0.1702127659574468,8.64635015533764,110.1613954244496,110.1228742457398,4945,0.0339737108190091,2.5941685762083306,17.60123800718542,15.791674248533404,28613,0.9985670848914829,0.19698135755612622,2.7884760127754395,2.1145971913987034,17046,0.7224568813797958,0.8726866021805371,6.224705592607275,5.4970666819507725,0.6753143972536071,1.2472643535584211,"[""y@t"", ""throughput_2@t"", ""throughput_2@t-1""]",3,50,125000.0,2258,0.07229274688598844,3.4797365754812564,6.237240408306934
"ar_order=2,n_bins=50,on_change=chain,other_lags=2",persistence,4,133160,33558,0.8526431849335478,4.071619268677116,4.592909234457533,3.479736575481264,33464,0.8545601243126942,4.0186522762139685,4.29318995220557,3.177145589289991,94,0.1702127659574468,22.92786858555773,111.29297371615647,111.20212765957447,4945,0.0,27.631021115928547,20.468967960208058,18.578361981799798,28613,1.0,0.0,1.8491525364937993,0.8703386572537046,17046,0.7144784700222926,7.889251423866258,6.806875662131926,6.237240408306935,0.6977537517208655,1.2472643535584211,"[""y@t"", ""throughput_2@t"", ""throughput_2@t-1""]",3,50,125000.0,2258,0.07229274688598844,3.4797365754812564,6.237240408306934
"ar_order=2,n_bins=50,on_change=chain,other_lags=2",model,5,166718,33201,0.9020812626125719,0.3229331899185722,5.169181000978095,4.529067298710459,33108,0.9034674398936813,0.3154347106341477,4.876270809279764,4.23429489405911,93,0.40860215053763443,2.9923918151736855,109.44520924558435,109.46804335459059,5233,0.5430919166825913,1.5743900085049791,19.809431968103866,19.605581534028037,27968,0.9692505720823799,0.08877724270523309,2.429892052502368,1.7081505726872572,18670,0.8443492233529727,0.5120346862689342,6.7437001962352685,6.622683900777334,0.6175171274927264,1.527239866554737,"[""y@t"", ""throughput_2@t"", ""throughput_2@t-1"", ""buffer_size_3@t""]",4,50,6250000.0,4966,0.07891328574440529,4.876780819854823,8.07123727905731
"ar_order=2,n_bins=50,on_change=chain,other_lags=2",ar,5,166718,33201,0.8441613204421553,0.5895382479779903,6.152825078041283,5.240686862300149,33108,0.8461399057629576,0.5682370444068457,5.833004881056036,4.919602953082891,93,0.13978494623655913,8.17276671930548,120.0088152047886,119.54655854364376,5233,0.01758073762660042,2.7968802435643916,24.435743671694468,22.632100987283373,27968,0.9988200800915332,0.17652978606066916,2.7319686349424868,1.9866368724532806,18670,0.7277986073915372,0.8937672940145978,8.003581521955224,7.231071547679541,0.570902264773216,1.527239866554737,"[""y@t"", ""throughput_2@t"", ""throughput_2@t-1"", ""buffer_size_3@t""]",4,50,6250000.0,4966,0.07891328574440529,4.876780819854823,8.07123727905731
"ar_order=2,n_bins=50,on_change=chain,other_lags=2",persistence,5,166718,33201,0.8423842655341707,4.355083687227918,6.0032307001824865,4.87678081985483,33108,0.8443578591277032,4.3005512809707565,5.679746453449299,4.551467923160573,93,0.13978494623655913,23.76862031477724,121.16362253719775,120.68817204301075,5233,0.0,27.631021115928544,27.755977626530186,25.884387540607683,27968,1.0,0.0,1.9331461512130395,0.9461169908466905,18670,0.7239957150508838,7.62628022551579,8.743171593653088,8.07123727905731,0.5776054072504856,1.527239866554737,"[""y@t"", ""throughput_2@t"", ""throughput_2@t-1"", ""buffer_size_3@t""]",4,50,6250000.0,4966,0.07891328574440529,4.876780819854823,8.07123727905731
"ar_order=3,max_parents=6,n_bins=50,on_change=chain,other_lags=3,velocity=binned",model,1,33200,33558,0.8569044639132248,0.5323715588736552,6.30676387875198,5.816537998660356,33464,0.8589827874731054,0.5237759998250493,5.922405463097291,5.430780000184154,94,0.11702127659574468,3.592390580177305,143.13835985182095,143.14638545618786,6407,0.419072889027626,2.2117351369701375,22.357059464795515,22.051338782418707,27151,0.9602224595779161,0.13608109278164515,2.5192700914225643,1.9855053066217658,18713,0.7677015978196975,0.872108355965321,8.672697714651614,8.57907425307265,0.6267337954927822,0.2808688525110483,"[""y@t"", ""throughput_2@t"", ""throughput_2@t-1""]",3,50,125000.0,827,0.11913701650873115,5.184546158889088,8.675573130978464
"ar_order=3,max_parents=6,n_bins=50,on_change=chain,other_lags=3,velocity=binned",ar,1,33200,33558,0.8065140949997021,0.788055586925237,7.113747901240445,6.440994547980389,33464,0.8085405211570643,0.7630795033219351,6.786196140645751,6.111266420390359,94,0.0851063829787234,9.679541349700713,123.7221746729516,123.82420797003104,6407,0.0051506165131887,3.11640736133884,24.217319097430387,22.745143173670886,27151,0.9956171043423815,0.23861910875986705,3.077705742425337,2.593597389687913,18713,0.6588467910009085,1.1965894433097917,9.352591256671055,8.745967448135403,0.5467259011334336,0.2808688525110483,"[""y@t"", ""throughput_2@t"", ""throughput_2@t-1""]",3,50,125000.0,827,0.11913701650873115,5.184546158889088,8.675573130978464
"ar_order=3,max_parents=6,n_bins=50,on_change=chain,other_lags=3,velocity=binned",persistence,1,33200,33558,0.809076822218249,5.275402356807741,6.0747025454140555,5.18454615888909,33464,0.8111104470475735,5.2192112262068,5.744168900216286,4.8513626583791565,94,0.0851063829787234,25.279444850743133,123.7446802358203,123.79787234042553,6407,0.0,27.631021115928544,24.77230736745187,23.266895582956142,27151,1.0,0.0,1.6625057904217428,0.9175352657360722,18713,0.6622134345107679,9.333387723709953,9.145791032411166,8.675573130978464,0.5767997398236249,0.2808688525110483,"[""y@t"", ""throughput_2@t"", ""throughput_2@t-1""]",3,50,125000.0,827,0.11913701650873115,5.184546158889088,8.675573130978464
"ar_order=3,max_parents=6,n_bins=50,on_change=chain,other_lags=3,velocity=binned",model,2,66758,33201,0.8687087738321135,0.43530248260469795,5.264640841206897,4.830662218409326,33108,0.8701824332487617,0.4283186607928478,4.945287966877216,4.50860542139178,93,0.34408602150537637,2.9215430476233415,118.95426410257303,119.48288195665565,7033,0.5606426844874165,1.5502338691217632,15.915155933730455,16.04061037189889,26168,0.9515056557627637,0.135649760143122,2.4021724582308113,1.8178387178173014,19738,0.8006890262437937,0.667707083743052,6.594368145861237,6.703350376524545,0.6124952743351113,0.5924089848995209,"[""y@t"", ""throughput_2@t"", ""throughput_2@t-1""]",3,50,125000.0,1535,0.10587030511129183,4.902623414957381,7.62306211368933
"ar_order=3,max_parents=6,n_bins=50,on_change=chain,other_lags=3,velocity=binned",ar,2,66758,33201,0.7866630523177013,0.7256308754413617,6.173138376716704,5.5097216467465975,33108,0.7886009423704241,0.7024272014098536,5.818246682666832,5.152478800788724,93,0.0967741935483871,8.986138830658296,132.51458145847116,132.6881748077493,7033,0.036684203042798236,2.522141336582933,18.916545241697968,17.609237436971636,26168,0.988229899113421,0.24279466047618808,2.748177337225217,2.2578149457127874,19738,0.647380686999696,1.0449497987110725,7.636927459803809,7.114567662467509,0.5573563447545538,0.5924089848995209,"[""y@t"", ""throughput_2@t"", ""throughput_2@t-1""]",3,50,125000.0,1535,0.10587030511129183,4.902623414957381,7.62306211368933
"ar_order=3,max_parents=6,n_bins=50,on_change=chain,other_lags=3,velocity=binned",persistence,2,66758,33201,0.7881690310532815,5.853105975974382,5.831207999560039,4.902623414957386,33108,0.7901111513833514,5.799443208124545,5.476139387467016,4.544641778422139,93,0.0967741935483871,24.957051330516098,132.23563390467646,132.34408602150538,7033,0.0,27.631021115928547,21.00427883188823,19.578700412341817,26168,1.0,0.0,1.7532422718099572,0.9582314276979587,19738,0.6479379876380585,9.7278328976891,8.075706466801048,7.62306211368933,0.5939957033297487,0.5924089848995209,"[""y@t"", ""throughput_2@t"", ""throughput_2@t-1""]",3,50,125000.0,1535,0.10587030511129183,4.902623414957381,7.62306211368933
"ar_order=3,max_parents=6,n_bins=50,on_change=chain,other_lags=3,velocity=binned",model,3,99959,33201,0.9037077196469986,0.33764538326377824,5.360010545315588,4.647470175535831,33108,0.9052796907091941,0.3302051729943236,5.033634033498685,4.320678356005017,93,0.34408602150537637,2.986360239189625,121.55004875213297,120.98535792850613,5662,0.5660543977393148,1.562517830498514,17.406270681875792,17.35256005997769,27539,0.9731290170303932,0.08581242650270941,2.8833075098675374,2.0353121841160333,18433,0.8433244724136061,0.5469982244546882,6.50199698800323,6.315897273895106,0.6778518810980243,2.3495018370449543,"[""y@t"", ""throughput_2@t"", ""throughput_2@t-1"", ""throughput_2@t-2""]",4,50,6250000.0,3357,0.05924520345772718,4.688894912803831,7.6735745673520315
"ar_order=3,max_parents=6,n_bins=50,on_change=chain,other_lags=3,velocity=binned",ar,3,99959,33201,0.8312701424655884,0.6272566955720869,6.342931974377443,5.40144670796323,33108,0.8333031291530748,0.6039283273361515,5.933552706206231,4.990654599743978,93,0.10752688172043011,8.932155787565039,152.08195144332905,151.64343723401709,5662,0.03302719886965737,2.6654476984118824,21.759316838064173,20.322599951998644,27539,0.9953883583281891,0.2082059871920105,3.173333546758638,2.3336675704590175,18433,0.702490099278468,0.9431669245262999,7.784774346817663,6.939343279930709,0.5940689055826124,2.3495018370449543,"[""y@t"", ""throughput_2@t"", ""throughput_2@t-1"", ""throughput_2@t-2""]",4,50,6250000.0,3357,0.05924520345772718,4.688894912803831,7.6735745673520315
"ar_order=3,max_parents=6,n_bins=50,on_change=chain,other_lags=3,velocity=binned",persistence,3,99959,33201,0.8294629679828921,4.712112332712492,5.8224676635054005,4.68889491280384,33108,0.831490878337562,4.656079098881398,5.407605595155496,4.272290685030817,93,0.10752688172043011,24.659943576581387,153.5133639960713,153.0,5662,0.0,27.63102111592855,24.556981614566087,23.078417520310843,27539,1.0,0.0,1.9706641125084285,0.9080213515378298,18433,0.6973362990289156,8.362907112557117,8.335943860506402,7.6735745673520315,0.6144954798776907,2.3495018370449543,"[""y@t"", ""throughput_2@t"", ""throughput_2@t-1"", ""throughput_2@t-2""]",4,50,6250000.0,3357,0.05924520345772718,4.688894912803831,7.6735745673520315
"ar_order=3,max_parents=6,n_bins=50,on_change=chain,other_lags=3,velocity=binned",model,4,133160,33558,0.9265748852732583,0.2474315233828626,3.9643532179176106,3.420402880774937,33464,0.9280420750657423,0.24048408375271038,3.6815649520961036,3.1345010832475535,94,0.40425531914893614,2.7207200317170583,104.63697585037414,105.2014428005236,4945,0.6244691607684529,1.2486574905954928,14.059182424387549,14.646992541280932,28613,0.9787858665641491,0.07439610564035197,2.2197290811268564,1.4801838939087517,17046,0.8746920098556846,0.4260914467329857,5.125309041265781,5.328416073978429,0.726644592776521,2.801923096179962,"[""y@t"", ""throughput_2@t"", ""throughput_2@t-1"", ""throughput_2@t-2""]",4,50,6250000.0,3904,0.08594075928243639,3.4797365754812564,6.237240408306934
"ar_order=3,max_parents=6,n_bins=50,on_change=chain,other_lags=3,velocity=binned",ar,4,133160,33558,0.8564276774539603,0.5502232312147218,4.971237442609081,4.130007705956516,33464,0.8583552474300741,0.5274813016525789,4.675759470749978,3.8322749347773506,94,0.1702127659574468,8.64635015533764,110.1613954244496,110.1228742457398,4945,0.0339737108190091,2.5941685762083306,17.60123800718542,15.791674248533404,28613,0.9985670848914829,0.19698135755612622,2.7884760127754395,2.1145971913987034,17046,0.7224568813797958,0.8726866021805371,6.224705592607275,5.4970666819507725,0.6753143972536071,2.801923096179962,"[""y@t"", ""throughput_2@t"", ""throughput_2@t-1"", ""throughput_2@t-2""]",4,50,6250000.0,3904,0.08594075928243639,3.4797365754812564,6.237240408306934
"ar_order=3,max_parents=6,n_bins=50,on_change=chain,other_lags=3,velocity=binned",persistence,4,133160,33558,0.8526431849335478,4.071619268677116,4.592909234457533,3.479736575481264,33464,0.8545601243126942,4.0186522762139685,4.29318995220557,3.177145589289991,94,0.1702127659574468,22.92786858555773,111.29297371615647,111.20212765957447,4945,0.0,27.631021115928547,20.468967960208058,18.578361981799798,28613,1.0,0.0,1.8491525364937993,0.8703386572537046,17046,0.7144784700222926,7.889251423866258,6.806875662131926,6.237240408306935,0.6977537517208655,2.801923096179962,"[""y@t"", ""throughput_2@t"", ""throughput_2@t-1"", ""throughput_2@t-2""]",4,50,6250000.0,3904,0.08594075928243639,3.4797365754812564,6.237240408306934
"ar_order=3,max_parents=6,n_bins=50,on_change=chain,other_lags=3,velocity=binned",model,5,166718,33201,0.9020812626125719,0.3229331899185722,5.169181000978095,4.529067298710459,33108,0.9034674398936813,0.3154347106341477,4.876270809279764,4.23429489405911,93,0.40860215053763443,2.9923918151736855,109.44520924558435,109.46804335459059,5233,0.5430919166825913,1.5743900085049791,19.809431968103866,19.605581534028037,27968,0.9692505720823799,0.08877724270523309,2.429892052502368,1.7081505726872572,18670,0.8443492233529727,0.5120346862689342,6.7437001962352685,6.622683900777334,0.6175171274927264,3.405463444069028,"[""y@t"", ""throughput_2@t"", ""throughput_2@t-1"", ""buffer_size_3@t""]",4,50,6250000.0,4966,0.07891328574440529,4.876780819854823,8.07123727905731
"ar_order=3,max_parents=6,n_bins=50,on_change=chain,other_lags=3,velocity=binned",ar,5,166718,33201,0.8441613204421553,0.5895382479779903,6.152825078041283,5.240686862300149,33108,0.8461399057629576,0.5682370444068457,5.833004881056036,4.919602953082891,93,0.13978494623655913,8.17276671930548,120.0088152047886,119.54655854364376,5233,0.01758073762660042,2.7968802435643916,24.435743671694468,22.632100987283373,27968,0.9988200800915332,0.17652978606066916,2.7319686349424868,1.9866368724532806,18670,0.7277986073915372,0.8937672940145978,8.003581521955224,7.231071547679541,0.570902264773216,3.405463444069028,"[""y@t"", ""throughput_2@t"", ""throughput_2@t-1"", ""buffer_size_3@t""]",4,50,6250000.0,4966,0.07891328574440529,4.876780819854823,8.07123727905731
"ar_order=3,max_parents=6,n_bins=50,on_change=chain,other_lags=3,velocity=binned",persistence,5,166718,33201,0.8423842655341707,4.355083687227918,6.0032307001824865,4.87678081985483,33108,0.8443578591277032,4.3005512809707565,5.679746453449299,4.551467923160573,93,0.13978494623655913,23.76862031477724,121.16362253719775,120.68817204301075,5233,0.0,27.631021115928544,27.755977626530186,25.884387540607683,27968,1.0,0.0,1.9331461512130395,0.9461169908466905,18670,0.7239957150508838,7.62628022551579,8.743171593653088,8.07123727905731,0.5776054072504856,3.405463444069028,"[""y@t"", ""throughput_2@t"", ""throughput_2@t-1"", ""buffer_size_3@t""]",4,50,6250000.0,4966,0.07891328574440529,4.876780819854823,8.07123727905731
"granularity=30,n_bins=4",model,1,929,940,0.9180851063829787,0.3511574604096731,37.818953232450006,22.838029609292082,846,0.9680851063829787,0.1662105811030887,28.966610169175045,12.380368618276774,94,0.46808510638297873,2.0156793741689327,117.49004080192461,116.95697852842984,77,0.0,3.4879249296416943,160.14753865332855,147.50055020239486,863,1.0,0.07128365376904088,26.90435175225574,11.71518594107781,795,0.9660377358490566,0.16464444906212186,27.021583049089624,10.762669391018724,0.8925845433666091,0.0036491695791482925,"[""y@t"", ""cores_1@t"", ""cores_1@t+h"", ""throughput_2@t""]",4,4,400.0,56,0.08936170212765958,17.55039007092199,6.454297693920335
"granularity=30,n_bins=4",ar,1,929,940,0.9180851063829787,0.3547159137955465,38.28733478229033,25.863734633358625,846,0.9680851063829787,0.1805872353226761,29.592859312111187,15.807498925491753,94,0.46808510638297873,1.9218740200513806,116.53761401390258,116.36985600416048,77,0.0,3.321121564256331,159.74828311200935,146.8855614520283,863,1.0,0.09004240848212779,27.45014704024124,15.065726910256,795,0.9660377358490566,0.17956005565920066,27.4560498611714,14.14338248056467,0.8925845433666091,0.0036491695791482925,"[""y@t"", ""cores_1@t"", ""cores_1@t+h"", ""throughput_2@t""]",4,4,400.0,56,0.08936170212765958,17.55039007092199,6.454297693920335
"granularity=30,n_bins=4",persistence,1,929,940,0.9180851063829787,2.2633921552409553,36.57957324113367,17.55039007092199,846,0.9680851063829787,0.8818410994445282,27.21353634070658,6.065208825847126,94,0.46808510638297873,14.697351657408799,120.87390534497754,120.91702127659575,77,0.0,27.63102111592854,173.74615996429796,159.3705627705628,863,1.0,0.0,24.341071297120173,4.896678254152184,795,0.9660377358490566,0.9384120378994601,27.48094282125737,6.454297693920336,0.8925845433666091,0.0036491695791482925,"[""y@t"", ""cores_1@t"", ""cores_1@t+h"", ""throughput_2@t""]",4,4,400.0,56,0.08936170212765958,17.55039007092199,6.454297693920335
"granularity=30,n_bins=4",model,2,1869,930,0.9172043010752688,0.2721017900328178,35.02494853304285,20.271563702396687,837,0.9689366786140979,0.11951198729853402,26.860314755389304,10.631727039533931,93,0.45161290322580644,1.645410014641372,108.50665253192477,107.03009366816144,77,0.0,2.738663659040107,146.81781755914366,131.48778781425838,853,1.0,0.04944614652336738,24.933446874180294,10.232115570376346,823,0.968408262454435,0.11994398346396858,26.64145171247762,10.435126883280098,0.8724809711111081,0.00492769293487072,"[""y@t"", ""data_quality_1@t+h"", ""rps@t+h"", ""throughput_2@t""]",4,4,640.0,93,0.03870967741935484,17.59401433691756,5.692061563385987
"granularity=30,n_bins=4",ar,2,1869,930,0.9172043010752688,0.3495706893783996,38.3836643625787,24.60869300700433,837,0.9689366786140979,0.1692188311479948,28.944230289797638,13.969133372741071,93,0.45161290322580644,1.9727374134520412,123.33857101760822,120.36472971537368,77,0.0,3.3149088291988225,167.45354709301498,148.40346860095977,853,1.0,0.08189069316952195,26.732572955493588,13.433783604032973,823,0.968408262454435,0.17039383301656333,28.76451198079862,13.828137125469048,0.8724809711111081,0.00492769293487072,"[""y@t"", ""data_quality_1@t+h"", ""rps@t+h"", ""throughput_2@t""]",4,4,640.0,93,0.03870967741935484,17.59401433691756,5.692061563385987
"granularity=30,n_bins=4",persistence,2,1869,930,0.9172043010752688,2.2877297052973096,37.960934885669914,17.59401433691756,837,0.9689366786140979,0.8583112891447339,27.932951009125468,5.596853843090402,93,0.45161290322580644,15.152495450670495,128.21278977456984,125.56845878136197,77,0.0,27.63102111592854,180.284588066791,159.7320346320346,853,1.0,0.0,25.11343043672931,4.763266901133256,823,0.968408262454435,0.8729119672103793,28.08480017533709,5.6920615633859875,0.8724809711111081,0.00492769293487072,"[""y@t"", ""data_quality_1@t+h"", ""rps@t+h"", ""throughput_2@t""]",4,4,640.0,93,0.03870967741935484,17.59401433691756,5.692061563385987
"granularity=30,n_bins=4",model,3,2799,930,0.9086021505376344,0.3028966210224183,36.94025566095334,20.387374096739677,837,0.9689366786140979,0.1305946500925484,26.51007960913397,7.719570802969449,93,0.3655913978494624,1.8536143593912477,130.81184012732766,134.39760374067168,85,0.0,3.024757506745606,166.84385939630067,160.14691234419823,845,1.0,0.02909996387866566,23.873029249705386,6.328722320368101,796,0.9673366834170855,0.13106721374796595,25.5877455182243,7.036757452477102,0.8573456262180125,0.006222311407327652,"[""y@t"", ""data_quality_1@t+h"", ""data_quality_1@t"", ""throughput_2@t""]",4,4,1600.0,194,0.03333333333333333,20.650465949820788,6.576549413735342
"granularity=30,n_bins=4",ar,3,2799,930,0.9086021505376344,0.3756534351057148,40.75704837803989,27.523644049704103,837,0.9689366786140979,0.1716975827837042,29.58789313352656,14.590356410732248,93,0.3655913978494624,2.21125610600381,141.27944557865985,143.92323280045076,85,0.0,3.2893152624659545,177.05362019429882,171.6999669208902,845,1.0,0.08256319211681491,27.046742337351123,13.020700328933899,796,0.9673366834170855,0.17350657189224616,28.450882484409494,13.893356025559665,0.8573456262180125,0.006222311407327652,"[""y@t"", ""data_quality_1@t+h"", ""data_quality_1@t"", ""throughput_2@t""]",4,4,1600.0,194,0.03333333333333333,20.650465949820788,6.576549413735342
"granularity=30,n_bins=4",persistence,3,2799,930,0.9086021505376344,2.525415908445082,38.258121005634806,20.650465949820788,837,0.9689366786140979,0.8583112891447339,26.190436311118795,6.254400637196337,93,0.3655913978494624,17.529357482148214,146.86728325627888,150.21505376344086,85,0.0,27.63102111592854,190.56792010182738,183.6913725490196,845,1.0,0.0,22.93701695453851,4.249901380670613,796,0.9673366834170855,0.9025207902187716,26.300253186035004,6.576549413735342,0.8573456262180125,0.006222311407327652,"[""y@t"", ""data_quality_1@t+h"", ""data_quality_1@t"", ""throughput_2@t""]",4,4,1600.0,194,0.03333333333333333,20.650465949820788,6.576549413735342
"granularity=30,n_bins=4",model,4,3729,940,0.925531914893617,0.22777858692783887,32.89713105306642,17.97691804678925,846,0.9716312056737588,0.11359128323911444,26.871548754966692,10.66524058191371,94,0.5106382978723404,1.2554643201263587,87.12737173596399,83.7820152306691,68,0.058823529411764705,2.404603288954407,132.86898189992624,125.1793084747438,872,0.9931192660550459,0.05802620190741841,25.101161032898453,9.617098609746929,819,0.9706959706959707,0.113381627755175,26.37060171168936,10.292387842397893,0.87824405388805,0.0075891874730587006,"[""y@t"", ""data_quality_1@t+h"", ""rps@t+h""]",3,4,160.0,72,0.0010638297872340426,15.70595744680851,5.206267806267805
"granularity=30,n_bins=4",ar,4,3729,940,0.9276595744680851,0.32257586969411606,36.91505024836666,24.5279233951388,846,0.9775413711583925,0.1590657225474401,28.70197026644348,15.485292614021406,94,0.4787234042553192,1.7941671940141994,110.83277008567528,105.9116004251954,68,0.0,3.310261406128396,167.45312517858042,155.77210748948013,872,1.0,0.08959121777034197,26.735475597845408,14.293285185947045,819,0.9768009768009768,0.1593279185764727,27.951126971344564,14.909905892802678,0.8803427623116626,0.0075891874730587006,"[""y@t"", ""data_quality_1@t+h"", ""rps@t+h""]",3,4,160.0,72,0.0010638297872340426,15.70595744680851,5.206267806267805
"granularity=30,n_bins=4",persistence,4,3729,940,0.9276595744680851,1.998839825407597,35.492324563774496,15.705957446808512,846,0.9775413711583925,0.6205548477572606,26.37995520887322,5.0401103230890465,94,0.4787234042553192,14.403404624260624,117.50364875788593,111.6985815602837,68,0.0,27.63102111592854,180.9488030937863,168.14656862745096,872,1.0,0.0,24.149388164645135,3.8183868501529052,819,0.9768009768009768,0.6410126998811263,26.549742689378654,5.206267806267807,0.8803427623116626,0.0075891874730587006,"[""y@t"", ""data_quality_1@t+h"", ""rps@t+h""]",3,4,160.0,72,0.0010638297872340426,15.70595744680851,5.206267806267805
"granularity=30,n_bins=4",model,5,4669,930,0.9311827956989247,0.23055816249917183,33.53079296107959,16.10273528966249,837,0.983273596176822,0.08136576607714269,26.711149859006028,7.72332213350785,93,0.46236559139784944,1.5732897302974347,94.90758087974162,91.51745369505427,66,0.030303030303030304,2.7985011150943677,149.86700848883987,141.81274007726915,864,1.0,0.03439585362037211,24.643998719375674,6.499887701720315,811,0.9827373612823674,0.08111168405173738,26.282926464716333,7.297866357449326,0.8731699963579704,0.008932463824748993,"[""y@t"", ""data_quality_1@t+h"", ""rps@t+h"", ""avg_p_latency_1@t""]",4,4,640.0,167,0.016129032258064516,16.11440860215054,5.614632141389232
"granularity=30,n_bins=4",ar,5,4669,930,0.9290322580645162,0.31359839404906,37.31354530601536,23.612511947845384,837,0.983273596176822,0.13441829103376718,29.161679133088477,14.279318524951488,93,0.44086021505376344,1.9262193211866954,110.68034086235727,107.61125275389044,66,0.0,3.3440862091277292,172.17266289345108,163.19239906302244,864,1.0,0.08210279706388392,27.01180715697512,12.950159459880469,811,0.9827373612823674,0.13502680624502494,28.777081764326084,13.924753041773236,0.871907155155794,0.008932463824748993,"[""y@t"", ""data_quality_1@t+h"", ""rps@t+h"", ""avg_p_latency_1@t""]",4,4,640.0,167,0.016129032258064516,16.11440860215054,5.614632141389232
"granularity=30,n_bins=4",persistence,5,4669,930,0.9290322580645162,1.9609111759691227,36.290214667794615,16.114408602150537,837,0.983273596176822,0.46216761723177974,27.38662045226969,5.440223018717643,93,0.44086021505376344,15.449603204605209,116.42256260751887,112.18207885304659,66,0.0,27.631021115928544,185.29945837252106,176.13737373737376,864,1.0,0.0,24.907564107016896,3.890432098765432,811,0.9827373612823674,0.47698433492355075,27.63334082659013,5.614632141389231,0.871907155155794,0.008932463824748993,"[""y@t"", ""data_quality_1@t+h"", ""rps@t+h"", ""avg_p_latency_1@t""]",4,4,640.0,167,0.016129032258064516,16.11440860215054,5.614632141389232
"ar_order=2,granularity=30,n_bins=4,on_change=chain,other_lags=2",model,1,929,940,0.924468085106383,0.2896410240828016,38.665491407299044,24.13422454184993,846,0.9680851063829787,0.1662105811030887,28.966610169175045,12.380368618276774,94,0.5319148936170213,1.4005150109002176,125.95542255041505,129.91892785400833,77,0.2727272727272727,2.104081389380369,121.9785136212747,115.16695239876786,863,0.9826187717265353,0.12775005290329672,31.232000433398554,16.011953342565246,795,0.9660377358490566,0.16464444906212186,27.021583049089624,10.762669391018724,0.8860924514383005,0.005689417943358421,"[""y@t"", ""cores_1@t"", ""cores_1@t+h"", ""throughput_2@t""]",4,4,400.0,56,0.08936170212765958,17.55039007092199,6.454297693920335
"ar_order=2,granularity=30,n_bins=4,on_change=chain,other_lags=2",ar,1,929,940,0.9180851063829787,0.3547159137955465,38.28733478229033,25.863734633358625,846,0.9680851063829787,0.1805872353226761,29.592859312111187,15.807498925491753,94,0.46808510638297873,1.9218740200513806,116.53761401390258,116.36985600416048,77,0.0,3.321121564256331,159.74828311200935,146.8855614520283,863,1.0,0.09004240848212779,27.45014704024124,15.065726910256,795,0.9660377358490566,0.17956005565920066,27.4560498611714,14.14338248056467,0.8925845433666091,0.005689417943358421,"[""y@t"", ""cores_1@t"", ""cores_1@t+h"", ""throughput_2@t""]",4,4,400.0,56,0.08936170212765958,17.55039007092199,6.454297693920335
"ar_order=2,granularity=30,n_bins=4,on_change=chain,other_lags=2",persistence,1,929,940,0.9180851063829787,2.2633921552409553,36.57957324113367,17.55039007092199,846,0.9680851063829787,0.8818410994445282,27.21353634070658,6.065208825847126,94,0.46808510638297873,14.697351657408799,120.87390534497754,120.91702127659575,77,0.0,27.63102111592854,173.74615996429796,159.3705627705628,863,1.0,0.0,24.341071297120173,4.896678254152184,795,0.9660377358490566,0.9384120378994601,27.48094282125737,6.454297693920336,0.8925845433666091,0.005689417943358421,"[""y@t"", ""cores_1@t"", ""cores_1@t+h"", ""throughput_2@t""]",4,4,400.0,56,0.08936170212765958,17.55039007092199,6.454297693920335
"ar_order=2,granularity=30,n_bins=4,on_change=chain,other_lags=2",model,2,1869,930,0.9483870967741935,0.22085490587558887,33.15332875759065,19.263007485727325,837,0.9689366786140979,0.13710248953558318,28.184759828712238,12.065871052936304,93,0.7634408602150538,0.97462665293564,77.8704491174963,84.03723538084651,77,0.42857142857142855,1.8749391877513204,95.48758216575396,91.81080864296594,853,0.9953106682297772,0.07154131888328957,27.52643835615034,12.714143840818327,823,0.968408262454435,0.13811151459707874,28.099920078881116,12.003064459444149,0.9001532433440104,0.007910259068012238,"[""y@t"", ""data_quality_1@t+h"", ""y@t-1"", ""data_quality_2@t+h""]",4,4,1600.0,134,0.14516129032258066,17.59401433691756,5.692061563385987
"ar_order=2,granularity=30,n_bins=4,on_change=chain,other_lags=2",ar,2,1869,930,0.9172043010752688,0.3495706893783996,38.3836643625787,24.60869300700433,837,0.9689366786140979,0.1692188311479948,28.944230289797638,13.969133372741071,93,0.45161290322580644,1.9727374134520412,123.33857101760822,120.36472971537368,77,0.0,3.3149088291988225,167.45354709301498,148.40346860095977,853,1.0,0.08189069316952195,26.732572955493588,13.433783604032973,823,0.968408262454435,0.17039383301656333,28.76451198079862,13.828137125469048,0.8724809711111081,0.007910259068012238,"[""y@t"", ""data_quality_1@t+h"", ""y@t-1"", ""data_quality_2@t+h""]",4,4,1600.0,134,0.14516129032258066,17.59401433691756,5.692061563385987
"ar_order=2,granularity=30,n_bins=4,on_change=chain,other_lags=2",persistence,2,1869,930,0.9172043010752688,2.2877297052973096,37.960934885669914,17.59401433691756,837,0.9689366786140979,0.8583112891447339,27.932951009125468,5.596853843090402,93,0.45161290322580644,15.152495450670495,128.21278977456984,125.56845878136197,77,0.0,27.63102111592854,180.284588066791,159.7320346320346,853,1.0,0.0,25.11343043672931,4.763266901133256,823,0.968408262454435,0.8729119672103793,28.08480017533709,5.6920615633859875,0.8724809711111081,0.007910259068012238,"[""y@t"", ""data_quality_1@t+h"", ""y@t-1"", ""data_quality_2@t+h""]",4,4,1600.0,134,0.14516129032258066,17.59401433691756,5.692061563385987
"ar_order=2,granularity=30,n_bins=4,on_change=chain,other_lags=2",model,3,2799,930,0.9440860215053763,0.20056739402389767,32.423144890122224,16.116730436188703,837,0.9689366786140979,0.11594046972190643,26.21003315039527,7.657628766430874,93,0.7204301075268817,0.962209712741819,88.34115054766485,92.24864546400916,85,0.43529411764705883,1.8074142141774758,110.1754499935994,108.12968901703002,845,0.9952662721893492,0.03893191507353773,24.60190709864819,6.860989040482772,796,0.9673366834170855,0.1159451964632878,25.228960077358543,6.919947350916584,0.8942760087040184,0.010131435468792915,"[""y@t"", ""data_quality_1@t+h"", ""y@t-1"", ""data_quality_1@t""]",4,4,1600.0,188,0.03870967741935484,20.650465949820788,6.576549413735342
"ar_order=2,granularity=30,n_bins=4,on_change=chain,other_lags=2",ar,3,2799,930,0.9086021505376344,0.3756534351057148,40.75704837803989,27.523644049704103,837,0.9689366786140979,0.1716975827837042,29.58789313352656,14.590356410732248,93,0.3655913978494624,2.21125610600381,141.27944557865985,143.92323280045076,85,0.0,3.2893152624659545,177.05362019429882,171.6999669208902,845,1.0,0.08256319211681491,27.046742337351123,13.020700328933899,796,0.9673366834170855,0.17350657189224616,28.450882484409494,13.893356025559665,0.8573456262180125,0.010131435468792915,"[""y@t"", ""data_quality_1@t+h"", ""y@t-1"", ""data_quality_1@t""]",4,4,1600.0,188,0.03870967741935484,20.650465949820788,6.576549413735342
"ar_order=2,granularity=30,n_bins=4,on_change=chain,other_lags=2",persistence,3,2799,930,0.9086021505376344,2.525415908445082,38.258121005634806,20.650465949820788,837,0.9689366786140979,0.8583112891447339,26.190436311118795,6.254400637196337,93,0.3655913978494624,17.529357482148214,146.86728325627888,150.21505376344086,85,0.0,27.63102111592854,190.56792010182738,183.6913725490196,845,1.0,0.0,22.93701695453851,4.249901380670613,796,0.9673366834170855,0.9025207902187716,26.300253186035004,6.576549413735342,0.8573456262180125,0.010131435468792915,"[""y@t"", ""data_quality_1@t+h"", ""y@t-1"", ""data_quality_1@t""]",4,4,1600.0,188,0.03870967741935484,20.650465949820788,6.576549413735342
"ar_order=2,granularity=30,n_bins=4,on_change=chain,other_lags=2",model,4,3729,940,0.9574468085106383,0.1632886642923549,29.88002013132124,15.700960452915604,846,0.9716312056737588,0.11359128323911444,26.871548754966692,10.66524058191371,94,0.8297872340425532,0.6105650937715186,56.95626251851217,61.02243929193261,68,0.5441176470588235,1.3350865139131058,84.56879247877247,87.66385358617431,872,0.9896788990825688,0.07190993289991095,25.615299351932837,10.089175208578913,819,0.9706959706959707,0.113381627755175,26.37060171168936,10.292387842397893,0.9028974786147659,0.01232689805328846,"[""y@t"", ""data_quality_1@t+h"", ""rps@t+h""]",3,4,160.0,72,0.0010638297872340426,15.70595744680851,5.206267806267805
"ar_order=2,granularity=30,n_bins=4,on_change=chain,other_lags=2",ar,4,3729,940,0.9276595744680851,0.32257586969411606,36.91505024836666,24.5279233951388,846,0.9775413711583925,0.1590657225474401,28.70197026644348,15.485292614021406,94,0.4787234042553192,1.7941671940141994,110.83277008567528,105.9116004251954,68,0.0,3.310261406128396,167.45312517858042,155.77210748948013,872,1.0,0.08959121777034197,26.735475597845408,14.293285185947045,819,0.9768009768009768,0.1593279185764727,27.951126971344564,14.909905892802678,0.8803427623116626,0.01232689805328846,"[""y@t"", ""data_quality_1@t+h"", ""rps@t+h""]",3,4,160.0,72,0.0010638297872340426,15.70595744680851,5.206267806267805
"ar_order=2,granularity=30,n_bins=4,on_change=chain,other_lags=2",persistence,4,3729,940,0.9276595744680851,1.998839825407597,35.492324563774496,15.705957446808512,846,0.9775413711583925,0.6205548477572606,26.37995520887322,5.0401103230890465,94,0.4787234042553192,14.403404624260624,117.50364875788593,111.6985815602837,68,0.0,27.63102111592854,180.9488030937863,168.14656862745096,872,1.0,0.0,24.149388164645135,3.8183868501529052,819,0.9768009768009768,0.6410126998811263,26.549742689378654,5.206267806267807,0.8803427623116626,0.01232689805328846,"[""y@t"", ""data_quality_1@t+h"", ""rps@t+h""]",3,4,160.0,72,0.0010638297872340426,15.70595744680851,5.206267806267805
"ar_order=2,granularity=30,n_bins=4,on_change=chain,other_lags=2",model,5,4669,930,0.9698924731182795,0.15044277815752685,30.958699484866433,14.436037812733224,837,0.983273596176822,0.08191348547662618,26.747693706279744,7.790470645807412,93,0.8494623655913979,0.7672064122856328,68.85775149214666,74.24614231506551,66,0.6363636363636364,1.3966413159653748,95.39807341392135,98.8389021975023,864,0.9953703703703703,0.05524705651942732,26.036247309730292,7.988596783341138,811,0.9827373612823674,0.08154072236221399,26.30424341703214,7.350700292050143,0.9005699151251029,0.014493176713585854,"[""y@t"", ""data_quality_1@t+h"", ""rps@t+h"", ""avg_p_latency_1@t-1""]",4,4,640.0,168,0.016129032258064516,16.11440860215054,5.614632141389232
"ar_order=2,granularity=30,n_bins=4,on_change=chain,other_lags=2",ar,5,4669,930,0.9290322580645162,0.31359839404906,37.31354530601536,23.612511947845384,837,0.983273596176822,0.13441829103376718,29.161679133088477,14.279318524951488,93,0.44086021505376344,1.9262193211866954,110.68034086235727,107.61125275389044,66,0.0,3.3440862091277292,172.17266289345108,163.19239906302244,864,1.0,0.08210279706388392,27.01180715697512,12.950159459880469,811,0.9827373612823674,0.13502680624502494,28.777081764326084,13.924753041773236,0.871907155155794,0.014493176713585854,"[""y@t"", ""data_quality_1@t+h"", ""rps@t+h"", ""avg_p_latency_1@t-1""]",4,4,640.0,168,0.016129032258064516,16.11440860215054,5.614632141389232
"ar_order=2,granularity=30,n_bins=4,on_change=chain,other_lags=2",persistence,5,4669,930,0.9290322580645162,1.9609111759691227,36.290214667794615,16.114408602150537,837,0.983273596176822,0.46216761723177974,27.38662045226969,5.440223018717643,93,0.44086021505376344,15.449603204605209,116.42256260751887,112.18207885304659,66,0.0,27.631021115928544,185.29945837252106,176.13737373737376,864,1.0,0.0,24.907564107016896,3.890432098765432,811,0.9827373612823674,0.47698433492355075,27.63334082659013,5.614632141389231,0.871907155155794,0.014493176713585854,"[""y@t"", ""data_quality_1@t+h"", ""rps@t+h"", ""avg_p_latency_1@t-1""]",4,4,640.0,168,0.016129032258064516,16.11440860215054,5.614632141389232
"ar_order=3,granularity=30,max_parents=6,n_bins=4,on_change=chain,other_lags=3,velocity=binned",model,1,929,940,0.924468085106383,0.2820217575832072,38.59024291257931,23.483053609864246,846,0.9680851063829787,0.15774472943687276,28.883000730597562,11.656845360514904,94,0.5319148936170213,1.4005150109002176,125.95542255041505,129.91892785400833,77,0.2727272727272727,2.115293149651851,121.1559444495483,114.01555308795459,863,0.9826187717265353,0.11845061367905249,31.22343060858556,15.40541460660474,795,0.9660377358490566,0.15539200190256489,26.75446587884958,9.845470097573754,0.8860924514383005,0.015079943463206291,"[""y@t"", ""avg_p_latency_3@t-2"", ""data_quality_3@t+h"", ""rps@t+h"", ""data_quality_3@t"", ""rps@t-1""]",6,4,16384.0,124,0.16170212765957448,17.55039007092199,6.454297693920335
"ar_order=3,granularity=30,max_parents=6,n_bins=4,on_change=chain,other_lags=3,velocity=binned",ar,1,929,940,0.9180851063829787,0.3547159137955465,38.28733478229033,25.863734633358625,846,0.9680851063829787,0.1805872353226761,29.592859312111187,15.807498925491753,94,0.46808510638297873,1.9218740200513806,116.53761401390258,116.36985600416048,77,0.0,3.321121564256331,159.74828311200935,146.8855614520283,863,1.0,0.09004240848212779,27.45014704024124,15.065726910256,795,0.9660377358490566,0.17956005565920066,27.4560498611714,14.14338248056467,0.8925845433666091,0.015079943463206291,"[""y@t"", ""avg_p_latency_3@t-2"", ""data_quality_3@t+h"", ""rps@t+h"", ""data_quality_3@t"", ""rps@t-1""]",6,4,16384.0,124,0.16170212765957448,17.55039007092199,6.454297693920335
"ar_order=3,granularity=30,max_parents=6,n_bins=4,on_change=chain,other_lags=3,velocity=binned",persistence,1,929,940,0.9180851063829787,2.2633921552409553,36.57957324113367,17.55039007092199,846,0.9680851063829787,0.8818410994445282,27.21353634070658,6.065208825847126,94,0.46808510638297873,14.697351657408799,120.87390534497754,120.91702127659575,77,0.0,27.63102111592854,173.74615996429796,159.3705627705628,863,1.0,0.0,24.341071297120173,4.896678254152184,795,0.9660377358490566,0.9384120378994601,27.48094282125737,6.454297693920336,0.8925845433666091,0.015079943463206291,"[""y@t"", ""avg_p_latency_3@t-2"", ""data_quality_3@t+h"", ""rps@t+h"", ""data_quality_3@t"", ""rps@t-1""]",6,4,16384.0,124,0.16170212765957448,17.55039007092199,6.454297693920335
"ar_order=3,granularity=30,max_parents=6,n_bins=4,on_change=chain,other_lags=3,velocity=binned",model,2,1869,930,0.9483870967741935,0.22054771676309937,33.240603510297404,19.23332568861799,837,0.9689366786140979,0.13676116829948373,28.281731776164193,12.032891278370379,93,0.7634408602150538,0.97462665293564,77.8704491174963,84.03723538084651,77,0.42857142857142855,1.8722382107817028,95.5420894251682,91.73423654340502,853,0.9953106682297772,0.07145021613070494,27.616671018568148,12.688694814270278,823,0.968408262454435,0.13776408785436253,28.198469719811307,11.969451777981917,0.9001532433440104,0.021310608834028244,"[""y@t"", ""data_quality_1@t+h"", ""y@t-2"", ""data_quality_2@t+h"", ""y@t-1""]",5,4,6400.0,163,0.16559139784946236,17.59401433691756,5.692061563385987
"ar_order=3,granularity=30,max_parents=6,n_bins=4,on_change=chain,other_lags=3,velocity=binned",ar,2,1869,930,0.9172043010752688,0.3495706893783996,38.3836643625787,24.60869300700433,837,0.9689366786140979,0.1692188311479948,28.944230289797638,13.969133372741071,93,0.45161290322580644,1.9727374134520412,123.33857101760822,120.36472971537368,77,0.0,3.3149088291988225,167.45354709301498,148.40346860095977,853,1.0,0.08189069316952195,26.732572955493588,13.433783604032973,823,0.968408262454435,0.17039383301656333,28.76451198079862,13.828137125469048,0.8724809711111081,0.021310608834028244,"[""y@t"", ""data_quality_1@t+h"", ""y@t-2"", ""data_quality_2@t+h"", ""y@t-1""]",5,4,6400.0,163,0.16559139784946236,17.59401433691756,5.692061563385987
"ar_order=3,granularity=30,max_parents=6,n_bins=4,on_change=chain,other_lags=3,velocity=binned",persistence,2,1869,930,0.9172043010752688,2.2877297052973096,37.960934885669914,17.59401433691756,837,0.9689366786140979,0.8583112891447339,27.932951009125468,5.596853843090402,93,0.45161290322580644,15.152495450670495,128.21278977456984,125.56845878136197,77,0.0,27.63102111592854,180.284588066791,159.7320346320346,853,1.0,0.0,25.11343043672931,4.763266901133256,823,0.968408262454435,0.8729119672103793,28.08480017533709,5.6920615633859875,0.8724809711111081,0.021310608834028244,"[""y@t"", ""data_quality_1@t+h"", ""y@t-2"", ""data_quality_2@t+h"", ""y@t-1""]",5,4,6400.0,163,0.16559139784946236,17.59401433691756,5.692061563385987
"ar_order=3,granularity=30,max_parents=6,n_bins=4,on_change=chain,other_lags=3,velocity=binned",model,3,2799,930,0.9440860215053763,0.2011802307976936,32.463545664700966,16.187054698329703,837,0.9689366786140979,0.11662139947056858,26.2549228999272,7.735766835476431,93,0.7204301075268817,0.962209712741819,88.34115054766485,92.24864546400916,85,0.43529411764705883,1.8024688552789019,110.12561566891364,108.15265932218537,845,0.9952662721893492,0.04010386028774957,24.651384776703246,6.936076718415229,796,0.9673366834170855,0.11664107618876161,25.278070587740043,7.000131538012467,0.8942760087040184,0.02747354283928871,"[""y@t"", ""data_quality_1@t+h"", ""y@t-2"", ""data_quality_1@t"", ""y@t-1""]",5,4,6400.0,226,0.047311827956989246,20.650465949820788,6.576549413735342
"ar_order=3,granularity=30,max_parents=6,n_bins=4,on_change=chain,other_lags=3,velocity=binned",ar,3,2799,930,0.9086021505376344,0.3756534351057148,40.75704837803989,27.523644049704103,837,0.9689366786140979,0.1716975827837042,29.58789313352656,14.590356410732248,93,0.3655913978494624,2.21125610600381,141.27944557865985,143.92323280045076,85,0.0,3.2893152624659545,177.05362019429882,171.6999669208902,845,1.0,0.08256319211681491,27.046742337351123,13.020700328933899,796,0.9673366834170855,0.17350657189224616,28.450882484409494,13.893356025559665,0.8573456262180125,0.02747354283928871,"[""y@t"", ""data_quality_1@t+h"", ""y@t-2"", ""data_quality_1@t"", ""y@t-1""]",5,4,6400.0,226,0.047311827956989246,20.650465949820788,6.576549413735342
"ar_order=3,granularity=30,max_parents=6,n_bins=4,on_change=chain,other_lags=3,velocity=binned",persistence,3,2799,930,0.9086021505376344,2.525415908445082,38.258121005634806,20.650465949820788,837,0.9689366786140979,0.8583112891447339,26.190436311118795,6.254400637196337,93,0.3655913978494624,17.529357482148214,146.86728325627888,150.21505376344086,85,0.0,27.63102111592854,190.56792010182738,183.6913725490196,845,1.0,0.0,22.93701695453851,4.249901380670613,796,0.9673366834170855,0.9025207902187716,26.300253186035004,6.576549413735342,0.8573456262180125,0.02747354283928871,"[""y@t"", ""data_quality_1@t+h"", ""y@t-2"", ""data_quality_1@t"", ""y@t-1""]",5,4,6400.0,226,0.047311827956989246,20.650465949820788,6.576549413735342
"ar_order=3,granularity=30,max_parents=6,n_bins=4,on_change=chain,other_lags=3,velocity=binned",model,4,3729,940,0.9574468085106383,0.1632886642923549,29.88002013132124,15.700960452915604,846,0.9716312056737588,0.11359128323911444,26.871548754966692,10.66524058191371,94,0.8297872340425532,0.6105650937715186,56.95626251851217,61.02243929193261,68,0.5441176470588235,1.3350865139131058,84.56879247877247,87.66385358617431,872,0.9896788990825688,0.07190993289991095,25.615299351932837,10.089175208578913,819,0.9706959706959707,0.113381627755175,26.37060171168936,10.292387842397893,0.9028974786147659,0.020868338644504547,"[""y@t"", ""data_quality_1@t+h"", ""rps@t+h""]",3,4,160.0,72,0.0010638297872340426,15.70595744680851,5.206267806267805
"ar_order=3,granularity=30,max_parents=6,n_bins=4,on_change=chain,other_lags=3,velocity=binned",ar,4,3729,940,0.9276595744680851,0.32257586969411606,36.91505024836666,24.5279233951388,846,0.9775413711583925,0.1590657225474401,28.70197026644348,15.485292614021406,94,0.4787234042553192,1.7941671940141994,110.83277008567528,105.9116004251954,68,0.0,3.310261406128396,167.45312517858042,155.77210748948013,872,1.0,0.08959121777034197,26.735475597845408,14.293285185947045,819,0.9768009768009768,0.1593279185764727,27.951126971344564,14.909905892802678,0.8803427623116626,0.020868338644504547,"[""y@t"", ""data_quality_1@t+h"", ""rps@t+h""]",3,4,160.0,72,0.0010638297872340426,15.70595744680851,5.206267806267805
"ar_order=3,granularity=30,max_parents=6,n_bins=4,on_change=chain,other_lags=3,velocity=binned",persistence,4,3729,940,0.9276595744680851,1.998839825407597,35.492324563774496,15.705957446808512,846,0.9775413711583925,0.6205548477572606,26.37995520887322,5.0401103230890465,94,0.4787234042553192,14.403404624260624,117.50364875788593,111.6985815602837,68,0.0,27.63102111592854,180.9488030937863,168.14656862745096,872,1.0,0.0,24.149388164645135,3.8183868501529052,819,0.9768009768009768,0.6410126998811263,26.549742689378654,5.206267806267807,0.8803427623116626,0.020868338644504547,"[""y@t"", ""data_quality_1@t+h"", ""rps@t+h""]",3,4,160.0,72,0.0010638297872340426,15.70595744680851,5.206267806267805
"ar_order=3,granularity=30,max_parents=6,n_bins=4,on_change=chain,other_lags=3,velocity=binned",model,5,4669,930,0.9698924731182795,0.14186857700406735,30.945709742680357,14.313370931822375,837,0.983273596176822,0.07238659530611564,26.733260659406326,7.654174111462023,93,0.8494623655913979,0.7672064122856328,68.85775149214666,74.24614231506551,66,0.6363636363636364,1.308513724373436,94.83771568631053,98.7250449259085,864,0.9953703703703703,0.05274985046890724,26.065070399764164,7.865256946163015,811,0.9827373612823674,0.07169465441158722,26.300856649399957,7.222624623188036,0.9005699151251029,0.04043327271938324,"[""y@t"", ""data_quality_1@t+h"", ""rps@t+h"", ""avg_p_latency_1@t-2"", ""y@t-1"", ""rps@t-1""]",6,4,10240.0,282,0.034408602150537634,16.11440860215054,5.614632141389232
"ar_order=3,granularity=30,max_parents=6,n_bins=4,on_change=chain,other_lags=3,velocity=binned",ar,5,4669,930,0.9290322580645162,0.31359839404906,37.31354530601536,23.612511947845384,837,0.983273596176822,0.13441829103376718,29.161679133088477,14.279318524951488,93,0.44086021505376344,1.9262193211866954,110.68034086235727,107.61125275389044,66,0.0,3.3440862091277292,172.17266289345108,163.19239906302244,864,1.0,0.08210279706388392,27.01180715697512,12.950159459880469,811,0.9827373612823674,0.13502680624502494,28.777081764326084,13.924753041773236,0.871907155155794,0.04043327271938324,"[""y@t"", ""data_quality_1@t+h"", ""rps@t+h"", ""avg_p_latency_1@t-2"", ""y@t-1"", ""rps@t-1""]",6,4,10240.0,282,0.034408602150537634,16.11440860215054,5.614632141389232
"ar_order=3,granularity=30,max_parents=6,n_bins=4,on_change=chain,other_lags=3,velocity=binned",persistence,5,4669,930,0.9290322580645162,1.9609111759691227,36.290214667794615,16.114408602150537,837,0.983273596176822,0.46216761723177974,27.38662045226969,5.440223018717643,93,0.44086021505376344,15.449603204605209,116.42256260751887,112.18207885304659,66,0.0,27.631021115928544,185.29945837252106,176.13737373737376,864,1.0,0.0,24.907564107016896,3.890432098765432,811,0.9827373612823674,0.47698433492355075,27.63334082659013,5.614632141389231,0.871907155155794,0.04043327271938324,"[""y@t"", ""data_quality_1@t+h"", ""rps@t+h"", ""avg_p_latency_1@t-2"", ""y@t-1"", ""rps@t-1""]",6,4,10240.0,282,0.034408602150537634,16.11440860215054,5.614632141389232
"granularity=30,n_bins=10",model,1,929,940,0.8521276595744681,0.6819399586961981,29.74595908817937,25.8279913414824,846,0.9208037825059102,0.3924218780182465,20.094331677792404,15.91279689894711,94,0.23404255319148937,3.287602684797762,116.61060578166206,115.06474132429996,134,0.0,3.7683478529482666,101.16684561316207,95.5138103308878,806,0.9937965260545906,0.1688150730513131,17.87201517459664,14.242507787412519,795,0.9157232704402516,0.4061213216288721,19.475721806544314,15.177468790690863,0.7223072349955952,0.0038008354604244232,"[""y@t"", ""cores_1@t"", ""data_quality_2@t+h"", ""throughput_1@t""]",4,10,5000.0,143,0.5297872340425532,17.55039007092199,6.454297693920335
"granularity=30,n_bins=10",ar,1,929,940,0.8521276595744681,0.6843532169118072,29.232803894653234,25.90203612686781,846,0.9208037825059102,0.3932667312185863,19.364905059187766,15.860745036706568,94,0.23404255319148937,3.304131588150794,118.04389341384247,116.27365593831897,134,0.0,3.7968208446532685,102.34467055588742,96.56706096758768,806,0.9937965260545906,0.1668958197438718,17.077729288443084,14.153756562777906,795,0.9157232704402516,0.4066309547034953,18.724453139906544,15.0549230809558,0.7223072349955952,0.0038008354604244232,"[""y@t"", ""cores_1@t"", ""data_quality_2@t+h"", ""throughput_1@t""]",4,10,5000.0,143,0.5297872340425532,17.55039007092199,6.454297693920335
"granularity=30,n_bins=10",persistence,1,929,940,0.8574468085106383,3.9388902441855587,26.077438144677917,17.55039007092199,846,0.9267139479905437,2.0249684505763237,15.328198232358554,6.065208825847126,94,0.23404255319148937,21.16418638666867,122.8205973555522,120.91702127659573,134,0.0,27.631021115928544,111.33104573824694,102.73980099502488,806,1.0,0.0,11.903761447980338,3.387386269644336,795,0.9220125786163522,2.15487208702839,16.064652430687016,6.454297693920335,0.7899318505902715,0.0038008354604244232,"[""y@t"", ""cores_1@t"", ""data_quality_2@t+h"", ""throughput_1@t""]",4,10,5000.0,143,0.5297872340425532,17.55039007092199,6.454297693920335
"granularity=30,n_bins=10",model,2,1869,930,0.8580645161290322,0.5676548708009446,25.815726748174214,22.423440781307715,837,0.929510155316607,0.3079077002183771,15.90810227866614,12.304999048020047,93,0.21505376344086022,2.9053794060440525,114.98434697374688,113.48941638089673,132,0.0,3.3598182833592567,100.087167181844,95.18386570292066,798,1.0,0.10579325368603586,13.5302253230559,10.387881771717607,823,0.928311057108141,0.3110993497109338,15.903149018557095,12.280222225496097,0.780468758365808,0.005352413281798363,"[""y@t"", ""data_quality_1@t+h"", ""throughput_2@t"", ""rps@t+h""]",4,10,10000.0,286,0.1913978494623656,17.59401433691756,5.692061563385987
"granularity=30,n_bins=10",ar,2,1869,930,0.8580645161290322,0.6609865754544979,28.16510449678227,25.76521591239638,837,0.929510155316607,0.37622046359939415,17.74666663134456,15.293778653612128,93,0.21505376344086022,3.223881582150433,121.93104528572165,120.00815124145467,132,0.0,3.733856281847295,105.74275499298221,99.81210545309597,798,1.0,0.1526923383068172,15.332711181621379,13.516858244009981,823,0.928311057108141,0.38054201226339734,17.73060016657307,15.282881445912658,0.780468758365808,0.005352413281798363,"[""y@t"", ""data_quality_1@t+h"", ""throughput_2@t"", ""rps@t+h""]",4,10,10000.0,286,0.1913978494623656,17.59401433691756,5.692061563385987
"granularity=30,n_bins=10",persistence,2,1869,930,0.8580645161290322,3.9218223519382454,26.254162855067293,17.594014336917564,837,0.929510155316607,1.9477063869053577,15.009002071995008,5.596853843090403,93,0.21505376344086022,21.68886603723423,127.46060990271789,125.56845878136197,132,0.0,27.631021115928544,113.49608941836135,105.635101010101,798,1.0,0.0,11.823167483695345,3.0308270676691733,823,0.928311057108141,1.9808386948235532,15.117415096664862,5.6920615633859875,0.780468758365808,0.005352413281798363,"[""y@t"", ""data_quality_1@t+h"", ""throughput_2@t"", ""rps@t+h""]",4,10,10000.0,286,0.1913978494623656,17.59401433691756,5.692061563385987
"granularity=30,n_bins=10",model,3,2799,930,0.853763440860215,0.6115126751188307,26.07261353355702,22.71392069228323,837,0.9259259259259259,0.34611802202028746,14.678452168123455,10.958894871232886,93,0.20430107526881722,3.0000645530057213,128.62006582245914,128.50915308173632,136,0.0,3.515561864628754,112.33729896236997,107.41569060731317,794,1.0,0.11409367036650142,11.296798397135667,8.20580896880203,796,0.9221105527638191,0.35640107433844326,14.530486314128531,10.63970215435337,0.6785730694265827,0.006985366344451904,"[""y@t"", ""data_quality_1@t+h"", ""data_quality_2@t+h""]",3,10,1000.0,209,0.14731182795698924,20.650465949820788,6.576549413735342
"granularity=30,n_bins=10",ar,3,2799,930,0.853763440860215,0.662101590141012,28.614967244343475,26.887567303204655,837,0.9259259259259259,0.3687249279000231,15.697571755550802,13.90425745371386,93,0.20430107526881722,3.3024915503099113,144.87152664347752,143.73735594862177,136,0.0,3.7061046474862502,122.57155238462207,117.78076154227563,794,1.0,0.14071063825316266,12.521647875227742,11.318959725731537,796,0.9221105527638191,0.37932764184266,15.396663418287103,13.511814989124225,0.6785730694265827,0.006985366344451904,"[""y@t"", ""data_quality_1@t+h"", ""data_quality_2@t+h""]",3,10,1000.0,209,0.14731182795698924,20.650465949820788,6.576549413735342
"granularity=30,n_bins=10",persistence,3,2799,930,0.853763440860215,4.040665453512132,27.737668112148683,20.650465949820788,837,0.9259259259259259,2.046742304883596,14.022447548245893,6.254400637196337,93,0.20430107526881722,21.98597379116895,151.17465318727375,150.2150537634409,136,0.0,27.631021115928547,131.57318465588983,124.37475490196078,794,1.0,0.0,9.952239585764802,2.8840890008396323,796,0.9221105527638191,2.152164961290917,14.600111922957614,6.576549413735342,0.6785730694265827,0.006985366344451904,"[""y@t"", ""data_quality_1@t+h"", ""data_quality_2@t+h""]",3,10,1000.0,209,0.14731182795698924,20.650465949820788,6.576549413735342
"granularity=30,n_bins=10",model,4,3729,940,0.8787234042553191,0.4999982965439333,22.88018045248029,17.44643443135377,846,0.9479905437352246,0.22343370408529928,13.774267313534946,7.985576408801398,94,0.2553191489361702,2.9890796286716395,104.8333987029884,102.5941566343251,114,0.0,3.5139579112942103,106.54520510039879,100.57551651952443,826,1.0,0.08402808337016635,11.333191578554494,5.973413416763631,819,0.9462759462759462,0.226441791473451,13.515234542747883,7.597937018382515,0.7820533514963909,0.008470064029097557,"[""y@t"", ""data_quality_1@t+h"", ""data_quality_1@t"", ""rps@t+h""]",4,10,10000.0,494,0.1351063829787234,15.70595744680851,5.206267806267805
"granularity=30,n_bins=10",ar,4,3729,940,0.8787234042553191,0.6020054223338847,26.163529886252217,23.585396295358166,846,0.9479905437352246,0.324041632212438,17.054422375567878,14.446590661841636,94,0.2553191489361702,3.103679533426905,108.14549748241129,105.8346469970069,114,0.0,3.8281650780742607,110.54039748417372,104.01454456117845,826,1.0,0.15674852069417178,14.518296343681934,12.485005372472557,819,0.9462759462759462,0.32889321284302325,16.728754352233352,14.04927163958329,0.7820533514963909,0.008470064029097557,"[""y@t"", ""data_quality_1@t+h"", ""data_quality_1@t"", ""rps@t+h""]",4,10,10000.0,494,0.1351063829787234,15.70595744680851,5.206267806267805
"granularity=30,n_bins=10",persistence,4,3729,940,0.8787234042553191,3.3509961778892063,23.355775449355562,15.705957446808513,846,0.9479905437352246,1.4370743842799718,13.275207036019403,5.0401103230890465,94,0.2553191489361702,20.57629232037232,114.080891169381,111.6985815602837,114,0.0,27.631021115928544,118.2632098144731,111.28567251461989,826,1.0,0.0,10.257170706470093,2.514568200161421,819,0.9462759462759462,1.484450462882608,13.623821659991473,5.206267806267805,0.7820533514963909,0.008470064029097557,"[""y@t"", ""data_quality_1@t+h"", ""data_quality_1@t"", ""rps@t+h""]",4,10,10000.0,494,0.1351063829787234,15.70595744680851,5.206267806267805
"granularity=30,n_bins=10",model,5,4669,930,0.8817204301075269,0.46618504870435484,24.31841786324184,18.912151175859595,837,0.9474313022700119,0.22503410935522736,16.095571428254566,9.925148325393247,93,0.2903225806451613,2.636543502846502,98.32403577812732,99.79517683005666,110,0.0,3.2447776262253556,103.94462000283397,101.56865474839077,820,1.0,0.0934470200125132,13.636854161589243,7.824083623446871,811,0.9457459926017263,0.22823973832586192,15.833946458605599,9.656523102752539,0.7405465805453832,0.01020084135234356,"[""y@t"", ""data_quality_1@t+h"", ""rps@t+h""]",3,10,1000.0,299,0.024731182795698924,16.11440860215054,5.614632141389232
"granularity=30,n_bins=10",ar,5,4669,930,0.8817204301075269,0.5535796174809149,26.457214774464948,22.733618724789423,837,0.9474313022700119,0.29699233564588906,17.54195687133682,13.278702275973655,93,0.2903225806451613,2.862865153996147,106.69453590261811,107.82786676413131,110,0.0,3.6246028848187692,112.76251948321836,109.23356448508476,820,1.0,0.14161308161851976,14.87967389890047,11.129967464262,811,0.9457459926017263,0.3017764233677173,17.26937278972615,12.998654552160408,0.7405465805453832,0.01020084135234356,"[""y@t"", ""data_quality_1@t+h"", ""rps@t+h""]",3,10,1000.0,299,0.024731182795698924,16.11440860215054,5.614632141389232
"granularity=30,n_bins=10",persistence,5,4669,930,0.8817204301075269,3.2681852932818716,24.191062499056525,16.11440860215054,837,0.9474313022700119,1.4525267970141649,14.534245372931482,5.440223018717644,93,0.2903225806451613,19.609111759691224,111.1024166341819,112.18207885304659,110,0.0,27.63102111592854,120.69691688153875,115.68606060606061,820,1.0,0.0,11.245155203845496,2.7572357723577245,811,0.9457459926017263,1.4990936240454453,14.753015452000493,5.614632141389232,0.7405465805453832,0.01020084135234356,"[""y@t"", ""data_quality_1@t+h"", ""rps@t+h""]",3,10,1000.0,299,0.024731182795698924,16.11440860215054,5.614632141389232
"ar_order=2,granularity=30,n_bins=10,on_change=chain,other_lags=2",model,1,929,940,0.8627659574468085,0.5562345095962027,31.389180056710146,27.74790332540028,846,0.9208037825059102,0.3924218780182465,20.094331677792404,15.91279689894711,94,0.3404255319148936,2.0305481937978067,133.0428154669698,134.26386116347877,134,0.15671641791044777,2.5763724813387223,94.28690998071643,90.34463194655116,806,0.9801488833746899,0.22038030585737167,20.93223736462969,17.341003033546414,795,0.9157232704402516,0.4061213216288721,19.475721806544314,15.177468790690863,0.7230276793055697,0.006076935678720474,"[""y@t"", ""cores_1@t"", ""data_quality_2@t+h"", ""throughput_1@t""]",4,10,5000.0,143,0.5297872340425532,17.55039007092199,6.454297693920335
"ar_order=2,granularity=30,n_bins=10,on_change=chain,other_lags=2",ar,1,929,940,0.8521276595744681,0.6843532169118072,29.232803894653234,25.90203612686781,846,0.9208037825059102,0.3932667312185863,19.364905059187766,15.860745036706568,94,0.23404255319148937,3.304131588150794,118.04389341384247,116.27365593831897,134,0.0,3.7968208446532685,102.34467055588742,96.56706096758768,806,0.9937965260545906,0.1668958197438718,17.077729288443084,14.153756562777906,795,0.9157232704402516,0.4066309547034953,18.724453139906544,15.0549230809558,0.7223072349955952,0.006076935678720474,"[""y@t"", ""cores_1@t"", ""data_quality_2@t+h"", ""throughput_1@t""]",4,10,5000.0,143,0.5297872340425532,17.55039007092199,6.454297693920335
"ar_order=2,granularity=30,n_bins=10,on_change=chain,other_lags=2",persistence,1,929,940,0.8574468085106383,3.9388902441855587,26.077438144677917,17.55039007092199,846,0.9267139479905437,2.0249684505763237,15.328198232358554,6.065208825847126,94,0.23404255319148937,21.16418638666867,122.8205973555522,120.91702127659573,134,0.0,27.631021115928544,111.33104573824694,102.73980099502488,806,1.0,0.0,11.903761447980338,3.387386269644336,795,0.9220125786163522,2.15487208702839,16.064652430687016,6.454297693920335,0.7899318505902715,0.006076935678720474,"[""y@t"", ""cores_1@t"", ""data_quality_2@t+h"", ""throughput_1@t""]",4,10,5000.0,143,0.5297872340425532,17.55039007092199,6.454297693920335
"ar_order=2,granularity=30,n_bins=10,on_change=chain,other_lags=2",model,2,1869,930,0.8956989247311828,0.44906527937307306,23.62126330565597,20.452823007169467,837,0.929510155316607,0.3079077002183771,15.90810227866614,12.304999048020047,93,0.5913978494623656,1.719483491765336,93.03971254856447,93.78323863951427,132,0.2878787878787879,2.3789429489267166,73.03155185560907,70.21148288775552,798,0.9962406015037594,0.1298373941837485,15.448132868821622,12.22206723744847,823,0.928311057108141,0.3110993497109338,15.903149018557095,12.280222225496097,0.8053160805893835,0.008594751358032227,"[""y@t"", ""data_quality_1@t+h"", ""throughput_2@t"", ""rps@t+h""]",4,10,10000.0,286,0.1913978494623656,17.59401433691756,5.692061563385987
"ar_order=2,granularity=30,n_bins=10,on_change=chain,other_lags=2",ar,2,1869,930,0.8580645161290322,0.6609865754544979,28.16510449678227,25.76521591239638,837,0.929510155316607,0.37622046359939415,17.74666663134456,15.293778653612128,93,0.21505376344086022,3.223881582150433,121.93104528572165,120.00815124145467,132,0.0,3.733856281847295,105.74275499298221,99.81210545309597,798,1.0,0.1526923383068172,15.332711181621379,13.516858244009981,823,0.928311057108141,0.38054201226339734,17.73060016657307,15.282881445912658,0.780468758365808,0.008594751358032227,"[""y@t"", ""data_quality_1@t+h"", ""throughput_2@t"", ""rps@t+h""]",4,10,10000.0,286,0.1913978494623656,17.59401433691756,5.692061563385987
"ar_order=2,granularity=30,n_bins=10,on_change=chain,other_lags=2",persistence,2,1869,930,0.8580645161290322,3.9218223519382454,26.254162855067293,17.594014336917564,837,0.929510155316607,1.9477063869053577,15.009002071995008,5.596853843090403,93,0.21505376344086022,21.68886603723423,127.46060990271789,125.56845878136197,132,0.0,27.631021115928544,113.49608941836135,105.635101010101,798,1.0,0.0,11.823167483695345,3.0308270676691733,823,0.928311057108141,1.9808386948235532,15.117415096664862,5.6920615633859875,0.780468758365808,0.008594751358032227,"[""y@t"", ""data_quality_1@t+h"", ""throughput_2@t"", ""rps@t+h""]",4,10,10000.0,286,0.1913978494623656,17.59401433691756,5.692061563385987
"ar_order=2,granularity=30,n_bins=10,on_change=chain,other_lags=2",model,3,2799,930,0.8956989247311828,0.47930640332306423,22.904192192565958,19.67458951391424,837,0.9259259259259259,0.34611802202028746,14.678452168123455,10.958894871232886,93,0.6236559139784946,1.678001835048056,96.93585241254843,98.11584129804646,136,0.35294117647058826,2.3721271277409715,83.59009831207945,79.78646414334021,794,0.9886649874055415,0.1550952968736494,12.509628927762636,9.378349023231701,796,0.9221105527638191,0.35640107433844326,14.530486314128531,10.63970215435337,0.7095420400561875,0.011312438175082207,"[""y@t"", ""data_quality_1@t+h"", ""data_quality_2@t+h""]",3,10,1000.0,209,0.14731182795698924,20.650465949820788,6.576549413735342
"ar_order=2,granularity=30,n_bins=10,on_change=chain,other_lags=2",ar,3,2799,930,0.853763440860215,0.662101590141012,28.614967244343475,26.887567303204655,837,0.9259259259259259,0.3687249279000231,15.697571755550802,13.90425745371386,93,0.20430107526881722,3.3024915503099113,144.87152664347752,143.73735594862177,136,0.0,3.7061046474862502,122.57155238462207,117.78076154227563,794,1.0,0.14071063825316266,12.521647875227742,11.318959725731537,796,0.9221105527638191,0.37932764184266,15.396663418287103,13.511814989124225,0.6785730694265827,0.011312438175082207,"[""y@t"", ""data_quality_1@t+h"", ""data_quality_2@t+h""]",3,10,1000.0,209,0.14731182795698924,20.650465949820788,6.576549413735342
"ar_order=2,granularity=30,n_bins=10,on_change=chain,other_lags=2",persistence,3,2799,930,0.853763440860215,4.040665453512132,27.737668112148683,20.650465949820788,837,0.9259259259259259,2.046742304883596,14.022447548245893,6.254400637196337,93,0.20430107526881722,21.98597379116895,151.17465318727375,150.2150537634409,136,0.0,27.631021115928547,131.57318465588983,124.37475490196078,794,1.0,0.0,9.952239585764802,2.8840890008396323,796,0.9221105527638191,2.152164961290917,14.600111922957614,6.576549413735342,0.6785730694265827,0.011312438175082207,"[""y@t"", ""data_quality_1@t+h"", ""data_quality_2@t+h""]",3,10,1000.0,209,0.14731182795698924,20.650465949820788,6.576549413735342
"ar_order=2,granularity=30,n_bins=10,on_change=chain,other_lags=2",model,4,3729,940,0.9234042553191489,0.3370161307264031,18.73328456026886,13.76734881278387,846,0.9479905437352246,0.26088490742894727,13.240470904687301,7.59900326983389,94,0.7021276595744681,1.022197140403505,68.1686074605029,69.2824586993337,114,0.42105263157894735,2.0184456044523493,69.32534706584111,65.22715707804845,826,0.9927360774818402,0.10495443580538868,11.75084494085574,6.665147672057284,819,0.9462759462759462,0.26492195032530813,12.920202794904778,7.163037677921067,0.7329114361649084,0.013778604567050934,"[""y@t"", ""data_quality_1@t+h"", ""data_quality_1@t"", ""throughput_2@t-1""]",4,10,10000.0,401,0.13297872340425532,15.70595744680851,5.206267806267805
"ar_order=2,granularity=30,n_bins=10,on_change=chain,other_lags=2",ar,4,3729,940,0.8787234042553191,0.6020054223338847,26.163529886252217,23.585396295358166,846,0.9479905437352246,0.324041632212438,17.054422375567878,14.446590661841636,94,0.2553191489361702,3.103679533426905,108.14549748241129,105.8346469970069,114,0.0,3.8281650780742607,110.54039748417372,104.01454456117845,826,1.0,0.15674852069417178,14.518296343681934,12.485005372472557,819,0.9462759462759462,0.32889321284302325,16.728754352233352,14.04927163958329,0.7820533514963909,0.013778604567050934,"[""y@t"", ""data_quality_1@t+h"", ""data_quality_1@t"", ""throughput_2@t-1""]",4,10,10000.0,401,0.13297872340425532,15.70595744680851,5.206267806267805
"ar_order=2,granularity=30,n_bins=10,on_change=chain,other_lags=2",persistence,4,3729,940,0.8787234042553191,3.3509961778892063,23.355775449355562,15.705957446808513,846,0.9479905437352246,1.4370743842799718,13.275207036019403,5.0401103230890465,94,0.2553191489361702,20.57629232037232,114.080891169381,111.6985815602837,114,0.0,27.631021115928544,118.2632098144731,111.28567251461989,826,1.0,0.0,10.257170706470093,2.514568200161421,819,0.9462759462759462,1.484450462882608,13.623821659991473,5.206267806267805,0.7820533514963909,0.013778604567050934,"[""y@t"", ""data_quality_1@t+h"", ""data_quality_1@t"", ""throughput_2@t-1""]",4,10,10000.0,401,0.13297872340425532,15.70595744680851,5.206267806267805
"ar_order=2,granularity=30,n_bins=10,on_change=chain,other_lags=2",model,5,4669,930,0.9290322580645162,0.3256621996316894,21.42472998650672,15.987709759991013,837,0.9474313022700119,0.22503410935522736,16.095571428254566,9.925148325393247,93,0.7634408602150538,1.2313150121198473,69.38715701077612,70.55076267137093,110,0.42727272727272725,1.9009452252649244,67.90631017532887,65.90625568087829,820,0.9963414634146341,0.11434374497357244,15.189396058737897,9.291319453530525,811,0.9457459926017263,0.22823973832586192,15.833946458605599,9.656523102752539,0.7752742618035806,0.016868799924850464,"[""y@t"", ""data_quality_1@t+h"", ""rps@t+h""]",3,10,1000.0,299,0.024731182795698924,16.11440860215054,5.614632141389232
"ar_order=2,granularity=30,n_bins=10,on_change=chain,other_lags=2",ar,5,4669,930,0.8817204301075269,0.5535796174809149,26.457214774464948,22.733618724789423,837,0.9474313022700119,0.29699233564588906,17.54195687133682,13.278702275973655,93,0.2903225806451613,2.862865153996147,106.69453590261811,107.82786676413131,110,0.0,3.6246028848187692,112.76251948321836,109.23356448508476,820,1.0,0.14161308161851976,14.87967389890047,11.129967464262,811,0.9457459926017263,0.3017764233677173,17.26937278972615,12.998654552160408,0.7405465805453832,0.016868799924850464,"[""y@t"", ""data_quality_1@t+h"", ""rps@t+h""]",3,10,1000.0,299,0.024731182795698924,16.11440860215054,5.614632141389232
"ar_order=2,granularity=30,n_bins=10,on_change=chain,other_lags=2",persistence,5,4669,930,0.8817204301075269,3.2681852932818716,24.191062499056525,16.11440860215054,837,0.9474313022700119,1.4525267970141649,14.534245372931482,5.440223018717644,93,0.2903225806451613,19.609111759691224,111.1024166341819,112.18207885304659,110,0.0,27.63102111592854,120.69691688153875,115.68606060606061,820,1.0,0.0,11.245155203845496,2.7572357723577245,811,0.9457459926017263,1.4990936240454453,14.753015452000493,5.614632141389232,0.7405465805453832,0.016868799924850464,"[""y@t"", ""data_quality_1@t+h"", ""rps@t+h""]",3,10,1000.0,299,0.024731182795698924,16.11440860215054,5.614632141389232
"ar_order=3,granularity=30,max_parents=6,n_bins=10,on_change=chain,other_lags=3,velocity=binned",model,1,929,940,0.8627659574468085,0.5589722808966527,31.16588558706009,28.040084664156716,846,0.9208037825059102,0.3954638461298578,19.84622671151457,16.237442830898704,94,0.3404255319148936,2.0305481937978067,133.0428154669698,134.26386116347877,134,0.15671641791044777,2.5914834036769685,94.50125707992409,90.76074047115208,806,0.9801488833746899,0.22106100241952822,20.636183626708007,17.612581093266666,795,0.9157232704402516,0.4093055067611245,19.27230875043685,15.49613420488838,0.7230276793055697,0.01591726765036583,"[""y@t"", ""cores_1@t"", ""data_quality_2@t+h"", ""throughput_1@t"", ""throughput_2@t-1"", ""throughput_1@t-2""]",6,10,500000.0,193,0.6308510638297873,17.55039007092199,6.454297693920335
"ar_order=3,granularity=30,max_parents=6,n_bins=10,on_change=chain,other_lags=3,velocity=binned",ar,1,929,940,0.8521276595744681,0.6843532169118072,29.232803894653234,25.90203612686781,846,0.9208037825059102,0.3932667312185863,19.364905059187766,15.860745036706568,94,0.23404255319148937,3.304131588150794,118.04389341384247,116.27365593831897,134,0.0,3.7968208446532685,102.34467055588742,96.56706096758768,806,0.9937965260545906,0.1668958197438718,17.077729288443084,14.153756562777906,795,0.9157232704402516,0.4066309547034953,18.724453139906544,15.0549230809558,0.7223072349955952,0.01591726765036583,"[""y@t"", ""cores_1@t"", ""data_quality_2@t+h"", ""throughput_1@t"", ""throughput_2@t-1"", ""throughput_1@t-2""]",6,10,500000.0,193,0.6308510638297873,17.55039007092199,6.454297693920335
"ar_order=3,granularity=30,max_parents=6,n_bins=10,on_change=chain,other_lags=3,velocity=binned",persistence,1,929,940,0.8574468085106383,3.9388902441855587,26.077438144677917,17.55039007092199,846,0.9267139479905437,2.0249684505763237,15.328198232358554,6.065208825847126,94,0.23404255319148937,21.16418638666867,122.8205973555522,120.91702127659573,134,0.0,27.631021115928544,111.33104573824694,102.73980099502488,806,1.0,0.0,11.903761447980338,3.387386269644336,795,0.9220125786163522,2.15487208702839,16.064652430687016,6.454297693920335,0.7899318505902715,0.01591726765036583,"[""y@t"", ""cores_1@t"", ""data_quality_2@t+h"", ""throughput_1@t"", ""throughput_2@t-1"", ""throughput_1@t-2""]",6,10,500000.0,193,0.6308510638297873,17.55039007092199,6.454297693920335
"ar_order=3,granularity=30,max_parents=6,n_bins=10,on_change=chain,other_lags=3,velocity=binned",model,2,1869,930,0.8956989247311828,0.45679947399424714,23.961881533189406,20.380748977274425,837,0.929510155316607,0.3165012497974595,16.28656697592551,12.224916792581109,93,0.5913978494623656,1.719483491765336,93.03971254856447,93.78323863951427,132,0.2878787878787879,2.3639324460519626,73.21998087229464,70.09623200552481,798,0.9962406015037594,0.14133386959372282,15.813925251532899,12.157135243278125,823,0.928311057108141,0.319989151704108,16.249608503871276,12.197817754388492,0.8053160805893835,0.014478774741292,"[""y@t"", ""data_quality_1@t+h"", ""throughput_2@t-2""]",3,10,1000.0,171,0.0989247311827957,17.59401433691756,5.692061563385987
"ar_order=3,granularity=30,max_parents=6,n_bins=10,on_change=chain,other_lags=3,velocity=binned",ar,2,1869,930,0.8580645161290322,0.6609865754544979,28.16510449678227,25.76521591239638,837,0.929510155316607,0.37622046359939415,17.74666663134456,15.293778653612128,93,0.21505376344086022,3.223881582150433,121.93104528572165,120.00815124145467,132,0.0,3.733856281847295,105.74275499298221,99.81210545309597,798,1.0,0.1526923383068172,15.332711181621379,13.516858244009981,823,0.928311057108141,0.38054201226339734,17.73060016657307,15.282881445912658,0.780468758365808,0.014478774741292,"[""y@t"", ""data_quality_1@t+h"", ""throughput_2@t-2""]",3,10,1000.0,171,0.0989247311827957,17.59401433691756,5.692061563385987
"ar_order=3,granularity=30,max_parents=6,n_bins=10,on_change=chain,other_lags=3,velocity=binned",persistence,2,1869,930,0.8580645161290322,3.9218223519382454,26.254162855067293,17.594014336917564,837,0.929510155316607,1.9477063869053577,15.009002071995008,5.596853843090403,93,0.21505376344086022,21.68886603723423,127.46060990271789,125.56845878136197,132,0.0,27.631021115928544,113.49608941836135,105.635101010101,798,1.0,0.0,11.823167483695345,3.0308270676691733,823,0.928311057108141,1.9808386948235532,15.117415096664862,5.6920615633859875,0.780468758365808,0.014478774741292,"[""y@t"", ""data_quality_1@t+h"", ""throughput_2@t-2""]",3,10,1000.0,171,0.0989247311827957,17.59401433691756,5.692061563385987
"ar_order=3,granularity=30,max_parents=6,n_bins=10,on_change=chain,other_lags=3,velocity=binned",model,3,2799,930,0.8956989247311828,0.47930640332306423,22.904192192565958,19.67458951391424,837,0.9259259259259259,0.34611802202028746,14.678452168123455,10.958894871232886,93,0.6236559139784946,1.678001835048056,96.93585241254843,98.11584129804646,136,0.35294117647058826,2.3721271277409715,83.59009831207945,79.78646414334021,794,0.9886649874055415,0.1550952968736494,12.509628927762636,9.378349023231701,796,0.9221105527638191,0.35640107433844326,14.530486314128531,10.63970215435337,0.7095420400561875,0.019159207120537758,"[""y@t"", ""data_quality_1@t+h"", ""data_quality_2@t+h""]",3,10,1000.0,209,0.14731182795698924,20.650465949820788,6.576549413735342
"ar_order=3,granularity=30,max_parents=6,n_bins=10,on_change=chain,other_lags=3,velocity=binned",ar,3,2799,930,0.853763440860215,0.662101590141012,28.614967244343475,26.887567303204655,837,0.9259259259259259,0.3687249279000231,15.697571755550802,13.90425745371386,93,0.20430107526881722,3.3024915503099113,144.87152664347752,143.73735594862177,136,0.0,3.7061046474862502,122.57155238462207,117.78076154227563,794,1.0,0.14071063825316266,12.521647875227742,11.318959725731537,796,0.9221105527638191,0.37932764184266,15.396663418287103,13.511814989124225,0.6785730694265827,0.019159207120537758,"[""y@t"", ""data_quality_1@t+h"", ""data_quality_2@t+h""]",3,10,1000.0,209,0.14731182795698924,20.650465949820788,6.576549413735342
"ar_order=3,granularity=30,max_parents=6,n_bins=10,on_change=chain,other_lags=3,velocity=binned",persistence,3,2799,930,0.853763440860215,4.040665453512132,27.737668112148683,20.650465949820788,837,0.9259259259259259,2.046742304883596,14.022447548245893,6.254400637196337,93,0.20430107526881722,21.98597379116895,151.17465318727375,150.2150537634409,136,0.0,27.631021115928547,131.57318465588983,124.37475490196078,794,1.0,0.0,9.952239585764802,2.8840890008396323,796,0.9221105527638191,2.152164961290917,14.600111922957614,6.576549413735342,0.6785730694265827,0.019159207120537758,"[""y@t"", ""data_quality_1@t+h"", ""data_quality_2@t+h""]",3,10,1000.0,209,0.14731182795698924,20.650465949820788,6.576549413735342
"ar_order=3,granularity=30,max_parents=6,n_bins=10,on_change=chain,other_lags=3,velocity=binned",model,4,3729,940,0.9234042553191489,0.3370161307264031,18.73328456026886,13.76734881278387,846,0.9479905437352246,0.26088490742894727,13.240470904687301,7.59900326983389,94,0.7021276595744681,1.022197140403505,68.1686074605029,69.2824586993337,114,0.42105263157894735,2.0184456044523493,69.32534706584111,65.22715707804845,826,0.9927360774818402,0.10495443580538868,11.75084494085574,6.665147672057284,819,0.9462759462759462,0.26492195032530813,12.920202794904778,7.163037677921067,0.7329114361649084,0.03032124601304531,"[""y@t"", ""data_quality_1@t+h"", ""data_quality_1@t"", ""throughput_2@t-1""]",4,10,10000.0,401,0.13297872340425532,15.70595744680851,5.206267806267805
"ar_order=3,granularity=30,max_parents=6,n_bins=10,on_change=chain,other_lags=3,velocity=binned",ar,4,3729,940,0.8787234042553191,0.6020054223338847,26.163529886252217,23.585396295358166,846,0.9479905437352246,0.324041632212438,17.054422375567878,14.446590661841636,94,0.2553191489361702,3.103679533426905,108.14549748241129,105.8346469970069,114,0.0,3.8281650780742607,110.54039748417372,104.01454456117845,826,1.0,0.15674852069417178,14.518296343681934,12.485005372472557,819,0.9462759462759462,0.32889321284302325,16.728754352233352,14.04927163958329,0.7820533514963909,0.03032124601304531,"[""y@t"", ""data_quality_1@t+h"", ""data_quality_1@t"", ""throughput_2@t-1""]",4,10,10000.0,401,0.13297872340425532,15.70595744680851,5.206267806267805
"ar_order=3,granularity=30,max_parents=6,n_bins=10,on_change=chain,other_lags=3,velocity=binned",persistence,4,3729,940,0.8787234042553191,3.3509961778892063,23.355775449355562,15.705957446808513,846,0.9479905437352246,1.4370743842799718,13.275207036019403,5.0401103230890465,94,0.2553191489361702,20.57629232037232,114.080891169381,111.6985815602837,114,0.0,27.631021115928544,118.2632098144731,111.28567251461989,826,1.0,0.0,10.257170706470093,2.514568200161421,819,0.9462759462759462,1.484450462882608,13.623821659991473,5.206267806267805,0.7820533514963909,0.03032124601304531,"[""y@t"", ""data_quality_1@t+h"", ""data_quality_1@t"", ""throughput_2@t-1""]",4,10,10000.0,401,0.13297872340425532,15.70595744680851,5.206267806267805
"ar_order=3,granularity=30,max_parents=6,n_bins=10,on_change=chain,other_lags=3,velocity=binned",model,5,4669,930,0.9290322580645162,0.3256621996316894,21.42472998650672,15.987709759991013,837,0.9474313022700119,0.22503410935522736,16.095571428254566,9.925148325393247,93,0.7634408602150538,1.2313150121198473,69.38715701077612,70.55076267137093,110,0.42727272727272725,1.9009452252649244,67.90631017532887,65.90625568087829,820,0.9963414634146341,0.11434374497357244,15.189396058737897,9.291319453530525,811,0.9457459926017263,0.22823973832586192,15.833946458605599,9.656523102752539,0.7752742618035806,0.028229832649230957,"[""y@t"", ""data_quality_1@t+h"", ""rps@t+h""]",3,10,1000.0,299,0.024731182795698924,16.11440860215054,5.614632141389232
"ar_order=3,granularity=30,max_parents=6,n_bins=10,on_change=chain,other_lags=3,velocity=binned",ar,5,4669,930,0.8817204301075269,0.5535796174809149,26.457214774464948,22.733618724789423,837,0.9474313022700119,0.29699233564588906,17.54195687133682,13.278702275973655,93,0.2903225806451613,2.862865153996147,106.69453590261811,107.82786676413131,110,0.0,3.6246028848187692,112.76251948321836,109.23356448508476,820,1.0,0.14161308161851976,14.87967389890047,11.129967464262,811,0.9457459926017263,0.3017764233677173,17.26937278972615,12.998654552160408,0.7405465805453832,0.028229832649230957,"[""y@t"", ""data_quality_1@t+h"", ""rps@t+h""]",3,10,1000.0,299,0.024731182795698924,16.11440860215054,5.614632141389232
"ar_order=3,granularity=30,max_parents=6,n_bins=10,on_change=chain,other_lags=3,velocity=binned",persistence,5,4669,930,0.8817204301075269,3.2681852932818716,24.191062499056525,16.11440860215054,837,0.9474313022700119,1.4525267970141649,14.534245372931482,5.440223018717644,93,0.2903225806451613,19.609111759691224,111.1024166341819,112.18207885304659,110,0.0,27.63102111592854,120.69691688153875,115.68606060606061,820,1.0,0.0,11.245155203845496,2.7572357723577245,811,0.9457459926017263,1.4990936240454453,14.753015452000493,5.614632141389232,0.7405465805453832,0.028229832649230957,"[""y@t"", ""data_quality_1@t+h"", ""rps@t+h""]",3,10,1000.0,299,0.024731182795698924,16.11440860215054,5.614632141389232
granularity=30,model,1,929,940,0.7893617021276595,1.027498243864572,23.22913882022599,22.72397807690254,846,0.8628841607565012,0.5923336702763149,13.079014993390713,12.588813191923919,94,0.1276595744680851,4.943979406158887,114.58025326174352,113.94046204171019,193,0.0,4.239560841036188,73.95584650574565,72.6851654343661,747,0.9933065595716198,0.19760790751367238,10.123041653819973,9.815665948401248,795,0.8540880503144654,0.616018182157715,12.10264786480727,11.534732080103002,0.6019491778837185,0.004204191267490387,"[""y@t"", ""data_quality_1@t+h"", ""throughput_2@t"", ""data_quality_1@t""]",4,20,40000.0,169,0.32553191489361705,17.55039007092199,6.454297693920335
granularity=30,ar,1,929,940,0.7893617021276595,1.065724886075879,26.139361518803884,26.050341534271638,846,0.8628841607565012,0.624431271573059,16.042933420321148,16.01729237842664,94,0.1276595744680851,5.037367416601257,117.00721440514857,116.34778393687665,193,0.0,4.277631632337839,76.3936817571835,75.2576953661106,747,0.9933065595716198,0.23587481642586788,13.155313585728566,13.336794961922344,795,0.8540880503144654,0.652025980085654,15.488392888628068,15.400711734792669,0.6019491778837185,0.004204191267490387,"[""y@t"", ""data_quality_1@t+h"", ""throughput_2@t"", ""data_quality_1@t""]",4,20,40000.0,169,0.32553191489361705,17.55039007092199,6.454297693920335
granularity=30,persistence,1,929,940,0.7946808510638298,5.673177739759798,20.50596101496628,17.55039007092199,846,0.8687943262411347,3.625346742160837,9.262603518409952,6.065208825847128,94,0.1276595744680851,24.10365671815043,121.69617848397326,120.91702127659573,193,0.0,27.631021115928547,79.75206112521249,76.3203799654577,747,1.0,0.0,5.198735685277504,2.36617581436859,795,0.8603773584905661,3.857916155808891,9.736582000159439,6.454297693920337,0.6117906916259294,0.004204191267490387,"[""y@t"", ""data_quality_1@t+h"", ""throughput_2@t"", ""data_quality_1@t""]",4,20,40000.0,169,0.32553191489361705,17.55039007092199,6.454297693920335
granularity=30,model,2,1869,930,0.7978494623655914,0.9478621985275724,23.39595396445347,22.671417149610352,837,0.8745519713261649,0.5250032897647857,12.9953143063791,12.142509821966991,93,0.10752688172043011,4.753592377392652,117.00171088712283,117.43158309840067,183,0.00546448087431694,3.9835232307385477,77.5346958746972,76.23345157724849,747,0.9919678714859438,0.20418620268472298,10.133049319775283,9.549794257699007,823,0.8724179829890644,0.5312724354812643,12.923421757687517,12.04504262606467,0.5244338927483494,0.006096411496400833,"[""y@t"", ""data_quality_1@t+h"", ""rps@t+h""]",3,20,4000.0,401,0.1935483870967742,17.59401433691756,5.692061563385987
granularity=30,ar,2,1869,930,0.7978494623655914,1.0108809604334115,25.39942259982754,24.944250803214505,837,0.8745519713261649,0.5860449252404838,14.893371154044333,14.347388892445887,93,0.10752688172043011,4.834405277169762,119.9538856118764,120.31600800013202,183,0.00546448087431694,4.170139474115243,79.89901899484836,78.66007717886868,747,0.9919678714859438,0.2369260635073406,12.048115852452957,11.784951972230953,823,0.8724179829890644,0.5935764439615644,14.904823770587504,14.33081597222638,0.5244338927483494,0.006096411496400833,"[""y@t"", ""data_quality_1@t+h"", ""rps@t+h""]",3,20,4000.0,401,0.1935483870967742,17.59401433691756,5.692061563385987
granularity=30,persistence,2,1869,930,0.8032258064516129,5.4370718970052945,20.9148665918186,17.594014336917564,837,0.8805256869772998,3.301197265941284,9.28368463590289,5.596853843090403,93,0.10752688172043011,24.659943576581387,125.59550419505999,125.56845878136197,183,0.0,27.63102111592854,82.91408642017653,80.32969034608378,747,1.0,0.0,5.7263026981244876,2.225033467202143,823,0.8784933171324423,3.357353720039921,9.373656732027863,5.6920615633859875,0.5642935255181877,0.006096411496400833,"[""y@t"", ""data_quality_1@t+h"", ""rps@t+h""]",3,20,4000.0,401,0.1935483870967742,17.59401433691756,5.692061563385987
granularity=30,model,3,2799,930,0.8021505376344086,0.8610859839335143,23.4420789047508,20.960049090784445,837,0.8733572281959379,0.5032747202772291,10.546427543428944,7.845953220109564,93,0.16129032258064516,4.081387356840082,139.5029411566475,138.9869119268584,186,0.010752688172043012,3.826059256363203,89.55901759728185,86.75135430033184,744,1.0,0.11984266582609233,6.9128442316180365,4.512222788397597,796,0.8668341708542714,0.5217065605451605,10.139771569544328,7.36699616567293,0.5216788781415976,0.008009599521756172,"[""y@t"", ""data_quality_1@t+h"", ""data_quality_1@t""]",3,20,2000.0,283,0.10967741935483871,20.650465949820788,6.576549413735342
granularity=30,ar,3,2799,930,0.8,0.9395847616212782,27.048195645125556,27.004510102251412,837,0.8709677419354839,0.5694439542006007,13.963352233821722,13.95989486604473,93,0.16129032258064516,4.270852028407376,144.81178634686006,144.4060472281116,186,0.0,3.932919180182712,92.8157413762134,91.1207431723584,744,1.0,0.19125115698091966,10.606309212353597,10.975451834724664,796,0.864321608040201,0.5897928963244546,13.572539982441814,13.578240203439298,0.5195805093098192,0.008009599521756172,"[""y@t"", ""data_quality_1@t+h"", ""data_quality_1@t""]",3,20,2000.0,283,0.10967741935483871,20.650465949820788,6.576549413735342
granularity=30,persistence,3,2799,930,0.8,5.526204223185709,23.75798194290606,20.650465949820788,837,0.8709677419354839,3.5652930472165867,9.65045432862813,6.254400637196337,93,0.16129032258064516,23.174404806907813,150.72573047140742,150.2150537634409,186,0.0,27.631021115928547,98.07787511580146,94.72025089605735,744,1.0,0.0,5.178008649682207,2.1330197132616493,796,0.864321608040201,3.748932513216436,10.038957635272244,6.576549413735344,0.5205324652818555,0.008009599521756172,"[""y@t"", ""data_quality_1@t+h"", ""data_quality_1@t""]",3,20,2000.0,283,0.10967741935483871,20.650465949820788,6.576549413735342
granularity=30,model,4,3729,940,0.8446808510638298,0.7673300908729853,19.488124502079614,16.725565748244733,846,0.91725768321513,0.40996483570049363,10.385652723165261,7.509106241940387,94,0.19148936170212766,3.9836173874254093,101.4103705123088,99.67370130498384,149,0.020134228187919462,4.003585944573908,82.71263331050231,78.81329746540156,791,1.0,0.15771931691415153,7.578577330834377,5.030152314797998,819,0.9145299145299145,0.4190562719579356,10.150620812415115,7.241488616634161,0.7063909515643226,0.009947465732693672,"[""y@t"", ""data_quality_1@t+h"", ""data_quality_1@t""]",3,20,2000.0,341,0.07446808510638298,15.70595744680851,5.206267806267805
granularity=30,ar,4,3729,940,0.8414893617021276,0.8433483957345499,24.392696699547606,23.753877355591268,846,0.9137115839243499,0.48113085210811146,15.220001995999235,14.652240344805136,94,0.19148936170212766,4.103306288372496,106.94694903148294,105.66861045266643,149,0.0,4.072172409045156,86.80854951432832,83.37220786565899,791,1.0,0.2351375512550552,12.63547537286957,12.523622935869279,819,0.9108669108669109,0.49095662151641095,14.893498973743371,14.32434312435241,0.7004972458603702,0.009947465732693672,"[""y@t"", ""data_quality_1@t+h"", ""data_quality_1@t""]",3,20,2000.0,341,0.07446808510638298,15.70595744680851,5.206267806267805
granularity=30,persistence,4,3729,940,0.8414893617021276,4.379810793907823,19.170009054743776,15.70595744680851,846,0.9137115839243499,2.3842370466463167,8.744738318950992,5.0401103230890465,94,0.19148936170212766,22.339974519261375,112.99744567687887,111.6985815602837,149,0.0,27.631021115928547,91.46640517840362,87.49910514541386,791,1.0,0.0,5.551598154079654,2.1823430257058583,819,0.9108669108669109,2.462838267964327,8.968418881423457,5.206267806267805,0.7004972458603702,0.009947465732693672,"[""y@t"", ""data_quality_1@t+h"", ""data_quality_1@t""]",3,20,2000.0,341,0.07446808510638298,15.70595744680851,5.206267806267805
granularity=30,model,5,4669,930,0.8419354838709677,0.6993900643913695,19.73860975178575,18.613436947551424,837,0.910394265232975,0.36611968712206233,10.539890894201275,9.242584198342584,93,0.22580645161290322,3.698823459815135,102.527079470046,102.95111169043095,154,0.05194805194805195,3.5613356384759585,79.64831052732157,77.83141934230714,776,0.9987113402061856,0.13142663860654138,7.849313463857247,6.861414668179795,811,0.9075215782983971,0.37281067495736064,10.233810289139907,8.90268809628148,0.6959210305365626,0.012287842109799385,"[""y@t"", ""rps@t+h"", ""data_quality_1@t+h""]",3,20,4000.0,633,0.12580645161290321,16.11440860215054,5.614632141389232
granularity=30,ar,5,4669,930,0.8354838709677419,0.8009199116390672,22.64882223793237,22.287628233534758,837,0.9032258064516129,0.46456723182212434,13.213484224472479,12.784118098474378,93,0.22580645161290322,3.8280940299915516,107.5668643590714,107.81921944907815,154,0.006493506493506494,3.806577482777956,83.76452576431691,81.86439701048606,776,1.0,0.20443632149037017,10.520190352541626,10.464403502026379,811,0.9001233045622689,0.47410552810067963,12.97751022321263,12.530614915175072,0.6754912819606533,0.012287842109799385,"[""y@t"", ""rps@t+h"", ""data_quality_1@t+h""]",3,20,4000.0,633,0.12580645161290321,16.11440860215054,5.614632141389232
granularity=30,persistence,5,4669,930,0.8344086021505376,4.575459410594619,19.053420657375295,16.11440860215054,837,0.9020310633213859,2.706981758071853,8.738927688866493,5.440223018717643,93,0.22580645161290322,21.391758283299517,111.88385737395448,112.18207885304659,154,0.0,27.631021115928547,89.85042038033755,86.62294372294373,776,1.0,0.0,5.003500609261652,2.121735395189004,811,0.8988902589395807,2.793765390266512,8.917136178907544,5.614632141389232,0.6752952940970693,0.012287842109799385,"[""y@t"", ""rps@t+h"", ""data_quality_1@t+h""]",3,20,4000.0,633,0.12580645161290321,16.11440860215054,5.614632141389232
"ar_order=2,granularity=30,on_change=chain,other_lags=2",model,1,929,940,0.8,0.8035286622073629,26.028969755075035,25.55513712042917,846,0.8628841607565012,0.5923336702763149,13.079014993390713,12.588813191923919,94,0.23404255319148937,2.704283589586795,142.57856261023392,142.25205247697647,193,0.09326424870466321,2.9967354498380496,79.05654753034509,78.09889595404984,747,0.9825970548862115,0.23687684157453484,12.328404145132444,11.979574262478982,795,0.8540880503144654,0.616018182157715,12.10264786480727,11.534732080103002,0.6078750239654054,0.006709109991788864,"[""y@t"", ""data_quality_1@t+h"", ""throughput_2@t"", ""data_quality_1@t""]",4,20,40000.0,169,0.32553191489361705,17.55039007092199,6.454297693920335
"ar_order=2,granularity=30,on_change=chain,other_lags=2",ar,1,929,940,0.7893617021276595,1.065724886075879,26.139361518803884,26.050341534271638,846,0.8628841607565012,0.624431271573059,16.042933420321148,16.01729237842664,94,0.1276595744680851,5.037367416601257,117.00721440514857,116.34778393687665,193,0.0,4.277631632337839,76.3936817571835,75.2576953661106,747,0.9933065595716198,0.23587481642586788,13.155313585728566,13.336794961922344,795,0.8540880503144654,0.652025980085654,15.488392888628068,15.400711734792669,0.6019491778837185,0.006709109991788864,"[""y@t"", ""data_quality_1@t+h"", ""throughput_2@t"", ""data_quality_1@t""]",4,20,40000.0,169,0.32553191489361705,17.55039007092199,6.454297693920335
"ar_order=2,granularity=30,on_change=chain,other_lags=2",persistence,1,929,940,0.7946808510638298,5.673177739759798,20.50596101496628,17.55039007092199,846,0.8687943262411347,3.625346742160837,9.262603518409952,6.065208825847128,94,0.1276595744680851,24.10365671815043,121.69617848397326,120.91702127659573,193,0.0,27.631021115928547,79.75206112521249,76.3203799654577,747,1.0,0.0,5.198735685277504,2.36617581436859,795,0.8603773584905661,3.857916155808891,9.736582000159439,6.454297693920337,0.6117906916259294,0.006709109991788864,"[""y@t"", ""data_quality_1@t+h"", ""throughput_2@t"", ""data_quality_1@t""]",4,20,40000.0,169,0.32553191489361705,17.55039007092199,6.454297693920335
"ar_order=2,granularity=30,on_change=chain,other_lags=2",model,2,1869,930,0.8279569892473119,0.7062055363552854,23.180445071952374,22.423567486328334,837,0.8745519713261649,0.5250032897647857,12.9953143063791,12.142509821966991,93,0.40860215053763443,2.337025755669782,114.84662196211185,114.95308646558047,183,0.16939890710382513,2.6885818317547314,71.34553347823403,69.91114681573727,747,0.9892904953145917,0.22056315073534088,11.380965582863299,10.790064116473136,823,0.8724179829890644,0.5312724354812643,12.923421757687517,12.04504262606467,0.544436342532799,0.009891577064990997,"[""y@t"", ""data_quality_1@t+h"", ""rps@t+h""]",3,20,4000.0,401,0.1935483870967742,17.59401433691756,5.692061563385987
"ar_order=2,granularity=30,on_change=chain,other_lags=2",ar,2,1869,930,0.7978494623655914,1.0108809604334115,25.39942259982754,24.944250803214505,837,0.8745519713261649,0.5860449252404838,14.893371154044333,14.347388892445887,93,0.10752688172043011,4.834405277169762,119.9538856118764,120.31600800013202,183,0.00546448087431694,4.170139474115243,79.89901899484836,78.66007717886868,747,0.9919678714859438,0.2369260635073406,12.048115852452957,11.784951972230953,823,0.8724179829890644,0.5935764439615644,14.904823770587504,14.33081597222638,0.5244338927483494,0.009891577064990997,"[""y@t"", ""data_quality_1@t+h"", ""rps@t+h""]",3,20,4000.0,401,0.1935483870967742,17.59401433691756,5.692061563385987
"ar_order=2,granularity=30,on_change=chain,other_lags=2",persistence,2,1869,930,0.8032258064516129,5.4370718970052945,20.9148665918186,17.594014336917564,837,0.8805256869772998,3.301197265941284,9.28368463590289,5.596853843090403,93,0.10752688172043011,24.659943576581387,125.59550419505999,125.56845878136197,183,0.0,27.63102111592854,82.91408642017653,80.32969034608378,747,1.0,0.0,5.7263026981244876,2.225033467202143,823,0.8784933171324423,3.357353720039921,9.373656732027863,5.6920615633859875,0.5642935255181877,0.009891577064990997,"[""y@t"", ""data_quality_1@t+h"", ""rps@t+h""]",3,20,4000.0,401,0.1935483870967742,17.59401433691756,5.692061563385987
"ar_order=2,granularity=30,on_change=chain,other_lags=2",model,3,2799,930,0.8344086021505376,0.6837384613162684,21.811705828470163,19.41010939312609,837,0.8733572281959379,0.5032747202772291,10.546427543428944,7.845953220109564,93,0.4838709677419355,2.3079121306676225,123.1992103938411,123.4875149502748,186,0.22580645161290322,2.7674085011673806,75.39139331804743,73.01845392727357,744,0.9865591397849462,0.16282095135349037,8.416783956075845,6.008023259589217,796,0.8668341708542714,0.5217065605451605,10.139771569544328,7.36699616567293,0.535495727042823,0.013062896206974983,"[""y@t"", ""data_quality_1@t+h"", ""data_quality_1@t""]",3,20,2000.0,283,0.10967741935483871,20.650465949820788,6.576549413735342
"ar_order=2,granularity=30,on_change=chain,other_lags=2",ar,3,2799,930,0.8,0.9395847616212782,27.048195645125556,27.004510102251412,837,0.8709677419354839,0.5694439542006007,13.963352233821722,13.95989486604473,93,0.16129032258064516,4.270852028407376,144.81178634686006,144.4060472281116,186,0.0,3.932919180182712,92.8157413762134,91.1207431723584,744,1.0,0.19125115698091966,10.606309212353597,10.975451834724664,796,0.864321608040201,0.5897928963244546,13.572539982441814,13.578240203439298,0.5195805093098192,0.013062896206974983,"[""y@t"", ""data_quality_1@t+h"", ""data_quality_1@t""]",3,20,2000.0,283,0.10967741935483871,20.650465949820788,6.576549413735342
"ar_order=2,granularity=30,on_change=chain,other_lags=2",persistence,3,2799,930,0.8,5.526204223185709,23.75798194290606,20.650465949820788,837,0.8709677419354839,3.5652930472165867,9.65045432862813,6.254400637196337,93,0.16129032258064516,23.174404806907813,150.72573047140742,150.2150537634409,186,0.0,27.631021115928547,98.07787511580146,94.72025089605735,744,1.0,0.0,5.178008649682207,2.1330197132616493,796,0.864321608040201,3.748932513216436,10.038957635272244,6.576549413735344,0.5205324652818555,0.013062896206974983,"[""y@t"", ""data_quality_1@t+h"", ""data_quality_1@t""]",3,20,2000.0,283,0.10967741935483871,20.650465949820788,6.576549413735342
"ar_order=2,granularity=30,on_change=chain,other_lags=2",model,4,3729,940,0.874468085106383,0.5708124064114727,18.821447784794113,16.398754516607116,846,0.9160756501182034,0.40472077027437803,10.393844342504785,7.591226154008174,94,0.5,2.0656371316453246,94.66987876539807,95.66650977999758,149,0.2550335570469799,2.6550079645172064,71.6014227882813,69.22404966814771,791,0.9911504424778761,0.17821425450533573,8.879328599560749,6.448098413472414,819,0.9133089133089133,0.4135450961328719,10.148190976711195,7.314440401353603,0.6874913054445808,0.016175957396626472,"[""y@t"", ""data_quality_1@t+h"", ""data_quality_1@t"", ""y@t-1""]",4,20,40000.0,485,0.10425531914893617,15.70595744680851,5.206267806267805
"ar_order=2,granularity=30,on_change=chain,other_lags=2",ar,4,3729,940,0.8414893617021276,0.8433483957345499,24.392696699547606,23.753877355591268,846,0.9137115839243499,0.48113085210811146,15.220001995999235,14.652240344805136,94,0.19148936170212766,4.103306288372496,106.94694903148294,105.66861045266643,149,0.0,4.072172409045156,86.80854951432832,83.37220786565899,791,1.0,0.2351375512550552,12.63547537286957,12.523622935869279,819,0.9108669108669109,0.49095662151641095,14.893498973743371,14.32434312435241,0.7004972458603702,0.016175957396626472,"[""y@t"", ""data_quality_1@t+h"", ""data_quality_1@t"", ""y@t-1""]",4,20,40000.0,485,0.10425531914893617,15.70595744680851,5.206267806267805
"ar_order=2,granularity=30,on_change=chain,other_lags=2",persistence,4,3729,940,0.8414893617021276,4.379810793907823,19.170009054743776,15.70595744680851,846,0.9137115839243499,2.3842370466463167,8.744738318950992,5.0401103230890465,94,0.19148936170212766,22.339974519261375,112.99744567687887,111.6985815602837,149,0.0,27.631021115928547,91.46640517840362,87.49910514541386,791,1.0,0.0,5.551598154079654,2.1823430257058583,819,0.9108669108669109,2.462838267964327,8.968418881423457,5.206267806267805,0.7004972458603702,0.016175957396626472,"[""y@t"", ""data_quality_1@t+h"", ""data_quality_1@t"", ""y@t-1""]",4,20,40000.0,485,0.10425531914893617,15.70595744680851,5.206267806267805
"ar_order=2,granularity=30,on_change=chain,other_lags=2",model,5,4669,930,0.8795698924731182,0.5324111439767872,18.149009016887376,17.013125786714337,837,0.910394265232975,0.36611968712206233,10.539890894201275,9.242584198342584,93,0.6021505376344086,2.0290342556693113,86.63107212106226,86.94800008206009,154,0.3116883116883117,2.390565883657422,61.91420160681136,60.184383114080035,776,0.9922680412371134,0.16365363120511492,9.463648631773593,8.445633997520625,811,0.9075215782983971,0.37281067495736064,10.233810289139907,8.90268809628148,0.6804037937160424,0.0202261321246624,"[""y@t"", ""rps@t+h"", ""data_quality_1@t+h""]",3,20,4000.0,633,0.12580645161290321,16.11440860215054,5.614632141389232
"ar_order=2,granularity=30,on_change=chain,other_lags=2",ar,5,4669,930,0.8354838709677419,0.8009199116390672,22.64882223793237,22.287628233534758,837,0.9032258064516129,0.46456723182212434,13.213484224472479,12.784118098474378,93,0.22580645161290322,3.8280940299915516,107.5668643590714,107.81921944907815,154,0.006493506493506494,3.806577482777956,83.76452576431691,81.86439701048606,776,1.0,0.20443632149037017,10.520190352541626,10.464403502026379,811,0.9001233045622689,0.47410552810067963,12.97751022321263,12.530614915175072,0.6754912819606533,0.0202261321246624,"[""y@t"", ""rps@t+h"", ""data_quality_1@t+h""]",3,20,4000.0,633,0.12580645161290321,16.11440860215054,5.614632141389232
"ar_order=2,granularity=30,on_change=chain,other_lags=2",persistence,5,4669,930,0.8344086021505376,4.575459410594619,19.053420657375295,16.11440860215054,837,0.9020310633213859,2.706981758071853,8.738927688866493,5.440223018717643,93,0.22580645161290322,21.391758283299517,111.88385737395448,112.18207885304659,154,0.0,27.631021115928547,89.85042038033755,86.62294372294373,776,1.0,0.0,5.003500609261652,2.121735395189004,811,0.8988902589395807,2.793765390266512,8.917136178907544,5.614632141389232,0.6752952940970693,0.0202261321246624,"[""y@t"", ""rps@t+h"", ""data_quality_1@t+h""]",3,20,4000.0,633,0.12580645161290321,16.11440860215054,5.614632141389232
"ar_order=3,granularity=30,max_parents=6,on_change=chain,other_lags=3,velocity=binned",model,1,929,940,0.8,0.8035286622073629,26.028969755075035,25.55513712042917,846,0.8628841607565012,0.5923336702763149,13.079014993390713,12.588813191923919,94,0.23404255319148937,2.704283589586795,142.57856261023392,142.25205247697647,193,0.09326424870466321,2.9967354498380496,79.05654753034509,78.09889595404984,747,0.9825970548862115,0.23687684157453484,12.328404145132444,11.979574262478982,795,0.8540880503144654,0.616018182157715,12.10264786480727,11.534732080103002,0.6078750239654054,0.01429281197488308,"[""y@t"", ""data_quality_1@t+h"", ""throughput_2@t"", ""data_quality_1@t""]",4,20,40000.0,169,0.32553191489361705,17.55039007092199,6.454297693920335
"ar_order=3,granularity=30,max_parents=6,on_change=chain,other_lags=3,velocity=binned",ar,1,929,940,0.7893617021276595,1.065724886075879,26.139361518803884,26.050341534271638,846,0.8628841607565012,0.624431271573059,16.042933420321148,16.01729237842664,94,0.1276595744680851,5.037367416601257,117.00721440514857,116.34778393687665,193,0.0,4.277631632337839,76.3936817571835,75.2576953661106,747,0.9933065595716198,0.23587481642586788,13.155313585728566,13.336794961922344,795,0.8540880503144654,0.652025980085654,15.488392888628068,15.400711734792669,0.6019491778837185,0.01429281197488308,"[""y@t"", ""data_quality_1@t+h"", ""throughput_2@t"", ""data_quality_1@t""]",4,20,40000.0,169,0.32553191489361705,17.55039007092199,6.454297693920335
"ar_order=3,granularity=30,max_parents=6,on_change=chain,other_lags=3,velocity=binned",persistence,1,929,940,0.7946808510638298,5.673177739759798,20.50596101496628,17.55039007092199,846,0.8687943262411347,3.625346742160837,9.262603518409952,6.065208825847128,94,0.1276595744680851,24.10365671815043,121.69617848397326,120.91702127659573,193,0.0,27.631021115928547,79.75206112521249,76.3203799654577,747,1.0,0.0,5.198735685277504,2.36617581436859,795,0.8603773584905661,3.857916155808891,9.736582000159439,6.454297693920337,0.6117906916259294,0.01429281197488308,"[""y@t"", ""data_quality_1@t+h"", ""throughput_2@t"", ""data_quality_1@t""]",4,20,40000.0,169,0.32553191489361705,17.55039007092199,6.454297693920335
"ar_order=3,granularity=30,max_parents=6,on_change=chain,other_lags=3,velocity=binned",model,2,1869,930,0.8301075268817204,0.701397931736811,21.96960822710634,20.70558115688301,837,0.8769414575866189,0.5196615068553698,11.64994003432795,10.233636122583297,93,0.40860215053763443,2.337025755669782,114.84662196211185,114.95308646558047,183,0.18032786885245902,2.7165151687945785,72.05007701423332,70.33387597523111,747,0.9892904953145917,0.20773467285920535,9.700899006163587,8.54764547849251,823,0.8748481166464156,0.5267270816565286,11.627903053334053,10.214040801842781,0.5451156142414825,0.016507025808095932,"[""y@t"", ""data_quality_1@t+h"", ""y@t-2""]",3,20,4000.0,250,0.06559139784946237,17.59401433691756,5.692061563385987
"ar_order=3,granularity=30,max_parents=6,on_change=chain,other_lags=3,velocity=binned",ar,2,1869,930,0.7978494623655914,1.0108809604334115,25.39942259982754,24.944250803214505,837,0.8745519713261649,0.5860449252404838,14.893371154044333,14.347388892445887,93,0.10752688172043011,4.834405277169762,119.9538856118764,120.31600800013202,183,0.00546448087431694,4.170139474115243,79.89901899484836,78.66007717886868,747,0.9919678714859438,0.2369260635073406,12.048115852452957,11.784951972230953,823,0.8724179829890644,0.5935764439615644,14.904823770587504,14.33081597222638,0.5244338927483494,0.016507025808095932,"[""y@t"", ""data_quality_1@t+h"", ""y@t-2""]",3,20,4000.0,250,0.06559139784946237,17.59401433691756,5.692061563385987
"ar_order=3,granularity=30,max_parents=6,on_change=chain,other_lags=3,velocity=binned",persistence,2,1869,930,0.8032258064516129,5.4370718970052945,20.9148665918186,17.594014336917564,837,0.8805256869772998,3.301197265941284,9.28368463590289,5.596853843090403,93,0.10752688172043011,24.659943576581387,125.59550419505999,125.56845878136197,183,0.0,27.63102111592854,82.91408642017653,80.32969034608378,747,1.0,0.0,5.7263026981244876,2.225033467202143,823,0.8784933171324423,3.357353720039921,9.373656732027863,5.6920615633859875,0.5642935255181877,0.016507025808095932,"[""y@t"", ""data_quality_1@t+h"", ""y@t-2""]",3,20,4000.0,250,0.06559139784946237,17.59401433691756,5.692061563385987
"ar_order=3,granularity=30,max_parents=6,on_change=chain,other_lags=3,velocity=binned",model,3,2799,930,0.8344086021505376,0.6837384613162684,21.811705828470163,19.41010939312609,837,0.8733572281959379,0.5032747202772291,10.546427543428944,7.845953220109564,93,0.4838709677419355,2.3079121306676225,123.1992103938411,123.4875149502748,186,0.22580645161290322,2.7674085011673806,75.39139331804743,73.01845392727357,744,0.9865591397849462,0.16282095135349037,8.416783956075845,6.008023259589217,796,0.8668341708542714,0.5217065605451605,10.139771569544328,7.36699616567293,0.535495727042823,0.021850254386663437,"[""y@t"", ""data_quality_1@t+h"", ""data_quality_1@t""]",3,20,2000.0,283,0.10967741935483871,20.650465949820788,6.576549413735342
"ar_order=3,granularity=30,max_parents=6,on_change=chain,other_lags=3,velocity=binned",ar,3,2799,930,0.8,0.9395847616212782,27.048195645125556,27.004510102251412,837,0.8709677419354839,0.5694439542006007,13.963352233821722,13.95989486604473,93,0.16129032258064516,4.270852028407376,144.81178634686006,144.4060472281116,186,0.0,3.932919180182712,92.8157413762134,91.1207431723584,744,1.0,0.19125115698091966,10.606309212353597,10.975451834724664,796,0.864321608040201,0.5897928963244546,13.572539982441814,13.578240203439298,0.5195805093098192,0.021850254386663437,"[""y@t"", ""data_quality_1@t+h"", ""data_quality_1@t""]",3,20,2000.0,283,0.10967741935483871,20.650465949820788,6.576549413735342
"ar_order=3,granularity=30,max_parents=6,on_change=chain,other_lags=3,velocity=binned",persistence,3,2799,930,0.8,5.526204223185709,23.75798194290606,20.650465949820788,837,0.8709677419354839,3.5652930472165867,9.65045432862813,6.254400637196337,93,0.16129032258064516,23.174404806907813,150.72573047140742,150.2150537634409,186,0.0,27.631021115928547,98.07787511580146,94.72025089605735,744,1.0,0.0,5.178008649682207,2.1330197132616493,796,0.864321608040201,3.748932513216436,10.038957635272244,6.576549413735344,0.5205324652818555,0.021850254386663437,"[""y@t"", ""data_quality_1@t+h"", ""data_quality_1@t""]",3,20,2000.0,283,0.10967741935483871,20.650465949820788,6.576549413735342
"ar_order=3,granularity=30,max_parents=6,on_change=chain,other_lags=3,velocity=binned",model,4,3729,940,0.874468085106383,0.5708124064114727,18.821447784794113,16.398754516607116,846,0.9160756501182034,0.40472077027437803,10.393844342504785,7.591226154008174,94,0.5,2.0656371316453246,94.66987876539807,95.66650977999758,149,0.2550335570469799,2.6550079645172064,71.6014227882813,69.22404966814771,791,0.9911504424778761,0.17821425450533573,8.879328599560749,6.448098413472414,819,0.9133089133089133,0.4135450961328719,10.148190976711195,7.314440401353603,0.6874913054445808,0.035402460023760796,"[""y@t"", ""data_quality_1@t+h"", ""data_quality_1@t"", ""y@t-1""]",4,20,40000.0,485,0.10425531914893617,15.70595744680851,5.206267806267805
"ar_order=3,granularity=30,max_parents=6,on_change=chain,other_lags=3,velocity=binned",ar,4,3729,940,0.8414893617021276,0.8433483957345499,24.392696699547606,23.753877355591268,846,0.9137115839243499,0.48113085210811146,15.220001995999235,14.652240344805136,94,0.19148936170212766,4.103306288372496,106.94694903148294,105.66861045266643,149,0.0,4.072172409045156,86.80854951432832,83.37220786565899,791,1.0,0.2351375512550552,12.63547537286957,12.523622935869279,819,0.9108669108669109,0.49095662151641095,14.893498973743371,14.32434312435241,0.7004972458603702,0.035402460023760796,"[""y@t"", ""data_quality_1@t+h"", ""data_quality_1@t"", ""y@t-1""]",4,20,40000.0,485,0.10425531914893617,15.70595744680851,5.206267806267805
"ar_order=3,granularity=30,max_parents=6,on_change=chain,other_lags=3,velocity=binned",persistence,4,3729,940,0.8414893617021276,4.379810793907823,19.170009054743776,15.70595744680851,846,0.9137115839243499,2.3842370466463167,8.744738318950992,5.0401103230890465,94,0.19148936170212766,22.339974519261375,112.99744567687887,111.6985815602837,149,0.0,27.631021115928547,91.46640517840362,87.49910514541386,791,1.0,0.0,5.551598154079654,2.1823430257058583,819,0.9108669108669109,2.462838267964327,8.968418881423457,5.206267806267805,0.7004972458603702,0.035402460023760796,"[""y@t"", ""data_quality_1@t+h"", ""data_quality_1@t"", ""y@t-1""]",4,20,40000.0,485,0.10425531914893617,15.70595744680851,5.206267806267805
"ar_order=3,granularity=30,max_parents=6,on_change=chain,other_lags=3,velocity=binned",model,5,4669,930,0.8795698924731182,0.5324111439767872,18.149009016887376,17.013125786714337,837,0.910394265232975,0.36611968712206233,10.539890894201275,9.242584198342584,93,0.6021505376344086,2.0290342556693113,86.63107212106226,86.94800008206009,154,0.3116883116883117,2.390565883657422,61.91420160681136,60.184383114080035,776,0.9922680412371134,0.16365363120511492,9.463648631773593,8.445633997520625,811,0.9075215782983971,0.37281067495736064,10.233810289139907,8.90268809628148,0.6804037937160424,0.0336452666670084,"[""y@t"", ""rps@t+h"", ""data_quality_1@t+h""]",3,20,4000.0,633,0.12580645161290321,16.11440860215054,5.614632141389232
"ar_order=3,granularity=30,max_parents=6,on_change=chain,other_lags=3,velocity=binned",ar,5,4669,930,0.8354838709677419,0.8009199116390672,22.64882223793237,22.287628233534758,837,0.9032258064516129,0.46456723182212434,13.213484224472479,12.784118098474378,93,0.22580645161290322,3.8280940299915516,107.5668643590714,107.81921944907815,154,0.006493506493506494,3.806577482777956,83.76452576431691,81.86439701048606,776,1.0,0.20443632149037017,10.520190352541626,10.464403502026379,811,0.9001233045622689,0.47410552810067963,12.97751022321263,12.530614915175072,0.6754912819606533,0.0336452666670084,"[""y@t"", ""rps@t+h"", ""data_quality_1@t+h""]",3,20,4000.0,633,0.12580645161290321,16.11440860215054,5.614632141389232
"ar_order=3,granularity=30,max_parents=6,on_change=chain,other_lags=3,velocity=binned",persistence,5,4669,930,0.8344086021505376,4.575459410594619,19.053420657375295,16.11440860215054,837,0.9020310633213859,2.706981758071853,8.738927688866493,5.440223018717643,93,0.22580645161290322,21.391758283299517,111.88385737395448,112.18207885304659,154,0.0,27.631021115928547,89.85042038033755,86.62294372294373,776,1.0,0.0,5.003500609261652,2.121735395189004,811,0.8988902589395807,2.793765390266512,8.917136178907544,5.614632141389232,0.6752952940970693,0.0336452666670084,"[""y@t"", ""rps@t+h"", ""data_quality_1@t+h""]",3,20,4000.0,633,0.12580645161290321,16.11440860215054,5.614632141389232
