config,model,fold,n_train,n_all,acc_all,logloss_all,mae_all,maeh_all,n_within,acc_within,logloss_within,mae_within,maeh_within,n_xrun,acc_xrun,logloss_xrun,mae_xrun,maeh_xrun,n_change,acc_change,logloss_change,mae_change,maeh_change,n_stay,acc_stay,logloss_stay,mae_stay,maeh_stay,n_event,acc_event,logloss_event,mae_event,maeh_event,f1_all,search_sec,parents,n_parents,n_y,cpt_configs_possible,cpt_configs_seen,test_unseen_config_frac,mae_persistence_continuous,mae_persistence_continuous_event,static_parents
n_bins=4,model,1,33200,33558,0.9880803385183861,0.07598520370620429,27.405842409985855,7.138951440468429,33464,0.9896007650011953,0.06698691555751639,27.141918147414458,6.820267281214553,94,0.44680851063829785,3.279375784639095,121.36287988540276,120.59051213484852,421,0.0665083135391924,4.443318783895434,194.5035712030991,200.69353571753234,33137,0.9997887557714941,0.020498966652166013,25.2828939287745,4.679873069443778,18713,0.9817239352321915,0.10649927140383532,27.47349934013391,10.068069044669183,0.9814648589558492,0.07981808300064586,"[""y@t"", ""throughput_2@t"", ""data_quality_2@t+h"", ""throughput_1@t""]",4,4,640.0,111,0.10888610763454318,5.184546158889088,8.675573130978464,
n_bins=4,ar,1,33200,33558,0.9874545562906013,0.07897471607095898,28.078167237638976,5.984636321853535,33464,0.988973224958164,0.07023840007388317,27.808482306688852,5.654989218319222,94,0.44680851063829785,3.189103211029941,124.08600265588127,123.33900518006905,421,0.0,5.500149362602853,216.46611195329174,221.02264637223422,33137,1.0,0.010099605886273353,25.684730151442583,3.252614647253834,18713,0.9802810880136803,0.11499427062536229,29.289568414983442,8.722673436100346,0.9808795507003509,0.07981808300064586,"[""y@t"", ""throughput_2@t"", ""data_quality_2@t+h"", ""throughput_1@t""]",4,4,640.0,111,0.10888610763454318,5.184546158889088,8.675573130978464,
n_bins=4,persistence,1,33200,33558,0.9874545562906013,0.3466434200430871,27.897811689489753,5.184546158889091,33464,0.988973224958164,0.3046810540215645,27.62604700646978,4.851362658379157,94,0.44680851063829785,15.285245723705149,124.64603884459841,123.79787234042553,421,0.0,27.631021115928547,218.25581712500048,222.81235154394298,33137,1.0,0.0,25.479345313886952,2.4196215710535087,18713,0.9802810880136803,0.5448536734771354,29.783476536827493,8.675573130978464,0.9808795507003509,0.07981808300064586,"[""y@t"", ""throughput_2@t"", ""data_quality_2@t+h"", ""throughput_1@t""]",4,4,640.0,111,0.10888610763454318,5.184546158889088,8.675573130978464,
n_bins=4,model,2,66758,33201,0.9847594951959279,0.09244814703140498,29.164721612399752,9.04635763906447,33108,0.9861966896218437,0.08233638804574006,28.866681836839472,8.695682618672242,93,0.4731182795698925,3.6922343459281235,135.26688171185663,133.88666489869723,514,0.04474708171206226,4.195905366194761,150.6938367927173,129.3134458421308,32687,0.9995411019671429,0.027921668289092618,27.253687708930993,7.15516899108894,19738,0.9773026649103252,0.1214955824589531,29.88055440523177,11.459382451362455,0.9669619004485002,0.1495076249993872,"[""y@t"", ""avg_p_latency_1@t"", ""throughput_2@t"", ""cores_2@t+h""]",4,4,384.0,165,0.0955694105599229,4.902623414957381,7.62306211368933,
n_bins=4,ar,2,66758,33201,0.984518538598235,0.08960801185267832,27.484429327338486,5.605282062886051,33108,0.9859550561797753,0.08134407598357872,27.187299855367613,5.250569165299234,93,0.4731182795698925,3.0315691812521326,133.26252134897024,131.88307360379267,514,0.0,5.099440313079641,173.0000735423817,149.63482758496818,32687,1.0,0.010828870211332874,25.196209511309725,3.3404310090007074,19738,0.9764413821055832,0.12724378266547703,29.150580683995464,7.802815499152584,0.9666803651420424,0.1495076249993872,"[""y@t"", ""avg_p_latency_1@t"", ""throughput_2@t"", ""cores_2@t+h""]",4,4,384.0,165,0.0955694105599229,4.902623414957381,7.62306211368933,
n_bins=4,persistence,2,66758,33201,0.984518538598235,0.4277685868976017,27.636439767150033,4.902623414957386,33108,0.9859550561797753,0.3880761392686593,27.338268871514114,4.544641778422139,93,0.4731182795698925,14.558279942801061,133.78527861353632,132.34408602150538,514,0.0,27.631021115928547,175.34481696399834,151.77431906614785,32687,1.0,0.0,25.313739431261755,2.5930798176645213,19738,0.9764413821055832,0.6509486685027244,29.77172099515638,7.62306211368933,0.9666803651420424,0.1495076249993872,"[""y@t"", ""avg_p_latency_1@t"", ""throughput_2@t"", ""cores_2@t+h""]",4,4,384.0,165,0.0955694105599229,4.902623414957381,7.62306211368933,
n_bins=4,model,3,99959,33201,0.9884340833107437,0.05738237263194878,25.050105884440672,5.248543474821096,33108,0.9902138455962305,0.045645745078709526,24.693956884312737,4.8348824875709875,93,0.3548387096774194,4.2356217815851265,151.83914992998737,152.51185493585947,434,0.2350230414746544,3.776617633124514,147.32739783963453,152.31975049564375,32767,0.9984130375072482,0.008120978453239308,23.430539103577182,3.300580467922783,18433,0.984972603482884,0.07200815271545265,24.146364782509746,7.05608929307703,0.982018697199501,0.23448350000035134,"[""y@t"", ""throughput_2@t"", ""buffer_size_3@t"", ""rps@t+h""]",4,4,256.0,77,0.00012047829884642029,4.688894912803831,7.6735745673520315,
n_bins=4,ar,3,99959,33201,0.9869281045751634,0.08129192582529893,25.47098496151802,5.688032649946566,33108,0.9887036365833032,0.07145148554398423,25.117072590526593,5.276864945866921,93,0.3548387096774194,3.5844886659733306,151.46378903446836,152.0637353023,434,0.0,5.295620516247061,181.54894668797985,181.9069391603517,32767,1.0,0.012227970985275591,23.40372719030661,3.35400739815312,18433,0.9797103021754462,0.11510555137702504,25.00297220346098,7.860651443895769,0.9806892945355108,0.23448350000035134,"[""y@t"", ""throughput_2@t"", ""buffer_size_3@t"", ""rps@t+h""]",4,4,256.0,77,0.00012047829884642029,4.688894912803831,7.6735745673520315,
n_bins=4,persistence,3,99959,33201,0.9869281045751634,0.3611898185088699,25.01470865072945,4.688894912803836,33108,0.9887036365833032,0.312130056099954,24.65699293134299,4.272290685030813,93,0.3548387096774194,17.826465236082935,152.36150475230718,153.0,434,0.0,27.631021115928544,183.3724919286863,183.72811059907835,32767,1.0,0.0,22.9172545675777,2.3175145725882804,18433,0.9797103021754462,0.5606250690260552,25.243215273566907,7.6735745673520315,0.9806892945355108,0.23448350000035134,"[""y@t"", ""throughput_2@t"", ""buffer_size_3@t"", ""rps@t+h""]",4,4,256.0,77,0.00012047829884642029,4.688894912803831,7.6735745673520315,
n_bins=4,model,4,133160,33558,0.9938315751832648,0.03566293939104252,25.980811696894563,3.9495025221899125,33464,0.9952785082476692,0.028268941329701352,25.7448142696541,3.664167023053405,94,0.4787234042553192,2.6679262492284965,109.99589579450038,105.52894021478652,303,0.38283828382838286,3.0608178796288845,128.73473048193853,126.68778082378635,33255,0.999398586678695,0.00809950691796881,25.044578426954157,2.8311835227797872,17046,0.9916109351167429,0.04406320024603079,26.948373256635048,5.621258379346301,0.9874956020266337,0.2999371669993707,"[""y@t"", ""throughput_2@t"", ""avg_p_latency_3@t"", ""data_quality_3@t+h""]",4,4,576.0,155,0.0053042493593181955,3.4797365754812564,6.237240408306934,
n_bins=4,ar,4,133160,33558,0.9909708564276775,0.0592680808227732,25.84753669396213,4.384597189565626,33464,0.9924097537652402,0.051439625132896315,25.594577939652932,4.086111326657744,94,0.4787234042553192,2.8461983064189416,115.90085322803807,110.64556438477173,303,0.0,5.153680312994159,167.01933450049776,164.7467273358852,33255,1.0,0.012850793005965798,24.561262307091578,2.923471781827396,17046,0.9850991434940749,0.08463104605834652,27.246007461556598,6.427573579705851,0.984789705019581,0.2999371669993707,"[""y@t"", ""throughput_2@t"", ""avg_p_latency_3@t"", ""data_quality_3@t+h""]",4,4,576.0,155,0.0053042493593181955,3.4797365754812564,6.237240408306934,
n_bins=4,persistence,4,133160,33558,0.9909708564276775,0.24948445670559477,25.73409875018709,3.479736575481257,33464,0.9924097537652402,0.20972625398774358,25.478792619074554,3.177145589289984,94,0.4787234042553192,14.403404624260624,116.62308142625078,111.20212765957447,303,0.0,27.631021115928547,168.88987009938884,166.5214521452145,33255,1.0,0.0,24.42974756333374,1.9941963614494065,17046,0.9850991434940749,0.41172588076063893,27.62923355581886,6.237240408306934,0.984789705019581,0.2999371669993707,"[""y@t"", ""throughput_2@t"", ""avg_p_latency_3@t"", ""data_quality_3@t+h""]",4,4,576.0,155,0.0053042493593181955,3.4797365754812564,6.237240408306934,
n_bins=4,model,5,166718,33201,0.9904219752417096,0.04964547926922938,26.432303257596633,5.073439959650395,33108,0.9919052796907092,0.039912975025894075,26.163118588865945,4.747192454973722,93,0.46236559139784944,3.5144169898965982,122.26204532572098,121.21755162454595,427,0.3559718969555035,3.3234980189484804,162.47585678280095,168.36892582087557,32774,0.9986879843778605,0.006991697782592415,24.65984346156129,2.9459250861914597,18670,0.9873058382431709,0.06276170226833856,27.469087123706515,7.165400831844719,0.9803160515777753,0.3760827079986484,"[""y@t"", ""throughput_2@t"", ""buffer_size_3@t"", ""avg_p_latency_3@t""]",4,4,256.0,102,0.0002108370229812355,4.876780819854823,8.07123727905731,
n_bins=4,ar,5,166718,33201,0.9871389415981446,0.08058027122285617,26.92087429847728,5.640581892601171,33108,0.9886130240425275,0.07240889669619949,26.65543712042946,5.318439597148273,93,0.46236559139784944,2.9895896027126305,121.41650968350123,120.32323907383302,427,0.0,5.392207234954464,205.31181102819207,208.69301836157047,32774,1.0,0.011377100614648548,24.596686528184115,2.995088807465091,18670,0.9798071772897697,0.1166535084727435,28.439080533722013,8.181843556900521,0.9766208942501651,0.3760827079986484,"[""y@t"", ""throughput_2@t"", ""buffer_size_3@t"", ""avg_p_latency_3@t""]",4,4,256.0,102,0.0002108370229812355,4.876780819854823,8.07123727905731,
n_bins=4,persistence,5,166718,33201,0.9871389415981446,0.3553641762748559,26.753664203719314,4.876780819854834,33108,0.9886130240425275,0.31463377312749374,26.486339804845276,4.551467923160576,93,0.46236559139784944,14.855387696735775,121.92115020287802,120.68817204301075,427,0.0,27.631021115928547,207.21598236217193,210.59718969555036,32774,1.0,0.0,24.402489191402864,2.1965277354000228,18670,0.9798071772897697,0.5579483106965755,28.7033777160116,8.07123727905731,0.9766208942501651,0.3760827079986484,"[""y@t"", ""throughput_2@t"", ""buffer_size_3@t"", ""avg_p_latency_3@t""]",4,4,256.0,102,0.0002108370229812355,4.876780819854823,8.07123727905731,
"n_bins=4,on_change=static",model,1,33200,33558,0.988020740210978,0.07293625501590066,27.38934025027061,7.139475734916702,33464,0.9896007650011953,0.06698691555751639,27.141918147414458,6.820267281214553,94,0.425531914893617,2.190901102200698,115.47160886705954,120.7776852528816,421,0.09026128266033254,4.109221171729609,189.8766216839104,196.63211714538053,33137,0.9994266228083412,0.021655935435477825,25.32496672570404,4.7320036634013185,18713,0.9817239352321915,0.10649927140383532,27.47349934013391,10.068069044669183,0.9812533777221373,0.10040579099950264,"[""y@t"", ""throughput_2@t"", ""data_quality_2@t+h"", ""throughput_1@t""]",4,4,640.0,111,0.10888610763454318,5.184546158889088,8.675573130978464,"[""buffer_size_3@t"", ""buffer_size_2@t"", ""rps@t+h""]"
"n_bins=4,on_change=static",ar,1,33200,33558,0.9874545562906013,0.07897471607095898,28.078167237638976,5.984636321853535,33464,0.988973224958164,0.07023840007388317,27.808482306688852,5.654989218319222,94,0.44680851063829785,3.189103211029941,124.08600265588127,123.33900518006905,421,0.0,5.500149362602853,216.46611195329174,221.02264637223422,33137,1.0,0.010099605886273353,25.684730151442583,3.252614647253834,18713,0.9802810880136803,0.11499427062536229,29.289568414983442,8.722673436100346,0.9808795507003509,0.10040579099950264,"[""y@t"", ""throughput_2@t"", ""data_quality_2@t+h"", ""throughput_1@t""]",4,4,640.0,111,0.10888610763454318,5.184546158889088,8.675573130978464,"[""buffer_size_3@t"", ""buffer_size_2@t"", ""rps@t+h""]"
"n_bins=4,on_change=static",persistence,1,33200,33558,0.9874545562906013,0.3466434200430871,27.897811689489753,5.184546158889091,33464,0.988973224958164,0.3046810540215645,27.62604700646978,4.851362658379157,94,0.44680851063829785,15.285245723705149,124.64603884459841,123.79787234042553,421,0.0,27.631021115928547,218.25581712500048,222.81235154394298,33137,1.0,0.0,25.479345313886952,2.4196215710535087,18713,0.9802810880136803,0.5448536734771354,29.783476536827493,8.675573130978464,0.9808795507003509,0.10040579099950264,"[""y@t"", ""throughput_2@t"", ""data_quality_2@t+h"", ""throughput_1@t""]",4,4,640.0,111,0.10888610763454318,5.184546158889088,8.675573130978464,"[""buffer_size_3@t"", ""buffer_size_2@t"", ""rps@t+h""]"
"n_bins=4,on_change=static",model,2,66758,33201,0.9846390168970814,0.08805695622419275,29.131859772142754,9.02548420787035,33108,0.9861966896218437,0.08233638804574006,28.866681836839472,8.695682618672242,93,0.43010752688172044,2.124579227753354,123.5352047401102,126.43484996239688,514,0.054474708171206226,3.878397074343396,146.93274077901498,125.50330110075316,32687,0.9992657631474287,0.02845421443959122,27.279452000321164,7.193881494775182,19738,0.9773026649103252,0.1214955824589531,29.88055440523177,11.459382451362455,0.9667653545296976,0.1702892499997688,"[""y@t"", ""avg_p_latency_1@t"", ""throughput_2@t"", ""cores_2@t+h""]",4,4,384.0,165,0.0955694105599229,4.902623414957381,7.62306211368933,"[""buffer_size_3@t"", ""rps@t+h"", ""buffer_size_2@t""]"
"n_bins=4,on_change=static",ar,2,66758,33201,0.984518538598235,0.08960801185267832,27.484429327338486,5.605282062886051,33108,0.9859550561797753,0.08134407598357872,27.187299855367613,5.250569165299234,93,0.4731182795698925,3.0315691812521326,133.26252134897024,131.88307360379267,514,0.0,5.099440313079641,173.0000735423817,149.63482758496818,32687,1.0,0.010828870211332874,25.196209511309725,3.3404310090007074,19738,0.9764413821055832,0.12724378266547703,29.150580683995464,7.802815499152584,0.9666803651420424,0.1702892499997688,"[""y@t"", ""avg_p_latency_1@t"", ""throughput_2@t"", ""cores_2@t+h""]",4,4,384.0,165,0.0955694105599229,4.902623414957381,7.62306211368933,"[""buffer_size_3@t"", ""rps@t+h"", ""buffer_size_2@t""]"
"n_bins=4,on_change=static",persistence,2,66758,33201,0.984518538598235,0.4277685868976017,27.636439767150033,4.902623414957386,33108,0.9859550561797753,0.3880761392686593,27.338268871514114,4.544641778422139,93,0.4731182795698925,14.558279942801061,133.78527861353632,132.34408602150538,514,0.0,27.631021115928547,175.34481696399834,151.77431906614785,32687,1.0,0.0,25.313739431261755,2.5930798176645213,19738,0.9764413821055832,0.6509486685027244,29.77172099515638,7.62306211368933,0.9666803651420424,0.1702892499997688,"[""y@t"", ""avg_p_latency_1@t"", ""throughput_2@t"", ""cores_2@t+h""]",4,4,384.0,165,0.0955694105599229,4.902623414957381,7.62306211368933,"[""buffer_size_3@t"", ""rps@t+h"", ""buffer_size_2@t""]"
"n_bins=4,on_change=static",model,3,99959,33201,0.9887653986325713,0.05152637023544688,24.947606727772556,5.155388797628935,33108,0.9902138455962305,0.045645745078709526,24.693956884312737,4.8348824875709875,93,0.4731182795698925,2.145028926033944,115.24695099946905,119.25563517825803,434,0.271889400921659,3.301111703556982,138.6038009338821,143.98728680832167,32767,0.9982604449598682,0.008485504893439789,23.442226672062496,3.316555711394594,18433,0.984972603482884,0.07200815271545265,24.146364782509746,7.05608929307703,0.9823384730537974,0.22956724999858125,"[""y@t"", ""throughput_2@t"", ""buffer_size_3@t"", ""rps@t+h""]",4,4,256.0,77,0.00012047829884642029,4.688894912803831,7.6735745673520315,"[""buffer_size_3@t"", ""data_quality_3@t+h"", ""buffer_size_2@t""]"
"n_bins=4,on_change=static",ar,3,99959,33201,0.9869281045751634,0.08129192582529893,25.47098496151802,5.688032649946566,33108,0.9887036365833032,0.07145148554398423,25.117072590526593,5.276864945866921,93,0.3548387096774194,3.5844886659733306,151.46378903446836,152.0637353023,434,0.0,5.295620516247061,181.54894668797985,181.9069391603517,32767,1.0,0.012227970985275591,23.40372719030661,3.35400739815312,18433,0.9797103021754462,0.11510555137702504,25.00297220346098,7.860651443895769,0.9806892945355108,0.22956724999858125,"[""y@t"", ""throughput_2@t"", ""buffer_size_3@t"", ""rps@t+h""]",4,4,256.0,77,0.00012047829884642029,4.688894912803831,7.6735745673520315,"[""buffer_size_3@t"", ""data_quality_3@t+h"", ""buffer_size_2@t""]"
"n_bins=4,on_change=static",persistence,3,99959,33201,0.9869281045751634,0.3611898185088699,25.01470865072945,4.688894912803836,33108,0.9887036365833032,0.312130056099954,24.65699293134299,4.272290685030813,93,0.3548387096774194,17.826465236082935,152.36150475230718,153.0,434,0.0,27.631021115928544,183.3724919286863,183.72811059907835,32767,1.0,0.0,22.9172545675777,2.3175145725882804,18433,0.9797103021754462,0.5606250690260552,25.243215273566907,7.6735745673520315,0.9806892945355108,0.22956724999858125,"[""y@t"", ""throughput_2@t"", ""buffer_size_3@t"", ""rps@t+h""]",4,4,256.0,77,0.00012047829884642029,4.688894912803831,7.6735745673520315,"[""buffer_size_3@t"", ""data_quality_3@t+h"", ""buffer_size_2@t""]"
"n_bins=4,on_change=static",model,4,133160,33558,0.994010370105489,0.035047649438725056,25.952806295379805,3.9313330602602385,33464,0.9952785082476692,0.028268941329701352,25.7448142696541,3.664167023053405,94,0.5425531914893617,2.4482677362511667,99.99796745373136,99.042442305893,303,0.429042904290429,2.8930058454424303,124.8000369609597,123.54898611133564,33255,0.999158021350173,0.009007615356959231,25.052168469739428,2.841447362636548,17046,0.9916109351167429,0.04406320024603079,26.948373256635048,5.621258379346301,0.987741249800129,0.3053765420008858,"[""y@t"", ""throughput_2@t"", ""avg_p_latency_3@t"", ""data_quality_3@t+h""]",4,4,576.0,155,0.0053042493593181955,3.4797365754812564,6.237240408306934,"[""buffer_size_3@t"", ""data_quality_3@t+h"", ""buffer_size_2@t"", ""rps@t+h""]"
"n_bins=4,on_change=static",ar,4,133160,33558,0.9909708564276775,0.0592680808227732,25.84753669396213,4.384597189565626,33464,0.9924097537652402,0.051439625132896315,25.594577939652932,4.086111326657744,94,0.4787234042553192,2.8461983064189416,115.90085322803807,110.64556438477173,303,0.0,5.153680312994159,167.01933450049776,164.7467273358852,33255,1.0,0.012850793005965798,24.561262307091578,2.923471781827396,17046,0.9850991434940749,0.08463104605834652,27.246007461556598,6.427573579705851,0.984789705019581,0.3053765420008858,"[""y@t"", ""throughput_2@t"", ""avg_p_latency_3@t"", ""data_quality_3@t+h""]",4,4,576.0,155,0.0053042493593181955,3.4797365754812564,6.237240408306934,"[""buffer_size_3@t"", ""data_quality_3@t+h"", ""buffer_size_2@t"", ""rps@t+h""]"
"n_bins=4,on_change=static",persistence,4,133160,33558,0.9909708564276775,0.24948445670559477,25.73409875018709,3.479736575481257,33464,0.9924097537652402,0.20972625398774358,25.478792619074554,3.177145589289984,94,0.4787234042553192,14.403404624260624,116.62308142625078,111.20212765957447,303,0.0,27.631021115928547,168.88987009938884,166.5214521452145,33255,1.0,0.0,24.42974756333374,1.9941963614494065,17046,0.9850991434940749,0.41172588076063893,27.62923355581886,6.237240408306934,0.984789705019581,0.3053765420008858,"[""y@t"", ""throughput_2@t"", ""avg_p_latency_3@t"", ""data_quality_3@t+h""]",4,4,576.0,155,0.0053042493593181955,3.4797365754812564,6.237240408306934,"[""buffer_size_3@t"", ""data_quality_3@t+h"", ""buffer_size_2@t"", ""rps@t+h""]"
"n_bins=4,on_change=static",model,5,166718,33201,0.9903617360922864,0.04585955668476139,26.414155504546414,5.0683713028002515,33108,0.9919052796907092,0.039912975025894075,26.163118588865945,4.747192454973722,93,0.44086021505376344,2.1628426272415258,115.78329748679248,119.40804112904499,427,0.36768149882903983,2.984227170998182,159.2004143525042,165.10120352580012,32774,0.9984744004393726,0.007576680889563056,24.684133763895957,2.9833643045937186,18670,0.9873058382431709,0.06276170226833856,27.469087123706515,7.165400831844719,0.9803313319601498,0.3942535419992055,"[""y@t"", ""throughput_2@t"", ""buffer_size_3@t"", ""avg_p_latency_3@t""]",4,4,256.0,102,0.0002108370229812355,4.876780819854823,8.07123727905731,"[""buffer_size_3@t"", ""buffer_size_2@t"", ""rps@t+h""]"
"n_bins=4,on_change=static",ar,5,166718,33201,0.9871389415981446,0.08058027122285617,26.92087429847728,5.640581892601171,33108,0.9886130240425275,0.07240889669619949,26.65543712042946,5.318439597148273,93,0.46236559139784944,2.9895896027126305,121.41650968350123,120.32323907383302,427,0.0,5.392207234954464,205.31181102819207,208.69301836157047,32774,1.0,0.011377100614648548,24.596686528184115,2.995088807465091,18670,0.9798071772897697,0.1166535084727435,28.439080533722013,8.181843556900521,0.9766208942501651,0.3942535419992055,"[""y@t"", ""throughput_2@t"", ""buffer_size_3@t"", ""avg_p_latency_3@t""]",4,4,256.0,102,0.0002108370229812355,4.876780819854823,8.07123727905731,"[""buffer_size_3@t"", ""buffer_size_2@t"", ""rps@t+h""]"
"n_bins=4,on_change=static",persistence,5,166718,33201,0.9871389415981446,0.3553641762748559,26.753664203719314,4.876780819854834,33108,0.9886130240425275,0.31463377312749374,26.486339804845276,4.551467923160576,93,0.46236559139784944,14.855387696735775,121.92115020287802,120.68817204301075,427,0.0,27.631021115928547,207.21598236217193,210.59718969555036,32774,1.0,0.0,24.402489191402864,2.1965277354000228,18670,0.9798071772897697,0.5579483106965755,28.7033777160116,8.07123727905731,0.9766208942501651,0.3942535419992055,"[""y@t"", ""throughput_2@t"", ""buffer_size_3@t"", ""avg_p_latency_3@t""]",4,4,256.0,102,0.0002108370229812355,4.876780819854823,8.07123727905731,"[""buffer_size_3@t"", ""buffer_size_2@t"", ""rps@t+h""]"
"n_bins=4,on_change=chain",model,1,33200,33558,0.9883783300554264,0.07055605861823118,27.417199538857105,7.167562418657073,33464,0.9896007650011953,0.06698691555751639,27.141918147414458,6.820267281214553,94,0.5531914893617021,1.3411709882327,125.41737489243992,130.80463134819394,421,0.1163895486935867,3.9212080056842025,187.3298450418592,194.44248247371553,33137,0.9994568005552705,0.021634174630097865,25.385536329853156,4.788266123181333,18713,0.9817239352321915,0.10649927140383532,27.47349934013391,10.068069044669183,0.9814671552742263,0.07509958300033759,"[""y@t"", ""throughput_2@t"", ""data_quality_2@t+h"", ""throughput_1@t""]",4,4,640.0,111,0.10888610763454318,5.184546158889088,8.675573130978464,
"n_bins=4,on_change=chain",ar,1,33200,33558,0.9874545562906013,0.07897471607095898,28.078167237638976,5.984636321853535,33464,0.988973224958164,0.07023840007388317,27.808482306688852,5.654989218319222,94,0.44680851063829785,3.189103211029941,124.08600265588127,123.33900518006905,421,0.0,5.500149362602853,216.46611195329174,221.02264637223422,33137,1.0,0.010099605886273353,25.684730151442583,3.252614647253834,18713,0.9802810880136803,0.11499427062536229,29.289568414983442,8.722673436100346,0.9808795507003509,0.07509958300033759,"[""y@t"", ""throughput_2@t"", ""data_quality_2@t+h"", ""throughput_1@t""]",4,4,640.0,111,0.10888610763454318,5.184546158889088,8.675573130978464,
"n_bins=4,on_change=chain",persistence,1,33200,33558,0.9874545562906013,0.3466434200430871,27.897811689489753,5.184546158889091,33464,0.988973224958164,0.3046810540215645,27.62604700646978,4.851362658379157,94,0.44680851063829785,15.285245723705149,124.64603884459841,123.79787234042553,421,0.0,27.631021115928547,218.25581712500048,222.81235154394298,33137,1.0,0.0,25.479345313886952,2.4196215710535087,18713,0.9802810880136803,0.5448536734771354,29.783476536827493,8.675573130978464,0.9808795507003509,0.07509958300033759,"[""y@t"", ""throughput_2@t"", ""data_quality_2@t+h"", ""throughput_1@t""]",4,4,640.0,111,0.10888610763454318,5.184546158889088,8.675573130978464,
"n_bins=4,on_change=chain",model,2,66758,33201,0.9856028432878527,0.08430707449601611,29.042971946890862,8.93087068457602,33108,0.9861966896218437,0.08233638804574006,28.866681836839472,8.695682618672242,93,0.7741935483870968,0.7858714507942886,91.80225112518332,92.65782214632081,514,0.10700389105058365,3.6394660078494345,139.83565943504743,119.53781478348192,32687,0.999418729158381,0.028402534717399005,27.3007673588616,7.191586893869083,19738,0.9773026649103252,0.1214955824589531,29.88055440523177,11.459382451362455,0.9676732765449573,0.16281166599947028,"[""y@t"", ""avg_p_latency_1@t"", ""throughput_2@t"", ""cores_2@t+h""]",4,4,384.0,165,0.0955694105599229,4.902623414957381,7.62306211368933,
"n_bins=4,on_change=chain",ar,2,66758,33201,0.984518538598235,0.08960801185267832,27.484429327338486,5.605282062886051,33108,0.9859550561797753,0.08134407598357872,27.187299855367613,5.250569165299234,93,0.4731182795698925,3.0315691812521326,133.26252134897024,131.88307360379267,514,0.0,5.099440313079641,173.0000735423817,149.63482758496818,32687,1.0,0.010828870211332874,25.196209511309725,3.3404310090007074,19738,0.9764413821055832,0.12724378266547703,29.150580683995464,7.802815499152584,0.9666803651420424,0.16281166599947028,"[""y@t"", ""avg_p_latency_1@t"", ""throughput_2@t"", ""cores_2@t+h""]",4,4,384.0,165,0.0955694105599229,4.902623414957381,7.62306211368933,
"n_bins=4,on_change=chain",persistence,2,66758,33201,0.984518538598235,0.4277685868976017,27.636439767150033,4.902623414957386,33108,0.9859550561797753,0.3880761392686593,27.338268871514114,4.544641778422139,93,0.4731182795698925,14.558279942801061,133.78527861353632,132.34408602150538,514,0.0,27.631021115928547,175.34481696399834,151.77431906614785,32687,1.0,0.0,25.313739431261755,2.5930798176645213,19738,0.9764413821055832,0.6509486685027244,29.77172099515638,7.62306211368933,0.9666803651420424,0.16281166599947028,"[""y@t"", ""avg_p_latency_1@t"", ""throughput_2@t"", ""cores_2@t+h""]",4,4,384.0,165,0.0955694105599229,4.902623414957381,7.62306211368933,
"n_bins=4,on_change=chain",model,3,99959,33201,0.9894882684256499,0.04832664611092606,24.867664638210147,5.076466302920672,33108,0.9902138455962305,0.045645745078709526,24.693956884312737,4.8348824875709875,93,0.7311827956989247,1.0027274135800115,86.7076250256894,91.08030456740843,434,0.3225806451612903,3.055938166084943,131.7810202944832,137.67771191714328,32767,0.9983214819788202,0.008490731939084771,23.45159370236547,3.320158413990571,18433,0.984972603482884,0.07200815271545265,24.146364782509746,7.05608929307703,0.9831308423570553,0.2445005419995141,"[""y@t"", ""throughput_2@t"", ""buffer_size_3@t"", ""rps@t+h""]",4,4,256.0,77,0.00012047829884642029,4.688894912803831,7.6735745673520315,
"n_bins=4,on_change=chain",ar,3,99959,33201,0.9869281045751634,0.08129192582529893,25.47098496151802,5.688032649946566,33108,0.9887036365833032,0.07145148554398423,25.117072590526593,5.276864945866921,93,0.3548387096774194,3.5844886659733306,151.46378903446836,152.0637353023,434,0.0,5.295620516247061,181.54894668797985,181.9069391603517,32767,1.0,0.012227970985275591,23.40372719030661,3.35400739815312,18433,0.9797103021754462,0.11510555137702504,25.00297220346098,7.860651443895769,0.9806892945355108,0.2445005419995141,"[""y@t"", ""throughput_2@t"", ""buffer_size_3@t"", ""rps@t+h""]",4,4,256.0,77,0.00012047829884642029,4.688894912803831,7.6735745673520315,
"n_bins=4,on_change=chain",persistence,3,99959,33201,0.9869281045751634,0.3611898185088699,25.01470865072945,4.688894912803836,33108,0.9887036365833032,0.312130056099954,24.65699293134299,4.272290685030813,93,0.3548387096774194,17.826465236082935,152.36150475230718,153.0,434,0.0,27.631021115928544,183.3724919286863,183.72811059907835,32767,1.0,0.0,22.9172545675777,2.3175145725882804,18433,0.9797103021754462,0.5606250690260552,25.243215273566907,7.6735745673520315,0.9806892945355108,0.2445005419995141,"[""y@t"", ""throughput_2@t"", ""buffer_size_3@t"", ""rps@t+h""]",4,4,256.0,77,0.00012047829884642029,4.688894912803831,7.6735745673520315,
"n_bins=4,on_change=chain",model,4,133160,33558,0.9948149472554979,0.029716376997323036,25.841292275559304,3.835323480179191,33464,0.9952785082476692,0.028268941329701352,25.7448142696541,3.664167023053405,94,0.8297872340425532,0.5450034746706428,60.187462377811976,64.76702221695923,303,0.49834983498349833,2.397853008432131,113.28638795007849,114.00455305986317,33255,0.9993384453465645,0.008139308907569706,25.044543997424306,2.831526259832049,17046,0.9916109351167429,0.04406320024603079,26.948373256635048,5.621258379346301,0.9881809816607872,0.32380579200071224,"[""y@t"", ""throughput_2@t"", ""avg_p_latency_3@t"", ""data_quality_3@t+h""]",4,4,576.0,155,0.0053042493593181955,3.4797365754812564,6.237240408306934,
"n_bins=4,on_change=chain",ar,4,133160,33558,0.9909708564276775,0.0592680808227732,25.84753669396213,4.384597189565626,33464,0.9924097537652402,0.051439625132896315,25.594577939652932,4.086111326657744,94,0.4787234042553192,2.8461983064189416,115.90085322803807,110.64556438477173,303,0.0,5.153680312994159,167.01933450049776,164.7467273358852,33255,1.0,0.012850793005965798,24.561262307091578,2.923471781827396,17046,0.9850991434940749,0.08463104605834652,27.246007461556598,6.427573579705851,0.984789705019581,0.32380579200071224,"[""y@t"", ""throughput_2@t"", ""avg_p_latency_3@t"", ""data_quality_3@t+h""]",4,4,576.0,155,0.0053042493593181955,3.4797365754812564,6.237240408306934,
"n_bins=4,on_change=chain",persistence,4,133160,33558,0.9909708564276775,0.24948445670559477,25.73409875018709,3.479736575481257,33464,0.9924097537652402,0.20972625398774358,25.478792619074554,3.177145589289984,94,0.4787234042553192,14.403404624260624,116.62308142625078,111.20212765957447,303,0.0,27.631021115928547,168.88987009938884,166.5214521452145,33255,1.0,0.0,24.42974756333374,1.9941963614494065,17046,0.9850991434940749,0.41172588076063893,27.62923355581886,6.237240408306934,0.984789705019581,0.32380579200071224,"[""y@t"", ""throughput_2@t"", ""avg_p_latency_3@t"", ""data_quality_3@t+h""]",4,4,576.0,155,0.0053042493593181955,3.4797365754812564,6.237240408306934,
"n_bins=4,on_change=chain",model,5,166718,33201,0.9915062799313273,0.041797384299500175,26.30631949410646,4.965881876436765,33108,0.9919052796907092,0.039912975025894075,26.163118588865945,4.747192454973722,93,0.8494623655913979,0.712647085703272,77.28584175973022,82.81931591728004,427,0.4449648711943794,2.6838946023289103,149.6006265068619,156.86583531173912,32774,0.9986269603954354,0.0073745029881387885,24.699964789326863,2.9868350674761834,18670,0.9873058382431709,0.06276170226833856,27.469087123706515,7.165400831844719,0.9810542218722145,0.37176170900056604,"[""y@t"", ""throughput_2@t"", ""buffer_size_3@t"", ""avg_p_latency_3@t""]",4,4,256.0,102,0.0002108370229812355,4.876780819854823,8.07123727905731,
"n_bins=4,on_change=chain",ar,5,166718,33201,0.9871389415981446,0.08058027122285617,26.92087429847728,5.640581892601171,33108,0.9886130240425275,0.07240889669619949,26.65543712042946,5.318439597148273,93,0.46236559139784944,2.9895896027126305,121.41650968350123,120.32323907383302,427,0.0,5.392207234954464,205.31181102819207,208.69301836157047,32774,1.0,0.011377100614648548,24.596686528184115,2.995088807465091,18670,0.9798071772897697,0.1166535084727435,28.439080533722013,8.181843556900521,0.9766208942501651,0.37176170900056604,"[""y@t"", ""throughput_2@t"", ""buffer_size_3@t"", ""avg_p_latency_3@t""]",4,4,256.0,102,0.0002108370229812355,4.876780819854823,8.07123727905731,
"n_bins=4,on_change=chain",persistence,5,166718,33201,0.9871389415981446,0.3553641762748559,26.753664203719314,4.876780819854834,33108,0.9886130240425275,0.31463377312749374,26.486339804845276,4.551467923160576,93,0.46236559139784944,14.855387696735775,121.92115020287802,120.68817204301075,427,0.0,27.631021115928547,207.21598236217193,210.59718969555036,32774,1.0,0.0,24.402489191402864,2.1965277354000228,18670,0.9798071772897697,0.5579483106965755,28.7033777160116,8.07123727905731,0.9766208942501651,0.37176170900056604,"[""y@t"", ""throughput_2@t"", ""buffer_size_3@t"", ""avg_p_latency_3@t""]",4,4,256.0,102,0.0002108370229812355,4.876780819854823,8.07123727905731,
n_bins=10,model,1,33200,33558,0.9364980034567019,0.3140770255049671,12.763905312474593,6.056325175554378,33464,0.9385608415013148,0.2964544502578388,12.454455253382202,5.72545424112151,94,0.20212765957446807,6.587713813482629,122.92812634936617,123.8463778336551,2701,0.2950758978156238,3.4953476672453,48.93758590445979,44.39656522418698,30857,0.9926434844605762,0.03561145842648765,9.597521306286303,2.7002961263481473,18713,0.8961684390530648,0.5087840762253324,13.702109152961514,8.965960741795623,0.908251536582398,0.08705987500070478,"[""y@t"", ""throughput_2@t"", ""buffer_size_3@t""]",3,10,1000.0,156,0.1322784432922105,5.184546158889088,8.675573130978464,
n_bins=10,ar,1,33200,33558,0.919512485845402,0.42857420871825874,13.935799437778808,6.499115218943641,33464,0.9215873774802773,0.4154244186315729,13.629082137551833,6.170845764491568,94,0.18085106382978725,5.109899479578389,123.12715831858242,123.36304100388159,2701,0.0,4.726903555003183,57.71214213555326,44.53293937683379,30857,1.0,0.05232935133369179,10.103933033828692,3.1699076144953375,18713,0.8597766258750601,0.7108060925517409,15.425188689245024,9.250849342396215,0.8836493679575176,0.08705987500070478,"[""y@t"", ""throughput_2@t"", ""buffer_size_3@t""]",3,10,1000.0,156,0.1322784432922105,5.184546158889088,8.675573130978464,
n_bins=10,persistence,1,33200,33558,0.919512485845402,2.2239522031742953,13.215576200824652,5.184546158889093,33464,0.9215873774802773,2.1666208285977917,12.905891680200845,4.851362658379158,94,0.18085106382978725,22.63392155240955,123.46326554290002,123.79787234042553,2701,0.0,27.631021115928544,59.06715388457751,45.137726767863754,30857,1.0,0.0,9.202058641638194,1.6873318857957729,18713,0.8597766258750601,3.8745150113929623,15.084372133458253,8.675573130978464,0.8836493679575176,0.08705987500070478,"[""y@t"", ""throughput_2@t"", ""buffer_size_3@t""]",3,10,1000.0,156,0.1322784432922105,5.184546158889088,8.675573130978464,
n_bins=10,model,2,66758,33201,0.9270202704737809,0.24540696865253647,13.148940576385098,7.7697952803014525,33108,0.9289899722121542,0.23406611405928265,12.821783905103889,7.429310762517134,93,0.22580645161290322,4.282751203850895,129.616715552496,128.98228361151862,2534,0.39463299131807417,2.2076666050100795,43.971052461703245,46.335285463484745,30667,0.9710111846610363,0.08326636414182416,10.602123753174606,4.583146696345197,19738,0.894315533488702,0.3544574624360156,12.69082724267627,10.107108917305931,0.9028272264261339,0.1946734169996489,"[""y@t"", ""data_quality_1@t+h"", ""throughput_2@t"", ""data_quality_1@t""]",4,10,10000.0,442,0.06162464985994398,4.902623414957381,7.62306211368933,
n_bins=10,ar,2,66758,33201,0.9236769976807927,0.34827491815605843,13.583747340086223,6.3103730567827325,33108,0.9256373082034554,0.3361097694842863,13.250020277172915,5.957921834990841,93,0.22580645161290322,4.679067845306953,132.39058173722378,131.78300801469592,2534,0.0,3.6641486971630317,54.13175951285831,41.29168663960405,30667,1.0,0.07428580425500292,10.233283882760615,3.4198833245340867,19738,0.8752659843955821,0.527111530250653,14.223833071196749,8.399739632267263,0.9044400983615895,0.1946734169996489,"[""y@t"", ""data_quality_1@t+h"", ""throughput_2@t"", ""data_quality_1@t""]",4,10,10000.0,442,0.06162464985994398,4.902623414957381,7.62306211368933,
n_bins=10,persistence,2,66758,33201,0.9236769976807927,2.108882488713079,13.052425577143834,4.902623414957391,33108,0.9256373082034554,2.0547171072676114,12.715477384683718,4.544641778422144,93,0.22580645161290322,21.391758283299517,133.00598209294583,132.34408602150538,2534,0.0,27.631021115928544,55.67658199158882,41.73164956590371,30667,1.0,0.0,9.530411283140392,1.8594580493690398,19738,0.8752659843955821,3.446528219040231,13.759000035025334,7.62306211368933,0.9044400983615895,0.1946734169996489,"[""y@t"", ""data_quality_1@t+h"", ""throughput_2@t"", ""data_quality_1@t""]",4,10,10000.0,442,0.06162464985994398,4.902623414957381,7.62306211368933,
n_bins=10,model,3,99959,33201,0.9419595795307371,0.2575290162686762,13.79463627085898,7.27124904503205,33108,0.9440920623414281,0.24067714407823113,13.404556260466121,6.869248589865652,93,0.1827956989247312,6.256795516067132,152.66311997071688,150.3834110842695,1972,0.19574036511156187,3.103309122871343,53.658629933319126,50.41810870219721,31229,0.9890806622050018,0.07782814943911205,11.27736720997418,4.546678701955752,18433,0.9147181685021429,0.3760360861799502,13.81241239930065,9.192815531115745,0.8516181516540987,0.29904999999962456,"[""y@t"", ""data_quality_1@t"", ""buffer_size_2@t"", ""throughput_2@t""]",4,10,10000.0,780,0.11602060178910274,4.688894912803831,7.6735745673520315,
n_bins=10,ar,3,99959,33201,0.9406041986687148,0.28324868548674714,13.029738801872464,6.491692508778059,33108,0.9427026700495349,0.26986326673269695,12.634323782158756,6.084051038394343,93,0.1935483870967742,5.048457761928604,153.79748581995182,151.6120559653807,1972,0.0,3.681823762970325,61.033577474233525,51.03448839019082,31229,1.0,0.068640787289635,9.998467552011887,3.678973770485255,18433,0.8970867465957794,0.43631625899487814,13.333266601668784,8.391300774472446,0.869816564548308,0.29904999999962456,"[""y@t"", ""data_quality_1@t"", ""buffer_size_2@t"", ""throughput_2@t""]",4,10,10000.0,780,0.11602060178910274,4.688894912803831,7.6735745673520315,
n_bins=10,persistence,3,99959,33201,0.9406041986687148,1.6411666407822385,12.819021815133235,4.688894912803836,33108,0.9427026700495349,1.5831837337476273,12.418488268999218,4.272290685030813,93,0.1935483870967742,22.283081545103663,155.40896423884416,153.0,1972,0.0,27.631021115928547,63.21469639662777,52.13133874239351,31229,1.0,0.0,9.63671465593162,1.6930737455570204,18433,0.8970867465957794,2.8435982779209272,13.786298730666399,7.6735745673520315,0.869816564548308,0.29904999999962456,"[""y@t"", ""data_quality_1@t"", ""buffer_size_2@t"", ""throughput_2@t""]",4,10,10000.0,780,0.11602060178910274,4.688894912803831,7.6735745673520315,
n_bins=10,model,4,133160,33558,0.9564634364384051,0.1736114998167018,12.928634572664137,5.590099000301879,33464,0.9582835285680134,0.15953260926358143,12.654669786214022,5.294850274818665,94,0.30851063829787234,5.185696536727557,110.46009854890556,110.69864527232602,2489,0.47167537163519485,1.803516824862782,29.904527900745567,35.22322306928419,31069,0.9953007821300975,0.04303651014726621,11.568661657745901,3.216129905458241,17046,0.9235011146309985,0.27346175802426254,13.119847263884408,7.906573221483231,0.8677959429810205,0.3775424999985262,"[""y@t"", ""throughput_2@t"", ""data_quality_3@t+h"", ""buffer_size_3@t""]",4,10,9000.0,732,0.061118064246975384,3.4797365754812564,6.237240408306934,
n_bins=10,ar,4,133160,33558,0.9258299064306573,0.31556199497715653,13.822111387285021,4.966362331090939,33464,0.9276237150370548,0.3046449661573449,13.549637274260553,4.6689480014446065,94,0.2872340425531915,4.2020242548300955,110.82289562399484,110.8458636851851,2489,0.0,3.4727990751037146,39.36431415544152,29.379727090430567,31069,1.0,0.06262939037337133,11.775874215507956,3.010558639758861,17046,0.8579138800891705,0.5462567690132858,14.713889596892855,6.758186900179862,0.8508292085157517,0.3775424999985262,"[""y@t"", ""throughput_2@t"", ""data_quality_3@t+h"", ""buffer_size_3@t""]",4,10,9000.0,732,0.061118064246975384,3.4797365754812564,6.237240408306934,
n_bins=10,persistence,4,133160,33558,0.9258299064306573,2.0493954215849026,13.593333706507003,3.4797365754812697,33464,0.9276237150370548,1.999830658103602,13.317577780854547,3.1771455892899967,94,0.2872340425531915,19.694451220927792,111.7624432387814,111.20212765957447,2489,0.0,27.63102111592855,41.37933657231266,29.579349136199276,31069,1.0,0.0,11.36734120166326,1.3888441855225613,17046,0.8579138800891705,3.925984579536486,14.789506929639751,6.237240408306934,0.8508292085157517,0.3775424999985262,"[""y@t"", ""throughput_2@t"", ""data_quality_3@t+h"", ""buffer_size_3@t""]",4,10,9000.0,732,0.061118064246975384,3.4797365754812564,6.237240408306934,
n_bins=10,model,5,166718,33201,0.954850757507304,0.18730488099397768,13.660566478580236,6.4182877524891655,33108,0.9568080222302767,0.1761140399027838,13.371478599206181,6.113420595205177,93,0.25806451612903225,4.171244309459003,116.57585153574436,114.95099574558907,2000,0.394,2.4334137810270886,50.55603953769541,52.53271847556102,31201,0.9908015768725361,0.04332815588689069,11.295547853592888,3.4623292432701116,18670,0.931494376004285,0.27755772043851834,13.623249352507315,8.181135964141369,0.7844232311156365,0.47279245800018543,"[""y@t"", ""throughput_2@t"", ""data_quality_2@t+h"", ""data_quality_2@t""]",4,10,10000.0,560,0.011806873286949189,4.876780819854823,8.07123727905731,
n_bins=10,ar,5,166718,33201,0.9397608505767898,0.2941188680047986,14.237579600290546,6.481127069220482,33108,0.9416757279207443,0.28268288598276514,13.934031864660353,6.1634097405012565,93,0.25806451612903225,4.365328467848677,122.30057348463923,119.58849609326472,2000,0.0,3.853643595381201,64.65351209058157,55.57169989338175,31201,1.0,0.06595151904954696,11.005892635751524,3.3343963346824057,18670,0.8965720407070166,0.457887958472139,15.797015605741892,8.85138711153113,0.7752941726690848,0.47279245800018543,"[""y@t"", ""throughput_2@t"", ""data_quality_2@t+h"", ""data_quality_2@t""]",4,10,10000.0,560,0.011806873286949189,4.876780819854823,8.07123727905731,
n_bins=10,persistence,5,166718,33201,0.9397608505767898,1.6644692097182947,13.566081443738328,4.876780819854831,33108,0.9416757279207443,1.611559193393078,13.257166126683606,4.5514679231605735,93,0.25806451612903225,20.500435021495374,123.53993431521938,120.68817204301075,2000,0.0,27.631021115928547,66.71928703569134,56.4135,31201,1.0,0.0,10.158933878470997,1.5732508573443247,18670,0.8965720407070166,2.8578201272018227,15.317202208164895,8.07123727905731,0.7752941726690848,0.47279245800018543,"[""y@t"", ""throughput_2@t"", ""data_quality_2@t+h"", ""data_quality_2@t""]",4,10,10000.0,560,0.011806873286949189,4.876780819854823,8.07123727905731,
"n_bins=10,on_change=static",model,1,33200,33558,0.9364682043029978,0.3079066760133974,12.769506169300383,6.065099960899791,33464,0.9385608415013148,0.2964544502578388,12.454455253382202,5.72545424112151,94,0.19148936170212766,4.384899044992236,124.92763223617354,126.97897620196744,2701,0.2976675305442429,3.412562419407971,48.73116707382319,44.199454484624034,30857,0.9923842240010371,0.03614742647816247,9.621680842693259,2.7270926507731037,18713,0.8961684390530648,0.5087840762253324,13.702109152961514,8.965960741795623,0.9083904462488928,0.09128954099833209,"[""y@t"", ""throughput_2@t"", ""buffer_size_3@t""]",3,10,1000.0,156,0.1322784432922105,5.184546158889088,8.675573130978464,"[""buffer_size_3@t""]"
"n_bins=10,on_change=static",ar,1,33200,33558,0.919512485845402,0.42857420871825874,13.935799437778808,6.499115218943641,33464,0.9215873774802773,0.4154244186315729,13.629082137551833,6.170845764491568,94,0.18085106382978725,5.109899479578389,123.12715831858242,123.36304100388159,2701,0.0,4.726903555003183,57.71214213555326,44.53293937683379,30857,1.0,0.05232935133369179,10.103933033828692,3.1699076144953375,18713,0.8597766258750601,0.7108060925517409,15.425188689245024,9.250849342396215,0.8836493679575176,0.09128954099833209,"[""y@t"", ""throughput_2@t"", ""buffer_size_3@t""]",3,10,1000.0,156,0.1322784432922105,5.184546158889088,8.675573130978464,"[""buffer_size_3@t""]"
"n_bins=10,on_change=static",persistence,1,33200,33558,0.919512485845402,2.2239522031742953,13.215576200824652,5.184546158889093,33464,0.9215873774802773,2.1666208285977917,12.905891680200845,4.851362658379158,94,0.18085106382978725,22.63392155240955,123.46326554290002,123.79787234042553,2701,0.0,27.631021115928544,59.06715388457751,45.137726767863754,30857,1.0,0.0,9.202058641638194,1.6873318857957729,18713,0.8597766258750601,3.8745150113929623,15.084372133458253,8.675573130978464,0.8836493679575176,0.09128954099833209,"[""y@t"", ""throughput_2@t"", ""buffer_size_3@t""]",3,10,1000.0,156,0.1322784432922105,5.184546158889088,8.675573130978464,"[""buffer_size_3@t""]"
"n_bins=10,on_change=static",model,2,66758,33201,0.9272612270714737,0.24510333633762907,13.135195103782918,7.761750146693682,33108,0.9289899722121542,0.23406611405928265,12.821783905103889,7.429310762517134,93,0.3118279569892473,4.174354467428956,124.70958183351765,126.11017091354472,2534,0.39818468823993686,2.200712633326247,43.63114044302598,45.99815818950833,30667,0.9709785763198227,0.0835122462874397,10.6153292711406,4.602293467511098,19738,0.894315533488702,0.3544574624360156,12.69082724267627,10.107108917305931,0.90309674572653,0.185977291999734,"[""y@t"", ""data_quality_1@t+h"", ""throughput_2@t"", ""data_quality_1@t""]",4,10,10000.0,442,0.06162464985994398,4.902623414957381,7.62306211368933,"[""buffer_size_3@t"", ""rps@t+h""]"
"n_bins=10,on_change=static",ar,2,66758,33201,0.9236769976807927,0.34827491815605843,13.583747340086223,6.3103730567827325,33108,0.9256373082034554,0.3361097694842863,13.250020277172915,5.957921834990841,93,0.22580645161290322,4.679067845306953,132.39058173722378,131.78300801469592,2534,0.0,3.6641486971630317,54.13175951285831,41.29168663960405,30667,1.0,0.07428580425500292,10.233283882760615,3.4198833245340867,19738,0.8752659843955821,0.527111530250653,14.223833071196749,8.399739632267263,0.9044400983615895,0.185977291999734,"[""y@t"", ""data_quality_1@t+h"", ""throughput_2@t"", ""data_quality_1@t""]",4,10,10000.0,442,0.06162464985994398,4.902623414957381,7.62306211368933,"[""buffer_size_3@t"", ""rps@t+h""]"
"n_bins=10,on_change=static",persistence,2,66758,33201,0.9236769976807927,2.108882488713079,13.052425577143834,4.902623414957391,33108,0.9256373082034554,2.0547171072676114,12.715477384683718,4.544641778422144,93,0.22580645161290322,21.391758283299517,133.00598209294583,132.34408602150538,2534,0.0,27.631021115928544,55.67658199158882,41.73164956590371,30667,1.0,0.0,9.530411283140392,1.8594580493690398,19738,0.8752659843955821,3.446528219040231,13.759000035025334,7.62306211368933,0.9044400983615895,0.185977291999734,"[""y@t"", ""data_quality_1@t+h"", ""throughput_2@t"", ""data_quality_1@t""]",4,10,10000.0,442,0.06162464985994398,4.902623414957381,7.62306211368933,"[""buffer_size_3@t"", ""rps@t+h""]"
"n_bins=10,on_change=static",model,3,99959,33201,0.9418391012318906,0.25444116915691906,13.78324707542972,7.263794849424513,33108,0.9440920623414281,0.24067714407823113,13.404556260466121,6.869248589865652,93,0.13978494623655913,5.154434097169819,148.59717720247082,147.7222632523792,1972,0.19574036511156187,3.047333221706022,53.36099735787103,50.11687778157896,31229,0.9889525761311602,0.0780799943633992,11.284053263364836,4.557775459043503,18433,0.9147181685021429,0.3760360861799502,13.81241239930065,9.192815531115745,0.8513472480924446,0.2707716659988364,"[""y@t"", ""data_quality_1@t"", ""buffer_size_2@t"", ""throughput_2@t""]",4,10,10000.0,780,0.11602060178910274,4.688894912803831,7.6735745673520315,"[""buffer_size_3@t"", ""buffer_size_2@t""]"
"n_bins=10,on_change=static",ar,3,99959,33201,0.9406041986687148,0.28324868548674714,13.029738801872464,6.491692508778059,33108,0.9427026700495349,0.26986326673269695,12.634323782158756,6.084051038394343,93,0.1935483870967742,5.048457761928604,153.79748581995182,151.6120559653807,1972,0.0,3.681823762970325,61.033577474233525,51.03448839019082,31229,1.0,0.068640787289635,9.998467552011887,3.678973770485255,18433,0.8970867465957794,0.43631625899487814,13.333266601668784,8.391300774472446,0.869816564548308,0.2707716659988364,"[""y@t"", ""data_quality_1@t"", ""buffer_size_2@t"", ""throughput_2@t""]",4,10,10000.0,780,0.11602060178910274,4.688894912803831,7.6735745673520315,"[""buffer_size_3@t"", ""buffer_size_2@t""]"
"n_bins=10,on_change=static",persistence,3,99959,33201,0.9406041986687148,1.6411666407822385,12.819021815133235,4.688894912803836,33108,0.9427026700495349,1.5831837337476273,12.418488268999218,4.272290685030813,93,0.1935483870967742,22.283081545103663,155.40896423884416,153.0,1972,0.0,27.631021115928547,63.21469639662777,52.13133874239351,31229,1.0,0.0,9.63671465593162,1.6930737455570204,18433,0.8970867465957794,2.8435982779209272,13.786298730666399,7.6735745673520315,0.869816564548308,0.2707716659988364,"[""y@t"", ""data_quality_1@t"", ""buffer_size_2@t"", ""throughput_2@t""]",4,10,10000.0,780,0.11602060178910274,4.688894912803831,7.6735745673520315,"[""buffer_size_3@t"", ""buffer_size_2@t""]"
"n_bins=10,on_change=static",model,4,133160,33558,0.956344239823589,0.1706666243485368,12.899052080760399,5.569733035987163,33464,0.9582835285680134,0.15953260926358143,12.654669786214022,5.294850274818665,94,0.26595744680851063,4.134375994592659,99.89914893927069,103.42799601197244,2489,0.47408597830453997,1.7457884488729558,29.189396242029243,34.54078121111369,31069,0.994978917892433,0.044480450952506086,11.593999886695634,3.248804170948381,17046,0.9235011146309985,0.27346175802426254,13.119847263884408,7.906573221483231,0.867753476604722,0.3588927919990965,"[""y@t"", ""throughput_2@t"", ""data_quality_3@t+h"", ""buffer_size_3@t""]",4,10,9000.0,732,0.061118064246975384,3.4797365754812564,6.237240408306934,"[""buffer_size_3@t"", ""data_quality_3@t+h""]"
"n_bins=10,on_change=static",ar,4,133160,33558,0.9258299064306573,0.31556199497715653,13.822111387285021,4.966362331090939,33464,0.9276237150370548,0.3046449661573449,13.549637274260553,4.6689480014446065,94,0.2872340425531915,4.2020242548300955,110.82289562399484,110.8458636851851,2489,0.0,3.4727990751037146,39.36431415544152,29.379727090430567,31069,1.0,0.06262939037337133,11.775874215507956,3.010558639758861,17046,0.8579138800891705,0.5462567690132858,14.713889596892855,6.758186900179862,0.8508292085157517,0.3588927919990965,"[""y@t"", ""throughput_2@t"", ""data_quality_3@t+h"", ""buffer_size_3@t""]",4,10,9000.0,732,0.061118064246975384,3.4797365754812564,6.237240408306934,"[""buffer_size_3@t"", ""data_quality_3@t+h""]"
"n_bins=10,on_change=static",persistence,4,133160,33558,0.9258299064306573,2.0493954215849026,13.593333706507003,3.4797365754812697,33464,0.9276237150370548,1.999830658103602,13.317577780854547,3.1771455892899967,94,0.2872340425531915,19.694451220927792,111.7624432387814,111.20212765957447,2489,0.0,27.63102111592855,41.37933657231266,29.579349136199276,31069,1.0,0.0,11.36734120166326,1.3888441855225613,17046,0.8579138800891705,3.925984579536486,14.789506929639751,6.237240408306934,0.8508292085157517,0.3588927919990965,"[""y@t"", ""throughput_2@t"", ""data_quality_3@t+h"", ""buffer_size_3@t""]",4,10,9000.0,732,0.061118064246975384,3.4797365754812564,6.237240408306934,"[""buffer_size_3@t"", ""data_quality_3@t+h""]"
"n_bins=10,on_change=static",model,5,166718,33201,0.9547302792084575,0.18731257024323975,13.65330687406836,6.413835016380937,33108,0.9568080222302767,0.1761140399027838,13.371478599206181,6.113420595205177,93,0.21505376344086022,4.173989371445556,113.98417272500437,113.36136895495122,2000,0.395,2.4286759384422,50.217431045428455,52.21487939526201,31201,0.990609275343739,0.043640036145040306,11.30952788164119,3.477964731525896,18670,0.931494376004285,0.27755772043851834,13.623249352507315,8.181135964141369,0.7842181395380863,0.4254517499994108,"[""y@t"", ""throughput_2@t"", ""data_quality_2@t+h"", ""data_quality_2@t""]",4,10,10000.0,560,0.011806873286949189,4.876780819854823,8.07123727905731,"[""buffer_size_3@t"", ""buffer_size_2@t""]"
"n_bins=10,on_change=static",ar,5,166718,33201,0.9397608505767898,0.2941188680047986,14.237579600290546,6.481127069220482,33108,0.9416757279207443,0.28268288598276514,13.934031864660353,6.1634097405012565,93,0.25806451612903225,4.365328467848677,122.30057348463923,119.58849609326472,2000,0.0,3.853643595381201,64.65351209058157,55.57169989338175,31201,1.0,0.06595151904954696,11.005892635751524,3.3343963346824057,18670,0.8965720407070166,0.457887958472139,15.797015605741892,8.85138711153113,0.7752941726690848,0.4254517499994108,"[""y@t"", ""throughput_2@t"", ""data_quality_2@t+h"", ""data_quality_2@t""]",4,10,10000.0,560,0.011806873286949189,4.876780819854823,8.07123727905731,"[""buffer_size_3@t"", ""buffer_size_2@t""]"
"n_bins=10,on_change=static",persistence,5,166718,33201,0.9397608505767898,1.6644692097182947,13.566081443738328,4.876780819854831,33108,0.9416757279207443,1.611559193393078,13.257166126683606,4.5514679231605735,93,0.25806451612903225,20.500435021495374,123.53993431521938,120.68817204301075,2000,0.0,27.631021115928547,66.71928703569134,56.4135,31201,1.0,0.0,10.158933878470997,1.5732508573443247,18670,0.8965720407070166,2.8578201272018227,15.317202208164895,8.07123727905731,0.7752941726690848,0.4254517499994108,"[""y@t"", ""throughput_2@t"", ""data_quality_2@t+h"", ""data_quality_2@t""]",4,10,10000.0,560,0.011806873286949189,4.876780819854823,8.07123727905731,"[""buffer_size_3@t"", ""buffer_size_2@t""]"
"n_bins=10,on_change=chain",model,1,33200,33558,0.9369747899159664,0.30143017022745483,12.784308316240804,6.079658328925839,33464,0.9385608415013148,0.2964544502578388,12.454455253382202,5.72545424112151,94,0.3723404255319149,2.0727864794107624,130.21199869390335,132.1763135872667,2701,0.30433172898926325,3.325422541971972,48.5328748142383,43.98549620904311,30857,0.9923518164435946,0.036731612490735754,9.655135742397226,2.761653723351844,18713,0.8961684390530648,0.5087840762253324,13.702109152961514,8.965960741795623,0.9082899209278402,0.08346312499998021,"[""y@t"", ""throughput_2@t"", ""buffer_size_3@t""]",3,10,1000.0,156,0.1322784432922105,5.184546158889088,8.675573130978464,
"n_bins=10,on_change=chain",ar,1,33200,33558,0.919512485845402,0.42857420871825874,13.935799437778808,6.499115218943641,33464,0.9215873774802773,0.4154244186315729,13.629082137551833,6.170845764491568,94,0.18085106382978725,5.109899479578389,123.12715831858242,123.36304100388159,2701,0.0,4.726903555003183,57.71214213555326,44.53293937683379,30857,1.0,0.05232935133369179,10.103933033828692,3.1699076144953375,18713,0.8597766258750601,0.7108060925517409,15.425188689245024,9.250849342396215,0.8836493679575176,0.08346312499998021,"[""y@t"", ""throughput_2@t"", ""buffer_size_3@t""]",3,10,1000.0,156,0.1322784432922105,5.184546158889088,8.675573130978464,
"n_bins=10,on_change=chain",persistence,1,33200,33558,0.919512485845402,2.2239522031742953,13.215576200824652,5.184546158889093,33464,0.9215873774802773,2.1666208285977917,12.905891680200845,4.851362658379158,94,0.18085106382978725,22.63392155240955,123.46326554290002,123.79787234042553,2701,0.0,27.631021115928544,59.06715388457751,45.137726767863754,30857,1.0,0.0,9.202058641638194,1.6873318857957729,18713,0.8597766258750601,3.8745150113929623,15.084372133458253,8.675573130978464,0.8836493679575176,0.08346312499998021,"[""y@t"", ""throughput_2@t"", ""buffer_size_3@t""]",3,10,1000.0,156,0.1322784432922105,5.184546158889088,8.675573130978464,
"n_bins=10,on_change=chain",model,2,66758,33201,0.9278033794162827,0.23768745402662791,13.080085746471863,7.706577085772526,33108,0.9289899722121542,0.23406611405928265,12.821783905103889,7.429310762517134,93,0.5053763440860215,1.5268844824015484,105.03554127347077,106.41338816469163,2534,0.4080505130228887,2.0955534451116535,42.442031277411104,44.87740507169448,30667,0.9707503179313268,0.0841728480524715,10.653921792534403,4.635168792938982,19738,0.894315533488702,0.3544574624360156,12.69082724267627,10.107108917305931,0.9032138061055097,0.1758774589998211,"[""y@t"", ""data_quality_1@t+h"", ""throughput_2@t"", ""data_quality_1@t""]",4,10,10000.0,442,0.06162464985994398,4.902623414957381,7.62306211368933,
"n_bins=10,on_change=chain",ar,2,66758,33201,0.9236769976807927,0.34827491815605843,13.583747340086223,6.3103730567827325,33108,0.9256373082034554,0.3361097694842863,13.250020277172915,5.957921834990841,93,0.22580645161290322,4.679067845306953,132.39058173722378,131.78300801469592,2534,0.0,3.6641486971630317,54.13175951285831,41.29168663960405,30667,1.0,0.07428580425500292,10.233283882760615,3.4198833245340867,19738,0.8752659843955821,0.527111530250653,14.223833071196749,8.399739632267263,0.9044400983615895,0.1758774589998211,"[""y@t"", ""data_quality_1@t+h"", ""throughput_2@t"", ""data_quality_1@t""]",4,10,10000.0,442,0.06162464985994398,4.902623414957381,7.62306211368933,
"n_bins=10,on_change=chain",persistence,2,66758,33201,0.9236769976807927,2.108882488713079,13.052425577143834,4.902623414957391,33108,0.9256373082034554,2.0547171072676114,12.715477384683718,4.544641778422144,93,0.22580645161290322,21.391758283299517,133.00598209294583,132.34408602150538,2534,0.0,27.631021115928544,55.67658199158882,41.73164956590371,30667,1.0,0.0,9.530411283140392,1.8594580493690398,19738,0.8752659843955821,3.446528219040231,13.759000035025334,7.62306211368933,0.9044400983615895,0.1758774589998211,"[""y@t"", ""data_quality_1@t+h"", ""throughput_2@t"", ""data_quality_1@t""]",4,10,10000.0,442,0.06162464985994398,4.902623414957381,7.62306211368933,
"n_bins=10,on_change=chain",model,3,99959,33201,0.9429234059215084,0.24532698580623377,13.668174244360289,7.143768940217907,33108,0.9440920623414281,0.24067714407823113,13.404556260466121,6.869248589865652,93,0.5268817204301075,1.9006706409751792,107.51617651068362,104.87301366562085,1972,0.2165314401622718,2.879791259560603,50.93552682640658,47.65855664144439,31229,0.9887924685388582,0.07896996035413427,11.314873809130365,4.585404556253687,18433,0.9147181685021429,0.3760360861799502,13.81241239930065,9.192815531115745,0.8525521852345648,0.2735432919998857,"[""y@t"", ""data_quality_1@t"", ""buffer_size_2@t"", ""throughput_2@t""]",4,10,10000.0,780,0.11602060178910274,4.688894912803831,7.6735745673520315,
"n_bins=10,on_change=chain",ar,3,99959,33201,0.9406041986687148,0.28324868548674714,13.029738801872464,6.491692508778059,33108,0.9427026700495349,0.26986326673269695,12.634323782158756,6.084051038394343,93,0.1935483870967742,5.048457761928604,153.79748581995182,151.6120559653807,1972,0.0,3.681823762970325,61.033577474233525,51.03448839019082,31229,1.0,0.068640787289635,9.998467552011887,3.678973770485255,18433,0.8970867465957794,0.43631625899487814,13.333266601668784,8.391300774472446,0.869816564548308,0.2735432919998857,"[""y@t"", ""data_quality_1@t"", ""buffer_size_2@t"", ""throughput_2@t""]",4,10,10000.0,780,0.11602060178910274,4.688894912803831,7.6735745673520315,
"n_bins=10,on_change=chain",persistence,3,99959,33201,0.9406041986687148,1.6411666407822385,12.819021815133235,4.688894912803836,33108,0.9427026700495349,1.5831837337476273,12.418488268999218,4.272290685030813,93,0.1935483870967742,22.283081545103663,155.40896423884416,153.0,1972,0.0,27.631021115928547,63.21469639662777,52.13133874239351,31229,1.0,0.0,9.63671465593162,1.6930737455570204,18433,0.8970867465957794,2.8435982779209272,13.786298730666399,7.6735745673520315,0.869816564548308,0.2735432919998857,"[""y@t"", ""data_quality_1@t"", ""buffer_size_2@t"", ""throughput_2@t""]",4,10,10000.0,780,0.11602060178910274,4.688894912803831,7.6735745673520315,
"n_bins=10,on_change=chain",model,4,133160,33558,0.9575064068180463,0.1625884689970394,12.8115470502561,5.47628886192763,33464,0.9582835285680134,0.15953260926358143,12.654669786214022,5.294850274818665,94,0.6808510638297872,1.2504745341080945,68.65985304923649,70.0684258727192,2489,0.48654077942948976,1.650589249527655,28.096016286037813,33.43445478886939,31069,0.9952364092825646,0.0433817374401595,11.587077517028103,3.2365040284229134,17046,0.9235011146309985,0.27346175802426254,13.119847263884408,7.906573221483231,0.8680462048358348,0.35036383400074556,"[""y@t"", ""throughput_2@t"", ""data_quality_3@t+h"", ""buffer_size_3@t""]",4,10,9000.0,732,0.061118064246975384,3.4797365754812564,6.237240408306934,
"n_bins=10,on_change=chain",ar,4,133160,33558,0.9258299064306573,0.31556199497715653,13.822111387285021,4.966362331090939,33464,0.9276237150370548,0.3046449661573449,13.549637274260553,4.6689480014446065,94,0.2872340425531915,4.2020242548300955,110.82289562399484,110.8458636851851,2489,0.0,3.4727990751037146,39.36431415544152,29.379727090430567,31069,1.0,0.06262939037337133,11.775874215507956,3.010558639758861,17046,0.8579138800891705,0.5462567690132858,14.713889596892855,6.758186900179862,0.8508292085157517,0.35036383400074556,"[""y@t"", ""throughput_2@t"", ""data_quality_3@t+h"", ""buffer_size_3@t""]",4,10,9000.0,732,0.061118064246975384,3.4797365754812564,6.237240408306934,
"n_bins=10,on_change=chain",persistence,4,133160,33558,0.9258299064306573,2.0493954215849026,13.593333706507003,3.4797365754812697,33464,0.9276237150370548,1.999830658103602,13.317577780854547,3.1771455892899967,94,0.2872340425531915,19.694451220927792,111.7624432387814,111.20212765957447,2489,0.0,27.63102111592855,41.37933657231266,29.579349136199276,31069,1.0,0.0,11.36734120166326,1.3888441855225613,17046,0.8579138800891705,3.925984579536486,14.789506929639751,6.237240408306934,0.8508292085157517,0.35036383400074556,"[""y@t"", ""throughput_2@t"", ""data_quality_3@t+h"", ""buffer_size_3@t""]",4,10,9000.0,732,0.061118064246975384,3.4797365754812564,6.237240408306934,
"n_bins=10,on_change=chain",model,5,166718,33201,0.9561157796451915,0.17938309807613417,13.55608961834803,6.322280462462654,33108,0.9568080222302767,0.1761140399027838,13.371478599206181,6.113420595205177,93,0.7096774193548387,1.3431678077888691,79.27761243284597,80.67639320612446,2000,0.416,2.2979820853677517,48.39064176376002,50.51386321525299,31201,0.9907374763629371,0.04357982335470746,11.323177074172396,3.489577488020147,18670,0.931494376004285,0.27755772043851834,13.623249352507315,8.181135964141369,0.7850456053651953,0.42372837499897287,"[""y@t"", ""throughput_2@t"", ""data_quality_2@t+h"", ""data_quality_2@t""]",4,10,10000.0,560,0.011806873286949189,4.876780819854823,8.07123727905731,
"n_bins=10,on_change=chain",ar,5,166718,33201,0.9397608505767898,0.2941188680047986,14.237579600290546,6.481127069220482,33108,0.9416757279207443,0.28268288598276514,13.934031864660353,6.1634097405012565,93,0.25806451612903225,4.365328467848677,122.30057348463923,119.58849609326472,2000,0.0,3.853643595381201,64.65351209058157,55.57169989338175,31201,1.0,0.06595151904954696,11.005892635751524,3.3343963346824057,18670,0.8965720407070166,0.457887958472139,15.797015605741892,8.85138711153113,0.7752941726690848,0.42372837499897287,"[""y@t"", ""throughput_2@t"", ""data_quality_2@t+h"", ""data_quality_2@t""]",4,10,10000.0,560,0.011806873286949189,4.876780819854823,8.07123727905731,
"n_bins=10,on_change=chain",persistence,5,166718,33201,0.9397608505767898,1.6644692097182947,13.566081443738328,4.876780819854831,33108,0.9416757279207443,1.611559193393078,13.257166126683606,4.5514679231605735,93,0.25806451612903225,20.500435021495374,123.53993431521938,120.68817204301075,2000,0.0,27.631021115928547,66.71928703569134,56.4135,31201,1.0,0.0,10.158933878470997,1.5732508573443247,18670,0.8965720407070166,2.8578201272018227,15.317202208164895,8.07123727905731,0.7752941726690848,0.42372837499897287,"[""y@t"", ""throughput_2@t"", ""data_quality_2@t+h"", ""data_quality_2@t""]",4,10,10000.0,560,0.011806873286949189,4.876780819854823,8.07123727905731,
ref,model,1,33200,33558,0.9085165981286132,0.39575763023917226,10.233411924028848,6.419884451063273,33464,0.9105606024384413,0.3723690898592801,9.915623004262901,6.090671937126978,94,0.18085106382978725,8.722078005480805,123.36626736070595,123.61953941238411,3694,0.2636708175419599,3.061669583227182,38.34665146073229,37.17952993961793,29864,0.9882802035896062,0.06600010431037147,6.755970628536532,2.615098406503908,18713,0.8454550312616897,0.6293357693205213,12.681177460757988,9.536700534606785,0.7514409891081286,0.12059258299996145,"[""y@t"", ""throughput_2@t"", ""buffer_size_3@t""]",3,20,8000.0,358,0.17074915072411945,5.184546158889088,8.675573130978464,
ref,ar,1,33200,33558,0.8856606472376185,0.5576372039854111,11.487186815944714,7.077786139463074,33464,0.8877002151565861,0.5402474176521279,11.172550032185619,6.750730439270424,94,0.1595744680851064,6.748401138634215,123.49788183418326,123.50961540804603,3694,0.004872766648619383,4.0583061636338496,42.90464030387504,37.64494866652446,29864,0.9946088936512189,0.1246251782373086,7.601033816198711,3.296809097708294,18713,0.7998717469139102,0.8748493576805083,14.154713683099247,9.718863562364737,0.7218339023363998,0.12059258299996145,"[""y@t"", ""throughput_2@t"", ""buffer_size_3@t""]",3,20,8000.0,358,0.17074915072411945,5.184546158889088,8.675573130978464,
ref,persistence,1,33200,33558,0.8899219262172954,3.0415695810906507,10.024628822031769,5.1845461588890895,33464,0.8919734640210375,2.984883496715327,9.70548658753815,4.851362658379156,94,0.1595744680851064,23.221815618705897,123.63926430175924,123.79787234042553,3694,0.0,27.63102111592855,42.1496400137932,36.3264753654575,29864,1.0,0.0,6.050955123184769,1.3324738815965729,18713,0.8068187890771121,5.337794118210961,12.858127756401132,8.675573130978464,0.7735241456423483,0.12059258299996145,"[""y@t"", ""throughput_2@t"", ""buffer_size_3@t""]",3,20,8000.0,358,0.17074915072411945,5.184546158889088,8.675573130978464,
ref,model,2,66758,33201,0.8913285744405289,0.3818912158342395,9.634083539988309,6.4046080037080575,33108,0.8933792436873264,0.3649860286454072,9.293742664826796,6.058551534440881,93,0.16129032258064516,6.400137855058539,130.7954350974862,129.60071106282274,4367,0.4023356995649187,2.150226297624188,27.71370151670664,28.225382377438315,28834,0.9653880835125199,0.11407130523644858,6.895868526312476,3.0997830855531,19738,0.843347856925727,0.5407929544328899,10.51592322396798,8.554935018689216,0.7677659733123258,0.23512024999945424,"[""y@t"", ""throughput_2@t"", ""data_quality_1@t+h"", ""data_quality_1@t""]",4,20,40000.0,693,0.11153278515707359,4.902623414957381,7.62306211368933,
ref,ar,2,66758,33201,0.8701545134182705,0.5050236978555155,10.454689521086921,6.38066253473487,33108,0.8721759091458258,0.48812108193588344,10.111391585326677,6.02831479843217,93,0.15053763440860216,6.522354965244533,132.66875465173356,131.81645665849618,4367,0.034119532860087017,3.038713986816946,33.02808938132045,27.472451613798878,28834,0.9967746410487619,0.12128833363637949,7.035877105548328,3.186244732547435,19738,0.7858952274799879,0.7343481992221773,11.827036475823245,8.090460684569665,0.7505324110641358,0.23512024999945424,"[""y@t"", ""throughput_2@t"", ""data_quality_1@t+h"", ""data_quality_1@t""]",4,20,40000.0,693,0.11153278515707359,4.902623414957381,7.62306211368933,
ref,persistence,2,66758,33201,0.8684678172344207,3.6343685194198962,9.960226829045615,4.902623414957387,33108,0.8704844750513471,3.578646204696799,9.612924391597936,4.54464177842214,93,0.15053763440860216,23.471512560842527,133.59989456041953,132.34408602150538,4367,0.0,27.631021115928547,34.401296563651044,27.813144034806502,28834,1.0,0.0,6.258549936105965,1.4327529999306452,19738,0.782754078427399,6.002726646321897,11.758325629862272,7.62306211368933,0.7626047187682191,0.23512024999945424,"[""y@t"", ""throughput_2@t"", ""data_quality_1@t+h"", ""data_quality_1@t""]",4,20,40000.0,693,0.11153278515707359,4.902623414957381,7.62306211368933,
ref,model,3,99959,33201,0.9171109303936629,0.3113957843450654,9.096733855111944,5.996294087430423,33108,0.9191736136281261,0.2925408095687903,8.703272563016913,5.594599876797287,93,0.1827956989247312,7.023766804699024,149.16895384094326,148.99943307282697,3573,0.3322138259165967,2.2318872687388818,30.81790247107014,30.952144385150987,29628,0.9876468205751316,0.07979337872406142,6.477261212178953,2.9867337690236604,18433,0.8656756903379808,0.4613946801525149,9.882615302741023,7.735980709709121,0.782199401975358,0.3674852500007546,"[""y@t"", ""throughput_2@t"", ""buffer_size_3@t"", ""data_quality_1@t+h""]",4,20,80000.0,1453,0.15481461401765007,4.688894912803831,7.6735745673520315,
ref,ar,3,99959,33201,0.8925634770037048,0.4319739097995062,9.609222363733878,5.773449984125004,33108,0.8945270025371511,0.41501823570537455,9.207312154040748,5.36200070706736,93,0.1935483870967742,6.468193887310355,152.68925701448777,152.24939261664642,3573,0.011474951021550517,3.047328471810701,36.64845547219517,31.06931319370287,29628,0.9988186850276766,0.11657422537713544,6.348415697859292,2.7228856784742104,18433,0.8107199045190691,0.6504801301619253,11.002593193631258,7.4655224632915225,0.7581009007981645,0.3674852500007546,"[""y@t"", ""throughput_2@t"", ""buffer_size_3@t"", ""data_quality_1@t+h""]",4,20,80000.0,1453,0.15481461401765007,4.688894912803831,7.6735745673520315,
ref,persistence,3,99959,33201,0.8923827595554351,2.973574243161733,9.329639287342522,4.688894912803838,33108,0.8943457774555998,2.919334054111334,8.924678899107837,4.272290685030815,93,0.1935483870967742,22.283081545103663,153.4955374988903,153.0,3573,0.0,27.631021115928547,39.205393036369564,33.52504897844948,29628,1.0,0.0,5.726761329151836,1.2113878763332064,18433,0.8102316497585852,5.243493292655458,11.48355310837272,7.6735745673520315,0.7693282577853836,0.3674852500007546,"[""y@t"", ""throughput_2@t"", ""buffer_size_3@t"", ""data_quality_1@t+h""]",4,20,80000.0,1453,0.15481461401765007,4.688894912803831,7.6735745673520315,
ref,model,4,133160,33558,0.9317301388640563,0.25259871906761994,7.089542615810359,4.638847923778279,33464,0.9336002868754483,0.23619321835582108,6.804426621339434,4.345142278535251,94,0.26595744680851063,6.092956972468037,108.59083664745958,109.19805763029665,3738,0.45987158908507225,1.7335051889446331,21.049436711741762,23.182020970086878,29820,0.990878604963112,0.0669639643928958,5.339640398151352,2.3144220067057937,17046,0.8783878915874692,0.40914114418016617,7.540475616413844,6.839590440583936,0.765417696511885,0.45673345800059906,"[""y@t"", ""throughput_2@t"", ""buffer_size_3@t"", ""data_quality_2@t+h""]",4,20,80000.0,1632,0.09458251385660647,3.4797365754812564,6.237240408306934,
ref,ar,4,133160,33558,0.8886107634543179,0.45696023717246426,8.508271460689382,4.690388717980487,33464,0.8904195553430552,0.4427906971390249,8.222242189451821,4.393339238689575,94,0.24468085106382978,5.501316489076857,110.33469202126078,110.44000334554532,3738,0.0,3.141641454115752,27.846108347116115,21.22418017360669,29820,1.0,0.12042977476689717,6.084232752390819,2.6178430284724135,17046,0.78487621729438,0.7524249355876457,9.567198350087113,6.157485842814764,0.7394748373264483,0.45673345800059906,"[""y@t"", ""throughput_2@t"", ""buffer_size_3@t"", ""data_quality_2@t+h""]",4,20,80000.0,1632,0.09458251385660647,3.4797365754812564,6.237240408306934,
ref,persistence,4,133160,33558,0.8886107634543179,3.077798347080902,8.178235962801633,3.4797365754812626,33464,0.8904195553430552,3.0278195802088805,7.888623211158364,3.177145589289989,94,0.24468085106382978,20.870239353520496,111.28037554780612,111.20212765957447,3738,0.0,27.631021115928547,29.672995689107662,22.419208132691278,29820,1.0,0.0,5.483822419644963,1.1056338028169082,17046,0.78487621729438,5.944089782477413,9.79507236652644,6.237240408306934,0.7394748373264483,0.45673345800059906,"[""y@t"", ""throughput_2@t"", ""buffer_size_3@t"", ""data_quality_2@t+h""]",4,20,80000.0,1632,0.09458251385660647,3.4797365754812564,6.237240408306934,
ref,model,5,166718,33201,0.9285262492093611,0.27918718684488125,8.294749460686155,5.536755157405989,33108,0.9305001812250816,0.2585175062190892,7.980061240706962,5.214948851909241,93,0.22580645161290322,7.637593489626875,120.32375577327872,120.09979991424863,3337,0.42103685945459995,2.1274606637227684,31.68690291767878,32.87734236056566,29864,0.9852330565229038,0.07266131648787923,5.68091286525405,2.4817210194156387,18670,0.8881092662024639,0.4090544730661516,9.442665885736032,7.855973021526851,0.7060795696935301,0.5720700420006324,"[""y@t"", ""throughput_2@t"", ""buffer_size_3@t""]",3,20,8000.0,917,0.05078160296376615,4.876780819854823,8.07123727905731,
ref,ar,5,166718,33201,0.8995210987620855,0.43980100166609887,10.265829303389747,6.440636797963548,33108,0.9014135556361,0.4246930884468797,9.959790895435876,6.124452212179582,93,0.22580645161290322,5.81821810770813,119.21550253496788,119.00234933705566,3337,0.00029967036260113877,3.2669967260021817,41.1802345581265,35.44465731633126,29864,1.0,0.12389046951670465,6.811457138406606,3.1997308084848095,18670,0.8251740760578468,0.6621837791390752,12.095901398735839,8.611769401247129,0.689302047179812,0.5720700420006324,"[""y@t"", ""throughput_2@t"", ""buffer_size_3@t""]",3,20,8000.0,917,0.05078160296376615,4.876780819854823,8.07123727905731,
ref,persistence,5,166718,33201,0.8994909791873739,2.7771668764149746,9.591855277699558,4.876780819854831,33108,0.9013833514558415,2.7248786983057482,9.278621368473416,4.551467923160573,93,0.22580645161290322,21.391758283299517,121.10312696220682,120.68817204301075,3337,0.0,27.631021115928547,43.39065382393359,37.13964638897213,29864,1.0,0.0,5.815181330847731,1.271731851058139,18670,0.825120514193894,4.832098765051243,11.866004617462789,8.07123727905731,0.6895036600830379,0.5720700420006324,"[""y@t"", ""throughput_2@t"", ""buffer_size_3@t""]",3,20,8000.0,917,0.05078160296376615,4.876780819854823,8.07123727905731,
on_change=static,model,1,33200,33558,0.9084569998212051,0.38795755810883287,10.249139699609557,6.436390971610917,33464,0.9105606024384413,0.3723690898592801,9.915623004262901,6.090671937126978,94,0.1595744680851064,5.937452254949635,128.98108324301876,129.51236724789305,3694,0.26475365457498645,2.986362743131628,38.2852154802511,37.12289453173799,29864,0.9880792927939994,0.06655021972568913,6.781243103919431,2.640652150585288,18713,0.8454550312616897,0.6293357693205213,12.681177460757988,9.536700534606785,0.7514749108053016,0.1080829589991481,"[""y@t"", ""throughput_2@t"", ""buffer_size_3@t""]",3,20,8000.0,358,0.17074915072411945,5.184546158889088,8.675573130978464,"[""buffer_size_3@t""]"
on_change=static,ar,1,33200,33558,0.8856606472376185,0.5576372039854111,11.487186815944714,7.077786139463074,33464,0.8877002151565861,0.5402474176521279,11.172550032185619,6.750730439270424,94,0.1595744680851064,6.748401138634215,123.49788183418326,123.50961540804603,3694,0.004872766648619383,4.0583061636338496,42.90464030387504,37.64494866652446,29864,0.9946088936512189,0.1246251782373086,7.601033816198711,3.296809097708294,18713,0.7998717469139102,0.8748493576805083,14.154713683099247,9.718863562364737,0.7218339023363998,0.1080829589991481,"[""y@t"", ""throughput_2@t"", ""buffer_size_3@t""]",3,20,8000.0,358,0.17074915072411945,5.184546158889088,8.675573130978464,"[""buffer_size_3@t""]"
on_change=static,persistence,1,33200,33558,0.8899219262172954,3.0415695810906507,10.024628822031769,5.1845461588890895,33464,0.8919734640210375,2.984883496715327,9.70548658753815,4.851362658379156,94,0.1595744680851064,23.221815618705897,123.63926430175924,123.79787234042553,3694,0.0,27.63102111592855,42.1496400137932,36.3264753654575,29864,1.0,0.0,6.050955123184769,1.3324738815965729,18713,0.8068187890771121,5.337794118210961,12.858127756401132,8.675573130978464,0.7735241456423483,0.1080829589991481,"[""y@t"", ""throughput_2@t"", ""buffer_size_3@t""]",3,20,8000.0,358,0.17074915072411945,5.184546158889088,8.675573130978464,"[""buffer_size_3@t""]"
on_change=static,model,2,66758,33201,0.8912984548658173,0.379426818028056,9.654402633154735,6.426798424585927,33108,0.8933792436873264,0.3649860286454072,9.293742664826796,6.058551534440881,93,0.15053763440860216,5.520347838250999,138.04935135789984,137.52269131622214,4367,0.4027936798717655,2.1295710852831062,27.826502800051532,28.339709925919,28834,0.9652840396753832,0.11436196351245617,6.902180900865133,3.1080190486297115,19738,0.843347856925727,0.5407929544328899,10.51592322396798,8.554935018689216,0.7676850690963718,0.23529920799956017,"[""y@t"", ""throughput_2@t"", ""data_quality_1@t+h"", ""data_quality_1@t""]",4,20,40000.0,693,0.11153278515707359,4.902623414957381,7.62306211368933,"[""buffer_size_3@t""]"
on_change=static,ar,2,66758,33201,0.8701545134182705,0.5050236978555155,10.454689521086921,6.38066253473487,33108,0.8721759091458258,0.48812108193588344,10.111391585326677,6.02831479843217,93,0.15053763440860216,6.522354965244533,132.66875465173356,131.81645665849618,4367,0.034119532860087017,3.038713986816946,33.02808938132045,27.472451613798878,28834,0.9967746410487619,0.12128833363637949,7.035877105548328,3.186244732547435,19738,0.7858952274799879,0.7343481992221773,11.827036475823245,8.090460684569665,0.7505324110641358,0.23529920799956017,"[""y@t"", ""throughput_2@t"", ""data_quality_1@t+h"", ""data_quality_1@t""]",4,20,40000.0,693,0.11153278515707359,4.902623414957381,7.62306211368933,"[""buffer_size_3@t""]"
on_change=static,persistence,2,66758,33201,0.8684678172344207,3.6343685194198962,9.960226829045615,4.902623414957387,33108,0.8704844750513471,3.578646204696799,9.612924391597936,4.54464177842214,93,0.15053763440860216,23.471512560842527,133.59989456041953,132.34408602150538,4367,0.0,27.631021115928547,34.401296563651044,27.813144034806502,28834,1.0,0.0,6.258549936105965,1.4327529999306452,19738,0.782754078427399,6.002726646321897,11.758325629862272,7.62306211368933,0.7626047187682191,0.23529920799956017,"[""y@t"", ""throughput_2@t"", ""data_quality_1@t+h"", ""data_quality_1@t""]",4,20,40000.0,693,0.11153278515707359,4.902623414957381,7.62306211368933,"[""buffer_size_3@t""]"
on_change=static,model,3,99959,33201,0.9172012891177976,0.30674877864621547,9.092583141460725,5.991983804880803,33108,0.9191736136281261,0.2925408095687903,8.703272563016913,5.594599876797287,93,0.21505376344086022,5.364785770209569,147.68714906745862,147.46066220261278,3573,0.3330534564791492,2.186641754359566,30.691787190678607,30.820886390269656,29628,0.9876468205751316,0.08004236571845101,6.48781886213524,2.997732794431419,18433,0.8656756903379808,0.4613946801525149,9.882615302741023,7.735980709709121,0.7822728954717295,0.3544748749991413,"[""y@t"", ""throughput_2@t"", ""buffer_size_3@t"", ""data_quality_1@t+h""]",4,20,80000.0,1453,0.15481461401765007,4.688894912803831,7.6735745673520315,"[""buffer_size_3@t""]"
on_change=static,ar,3,99959,33201,0.8925634770037048,0.4319739097995062,9.609222363733878,5.773449984125004,33108,0.8945270025371511,0.41501823570537455,9.207312154040748,5.36200070706736,93,0.1935483870967742,6.468193887310355,152.68925701448777,152.24939261664642,3573,0.011474951021550517,3.047328471810701,36.64845547219517,31.06931319370287,29628,0.9988186850276766,0.11657422537713544,6.348415697859292,2.7228856784742104,18433,0.8107199045190691,0.6504801301619253,11.002593193631258,7.4655224632915225,0.7581009007981645,0.3544748749991413,"[""y@t"", ""throughput_2@t"", ""buffer_size_3@t"", ""data_quality_1@t+h""]",4,20,80000.0,1453,0.15481461401765007,4.688894912803831,7.6735745673520315,"[""buffer_size_3@t""]"
on_change=static,persistence,3,99959,33201,0.8923827595554351,2.973574243161733,9.329639287342522,4.688894912803838,33108,0.8943457774555998,2.919334054111334,8.924678899107837,4.272290685030815,93,0.1935483870967742,22.283081545103663,153.4955374988903,153.0,3573,0.0,27.631021115928547,39.205393036369564,33.52504897844948,29628,1.0,0.0,5.726761329151836,1.2113878763332064,18433,0.8102316497585852,5.243493292655458,11.48355310837272,7.6735745673520315,0.7693282577853836,0.3544748749991413,"[""y@t"", ""throughput_2@t"", ""buffer_size_3@t"", ""data_quality_1@t+h""]",4,20,80000.0,1453,0.15481461401765007,4.688894912803831,7.6735745673520315,"[""buffer_size_3@t""]"
on_change=static,model,4,133160,33558,0.9316705405566482,0.25124726372602174,7.060288857263922,4.612193652632985,33464,0.9336002868754483,0.23619321835582108,6.804426621339434,4.345142278535251,94,0.24468085106382978,5.610487415517472,98.14724484638123,99.68248283142663,3738,0.4622792937399679,1.7101669312755996,20.62025011222934,22.75723337971664,29820,0.9905097250167673,0.06836860117403243,5.360519066148537,2.3376745882520766,17046,0.8783878915874692,0.40914114418016617,7.540475616413844,6.839590440583936,0.7653473542174395,0.468907542001034,"[""y@t"", ""throughput_2@t"", ""buffer_size_3@t"", ""data_quality_2@t+h""]",4,20,80000.0,1632,0.09458251385660647,3.4797365754812564,6.237240408306934,"[""buffer_size_3@t"", ""data_quality_3@t+h""]"
on_change=static,ar,4,133160,33558,0.8886107634543179,0.45696023717246426,8.508271460689382,4.690388717980487,33464,0.8904195553430552,0.4427906971390249,8.222242189451821,4.393339238689575,94,0.24468085106382978,5.501316489076857,110.33469202126078,110.44000334554532,3738,0.0,3.141641454115752,27.846108347116115,21.22418017360669,29820,1.0,0.12042977476689717,6.084232752390819,2.6178430284724135,17046,0.78487621729438,0.7524249355876457,9.567198350087113,6.157485842814764,0.7394748373264483,0.468907542001034,"[""y@t"", ""throughput_2@t"", ""buffer_size_3@t"", ""data_quality_2@t+h""]",4,20,80000.0,1632,0.09458251385660647,3.4797365754812564,6.237240408306934,"[""buffer_size_3@t"", ""data_quality_3@t+h""]"
on_change=static,persistence,4,133160,33558,0.8886107634543179,3.077798347080902,8.178235962801633,3.4797365754812626,33464,0.8904195553430552,3.0278195802088805,7.888623211158364,3.177145589289989,94,0.24468085106382978,20.870239353520496,111.28037554780612,111.20212765957447,3738,0.0,27.631021115928547,29.672995689107662,22.419208132691278,29820,1.0,0.0,5.483822419644963,1.1056338028169082,17046,0.78487621729438,5.944089782477413,9.79507236652644,6.237240408306934,0.7394748373264483,0.468907542001034,"[""y@t"", ""throughput_2@t"", ""buffer_size_3@t"", ""data_quality_2@t+h""]",4,20,80000.0,1632,0.09458251385660647,3.4797365754812564,6.237240408306934,"[""buffer_size_3@t"", ""data_quality_3@t+h""]"
on_change=static,model,5,166718,33201,0.9284358904852263,0.2717494951742537,8.297341948941758,5.539674447455036,33108,0.9305001812250816,0.2585175062190892,7.980061240706962,5.214948851909241,93,0.1935483870967742,4.982337563212826,121.24927408052875,121.14198646175848,3337,0.42193587054240334,2.047991312501449,31.49484535118378,32.687704875337765,29864,0.985032145727297,0.07327243435116067,5.705255528727397,2.5061565818695604,18670,0.8881092662024639,0.4090544730661516,9.442665885736032,7.855973021526851,0.705973120817216,0.5833131670005969,"[""y@t"", ""throughput_2@t"", ""buffer_size_3@t""]",3,20,8000.0,917,0.05078160296376615,4.876780819854823,8.07123727905731,"[""buffer_size_3@t""]"
on_change=static,ar,5,166718,33201,0.8995210987620855,0.43980100166609887,10.265829303389747,6.440636797963548,33108,0.9014135556361,0.4246930884468797,9.959790895435876,6.124452212179582,93,0.22580645161290322,5.81821810770813,119.21550253496788,119.00234933705566,3337,0.00029967036260113877,3.2669967260021817,41.1802345581265,35.44465731633126,29864,1.0,0.12389046951670465,6.811457138406606,3.1997308084848095,18670,0.8251740760578468,0.6621837791390752,12.095901398735839,8.611769401247129,0.689302047179812,0.5833131670005969,"[""y@t"", ""throughput_2@t"", ""buffer_size_3@t""]",3,20,8000.0,917,0.05078160296376615,4.876780819854823,8.07123727905731,"[""buffer_size_3@t""]"
on_change=static,persistence,5,166718,33201,0.8994909791873739,2.7771668764149746,9.591855277699558,4.876780819854831,33108,0.9013833514558415,2.7248786983057482,9.278621368473416,4.551467923160573,93,0.22580645161290322,21.391758283299517,121.10312696220682,120.68817204301075,3337,0.0,27.631021115928547,43.39065382393359,37.13964638897213,29864,1.0,0.0,5.815181330847731,1.271731851058139,18670,0.825120514193894,4.832098765051243,11.866004617462789,8.07123727905731,0.6895036600830379,0.5833131670005969,"[""y@t"", ""throughput_2@t"", ""buffer_size_3@t""]",3,20,8000.0,917,0.05078160296376615,4.876780819854823,8.07123727905731,"[""buffer_size_3@t""]"
on_change=chain,model,1,33200,33558,0.9087549913582454,0.37869233590639756,10.260345647879133,6.449610994923513,33464,0.9105606024384413,0.3723690898592801,9.915623004262901,6.090671937126978,94,0.26595744680851063,2.6297679286802267,132.98160677525775,134.23191557049014,3694,0.26854358419057933,2.896239429408774,38.110686620417894,36.94874910786334,29864,0.9879453522635949,0.06728666475056516,6.815423348369416,2.6770481704793765,18713,0.8454550312616897,0.6293357693205213,12.681177460757988,9.536700534606785,0.7508915747734557,0.11990945899924554,"[""y@t"", ""throughput_2@t"", ""buffer_size_3@t""]",3,20,8000.0,358,0.17074915072411945,5.184546158889088,8.675573130978464,
on_change=chain,ar,1,33200,33558,0.8856606472376185,0.5576372039854111,11.487186815944714,7.077786139463074,33464,0.8877002151565861,0.5402474176521279,11.172550032185619,6.750730439270424,94,0.1595744680851064,6.748401138634215,123.49788183418326,123.50961540804603,3694,0.004872766648619383,4.0583061636338496,42.90464030387504,37.64494866652446,29864,0.9946088936512189,0.1246251782373086,7.601033816198711,3.296809097708294,18713,0.7998717469139102,0.8748493576805083,14.154713683099247,9.718863562364737,0.7218339023363998,0.11990945899924554,"[""y@t"", ""throughput_2@t"", ""buffer_size_3@t""]",3,20,8000.0,358,0.17074915072411945,5.184546158889088,8.675573130978464,
on_change=chain,persistence,1,33200,33558,0.8899219262172954,3.0415695810906507,10.024628822031769,5.1845461588890895,33464,0.8919734640210375,2.984883496715327,9.70548658753815,4.851362658379156,94,0.1595744680851064,23.221815618705897,123.63926430175924,123.79787234042553,3694,0.0,27.63102111592855,42.1496400137932,36.3264753654575,29864,1.0,0.0,6.050955123184769,1.3324738815965729,18713,0.8068187890771121,5.337794118210961,12.858127756401132,8.675573130978464,0.7735241456423483,0.11990945899924554,"[""y@t"", ""throughput_2@t"", ""buffer_size_3@t""]",3,20,8000.0,358,0.17074915072411945,5.184546158889088,8.675573130978464,
on_change=chain,model,2,66758,33201,0.8920213246588958,0.3698524711529856,9.576059266523497,6.352700983574575,33108,0.8933792436873264,0.3649860286454072,9.293742664826796,6.058551534440881,93,0.40860215053763443,2.1023060038508774,110.08076947054808,111.0699048751697,4367,0.40943439432104417,2.053677619345281,27.070524436986936,27.60378987263313,28834,0.9651106332801553,0.1148318558323311,6.926467486006959,3.1341567240712562,19738,0.843347856925727,0.5407929544328899,10.51592322396798,8.554935018689216,0.7681754208423416,0.22306045799996355,"[""y@t"", ""throughput_2@t"", ""data_quality_1@t+h"", ""data_quality_1@t""]",4,20,40000.0,693,0.11153278515707359,4.902623414957381,7.62306211368933,
on_change=chain,ar,2,66758,33201,0.8701545134182705,0.5050236978555155,10.454689521086921,6.38066253473487,33108,0.8721759091458258,0.48812108193588344,10.111391585326677,6.02831479843217,93,0.15053763440860216,6.522354965244533,132.66875465173356,131.81645665849618,4367,0.034119532860087017,3.038713986816946,33.02808938132045,27.472451613798878,28834,0.9967746410487619,0.12128833363637949,7.035877105548328,3.186244732547435,19738,0.7858952274799879,0.7343481992221773,11.827036475823245,8.090460684569665,0.7505324110641358,0.22306045799996355,"[""y@t"", ""throughput_2@t"", ""data_quality_1@t+h"", ""data_quality_1@t""]",4,20,40000.0,693,0.11153278515707359,4.902623414957381,7.62306211368933,
on_change=chain,persistence,2,66758,33201,0.8684678172344207,3.6343685194198962,9.960226829045615,4.902623414957387,33108,0.8704844750513471,3.578646204696799,9.612924391597936,4.54464177842214,93,0.15053763440860216,23.471512560842527,133.59989456041953,132.34408602150538,4367,0.0,27.631021115928547,34.401296563651044,27.813144034806502,28834,1.0,0.0,6.258549936105965,1.4327529999306452,19738,0.782754078427399,6.002726646321897,11.758325629862272,7.62306211368933,0.7626047187682191,0.22306045799996355,"[""y@t"", ""throughput_2@t"", ""data_quality_1@t+h"", ""data_quality_1@t""]",4,20,40000.0,693,0.11153278515707359,4.902623414957381,7.62306211368933,
on_change=chain,model,3,99959,33201,0.9178338001867413,0.29834334158947384,9.000584187300614,5.897089858662635,33108,0.9191736136281261,0.2925408095687903,8.703272563016913,5.594599876797287,93,0.44086021505376344,2.3640447409528256,114.84352243229915,113.58352340272633,3573,0.3414497621046739,2.102391352208986,29.545515411196575,29.660537396797594,29628,0.9873430538679627,0.08078348125656178,6.522960342863588,3.0313278074355443,18433,0.8656756903379808,0.4613946801525149,9.882615302741023,7.735980709709121,0.7826297464563607,0.3632963340005517,"[""y@t"", ""throughput_2@t"", ""buffer_size_3@t"", ""data_quality_1@t+h""]",4,20,80000.0,1453,0.15481461401765007,4.688894912803831,7.6735745673520315,
on_change=chain,ar,3,99959,33201,0.8925634770037048,0.4319739097995062,9.609222363733878,5.773449984125004,33108,0.8945270025371511,0.41501823570537455,9.207312154040748,5.36200070706736,93,0.1935483870967742,6.468193887310355,152.68925701448777,152.24939261664642,3573,0.011474951021550517,3.047328471810701,36.64845547219517,31.06931319370287,29628,0.9988186850276766,0.11657422537713544,6.348415697859292,2.7228856784742104,18433,0.8107199045190691,0.6504801301619253,11.002593193631258,7.4655224632915225,0.7581009007981645,0.3632963340005517,"[""y@t"", ""throughput_2@t"", ""buffer_size_3@t"", ""data_quality_1@t+h""]",4,20,80000.0,1453,0.15481461401765007,4.688894912803831,7.6735745673520315,
on_change=chain,persistence,3,99959,33201,0.8923827595554351,2.973574243161733,9.329639287342522,4.688894912803838,33108,0.8943457774555998,2.919334054111334,8.924678899107837,4.272290685030815,93,0.1935483870967742,22.283081545103663,153.4955374988903,153.0,3573,0.0,27.631021115928547,39.205393036369564,33.52504897844948,29628,1.0,0.0,5.726761329151836,1.2113878763332064,18433,0.8102316497585852,5.243493292655458,11.48355310837272,7.6735745673520315,0.7693282577853836,0.3632963340005517,"[""y@t"", ""throughput_2@t"", ""buffer_size_3@t"", ""data_quality_1@t+h""]",4,20,80000.0,1453,0.15481461401765007,4.688894912803831,7.6735745673520315,
on_change=chain,model,4,133160,33558,0.9326241134751773,0.24065590142110718,7.025768546393178,4.577403295087833,33464,0.9336002868754483,0.23619321835582108,6.804426621339434,4.345142278535251,94,0.5851063829787234,1.8293710726629706,85.82349386552612,87.26232518780708,3738,0.46923488496522203,1.6206961299494484,20.202646413995236,22.351137909861283,29820,0.990710932260228,0.06766494319713198,5.374019067214892,2.349428110982429,17046,0.8783878915874692,0.40914114418016617,7.540475616413844,6.839590440583936,0.765965561131083,0.4301975830003357,"[""y@t"", ""throughput_2@t"", ""buffer_size_3@t"", ""data_quality_2@t+h""]",4,20,80000.0,1632,0.09458251385660647,3.4797365754812564,6.237240408306934,
on_change=chain,ar,4,133160,33558,0.8886107634543179,0.45696023717246426,8.508271460689382,4.690388717980487,33464,0.8904195553430552,0.4427906971390249,8.222242189451821,4.393339238689575,94,0.24468085106382978,5.501316489076857,110.33469202126078,110.44000334554532,3738,0.0,3.141641454115752,27.846108347116115,21.22418017360669,29820,1.0,0.12042977476689717,6.084232752390819,2.6178430284724135,17046,0.78487621729438,0.7524249355876457,9.567198350087113,6.157485842814764,0.7394748373264483,0.4301975830003357,"[""y@t"", ""throughput_2@t"", ""buffer_size_3@t"", ""data_quality_2@t+h""]",4,20,80000.0,1632,0.09458251385660647,3.4797365754812564,6.237240408306934,
on_change=chain,persistence,4,133160,33558,0.8886107634543179,3.077798347080902,8.178235962801633,3.4797365754812626,33464,0.8904195553430552,3.0278195802088805,7.888623211158364,3.177145589289989,94,0.24468085106382978,20.870239353520496,111.28037554780612,111.20212765957447,3738,0.0,27.631021115928547,29.672995689107662,22.419208132691278,29820,1.0,0.0,5.483822419644963,1.1056338028169082,17046,0.78487621729438,5.944089782477413,9.79507236652644,6.237240408306934,0.7394748373264483,0.4301975830003357,"[""y@t"", ""throughput_2@t"", ""buffer_size_3@t"", ""data_quality_2@t+h""]",4,20,80000.0,1632,0.09458251385660647,3.4797365754812564,6.237240408306934,
on_change=chain,model,5,166718,33201,0.9293997168759978,0.26326878509202517,8.204140351235925,5.44995477531611,33108,0.9305001812250816,0.2585175062190892,7.980061240706962,5.214948851909241,93,0.5376344086021505,1.9547240638572485,87.97630369954634,89.11206350816163,3337,0.43092598142043753,1.9642493386768547,30.49878434863661,31.716225297937264,29864,0.9850991159924993,0.07320140941185585,5.712939339337784,2.5149646623377153,18670,0.8881092662024639,0.4090544730661516,9.442665885736032,7.855973021526851,0.7066312913162452,0.5642697499988572,"[""y@t"", ""throughput_2@t"", ""buffer_size_3@t""]",3,20,8000.0,917,0.05078160296376615,4.876780819854823,8.07123727905731,
on_change=chain,ar,5,166718,33201,0.8995210987620855,0.43980100166609887,10.265829303389747,6.440636797963548,33108,0.9014135556361,0.4246930884468797,9.959790895435876,6.124452212179582,93,0.22580645161290322,5.81821810770813,119.21550253496788,119.00234933705566,3337,0.00029967036260113877,3.2669967260021817,41.1802345581265,35.44465731633126,29864,1.0,0.12389046951670465,6.811457138406606,3.1997308084848095,18670,0.8251740760578468,0.6621837791390752,12.095901398735839,8.611769401247129,0.689302047179812,0.5642697499988572,"[""y@t"", ""throughput_2@t"", ""buffer_size_3@t""]",3,20,8000.0,917,0.05078160296376615,4.876780819854823,8.07123727905731,
on_change=chain,persistence,5,166718,33201,0.8994909791873739,2.7771668764149746,9.591855277699558,4.876780819854831,33108,0.9013833514558415,2.7248786983057482,9.278621368473416,4.551467923160573,93,0.22580645161290322,21.391758283299517,121.10312696220682,120.68817204301075,3337,0.0,27.631021115928547,43.39065382393359,37.13964638897213,29864,1.0,0.0,5.815181330847731,1.271731851058139,18670,0.825120514193894,4.832098765051243,11.866004617462789,8.07123727905731,0.6895036600830379,0.5642697499988572,"[""y@t"", ""throughput_2@t"", ""buffer_size_3@t""]",3,20,8000.0,917,0.05078160296376615,4.876780819854823,8.07123727905731,
"granularity=30,n_bins=4",model,1,929,940,0.9180851063829787,0.3511574604096731,37.81895323245,22.838029609292082,846,0.9680851063829787,0.1662105811030887,28.966610169175045,12.380368618276774,94,0.46808510638297873,2.0156793741689327,117.49004080192464,116.95697852842984,77,0.0,3.4879249296416943,160.14753865332855,147.50055020239486,863,1.0,0.07128365376904088,26.904351752255742,11.71518594107781,795,0.9660377358490566,0.16464444906212186,27.021583049089624,10.762669391018724,0.8925845433666091,0.004534583000349812,"[""y@t"", ""cores_1@t"", ""cores_1@t+h"", ""throughput_2@t""]",4,4,400.0,56,0.08936170212765958,17.55039007092199,6.454297693920335,
"granularity=30,n_bins=4",ar,1,929,940,0.9180851063829787,0.3547159137955465,38.28733478229033,25.863734633358625,846,0.9680851063829787,0.1805872353226761,29.592859312111187,15.807498925491753,94,0.46808510638297873,1.9218740200513806,116.53761401390258,116.36985600416048,77,0.0,3.321121564256331,159.74828311200935,146.8855614520283,863,1.0,0.09004240848212779,27.45014704024124,15.065726910256,795,0.9660377358490566,0.17956005565920066,27.4560498611714,14.14338248056467,0.8925845433666091,0.004534583000349812,"[""y@t"", ""cores_1@t"", ""cores_1@t+h"", ""throughput_2@t""]",4,4,400.0,56,0.08936170212765958,17.55039007092199,6.454297693920335,
"granularity=30,n_bins=4",persistence,1,929,940,0.9180851063829787,2.2633921552409553,36.57957324113367,17.55039007092199,846,0.9680851063829787,0.8818410994445282,27.21353634070658,6.065208825847126,94,0.46808510638297873,14.697351657408799,120.87390534497754,120.91702127659575,77,0.0,27.63102111592854,173.74615996429796,159.3705627705628,863,1.0,0.0,24.341071297120173,4.896678254152184,795,0.9660377358490566,0.9384120378994601,27.48094282125737,6.454297693920336,0.8925845433666091,0.004534583000349812,"[""y@t"", ""cores_1@t"", ""cores_1@t+h"", ""throughput_2@t""]",4,4,400.0,56,0.08936170212765958,17.55039007092199,6.454297693920335,
"granularity=30,n_bins=4",model,2,1869,930,0.9172043010752688,0.2721017900328178,35.02494853304285,20.271563702396687,837,0.9689366786140979,0.11951198729853402,26.860314755389304,10.631727039533931,93,0.45161290322580644,1.645410014641372,108.5066525319248,107.03009366816144,77,0.0,2.738663659040107,146.81781755914366,131.48778781425838,853,1.0,0.04944614652336738,24.933446874180294,10.232115570376347,823,0.968408262454435,0.11994398346396858,26.64145171247762,10.435126883280098,0.8724809711111081,0.006410958001652034,"[""y@t"", ""data_quality_1@t+h"", ""rps@t+h"", ""throughput_2@t""]",4,4,640.0,93,0.03870967741935484,17.59401433691756,5.692061563385987,
"granularity=30,n_bins=4",ar,2,1869,930,0.9172043010752688,0.3495706893783996,38.3836643625787,24.60869300700433,837,0.9689366786140979,0.1692188311479948,28.944230289797638,13.969133372741071,93,0.45161290322580644,1.9727374134520412,123.33857101760822,120.36472971537368,77,0.0,3.3149088291988225,167.45354709301498,148.40346860095977,853,1.0,0.08189069316952195,26.732572955493588,13.433783604032973,823,0.968408262454435,0.17039383301656333,28.76451198079862,13.828137125469048,0.8724809711111081,0.006410958001652034,"[""y@t"", ""data_quality_1@t+h"", ""rps@t+h"", ""throughput_2@t""]",4,4,640.0,93,0.03870967741935484,17.59401433691756,5.692061563385987,
"granularity=30,n_bins=4",persistence,2,1869,930,0.9172043010752688,2.2877297052973096,37.960934885669914,17.59401433691756,837,0.9689366786140979,0.8583112891447339,27.932951009125468,5.596853843090402,93,0.45161290322580644,15.152495450670495,128.21278977456984,125.56845878136197,77,0.0,27.63102111592854,180.284588066791,159.7320346320346,853,1.0,0.0,25.11343043672931,4.763266901133256,823,0.968408262454435,0.8729119672103793,28.08480017533709,5.6920615633859875,0.8724809711111081,0.006410958001652034,"[""y@t"", ""data_quality_1@t+h"", ""rps@t+h"", ""throughput_2@t""]",4,4,640.0,93,0.03870967741935484,17.59401433691756,5.692061563385987,
"granularity=30,n_bins=4",model,3,2799,930,0.9086021505376344,0.3028966210224183,36.94025566095334,20.387374096739677,837,0.9689366786140979,0.1305946500925484,26.51007960913397,7.719570802969452,93,0.3655913978494624,1.8536143593912477,130.81184012732766,134.39760374067168,85,0.0,3.024757506745606,166.84385939630067,160.14691234419823,845,1.0,0.02909996387866566,23.873029249705386,6.328722320368103,796,0.9673366834170855,0.13106721374796595,25.5877455182243,7.036757452477102,0.8573456262180125,0.008412709001277108,"[""y@t"", ""data_quality_1@t+h"", ""data_quality_1@t"", ""throughput_2@t""]",4,4,1600.0,194,0.03333333333333333,20.650465949820788,6.576549413735342,
"granularity=30,n_bins=4",ar,3,2799,930,0.9086021505376344,0.3756534351057148,40.75704837803989,27.523644049704103,837,0.9689366786140979,0.1716975827837042,29.58789313352656,14.590356410732248,93,0.3655913978494624,2.21125610600381,141.27944557865985,143.92323280045076,85,0.0,3.2893152624659545,177.05362019429882,171.6999669208902,845,1.0,0.08256319211681491,27.046742337351123,13.020700328933899,796,0.9673366834170855,0.17350657189224616,28.450882484409494,13.893356025559665,0.8573456262180125,0.008412709001277108,"[""y@t"", ""data_quality_1@t+h"", ""data_quality_1@t"", ""throughput_2@t""]",4,4,1600.0,194,0.03333333333333333,20.650465949820788,6.576549413735342,
"granularity=30,n_bins=4",persistence,3,2799,930,0.9086021505376344,2.525415908445082,38.258121005634806,20.650465949820788,837,0.9689366786140979,0.8583112891447339,26.190436311118795,6.254400637196337,93,0.3655913978494624,17.529357482148214,146.86728325627888,150.21505376344086,85,0.0,27.63102111592854,190.56792010182738,183.6913725490196,845,1.0,0.0,22.93701695453851,4.249901380670613,796,0.9673366834170855,0.9025207902187716,26.300253186035004,6.576549413735342,0.8573456262180125,0.008412709001277108,"[""y@t"", ""data_quality_1@t+h"", ""data_quality_1@t"", ""throughput_2@t""]",4,4,1600.0,194,0.03333333333333333,20.650465949820788,6.576549413735342,
"granularity=30,n_bins=4",model,4,3729,940,0.925531914893617,0.22777858692783887,32.89713105306642,17.97691804678925,846,0.9716312056737588,0.11359128323911444,26.871548754966692,10.66524058191371,94,0.5106382978723404,1.2554643201263587,87.12737173596399,83.7820152306691,68,0.058823529411764705,2.404603288954407,132.86898189992624,125.1793084747438,872,0.9931192660550459,0.05802620190741841,25.101161032898453,9.617098609746929,819,0.9706959706959707,0.113381627755175,26.37060171168936,10.292387842397893,0.87824405388805,0.00977795899962075,"[""y@t"", ""data_quality_1@t+h"", ""rps@t+h""]",3,4,160.0,72,0.0010638297872340426,15.70595744680851,5.206267806267805,
"granularity=30,n_bins=4",ar,4,3729,940,0.9276595744680851,0.32257586969411606,36.91505024836666,24.5279233951388,846,0.9775413711583925,0.1590657225474401,28.70197026644348,15.485292614021404,94,0.4787234042553192,1.7941671940141994,110.83277008567528,105.9116004251954,68,0.0,3.310261406128396,167.45312517858042,155.77210748948013,872,1.0,0.08959121777034197,26.735475597845404,14.293285185947044,819,0.9768009768009768,0.1593279185764727,27.95112697134456,14.909905892802678,0.8803427623116626,0.00977795899962075,"[""y@t"", ""data_quality_1@t+h"", ""rps@t+h""]",3,4,160.0,72,0.0010638297872340426,15.70595744680851,5.206267806267805,
"granularity=30,n_bins=4",persistence,4,3729,940,0.9276595744680851,1.998839825407597,35.492324563774496,15.705957446808512,846,0.9775413711583925,0.6205548477572606,26.37995520887322,5.0401103230890465,94,0.4787234042553192,14.403404624260624,117.50364875788593,111.6985815602837,68,0.0,27.63102111592854,180.9488030937863,168.14656862745096,872,1.0,0.0,24.149388164645135,3.8183868501529052,819,0.9768009768009768,0.6410126998811263,26.549742689378654,5.206267806267807,0.8803427623116626,0.00977795899962075,"[""y@t"", ""data_quality_1@t+h"", ""rps@t+h""]",3,4,160.0,72,0.0010638297872340426,15.70595744680851,5.206267806267805,
"granularity=30,n_bins=4",model,5,4669,930,0.9311827956989247,0.23055816249917183,33.53079296107959,16.102735289662487,837,0.983273596176822,0.08136576607714269,26.711149859006028,7.723322133507847,93,0.46236559139784944,1.5732897302974347,94.90758087974162,91.51745369505427,66,0.030303030303030304,2.7985011150943677,149.86700848883987,141.81274007726915,864,1.0,0.03439585362037212,24.643998719375674,6.499887701720312,811,0.9827373612823674,0.08111168405173738,26.282926464716333,7.297866357449323,0.8731699963579704,0.013091582999550155,"[""y@t"", ""data_quality_1@t+h"", ""rps@t+h"", ""avg_p_latency_1@t""]",4,4,640.0,167,0.016129032258064516,16.11440860215054,5.614632141389232,
"granularity=30,n_bins=4",ar,5,4669,930,0.9290322580645162,0.31359839404906,37.31354530601536,23.612511947845384,837,0.983273596176822,0.13441829103376718,29.161679133088477,14.279318524951488,93,0.44086021505376344,1.9262193211866954,110.68034086235727,107.61125275389044,66,0.0,3.3440862091277292,172.17266289345108,163.19239906302244,864,1.0,0.08210279706388392,27.01180715697512,12.950159459880469,811,0.9827373612823674,0.13502680624502494,28.777081764326084,13.924753041773236,0.871907155155794,0.013091582999550155,"[""y@t"", ""data_quality_1@t+h"", ""rps@t+h"", ""avg_p_latency_1@t""]",4,4,640.0,167,0.016129032258064516,16.11440860215054,5.614632141389232,
"granularity=30,n_bins=4",persistence,5,4669,930,0.9290322580645162,1.9609111759691227,36.290214667794615,16.114408602150537,837,0.983273596176822,0.46216761723177974,27.38662045226969,5.440223018717643,93,0.44086021505376344,15.449603204605209,116.42256260751887,112.18207885304659,66,0.0,27.631021115928544,185.29945837252106,176.13737373737376,864,1.0,0.0,24.907564107016896,3.890432098765432,811,0.9827373612823674,0.47698433492355075,27.63334082659013,5.614632141389231,0.871907155155794,0.013091582999550155,"[""y@t"", ""data_quality_1@t+h"", ""rps@t+h"", ""avg_p_latency_1@t""]",4,4,640.0,167,0.016129032258064516,16.11440860215054,5.614632141389232,
"granularity=30,n_bins=4,on_change=static",model,1,929,940,0.9106382978723404,0.32065863725452054,37.91736976665656,23.39870864666985,846,0.9680851063829787,0.1662105811030887,28.966610169175045,12.380368618276774,94,0.39361702127659576,1.7106911426174067,118.47420614399026,122.5637689022075,77,0.06493506493506493,2.693611467247705,143.67050487142737,133.98131340920256,863,0.9860950173812283,0.10893515184377292,28.48169027295164,13.532126298216754,795,0.9660377358490566,0.16464444906212186,27.021583049089624,10.762669391018724,0.8783286032295383,0.0064609590008331,"[""y@t"", ""cores_1@t"", ""cores_1@t+h"", ""throughput_2@t""]",4,4,400.0,56,0.08936170212765958,17.55039007092199,6.454297693920335,"[""buffer_size_3@t"", ""buffer_size_2@t""]"
"granularity=30,n_bins=4,on_change=static",ar,1,929,940,0.9180851063829787,0.3547159137955465,38.28733478229033,25.863734633358625,846,0.9680851063829787,0.1805872353226761,29.592859312111187,15.807498925491753,94,0.46808510638297873,1.9218740200513806,116.53761401390258,116.36985600416048,77,0.0,3.321121564256331,159.74828311200935,146.8855614520283,863,1.0,0.09004240848212779,27.45014704024124,15.065726910256,795,0.9660377358490566,0.17956005565920066,27.4560498611714,14.14338248056467,0.8925845433666091,0.0064609590008331,"[""y@t"", ""cores_1@t"", ""cores_1@t+h"", ""throughput_2@t""]",4,4,400.0,56,0.08936170212765958,17.55039007092199,6.454297693920335,"[""buffer_size_3@t"", ""buffer_size_2@t""]"
"granularity=30,n_bins=4,on_change=static",persistence,1,929,940,0.9180851063829787,2.2633921552409553,36.57957324113367,17.55039007092199,846,0.9680851063829787,0.8818410994445282,27.21353634070658,6.065208825847126,94,0.46808510638297873,14.697351657408799,120.87390534497754,120.91702127659575,77,0.0,27.63102111592854,173.74615996429796,159.3705627705628,863,1.0,0.0,24.341071297120173,4.896678254152184,795,0.9660377358490566,0.9384120378994601,27.48094282125737,6.454297693920336,0.8925845433666091,0.0064609590008331,"[""y@t"", ""cores_1@t"", ""cores_1@t+h"", ""throughput_2@t""]",4,4,400.0,56,0.08936170212765958,17.55039007092199,6.454297693920335,"[""buffer_size_3@t"", ""buffer_size_2@t""]"
"granularity=30,n_bins=4,on_change=static",model,2,1869,930,0.9451612903225807,0.2256780330970483,31.562082471145718,17.626367973743836,837,0.9689366786140979,0.11951198729853402,26.860314755389304,10.631727039533931,93,0.7311827956989247,1.1811724452836767,73.87799191295345,80.57813638163293,77,0.38961038961038963,1.8862986529307009,94.68788104722603,89.03018416748942,853,0.9953106682297772,0.07577441325274432,25.86373957506344,11.180771435738665,823,0.968408262454435,0.11994398346396858,26.64145171247762,10.435126883280098,0.8976741955621912,0.006457625000621192,"[""y@t"", ""data_quality_1@t+h"", ""rps@t+h"", ""throughput_2@t""]",4,4,640.0,93,0.03870967741935484,17.59401433691756,5.692061563385987,"[""data_quality_1@t+h"", ""rps@t+h""]"
"granularity=30,n_bins=4,on_change=static",ar,2,1869,930,0.9172043010752688,0.3495706893783996,38.3836643625787,24.60869300700433,837,0.9689366786140979,0.1692188311479948,28.944230289797638,13.969133372741071,93,0.45161290322580644,1.9727374134520412,123.33857101760822,120.36472971537368,77,0.0,3.3149088291988225,167.45354709301498,148.40346860095977,853,1.0,0.08189069316952195,26.732572955493588,13.433783604032973,823,0.968408262454435,0.17039383301656333,28.76451198079862,13.828137125469048,0.8724809711111081,0.006457625000621192,"[""y@t"", ""data_quality_1@t+h"", ""rps@t+h"", ""throughput_2@t""]",4,4,640.0,93,0.03870967741935484,17.59401433691756,5.692061563385987,"[""data_quality_1@t+h"", ""rps@t+h""]"
"granularity=30,n_bins=4,on_change=static",persistence,2,1869,930,0.9172043010752688,2.2877297052973096,37.960934885669914,17.59401433691756,837,0.9689366786140979,0.8583112891447339,27.932951009125468,5.596853843090402,93,0.45161290322580644,15.152495450670495,128.21278977456984,125.56845878136197,77,0.0,27.63102111592854,180.284588066791,159.7320346320346,853,1.0,0.0,25.11343043672931,4.763266901133256,823,0.968408262454435,0.8729119672103793,28.08480017533709,5.6920615633859875,0.8724809711111081,0.006457625000621192,"[""y@t"", ""data_quality_1@t+h"", ""rps@t+h"", ""throughput_2@t""]",4,4,640.0,93,0.03870967741935484,17.59401433691756,5.692061563385987,"[""data_quality_1@t+h"", ""rps@t+h""]"
"granularity=30,n_bins=4,on_change=static",model,3,2799,930,0.9258064516129032,0.2766725425763693,34.43401194635451,18.193449723752522,837,0.9689366786140979,0.1305946500925484,26.51007960913397,7.719570802969452,93,0.5376344086021505,1.5913735749307576,105.7494029813393,112.45836001080018,85,0.21176470588235294,2.6369970486458447,136.20833741484884,130.6644723973966,845,0.9976331360946745,0.039243450249854026,24.196357905145017,6.879796555397793,796,0.9673366834170855,0.13106721374796595,25.5877455182243,7.036757452477102,0.8631366404660027,0.008251167000707937,"[""y@t"", ""data_quality_1@t+h"", ""data_quality_1@t"", ""throughput_2@t""]",4,4,1600.0,194,0.03333333333333333,20.650465949820788,6.576549413735342,"[""buffer_size_3@t"", ""data_quality_3@t+h"", ""rps@t+h""]"
"granularity=30,n_bins=4,on_change=static",ar,3,2799,930,0.9086021505376344,0.3756534351057148,40.75704837803989,27.523644049704103,837,0.9689366786140979,0.1716975827837042,29.58789313352656,14.590356410732248,93,0.3655913978494624,2.21125610600381,141.27944557865985,143.92323280045076,85,0.0,3.2893152624659545,177.05362019429882,171.6999669208902,845,1.0,0.08256319211681491,27.046742337351123,13.020700328933899,796,0.9673366834170855,0.17350657189224616,28.450882484409494,13.893356025559665,0.8573456262180125,0.008251167000707937,"[""y@t"", ""data_quality_1@t+h"", ""data_quality_1@t"", ""throughput_2@t""]",4,4,1600.0,194,0.03333333333333333,20.650465949820788,6.576549413735342,"[""buffer_size_3@t"", ""data_quality_3@t+h"", ""rps@t+h""]"
"granularity=30,n_bins=4,on_change=static",persistence,3,2799,930,0.9086021505376344,2.525415908445082,38.258121005634806,20.650465949820788,837,0.9689366786140979,0.8583112891447339,26.190436311118795,6.254400637196337,93,0.3655913978494624,17.529357482148214,146.86728325627888,150.21505376344086,85,0.0,27.63102111592854,190.56792010182738,183.6913725490196,845,1.0,0.0,22.93701695453851,4.249901380670613,796,0.9673366834170855,0.9025207902187716,26.300253186035004,6.576549413735342,0.8573456262180125,0.008251167000707937,"[""y@t"", ""data_quality_1@t+h"", ""data_quality_1@t"", ""throughput_2@t""]",4,4,1600.0,194,0.03333333333333333,20.650465949820788,6.576549413735342,"[""buffer_size_3@t"", ""data_quality_3@t+h"", ""rps@t+h""]"
"granularity=30,n_bins=4,on_change=static",model,4,3729,940,0.948936170212766,0.19085568785992146,30.434939854342563,15.78180912253308,846,0.9716312056737588,0.11359128323911444,26.871548754966692,10.66524058191371,94,0.7446808510638298,0.8862353294471846,62.505459748725414,61.8309259881074,68,0.45588235294117646,1.6662668157964706,88.18015401684202,83.91373041428629,872,0.9873853211009175,0.07580069164468593,25.931872694881594,10.468769388772508,819,0.9706959706959707,0.113381627755175,26.37060171168936,10.292387842397893,0.9198545635926215,0.010459625000294182,"[""y@t"", ""data_quality_1@t+h"", ""rps@t+h""]",3,4,160.0,72,0.0010638297872340426,15.70595744680851,5.206267806267805,"[""data_quality_1@t+h"", ""buffer_size_2@t""]"
"granularity=30,n_bins=4,on_change=static",ar,4,3729,940,0.9276595744680851,0.32257586969411606,36.91505024836666,24.5279233951388,846,0.9775413711583925,0.1590657225474401,28.70197026644348,15.485292614021404,94,0.4787234042553192,1.7941671940141994,110.83277008567528,105.9116004251954,68,0.0,3.310261406128396,167.45312517858042,155.77210748948013,872,1.0,0.08959121777034197,26.735475597845404,14.293285185947044,819,0.9768009768009768,0.1593279185764727,27.95112697134456,14.909905892802678,0.8803427623116626,0.010459625000294182,"[""y@t"", ""data_quality_1@t+h"", ""rps@t+h""]",3,4,160.0,72,0.0010638297872340426,15.70595744680851,5.206267806267805,"[""data_quality_1@t+h"", ""buffer_size_2@t""]"
"granularity=30,n_bins=4,on_change=static",persistence,4,3729,940,0.9276595744680851,1.998839825407597,35.492324563774496,15.705957446808512,846,0.9775413711583925,0.6205548477572606,26.37995520887322,5.0401103230890465,94,0.4787234042553192,14.403404624260624,117.50364875788593,111.6985815602837,68,0.0,27.63102111592854,180.9488030937863,168.14656862745096,872,1.0,0.0,24.149388164645135,3.8183868501529052,819,0.9768009768009768,0.6410126998811263,26.549742689378654,5.206267806267807,0.8803427623116626,0.010459625000294182,"[""y@t"", ""data_quality_1@t+h"", ""rps@t+h""]",3,4,160.0,72,0.0010638297872340426,15.70595744680851,5.206267806267805,"[""data_quality_1@t+h"", ""buffer_size_2@t""]"
"granularity=30,n_bins=4,on_change=static",model,5,4669,930,0.9548387096774194,0.18452434880217597,32.47886390960399,15.780703138247913,837,0.983273596176822,0.08136576607714269,26.711149859006028,7.723322133507847,93,0.6989247311827957,1.1129515933274756,84.38829036498561,88.29713218090852,66,0.42424242424242425,1.900643230105794,121.95388929560293,123.15047483505367,864,0.9953703703703703,0.05343193425814956,25.6439661370624,7.578845578075253,811,0.9827373612823674,0.08111168405173738,26.282926464716333,7.297866357449323,0.8906001062513115,0.012438084000677918,"[""y@t"", ""data_quality_1@t+h"", ""rps@t+h"", ""avg_p_latency_1@t""]",4,4,640.0,167,0.016129032258064516,16.11440860215054,5.614632141389232,"[""data_quality_1@t+h"", ""rps@t+h"", ""buffer_size_3@t""]"
"granularity=30,n_bins=4,on_change=static",ar,5,4669,930,0.9290322580645162,0.31359839404906,37.31354530601536,23.612511947845384,837,0.983273596176822,0.13441829103376718,29.161679133088477,14.279318524951488,93,0.44086021505376344,1.9262193211866954,110.68034086235727,107.61125275389044,66,0.0,3.3440862091277292,172.17266289345108,163.19239906302244,864,1.0,0.08210279706388392,27.01180715697512,12.950159459880469,811,0.9827373612823674,0.13502680624502494,28.777081764326084,13.924753041773236,0.871907155155794,0.012438084000677918,"[""y@t"", ""data_quality_1@t+h"", ""rps@t+h"", ""avg_p_latency_1@t""]",4,4,640.0,167,0.016129032258064516,16.11440860215054,5.614632141389232,"[""data_quality_1@t+h"", ""rps@t+h"", ""buffer_size_3@t""]"
"granularity=30,n_bins=4,on_change=static",persistence,5,4669,930,0.9290322580645162,1.9609111759691227,36.290214667794615,16.114408602150537,837,0.983273596176822,0.46216761723177974,27.38662045226969,5.440223018717643,93,0.44086021505376344,15.449603204605209,116.42256260751887,112.18207885304659,66,0.0,27.631021115928544,185.29945837252106,176.13737373737376,864,1.0,0.0,24.907564107016896,3.890432098765432,811,0.9827373612823674,0.47698433492355075,27.63334082659013,5.614632141389231,0.871907155155794,0.012438084000677918,"[""y@t"", ""data_quality_1@t+h"", ""rps@t+h"", ""avg_p_latency_1@t""]",4,4,640.0,167,0.016129032258064516,16.11440860215054,5.614632141389232,"[""data_quality_1@t+h"", ""rps@t+h"", ""buffer_size_3@t""]"
"granularity=30,n_bins=4,on_change=chain",model,1,929,940,0.924468085106383,0.2896410240828016,38.665491407299044,24.13422454184993,846,0.9680851063829787,0.1662105811030887,28.966610169175045,12.380368618276774,94,0.5319148936170213,1.4005150109002176,125.95542255041505,129.91892785400833,77,0.2727272727272727,2.104081389380369,121.97851362127471,115.16695239876786,863,0.9826187717265353,0.12775005290329672,31.232000433398554,16.01195334256525,795,0.9660377358490566,0.16464444906212186,27.021583049089624,10.762669391018724,0.8860924514383005,0.00447879099920101,"[""y@t"", ""cores_1@t"", ""cores_1@t+h"", ""throughput_2@t""]",4,4,400.0,56,0.08936170212765958,17.55039007092199,6.454297693920335,
"granularity=30,n_bins=4,on_change=chain",ar,1,929,940,0.9180851063829787,0.3547159137955465,38.28733478229033,25.863734633358625,846,0.9680851063829787,0.1805872353226761,29.592859312111187,15.807498925491753,94,0.46808510638297873,1.9218740200513806,116.53761401390258,116.36985600416048,77,0.0,3.321121564256331,159.74828311200935,146.8855614520283,863,1.0,0.09004240848212779,27.45014704024124,15.065726910256,795,0.9660377358490566,0.17956005565920066,27.4560498611714,14.14338248056467,0.8925845433666091,0.00447879099920101,"[""y@t"", ""cores_1@t"", ""cores_1@t+h"", ""throughput_2@t""]",4,4,400.0,56,0.08936170212765958,17.55039007092199,6.454297693920335,
"granularity=30,n_bins=4,on_change=chain",persistence,1,929,940,0.9180851063829787,2.2633921552409553,36.57957324113367,17.55039007092199,846,0.9680851063829787,0.8818410994445282,27.21353634070658,6.065208825847126,94,0.46808510638297873,14.697351657408799,120.87390534497754,120.91702127659575,77,0.0,27.63102111592854,173.74615996429796,159.3705627705628,863,1.0,0.0,24.341071297120173,4.896678254152184,795,0.9660377358490566,0.9384120378994601,27.48094282125737,6.454297693920336,0.8925845433666091,0.00447879099920101,"[""y@t"", ""cores_1@t"", ""cores_1@t+h"", ""throughput_2@t""]",4,4,400.0,56,0.08936170212765958,17.55039007092199,6.454297693920335,
"granularity=30,n_bins=4,on_change=chain",model,2,1869,930,0.9483870967741935,0.2050234538622446,31.9613281916,17.972277873665192,837,0.9689366786140979,0.11951198729853402,26.860314755389304,10.631727039533931,93,0.7634408602150538,0.97462665293564,77.8704491174963,84.03723538084651,77,0.42857142857142855,1.7662608441767993,93.19540879431555,90.78054771636054,853,0.9953106682297772,0.06409112202845715,26.43374998947914,11.399901815180378,823,0.968408262454435,0.11994398346396858,26.64145171247762,10.435126883280098,0.9001532433440104,0.006060917001377675,"[""y@t"", ""data_quality_1@t+h"", ""rps@t+h"", ""throughput_2@t""]",4,4,640.0,93,0.03870967741935484,17.59401433691756,5.692061563385987,
"granularity=30,n_bins=4,on_change=chain",ar,2,1869,930,0.9172043010752688,0.3495706893783996,38.3836643625787,24.60869300700433,837,0.9689366786140979,0.1692188311479948,28.944230289797638,13.969133372741071,93,0.45161290322580644,1.9727374134520412,123.33857101760822,120.36472971537368,77,0.0,3.3149088291988225,167.45354709301498,148.40346860095977,853,1.0,0.08189069316952195,26.732572955493588,13.433783604032973,823,0.968408262454435,0.17039383301656333,28.76451198079862,13.828137125469048,0.8724809711111081,0.006060917001377675,"[""y@t"", ""data_quality_1@t+h"", ""rps@t+h"", ""throughput_2@t""]",4,4,640.0,93,0.03870967741935484,17.59401433691756,5.692061563385987,
"granularity=30,n_bins=4,on_change=chain",persistence,2,1869,930,0.9172043010752688,2.2877297052973096,37.960934885669914,17.59401433691756,837,0.9689366786140979,0.8583112891447339,27.932951009125468,5.596853843090402,93,0.45161290322580644,15.152495450670495,128.21278977456984,125.56845878136197,77,0.0,27.63102111592854,180.284588066791,159.7320346320346,853,1.0,0.0,25.11343043672931,4.763266901133256,823,0.968408262454435,0.8729119672103793,28.08480017533709,5.6920615633859875,0.8724809711111081,0.006060917001377675,"[""y@t"", ""data_quality_1@t+h"", ""rps@t+h"", ""throughput_2@t""]",4,4,640.0,93,0.03870967741935484,17.59401433691756,5.692061563385987,
"granularity=30,n_bins=4,on_change=chain",model,3,2799,930,0.9440860215053763,0.21375615635747547,32.693186702987056,16.172478269073423,837,0.9689366786140979,0.1305946500925484,26.51007960913397,7.719570802969452,93,0.7204301075268817,0.962209712741819,88.34115054766485,92.24864546400916,85,0.43529411764705883,1.950038253128236,111.60450395382692,107.86087656772234,845,0.9952662721893492,0.03910056082432199,24.755361890772395,6.949384949090988,796,0.9673366834170855,0.13106721374796595,25.5877455182243,7.036757452477102,0.8942760087040184,0.008457084000838222,"[""y@t"", ""data_quality_1@t+h"", ""data_quality_1@t"", ""throughput_2@t""]",4,4,1600.0,194,0.03333333333333333,20.650465949820788,6.576549413735342,
"granularity=30,n_bins=4,on_change=chain",ar,3,2799,930,0.9086021505376344,0.3756534351057148,40.75704837803989,27.523644049704103,837,0.9689366786140979,0.1716975827837042,29.58789313352656,14.590356410732248,93,0.3655913978494624,2.21125610600381,141.27944557865985,143.92323280045076,85,0.0,3.2893152624659545,177.05362019429882,171.6999669208902,845,1.0,0.08256319211681491,27.046742337351123,13.020700328933899,796,0.9673366834170855,0.17350657189224616,28.450882484409494,13.893356025559665,0.8573456262180125,0.008457084000838222,"[""y@t"", ""data_quality_1@t+h"", ""data_quality_1@t"", ""throughput_2@t""]",4,4,1600.0,194,0.03333333333333333,20.650465949820788,6.576549413735342,
"granularity=30,n_bins=4,on_change=chain",persistence,3,2799,930,0.9086021505376344,2.525415908445082,38.258121005634806,20.650465949820788,837,0.9689366786140979,0.8583112891447339,26.190436311118795,6.254400637196337,93,0.3655913978494624,17.529357482148214,146.86728325627888,150.21505376344086,85,0.0,27.63102111592854,190.56792010182738,183.6913725490196,845,1.0,0.0,22.93701695453851,4.249901380670613,796,0.9673366834170855,0.9025207902187716,26.300253186035004,6.576549413735342,0.8573456262180125,0.008457084000838222,"[""y@t"", ""data_quality_1@t+h"", ""data_quality_1@t"", ""throughput_2@t""]",4,4,1600.0,194,0.03333333333333333,20.650465949820788,6.576549413735342,
"granularity=30,n_bins=4,on_change=chain",model,4,3729,940,0.9574468085106383,0.1632886642923549,29.88002013132124,15.7009604529156,846,0.9716312056737588,0.11359128323911444,26.871548754966692,10.66524058191371,94,0.8297872340425532,0.6105650937715186,56.95626251851217,61.02243929193261,68,0.5441176470588235,1.3350865139131058,84.56879247877247,87.66385358617431,872,0.9896788990825688,0.07190993289991095,25.615299351932837,10.089175208578913,819,0.9706959706959707,0.113381627755175,26.37060171168936,10.292387842397893,0.9028974786147659,0.010430915999677381,"[""y@t"", ""data_quality_1@t+h"", ""rps@t+h""]",3,4,160.0,72,0.0010638297872340426,15.70595744680851,5.206267806267805,
"granularity=30,n_bins=4,on_change=chain",ar,4,3729,940,0.9276595744680851,0.32257586969411606,36.91505024836666,24.5279233951388,846,0.9775413711583925,0.1590657225474401,28.70197026644348,15.485292614021404,94,0.4787234042553192,1.7941671940141994,110.83277008567528,105.9116004251954,68,0.0,3.310261406128396,167.45312517858042,155.77210748948013,872,1.0,0.08959121777034197,26.735475597845404,14.293285185947044,819,0.9768009768009768,0.1593279185764727,27.95112697134456,14.909905892802678,0.8803427623116626,0.010430915999677381,"[""y@t"", ""data_quality_1@t+h"", ""rps@t+h""]",3,4,160.0,72,0.0010638297872340426,15.70595744680851,5.206267806267805,
"granularity=30,n_bins=4,on_change=chain",persistence,4,3729,940,0.9276595744680851,1.998839825407597,35.492324563774496,15.705957446808512,846,0.9775413711583925,0.6205548477572606,26.37995520887322,5.0401103230890465,94,0.4787234042553192,14.403404624260624,117.50364875788593,111.6985815602837,68,0.0,27.63102111592854,180.9488030937863,168.14656862745096,872,1.0,0.0,24.149388164645135,3.8183868501529052,819,0.9768009768009768,0.6410126998811263,26.549742689378654,5.206267806267807,0.8803427623116626,0.010430915999677381,"[""y@t"", ""data_quality_1@t+h"", ""rps@t+h""]",3,4,160.0,72,0.0010638297872340426,15.70595744680851,5.206267806267805,
"granularity=30,n_bins=4,on_change=chain",model,5,4669,930,0.9698924731182795,0.14994983069799164,30.925810022320093,14.375604151663614,837,0.983273596176822,0.08136576607714269,26.711149859006028,7.723322133507847,93,0.8494623655913979,0.7672064122856328,68.85775149214666,74.2461423150655,66,0.6363636363636364,1.3966413159653748,95.39807341392135,98.8389021975023,864,0.9953703703703703,0.05471645335117767,26.000845457683884,7.923546662050937,811,0.9827373612823674,0.08111168405173738,26.282926464716333,7.297866357449323,0.9005699151251029,0.012137040999732562,"[""y@t"", ""data_quality_1@t+h"", ""rps@t+h"", ""avg_p_latency_1@t""]",4,4,640.0,167,0.016129032258064516,16.11440860215054,5.614632141389232,
"granularity=30,n_bins=4,on_change=chain",ar,5,4669,930,0.9290322580645162,0.31359839404906,37.31354530601536,23.612511947845384,837,0.983273596176822,0.13441829103376718,29.161679133088477,14.279318524951488,93,0.44086021505376344,1.9262193211866954,110.68034086235727,107.61125275389044,66,0.0,3.3440862091277292,172.17266289345108,163.19239906302244,864,1.0,0.08210279706388392,27.01180715697512,12.950159459880469,811,0.9827373612823674,0.13502680624502494,28.777081764326084,13.924753041773236,0.871907155155794,0.012137040999732562,"[""y@t"", ""data_quality_1@t+h"", ""rps@t+h"", ""avg_p_latency_1@t""]",4,4,640.0,167,0.016129032258064516,16.11440860215054,5.614632141389232,
"granularity=30,n_bins=4,on_change=chain",persistence,5,4669,930,0.9290322580645162,1.9609111759691227,36.290214667794615,16.114408602150537,837,0.983273596176822,0.46216761723177974,27.38662045226969,5.440223018717643,93,0.44086021505376344,15.449603204605209,116.42256260751887,112.18207885304659,66,0.0,27.631021115928544,185.29945837252106,176.13737373737376,864,1.0,0.0,24.907564107016896,3.890432098765432,811,0.9827373612823674,0.47698433492355075,27.63334082659013,5.614632141389231,0.871907155155794,0.012137040999732562,"[""y@t"", ""data_quality_1@t+h"", ""rps@t+h"", ""avg_p_latency_1@t""]",4,4,640.0,167,0.016129032258064516,16.11440860215054,5.614632141389232,
"granularity=30,n_bins=10",model,1,929,940,0.8521276595744681,0.6819399586961981,29.74595908817937,25.8279913414824,846,0.9208037825059102,0.3924218780182465,20.094331677792404,15.91279689894711,94,0.23404255319148937,3.287602684797762,116.61060578166206,115.06474132429996,134,0.0,3.7683478529482666,101.16684561316207,95.5138103308878,806,0.9937965260545906,0.1688150730513131,17.87201517459664,14.242507787412519,795,0.9157232704402516,0.4061213216288721,19.475721806544314,15.177468790690863,0.7223072349955952,0.00508879200060619,"[""y@t"", ""cores_1@t"", ""data_quality_2@t+h"", ""throughput_1@t""]",4,10,5000.0,143,0.5297872340425532,17.55039007092199,6.454297693920335,
"granularity=30,n_bins=10",ar,1,929,940,0.8521276595744681,0.6843532169118072,29.232803894653234,25.90203612686781,846,0.9208037825059102,0.3932667312185863,19.364905059187766,15.860745036706568,94,0.23404255319148937,3.304131588150794,118.04389341384247,116.27365593831897,134,0.0,3.7968208446532685,102.34467055588742,96.56706096758768,806,0.9937965260545906,0.1668958197438718,17.077729288443084,14.153756562777906,795,0.9157232704402516,0.4066309547034953,18.724453139906544,15.0549230809558,0.7223072349955952,0.00508879200060619,"[""y@t"", ""cores_1@t"", ""data_quality_2@t+h"", ""throughput_1@t""]",4,10,5000.0,143,0.5297872340425532,17.55039007092199,6.454297693920335,
"granularity=30,n_bins=10",persistence,1,929,940,0.8574468085106383,3.9388902441855587,26.077438144677917,17.55039007092199,846,0.9267139479905437,2.0249684505763237,15.328198232358554,6.065208825847126,94,0.23404255319148937,21.16418638666867,122.8205973555522,120.91702127659573,134,0.0,27.631021115928544,111.33104573824694,102.73980099502488,806,1.0,0.0,11.903761447980338,3.387386269644336,795,0.9220125786163522,2.15487208702839,16.064652430687016,6.454297693920335,0.7899318505902715,0.00508879200060619,"[""y@t"", ""cores_1@t"", ""data_quality_2@t+h"", ""throughput_1@t""]",4,10,5000.0,143,0.5297872340425532,17.55039007092199,6.454297693920335,
"granularity=30,n_bins=10",model,2,1869,930,0.8580645161290322,0.5676548708009446,25.815726748174214,22.423440781307715,837,0.929510155316607,0.3079077002183771,15.90810227866614,12.304999048020047,93,0.21505376344086022,2.9053794060440525,114.98434697374688,113.48941638089673,132,0.0,3.3598182833592567,100.087167181844,95.18386570292066,798,1.0,0.10579325368603586,13.530225323055902,10.387881771717607,823,0.928311057108141,0.3110993497109338,15.903149018557091,12.280222225496097,0.780468758365808,0.006985041000007186,"[""y@t"", ""data_quality_1@t+h"", ""throughput_2@t"", ""rps@t+h""]",4,10,10000.0,286,0.1913978494623656,17.59401433691756,5.692061563385987,
"granularity=30,n_bins=10",ar,2,1869,930,0.8580645161290322,0.6609865754544979,28.165104496782273,25.76521591239638,837,0.929510155316607,0.37622046359939415,17.74666663134456,15.293778653612128,93,0.21505376344086022,3.223881582150433,121.93104528572165,120.00815124145467,132,0.0,3.733856281847295,105.74275499298221,99.81210545309597,798,1.0,0.1526923383068172,15.332711181621383,13.516858244009981,823,0.928311057108141,0.38054201226339734,17.73060016657307,15.282881445912658,0.780468758365808,0.006985041000007186,"[""y@t"", ""data_quality_1@t+h"", ""throughput_2@t"", ""rps@t+h""]",4,10,10000.0,286,0.1913978494623656,17.59401433691756,5.692061563385987,
"granularity=30,n_bins=10",persistence,2,1869,930,0.8580645161290322,3.9218223519382454,26.254162855067293,17.594014336917564,837,0.929510155316607,1.9477063869053577,15.009002071995008,5.596853843090403,93,0.21505376344086022,21.68886603723423,127.46060990271789,125.56845878136197,132,0.0,27.631021115928544,113.49608941836135,105.635101010101,798,1.0,0.0,11.823167483695345,3.0308270676691733,823,0.928311057108141,1.9808386948235532,15.117415096664862,5.6920615633859875,0.780468758365808,0.006985041000007186,"[""y@t"", ""data_quality_1@t+h"", ""throughput_2@t"", ""rps@t+h""]",4,10,10000.0,286,0.1913978494623656,17.59401433691756,5.692061563385987,
"granularity=30,n_bins=10",model,3,2799,930,0.853763440860215,0.6115126751188307,26.07261353355702,22.71392069228323,837,0.9259259259259259,0.34611802202028746,14.678452168123455,10.958894871232886,93,0.20430107526881722,3.0000645530057213,128.62006582245914,128.50915308173632,136,0.0,3.515561864628754,112.33729896236997,107.41569060731317,794,1.0,0.11409367036650142,11.296798397135667,8.20580896880203,796,0.9221105527638191,0.35640107433844326,14.530486314128531,10.63970215435337,0.6785730694265827,0.010512957998798811,"[""y@t"", ""data_quality_1@t+h"", ""data_quality_2@t+h""]",3,10,1000.0,209,0.14731182795698924,20.650465949820788,6.576549413735342,
"granularity=30,n_bins=10",ar,3,2799,930,0.853763440860215,0.662101590141012,28.614967244343475,26.887567303204655,837,0.9259259259259259,0.3687249279000231,15.697571755550802,13.90425745371386,93,0.20430107526881722,3.3024915503099113,144.87152664347752,143.73735594862177,136,0.0,3.7061046474862502,122.57155238462207,117.78076154227563,794,1.0,0.14071063825316266,12.521647875227742,11.318959725731537,796,0.9221105527638191,0.37932764184266,15.396663418287103,13.511814989124225,0.6785730694265827,0.010512957998798811,"[""y@t"", ""data_quality_1@t+h"", ""data_quality_2@t+h""]",3,10,1000.0,209,0.14731182795698924,20.650465949820788,6.576549413735342,
"granularity=30,n_bins=10",persistence,3,2799,930,0.853763440860215,4.040665453512132,27.737668112148683,20.650465949820788,837,0.9259259259259259,2.046742304883596,14.022447548245893,6.254400637196337,93,0.20430107526881722,21.98597379116895,151.17465318727375,150.2150537634409,136,0.0,27.631021115928547,131.57318465588983,124.37475490196078,794,1.0,0.0,9.952239585764802,2.8840890008396323,796,0.9221105527638191,2.152164961290917,14.600111922957614,6.576549413735342,0.6785730694265827,0.010512957998798811,"[""y@t"", ""data_quality_1@t+h"", ""data_quality_2@t+h""]",3,10,1000.0,209,0.14731182795698924,20.650465949820788,6.576549413735342,
"granularity=30,n_bins=10",model,4,3729,940,0.8787234042553191,0.4999982965439333,22.88018045248029,17.44643443135377,846,0.9479905437352246,0.22343370408529928,13.774267313534946,7.985576408801398,94,0.2553191489361702,2.9890796286716395,104.8333987029884,102.5941566343251,114,0.0,3.5139579112942103,106.54520510039879,100.57551651952443,826,1.0,0.08402808337016635,11.333191578554494,5.973413416763631,819,0.9462759462759462,0.226441791473451,13.515234542747883,7.597937018382515,0.7820533514963909,0.01205149999987043,"[""y@t"", ""data_quality_1@t+h"", ""data_quality_1@t"", ""rps@t+h""]",4,10,10000.0,494,0.1351063829787234,15.70595744680851,5.206267806267805,
"granularity=30,n_bins=10",ar,4,3729,940,0.8787234042553191,0.6020054223338847,26.163529886252217,23.585396295358166,846,0.9479905437352246,0.324041632212438,17.054422375567878,14.446590661841636,94,0.2553191489361702,3.103679533426905,108.14549748241129,105.8346469970069,114,0.0,3.8281650780742607,110.54039748417372,104.01454456117845,826,1.0,0.15674852069417178,14.518296343681934,12.485005372472557,819,0.9462759462759462,0.32889321284302325,16.728754352233352,14.04927163958329,0.7820533514963909,0.01205149999987043,"[""y@t"", ""data_quality_1@t+h"", ""data_quality_1@t"", ""rps@t+h""]",4,10,10000.0,494,0.1351063829787234,15.70595744680851,5.206267806267805,
"granularity=30,n_bins=10",persistence,4,3729,940,0.8787234042553191,3.3509961778892063,23.355775449355562,15.705957446808513,846,0.9479905437352246,1.4370743842799718,13.275207036019403,5.0401103230890465,94,0.2553191489361702,20.57629232037232,114.080891169381,111.6985815602837,114,0.0,27.631021115928544,118.2632098144731,111.28567251461989,826,1.0,0.0,10.257170706470093,2.514568200161421,819,0.9462759462759462,1.484450462882608,13.623821659991473,5.206267806267805,0.7820533514963909,0.01205149999987043,"[""y@t"", ""data_quality_1@t+h"", ""data_quality_1@t"", ""rps@t+h""]",4,10,10000.0,494,0.1351063829787234,15.70595744680851,5.206267806267805,
"granularity=30,n_bins=10",model,5,4669,930,0.8817204301075269,0.46618504870435484,24.318417863241844,18.912151175859595,837,0.9474313022700119,0.22503410935522736,16.095571428254566,9.925148325393245,93,0.2903225806451613,2.636543502846502,98.32403577812732,99.79517683005666,110,0.0,3.2447776262253556,103.94462000283397,101.56865474839077,820,1.0,0.0934470200125132,13.636854161589243,7.824083623446871,811,0.9457459926017263,0.22823973832586192,15.833946458605599,9.656523102752539,0.7405465805453832,0.013545042000259855,"[""y@t"", ""data_quality_1@t+h"", ""rps@t+h""]",3,10,1000.0,299,0.024731182795698924,16.11440860215054,5.614632141389232,
"granularity=30,n_bins=10",ar,5,4669,930,0.8817204301075269,0.5535796174809149,26.45721477446495,22.733618724789423,837,0.9474313022700119,0.29699233564588906,17.54195687133682,13.278702275973655,93,0.2903225806451613,2.862865153996147,106.69453590261811,107.82786676413131,110,0.0,3.6246028848187692,112.76251948321836,109.23356448508476,820,1.0,0.14161308161851976,14.87967389890047,11.129967464262,811,0.9457459926017263,0.3017764233677173,17.26937278972615,12.998654552160408,0.7405465805453832,0.013545042000259855,"[""y@t"", ""data_quality_1@t+h"", ""rps@t+h""]",3,10,1000.0,299,0.024731182795698924,16.11440860215054,5.614632141389232,
"granularity=30,n_bins=10",persistence,5,4669,930,0.8817204301075269,3.2681852932818716,24.191062499056525,16.11440860215054,837,0.9474313022700119,1.4525267970141649,14.534245372931482,5.440223018717644,93,0.2903225806451613,19.609111759691224,111.1024166341819,112.18207885304659,110,0.0,27.63102111592854,120.69691688153875,115.68606060606061,820,1.0,0.0,11.245155203845496,2.7572357723577245,811,0.9457459926017263,1.4990936240454453,14.753015452000493,5.614632141389232,0.7405465805453832,0.013545042000259855,"[""y@t"", ""data_quality_1@t+h"", ""rps@t+h""]",3,10,1000.0,299,0.024731182795698924,16.11440860215054,5.614632141389232,
"granularity=30,n_bins=10,on_change=static",model,1,929,940,0.8521276595744681,0.6318629714499951,30.00955214022234,26.247084933563237,846,0.9208037825059102,0.3924218780182465,20.094331677792404,15.91279689894711,94,0.23404255319148937,2.7868328123357324,119.24653630209174,119.25567724510833,134,0.08208955223880597,3.266116539812651,95.78280972301359,91.29231190304432,806,0.9801488833746899,0.19391014494801517,19.074544055738432,15.433114196701615,795,0.9157232704402516,0.4061213216288721,19.475721806544314,15.177468790690863,0.721120387849194,0.00479879199883726,"[""y@t"", ""cores_1@t"", ""data_quality_2@t+h"", ""throughput_1@t""]",4,10,5000.0,143,0.5297872340425532,17.55039007092199,6.454297693920335,"[""buffer_size_3@t""]"
"granularity=30,n_bins=10,on_change=static",ar,1,929,940,0.8521276595744681,0.6843532169118072,29.232803894653234,25.90203612686781,846,0.9208037825059102,0.3932667312185863,19.364905059187766,15.860745036706568,94,0.23404255319148937,3.304131588150794,118.04389341384247,116.27365593831897,134,0.0,3.7968208446532685,102.34467055588742,96.56706096758768,806,0.9937965260545906,0.1668958197438718,17.077729288443084,14.153756562777906,795,0.9157232704402516,0.4066309547034953,18.724453139906544,15.0549230809558,0.7223072349955952,0.00479879199883726,"[""y@t"", ""cores_1@t"", ""data_quality_2@t+h"", ""throughput_1@t""]",4,10,5000.0,143,0.5297872340425532,17.55039007092199,6.454297693920335,"[""buffer_size_3@t""]"
"granularity=30,n_bins=10,on_change=static",persistence,1,929,940,0.8574468085106383,3.9388902441855587,26.077438144677917,17.55039007092199,846,0.9267139479905437,2.0249684505763237,15.328198232358554,6.065208825847126,94,0.23404255319148937,21.16418638666867,122.8205973555522,120.91702127659573,134,0.0,27.631021115928544,111.33104573824694,102.73980099502488,806,1.0,0.0,11.903761447980338,3.387386269644336,795,0.9220125786163522,2.15487208702839,16.064652430687016,6.454297693920335,0.7899318505902715,0.00479879199883726,"[""y@t"", ""cores_1@t"", ""data_quality_2@t+h"", ""throughput_1@t""]",4,10,5000.0,143,0.5297872340425532,17.55039007092199,6.454297693920335,"[""buffer_size_3@t""]"
"granularity=30,n_bins=10,on_change=static",model,2,1869,930,0.8655913978494624,0.5841767488115903,25.48083110090226,22.096867548555192,837,0.929510155316607,0.3079077002183771,15.90810227866614,12.304999048020047,93,0.2903225806451613,3.0705981861505083,111.63539050102732,110.22368405337149,132,0.06818181818181818,3.4415381044891227,94.60762608967421,90.39692877071741,798,0.9974937343358395,0.11153050952658479,14.0463236591505,10.799113060678733,823,0.928311057108141,0.3110993497109338,15.903149018557091,12.280222225496097,0.791319248568188,0.007107166000423604,"[""y@t"", ""data_quality_1@t+h"", ""throughput_2@t"", ""rps@t+h""]",4,10,10000.0,286,0.1913978494623656,17.59401433691756,5.692061563385987,"[""buffer_size_3@t"", ""rps@t+h""]"
"granularity=30,n_bins=10,on_change=static",ar,2,1869,930,0.8580645161290322,0.6609865754544979,28.165104496782273,25.76521591239638,837,0.929510155316607,0.37622046359939415,17.74666663134456,15.293778653612128,93,0.21505376344086022,3.223881582150433,121.93104528572165,120.00815124145467,132,0.0,3.733856281847295,105.74275499298221,99.81210545309597,798,1.0,0.1526923383068172,15.332711181621383,13.516858244009981,823,0.928311057108141,0.38054201226339734,17.73060016657307,15.282881445912658,0.780468758365808,0.007107166000423604,"[""y@t"", ""data_quality_1@t+h"", ""throughput_2@t"", ""rps@t+h""]",4,10,10000.0,286,0.1913978494623656,17.59401433691756,5.692061563385987,"[""buffer_size_3@t"", ""rps@t+h""]"
"granularity=30,n_bins=10,on_change=static",persistence,2,1869,930,0.8580645161290322,3.9218223519382454,26.254162855067293,17.594014336917564,837,0.929510155316607,1.9477063869053577,15.009002071995008,5.596853843090403,93,0.21505376344086022,21.68886603723423,127.46060990271789,125.56845878136197,132,0.0,27.631021115928544,113.49608941836135,105.635101010101,798,1.0,0.0,11.823167483695345,3.0308270676691733,823,0.928311057108141,1.9808386948235532,15.117415096664862,5.6920615633859875,0.780468758365808,0.007107166000423604,"[""y@t"", ""data_quality_1@t+h"", ""throughput_2@t"", ""rps@t+h""]",4,10,10000.0,286,0.1913978494623656,17.59401433691756,5.692061563385987,"[""buffer_size_3@t"", ""rps@t+h""]"
"granularity=30,n_bins=10,on_change=static",model,3,2799,930,0.8559139784946237,0.6686768292473162,26.64324044977399,23.25979378230753,837,0.9259259259259259,0.34611802202028746,14.678452168123455,10.958894871232886,93,0.22580645161290322,3.571706094290575,134.32633498462883,133.96788398197936,136,0.022058823529411766,3.8554385129124387,114.68909447280606,109.50009924082343,794,0.9987405541561712,0.12283351819132544,11.562338501244568,8.488154560193976,796,0.9221105527638191,0.35640107433844326,14.530486314128531,10.63970215435337,0.675753126281681,0.008756958000958548,"[""y@t"", ""data_quality_1@t+h"", ""data_quality_2@t+h""]",3,10,1000.0,209,0.14731182795698924,20.650465949820788,6.576549413735342,"[""buffer_size_3@t"", ""buffer_size_2@t""]"
"granularity=30,n_bins=10,on_change=static",ar,3,2799,930,0.853763440860215,0.662101590141012,28.614967244343475,26.887567303204655,837,0.9259259259259259,0.3687249279000231,15.697571755550802,13.90425745371386,93,0.20430107526881722,3.3024915503099113,144.87152664347752,143.73735594862177,136,0.0,3.7061046474862502,122.57155238462207,117.78076154227563,794,1.0,0.14071063825316266,12.521647875227742,11.318959725731537,796,0.9221105527638191,0.37932764184266,15.396663418287103,13.511814989124225,0.6785730694265827,0.008756958000958548,"[""y@t"", ""data_quality_1@t+h"", ""data_quality_2@t+h""]",3,10,1000.0,209,0.14731182795698924,20.650465949820788,6.576549413735342,"[""buffer_size_3@t"", ""buffer_size_2@t""]"
"granularity=30,n_bins=10,on_change=static",persistence,3,2799,930,0.853763440860215,4.040665453512132,27.737668112148683,20.650465949820788,837,0.9259259259259259,2.046742304883596,14.022447548245893,6.254400637196337,93,0.20430107526881722,21.98597379116895,151.17465318727375,150.2150537634409,136,0.0,27.631021115928547,131.57318465588983,124.37475490196078,794,1.0,0.0,9.952239585764802,2.8840890008396323,796,0.9221105527638191,2.152164961290917,14.600111922957614,6.576549413735342,0.6785730694265827,0.008756958000958548,"[""y@t"", ""data_quality_1@t+h"", ""data_quality_2@t+h""]",3,10,1000.0,209,0.14731182795698924,20.650465949820788,6.576549413735342,"[""buffer_size_3@t"", ""buffer_size_2@t""]"
"granularity=30,n_bins=10,on_change=static",model,4,3729,940,0.8861702127659574,0.48897389123178037,21.630492678841588,16.393958190678273,846,0.9479905437352246,0.22343370408529928,13.774267313534946,7.985576408801398,94,0.32978723404255317,2.87883557555011,92.3365209666014,92.06939422757013,114,0.12280701754385964,3.1501504969826706,88.89525083676112,84.10798300143918,826,0.9915254237288136,0.12169285847681488,12.346978841065772,7.048439027934033,819,0.9462759462759462,0.226441791473451,13.515234542747883,7.597937018382515,0.7933291783148577,0.013451625000016065,"[""y@t"", ""data_quality_1@t+h"", ""data_quality_1@t"", ""rps@t+h""]",4,10,10000.0,494,0.1351063829787234,15.70595744680851,5.206267806267805,"[""buffer_size_3@t"", ""data_quality_3@t+h""]"
"granularity=30,n_bins=10,on_change=static",ar,4,3729,940,0.8787234042553191,0.6020054223338847,26.163529886252217,23.585396295358166,846,0.9479905437352246,0.324041632212438,17.054422375567878,14.446590661841636,94,0.2553191489361702,3.103679533426905,108.14549748241129,105.8346469970069,114,0.0,3.8281650780742607,110.54039748417372,104.01454456117845,826,1.0,0.15674852069417178,14.518296343681934,12.485005372472557,819,0.9462759462759462,0.32889321284302325,16.728754352233352,14.04927163958329,0.7820533514963909,0.013451625000016065,"[""y@t"", ""data_quality_1@t+h"", ""data_quality_1@t"", ""rps@t+h""]",4,10,10000.0,494,0.1351063829787234,15.70595744680851,5.206267806267805,"[""buffer_size_3@t"", ""data_quality_3@t+h""]"
"granularity=30,n_bins=10,on_change=static",persistence,4,3729,940,0.8787234042553191,3.3509961778892063,23.355775449355562,15.705957446808513,846,0.9479905437352246,1.4370743842799718,13.275207036019403,5.0401103230890465,94,0.2553191489361702,20.57629232037232,114.080891169381,111.6985815602837,114,0.0,27.631021115928544,118.2632098144731,111.28567251461989,826,1.0,0.0,10.257170706470093,2.514568200161421,819,0.9462759462759462,1.484450462882608,13.623821659991473,5.206267806267805,0.7820533514963909,0.013451625000016065,"[""y@t"", ""data_quality_1@t+h"", ""data_quality_1@t"", ""rps@t+h""]",4,10,10000.0,494,0.1351063829787234,15.70595744680851,5.206267806267805,"[""buffer_size_3@t"", ""data_quality_3@t+h""]"
"granularity=30,n_bins=10,on_change=static",model,5,4669,930,0.8774193548387097,0.4866954653817339,24.760046218432517,19.46898602936509,837,0.9474313022700119,0.22503410935522736,16.095571428254566,9.925148325393245,93,0.24731182795698925,2.841647669620292,102.7403193300341,105.3635253651117,110,0.02727272727272727,3.278893288142711,102.44457898072358,100.89292685506136,820,0.9914634146341463,0.11213234281623692,14.3389503600764,8.54626226006437,811,0.9457459926017263,0.22823973832586192,15.833946458605599,9.656523102752539,0.7270694663858215,0.01373708400024043,"[""y@t"", ""data_quality_1@t+h"", ""rps@t+h""]",3,10,1000.0,299,0.024731182795698924,16.11440860215054,5.614632141389232,"[""buffer_size_3@t"", ""buffer_size_2@t""]"
"granularity=30,n_bins=10,on_change=static",ar,5,4669,930,0.8817204301075269,0.5535796174809149,26.45721477446495,22.733618724789423,837,0.9474313022700119,0.29699233564588906,17.54195687133682,13.278702275973655,93,0.2903225806451613,2.862865153996147,106.69453590261811,107.82786676413131,110,0.0,3.6246028848187692,112.76251948321836,109.23356448508476,820,1.0,0.14161308161851976,14.87967389890047,11.129967464262,811,0.9457459926017263,0.3017764233677173,17.26937278972615,12.998654552160408,0.7405465805453832,0.01373708400024043,"[""y@t"", ""data_quality_1@t+h"", ""rps@t+h""]",3,10,1000.0,299,0.024731182795698924,16.11440860215054,5.614632141389232,"[""buffer_size_3@t"", ""buffer_size_2@t""]"
"granularity=30,n_bins=10,on_change=static",persistence,5,4669,930,0.8817204301075269,3.2681852932818716,24.191062499056525,16.11440860215054,837,0.9474313022700119,1.4525267970141649,14.534245372931482,5.440223018717644,93,0.2903225806451613,19.609111759691224,111.1024166341819,112.18207885304659,110,0.0,27.63102111592854,120.69691688153875,115.68606060606061,820,1.0,0.0,11.245155203845496,2.7572357723577245,811,0.9457459926017263,1.4990936240454453,14.753015452000493,5.614632141389232,0.7405465805453832,0.01373708400024043,"[""y@t"", ""data_quality_1@t+h"", ""rps@t+h""]",3,10,1000.0,299,0.024731182795698924,16.11440860215054,5.614632141389232,"[""buffer_size_3@t"", ""buffer_size_2@t""]"
"granularity=30,n_bins=10,on_change=chain",model,1,929,940,0.8627659574468085,0.5562345095962027,31.389180056710146,27.74790332540028,846,0.9208037825059102,0.3924218780182465,20.094331677792404,15.91279689894711,94,0.3404255319148936,2.0305481937978067,133.0428154669698,134.26386116347877,134,0.15671641791044777,2.5763724813387223,94.28690998071644,90.34463194655116,806,0.9801488833746899,0.22038030585737167,20.93223736462969,17.341003033546414,795,0.9157232704402516,0.4061213216288721,19.475721806544314,15.177468790690863,0.7230276793055697,0.004691583000749233,"[""y@t"", ""cores_1@t"", ""data_quality_2@t+h"", ""throughput_1@t""]",4,10,5000.0,143,0.5297872340425532,17.55039007092199,6.454297693920335,
"granularity=30,n_bins=10,on_change=chain",ar,1,929,940,0.8521276595744681,0.6843532169118072,29.232803894653234,25.90203612686781,846,0.9208037825059102,0.3932667312185863,19.364905059187766,15.860745036706568,94,0.23404255319148937,3.304131588150794,118.04389341384247,116.27365593831897,134,0.0,3.7968208446532685,102.34467055588742,96.56706096758768,806,0.9937965260545906,0.1668958197438718,17.077729288443084,14.153756562777906,795,0.9157232704402516,0.4066309547034953,18.724453139906544,15.0549230809558,0.7223072349955952,0.004691583000749233,"[""y@t"", ""cores_1@t"", ""data_quality_2@t+h"", ""throughput_1@t""]",4,10,5000.0,143,0.5297872340425532,17.55039007092199,6.454297693920335,
"granularity=30,n_bins=10,on_change=chain",persistence,1,929,940,0.8574468085106383,3.9388902441855587,26.077438144677917,17.55039007092199,846,0.9267139479905437,2.0249684505763237,15.328198232358554,6.065208825847126,94,0.23404255319148937,21.16418638666867,122.8205973555522,120.91702127659573,134,0.0,27.631021115928544,111.33104573824694,102.73980099502488,806,1.0,0.0,11.903761447980338,3.387386269644336,795,0.9220125786163522,2.15487208702839,16.064652430687016,6.454297693920335,0.7899318505902715,0.004691583000749233,"[""y@t"", ""cores_1@t"", ""data_quality_2@t+h"", ""throughput_1@t""]",4,10,5000.0,143,0.5297872340425532,17.55039007092199,6.454297693920335,
"granularity=30,n_bins=10,on_change=chain",model,2,1869,930,0.8956989247311828,0.44906527937307306,23.62126330565597,20.45282300716947,837,0.929510155316607,0.3079077002183771,15.90810227866614,12.304999048020047,93,0.5913978494623656,1.719483491765336,93.03971254856447,93.7832386395143,132,0.2878787878787879,2.3789429489267166,73.03155185560908,70.21148288775552,798,0.9962406015037594,0.1298373941837485,15.448132868821622,12.22206723744847,823,0.928311057108141,0.3110993497109338,15.903149018557091,12.280222225496097,0.8053160805893835,0.007172875000833301,"[""y@t"", ""data_quality_1@t+h"", ""throughput_2@t"", ""rps@t+h""]",4,10,10000.0,286,0.1913978494623656,17.59401433691756,5.692061563385987,
"granularity=30,n_bins=10,on_change=chain",ar,2,1869,930,0.8580645161290322,0.6609865754544979,28.165104496782273,25.76521591239638,837,0.929510155316607,0.37622046359939415,17.74666663134456,15.293778653612128,93,0.21505376344086022,3.223881582150433,121.93104528572165,120.00815124145467,132,0.0,3.733856281847295,105.74275499298221,99.81210545309597,798,1.0,0.1526923383068172,15.332711181621383,13.516858244009981,823,0.928311057108141,0.38054201226339734,17.73060016657307,15.282881445912658,0.780468758365808,0.007172875000833301,"[""y@t"", ""data_quality_1@t+h"", ""throughput_2@t"", ""rps@t+h""]",4,10,10000.0,286,0.1913978494623656,17.59401433691756,5.692061563385987,
"granularity=30,n_bins=10,on_change=chain",persistence,2,1869,930,0.8580645161290322,3.9218223519382454,26.254162855067293,17.594014336917564,837,0.929510155316607,1.9477063869053577,15.009002071995008,5.596853843090403,93,0.21505376344086022,21.68886603723423,127.46060990271789,125.56845878136197,132,0.0,27.631021115928544,113.49608941836135,105.635101010101,798,1.0,0.0,11.823167483695345,3.0308270676691733,823,0.928311057108141,1.9808386948235532,15.117415096664862,5.6920615633859875,0.780468758365808,0.007172875000833301,"[""y@t"", ""data_quality_1@t+h"", ""throughput_2@t"", ""rps@t+h""]",4,10,10000.0,286,0.1913978494623656,17.59401433691756,5.692061563385987,
"granularity=30,n_bins=10,on_change=chain",model,3,2799,930,0.8956989247311828,0.47930640332306423,22.904192192565958,19.67458951391424,837,0.9259259259259259,0.34611802202028746,14.678452168123455,10.958894871232886,93,0.6236559139784946,1.678001835048056,96.93585241254843,98.11584129804646,136,0.35294117647058826,2.3721271277409715,83.59009831207945,79.78646414334021,794,0.9886649874055415,0.1550952968736494,12.509628927762636,9.378349023231701,796,0.9221105527638191,0.35640107433844326,14.530486314128531,10.63970215435337,0.7095420400561875,0.009861624999757623,"[""y@t"", ""data_quality_1@t+h"", ""data_quality_2@t+h""]",3,10,1000.0,209,0.14731182795698924,20.650465949820788,6.576549413735342,
"granularity=30,n_bins=10,on_change=chain",ar,3,2799,930,0.853763440860215,0.662101590141012,28.614967244343475,26.887567303204655,837,0.9259259259259259,0.3687249279000231,15.697571755550802,13.90425745371386,93,0.20430107526881722,3.3024915503099113,144.87152664347752,143.73735594862177,136,0.0,3.7061046474862502,122.57155238462207,117.78076154227563,794,1.0,0.14071063825316266,12.521647875227742,11.318959725731537,796,0.9221105527638191,0.37932764184266,15.396663418287103,13.511814989124225,0.6785730694265827,0.009861624999757623,"[""y@t"", ""data_quality_1@t+h"", ""data_quality_2@t+h""]",3,10,1000.0,209,0.14731182795698924,20.650465949820788,6.576549413735342,
"granularity=30,n_bins=10,on_change=chain",persistence,3,2799,930,0.853763440860215,4.040665453512132,27.737668112148683,20.650465949820788,837,0.9259259259259259,2.046742304883596,14.022447548245893,6.254400637196337,93,0.20430107526881722,21.98597379116895,151.17465318727375,150.2150537634409,136,0.0,27.631021115928547,131.57318465588983,124.37475490196078,794,1.0,0.0,9.952239585764802,2.8840890008396323,796,0.9221105527638191,2.152164961290917,14.600111922957614,6.576549413735342,0.6785730694265827,0.009861624999757623,"[""y@t"", ""data_quality_1@t+h"", ""data_quality_2@t+h""]",3,10,1000.0,209,0.14731182795698924,20.650465949820788,6.576549413735342,
"granularity=30,n_bins=10,on_change=chain",model,4,3729,940,0.9234042553191489,0.30331004771711984,19.21370132823174,14.11526463785463,846,0.9479905437352246,0.22343370408529928,13.774267313534946,7.985576408801398,94,0.7021276595744681,1.022197140403505,68.1686074605029,69.2824586993337,114,0.42105263157894735,1.7592487066216624,68.05340543407671,64.73603569258003,826,0.9927360774818402,0.10236936113707402,12.473112625972266,7.128862821585023,819,0.9462759462759462,0.226441791473451,13.515234542747883,7.597937018382515,0.7329114361649084,0.011364709000190487,"[""y@t"", ""data_quality_1@t+h"", ""data_quality_1@t"", ""rps@t+h""]",4,10,10000.0,494,0.1351063829787234,15.70595744680851,5.206267806267805,
"granularity=30,n_bins=10,on_change=chain",ar,4,3729,940,0.8787234042553191,0.6020054223338847,26.163529886252217,23.585396295358166,846,0.9479905437352246,0.324041632212438,17.054422375567878,14.446590661841636,94,0.2553191489361702,3.103679533426905,108.14549748241129,105.8346469970069,114,0.0,3.8281650780742607,110.54039748417372,104.01454456117845,826,1.0,0.15674852069417178,14.518296343681934,12.485005372472557,819,0.9462759462759462,0.32889321284302325,16.728754352233352,14.04927163958329,0.7820533514963909,0.011364709000190487,"[""y@t"", ""data_quality_1@t+h"", ""data_quality_1@t"", ""rps@t+h""]",4,10,10000.0,494,0.1351063829787234,15.70595744680851,5.206267806267805,
"granularity=30,n_bins=10,on_change=chain",persistence,4,3729,940,0.8787234042553191,3.3509961778892063,23.355775449355562,15.705957446808513,846,0.9479905437352246,1.4370743842799718,13.275207036019403,5.0401103230890465,94,0.2553191489361702,20.57629232037232,114.080891169381,111.6985815602837,114,0.0,27.631021115928544,118.2632098144731,111.28567251461989,826,1.0,0.0,10.257170706470093,2.514568200161421,819,0.9462759462759462,1.484450462882608,13.623821659991473,5.206267806267805,0.7820533514963909,0.011364709000190487,"[""y@t"", ""data_quality_1@t+h"", ""data_quality_1@t"", ""rps@t+h""]",4,10,10000.0,494,0.1351063829787234,15.70595744680851,5.206267806267805,
"granularity=30,n_bins=10,on_change=chain",model,5,4669,930,0.9290322580645162,0.3256621996316894,21.424729986506723,15.987709759991013,837,0.9474313022700119,0.22503410935522736,16.095571428254566,9.925148325393245,93,0.7634408602150538,1.2313150121198473,69.38715701077612,70.55076267137092,110,0.42727272727272725,1.9009452252649244,67.90631017532887,65.90625568087829,820,0.9963414634146341,0.11434374497357244,15.189396058737897,9.291319453530523,811,0.9457459926017263,0.22823973832586192,15.833946458605599,9.656523102752539,0.7752742618035806,0.013691874999494758,"[""y@t"", ""data_quality_1@t+h"", ""rps@t+h""]",3,10,1000.0,299,0.024731182795698924,16.11440860215054,5.614632141389232,
"granularity=30,n_bins=10,on_change=chain",ar,5,4669,930,0.8817204301075269,0.5535796174809149,26.45721477446495,22.733618724789423,837,0.9474313022700119,0.29699233564588906,17.54195687133682,13.278702275973655,93,0.2903225806451613,2.862865153996147,106.69453590261811,107.82786676413131,110,0.0,3.6246028848187692,112.76251948321836,109.23356448508476,820,1.0,0.14161308161851976,14.87967389890047,11.129967464262,811,0.9457459926017263,0.3017764233677173,17.26937278972615,12.998654552160408,0.7405465805453832,0.013691874999494758,"[""y@t"", ""data_quality_1@t+h"", ""rps@t+h""]",3,10,1000.0,299,0.024731182795698924,16.11440860215054,5.614632141389232,
"granularity=30,n_bins=10,on_change=chain",persistence,5,4669,930,0.8817204301075269,3.2681852932818716,24.191062499056525,16.11440860215054,837,0.9474313022700119,1.4525267970141649,14.534245372931482,5.440223018717644,93,0.2903225806451613,19.609111759691224,111.1024166341819,112.18207885304659,110,0.0,27.63102111592854,120.69691688153875,115.68606060606061,820,1.0,0.0,11.245155203845496,2.7572357723577245,811,0.9457459926017263,1.4990936240454453,14.753015452000493,5.614632141389232,0.7405465805453832,0.013691874999494758,"[""y@t"", ""data_quality_1@t+h"", ""rps@t+h""]",3,10,1000.0,299,0.024731182795698924,16.11440860215054,5.614632141389232,
granularity=30,model,1,929,940,0.7893617021276595,1.027498243864572,23.22913882022599,22.72397807690254,846,0.8628841607565012,0.5923336702763149,13.079014993390713,12.588813191923919,94,0.1276595744680851,4.943979406158887,114.58025326174352,113.94046204171019,193,0.0,4.239560841036188,73.95584650574565,72.6851654343661,747,0.9933065595716198,0.19760790751367238,10.123041653819973,9.815665948401248,795,0.8540880503144654,0.616018182157715,12.10264786480727,11.534732080103002,0.6019491778837185,0.005389207999542123,"[""y@t"", ""data_quality_1@t+h"", ""throughput_2@t"", ""data_quality_1@t""]",4,20,40000.0,169,0.32553191489361705,17.55039007092199,6.454297693920335,
granularity=30,ar,1,929,940,0.7893617021276595,1.065724886075879,26.13936151880388,26.05034153427163,846,0.8628841607565012,0.624431271573059,16.04293342032114,16.01729237842663,94,0.1276595744680851,5.037367416601257,117.00721440514857,116.34778393687665,193,0.0,4.277631632337839,76.3936817571835,75.2576953661106,747,0.9933065595716198,0.23587481642586788,13.15531358572856,13.336794961922337,795,0.8540880503144654,0.652025980085654,15.488392888628074,15.400711734792669,0.6019491778837185,0.005389207999542123,"[""y@t"", ""data_quality_1@t+h"", ""throughput_2@t"", ""data_quality_1@t""]",4,20,40000.0,169,0.32553191489361705,17.55039007092199,6.454297693920335,
granularity=30,persistence,1,929,940,0.7946808510638298,5.673177739759798,20.50596101496628,17.55039007092199,846,0.8687943262411347,3.625346742160837,9.262603518409952,6.065208825847128,94,0.1276595744680851,24.10365671815043,121.69617848397326,120.91702127659573,193,0.0,27.631021115928547,79.75206112521249,76.3203799654577,747,1.0,0.0,5.198735685277504,2.36617581436859,795,0.8603773584905661,3.857916155808891,9.736582000159439,6.454297693920337,0.6117906916259294,0.005389207999542123,"[""y@t"", ""data_quality_1@t+h"", ""throughput_2@t"", ""data_quality_1@t""]",4,20,40000.0,169,0.32553191489361705,17.55039007092199,6.454297693920335,
granularity=30,model,2,1869,930,0.7978494623655914,0.9478621985275724,23.39595396445347,22.671417149610352,837,0.8745519713261649,0.5250032897647857,12.9953143063791,12.142509821966991,93,0.10752688172043011,4.753592377392652,117.00171088712283,117.43158309840067,183,0.00546448087431694,3.9835232307385477,77.5346958746972,76.23345157724849,747,0.9919678714859438,0.20418620268472298,10.133049319775283,9.549794257699007,823,0.8724179829890644,0.5312724354812643,12.923421757687517,12.04504262606467,0.5244338927483494,0.01115554099851579,"[""y@t"", ""data_quality_1@t+h"", ""rps@t+h""]",3,20,4000.0,401,0.1935483870967742,17.59401433691756,5.692061563385987,
granularity=30,ar,2,1869,930,0.7978494623655914,1.0108809604334115,25.39942259982754,24.944250803214505,837,0.8745519713261649,0.5860449252404838,14.893371154044333,14.347388892445887,93,0.10752688172043011,4.834405277169762,119.9538856118764,120.31600800013202,183,0.00546448087431694,4.170139474115243,79.89901899484836,78.66007717886868,747,0.9919678714859438,0.2369260635073406,12.048115852452957,11.784951972230953,823,0.8724179829890644,0.5935764439615644,14.904823770587504,14.33081597222638,0.5244338927483494,0.01115554099851579,"[""y@t"", ""data_quality_1@t+h"", ""rps@t+h""]",3,20,4000.0,401,0.1935483870967742,17.59401433691756,5.692061563385987,
granularity=30,persistence,2,1869,930,0.8032258064516129,5.4370718970052945,20.9148665918186,17.594014336917564,837,0.8805256869772998,3.301197265941284,9.28368463590289,5.596853843090403,93,0.10752688172043011,24.659943576581387,125.59550419505999,125.56845878136197,183,0.0,27.63102111592854,82.91408642017653,80.32969034608378,747,1.0,0.0,5.7263026981244876,2.225033467202143,823,0.8784933171324423,3.357353720039921,9.373656732027863,5.6920615633859875,0.5642935255181877,0.01115554099851579,"[""y@t"", ""data_quality_1@t+h"", ""rps@t+h""]",3,20,4000.0,401,0.1935483870967742,17.59401433691756,5.692061563385987,
granularity=30,model,3,2799,930,0.8021505376344086,0.8610859839335143,23.4420789047508,20.960049090784445,837,0.8733572281959379,0.5032747202772291,10.546427543428944,7.845953220109561,93,0.16129032258064516,4.081387356840082,139.5029411566475,138.9869119268584,186,0.010752688172043012,3.826059256363203,89.55901759728185,86.75135430033184,744,1.0,0.11984266582609233,6.912844231618035,4.512222788397595,796,0.8668341708542714,0.5217065605451605,10.139771569544328,7.366996165672932,0.5216788781415976,0.010894875000303728,"[""y@t"", ""data_quality_1@t+h"", ""data_quality_1@t""]",3,20,2000.0,283,0.10967741935483871,20.650465949820788,6.576549413735342,
granularity=30,ar,3,2799,930,0.8,0.9395847616212782,27.048195645125556,27.004510102251412,837,0.8709677419354839,0.5694439542006007,13.96335223382172,13.95989486604473,93,0.16129032258064516,4.270852028407376,144.81178634686006,144.4060472281116,186,0.0,3.932919180182712,92.8157413762134,91.1207431723584,744,1.0,0.19125115698091966,10.606309212353597,10.975451834724666,796,0.864321608040201,0.5897928963244546,13.572539982441814,13.5782402034393,0.5195805093098192,0.010894875000303728,"[""y@t"", ""data_quality_1@t+h"", ""data_quality_1@t""]",3,20,2000.0,283,0.10967741935483871,20.650465949820788,6.576549413735342,
granularity=30,persistence,3,2799,930,0.8,5.526204223185709,23.75798194290606,20.650465949820788,837,0.8709677419354839,3.5652930472165867,9.65045432862813,6.254400637196337,93,0.16129032258064516,23.174404806907813,150.72573047140742,150.2150537634409,186,0.0,27.631021115928547,98.07787511580146,94.72025089605735,744,1.0,0.0,5.178008649682207,2.1330197132616493,796,0.864321608040201,3.748932513216436,10.038957635272244,6.576549413735344,0.5205324652818555,0.010894875000303728,"[""y@t"", ""data_quality_1@t+h"", ""data_quality_1@t""]",3,20,2000.0,283,0.10967741935483871,20.650465949820788,6.576549413735342,
granularity=30,model,4,3729,940,0.8446808510638298,0.7673300908729853,19.488124502079614,16.725565748244733,846,0.91725768321513,0.40996483570049363,10.385652723165263,7.509106241940387,94,0.19148936170212766,3.9836173874254093,101.4103705123088,99.67370130498384,149,0.020134228187919462,4.003585944573908,82.71263331050231,78.81329746540156,791,1.0,0.15771931691415153,7.578577330834378,5.030152314797998,819,0.9145299145299145,0.4190562719579356,10.150620812415115,7.241488616634161,0.7063909515643226,0.013652792000357294,"[""y@t"", ""data_quality_1@t+h"", ""data_quality_1@t""]",3,20,2000.0,341,0.07446808510638298,15.70595744680851,5.206267806267805,
granularity=30,ar,4,3729,940,0.8414893617021276,0.8433483957345499,24.392696699547606,23.753877355591268,846,0.9137115839243499,0.48113085210811146,15.220001995999237,14.652240344805136,94,0.19148936170212766,4.103306288372496,106.94694903148294,105.66861045266643,149,0.0,4.072172409045156,86.80854951432832,83.37220786565899,791,1.0,0.2351375512550552,12.635475372869571,12.523622935869282,819,0.9108669108669109,0.49095662151641095,14.893498973743373,14.324343124352412,0.7004972458603702,0.013652792000357294,"[""y@t"", ""data_quality_1@t+h"", ""data_quality_1@t""]",3,20,2000.0,341,0.07446808510638298,15.70595744680851,5.206267806267805,
granularity=30,persistence,4,3729,940,0.8414893617021276,4.379810793907823,19.170009054743776,15.70595744680851,846,0.9137115839243499,2.3842370466463167,8.744738318950992,5.0401103230890465,94,0.19148936170212766,22.339974519261375,112.99744567687887,111.6985815602837,149,0.0,27.631021115928547,91.46640517840362,87.49910514541386,791,1.0,0.0,5.551598154079654,2.1823430257058583,819,0.9108669108669109,2.462838267964327,8.968418881423457,5.206267806267805,0.7004972458603702,0.013652792000357294,"[""y@t"", ""data_quality_1@t+h"", ""data_quality_1@t""]",3,20,2000.0,341,0.07446808510638298,15.70595744680851,5.206267806267805,
granularity=30,model,5,4669,930,0.8419354838709677,0.6993900643913695,19.73860975178574,18.613436947551424,837,0.910394265232975,0.36611968712206233,10.539890894201275,9.242584198342584,93,0.22580645161290322,3.698823459815135,102.527079470046,102.95111169043095,154,0.05194805194805195,3.5613356384759585,79.64831052732157,77.83141934230714,776,0.9987113402061856,0.13142663860654138,7.849313463857247,6.861414668179795,811,0.9075215782983971,0.37281067495736064,10.233810289139907,8.90268809628148,0.6959210305365626,0.016359084000214352,"[""y@t"", ""rps@t+h"", ""data_quality_1@t+h""]",3,20,4000.0,633,0.12580645161290321,16.11440860215054,5.614632141389232,
granularity=30,ar,5,4669,930,0.8354838709677419,0.8009199116390672,22.64882223793237,22.287628233534758,837,0.9032258064516129,0.46456723182212434,13.213484224472479,12.784118098474378,93,0.22580645161290322,3.8280940299915516,107.5668643590714,107.81921944907815,154,0.006493506493506494,3.806577482777956,83.76452576431691,81.86439701048606,776,1.0,0.20443632149037017,10.520190352541626,10.464403502026379,811,0.9001233045622689,0.47410552810067963,12.97751022321263,12.530614915175072,0.6754912819606533,0.016359084000214352,"[""y@t"", ""rps@t+h"", ""data_quality_1@t+h""]",3,20,4000.0,633,0.12580645161290321,16.11440860215054,5.614632141389232,
granularity=30,persistence,5,4669,930,0.8344086021505376,4.575459410594619,19.053420657375295,16.11440860215054,837,0.9020310633213859,2.706981758071853,8.738927688866493,5.440223018717643,93,0.22580645161290322,21.391758283299517,111.88385737395448,112.18207885304659,154,0.0,27.631021115928547,89.85042038033755,86.62294372294373,776,1.0,0.0,5.003500609261652,2.121735395189004,811,0.8988902589395807,2.793765390266512,8.917136178907544,5.614632141389232,0.6752952940970693,0.016359084000214352,"[""y@t"", ""rps@t+h"", ""data_quality_1@t+h""]",3,20,4000.0,633,0.12580645161290321,16.11440860215054,5.614632141389232,
"granularity=30,on_change=static",model,1,929,940,0.7872340425531915,0.9458551329651436,23.787246622103833,23.310522037091566,846,0.8628841607565012,0.5923336702763149,13.079014993390713,12.588813191923919,94,0.10638297872340426,4.127548297164603,120.16133128052196,119.80590164360042,193,0.02072538860103627,3.7792596272965446,74.03770062645167,72.97932308968055,747,0.9852744310575636,0.21379747914190336,10.804197595545425,10.477752822701108,795,0.8540880503144654,0.616018182157715,12.10264786480727,11.534732080103002,0.600259529486873,0.005336542000804911,"[""y@t"", ""data_quality_1@t+h"", ""throughput_2@t"", ""data_quality_1@t""]",4,20,40000.0,169,0.32553191489361705,17.55039007092199,6.454297693920335,"[""buffer_size_3@t""]"
"granularity=30,on_change=static",ar,1,929,940,0.7893617021276595,1.065724886075879,26.13936151880388,26.05034153427163,846,0.8628841607565012,0.624431271573059,16.04293342032114,16.01729237842663,94,0.1276595744680851,5.037367416601257,117.00721440514857,116.34778393687665,193,0.0,4.277631632337839,76.3936817571835,75.2576953661106,747,0.9933065595716198,0.23587481642586788,13.15531358572856,13.336794961922337,795,0.8540880503144654,0.652025980085654,15.488392888628074,15.400711734792669,0.6019491778837185,0.005336542000804911,"[""y@t"", ""data_quality_1@t+h"", ""throughput_2@t"", ""data_quality_1@t""]",4,20,40000.0,169,0.32553191489361705,17.55039007092199,6.454297693920335,"[""buffer_size_3@t""]"
"granularity=30,on_change=static",persistence,1,929,940,0.7946808510638298,5.673177739759798,20.50596101496628,17.55039007092199,846,0.8687943262411347,3.625346742160837,9.262603518409952,6.065208825847128,94,0.1276595744680851,24.10365671815043,121.69617848397326,120.91702127659573,193,0.0,27.631021115928547,79.75206112521249,76.3203799654577,747,1.0,0.0,5.198735685277504,2.36617581436859,795,0.8603773584905661,3.857916155808891,9.736582000159439,6.454297693920337,0.6117906916259294,0.005336542000804911,"[""y@t"", ""data_quality_1@t+h"", ""throughput_2@t"", ""data_quality_1@t""]",4,20,40000.0,169,0.32553191489361705,17.55039007092199,6.454297693920335,"[""buffer_size_3@t""]"
"granularity=30,on_change=static",model,2,1869,930,0.8043010752688172,0.9139005570960915,23.358123813497784,22.637676970240204,837,0.8745519713261649,0.5250032897647857,12.9953143063791,12.142509821966991,93,0.17204301075268819,4.413975963077845,116.62340937756592,117.09418130469915,183,0.04371584699453552,3.789115472072545,77.03832008807001,75.81446867293732,747,0.9906291834002677,0.20953063816611708,10.207553641815426,9.610430810141715,823,0.8724179829890644,0.5312724354812643,12.923421757687517,12.04504262606467,0.5298299004959204,0.007996833001016057,"[""y@t"", ""data_quality_1@t+h"", ""rps@t+h""]",3,20,4000.0,401,0.1935483870967742,17.59401433691756,5.692061563385987,"[""buffer_size_3@t""]"
"granularity=30,on_change=static",ar,2,1869,930,0.7978494623655914,1.0108809604334115,25.39942259982754,24.944250803214505,837,0.8745519713261649,0.5860449252404838,14.893371154044333,14.347388892445887,93,0.10752688172043011,4.834405277169762,119.9538856118764,120.31600800013202,183,0.00546448087431694,4.170139474115243,79.89901899484836,78.66007717886868,747,0.9919678714859438,0.2369260635073406,12.048115852452957,11.784951972230953,823,0.8724179829890644,0.5935764439615644,14.904823770587504,14.33081597222638,0.5244338927483494,0.007996833001016057,"[""y@t"", ""data_quality_1@t+h"", ""rps@t+h""]",3,20,4000.0,401,0.1935483870967742,17.59401433691756,5.692061563385987,"[""buffer_size_3@t""]"
"granularity=30,on_change=static",persistence,2,1869,930,0.8032258064516129,5.4370718970052945,20.9148665918186,17.594014336917564,837,0.8805256869772998,3.301197265941284,9.28368463590289,5.596853843090403,93,0.10752688172043011,24.659943576581387,125.59550419505999,125.56845878136197,183,0.0,27.63102111592854,82.91408642017653,80.32969034608378,747,1.0,0.0,5.7263026981244876,2.225033467202143,823,0.8784933171324423,3.357353720039921,9.373656732027863,5.6920615633859875,0.5642935255181877,0.007996833001016057,"[""y@t"", ""data_quality_1@t+h"", ""rps@t+h""]",3,20,4000.0,401,0.1935483870967742,17.59401433691756,5.692061563385987,"[""buffer_size_3@t""]"
"granularity=30,on_change=static",model,3,2799,930,0.8043010752688172,0.8586535281742966,22.962000689132488,20.48017936152682,837,0.8733572281959379,0.5032747202772291,10.546427543428944,7.845953220109561,93,0.1827956989247312,4.057062799247906,134.7021590004644,134.1882146342821,186,0.03225806451612903,3.7674742566415516,86.2189965217229,83.49339810092435,744,0.9973118279569892,0.13144834605748304,7.147751730984884,4.726874676677434,796,0.8668341708542714,0.5217065605451605,10.139771569544328,7.366996165672932,0.5265717034794519,0.009853625000687316,"[""y@t"", ""data_quality_1@t+h"", ""data_quality_1@t""]",3,20,2000.0,283,0.10967741935483871,20.650465949820788,6.576549413735342,"[""buffer_size_3@t""]"
"granularity=30,on_change=static",ar,3,2799,930,0.8,0.9395847616212782,27.048195645125556,27.004510102251412,837,0.8709677419354839,0.5694439542006007,13.96335223382172,13.95989486604473,93,0.16129032258064516,4.270852028407376,144.81178634686006,144.4060472281116,186,0.0,3.932919180182712,92.8157413762134,91.1207431723584,744,1.0,0.19125115698091966,10.606309212353597,10.975451834724666,796,0.864321608040201,0.5897928963244546,13.572539982441814,13.5782402034393,0.5195805093098192,0.009853625000687316,"[""y@t"", ""data_quality_1@t+h"", ""data_quality_1@t""]",3,20,2000.0,283,0.10967741935483871,20.650465949820788,6.576549413735342,"[""buffer_size_3@t""]"
"granularity=30,on_change=static",persistence,3,2799,930,0.8,5.526204223185709,23.75798194290606,20.650465949820788,837,0.8709677419354839,3.5652930472165867,9.65045432862813,6.254400637196337,93,0.16129032258064516,23.174404806907813,150.72573047140742,150.2150537634409,186,0.0,27.631021115928547,98.07787511580146,94.72025089605735,744,1.0,0.0,5.178008649682207,2.1330197132616493,796,0.864321608040201,3.748932513216436,10.038957635272244,6.576549413735344,0.5205324652818555,0.009853625000687316,"[""y@t"", ""data_quality_1@t+h"", ""data_quality_1@t""]",3,20,2000.0,283,0.10967741935483871,20.650465949820788,6.576549413735342,"[""buffer_size_3@t""]"
"granularity=30,on_change=static",model,4,3729,940,0.8436170212765958,0.7244820281446125,19.90123486654261,17.28629218165395,846,0.91725768321513,0.40996483570049363,10.385652723165263,7.509106241940387,94,0.18085106382978725,3.5551367601416817,105.54147415693869,105.280965639076,149,0.040268456375838924,3.6635612695247293,82.56119835277713,79.33381182474321,791,0.9949431099873578,0.17085016093141733,8.098030619451654,5.598453462538523,819,0.9145299145299145,0.4190562719579356,10.150620812415115,7.241488616634161,0.7135483134394321,0.014950374999898486,"[""y@t"", ""data_quality_1@t+h"", ""data_quality_1@t""]",3,20,2000.0,341,0.07446808510638298,15.70595744680851,5.206267806267805,"[""buffer_size_3@t""]"
"granularity=30,on_change=static",ar,4,3729,940,0.8414893617021276,0.8433483957345499,24.392696699547606,23.753877355591268,846,0.9137115839243499,0.48113085210811146,15.220001995999237,14.652240344805136,94,0.19148936170212766,4.103306288372496,106.94694903148294,105.66861045266643,149,0.0,4.072172409045156,86.80854951432832,83.37220786565899,791,1.0,0.2351375512550552,12.635475372869571,12.523622935869282,819,0.9108669108669109,0.49095662151641095,14.893498973743373,14.324343124352412,0.7004972458603702,0.014950374999898486,"[""y@t"", ""data_quality_1@t+h"", ""data_quality_1@t""]",3,20,2000.0,341,0.07446808510638298,15.70595744680851,5.206267806267805,"[""buffer_size_3@t""]"
"granularity=30,on_change=static",persistence,4,3729,940,0.8414893617021276,4.379810793907823,19.170009054743776,15.70595744680851,846,0.9137115839243499,2.3842370466463167,8.744738318950992,5.0401103230890465,94,0.19148936170212766,22.339974519261375,112.99744567687887,111.6985815602837,149,0.0,27.631021115928547,91.46640517840362,87.49910514541386,791,1.0,0.0,5.551598154079654,2.1823430257058583,819,0.9108669108669109,2.462838267964327,8.968418881423457,5.206267806267805,0.7004972458603702,0.014950374999898486,"[""y@t"", ""data_quality_1@t+h"", ""data_quality_1@t""]",3,20,2000.0,341,0.07446808510638298,15.70595744680851,5.206267806267805,"[""buffer_size_3@t""]"
"granularity=30,on_change=static",model,5,4669,930,0.8344086021505376,0.6836413563984506,20.187593025320044,19.08341316278285,837,0.910394265232975,0.36611968712206233,10.539890894201275,9.242584198342584,93,0.15053763440860216,3.541336379885945,107.01691220538898,107.65087384274524,154,0.06493506493506493,3.3248273430500292,77.96767273017092,76.34604161795946,776,0.9871134020618557,0.15948846729491564,8.720927723068709,7.719437928121513,811,0.9075215782983971,0.37281067495736064,10.233810289139907,8.90268809628148,0.6841591123514945,0.016477875000418862,"[""y@t"", ""rps@t+h"", ""data_quality_1@t+h""]",3,20,4000.0,633,0.12580645161290321,16.11440860215054,5.614632141389232,"[""buffer_size_3@t""]"
"granularity=30,on_change=static",ar,5,4669,930,0.8354838709677419,0.8009199116390672,22.64882223793237,22.287628233534758,837,0.9032258064516129,0.46456723182212434,13.213484224472479,12.784118098474378,93,0.22580645161290322,3.8280940299915516,107.5668643590714,107.81921944907815,154,0.006493506493506494,3.806577482777956,83.76452576431691,81.86439701048606,776,1.0,0.20443632149037017,10.520190352541626,10.464403502026379,811,0.9001233045622689,0.47410552810067963,12.97751022321263,12.530614915175072,0.6754912819606533,0.016477875000418862,"[""y@t"", ""rps@t+h"", ""data_quality_1@t+h""]",3,20,4000.0,633,0.12580645161290321,16.11440860215054,5.614632141389232,"[""buffer_size_3@t""]"
"granularity=30,on_change=static",persistence,5,4669,930,0.8344086021505376,4.575459410594619,19.053420657375295,16.11440860215054,837,0.9020310633213859,2.706981758071853,8.738927688866493,5.440223018717643,93,0.22580645161290322,21.391758283299517,111.88385737395448,112.18207885304659,154,0.0,27.631021115928547,89.85042038033755,86.62294372294373,776,1.0,0.0,5.003500609261652,2.121735395189004,811,0.8988902589395807,2.793765390266512,8.917136178907544,5.614632141389232,0.6752952940970693,0.016477875000418862,"[""y@t"", ""rps@t+h"", ""data_quality_1@t+h""]",3,20,4000.0,633,0.12580645161290321,16.11440860215054,5.614632141389232,"[""buffer_size_3@t""]"
"granularity=30,on_change=chain",model,1,929,940,0.8,0.8035286622073629,26.028969755075035,25.55513712042917,846,0.8628841607565012,0.5923336702763149,13.079014993390713,12.588813191923919,94,0.23404255319148937,2.704283589586795,142.57856261023392,142.25205247697647,193,0.09326424870466321,2.9967354498380496,79.05654753034509,78.09889595404984,747,0.9825970548862115,0.23687684157453484,12.328404145132444,11.979574262478982,795,0.8540880503144654,0.616018182157715,12.10264786480727,11.534732080103002,0.6078750239654054,0.005604666999715846,"[""y@t"", ""data_quality_1@t+h"", ""throughput_2@t"", ""data_quality_1@t""]",4,20,40000.0,169,0.32553191489361705,17.55039007092199,6.454297693920335,
"granularity=30,on_change=chain",ar,1,929,940,0.7893617021276595,1.065724886075879,26.13936151880388,26.05034153427163,846,0.8628841607565012,0.624431271573059,16.04293342032114,16.01729237842663,94,0.1276595744680851,5.037367416601257,117.00721440514857,116.34778393687665,193,0.0,4.277631632337839,76.3936817571835,75.2576953661106,747,0.9933065595716198,0.23587481642586788,13.15531358572856,13.336794961922337,795,0.8540880503144654,0.652025980085654,15.488392888628074,15.400711734792669,0.6019491778837185,0.005604666999715846,"[""y@t"", ""data_quality_1@t+h"", ""throughput_2@t"", ""data_quality_1@t""]",4,20,40000.0,169,0.32553191489361705,17.55039007092199,6.454297693920335,
"granularity=30,on_change=chain",persistence,1,929,940,0.7946808510638298,5.673177739759798,20.50596101496628,17.55039007092199,846,0.8687943262411347,3.625346742160837,9.262603518409952,6.065208825847128,94,0.1276595744680851,24.10365671815043,121.69617848397326,120.91702127659573,193,0.0,27.631021115928547,79.75206112521249,76.3203799654577,747,1.0,0.0,5.198735685277504,2.36617581436859,795,0.8603773584905661,3.857916155808891,9.736582000159439,6.454297693920337,0.6117906916259294,0.005604666999715846,"[""y@t"", ""data_quality_1@t+h"", ""throughput_2@t"", ""data_quality_1@t""]",4,20,40000.0,169,0.32553191489361705,17.55039007092199,6.454297693920335,
"granularity=30,on_change=chain",model,2,1869,930,0.8279569892473119,0.7062055363552854,23.180445071952377,22.423567486328338,837,0.8745519713261649,0.5250032897647857,12.9953143063791,12.142509821966991,93,0.40860215053763443,2.337025755669782,114.84662196211184,114.95308646558047,183,0.16939890710382513,2.6885818317547314,71.34553347823403,69.91114681573727,747,0.9892904953145917,0.22056315073534088,11.380965582863299,10.790064116473136,823,0.8724179829890644,0.5312724354812643,12.923421757687517,12.04504262606467,0.544436342532799,0.010622166999382898,"[""y@t"", ""data_quality_1@t+h"", ""rps@t+h""]",3,20,4000.0,401,0.1935483870967742,17.59401433691756,5.692061563385987,
"granularity=30,on_change=chain",ar,2,1869,930,0.7978494623655914,1.0108809604334115,25.39942259982754,24.944250803214505,837,0.8745519713261649,0.5860449252404838,14.893371154044333,14.347388892445887,93,0.10752688172043011,4.834405277169762,119.9538856118764,120.31600800013202,183,0.00546448087431694,4.170139474115243,79.89901899484836,78.66007717886868,747,0.9919678714859438,0.2369260635073406,12.048115852452957,11.784951972230953,823,0.8724179829890644,0.5935764439615644,14.904823770587504,14.33081597222638,0.5244338927483494,0.010622166999382898,"[""y@t"", ""data_quality_1@t+h"", ""rps@t+h""]",3,20,4000.0,401,0.1935483870967742,17.59401433691756,5.692061563385987,
"granularity=30,on_change=chain",persistence,2,1869,930,0.8032258064516129,5.4370718970052945,20.9148665918186,17.594014336917564,837,0.8805256869772998,3.301197265941284,9.28368463590289,5.596853843090403,93,0.10752688172043011,24.659943576581387,125.59550419505999,125.56845878136197,183,0.0,27.63102111592854,82.91408642017653,80.32969034608378,747,1.0,0.0,5.7263026981244876,2.225033467202143,823,0.8784933171324423,3.357353720039921,9.373656732027863,5.6920615633859875,0.5642935255181877,0.010622166999382898,"[""y@t"", ""data_quality_1@t+h"", ""rps@t+h""]",3,20,4000.0,401,0.1935483870967742,17.59401433691756,5.692061563385987,
"granularity=30,on_change=chain",model,3,2799,930,0.8344086021505376,0.6837384613162684,21.811705828470163,19.410109393126085,837,0.8733572281959379,0.5032747202772291,10.546427543428944,7.845953220109561,93,0.4838709677419355,2.3079121306676225,123.1992103938411,123.48751495027479,186,0.22580645161290322,2.7674085011673806,75.39139331804743,73.01845392727358,744,0.9865591397849462,0.16282095135349037,8.416783956075843,6.008023259589214,796,0.8668341708542714,0.5217065605451605,10.139771569544328,7.366996165672932,0.535495727042823,0.010434042000269983,"[""y@t"", ""data_quality_1@t+h"", ""data_quality_1@t""]",3,20,2000.0,283,0.10967741935483871,20.650465949820788,6.576549413735342,
"granularity=30,on_change=chain",ar,3,2799,930,0.8,0.9395847616212782,27.048195645125556,27.004510102251412,837,0.8709677419354839,0.5694439542006007,13.96335223382172,13.95989486604473,93,0.16129032258064516,4.270852028407376,144.81178634686006,144.4060472281116,186,0.0,3.932919180182712,92.8157413762134,91.1207431723584,744,1.0,0.19125115698091966,10.606309212353597,10.975451834724666,796,0.864321608040201,0.5897928963244546,13.572539982441814,13.5782402034393,0.5195805093098192,0.010434042000269983,"[""y@t"", ""data_quality_1@t+h"", ""data_quality_1@t""]",3,20,2000.0,283,0.10967741935483871,20.650465949820788,6.576549413735342,
"granularity=30,on_change=chain",persistence,3,2799,930,0.8,5.526204223185709,23.75798194290606,20.650465949820788,837,0.8709677419354839,3.5652930472165867,9.65045432862813,6.254400637196337,93,0.16129032258064516,23.174404806907813,150.72573047140742,150.2150537634409,186,0.0,27.631021115928547,98.07787511580146,94.72025089605735,744,1.0,0.0,5.178008649682207,2.1330197132616493,796,0.864321608040201,3.748932513216436,10.038957635272244,6.576549413735344,0.5205324652818555,0.010434042000269983,"[""y@t"", ""data_quality_1@t+h"", ""data_quality_1@t""]",3,20,2000.0,283,0.10967741935483871,20.650465949820788,6.576549413735342,
"granularity=30,on_change=chain",model,4,3729,940,0.875531914893617,0.5755320652949768,18.814075327388544,16.324846595746106,846,0.91725768321513,0.40996483570049363,10.385652723165263,7.509106241940387,94,0.5,2.0656371316453246,94.66987876539807,95.66650977999758,149,0.26174496644295303,2.6589449126241513,71.80215955253709,69.3199226350276,791,0.9911504424778761,0.18308135195484151,8.83275478434539,6.342209010597003,819,0.9145299145299145,0.4190562719579356,10.150620812415115,7.241488616634161,0.6904863077090869,0.01305845800015959,"[""y@t"", ""data_quality_1@t+h"", ""data_quality_1@t""]",3,20,2000.0,341,0.07446808510638298,15.70595744680851,5.206267806267805,
"granularity=30,on_change=chain",ar,4,3729,940,0.8414893617021276,0.8433483957345499,24.392696699547606,23.753877355591268,846,0.9137115839243499,0.48113085210811146,15.220001995999237,14.652240344805136,94,0.19148936170212766,4.103306288372496,106.94694903148294,105.66861045266643,149,0.0,4.072172409045156,86.80854951432832,83.37220786565899,791,1.0,0.2351375512550552,12.635475372869571,12.523622935869282,819,0.9108669108669109,0.49095662151641095,14.893498973743373,14.324343124352412,0.7004972458603702,0.01305845800015959,"[""y@t"", ""data_quality_1@t+h"", ""data_quality_1@t""]",3,20,2000.0,341,0.07446808510638298,15.70595744680851,5.206267806267805,
"granularity=30,on_change=chain",persistence,4,3729,940,0.8414893617021276,4.379810793907823,19.170009054743776,15.70595744680851,846,0.9137115839243499,2.3842370466463167,8.744738318950992,5.0401103230890465,94,0.19148936170212766,22.339974519261375,112.99744567687887,111.6985815602837,149,0.0,27.631021115928547,91.46640517840362,87.49910514541386,791,1.0,0.0,5.551598154079654,2.1823430257058583,819,0.9108669108669109,2.462838267964327,8.968418881423457,5.206267806267805,0.7004972458603702,0.01305845800015959,"[""y@t"", ""data_quality_1@t+h"", ""data_quality_1@t""]",3,20,2000.0,341,0.07446808510638298,15.70595744680851,5.206267806267805,
"granularity=30,on_change=chain",model,5,4669,930,0.8795698924731182,0.5324111439767872,18.149009016887376,17.013125786714337,837,0.910394265232975,0.36611968712206233,10.539890894201275,9.242584198342584,93,0.6021505376344086,2.0290342556693113,86.63107212106226,86.94800008206009,154,0.3116883116883117,2.390565883657422,61.91420160681136,60.184383114080035,776,0.9922680412371134,0.16365363120511492,9.463648631773593,8.445633997520625,811,0.9075215782983971,0.37281067495736064,10.233810289139907,8.90268809628148,0.6804037937160424,0.016615000000456348,"[""y@t"", ""rps@t+h"", ""data_quality_1@t+h""]",3,20,4000.0,633,0.12580645161290321,16.11440860215054,5.614632141389232,
"granularity=30,on_change=chain",ar,5,4669,930,0.8354838709677419,0.8009199116390672,22.64882223793237,22.287628233534758,837,0.9032258064516129,0.46456723182212434,13.213484224472479,12.784118098474378,93,0.22580645161290322,3.8280940299915516,107.5668643590714,107.81921944907815,154,0.006493506493506494,3.806577482777956,83.76452576431691,81.86439701048606,776,1.0,0.20443632149037017,10.520190352541626,10.464403502026379,811,0.9001233045622689,0.47410552810067963,12.97751022321263,12.530614915175072,0.6754912819606533,0.016615000000456348,"[""y@t"", ""rps@t+h"", ""data_quality_1@t+h""]",3,20,4000.0,633,0.12580645161290321,16.11440860215054,5.614632141389232,
"granularity=30,on_change=chain",persistence,5,4669,930,0.8344086021505376,4.575459410594619,19.053420657375295,16.11440860215054,837,0.9020310633213859,2.706981758071853,8.738927688866493,5.440223018717643,93,0.22580645161290322,21.391758283299517,111.88385737395448,112.18207885304659,154,0.0,27.631021115928547,89.85042038033755,86.62294372294373,776,1.0,0.0,5.003500609261652,2.121735395189004,811,0.8988902589395807,2.793765390266512,8.917136178907544,5.614632141389232,0.6752952940970693,0.016615000000456348,"[""y@t"", ""rps@t+h"", ""data_quality_1@t+h""]",3,20,4000.0,633,0.12580645161290321,16.11440860215054,5.614632141389232,
