config,model,fold,n_train,n_all,acc_all,logloss_all,mae_all,maeh_all,n_within,acc_within,logloss_within,mae_within,maeh_within,n_xrun,acc_xrun,logloss_xrun,mae_xrun,maeh_xrun,n_change,acc_change,logloss_change,mae_change,maeh_change,n_stay,acc_stay,logloss_stay,mae_stay,maeh_stay,n_event,acc_event,logloss_event,mae_event,maeh_event,f1_all,search_sec,parents,n_parents,n_y,cpt_configs_possible,cpt_configs_seen,test_unseen_config_frac,mae_persistence_continuous,mae_persistence_continuous_event,static_parents
n_bins=4,model,1,33200,33558,0.9898682877406282,0.06627277471911713,26.485164838691915,6.4557039894697805,33464,0.9915132679894813,0.05448364050389562,26.126756460513327,6.049932790824192,94,0.40425531914893614,4.263204555337979,154.07854747027002,150.91025070729947,340,0.0,5.050518864280272,197.8099093194968,209.43075500032364,33218,1.0,0.01525694985155159,24.731585058949797,4.378170202255309,19299,0.9852842116171823,0.08682272245849296,24.840561360475938,9.181955039639961,0.9844091415677616,0.043645115569233894,"[""y@t"", ""throughput_2@t"", ""buffer_size_2@t""]",3,4,64.0,44,0.011860063174205853,4.986888372370225,7.9259028965231355,
n_bins=4,ar,1,33200,33558,0.9898682877406282,0.06749767940543848,27.01259510950027,5.478467808282197,33464,0.9915132679894813,0.05731328384624909,26.650894929465377,5.065050419855558,94,0.40425531914893614,3.6931424984768535,155.77785920192093,152.65505808816573,340,0.0,5.9867064806108905,215.16162036765488,225.51200605918052,33218,1.0,0.006912123610090943,25.08681184176071,3.2263333328379975,19299,0.9852842116171823,0.09310141640711367,26.164726253265677,7.924705882833295,0.9844091415677616,0.043645115569233894,"[""y@t"", ""throughput_2@t"", ""buffer_size_2@t""]",3,4,64.0,44,0.011860063174205853,4.986888372370225,7.9259028965231355,
n_bins=4,persistence,1,33200,33558,0.9898682877406282,0.27994955537921523,27.213061055762353,4.986888372370235,33464,0.9915132679894813,0.23449707138787076,26.850118605892682,4.570941907721741,94,0.40425531914893614,16.461033856297853,156.42057320936343,153.06382978723406,340,0.0,27.631021115928547,215.97314372023908,226.3235294117647,33218,1.0,0.0,25.281023362164838,2.7214160997049888,19299,0.9852842116171823,0.40661225954317365,26.538752216182445,7.9259028965231355,0.9844091415677616,0.043645115569233894,"[""y@t"", ""throughput_2@t"", ""buffer_size_2@t""]",3,4,64.0,44,0.011860063174205853,4.986888372370225,7.9259028965231355,
n_bins=4,model,2,66758,33201,0.9838257883798681,0.0745236374555106,29.689858037951538,5.407681102986215,33108,0.9853207683943458,0.06410092256141015,29.32700702081405,4.984406286036018,93,0.45161290322580644,3.785010139755271,158.86482013889577,156.09351593725643,374,0.0427807486631016,5.567779023190227,154.98172564804366,134.32259201197462,32827,0.9945471715356261,0.011938646007471347,28.262400198789432,3.938945711998259,20321,0.9774125289109787,0.09893056925116926,26.094880645480174,7.300055195543909,0.9713115553758808,0.08677368797361851,"[""y@t"", ""avg_p_latency_3@t"", ""throughput_1@t""]",3,4,64.0,43,0.01063220987319659,4.608656365772116,6.818069976871217,
n_bins=4,ar,2,66758,33201,0.9887352790578597,0.07009567879685669,29.445654644106526,5.221854233974599,33108,0.9902138455962305,0.06107296516780684,29.085353513181225,4.800845161299928,93,0.46236559139784944,3.2821817307386025,157.71285725351322,155.1010841061577,374,0.0,5.516196385392762,167.95359587790145,146.47962488011868,32827,1.0,0.00804792346536528,27.867625277382814,3.6124958941428185,20321,0.9840559027606909,0.09348542193737518,25.93215320308337,6.828055014543652,0.974877545517234,0.08677368797361851,"[""y@t"", ""avg_p_latency_3@t"", ""throughput_1@t""]",3,4,64.0,43,0.01063220987319659,4.608656365772116,6.818069976871217,
n_bins=4,persistence,2,66758,33201,0.9887352790578597,0.31125574221732105,29.62814842439173,4.608656365772124,33108,0.9902138455962305,0.2704014389742917,29.26654181088872,4.184789174821804,93,0.46236559139784944,14.855387696735775,158.36010283146348,155.50537634408602,374,0.0,27.631021115928547,168.7252821115236,147.22994652406416,32827,1.0,0.0,28.043406352347763,2.9837633655222913,20321,0.9840559027606909,0.4405516874937675,26.196364397171752,6.818069976871217,0.974877545517234,0.08677368797361851,"[""y@t"", ""avg_p_latency_3@t"", ""throughput_1@t""]",3,4,64.0,43,0.01063220987319659,4.608656365772116,6.818069976871217,
n_bins=4,model,3,99959,33201,0.9904822143911328,0.05031417060355799,28.28735505246249,5.098847951681142,33108,0.9922979340340703,0.03828722854804225,27.90019455171614,4.652043101764305,93,0.34408602150537637,4.33190554236716,166.11649331816108,164.1613745220752,427,0.3395784543325527,3.363368970833275,126.52959711114408,133.3214651578407,32774,0.9989625922987734,0.0071496377513553646,27.007394188391665,3.428284164928529,19992,0.9884453781512605,0.05671841506201393,25.03325577174156,6.893197756076277,0.9869221219081176,0.13042515516281128,"[""y@t"", ""throughput_2@t"", ""buffer_size_3@t""]",3,4,64.0,43,0.0,4.94388723231228,7.444927971188475,
n_bins=4,ar,3,99959,33201,0.9871389415981446,0.07981518636324114,28.818478563441126,5.507823204424737,33108,0.9889452700253715,0.0693557249121608,28.433582317794013,5.063073492842181,93,0.34408602150537637,3.803383462947847,165.84154201381494,163.83872052781498,427,0.0,5.491597244124973,166.91403638547192,163.432630576818,32774,1.0,0.00930713306903663,27.01928398267567,3.4502808614695915,19992,0.9816926770708283,0.10712620127528923,25.921840118471735,7.464117091205541,0.9820923299702365,0.13042515516281128,"[""y@t"", ""throughput_2@t"", ""buffer_size_3@t""]",3,4,64.0,43,0.0,4.94388723231228,7.444927971188475,
n_bins=4,persistence,3,99959,33201,0.9871389415981446,0.3553641762748559,28.758403060887296,4.943887232312289,33108,0.9889452700253715,0.305453477359848,28.37150264374856,4.495559985502002,93,0.34408602150537637,18.12357299001765,166.49495156227815,164.5483870967742,427,0.0,27.631021115928547,167.81395850186234,164.33255269320844,32774,1.0,0.0,26.94670103570586,2.8672728382254316,19992,0.9816926770708283,0.5058500264320652,26.109026065111916,7.444927971188475,0.9820923299702365,0.13042515516281128,"[""y@t"", ""throughput_2@t"", ""buffer_size_3@t""]",3,4,64.0,43,0.0,4.94388723231228,7.444927971188475,
n_bins=4,model,4,133160,33558,0.9846832349961261,0.05676797737128824,30.30143365620948,6.3364228665677755,33464,0.986134353334927,0.04958934724173968,29.984394509717,5.971073600387764,94,0.46808510638297873,2.612360303490577,143.16736980753393,136.4007616266517,399,0.2531328320802005,2.9111269022802877,150.96677388410032,149.6919464730758,33159,0.9934859314213336,0.0224216698518006,28.8494757940626,4.611435565412833,18970,0.9864522930943596,0.06537645179978199,28.190640767170322,8.348954843393072,0.9708807828322431,0.17605119571089745,"[""y@t"", ""avg_p_latency_3@t"", ""throughput_2@t"", ""data_quality_3@t+h""]",4,4,576.0,155,0.0031289111389236545,5.052863698670958,8.242224565102793,
n_bins=4,ar,4,133160,33558,0.9881101376720901,0.07426284569083269,29.57705486940905,5.830567028965486,33464,0.9895708821420034,0.06575085394331591,29.24978812119585,5.453486494628018,94,0.46808510638297873,3.1045319078068014,146.08401723330874,140.07123725310413,399,0.0,5.343384245943666,191.00751314118244,190.88178475066945,33159,1.0,0.010859864940481936,27.634573104264216,3.603858266006414,18970,0.9816025303110174,0.10539995686542503,28.45768973844771,8.280553066769924,0.9804554061656501,0.17605119571089745,"[""y@t"", ""avg_p_latency_3@t"", ""throughput_2@t"", ""data_quality_3@t+h""]",4,4,576.0,155,0.0031289111389236545,5.052863698670958,8.242224565102793,
n_bins=4,persistence,4,133160,33558,0.9881101376720901,0.3285290370479615,29.738666708725333,5.052863698670961,33464,0.9895708821420034,0.288167175754813,29.40964785233719,4.67233444896008,94,0.46808510638297873,14.697351657408799,146.86937958290412,140.5212765957447,399,0.0,27.631021115928547,192.10385019749015,191.9674185463659,33159,1.0,0.0,27.784937458385542,2.8037335263427763,18970,0.9816025303110174,0.5083408734559338,28.81713159487912,8.242224565102793,0.9804554061656501,0.17605119571089745,"[""y@t"", ""avg_p_latency_3@t"", ""throughput_2@t"", ""data_quality_3@t+h""]",4,4,576.0,155,0.0031289111389236545,5.052863698670958,8.242224565102793,
n_bins=4,model,5,166718,33201,0.9914159212071926,0.04240300494455422,29.76373609044758,4.595880293750424,33108,0.9929020176392412,0.03231791718315355,29.448875445499535,4.212211584920598,93,0.46236559139784944,3.6326942480031934,141.85412569195054,141.18194063716857,365,0.3315068493150685,3.263171188810662,161.25479203290413,176.07763974302406,32836,0.9987513704470703,0.0066014338911028455,28.302101438876235,2.689715042228166,18178,0.9892177357245021,0.05104938072621276,26.540732750727233,6.782566685863001,0.9874355818333151,0.2227089386433363,"[""y@t"", ""throughput_2@t"", ""buffer_size_3@t"", ""avg_p_latency_3@t""]",4,4,256.0,105,3.0119574711605072e-05,4.627330502093311,7.7230718450874685,
n_bins=4,ar,5,166718,33201,0.9890063552302641,0.07033535609407754,30.137922288704637,5.332404327211118,33108,0.990515887398816,0.06180769103824826,29.823570211747853,4.948261319034595,93,0.45161290322580644,3.1061841159693016,142.04726168532073,142.08731523805318,365,0.0,5.367851092342386,205.17068220332914,219.8508155855482,32836,1.0,0.011448973960729008,28.192284654131676,2.9478501759962006,18178,0.982726372538233,0.09994783264118698,27.340281085904156,7.79093233339928,0.9839905567522809,0.2227089386433363,"[""y@t"", ""throughput_2@t"", ""buffer_size_3@t"", ""avg_p_latency_3@t""]",4,4,256.0,105,3.0119574711605072e-05,4.627330502093311,7.7230718450874685,
n_bins=4,persistence,5,166718,33201,0.9890063552302641,0.30376563077358876,30.18114369438402,4.627330502093312,33108,0.990515887398816,0.2620557155491593,29.865347530558008,4.240364866497525,93,0.45161290322580644,15.15249545067049,142.60457801644557,142.38709677419354,365,0.0,27.631021115928544,206.3006885355892,220.9808219178082,32836,1.0,0.0,28.223425523259653,2.2223778779388494,18178,0.982726372538233,0.4772879651447664,27.608312437079547,7.7230718450874685,0.9839905567522809,0.2227089386433363,"[""y@t"", ""throughput_2@t"", ""buffer_size_3@t"", ""avg_p_latency_3@t""]",4,4,256.0,105,3.0119574711605072e-05,4.627330502093311,7.7230718450874685,
"n_bins=4,on_change=static",model,1,33200,33558,0.9898086894332201,0.06228985797703609,26.44233561675162,6.422959033266634,33464,0.9915132679894813,0.05448364050389562,26.126756460513327,6.049932790824192,94,0.3829787234042553,2.841303278415042,138.78851523758544,139.22030134277622,340,0.008823529411764706,4.580083874264818,189.8878438819802,201.72757703921218,33218,0.9998494791980251,0.016048363439801885,24.769403085889508,4.42393530751489,19299,0.9852842116171823,0.08682272245849296,24.840561360475938,9.181955039639961,0.9842633812216701,0.04368988424539566,"[""y@t"", ""throughput_2@t"", ""buffer_size_2@t""]",3,4,64.0,44,0.011860063174205853,4.986888372370225,7.9259028965231355,"[""buffer_size_3@t"", ""rps@t+h"", ""buffer_size_2@t""]"
"n_bins=4,on_change=static",ar,1,33200,33558,0.9898682877406282,0.06749767940543848,27.01259510950027,5.478467808282197,33464,0.9915132679894813,0.05731328384624909,26.650894929465377,5.065050419855558,94,0.40425531914893614,3.6931424984768535,155.77785920192093,152.65505808816573,340,0.0,5.9867064806108905,215.16162036765488,225.51200605918052,33218,1.0,0.006912123610090943,25.08681184176071,3.2263333328379975,19299,0.9852842116171823,0.09310141640711367,26.164726253265677,7.924705882833295,0.9844091415677616,0.04368988424539566,"[""y@t"", ""throughput_2@t"", ""buffer_size_2@t""]",3,4,64.0,44,0.011860063174205853,4.986888372370225,7.9259028965231355,"[""buffer_size_3@t"", ""rps@t+h"", ""buffer_size_2@t""]"
"n_bins=4,on_change=static",persistence,1,33200,33558,0.9898682877406282,0.27994955537921523,27.213061055762353,4.986888372370235,33464,0.9915132679894813,0.23449707138787076,26.850118605892682,4.570941907721741,94,0.40425531914893614,16.461033856297853,156.42057320936343,153.06382978723406,340,0.0,27.631021115928547,215.97314372023908,226.3235294117647,33218,1.0,0.0,25.281023362164838,2.7214160997049888,19299,0.9852842116171823,0.40661225954317365,26.538752216182445,7.9259028965231355,0.9844091415677616,0.04368988424539566,"[""y@t"", ""throughput_2@t"", ""buffer_size_2@t""]",3,4,64.0,44,0.011860063174205853,4.986888372370225,7.9259028965231355,"[""buffer_size_3@t"", ""rps@t+h"", ""buffer_size_2@t""]"
"n_bins=4,on_change=static",model,2,66758,33201,0.9845486581729466,0.06885206135974807,29.54487933733963,5.268950509311692,33108,0.9853207683943458,0.06410092256141015,29.32700702081405,4.984406286036018,93,0.7096774193548387,1.760257473568044,107.10742402044498,106.56669399545123,374,0.12299465240641712,4.925815767895795,135.32586226234537,115.78368544838028,32827,0.9943643951625186,0.01351637956596605,28.33971018956639,4.009849438022458,20321,0.9774125289109787,0.09893056925116926,26.094880645480174,7.300055195543909,0.9721729738563932,0.08572578802704811,"[""y@t"", ""avg_p_latency_3@t"", ""throughput_1@t""]",3,4,64.0,43,0.01063220987319659,4.608656365772116,6.818069976871217,"[""data_quality_1@t+h"", ""rps@t+h""]"
"n_bins=4,on_change=static",ar,2,66758,33201,0.9887352790578597,0.07009567879685669,29.445654644106526,5.221854233974599,33108,0.9902138455962305,0.06107296516780684,29.085353513181225,4.800845161299928,93,0.46236559139784944,3.2821817307386025,157.71285725351322,155.1010841061577,374,0.0,5.516196385392762,167.95359587790145,146.47962488011868,32827,1.0,0.00804792346536528,27.867625277382814,3.6124958941428185,20321,0.9840559027606909,0.09348542193737518,25.93215320308337,6.828055014543652,0.974877545517234,0.08572578802704811,"[""y@t"", ""avg_p_latency_3@t"", ""throughput_1@t""]",3,4,64.0,43,0.01063220987319659,4.608656365772116,6.818069976871217,"[""data_quality_1@t+h"", ""rps@t+h""]"
"n_bins=4,on_change=static",persistence,2,66758,33201,0.9887352790578597,0.31125574221732105,29.62814842439173,4.608656365772124,33108,0.9902138455962305,0.2704014389742917,29.26654181088872,4.184789174821804,93,0.46236559139784944,14.855387696735775,158.36010283146348,155.50537634408602,374,0.0,27.631021115928547,168.7252821115236,147.22994652406416,32827,1.0,0.0,28.043406352347763,2.9837633655222913,20321,0.9840559027606909,0.4405516874937675,26.196364397171752,6.818069976871217,0.974877545517234,0.08572578802704811,"[""y@t"", ""avg_p_latency_3@t"", ""throughput_1@t""]",3,4,64.0,43,0.01063220987319659,4.608656365772116,6.818069976871217,"[""data_quality_1@t+h"", ""rps@t+h""]"
"n_bins=4,on_change=static",model,3,99959,33201,0.9909340080118069,0.0440355447567425,28.15882332157371,4.98173407588322,33108,0.9922979340340703,0.03828722854804225,27.90019455171614,4.652043101764305,93,0.5053763440860215,2.0904361150540316,120.23066539086759,122.35172086221698,427,0.3840749414519906,2.842837370507807,114.72064014160739,122.36583202353881,32774,0.9988405443339232,0.0075710186203018955,27.031042282269553,3.45238124059766,19992,0.9884453781512605,0.05671841506201393,25.03325577174156,6.893197756076277,0.9877210456041053,0.13114176131784916,"[""y@t"", ""throughput_2@t"", ""buffer_size_3@t""]",3,4,64.0,43,0.0,4.94388723231228,7.444927971188475,"[""buffer_size_3@t"", ""data_quality_3@t+h""]"
"n_bins=4,on_change=static",ar,3,99959,33201,0.9871389415981446,0.07981518636324114,28.818478563441126,5.507823204424737,33108,0.9889452700253715,0.0693557249121608,28.433582317794013,5.063073492842181,93,0.34408602150537637,3.803383462947847,165.84154201381494,163.83872052781498,427,0.0,5.491597244124973,166.91403638547192,163.432630576818,32774,1.0,0.00930713306903663,27.01928398267567,3.4502808614695915,19992,0.9816926770708283,0.10712620127528923,25.921840118471735,7.464117091205541,0.9820923299702365,0.13114176131784916,"[""y@t"", ""throughput_2@t"", ""buffer_size_3@t""]",3,4,64.0,43,0.0,4.94388723231228,7.444927971188475,"[""buffer_size_3@t"", ""data_quality_3@t+h""]"
"n_bins=4,on_change=static",persistence,3,99959,33201,0.9871389415981446,0.3553641762748559,28.758403060887296,4.943887232312289,33108,0.9889452700253715,0.305453477359848,28.37150264374856,4.495559985502002,93,0.34408602150537637,18.12357299001765,166.49495156227815,164.5483870967742,427,0.0,27.631021115928547,167.81395850186234,164.33255269320844,32774,1.0,0.0,26.94670103570586,2.8672728382254316,19992,0.9816926770708283,0.5058500264320652,26.109026065111916,7.444927971188475,0.9820923299702365,0.13114176131784916,"[""y@t"", ""throughput_2@t"", ""buffer_size_3@t""]",3,4,64.0,43,0.0,4.94388723231228,7.444927971188475,"[""buffer_size_3@t"", ""data_quality_3@t+h""]"
"n_bins=4,on_change=static",model,4,133160,33558,0.9849812265331664,0.05569791145596727,30.214318497783847,6.266645106552171,33464,0.986134353334927,0.04958934724173968,29.984394509717,5.971073600387764,94,0.574468085106383,2.230346771720988,112.06725824958241,111.49010130108101,399,0.3007518796992481,2.749680136028782,142.30975126409385,141.22959778433582,33159,0.9932145118972224,0.023281405903792803,28.865481751387463,4.642645042664971,18970,0.9864522930943596,0.06537645179978199,28.190640767170322,8.348954843393072,0.9711354522653971,0.17539650946855545,"[""y@t"", ""avg_p_latency_3@t"", ""throughput_2@t"", ""data_quality_3@t+h""]",4,4,576.0,155,0.0031289111389236545,5.052863698670958,8.242224565102793,"[""buffer_size_3@t"", ""data_quality_3@t+h"", ""rps@t+h""]"
"n_bins=4,on_change=static",ar,4,133160,33558,0.9881101376720901,0.07426284569083269,29.57705486940905,5.830567028965486,33464,0.9895708821420034,0.06575085394331591,29.24978812119585,5.453486494628018,94,0.46808510638297873,3.1045319078068014,146.08401723330874,140.07123725310413,399,0.0,5.343384245943666,191.00751314118244,190.88178475066945,33159,1.0,0.010859864940481936,27.634573104264216,3.603858266006414,18970,0.9816025303110174,0.10539995686542503,28.45768973844771,8.280553066769924,0.9804554061656501,0.17539650946855545,"[""y@t"", ""avg_p_latency_3@t"", ""throughput_2@t"", ""data_quality_3@t+h""]",4,4,576.0,155,0.0031289111389236545,5.052863698670958,8.242224565102793,"[""buffer_size_3@t"", ""data_quality_3@t+h"", ""rps@t+h""]"
"n_bins=4,on_change=static",persistence,4,133160,33558,0.9881101376720901,0.3285290370479615,29.738666708725333,5.052863698670961,33464,0.9895708821420034,0.288167175754813,29.40964785233719,4.67233444896008,94,0.46808510638297873,14.697351657408799,146.86937958290412,140.5212765957447,399,0.0,27.631021115928547,192.10385019749015,191.9674185463659,33159,1.0,0.0,27.784937458385542,2.8037335263427763,18970,0.9816025303110174,0.5083408734559338,28.81713159487912,8.242224565102793,0.9804554061656501,0.17539650946855545,"[""y@t"", ""avg_p_latency_3@t"", ""throughput_2@t"", ""data_quality_3@t+h""]",4,4,576.0,155,0.0031289111389236545,5.052863698670958,8.242224565102793,"[""buffer_size_3@t"", ""data_quality_3@t+h"", ""rps@t+h""]"
"n_bins=4,on_change=static",model,5,166718,33201,0.9918978344025783,0.036991458089310404,29.59290713167675,4.459412938052609,33108,0.9929020176392412,0.03231791718315355,29.448875445499535,4.212211584920598,93,0.6344086021505376,1.7007720206811492,80.86818741076536,92.46309465304874,365,0.3972602739726027,2.707769295962274,145.15841523553118,160.93809672680104,32836,0.9985077354123523,0.00730349637583642,28.308298456505998,2.7200196019917873,18178,0.9892177357245021,0.05104938072621276,26.540732750727233,6.782566685863001,0.9880247159204634,0.22359172441065311,"[""y@t"", ""throughput_2@t"", ""buffer_size_3@t"", ""avg_p_latency_3@t""]",4,4,256.0,105,3.0119574711605072e-05,4.627330502093311,7.7230718450874685,"[""buffer_size_3@t"", ""data_quality_2@t+h"", ""buffer_size_2@t""]"
"n_bins=4,on_change=static",ar,5,166718,33201,0.9890063552302641,0.07033535609407754,30.137922288704637,5.332404327211118,33108,0.990515887398816,0.06180769103824826,29.823570211747853,4.948261319034595,93,0.45161290322580644,3.1061841159693016,142.04726168532073,142.08731523805318,365,0.0,5.367851092342386,205.17068220332914,219.8508155855482,32836,1.0,0.011448973960729008,28.192284654131676,2.9478501759962006,18178,0.982726372538233,0.09994783264118698,27.340281085904156,7.79093233339928,0.9839905567522809,0.22359172441065311,"[""y@t"", ""throughput_2@t"", ""buffer_size_3@t"", ""avg_p_latency_3@t""]",4,4,256.0,105,3.0119574711605072e-05,4.627330502093311,7.7230718450874685,"[""buffer_size_3@t"", ""data_quality_2@t+h"", ""buffer_size_2@t""]"
"n_bins=4,on_change=static",persistence,5,166718,33201,0.9890063552302641,0.30376563077358876,30.18114369438402,4.627330502093312,33108,0.990515887398816,0.2620557155491593,29.865347530558008,4.240364866497525,93,0.45161290322580644,15.15249545067049,142.60457801644557,142.38709677419354,365,0.0,27.631021115928544,206.3006885355892,220.9808219178082,32836,1.0,0.0,28.223425523259653,2.2223778779388494,18178,0.982726372538233,0.4772879651447664,27.608312437079547,7.7230718450874685,0.9839905567522809,0.22359172441065311,"[""y@t"", ""throughput_2@t"", ""buffer_size_3@t"", ""avg_p_latency_3@t""]",4,4,256.0,105,3.0119574711605072e-05,4.627330502093311,7.7230718450874685,"[""buffer_size_3@t"", ""data_quality_2@t+h"", ""buffer_size_2@t""]"
"n_bins=4,on_change=chain",model,1,33200,33558,0.9903450741998927,0.057765624343111964,26.395626743909464,6.381722939362013,33464,0.9915132679894813,0.05448364050389562,26.126756460513327,6.049932790824192,94,0.574468085106383,1.2261518711041337,122.11344763293513,124.49901581882627,340,0.06764705882352941,4.128537617593225,180.3856857644233,192.95804760702174,33218,0.9997892708772352,0.016099585517624637,24.81947465567493,4.472036914104492,19299,0.9852842116171823,0.08682272245849296,24.840561360475938,9.181955039639961,0.9849265102575745,0.04415191151201725,"[""y@t"", ""throughput_2@t"", ""buffer_size_2@t""]",3,4,64.0,44,0.011860063174205853,4.986888372370225,7.9259028965231355,
"n_bins=4,on_change=chain",ar,1,33200,33558,0.9898682877406282,0.06749767940543848,27.01259510950027,5.478467808282197,33464,0.9915132679894813,0.05731328384624909,26.650894929465377,5.065050419855558,94,0.40425531914893614,3.6931424984768535,155.77785920192093,152.65505808816573,340,0.0,5.9867064806108905,215.16162036765488,225.51200605918052,33218,1.0,0.006912123610090943,25.08681184176071,3.2263333328379975,19299,0.9852842116171823,0.09310141640711367,26.164726253265677,7.924705882833295,0.9844091415677616,0.04415191151201725,"[""y@t"", ""throughput_2@t"", ""buffer_size_2@t""]",3,4,64.0,44,0.011860063174205853,4.986888372370225,7.9259028965231355,
"n_bins=4,on_change=chain",persistence,1,33200,33558,0.9898682877406282,0.27994955537921523,27.213061055762353,4.986888372370235,33464,0.9915132679894813,0.23449707138787076,26.850118605892682,4.570941907721741,94,0.40425531914893614,16.461033856297853,156.42057320936343,153.06382978723406,340,0.0,27.631021115928547,215.97314372023908,226.3235294117647,33218,1.0,0.0,25.281023362164838,2.7214160997049888,19299,0.9852842116171823,0.40661225954317365,26.538752216182445,7.9259028965231355,0.9844091415677616,0.04415191151201725,"[""y@t"", ""throughput_2@t"", ""buffer_size_2@t""]",3,4,64.0,44,0.011860063174205853,4.986888372370225,7.9259028965231355,
"n_bins=4,on_change=chain",model,2,66758,33201,0.9844582994488118,0.067095026096216,29.547575373447348,5.272515231727657,33108,0.9853207683943458,0.06410092256141015,29.32700702081405,4.984406286036018,93,0.6774193548387096,1.1329958844871018,108.06990891090054,107.83929989795091,374,0.12299465240641712,4.824390106800175,136.39315872830605,116.58881221400232,32827,0.9942730069759649,0.012894874995497657,28.33027716847226,4.004281915513237,20321,0.9774125289109787,0.09893056925116926,26.094880645480174,7.300055195543909,0.9720917247035705,0.08586741983890533,"[""y@t"", ""avg_p_latency_3@t"", ""throughput_1@t""]",3,4,64.0,43,0.01063220987319659,4.608656365772116,6.818069976871217,
"n_bins=4,on_change=chain",ar,2,66758,33201,0.9887352790578597,0.07009567879685669,29.445654644106526,5.221854233974599,33108,0.9902138455962305,0.06107296516780684,29.085353513181225,4.800845161299928,93,0.46236559139784944,3.2821817307386025,157.71285725351322,155.1010841061577,374,0.0,5.516196385392762,167.95359587790145,146.47962488011868,32827,1.0,0.00804792346536528,27.867625277382814,3.6124958941428185,20321,0.9840559027606909,0.09348542193737518,25.93215320308337,6.828055014543652,0.974877545517234,0.08586741983890533,"[""y@t"", ""avg_p_latency_3@t"", ""throughput_1@t""]",3,4,64.0,43,0.01063220987319659,4.608656365772116,6.818069976871217,
"n_bins=4,on_change=chain",persistence,2,66758,33201,0.9887352790578597,0.31125574221732105,29.62814842439173,4.608656365772124,33108,0.9902138455962305,0.2704014389742917,29.26654181088872,4.184789174821804,93,0.46236559139784944,14.855387696735775,158.36010283146348,155.50537634408602,374,0.0,27.631021115928547,168.7252821115236,147.22994652406416,32827,1.0,0.0,28.043406352347763,2.9837633655222913,20321,0.9840559027606909,0.4405516874937675,26.196364397171752,6.818069976871217,0.974877545517234,0.08586741983890533,"[""y@t"", ""avg_p_latency_3@t"", ""throughput_1@t""]",3,4,64.0,43,0.01063220987319659,4.608656365772116,6.818069976871217,
"n_bins=4,on_change=chain",model,3,99959,33201,0.9915665190807506,0.04073599085646072,28.080737895476823,4.915242629441725,33108,0.9922979340340703,0.03828722854804225,27.90019455171614,4.652043101764305,93,0.7311827956989247,0.9124953726534358,92.35416827427964,98.61427448260334,427,0.4332552693208431,2.5827808714609763,107.59643105312509,115.96893640124806,32774,0.9988405443339232,0.007616653454308766,27.044758125588626,3.468366226178123,19992,0.9884453781512605,0.05671841506201393,25.03325577174156,6.893197756076277,0.9881088308913716,0.13054784387350082,"[""y@t"", ""throughput_2@t"", ""buffer_size_3@t""]",3,4,64.0,43,0.0,4.94388723231228,7.444927971188475,
"n_bins=4,on_change=chain",ar,3,99959,33201,0.9871389415981446,0.07981518636324114,28.818478563441126,5.507823204424737,33108,0.9889452700253715,0.0693557249121608,28.433582317794013,5.063073492842181,93,0.34408602150537637,3.803383462947847,165.84154201381494,163.83872052781498,427,0.0,5.491597244124973,166.91403638547192,163.432630576818,32774,1.0,0.00930713306903663,27.01928398267567,3.4502808614695915,19992,0.9816926770708283,0.10712620127528923,25.921840118471735,7.464117091205541,0.9820923299702365,0.13054784387350082,"[""y@t"", ""throughput_2@t"", ""buffer_size_3@t""]",3,4,64.0,43,0.0,4.94388723231228,7.444927971188475,
"n_bins=4,on_change=chain",persistence,3,99959,33201,0.9871389415981446,0.3553641762748559,28.758403060887296,4.943887232312289,33108,0.9889452700253715,0.305453477359848,28.37150264374856,4.495559985502002,93,0.34408602150537637,18.12357299001765,166.49495156227815,164.5483870967742,427,0.0,27.631021115928547,167.81395850186234,164.33255269320844,32774,1.0,0.0,26.94670103570586,2.8672728382254316,19992,0.9816926770708283,0.5058500264320652,26.109026065111916,7.444927971188475,0.9820923299702365,0.13054784387350082,"[""y@t"", ""throughput_2@t"", ""buffer_size_3@t""]",3,4,64.0,43,0.0,4.94388723231228,7.444927971188475,
"n_bins=4,on_change=chain",model,4,133160,33558,0.9856368079146552,0.051699938581006355,30.0914378809443,6.150117561319869,33464,0.986134353334927,0.04958934724173968,29.984394509717,5.971073600387764,94,0.8085106382978723,0.8030704553599421,68.19887803786541,69.88976765314877,399,0.3458646616541353,2.4560506787983205,132.35648868136977,132.62584410686836,33159,0.9933351427968274,0.022768549053375598,28.860889454593394,4.62824371435,18970,0.9864522930943596,0.06537645179978199,28.190640767170322,8.348954843393072,0.9717045595424731,0.1758334506303072,"[""y@t"", ""avg_p_latency_3@t"", ""throughput_2@t"", ""data_quality_3@t+h""]",4,4,576.0,155,0.0031289111389236545,5.052863698670958,8.242224565102793,
"n_bins=4,on_change=chain",ar,4,133160,33558,0.9881101376720901,0.07426284569083269,29.57705486940905,5.830567028965486,33464,0.9895708821420034,0.06575085394331591,29.24978812119585,5.453486494628018,94,0.46808510638297873,3.1045319078068014,146.08401723330874,140.07123725310413,399,0.0,5.343384245943666,191.00751314118244,190.88178475066945,33159,1.0,0.010859864940481936,27.634573104264216,3.603858266006414,18970,0.9816025303110174,0.10539995686542503,28.45768973844771,8.280553066769924,0.9804554061656501,0.1758334506303072,"[""y@t"", ""avg_p_latency_3@t"", ""throughput_2@t"", ""data_quality_3@t+h""]",4,4,576.0,155,0.0031289111389236545,5.052863698670958,8.242224565102793,
"n_bins=4,on_change=chain",persistence,4,133160,33558,0.9881101376720901,0.3285290370479615,29.738666708725333,5.052863698670961,33464,0.9895708821420034,0.288167175754813,29.40964785233719,4.67233444896008,94,0.46808510638297873,14.697351657408799,146.86937958290412,140.5212765957447,399,0.0,27.631021115928547,192.10385019749015,191.9674185463659,33159,1.0,0.0,27.784937458385542,2.8037335263427763,18970,0.9816025303110174,0.5083408734559338,28.81713159487912,8.242224565102793,0.9804554061656501,0.1758334506303072,"[""y@t"", ""avg_p_latency_3@t"", ""throughput_2@t"", ""data_quality_3@t+h""]",4,4,576.0,155,0.0031289111389236545,5.052863698670958,8.242224565102793,
"n_bins=4,on_change=chain",model,5,166718,33201,0.9924098671726755,0.03427593699930154,29.623272041095593,4.475022121263012,33108,0.9929020176392412,0.03231791718315355,29.448875445499535,4.212211584920598,93,0.8172043010752689,0.7313309915479854,91.70846007329212,98.0355730591622,365,0.43561643835616437,2.461135901460894,143.86112102918636,158.87005735143575,32836,0.9985990985503715,0.007299329403111951,28.353421423460894,2.758790306821147,18178,0.9892177357245021,0.05104938072621276,26.540732750727233,6.782566685863001,0.9884758696795771,0.22156646475195885,"[""y@t"", ""throughput_2@t"", ""buffer_size_3@t"", ""avg_p_latency_3@t""]",4,4,256.0,105,3.0119574711605072e-05,4.627330502093311,7.7230718450874685,
"n_bins=4,on_change=chain",ar,5,166718,33201,0.9890063552302641,0.07033535609407754,30.137922288704637,5.332404327211118,33108,0.990515887398816,0.06180769103824826,29.823570211747853,4.948261319034595,93,0.45161290322580644,3.1061841159693016,142.04726168532073,142.08731523805318,365,0.0,5.367851092342386,205.17068220332914,219.8508155855482,32836,1.0,0.011448973960729008,28.192284654131676,2.9478501759962006,18178,0.982726372538233,0.09994783264118698,27.340281085904156,7.79093233339928,0.9839905567522809,0.22156646475195885,"[""y@t"", ""throughput_2@t"", ""buffer_size_3@t"", ""avg_p_latency_3@t""]",4,4,256.0,105,3.0119574711605072e-05,4.627330502093311,7.7230718450874685,
"n_bins=4,on_change=chain",persistence,5,166718,33201,0.9890063552302641,0.30376563077358876,30.18114369438402,4.627330502093312,33108,0.990515887398816,0.2620557155491593,29.865347530558008,4.240364866497525,93,0.45161290322580644,15.15249545067049,142.60457801644557,142.38709677419354,365,0.0,27.631021115928544,206.3006885355892,220.9808219178082,32836,1.0,0.0,28.223425523259653,2.2223778779388494,18178,0.982726372538233,0.4772879651447664,27.608312437079547,7.7230718450874685,0.9839905567522809,0.22156646475195885,"[""y@t"", ""throughput_2@t"", ""buffer_size_3@t"", ""avg_p_latency_3@t""]",4,4,256.0,105,3.0119574711605072e-05,4.627330502093311,7.7230718450874685,
n_bins=10,model,1,33200,33558,0.8971631205673759,0.40105251433541156,13.245006504761886,7.059213003722435,33464,0.8991453502271097,0.3866408235023794,12.855003729373976,6.651702902071033,94,0.19148936170212766,5.531614450894889,152.0859945428569,152.13280919162162,3044,0.23751642575558476,3.677179756849814,46.343045023506065,39.02810860582778,30514,0.9629678180507308,0.07423428905475875,9.943229312290978,3.8700762726216733,19299,0.8384890408829473,0.6346633636748173,14.363402280207616,10.042049432681617,0.9144494583939593,0.05085189826786518,"[""y@t"", ""throughput_2@t"", ""data_quality_2@t"", ""data_quality_2@t+h""]",4,10,10000.0,228,0.14437689969604864,4.986888372370225,7.9259028965231355,
n_bins=10,ar,1,33200,33558,0.9092913761249181,0.4407160846672611,13.418545284395487,6.103855235980749,33464,0.9113076739182405,0.4267217267372197,13.027349523719279,5.692113522917284,94,0.19148936170212766,5.4227075077619675,152.68423608512649,152.68390508657478,3044,0.0,4.324327979635628,50.654790429426164,36.08460588361,30514,1.0,0.053296716236910756,9.70395099254672,3.1130508520460487,19299,0.8462096481682989,0.7029283089916721,14.431668280485887,8.275053952448513,0.9123449276985376,0.05085189826786518,"[""y@t"", ""throughput_2@t"", ""data_quality_2@t"", ""data_quality_2@t+h""]",4,10,10000.0,228,0.14437689969604864,4.986888372370225,7.9259028965231355,
n_bins=10,persistence,1,33200,33558,0.9092913761249181,2.506371901689209,13.057186113777025,4.98688837237023,33464,0.9113076739182405,2.450659534785917,12.663755641137389,4.570941907721737,94,0.19148936170212766,22.339974519261375,153.11843437348716,153.06382978723406,3044,0.0,27.631021115928544,51.65999149933388,36.60413929040736,30514,1.0,0.0,9.20626720463253,1.832830831749368,19299,0.8462096481682989,4.249384458887814,14.199030564025428,7.9259028965231355,0.9123449276985376,0.05085189826786518,"[""y@t"", ""throughput_2@t"", ""data_quality_2@t"", ""data_quality_2@t+h""]",4,10,10000.0,228,0.14437689969604864,4.986888372370225,7.9259028965231355,
n_bins=10,model,2,66758,33201,0.9116894069455739,0.2732306499266455,12.621638649028458,6.631016407797015,33108,0.9137368611815875,0.2608433435114229,12.23268190723672,6.225033282470923,93,0.1827956989247312,4.683111733745872,151.09023872688658,151.16100902388553,3269,0.3698378709085347,2.1006761337988786,31.536808932131375,32.33002174912071,29932,0.9708672992115461,0.07364761883021587,10.555833101271428,3.824319613035983,20321,0.8721027508488756,0.3940516125209096,12.13828886604462,8.898887187655545,0.9054993352006397,0.10181371308863163,"[""y@t"", ""data_quality_1@t+h"", ""throughput_2@t"", ""avg_p_latency_1@t""]",4,10,10000.0,480,0.12207463630613535,4.608656365772116,6.818069976871217,
n_bins=10,ar,2,66758,33201,0.901539110267763,0.40062693744651084,13.703471258689387,5.811351113040789,33108,0.903558052434457,0.3876198532241933,13.307305699631204,5.393102352444271,93,0.1827956989247312,5.031148920591547,154.73841028340266,154.70790988540168,3269,0.0,3.3507259350507654,40.98195905628053,27.33402441792265,29932,1.0,0.07843417975680383,10.724272521206911,3.460769159490783,20321,0.8428719059101423,0.5809955211769323,13.609225997309313,7.286535230524286,0.9040098997582934,0.10181371308863163,"[""y@t"", ""data_quality_1@t+h"", ""throughput_2@t"", ""avg_p_latency_1@t""]",4,10,10000.0,480,0.12207463630613535,4.608656365772116,6.818069976871217,
n_bins=10,persistence,2,66758,33201,0.901539110267763,2.720574923284552,13.333547151168505,4.608656365772122,33108,0.903558052434457,2.6647894896447943,12.934128372104288,4.184789174821802,93,0.1827956989247312,22.580189299038377,155.52663249803027,155.50537634408602,3269,0.0,27.63102111592855,42.97319635326115,28.36892015907005,29932,1.0,0.0,10.096476015205628,2.013697714820266,20321,0.8428719059101423,4.341609685702468,13.575485905217667,6.818069976871217,0.9040098997582934,0.10181371308863163,"[""y@t"", ""data_quality_1@t+h"", ""throughput_2@t"", ""avg_p_latency_1@t""]",4,10,10000.0,480,0.12207463630613535,4.608656365772116,6.818069976871217,
n_bins=10,model,3,99959,33201,0.9453329718984368,0.22840514015672161,12.57216864870792,6.478248408176326,33108,0.9475353388909025,0.20927343704913973,12.147825019011178,6.035455651155407,93,0.16129032258064516,7.039291446455888,163.63850082074822,164.11246990762365,2168,0.2333948339483395,2.7185176210186497,45.56687860033543,44.24905773037444,31033,0.9950697644443012,0.05444310430750757,10.267121403029822,3.839537532317547,19992,0.9169167667066827,0.30866127889740386,11.888469457108439,7.82429708062422,0.8374254312769234,0.15509836934506893,"[""y@t"", ""data_quality_1@t"", ""throughput_2@t"", ""buffer_size_3@t""]",4,10,10000.0,675,0.14948344929369597,4.94388723231228,7.444927971188475,
n_bins=10,ar,3,99959,33201,0.9347007620252402,0.3036772092267111,13.194605903804362,6.455872738048868,33108,0.9368732632596352,0.2895715808440439,12.77295605864461,6.013835144217451,93,0.16129032258064516,5.325280913456224,163.30195078067635,163.82125614203352,2168,0.0,3.445907099158653,54.29026819267648,45.10201178025998,31033,1.0,0.08415752368640078,10.323617090532206,3.7560103514438437,19992,0.8954581832733093,0.42484949602729566,12.968856314619384,8.010145836282334,0.8282152949538315,0.15509836934506893,"[""y@t"", ""data_quality_1@t"", ""throughput_2@t"", ""buffer_size_3@t""]",4,10,10000.0,675,0.14948344929369597,4.94388723231228,7.444927971188475,
n_bins=10,persistence,3,99959,33201,0.9347007620252402,1.804284623334631,12.943259123849534,4.9438872323122895,33108,0.9368732632596352,1.744256195852684,12.518670047993275,4.495559985502003,93,0.16129032258064516,23.174404806907813,164.0969701286785,164.5483870967742,2168,0.0,27.631021115928547,56.495113837871635,46.2200184501845,31033,1.0,0.0,9.900677967660965,2.060290658331464,19992,0.8954581832733093,2.888597145472722,13.180646755107288,7.444927971188475,0.8282152949538315,0.15509836934506893,"[""y@t"", ""data_quality_1@t"", ""throughput_2@t"", ""buffer_size_3@t""]",4,10,10000.0,675,0.14948344929369597,4.94388723231228,7.444927971188475,
n_bins=10,model,4,133160,33558,0.9311639549436797,0.27145763194210676,13.626809977820471,6.664729473313619,33464,0.9330325125508009,0.2579475287957855,13.273157689226547,6.297203903056835,94,0.26595744680851063,5.081054352032465,139.5270247172575,137.50383248472795,3418,0.3779988297249854,2.2807793887626064,35.8334493242614,36.71856726883489,30140,0.9938951559389516,0.04359227809962271,11.108485714843194,3.2565006217843644,18970,0.8862941486557723,0.4255491693034868,13.87578851508879,9.48528498187516,0.9292100563231871,0.320303276181221,"[""y@t"", ""data_quality_2@t+h"", ""throughput_2@t"", ""buffer_size_3@t""]",4,10,10000.0,805,0.07664342332677752,5.052863698670958,8.242224565102793,
n_bins=10,ar,4,133160,33558,0.898146492639609,0.41655234175419403,15.194741933851137,6.497979810794097,33464,0.8999820702844848,0.40522830673376514,14.835321478757006,6.122399750905282,94,0.24468085106382978,4.447908809026856,143.14842394736203,140.20448113121242,3418,0.0,3.3837400406329947,45.29803219777827,32.885157426448146,30140,1.0,0.08006104929341959,11.780904968950578,3.505565308793251,18970,0.8235635213494992,0.6514247705454461,16.26045353273752,8.627329552067165,0.906992982742947,0.320303276181221,"[""y@t"", ""data_quality_2@t+h"", ""throughput_2@t"", ""buffer_size_3@t""]",4,10,10000.0,805,0.07664342332677752,5.052863698670958,8.242224565102793,
n_bins=10,persistence,4,133160,33558,0.898146492639609,2.8143164126063467,14.634408367179594,5.052863698670971,33464,0.8999820702844848,2.7635975279408576,14.271664878016521,4.672334448960091,94,0.24468085106382978,20.870239353520496,143.771090509234,140.5212765957447,3418,0.0,27.631021115928547,47.03416643276058,33.373317729666475,30140,1.0,0.0,10.960142505595128,1.8412076974120934,18970,0.8235635213494992,4.875120067212064,16.320225539188534,8.242224565102793,0.906992982742947,0.320303276181221,"[""y@t"", ""data_quality_2@t+h"", ""throughput_2@t"", ""buffer_size_3@t""]",4,10,10000.0,805,0.07664342332677752,5.052863698670958,8.242224565102793,
n_bins=10,model,5,166718,33201,0.9552423119785549,0.20343007806098093,13.133686724900944,6.584974257889952,33108,0.9571704723933793,0.18862722910689697,12.766642161096245,6.201846623042948,93,0.26881720430107525,5.473244305714879,143.80155143937472,142.97841226342345,1958,0.34167517875383047,2.616091686692186,52.95785556099909,55.84796198799869,31243,0.9936945875876196,0.0522284831533248,10.637904547098554,3.4976609404891614,18178,0.9280448894267797,0.2959018272292724,13.734627019242263,8.719199376974515,0.8603763610938439,0.38849117420613766,"[""y@t"", ""data_quality_2@t"", ""throughput_2@t"", ""buffer_size_2@t""]",4,10,10000.0,890,0.08767808198548237,4.627330502093311,7.7230718450874685,
n_bins=10,ar,5,166718,33201,0.9410258727146773,0.29216560270937186,13.623879472284374,6.244414779925551,33108,0.9429140993113447,0.2806707828335357,13.26232680778616,5.863943906458516,93,0.26881720430107525,4.384321478507056,142.33662803364876,141.69204573419017,1958,0.0,3.6501740661263917,62.27944188397036,52.18072661100926,31243,1.0,0.08171908440541499,10.574633522725076,3.36558436782486,18178,0.8960281659148421,0.4474407043661088,15.43224180674727,8.577247417572432,0.8508815911460579,0.38849117420613766,"[""y@t"", ""data_quality_2@t"", ""throughput_2@t"", ""buffer_size_2@t""]",4,10,10000.0,890,0.08767808198548237,4.627330502093311,7.7230718450874685,
n_bins=10,persistence,5,166718,33201,0.9410258727146773,1.6295153563142104,13.018585640509375,4.627330502093323,33108,0.9429140993113447,1.577341727350035,12.652731579072837,4.2403648664975355,93,0.26881720430107525,20.203327267560653,143.26263151191645,142.38709677419354,1958,0.0,27.631021115928547,64.56271130390436,53.19662921348315,31243,1.0,0.0,9.78831332194434,1.583490701917242,18178,0.8960281659148421,2.872847943068817,14.991758669039521,7.7230718450874685,0.8508815911460579,0.38849117420613766,"[""y@t"", ""data_quality_2@t"", ""throughput_2@t"", ""buffer_size_2@t""]",4,10,10000.0,890,0.08767808198548237,4.627330502093311,7.7230718450874685,
"n_bins=10,on_change=static",model,1,33200,33558,0.897222718874784,0.39770545306892946,13.210909663521662,7.029035764608764,33464,0.8991453502271097,0.3866408235023794,12.855003729373976,6.651702902071033,94,0.2127659574468085,4.3367135787607705,139.91342222009695,141.35953482804067,3044,0.24080157687253614,3.6326618128119526,45.74277862800346,38.434600498402084,30514,0.962705643311267,0.07499433164736029,9.965612123773262,3.896095506049844,19299,0.8384890408829473,0.6346633636748173,14.363402280207616,10.042049432681617,0.9147470734924976,0.05087725631892681,"[""y@t"", ""throughput_2@t"", ""data_quality_2@t"", ""data_quality_2@t+h""]",4,10,10000.0,228,0.14437689969604864,4.986888372370225,7.9259028965231355,"[""buffer_size_3@t""]"
"n_bins=10,on_change=static",ar,1,33200,33558,0.9092913761249181,0.4407160846672611,13.418545284395487,6.103855235980749,33464,0.9113076739182405,0.4267217267372197,13.027349523719279,5.692113522917284,94,0.19148936170212766,5.4227075077619675,152.68423608512649,152.68390508657478,3044,0.0,4.324327979635628,50.654790429426164,36.08460588361,30514,1.0,0.053296716236910756,9.70395099254672,3.1130508520460487,19299,0.8462096481682989,0.7029283089916721,14.431668280485887,8.275053952448513,0.9123449276985376,0.05087725631892681,"[""y@t"", ""throughput_2@t"", ""data_quality_2@t"", ""data_quality_2@t+h""]",4,10,10000.0,228,0.14437689969604864,4.986888372370225,7.9259028965231355,"[""buffer_size_3@t""]"
"n_bins=10,on_change=static",persistence,1,33200,33558,0.9092913761249181,2.506371901689209,13.057186113777025,4.98688837237023,33464,0.9113076739182405,2.450659534785917,12.663755641137389,4.570941907721737,94,0.19148936170212766,22.339974519261375,153.11843437348716,153.06382978723406,3044,0.0,27.631021115928544,51.65999149933388,36.60413929040736,30514,1.0,0.0,9.20626720463253,1.832830831749368,19299,0.8462096481682989,4.249384458887814,14.199030564025428,7.9259028965231355,0.9123449276985376,0.05087725631892681,"[""y@t"", ""throughput_2@t"", ""data_quality_2@t"", ""data_quality_2@t+h""]",4,10,10000.0,228,0.14437689969604864,4.986888372370225,7.9259028965231355,"[""buffer_size_3@t""]"
"n_bins=10,on_change=static",model,2,66758,33201,0.9115689286467276,0.27187885758975444,12.633081057657442,6.646837418852154,33108,0.9137368611815875,0.2608433435114229,12.23268190723672,6.225033282470923,93,0.13978494623655913,4.2005218694757955,155.17517860743345,156.80910997057032,3269,0.37136739063933927,2.081499558830243,31.486167457471883,32.28870251331981,29932,0.9705666176667113,0.07424254620544479,10.5740559527198,3.8463811515190396,20321,0.8721027508488756,0.3940516125209096,12.13828886604462,8.898887187655545,0.9057417700759192,0.10183300822973251,"[""y@t"", ""data_quality_1@t+h"", ""throughput_2@t"", ""avg_p_latency_1@t""]",4,10,10000.0,480,0.12207463630613535,4.608656365772116,6.818069976871217,"[""buffer_size_3@t""]"
"n_bins=10,on_change=static",ar,2,66758,33201,0.901539110267763,0.40062693744651084,13.703471258689387,5.811351113040789,33108,0.903558052434457,0.3876198532241933,13.307305699631204,5.393102352444271,93,0.1827956989247312,5.031148920591547,154.73841028340266,154.70790988540168,3269,0.0,3.3507259350507654,40.98195905628053,27.33402441792265,29932,1.0,0.07843417975680383,10.724272521206911,3.460769159490783,20321,0.8428719059101423,0.5809955211769323,13.609225997309313,7.286535230524286,0.9040098997582934,0.10183300822973251,"[""y@t"", ""data_quality_1@t+h"", ""throughput_2@t"", ""avg_p_latency_1@t""]",4,10,10000.0,480,0.12207463630613535,4.608656365772116,6.818069976871217,"[""buffer_size_3@t""]"
"n_bins=10,on_change=static",persistence,2,66758,33201,0.901539110267763,2.720574923284552,13.333547151168505,4.608656365772122,33108,0.903558052434457,2.6647894896447943,12.934128372104288,4.184789174821802,93,0.1827956989247312,22.580189299038377,155.52663249803027,155.50537634408602,3269,0.0,27.63102111592855,42.97319635326115,28.36892015907005,29932,1.0,0.0,10.096476015205628,2.013697714820266,20321,0.8428719059101423,4.341609685702468,13.575485905217667,6.818069976871217,0.9040098997582934,0.10183300822973251,"[""y@t"", ""data_quality_1@t+h"", ""throughput_2@t"", ""avg_p_latency_1@t""]",4,10,10000.0,480,0.12207463630613535,4.608656365772116,6.818069976871217,"[""buffer_size_3@t""]"
"n_bins=10,on_change=static",model,3,99959,33201,0.9455739284961296,0.22139668672942503,12.435342801916109,6.347924490539467,33108,0.9475353388909025,0.20927343704913973,12.147825019011178,6.035455651155407,93,0.24731182795698925,4.537273572911,114.79167351607175,117.58683131126475,2168,0.24077490774907748,2.6003172757126074,43.17895362105525,41.90542651259386,31033,0.9948119743498856,0.05520264049104849,10.28755985292975,3.863837731804767,19992,0.9169167667066827,0.30866127889740386,11.888469457108439,7.82429708062422,0.8379223993762445,0.15524666011333466,"[""y@t"", ""data_quality_1@t"", ""throughput_2@t"", ""buffer_size_3@t""]",4,10,10000.0,675,0.14948344929369597,4.94388723231228,7.444927971188475,"[""buffer_size_3@t"", ""data_quality_3@t+h""]"
"n_bins=10,on_change=static",ar,3,99959,33201,0.9347007620252402,0.3036772092267111,13.194605903804362,6.455872738048868,33108,0.9368732632596352,0.2895715808440439,12.77295605864461,6.013835144217451,93,0.16129032258064516,5.325280913456224,163.30195078067635,163.82125614203352,2168,0.0,3.445907099158653,54.29026819267648,45.10201178025998,31033,1.0,0.08415752368640078,10.323617090532206,3.7560103514438437,19992,0.8954581832733093,0.42484949602729566,12.968856314619384,8.010145836282334,0.8282152949538315,0.15524666011333466,"[""y@t"", ""data_quality_1@t"", ""throughput_2@t"", ""buffer_size_3@t""]",4,10,10000.0,675,0.14948344929369597,4.94388723231228,7.444927971188475,"[""buffer_size_3@t"", ""data_quality_3@t+h""]"
"n_bins=10,on_change=static",persistence,3,99959,33201,0.9347007620252402,1.804284623334631,12.943259123849534,4.9438872323122895,33108,0.9368732632596352,1.744256195852684,12.518670047993275,4.495559985502003,93,0.16129032258064516,23.174404806907813,164.0969701286785,164.5483870967742,2168,0.0,27.631021115928547,56.495113837871635,46.2200184501845,31033,1.0,0.0,9.900677967660965,2.060290658331464,19992,0.8954581832733093,2.888597145472722,13.180646755107288,7.444927971188475,0.8282152949538315,0.15524666011333466,"[""y@t"", ""data_quality_1@t"", ""throughput_2@t"", ""buffer_size_3@t""]",4,10,10000.0,675,0.14948344929369597,4.94388723231228,7.444927971188475,"[""buffer_size_3@t"", ""data_quality_3@t+h""]"
"n_bins=10,on_change=static",model,4,133160,33558,0.9310745574825675,0.2709513995005989,13.543404960473012,6.587600014951295,33464,0.9330325125508009,0.2579475287957855,13.273157689226547,6.297203903056835,94,0.23404255319148937,4.900329370414161,109.7514335242146,109.96861584937895,3418,0.37975424224692805,2.267845377878234,34.91655904537102,35.81697006704763,30140,0.9935965494359655,0.044495406863082065,11.119601355224788,3.2728691974972386,18970,0.8862941486557723,0.4255491693034868,13.87578851508879,9.48528498187516,0.9291053833781582,0.3335335459560156,"[""y@t"", ""data_quality_2@t+h"", ""throughput_2@t"", ""buffer_size_3@t""]",4,10,10000.0,805,0.07664342332677752,5.052863698670958,8.242224565102793,"[""buffer_size_3@t"", ""data_quality_3@t+h""]"
"n_bins=10,on_change=static",ar,4,133160,33558,0.898146492639609,0.41655234175419403,15.194741933851137,6.497979810794097,33464,0.8999820702844848,0.40522830673376514,14.835321478757006,6.122399750905282,94,0.24468085106382978,4.447908809026856,143.14842394736203,140.20448113121242,3418,0.0,3.3837400406329947,45.29803219777827,32.885157426448146,30140,1.0,0.08006104929341959,11.780904968950578,3.505565308793251,18970,0.8235635213494992,0.6514247705454461,16.26045353273752,8.627329552067165,0.906992982742947,0.3335335459560156,"[""y@t"", ""data_quality_2@t+h"", ""throughput_2@t"", ""buffer_size_3@t""]",4,10,10000.0,805,0.07664342332677752,5.052863698670958,8.242224565102793,"[""buffer_size_3@t"", ""data_quality_3@t+h""]"
"n_bins=10,on_change=static",persistence,4,133160,33558,0.898146492639609,2.8143164126063467,14.634408367179594,5.052863698670971,33464,0.8999820702844848,2.7635975279408576,14.271664878016521,4.672334448960091,94,0.24468085106382978,20.870239353520496,143.771090509234,140.5212765957447,3418,0.0,27.631021115928547,47.03416643276058,33.373317729666475,30140,1.0,0.0,10.960142505595128,1.8412076974120934,18970,0.8235635213494992,4.875120067212064,16.320225539188534,8.242224565102793,0.906992982742947,0.3335335459560156,"[""y@t"", ""data_quality_2@t+h"", ""throughput_2@t"", ""buffer_size_3@t""]",4,10,10000.0,805,0.07664342332677752,5.052863698670958,8.242224565102793,"[""buffer_size_3@t"", ""data_quality_3@t+h""]"
"n_bins=10,on_change=static",model,5,166718,33201,0.9554230294268244,0.19979813099230506,13.10309310271993,6.559423781229605,33108,0.9571704723933793,0.18862722910689697,12.766642161096245,6.201846623042948,93,0.3333333333333333,4.176639202197602,132.8796283207515,133.85689209568008,1958,0.34576098059244126,2.5476054213613724,52.11106729459828,55.01361972151597,31243,0.9936305732484076,0.05266095868034293,10.658461874358448,3.5227974761026757,18178,0.9280448894267797,0.2959018272292724,13.734627019242263,8.719199376974515,0.8603432528769268,0.3979235999286175,"[""y@t"", ""data_quality_2@t"", ""throughput_2@t"", ""buffer_size_2@t""]",4,10,10000.0,890,0.08767808198548237,4.627330502093311,7.7230718450874685,"[""buffer_size_3@t"", ""buffer_size_2@t""]"
"n_bins=10,on_change=static",ar,5,166718,33201,0.9410258727146773,0.29216560270937186,13.623879472284374,6.244414779925551,33108,0.9429140993113447,0.2806707828335357,13.26232680778616,5.863943906458516,93,0.26881720430107525,4.384321478507056,142.33662803364876,141.69204573419017,1958,0.0,3.6501740661263917,62.27944188397036,52.18072661100926,31243,1.0,0.08171908440541499,10.574633522725076,3.36558436782486,18178,0.8960281659148421,0.4474407043661088,15.43224180674727,8.577247417572432,0.8508815911460579,0.3979235999286175,"[""y@t"", ""data_quality_2@t"", ""throughput_2@t"", ""buffer_size_2@t""]",4,10,10000.0,890,0.08767808198548237,4.627330502093311,7.7230718450874685,"[""buffer_size_3@t"", ""buffer_size_2@t""]"
"n_bins=10,on_change=static",persistence,5,166718,33201,0.9410258727146773,1.6295153563142104,13.018585640509375,4.627330502093323,33108,0.9429140993113447,1.577341727350035,12.652731579072837,4.2403648664975355,93,0.26881720430107525,20.203327267560653,143.26263151191645,142.38709677419354,1958,0.0,27.631021115928547,64.56271130390436,53.19662921348315,31243,1.0,0.0,9.78831332194434,1.583490701917242,18178,0.8960281659148421,2.872847943068817,14.991758669039521,7.7230718450874685,0.8508815911460579,0.3979235999286175,"[""y@t"", ""data_quality_2@t"", ""throughput_2@t"", ""buffer_size_2@t""]",4,10,10000.0,890,0.08767808198548237,4.627330502093311,7.7230718450874685,"[""buffer_size_3@t"", ""buffer_size_2@t""]"
"n_bins=10,on_change=chain",model,1,33200,33558,0.8975505095655283,0.39175605088422727,13.188718561080996,7.005028900065799,33464,0.8991453502271097,0.3866408235023794,12.855003729373976,6.651702902071033,94,0.32978723404255317,2.2127769988221,131.99119864878034,132.7890841862021,3044,0.24507227332457293,3.5632981405811877,45.106435993980206,37.77866410706503,30514,0.962640099626401,0.07537097776901631,10.00468723559941,3.9351283439241693,19299,0.8384890408829473,0.6346633636748173,14.363402280207616,10.042049432681617,0.9146221452472117,0.050789447501301765,"[""y@t"", ""throughput_2@t"", ""data_quality_2@t"", ""data_quality_2@t+h""]",4,10,10000.0,228,0.14437689969604864,4.986888372370225,7.9259028965231355,
"n_bins=10,on_change=chain",ar,1,33200,33558,0.9092913761249181,0.4407160846672611,13.418545284395487,6.103855235980749,33464,0.9113076739182405,0.4267217267372197,13.027349523719279,5.692113522917284,94,0.19148936170212766,5.4227075077619675,152.68423608512649,152.68390508657478,3044,0.0,4.324327979635628,50.654790429426164,36.08460588361,30514,1.0,0.053296716236910756,9.70395099254672,3.1130508520460487,19299,0.8462096481682989,0.7029283089916721,14.431668280485887,8.275053952448513,0.9123449276985376,0.050789447501301765,"[""y@t"", ""throughput_2@t"", ""data_quality_2@t"", ""data_quality_2@t+h""]",4,10,10000.0,228,0.14437689969604864,4.986888372370225,7.9259028965231355,
"n_bins=10,on_change=chain",persistence,1,33200,33558,0.9092913761249181,2.506371901689209,13.057186113777025,4.98688837237023,33464,0.9113076739182405,2.450659534785917,12.663755641137389,4.570941907721737,94,0.19148936170212766,22.339974519261375,153.11843437348716,153.06382978723406,3044,0.0,27.631021115928544,51.65999149933388,36.60413929040736,30514,1.0,0.0,9.20626720463253,1.832830831749368,19299,0.8462096481682989,4.249384458887814,14.199030564025428,7.9259028965231355,0.9123449276985376,0.050789447501301765,"[""y@t"", ""throughput_2@t"", ""data_quality_2@t"", ""data_quality_2@t+h""]",4,10,10000.0,228,0.14437689969604864,4.986888372370225,7.9259028965231355,
"n_bins=10,on_change=chain",model,2,66758,33201,0.9124423963133641,0.2649533468607213,12.510391263676844,6.522476945039607,33108,0.9137368611815875,0.2608433435114229,12.23268190723672,6.225033282470923,93,0.45161290322580644,1.7281145392109587,111.3749221563607,112.41242081949109,3269,0.3808504129703273,2.008334991641724,29.968660237539282,30.77559110126347,29932,0.9704997995456368,0.07455128228805337,10.603700054417313,3.8736920266681047,20321,0.8721027508488756,0.3940516125209096,12.13828886604462,8.898887187655545,0.906367164172622,0.10181062668561935,"[""y@t"", ""data_quality_1@t+h"", ""throughput_2@t"", ""avg_p_latency_1@t""]",4,10,10000.0,480,0.12207463630613535,4.608656365772116,6.818069976871217,
"n_bins=10,on_change=chain",ar,2,66758,33201,0.901539110267763,0.40062693744651084,13.703471258689387,5.811351113040789,33108,0.903558052434457,0.3876198532241933,13.307305699631204,5.393102352444271,93,0.1827956989247312,5.031148920591547,154.73841028340266,154.70790988540168,3269,0.0,3.3507259350507654,40.98195905628053,27.33402441792265,29932,1.0,0.07843417975680383,10.724272521206911,3.460769159490783,20321,0.8428719059101423,0.5809955211769323,13.609225997309313,7.286535230524286,0.9040098997582934,0.10181062668561935,"[""y@t"", ""data_quality_1@t+h"", ""throughput_2@t"", ""avg_p_latency_1@t""]",4,10,10000.0,480,0.12207463630613535,4.608656365772116,6.818069976871217,
"n_bins=10,on_change=chain",persistence,2,66758,33201,0.901539110267763,2.720574923284552,13.333547151168505,4.608656365772122,33108,0.903558052434457,2.6647894896447943,12.934128372104288,4.184789174821802,93,0.1827956989247312,22.580189299038377,155.52663249803027,155.50537634408602,3269,0.0,27.63102111592855,42.97319635326115,28.36892015907005,29932,1.0,0.0,10.096476015205628,2.013697714820266,20321,0.8428719059101423,4.341609685702468,13.575485905217667,6.818069976871217,0.9040098997582934,0.10181062668561935,"[""y@t"", ""data_quality_1@t+h"", ""throughput_2@t"", ""avg_p_latency_1@t""]",4,10,10000.0,480,0.12207463630613535,4.608656365772116,6.818069976871217,
"n_bins=10,on_change=chain",model,3,99959,33201,0.9462967982892082,0.21325043370631064,12.431295975965915,6.337872508199377,33108,0.9475353388909025,0.20927343704913973,12.147825019011178,6.035455651155407,93,0.5053763440860215,1.6290612436591638,113.34695665185204,113.99827361585287,2168,0.25092250922509224,2.477849775998562,42.71029584269112,41.40335236495151,31033,0.9948764218734895,0.05504299729701732,10.315971266428962,3.888158966826045,19992,0.9169167667066827,0.30866127889740386,11.888469457108439,7.82429708062422,0.8384281931724906,0.15513414703309536,"[""y@t"", ""data_quality_1@t"", ""throughput_2@t"", ""buffer_size_3@t""]",4,10,10000.0,675,0.14948344929369597,4.94388723231228,7.444927971188475,
"n_bins=10,on_change=chain",ar,3,99959,33201,0.9347007620252402,0.3036772092267111,13.194605903804362,6.455872738048868,33108,0.9368732632596352,0.2895715808440439,12.77295605864461,6.013835144217451,93,0.16129032258064516,5.325280913456224,163.30195078067635,163.82125614203352,2168,0.0,3.445907099158653,54.29026819267648,45.10201178025998,31033,1.0,0.08415752368640078,10.323617090532206,3.7560103514438437,19992,0.8954581832733093,0.42484949602729566,12.968856314619384,8.010145836282334,0.8282152949538315,0.15513414703309536,"[""y@t"", ""data_quality_1@t"", ""throughput_2@t"", ""buffer_size_3@t""]",4,10,10000.0,675,0.14948344929369597,4.94388723231228,7.444927971188475,
"n_bins=10,on_change=chain",persistence,3,99959,33201,0.9347007620252402,1.804284623334631,12.943259123849534,4.9438872323122895,33108,0.9368732632596352,1.744256195852684,12.518670047993275,4.495559985502003,93,0.16129032258064516,23.174404806907813,164.0969701286785,164.5483870967742,2168,0.0,27.631021115928547,56.495113837871635,46.2200184501845,31033,1.0,0.0,9.900677967660965,2.060290658331464,19992,0.8954581832733093,2.888597145472722,13.180646755107288,7.444927971188475,0.8282152949538315,0.15513414703309536,"[""y@t"", ""data_quality_1@t"", ""throughput_2@t"", ""buffer_size_3@t""]",4,10,10000.0,675,0.14948344929369597,4.94388723231228,7.444927971188475,
"n_bins=10,on_change=chain",model,4,133160,33558,0.9319685320936886,0.26221489430239797,13.462189006709098,6.509394855803351,33464,0.9330325125508009,0.2579475287957855,13.273157689226547,6.297203903056835,94,0.5531914893617021,1.781397014656437,80.75733803049697,82.0493740335627,3418,0.3879461673493271,2.1830133467981585,33.84249487537277,34.78837427447405,30140,0.993662906436629,0.044388447367079115,11.150978473892494,3.3024422462142184,18970,0.8862941486557723,0.4255491693034868,13.87578851508879,9.48528498187516,0.9299014714099627,0.307141937315464,"[""y@t"", ""data_quality_2@t+h"", ""throughput_2@t"", ""buffer_size_3@t""]",4,10,10000.0,805,0.07664342332677752,5.052863698670958,8.242224565102793,
"n_bins=10,on_change=chain",ar,4,133160,33558,0.898146492639609,0.41655234175419403,15.194741933851137,6.497979810794097,33464,0.8999820702844848,0.40522830673376514,14.835321478757006,6.122399750905282,94,0.24468085106382978,4.447908809026856,143.14842394736203,140.20448113121242,3418,0.0,3.3837400406329947,45.29803219777827,32.885157426448146,30140,1.0,0.08006104929341959,11.780904968950578,3.505565308793251,18970,0.8235635213494992,0.6514247705454461,16.26045353273752,8.627329552067165,0.906992982742947,0.307141937315464,"[""y@t"", ""data_quality_2@t+h"", ""throughput_2@t"", ""buffer_size_3@t""]",4,10,10000.0,805,0.07664342332677752,5.052863698670958,8.242224565102793,
"n_bins=10,on_change=chain",persistence,4,133160,33558,0.898146492639609,2.8143164126063467,14.634408367179594,5.052863698670971,33464,0.8999820702844848,2.7635975279408576,14.271664878016521,4.672334448960091,94,0.24468085106382978,20.870239353520496,143.771090509234,140.5212765957447,3418,0.0,27.631021115928547,47.03416643276058,33.373317729666475,30140,1.0,0.0,10.960142505595128,1.8412076974120934,18970,0.8235635213494992,4.875120067212064,16.320225539188534,8.242224565102793,0.906992982742947,0.307141937315464,"[""y@t"", ""data_quality_2@t+h"", ""throughput_2@t"", ""buffer_size_3@t""]",4,10,10000.0,805,0.07664342332677752,5.052863698670958,8.242224565102793,
"n_bins=10,on_change=chain",model,5,166718,33201,0.9562663775187494,0.1916665228897022,12.991854555270505,6.448184918318856,33108,0.9571704723933793,0.18862722910689697,12.766642161096245,6.201846623042948,93,0.6344086021505376,1.2736551095683826,93.16746688130725,94.144618036542,1958,0.3621041879468846,2.405772599766833,49.727987692630975,52.6660561809175,31243,0.9935025445699837,0.05290841071976266,10.689599692326748,3.551709165920937,18178,0.9280448894267797,0.2959018272292724,13.734627019242263,8.719199376974515,0.8611555241430116,0.4218453411012888,"[""y@t"", ""data_quality_2@t"", ""throughput_2@t"", ""buffer_size_2@t""]",4,10,10000.0,890,0.08767808198548237,4.627330502093311,7.7230718450874685,
"n_bins=10,on_change=chain",ar,5,166718,33201,0.9410258727146773,0.29216560270937186,13.623879472284374,6.244414779925551,33108,0.9429140993113447,0.2806707828335357,13.26232680778616,5.863943906458516,93,0.26881720430107525,4.384321478507056,142.33662803364876,141.69204573419017,1958,0.0,3.6501740661263917,62.27944188397036,52.18072661100926,31243,1.0,0.08171908440541499,10.574633522725076,3.36558436782486,18178,0.8960281659148421,0.4474407043661088,15.43224180674727,8.577247417572432,0.8508815911460579,0.4218453411012888,"[""y@t"", ""data_quality_2@t"", ""throughput_2@t"", ""buffer_size_2@t""]",4,10,10000.0,890,0.08767808198548237,4.627330502093311,7.7230718450874685,
"n_bins=10,on_change=chain",persistence,5,166718,33201,0.9410258727146773,1.6295153563142104,13.018585640509375,4.627330502093323,33108,0.9429140993113447,1.577341727350035,12.652731579072837,4.2403648664975355,93,0.26881720430107525,20.203327267560653,143.26263151191645,142.38709677419354,1958,0.0,27.631021115928547,64.56271130390436,53.19662921348315,31243,1.0,0.0,9.78831332194434,1.583490701917242,18178,0.8960281659148421,2.872847943068817,14.991758669039521,7.7230718450874685,0.8508815911460579,0.4218453411012888,"[""y@t"", ""data_quality_2@t"", ""throughput_2@t"", ""buffer_size_2@t""]",4,10,10000.0,890,0.08767808198548237,4.627330502093311,7.7230718450874685,
ref,model,1,33200,33558,0.875856725668991,0.4552975086735915,9.696449810769735,6.4114411316002995,33464,0.8778388716232369,0.4330880148530138,9.299153427373934,6.003677542087234,94,0.1702127659574468,8.361877308799263,151.1339622996743,151.57527899825166,4381,0.32526820360648256,2.740223003383534,28.25827281563533,27.471055146732947,29177,0.9585289783048292,0.11221019358553386,6.909345359170317,3.249287071885588,19299,0.8354837038188507,0.6537356351481121,10.569422316912929,8.145067684247485,0.722853638174621,0.06207116134464741,"[""y@t"", ""throughput_2@t"", ""buffer_size_3@t""]",3,20,8000.0,352,0.1985219619762799,4.986888372370225,7.9259028965231355,
ref,ar,1,33200,33558,0.8479051194946063,0.5873854569555976,10.530039868016596,6.37846200412646,33464,0.8498087497011714,0.5704202818279933,10.133059997284537,5.969205359771671,94,0.1702127659574468,6.62698780238272,151.85487384862944,152.07382739443122,4381,0.05820588906642319,3.466579123159004,31.894914064656206,26.98503137735546,29177,0.9664804469273743,0.15506727991076355,7.322050223588513,3.28433373788537,19299,0.7816985336027773,0.8497846832644308,11.889738104344255,7.934815242101226,0.6846330982901161,0.06207116134464741,"[""y@t"", ""throughput_2@t"", ""buffer_size_3@t""]",3,20,8000.0,352,0.1985219619762799,4.986888372370225,7.9259028965231355,
ref,persistence,1,33200,33558,0.8694499076226235,3.607232359165712,9.999003984825238,4.98688837237023,33464,0.8713841740377719,3.5537866030049146,9.597365235822318,4.570941907721736,94,0.18085106382978725,22.63392155240955,152.9823986298647,153.06382978723406,4381,0.0,27.63102111592855,34.103755315723284,28.69139465875371,29177,1.0,0.0,6.3796148913384405,1.4275970798917015,19299,0.7769832633815223,6.1621801587106315,11.808682343600474,7.9259028965231355,0.7291569012797388,0.06207116134464741,"[""y@t"", ""throughput_2@t"", ""buffer_size_3@t""]",3,20,8000.0,352,0.1985219619762799,4.986888372370225,7.9259028965231355,
ref,model,2,66758,33201,0.883316767567242,0.395880280443871,8.834953436776436,5.892727169960669,33108,0.8853449317385527,0.3780552312209165,8.43140310921497,5.480110739977724,93,0.16129032258064516,6.741597803815663,152.4988700486579,152.78417624388925,4870,0.32792607802874746,2.0468321767196307,22.750218117034528,22.940441900989423,28331,0.9787864882990364,0.11208741274195613,6.442968014699669,2.962284519150248,20321,0.8218099502977215,0.5549922763353662,9.501204003975056,7.703595535391981,0.7861484869599853,0.1244492381811142,"[""y@t"", ""throughput_2@t"", ""data_quality_1@t+h"", ""avg_p_latency_1@t""]",4,20,72000.0,856,0.2184873949579832,4.608656365772116,6.818069976871217,
ref,ar,2,66758,33201,0.8533176711544833,0.5421609150774279,10.261335493477878,6.13029255301562,33108,0.855261568201039,0.5241901510660337,9.857821217114283,5.713478733909832,93,0.16129032258064516,6.939752903133789,153.91241787891764,154.51601215467613,4870,0.0,2.908141917411149,27.0481251704205,21.224542885026175,28331,1.0,0.13545704012189452,7.3757449486079265,3.535643613094988,20321,0.764184833423552,0.7585486588794662,10.932651074866357,7.213807660481873,0.765320789938897,0.1244492381811142,"[""y@t"", ""throughput_2@t"", ""data_quality_1@t+h"", ""avg_p_latency_1@t""]",4,20,72000.0,856,0.2184873949579832,4.608656365772116,6.818069976871217,
ref,persistence,2,66758,33201,0.8533176711544833,4.0529825256640475,9.509566073772406,4.60865636577212,33108,0.855261568201039,3.9992706653234746,9.100182964346997,4.184789174821801,93,0.16129032258064516,23.174404806907813,155.24995302921795,155.50537634408602,4870,0.0,27.63102111592854,28.511997960823937,22.3258726899384,28331,1.0,0.0,6.243114367516328,1.563128728248215,20321,0.764184833423552,6.515813847130043,10.760368641163039,6.818069976871217,0.765320789938897,0.1244492381811142,"[""y@t"", ""throughput_2@t"", ""data_quality_1@t+h"", ""avg_p_latency_1@t""]",4,20,72000.0,856,0.2184873949579832,4.608656365772116,6.818069976871217,
ref,model,3,99959,33201,0.9052438179572905,0.34440890866633195,8.965538767719318,6.30873102925952,33108,0.907424187507551,0.3252135514113203,8.540621126593349,5.877536455570444,93,0.12903225806451613,7.177956091450484,160.23621900856406,159.81399926257083,3981,0.2705350414468726,2.17569936153699,27.929416650776353,27.870677895134772,29220,0.9917180013689254,0.09490968577522692,6.381856431906517,3.3710818002023886,19992,0.8519407763105242,0.48225374209881233,9.304499583831564,7.69574472037134,0.7429383091546569,0.35122641175985336,"[""y@t"", ""data_quality_1@t+h"", ""throughput_2@t"", ""buffer_size_3@t""]",4,20,80000.0,1371,0.19406041986687148,4.94388723231228,7.444927971188475,
ref,ar,3,99959,33201,0.8800939730731002,0.45797957704839704,9.287228426018627,5.802470914890762,33108,0.8822036969916637,0.44002564049123927,8.851155130967266,5.357819955408952,93,0.12903225806451613,6.849580991396546,164.5293214643031,164.09821249041468,3981,0.0,2.861720316759939,32.36884332134319,27.813178045596775,29220,1.0,0.1304884105599764,6.142536129704902,2.8036815552966248,19992,0.804921968787515,0.6481891135367004,10.321836834743573,7.451671382987645,0.7133930791134014,0.35122641175985336,"[""y@t"", ""data_quality_1@t+h"", ""throughput_2@t"", ""buffer_size_3@t""]",4,20,80000.0,1371,0.19406041986687148,4.94388723231228,7.444927971188475,
ref,persistence,3,99959,33201,0.8800939730731002,3.313125961944265,9.373593408642652,4.943887232312285,33108,0.8822036969916637,3.2548321358016596,8.936359646175632,4.495559985501998,93,0.12903225806451613,24.06572806871196,165.0288128469024,164.5483870967742,3981,0.0,27.631021115928544,34.83492889718861,30.203466465712133,29220,1.0,0.0,5.9046825058397285,1.5024640657084247,19992,0.804921968787515,5.390205199685941,10.72821257860503,7.444927971188475,0.7133930791134014,0.35122641175985336,"[""y@t"", ""data_quality_1@t+h"", ""throughput_2@t"", ""buffer_size_3@t""]",4,20,80000.0,1371,0.19406041986687148,4.94388723231228,7.444927971188475,
ref,model,4,133160,33558,0.9062816616008106,0.3637795074677236,8.189680378855893,5.996359529882146,33464,0.9081699737030839,0.3439385916626178,7.814675187124708,5.617435335582494,94,0.23404255319148937,7.4271455340853585,141.69152863515825,140.89337270055833,4795,0.45255474452554745,2.078146920683523,25.085610835315745,26.038616030784375,28763,0.981921218231756,0.07798206817523813,5.373006647370131,2.655170505029865,18970,0.8465998945703743,0.5545473154532016,9.370491498364792,8.48468497443324,0.8747884704024391,0.4327097926288843,"[""y@t"", ""throughput_2@t"", ""buffer_size_3@t""]",3,20,8000.0,855,0.060790273556231005,5.052863698670958,8.242224565102793,
ref,ar,4,133160,33558,0.8571130579891532,0.538099604682822,9.510040671451186,6.077569935595535,33464,0.8588931388955295,0.5228619624646225,9.13941781414343,5.701058293949676,94,0.22340425531914893,5.96270023436185,141.45177787301273,140.11571436152144,4795,0.0,2.9389656115895284,31.132247659790075,25.183190965600055,28763,1.0,0.13785788778550054,5.905462480404183,2.8925248137768214,18970,0.7510806536636795,0.8192545513751086,11.396590774343078,8.209656210863853,0.8331044631028387,0.4327097926288843,"[""y@t"", ""throughput_2@t"", ""buffer_size_3@t""]",3,20,8000.0,855,0.060790273556231005,5.052863698670958,8.242224565102793,
ref,persistence,4,133160,33558,0.8571130579891532,3.9481121118921685,9.341591152950988,5.052863698670964,33464,0.8588931388955295,3.8989266587800198,8.969021453097389,4.6723344489600835,94,0.22340425531914893,21.45813341981685,141.976404300833,140.5212765957447,4795,0.0,27.631021115928547,33.23950694523515,27.01438998957247,28763,1.0,0.0,5.3576358553811065,1.3917185272746313,18970,0.7510806536636795,6.877895714782003,11.610501678806116,8.242224565102793,0.8331044631028387,0.4327097926288843,"[""y@t"", ""throughput_2@t"", ""buffer_size_3@t""]",3,20,8000.0,855,0.060790273556231005,5.052863698670958,8.242224565102793,
ref,model,5,166718,33201,0.9252432155657963,0.2961073960172776,8.609559255489941,5.7266452164613035,33108,0.9271173130361242,0.27944278616894747,8.24292471189967,5.349505172812271,93,0.25806451612903225,6.228708502022781,139.13145677362607,139.98850075551724,3654,0.41625615763546797,2.0442290317781184,29.655841067058496,31.11039723383437,29547,0.9881883101499306,0.0799217779487728,6.006820779858861,2.587503175933292,18178,0.8758389261744967,0.4556762901210841,9.789723335912045,8.284420241772857,0.8147234469427385,0.5584585797041655,"[""y@t"", ""throughput_2@t"", ""buffer_size_3@t"", ""data_quality_2@t+h""]",4,20,80000.0,1875,0.08864190837625373,4.627330502093311,7.7230718450874685,
ref,ar,5,166718,33201,0.889943074003795,0.45556155304865315,9.89267614240066,5.9763331869367295,33108,0.8917482179533648,0.4413446571379285,9.527118340766618,5.597362187118702,93,0.24731182795698925,5.516776497266618,140.03125352411914,140.89000912215428,3654,0.0,3.0510384537745106,36.56034546345898,31.29318427975722,29547,1.0,0.1345857316369266,6.594755416129056,2.845464608293683,18178,0.802838596105182,0.7007271872030886,11.744923189437491,8.157410093476832,0.7670290749812423,0.5584585797041655,"[""y@t"", ""throughput_2@t"", ""buffer_size_3@t"", ""data_quality_2@t+h""]",4,20,80000.0,1875,0.08864190837625373,4.627330502093311,7.7230718450874685,
ref,persistence,5,166718,33201,0.889943074003795,3.0409852461553237,9.44115106386959,4.627330502093316,33108,0.8917482179533648,2.9911072755674737,9.069772937424974,4.240364866497528,93,0.24731182795698925,20.797542775430088,141.6517640781532,142.38709677419354,3654,0.0,27.631021115928547,38.26535954946101,32.33771209633279,29547,1.0,0.0,5.87653679486255,1.2004602836159401,18178,0.802838596105182,5.44777091426383,11.612693711794495,7.7230718450874685,0.7670290749812423,0.5584585797041655,"[""y@t"", ""throughput_2@t"", ""buffer_size_3@t"", ""data_quality_2@t+h""]",4,20,80000.0,1875,0.08864190837625373,4.627330502093311,7.7230718450874685,
on_change=static,model,1,33200,33558,0.8757375290541749,0.44963176121042203,9.675246975198045,6.393097742101671,33464,0.8778388716232369,0.4330880148530138,9.299153427373934,6.003677542087234,94,0.1276595744680851,6.339205464447783,143.56455000058045,145.0266889472416,4381,0.3259529787719699,2.691019586480565,27.973622082810135,27.195027945904023,29177,0.9582890633032868,0.11308173679021112,6.927699888573353,3.2696355553498435,19299,0.8354837038188507,0.6537356351481121,10.569422316912929,8.145067684247485,0.7228751777669185,0.062066443264484406,"[""y@t"", ""throughput_2@t"", ""buffer_size_3@t""]",3,20,8000.0,352,0.1985219619762799,4.986888372370225,7.9259028965231355,"[""buffer_size_3@t""]"
on_change=static,ar,1,33200,33558,0.8479051194946063,0.5873854569555976,10.530039868016596,6.37846200412646,33464,0.8498087497011714,0.5704202818279933,10.133059997284537,5.969205359771671,94,0.1702127659574468,6.62698780238272,151.85487384862944,152.07382739443122,4381,0.05820588906642319,3.466579123159004,31.894914064656206,26.98503137735546,29177,0.9664804469273743,0.15506727991076355,7.322050223588513,3.28433373788537,19299,0.7816985336027773,0.8497846832644308,11.889738104344255,7.934815242101226,0.6846330982901161,0.062066443264484406,"[""y@t"", ""throughput_2@t"", ""buffer_size_3@t""]",3,20,8000.0,352,0.1985219619762799,4.986888372370225,7.9259028965231355,"[""buffer_size_3@t""]"
on_change=static,persistence,1,33200,33558,0.8694499076226235,3.607232359165712,9.999003984825238,4.98688837237023,33464,0.8713841740377719,3.5537866030049146,9.597365235822318,4.570941907721736,94,0.18085106382978725,22.63392155240955,152.9823986298647,153.06382978723406,4381,0.0,27.63102111592855,34.103755315723284,28.69139465875371,29177,1.0,0.0,6.3796148913384405,1.4275970798917015,19299,0.7769832633815223,6.1621801587106315,11.808682343600474,7.9259028965231355,0.7291569012797388,0.062066443264484406,"[""y@t"", ""throughput_2@t"", ""buffer_size_3@t""]",3,20,8000.0,352,0.1985219619762799,4.986888372370225,7.9259028965231355,"[""buffer_size_3@t""]"
on_change=static,model,2,66758,33201,0.8834071262913767,0.39243643346994217,8.852605045773826,5.91148441027105,33108,0.8853449317385527,0.3780552312209165,8.43140310921497,5.480110739977724,93,0.1935483870967742,5.512144434123071,158.80049446072596,159.48051103469524,4870,0.3297741273100616,2.020296862923399,22.77663816727737,22.95973108275349,28331,0.9785747061522714,0.1126129083053403,6.459112359256504,2.9809503205816825,20321,0.8218099502977215,0.5549922763353662,9.501204003975056,7.703595535391981,0.7865144329563194,0.12568563595414162,"[""y@t"", ""throughput_2@t"", ""data_quality_1@t+h"", ""avg_p_latency_1@t""]",4,20,72000.0,856,0.2184873949579832,4.608656365772116,6.818069976871217,"[""buffer_size_3@t""]"
on_change=static,ar,2,66758,33201,0.8533176711544833,0.5421609150774279,10.261335493477878,6.13029255301562,33108,0.855261568201039,0.5241901510660337,9.857821217114283,5.713478733909832,93,0.16129032258064516,6.939752903133789,153.91241787891764,154.51601215467613,4870,0.0,2.908141917411149,27.0481251704205,21.224542885026175,28331,1.0,0.13545704012189452,7.3757449486079265,3.535643613094988,20321,0.764184833423552,0.7585486588794662,10.932651074866357,7.213807660481873,0.765320789938897,0.12568563595414162,"[""y@t"", ""throughput_2@t"", ""data_quality_1@t+h"", ""avg_p_latency_1@t""]",4,20,72000.0,856,0.2184873949579832,4.608656365772116,6.818069976871217,"[""buffer_size_3@t""]"
on_change=static,persistence,2,66758,33201,0.8533176711544833,4.0529825256640475,9.509566073772406,4.60865636577212,33108,0.855261568201039,3.9992706653234746,9.100182964346997,4.184789174821801,93,0.16129032258064516,23.174404806907813,155.24995302921795,155.50537634408602,4870,0.0,27.63102111592854,28.511997960823937,22.3258726899384,28331,1.0,0.0,6.243114367516328,1.563128728248215,20321,0.764184833423552,6.515813847130043,10.760368641163039,6.818069976871217,0.765320789938897,0.12568563595414162,"[""y@t"", ""throughput_2@t"", ""data_quality_1@t+h"", ""avg_p_latency_1@t""]",4,20,72000.0,856,0.2184873949579832,4.608656365772116,6.818069976871217,"[""buffer_size_3@t""]"
on_change=static,model,3,99959,33201,0.9054245354055601,0.34227548393748036,8.842687039983863,6.1894052576359115,33108,0.907424187507551,0.3252135514113203,8.540621126593349,5.877536455570444,93,0.1935483870967742,6.416323463250469,116.37815220700632,117.2146987929429,3981,0.27304697312233106,2.1544100053786104,26.795250002588784,26.7603399341507,29220,0.9915811088295687,0.09538610919904301,6.396788574750111,3.3867738083817924,19992,0.8519407763105242,0.48225374209881233,9.304499583831564,7.69574472037134,0.7429414521443072,0.3548646289855242,"[""y@t"", ""data_quality_1@t+h"", ""throughput_2@t"", ""buffer_size_3@t""]",4,20,80000.0,1371,0.19406041986687148,4.94388723231228,7.444927971188475,"[""buffer_size_3@t"", ""data_quality_3@t+h""]"
on_change=static,ar,3,99959,33201,0.8800939730731002,0.45797957704839704,9.287228426018627,5.802470914890762,33108,0.8822036969916637,0.44002564049123927,8.851155130967266,5.357819955408952,93,0.12903225806451613,6.849580991396546,164.5293214643031,164.09821249041468,3981,0.0,2.861720316759939,32.36884332134319,27.813178045596775,29220,1.0,0.1304884105599764,6.142536129704902,2.8036815552966248,19992,0.804921968787515,0.6481891135367004,10.321836834743573,7.451671382987645,0.7133930791134014,0.3548646289855242,"[""y@t"", ""data_quality_1@t+h"", ""throughput_2@t"", ""buffer_size_3@t""]",4,20,80000.0,1371,0.19406041986687148,4.94388723231228,7.444927971188475,"[""buffer_size_3@t"", ""data_quality_3@t+h""]"
on_change=static,persistence,3,99959,33201,0.8800939730731002,3.313125961944265,9.373593408642652,4.943887232312285,33108,0.8822036969916637,3.2548321358016596,8.936359646175632,4.495559985501998,93,0.12903225806451613,24.06572806871196,165.0288128469024,164.5483870967742,3981,0.0,27.631021115928544,34.83492889718861,30.203466465712133,29220,1.0,0.0,5.9046825058397285,1.5024640657084247,19992,0.804921968787515,5.390205199685941,10.72821257860503,7.444927971188475,0.7133930791134014,0.3548646289855242,"[""y@t"", ""data_quality_1@t+h"", ""throughput_2@t"", ""buffer_size_3@t""]",4,20,80000.0,1371,0.19406041986687148,4.94388723231228,7.444927971188475,"[""buffer_size_3@t"", ""data_quality_3@t+h""]"
on_change=static,model,4,133160,33558,0.9062816616008106,0.3606985689560903,8.098619042792158,5.909538625087652,33464,0.9081699737030839,0.3439385916626178,7.814675187124708,5.617435335582494,94,0.23404255319148937,6.327250485432297,109.18263166040502,109.89830968892404,4795,0.4542231491136601,2.048555376105704,24.374280262121868,25.349887555021564,28763,0.9816430831276293,0.07932063931445364,5.385348676464378,2.6686919429253924,18970,0.8465998945703743,0.5545473154532016,9.370491498364792,8.48468497443324,0.874779330539214,0.42749427258968353,"[""y@t"", ""throughput_2@t"", ""buffer_size_3@t""]",3,20,8000.0,855,0.060790273556231005,5.052863698670958,8.242224565102793,"[""buffer_size_3@t"", ""data_quality_3@t+h""]"
on_change=static,ar,4,133160,33558,0.8571130579891532,0.538099604682822,9.510040671451186,6.077569935595535,33464,0.8588931388955295,0.5228619624646225,9.13941781414343,5.701058293949676,94,0.22340425531914893,5.96270023436185,141.45177787301273,140.11571436152144,4795,0.0,2.9389656115895284,31.132247659790075,25.183190965600055,28763,1.0,0.13785788778550054,5.905462480404183,2.8925248137768214,18970,0.7510806536636795,0.8192545513751086,11.396590774343078,8.209656210863853,0.8331044631028387,0.42749427258968353,"[""y@t"", ""throughput_2@t"", ""buffer_size_3@t""]",3,20,8000.0,855,0.060790273556231005,5.052863698670958,8.242224565102793,"[""buffer_size_3@t"", ""data_quality_3@t+h""]"
on_change=static,persistence,4,133160,33558,0.8571130579891532,3.9481121118921685,9.341591152950988,5.052863698670964,33464,0.8588931388955295,3.8989266587800198,8.969021453097389,4.6723344489600835,94,0.22340425531914893,21.45813341981685,141.976404300833,140.5212765957447,4795,0.0,27.631021115928547,33.23950694523515,27.01438998957247,28763,1.0,0.0,5.3576358553811065,1.3917185272746313,18970,0.7510806536636795,6.877895714782003,11.610501678806116,8.242224565102793,0.8331044631028387,0.42749427258968353,"[""y@t"", ""throughput_2@t"", ""buffer_size_3@t""]",3,20,8000.0,855,0.060790273556231005,5.052863698670958,8.242224565102793,"[""buffer_size_3@t"", ""data_quality_3@t+h""]"
on_change=static,model,5,166718,33201,0.9248516610945453,0.29135574513310825,8.613638374332055,5.732860950806522,33108,0.9271173130361242,0.27944278616894747,8.24292471189967,5.349505172812271,93,0.11827956989247312,4.532369136374321,140.58770220026076,142.20751791675988,3654,0.4165298303229338,1.9932833903275053,29.419535857178825,30.87177857992998,29547,0.9877144887805869,0.08088281672953675,6.040627598201751,2.623996936970358,18178,0.8758389261744967,0.4556762901210841,9.789723335912045,8.284420241772857,0.8147090566786506,0.5457727573812008,"[""y@t"", ""throughput_2@t"", ""buffer_size_3@t"", ""data_quality_2@t+h""]",4,20,80000.0,1875,0.08864190837625373,4.627330502093311,7.7230718450874685,"[""buffer_size_3@t""]"
on_change=static,ar,5,166718,33201,0.889943074003795,0.45556155304865315,9.89267614240066,5.9763331869367295,33108,0.8917482179533648,0.4413446571379285,9.527118340766618,5.597362187118702,93,0.24731182795698925,5.516776497266618,140.03125352411914,140.89000912215428,3654,0.0,3.0510384537745106,36.56034546345898,31.29318427975722,29547,1.0,0.1345857316369266,6.594755416129056,2.845464608293683,18178,0.802838596105182,0.7007271872030886,11.744923189437491,8.157410093476832,0.7670290749812423,0.5457727573812008,"[""y@t"", ""throughput_2@t"", ""buffer_size_3@t"", ""data_quality_2@t+h""]",4,20,80000.0,1875,0.08864190837625373,4.627330502093311,7.7230718450874685,"[""buffer_size_3@t""]"
on_change=static,persistence,5,166718,33201,0.889943074003795,3.0409852461553237,9.44115106386959,4.627330502093316,33108,0.8917482179533648,2.9911072755674737,9.069772937424974,4.240364866497528,93,0.24731182795698925,20.797542775430088,141.6517640781532,142.38709677419354,3654,0.0,27.631021115928547,38.26535954946101,32.33771209633279,29547,1.0,0.0,5.87653679486255,1.2004602836159401,18178,0.802838596105182,5.44777091426383,11.612693711794495,7.7230718450874685,0.7670290749812423,0.5457727573812008,"[""y@t"", ""throughput_2@t"", ""buffer_size_3@t"", ""data_quality_2@t+h""]",4,20,80000.0,1875,0.08864190837625373,4.627330502093311,7.7230718450874685,"[""buffer_size_3@t""]"
on_change=chain,model,1,33200,33558,0.8759759222838072,0.43952929478945885,9.656273428108316,6.3728627447414485,33464,0.8778388716232369,0.4330880148530138,9.299153427373934,6.003677542087234,94,0.2127659574468085,2.7326249521639117,136.7909936895485,137.80279488964226,4381,0.3286920794339192,2.609975137375703,27.479218779255028,26.690625547777202,29177,0.9581519690166912,0.1136313876581453,6.980113316260843,3.3220995120547565,19299,0.8354837038188507,0.6537356351481121,10.569422316912929,8.145067684247485,0.7222664152680877,0.06207314692437649,"[""y@t"", ""throughput_2@t"", ""buffer_size_3@t""]",3,20,8000.0,352,0.1985219619762799,4.986888372370225,7.9259028965231355,
on_change=chain,ar,1,33200,33558,0.8479051194946063,0.5873854569555976,10.530039868016596,6.37846200412646,33464,0.8498087497011714,0.5704202818279933,10.133059997284537,5.969205359771671,94,0.1702127659574468,6.62698780238272,151.85487384862944,152.07382739443122,4381,0.05820588906642319,3.466579123159004,31.894914064656206,26.98503137735546,29177,0.9664804469273743,0.15506727991076355,7.322050223588513,3.28433373788537,19299,0.7816985336027773,0.8497846832644308,11.889738104344255,7.934815242101226,0.6846330982901161,0.06207314692437649,"[""y@t"", ""throughput_2@t"", ""buffer_size_3@t""]",3,20,8000.0,352,0.1985219619762799,4.986888372370225,7.9259028965231355,
on_change=chain,persistence,1,33200,33558,0.8694499076226235,3.607232359165712,9.999003984825238,4.98688837237023,33464,0.8713841740377719,3.5537866030049146,9.597365235822318,4.570941907721736,94,0.18085106382978725,22.63392155240955,152.9823986298647,153.06382978723406,4381,0.0,27.63102111592855,34.103755315723284,28.69139465875371,29177,1.0,0.0,6.3796148913384405,1.4275970798917015,19299,0.7769832633815223,6.1621801587106315,11.808682343600474,7.9259028965231355,0.7291569012797388,0.06207314692437649,"[""y@t"", ""throughput_2@t"", ""buffer_size_3@t""]",3,20,8000.0,352,0.1985219619762799,4.986888372370225,7.9259028965231355,
on_change=chain,model,2,66758,33201,0.8836480828890696,0.3839827670513742,8.779665211181836,5.8369796446925974,33108,0.8853449317385527,0.3780552312209165,8.43140310921497,5.480110739977724,93,0.27956989247311825,2.494185522694305,132.76097351138586,132.88230972318783,4870,0.3326488706365503,1.9580664253750886,22.03557600377161,22.21857759382229,28331,0.9783629240055063,0.11340328111595047,6.501020420672776,3.021040143359727,20321,0.8218099502977215,0.5549922763353662,9.501204003975056,7.703595535391981,0.7865824003275738,0.1261615864932537,"[""y@t"", ""throughput_2@t"", ""data_quality_1@t+h"", ""avg_p_latency_1@t""]",4,20,72000.0,856,0.2184873949579832,4.608656365772116,6.818069976871217,
on_change=chain,ar,2,66758,33201,0.8533176711544833,0.5421609150774279,10.261335493477878,6.13029255301562,33108,0.855261568201039,0.5241901510660337,9.857821217114283,5.713478733909832,93,0.16129032258064516,6.939752903133789,153.91241787891764,154.51601215467613,4870,0.0,2.908141917411149,27.0481251704205,21.224542885026175,28331,1.0,0.13545704012189452,7.3757449486079265,3.535643613094988,20321,0.764184833423552,0.7585486588794662,10.932651074866357,7.213807660481873,0.765320789938897,0.1261615864932537,"[""y@t"", ""throughput_2@t"", ""data_quality_1@t+h"", ""avg_p_latency_1@t""]",4,20,72000.0,856,0.2184873949579832,4.608656365772116,6.818069976871217,
on_change=chain,persistence,2,66758,33201,0.8533176711544833,4.0529825256640475,9.509566073772406,4.60865636577212,33108,0.855261568201039,3.9992706653234746,9.100182964346997,4.184789174821801,93,0.16129032258064516,23.174404806907813,155.24995302921795,155.50537634408602,4870,0.0,27.63102111592854,28.511997960823937,22.3258726899384,28331,1.0,0.0,6.243114367516328,1.563128728248215,20321,0.764184833423552,6.515813847130043,10.760368641163039,6.818069976871217,0.765320789938897,0.1261615864932537,"[""y@t"", ""throughput_2@t"", ""data_quality_1@t+h"", ""avg_p_latency_1@t""]",4,20,72000.0,856,0.2184873949579832,4.608656365772116,6.818069976871217,
on_change=chain,model,3,99959,33201,0.906117285623927,0.33099494112897493,8.861113202387042,6.207364018053874,33108,0.907424187507551,0.3252135514113203,8.540621126593349,5.877536455570444,93,0.44086021505376344,2.3891696806140343,122.9562921849414,123.62597626215545,3981,0.27957799547852297,2.0571840346354424,26.678094011139297,26.64684082982256,29220,0.9914784394250513,0.09581496914919231,6.4336867616052915,3.42264269061886,19992,0.8519407763105242,0.48225374209881233,9.304499583831564,7.69574472037134,0.7436329619384874,0.36490391194820404,"[""y@t"", ""data_quality_1@t+h"", ""throughput_2@t"", ""buffer_size_3@t""]",4,20,80000.0,1371,0.19406041986687148,4.94388723231228,7.444927971188475,
on_change=chain,ar,3,99959,33201,0.8800939730731002,0.45797957704839704,9.287228426018627,5.802470914890762,33108,0.8822036969916637,0.44002564049123927,8.851155130967266,5.357819955408952,93,0.12903225806451613,6.849580991396546,164.5293214643031,164.09821249041468,3981,0.0,2.861720316759939,32.36884332134319,27.813178045596775,29220,1.0,0.1304884105599764,6.142536129704902,2.8036815552966248,19992,0.804921968787515,0.6481891135367004,10.321836834743573,7.451671382987645,0.7133930791134014,0.36490391194820404,"[""y@t"", ""data_quality_1@t+h"", ""throughput_2@t"", ""buffer_size_3@t""]",4,20,80000.0,1371,0.19406041986687148,4.94388723231228,7.444927971188475,
on_change=chain,persistence,3,99959,33201,0.8800939730731002,3.313125961944265,9.373593408642652,4.943887232312285,33108,0.8822036969916637,3.2548321358016596,8.936359646175632,4.495559985501998,93,0.12903225806451613,24.06572806871196,165.0288128469024,164.5483870967742,3981,0.0,27.631021115928544,34.83492889718861,30.203466465712133,29220,1.0,0.0,5.9046825058397285,1.5024640657084247,19992,0.804921968787515,5.390205199685941,10.72821257860503,7.444927971188475,0.7133930791134014,0.36490391194820404,"[""y@t"", ""data_quality_1@t+h"", ""throughput_2@t"", ""buffer_size_3@t""]",4,20,80000.0,1371,0.19406041986687148,4.94388723231228,7.444927971188475,
on_change=chain,model,4,133160,33558,0.9068180463674832,0.348863270945996,8.060751374347607,5.869660087405657,33464,0.9081699737030839,0.3439385916626178,7.814675187124708,5.617435335582494,94,0.425531914893617,2.102049095828624,95.66387402570034,95.66167173645128,4795,0.4583941605839416,1.9655795702616274,23.846932617086203,24.814017713333644,28763,0.9815735493515976,0.0793449781664372,5.429080858096468,2.7114987406641933,18970,0.8465998945703743,0.5545473154532016,9.370491498364792,8.48468497443324,0.875288002864487,0.42589872516691685,"[""y@t"", ""throughput_2@t"", ""buffer_size_3@t""]",3,20,8000.0,855,0.060790273556231005,5.052863698670958,8.242224565102793,
on_change=chain,ar,4,133160,33558,0.8571130579891532,0.538099604682822,9.510040671451186,6.077569935595535,33464,0.8588931388955295,0.5228619624646225,9.13941781414343,5.701058293949676,94,0.22340425531914893,5.96270023436185,141.45177787301273,140.11571436152144,4795,0.0,2.9389656115895284,31.132247659790075,25.183190965600055,28763,1.0,0.13785788778550054,5.905462480404183,2.8925248137768214,18970,0.7510806536636795,0.8192545513751086,11.396590774343078,8.209656210863853,0.8331044631028387,0.42589872516691685,"[""y@t"", ""throughput_2@t"", ""buffer_size_3@t""]",3,20,8000.0,855,0.060790273556231005,5.052863698670958,8.242224565102793,
on_change=chain,persistence,4,133160,33558,0.8571130579891532,3.9481121118921685,9.341591152950988,5.052863698670964,33464,0.8588931388955295,3.8989266587800198,8.969021453097389,4.6723344489600835,94,0.22340425531914893,21.45813341981685,141.976404300833,140.5212765957447,4795,0.0,27.631021115928547,33.23950694523515,27.01438998957247,28763,1.0,0.0,5.3576358553811065,1.3917185272746313,18970,0.7510806536636795,6.877895714782003,11.610501678806116,8.242224565102793,0.8331044631028387,0.42589872516691685,"[""y@t"", ""throughput_2@t"", ""buffer_size_3@t""]",3,20,8000.0,855,0.060790273556231005,5.052863698670958,8.242224565102793,
on_change=chain,model,5,166718,33201,0.9256648896117586,0.284955978993193,8.529530736792795,5.647210702521032,33108,0.9271173130361242,0.27944278616894747,8.24292471189967,5.349505172812271,93,0.40860215053763443,2.2476526244245942,110.56127559874496,111.63037927884001,3654,0.42309797482211275,1.9298577981614817,28.36645613691104,29.800614492134084,29547,0.9878160219311605,0.08153528493826609,6.076350196906104,2.660222600607264,18178,0.8758389261744967,0.4556762901210841,9.789723335912045,8.284420241772857,0.814064888016817,0.5039314962923527,"[""y@t"", ""throughput_2@t"", ""buffer_size_3@t"", ""data_quality_2@t+h""]",4,20,80000.0,1875,0.08864190837625373,4.627330502093311,7.7230718450874685,
on_change=chain,ar,5,166718,33201,0.889943074003795,0.45556155304865315,9.89267614240066,5.9763331869367295,33108,0.8917482179533648,0.4413446571379285,9.527118340766618,5.597362187118702,93,0.24731182795698925,5.516776497266618,140.03125352411914,140.89000912215428,3654,0.0,3.0510384537745106,36.56034546345898,31.29318427975722,29547,1.0,0.1345857316369266,6.594755416129056,2.845464608293683,18178,0.802838596105182,0.7007271872030886,11.744923189437491,8.157410093476832,0.7670290749812423,0.5039314962923527,"[""y@t"", ""throughput_2@t"", ""buffer_size_3@t"", ""data_quality_2@t+h""]",4,20,80000.0,1875,0.08864190837625373,4.627330502093311,7.7230718450874685,
on_change=chain,persistence,5,166718,33201,0.889943074003795,3.0409852461553237,9.44115106386959,4.627330502093316,33108,0.8917482179533648,2.9911072755674737,9.069772937424974,4.240364866497528,93,0.24731182795698925,20.797542775430088,141.6517640781532,142.38709677419354,3654,0.0,27.631021115928547,38.26535954946101,32.33771209633279,29547,1.0,0.0,5.87653679486255,1.2004602836159401,18178,0.802838596105182,5.44777091426383,11.612693711794495,7.7230718450874685,0.7670290749812423,0.5039314962923527,"[""y@t"", ""throughput_2@t"", ""buffer_size_3@t"", ""data_quality_2@t+h""]",4,20,80000.0,1875,0.08864190837625373,4.627330502093311,7.7230718450874685,
"granularity=30,n_bins=4",model,1,929,940,0.9042553191489362,0.36924888851084886,39.968410205052145,23.351253954717375,846,0.9550827423167849,0.19002872723823488,29.704774569187947,11.46134631611758,94,0.44680851063829785,1.982230339964375,132.34113092782985,130.36042270211553,90,0.0,3.3753140807327946,173.8478674483199,156.04205396114233,850,1.0,0.050959632863819306,25.79293826164732,9.301639836390025,660,0.9424242424242424,0.2126877997177656,27.397842300804857,10.60129123376526,0.8532166827138592,0.003613622859120369,"[""y@t"", ""avg_p_latency_2@t"", ""data_quality_2@t+h"", ""throughput_2@t""]",4,4,640.0,76,0.06595744680851064,19.709148936170212,7.9216161616161616,
"granularity=30,n_bins=4",ar,1,929,940,0.9042553191489362,0.4053359333730239,41.629474068885365,28.244382781817656,846,0.9550827423167849,0.2246703644469472,30.964506115119615,16.28952482340791,94,0.44680851063829785,2.0313260537077142,137.61418565277705,135.8381044075053,90,0.0,3.4160477825488775,179.6441085705555,161.56216295037322,850,1.0,0.08655467875440405,27.01615982753205,14.128382528676473,660,0.9424242424242424,0.24549619992154398,28.769984369445513,15.08096083440791,0.8532166827138592,0.003613622859120369,"[""y@t"", ""avg_p_latency_2@t"", ""data_quality_2@t+h"", ""throughput_2@t""]",4,4,640.0,76,0.06595744680851064,19.709148936170212,7.9216161616161616,
"granularity=30,n_bins=4",persistence,1,929,940,0.9042553191489362,2.6455232983335843,40.37165006401209,19.70914893617022,846,0.9550827423167849,1.241109695514521,28.84711485025495,6.179984239558716,94,0.44680851063829785,15.285245723705154,144.09246698782636,141.47163120567376,90,0.0,27.631021115928544,191.06300836992799,172.2062962962963,850,1.0,0.0,24.41609447867982,3.562392156862753,660,0.9424242424242424,1.5908769733413406,28.53463219493918,7.921616161616162,0.8532166827138592,0.003613622859120369,"[""y@t"", ""avg_p_latency_2@t"", ""data_quality_2@t+h"", ""throughput_2@t""]",4,4,640.0,76,0.06595744680851064,19.709148936170212,7.9216161616161616,
"granularity=30,n_bins=4",model,2,1869,930,0.910752688172043,0.31031515539288795,43.074109194146295,26.387454067448655,837,0.96415770609319,0.14787640373828856,32.12606491032194,13.849889828535439,93,0.43010752688172044,1.7722639202842823,141.60650774856558,139.2255322176676,83,0.0,2.850814961589054,187.08676472924503,176.72077374454292,847,1.0,0.061364170842378156,28.96188911219448,11.65585367406161,675,0.9555555555555556,0.16756819209086718,29.54705167296339,14.113442364496718,0.8653549499620916,0.004886867478489876,"[""y@t"", ""data_quality_1@t+h"", ""rps@t+h""]",3,4,160.0,98,0.06344086021505377,21.487670250896056,8.24404938271605,
"granularity=30,n_bins=4",ar,2,1869,930,0.910752688172043,0.3810094013448451,45.389454157231576,30.957904844442314,837,0.96415770609319,0.19153974239008784,33.36610840286921,17.601436860351217,93,0.43010752688172044,2.0862363319376596,153.5995659464929,151.16611670126213,83,0.0,3.3871440989508828,205.7521909645411,195.08875669665295,847,1.0,0.08642949591237613,29.675041931721907,14.874244037200894,675,0.9555555555555556,0.20595219754153335,31.199271077828296,16.74131284946448,0.8653549499620916,0.004886867478489876,"[""y@t"", ""data_quality_1@t+h"", ""rps@t+h""]",3,4,160.0,98,0.06344086021505377,21.487670250896056,8.24404938271605,
"granularity=30,n_bins=4",persistence,2,1869,930,0.910752688172043,2.4659943576581393,44.40029442288751,21.487670250896066,837,0.96415770609319,0.9903591797823852,31.698815950751673,6.648426921545208,93,0.43010752688172044,15.746710958539923,158.71360067211,155.04086021505375,83,0.0,27.631021115928544,216.5032431591265,205.6032128514056,847,1.0,0.0,27.53542459395263,3.445651318378598,675,0.9555555555555556,1.2280453829301576,29.34807482653551,8.24404938271605,0.8653549499620916,0.004886867478489876,"[""y@t"", ""data_quality_1@t+h"", ""rps@t+h""]",3,4,160.0,98,0.06344086021505377,21.487670250896056,8.24404938271605,
"granularity=30,n_bins=4",model,3,2799,930,0.8978494623655914,0.3400729040115976,44.73621351755573,25.99934862389996,837,0.955794504181601,0.19223052385832087,33.404935176828175,12.625244789064247,93,0.3763440860215054,1.670654325391088,146.7177185841038,146.36628313742136,95,0.0,2.8207554672727864,177.6258481312563,166.71498563770496,835,1.0,0.057839558490863516,29.61703353156586,9.989785131311368,668,0.9446107784431138,0.2224235808123895,31.010895362388993,13.52316019433852,0.8451361839713272,0.0061294883489608765,"[""y@t"", ""data_quality_3@t+h"", ""throughput_2@t"", ""avg_p_latency_3@t""]",4,4,576.0,113,0.015053763440860216,24.001756272401433,9.868662674650698,
"granularity=30,n_bins=4",ar,3,2799,930,0.8978494623655914,0.4155429281641037,47.756146445464815,31.94510578289774,837,0.955794504181601,0.223592426523984,34.87630253351228,17.485542327819054,93,0.3763440860215054,2.1430974429251806,163.6747416530376,162.0811768786059,95,0.0,3.2706299315122362,198.66236793273228,186.49688828593796,835,1.0,0.09071267029814842,30.587175138530196,14.36137004901891,668,0.9446107784431138,0.24711419355882125,32.024684679490804,17.638382091132623,0.8451361839713272,0.0061294883489608765,"[""y@t"", ""data_quality_3@t+h"", ""throughput_2@t"", ""avg_p_latency_3@t""]",4,4,576.0,113,0.015053763440860216,24.001756272401433,9.868662674650698,
"granularity=30,n_bins=4",persistence,3,2799,930,0.8978494623655914,2.8225236623797976,46.02971214291406,24.001756272401437,837,0.955794504181601,1.2214429883982751,32.25945284691293,7.876065312624454,93,0.3763440860215054,17.2322497282135,169.9620458069242,169.13297491039427,95,0.0,27.63102111592854,212.18651739074883,199.2736842105263,835,1.0,0.0,27.125644479986743,4.060638722554893,668,0.9446107784431138,1.530460750433168,30.132944872379046,9.868662674650698,0.8451361839713272,0.0061294883489608765,"[""y@t"", ""data_quality_3@t+h"", ""throughput_2@t"", ""avg_p_latency_3@t""]",4,4,576.0,113,0.015053763440860216,24.001756272401433,9.868662674650698,
"granularity=30,n_bins=4",model,4,3729,940,0.9159574468085107,0.2707737611871973,39.98074912439991,23.070583841144934,846,0.9645390070921985,0.14926423574823322,31.435796782084118,12.780506155606805,94,0.4787234042553192,1.3643594901378746,116.88532020524194,115.6812830109881,79,0.0,2.486901606889922,158.26064707710447,149.0568051046724,861,1.0,0.06743566616917736,29.12812201840262,11.51087248247052,639,0.9530516431924883,0.1746922323389023,28.698220840731977,13.791086030278137,0.8766710725903404,0.007601628080010414,"[""y@t"", ""data_quality_1@t+h"", ""rps@t+h"", ""data_quality_2@t+h""]",4,4,1600.0,313,0.1478723404255319,19.269822695035458,7.43922796035472,
"granularity=30,n_bins=4",ar,4,3729,940,0.9159574468085107,0.3676398672317233,43.00389589152071,30.253644055486742,846,0.9645390070921985,0.2020453448056597,32.436223156304806,18.25234386764382,94,0.4787234042553192,1.8579905690662961,138.11295050846388,138.26534574607305,79,0.0,3.285310409743298,188.27265619525602,176.68444684448846,861,1.0,0.09993258168188093,29.674938790481118,16.818065170084722,639,0.9530516431924883,0.21996149995218814,29.979693231173133,16.682127509030426,0.8766710725903404,0.007601628080010414,"[""y@t"", ""data_quality_1@t+h"", ""rps@t+h"", ""data_quality_2@t+h""]",4,4,1600.0,313,0.1478723404255319,19.269822695035458,7.43922796035472,
"granularity=30,n_bins=4",persistence,4,3729,940,0.9159574468085107,2.322181561870591,41.95958898006021,19.269822695035465,846,0.9645390070921985,0.9798234438272535,30.59199777664184,5.618991331757299,94,0.4787234042553192,14.403404624260624,144.26790981082556,142.127304964539,79,0.0,27.631021115928537,202.02435352851228,188.6286919831224,861,1.0,0.0,27.27304263937761,3.7305071622144887,639,0.9530516431924883,1.2972310383065047,28.635885292802357,7.439227960354723,0.8766710725903404,0.007601628080010414,"[""y@t"", ""data_quality_1@t+h"", ""rps@t+h"", ""data_quality_2@t+h""]",4,4,1600.0,313,0.1478723404255319,19.269822695035458,7.43922796035472,
"granularity=30,n_bins=4",model,5,4669,930,0.9225806451612903,0.276429747393569,40.67604590510941,20.366624856481707,837,0.972520908004779,0.13139281263282265,32.124831606073236,9.916345930064564,93,0.4731182795698925,1.5817621602402858,117.63697459643495,114.41913519423595,72,0.0,3.0036674184207945,178.87463644134232,170.65782843210582,858,1.0,0.047570642132543126,29.078961384586368,7.754775605380379,638,0.9639498432601881,0.1511728539100161,29.949624450720204,10.176439749382897,0.8882648898054304,0.008985975757241249,"[""y@t"", ""data_quality_1@t+h"", ""rps@t+h"", ""avg_p_latency_1@t""]",4,4,640.0,272,0.03763440860215054,18.861541218637992,8.770637408568442,
"granularity=30,n_bins=4",ar,5,4669,930,0.9225806451612903,0.3457961287234836,44.74139671261271,28.010413116390495,837,0.972520908004779,0.18050170906886742,35.38603326918013,17.201866089487506,93,0.4731182795698925,1.8334459056150285,128.93966770350596,125.28733635851744,72,0.0,3.2906713836296766,194.22564922928504,186.0088412200485,858,1.0,0.0986737297103765,32.19726363429056,14.75180376503458,638,0.9639498432601881,0.18914879183087674,32.938439311319115,16.972213619320186,0.8882648898054304,0.008985975757241249,"[""y@t"", ""data_quality_1@t+h"", ""rps@t+h"", ""avg_p_latency_1@t""]",4,4,640.0,272,0.03763440860215054,18.861541218637992,8.770637408568442,
"granularity=30,n_bins=4",persistence,5,4669,930,0.9225806451612903,2.139175828329952,42.243664839605884,18.861541218637996,837,0.972520908004779,0.7592753711664953,32.09904030846107,6.685384309040226,93,0.4731182795698925,14.558279942801061,133.54528561990924,128.44695340501798,72,0.0,27.631021115928547,208.08393763886613,199.86712962962963,858,1.0,0.0,28.32699859071691,3.672261072261077,638,0.9639498432601881,0.9961026421102768,31.385772602387323,8.770637408568442,0.8882648898054304,0.008985975757241249,"[""y@t"", ""data_quality_1@t+h"", ""rps@t+h"", ""avg_p_latency_1@t""]",4,4,640.0,272,0.03763440860215054,18.861541218637992,8.770637408568442,
"granularity=30,n_bins=4,on_change=static",model,1,929,940,0.9010638297872341,0.32068048405595034,38.8233778312478,22.305984766670626,846,0.9550827423167849,0.19002872723823488,29.704774569187947,11.46134631611758,94,0.4148936170212766,1.49654629541539,120.8908071897864,119.90773082164804,90,0.044444444444444446,2.7115810313718547,147.6802399425207,130.11191162053922,850,0.991764705882353,0.06752630845779581,27.29735713711302,10.891239570378659,660,0.9424242424242424,0.2126877997177656,27.397842300804857,10.60129123376526,0.84443751521885,0.0035243555903434753,"[""y@t"", ""avg_p_latency_2@t"", ""data_quality_2@t+h"", ""throughput_2@t""]",4,4,640.0,76,0.06595744680851064,19.709148936170212,7.9216161616161616,"[""buffer_size_3@t"", ""rps@t+h""]"
"granularity=30,n_bins=4,on_change=static",ar,1,929,940,0.9042553191489362,0.4053359333730239,41.629474068885365,28.244382781817656,846,0.9550827423167849,0.2246703644469472,30.964506115119615,16.28952482340791,94,0.44680851063829785,2.0313260537077142,137.61418565277705,135.8381044075053,90,0.0,3.4160477825488775,179.6441085705555,161.56216295037322,850,1.0,0.08655467875440405,27.01615982753205,14.128382528676473,660,0.9424242424242424,0.24549619992154398,28.769984369445513,15.08096083440791,0.8532166827138592,0.0035243555903434753,"[""y@t"", ""avg_p_latency_2@t"", ""data_quality_2@t+h"", ""throughput_2@t""]",4,4,640.0,76,0.06595744680851064,19.709148936170212,7.9216161616161616,"[""buffer_size_3@t"", ""rps@t+h""]"
"granularity=30,n_bins=4,on_change=static",persistence,1,929,940,0.9042553191489362,2.6455232983335843,40.37165006401209,19.70914893617022,846,0.9550827423167849,1.241109695514521,28.84711485025495,6.179984239558716,94,0.44680851063829785,15.285245723705154,144.09246698782636,141.47163120567376,90,0.0,27.631021115928544,191.06300836992799,172.2062962962963,850,1.0,0.0,24.41609447867982,3.562392156862753,660,0.9424242424242424,1.5908769733413406,28.53463219493918,7.921616161616162,0.8532166827138592,0.0035243555903434753,"[""y@t"", ""avg_p_latency_2@t"", ""data_quality_2@t+h"", ""throughput_2@t""]",4,4,640.0,76,0.06595744680851064,19.709148936170212,7.9216161616161616,"[""buffer_size_3@t"", ""rps@t+h""]"
"granularity=30,n_bins=4,on_change=static",model,2,1869,930,0.9365591397849462,0.2787721275995893,38.7876831056777,22.81329179480625,837,0.96415770609319,0.14787640373828856,32.12606491032194,13.849889828535439,93,0.6881720430107527,1.456833642351296,98.74224686387954,103.48390949124352,83,0.37349397590361444,2.085923065031812,114.6297452295018,110.73429583978059,847,0.9917355371900827,0.10168413727270088,31.355698269458813,14.1976562154286,675,0.9555555555555556,0.16756819209086718,29.54705167296339,14.113442364496718,0.8994106197187179,0.0048820339143276215,"[""y@t"", ""data_quality_1@t+h"", ""rps@t+h""]",3,4,160.0,98,0.06344086021505377,21.487670250896056,8.24404938271605,"[""data_quality_1@t+h"", ""rps@t+h""]"
"granularity=30,n_bins=4,on_change=static",ar,2,1869,930,0.910752688172043,0.3810094013448451,45.389454157231576,30.957904844442314,837,0.96415770609319,0.19153974239008784,33.36610840286921,17.601436860351217,93,0.43010752688172044,2.0862363319376596,153.5995659464929,151.16611670126213,83,0.0,3.3871440989508828,205.7521909645411,195.08875669665295,847,1.0,0.08642949591237613,29.675041931721907,14.874244037200894,675,0.9555555555555556,0.20595219754153335,31.199271077828296,16.74131284946448,0.8653549499620916,0.0048820339143276215,"[""y@t"", ""data_quality_1@t+h"", ""rps@t+h""]",3,4,160.0,98,0.06344086021505377,21.487670250896056,8.24404938271605,"[""data_quality_1@t+h"", ""rps@t+h""]"
"granularity=30,n_bins=4,on_change=static",persistence,2,1869,930,0.910752688172043,2.4659943576581393,44.40029442288751,21.487670250896066,837,0.96415770609319,0.9903591797823852,31.698815950751673,6.648426921545208,93,0.43010752688172044,15.746710958539923,158.71360067211,155.04086021505375,83,0.0,27.631021115928544,216.5032431591265,205.6032128514056,847,1.0,0.0,27.53542459395263,3.445651318378598,675,0.9555555555555556,1.2280453829301576,29.34807482653551,8.24404938271605,0.8653549499620916,0.0048820339143276215,"[""y@t"", ""data_quality_1@t+h"", ""rps@t+h""]",3,4,160.0,98,0.06344086021505377,21.487670250896056,8.24404938271605,"[""data_quality_1@t+h"", ""rps@t+h""]"
"granularity=30,n_bins=4,on_change=static",model,3,2799,930,0.9150537634408602,0.30751453341704643,41.56247411597091,23.143378274973728,837,0.955794504181601,0.19223052385832087,33.404935176828175,12.625244789064247,93,0.5483870967741935,1.3450706194455766,114.98032456825551,117.80657964815906,95,0.22105263157894736,2.4120920248592106,144.41797398486815,134.71922442339996,835,0.9940119760479041,0.06807158528889606,29.860351376395773,10.4491203299432,668,0.9446107784431138,0.2224235808123895,31.010895362388993,13.52316019433852,0.8729330440083749,0.006093407049775124,"[""y@t"", ""data_quality_3@t+h"", ""throughput_2@t"", ""avg_p_latency_3@t""]",4,4,576.0,113,0.015053763440860216,24.001756272401433,9.868662674650698,"[""buffer_size_3@t"", ""data_quality_3@t+h""]"
"granularity=30,n_bins=4,on_change=static",ar,3,2799,930,0.8978494623655914,0.4155429281641037,47.756146445464815,31.94510578289774,837,0.955794504181601,0.223592426523984,34.87630253351228,17.485542327819054,93,0.3763440860215054,2.1430974429251806,163.6747416530376,162.0811768786059,95,0.0,3.2706299315122362,198.66236793273228,186.49688828593796,835,1.0,0.09071267029814842,30.587175138530196,14.36137004901891,668,0.9446107784431138,0.24711419355882125,32.024684679490804,17.638382091132623,0.8451361839713272,0.006093407049775124,"[""y@t"", ""data_quality_3@t+h"", ""throughput_2@t"", ""avg_p_latency_3@t""]",4,4,576.0,113,0.015053763440860216,24.001756272401433,9.868662674650698,"[""buffer_size_3@t"", ""data_quality_3@t+h""]"
"granularity=30,n_bins=4,on_change=static",persistence,3,2799,930,0.8978494623655914,2.8225236623797976,46.02971214291406,24.001756272401437,837,0.955794504181601,1.2214429883982751,32.25945284691293,7.876065312624454,93,0.3763440860215054,17.2322497282135,169.9620458069242,169.13297491039427,95,0.0,27.63102111592854,212.18651739074883,199.2736842105263,835,1.0,0.0,27.125644479986743,4.060638722554893,668,0.9446107784431138,1.530460750433168,30.132944872379046,9.868662674650698,0.8451361839713272,0.006093407049775124,"[""y@t"", ""data_quality_3@t+h"", ""throughput_2@t"", ""avg_p_latency_3@t""]",4,4,576.0,113,0.015053763440860216,24.001756272401433,9.868662674650698,"[""buffer_size_3@t"", ""data_quality_3@t+h""]"
"granularity=30,n_bins=4,on_change=static",model,4,3729,940,0.9191489361702128,0.2972282292282334,39.57911196564176,23.147390320740197,846,0.9645390070921985,0.14926423574823322,31.435796782084118,12.780506155606805,94,0.5106382978723404,1.6289041705482354,112.86894861766059,116.44934780694074,79,0.17721518987341772,2.4549018622787466,135.62852617717834,126.53359018101045,861,0.9872241579558653,0.09925352886703653,30.76621565587243,13.661316233677073,639,0.9530516431924883,0.1746922323389023,28.698220840731977,13.791086030278137,0.8797426037873045,0.007564635947346687,"[""y@t"", ""data_quality_1@t+h"", ""rps@t+h"", ""data_quality_2@t+h""]",4,4,1600.0,313,0.1478723404255319,19.269822695035458,7.43922796035472,"[""buffer_size_3@t"", ""data_quality_3@t+h""]"
"granularity=30,n_bins=4,on_change=static",ar,4,3729,940,0.9159574468085107,0.3676398672317233,43.00389589152071,30.253644055486742,846,0.9645390070921985,0.2020453448056597,32.436223156304806,18.25234386764382,94,0.4787234042553192,1.8579905690662961,138.11295050846388,138.26534574607305,79,0.0,3.285310409743298,188.27265619525602,176.68444684448846,861,1.0,0.09993258168188093,29.674938790481118,16.818065170084722,639,0.9530516431924883,0.21996149995218814,29.979693231173133,16.682127509030426,0.8766710725903404,0.007564635947346687,"[""y@t"", ""data_quality_1@t+h"", ""rps@t+h"", ""data_quality_2@t+h""]",4,4,1600.0,313,0.1478723404255319,19.269822695035458,7.43922796035472,"[""buffer_size_3@t"", ""data_quality_3@t+h""]"
"granularity=30,n_bins=4,on_change=static",persistence,4,3729,940,0.9159574468085107,2.322181561870591,41.95958898006021,19.269822695035465,846,0.9645390070921985,0.9798234438272535,30.59199777664184,5.618991331757299,94,0.4787234042553192,14.403404624260624,144.26790981082556,142.127304964539,79,0.0,27.631021115928537,202.02435352851228,188.6286919831224,861,1.0,0.0,27.27304263937761,3.7305071622144887,639,0.9530516431924883,1.2972310383065047,28.635885292802357,7.439227960354723,0.8766710725903404,0.007564635947346687,"[""y@t"", ""data_quality_1@t+h"", ""rps@t+h"", ""data_quality_2@t+h""]",4,4,1600.0,313,0.1478723404255319,19.269822695035458,7.43922796035472,"[""buffer_size_3@t"", ""data_quality_3@t+h""]"
"granularity=30,n_bins=4,on_change=static",model,5,4669,930,0.9311827956989247,0.2505880936841238,38.30146510782778,18.915903063186683,837,0.972520908004779,0.13139281263282265,32.124831606073236,9.916345930064564,93,0.5591397849462365,1.3233456231458347,93.89116662361869,99.9119172612858,72,0.25,2.4034209296017757,140.26289768886602,134.93518535320513,858,0.9883449883449883,0.06993079276795729,29.745260975153247,9.180019234653672,638,0.9639498432601881,0.1511728539100161,29.949624450720204,10.176439749382897,0.8894993816755652,0.008945846930146217,"[""y@t"", ""data_quality_1@t+h"", ""rps@t+h"", ""avg_p_latency_1@t""]",4,4,640.0,272,0.03763440860215054,18.861541218637992,8.770637408568442,"[""data_quality_1@t+h"", ""buffer_size_3@t""]"
"granularity=30,n_bins=4,on_change=static",ar,5,4669,930,0.9225806451612903,0.3457961287234836,44.74139671261271,28.010413116390495,837,0.972520908004779,0.18050170906886742,35.38603326918013,17.201866089487506,93,0.4731182795698925,1.8334459056150285,128.93966770350596,125.28733635851744,72,0.0,3.2906713836296766,194.22564922928504,186.0088412200485,858,1.0,0.0986737297103765,32.19726363429056,14.75180376503458,638,0.9639498432601881,0.18914879183087674,32.938439311319115,16.972213619320186,0.8882648898054304,0.008945846930146217,"[""y@t"", ""data_quality_1@t+h"", ""rps@t+h"", ""avg_p_latency_1@t""]",4,4,640.0,272,0.03763440860215054,18.861541218637992,8.770637408568442,"[""data_quality_1@t+h"", ""buffer_size_3@t""]"
"granularity=30,n_bins=4,on_change=static",persistence,5,4669,930,0.9225806451612903,2.139175828329952,42.243664839605884,18.861541218637996,837,0.972520908004779,0.7592753711664953,32.09904030846107,6.685384309040226,93,0.4731182795698925,14.558279942801061,133.54528561990924,128.44695340501798,72,0.0,27.631021115928547,208.08393763886613,199.86712962962963,858,1.0,0.0,28.32699859071691,3.672261072261077,638,0.9639498432601881,0.9961026421102768,31.385772602387323,8.770637408568442,0.8882648898054304,0.008945846930146217,"[""y@t"", ""data_quality_1@t+h"", ""rps@t+h"", ""avg_p_latency_1@t""]",4,4,640.0,272,0.03763440860215054,18.861541218637992,8.770637408568442,"[""data_quality_1@t+h"", ""buffer_size_3@t""]"
"granularity=30,n_bins=4,on_change=chain",model,1,929,940,0.9148936170212766,0.2933378413434176,39.11472739145845,22.75811665618387,846,0.9550827423167849,0.19002872723823488,29.704774569187947,11.46134631611758,94,0.5531914893617021,1.2231198682900621,123.804302791893,124.42904971678041,90,0.2222222222222222,2.2316332057309007,128.24064441415,113.90996653275612,850,0.9882352941176471,0.08810656746709586,29.677865589055823,13.106744316311511,660,0.9424242424242424,0.2126877997177656,27.397842300804857,10.60129123376526,0.8567976042116856,0.003536919131875038,"[""y@t"", ""avg_p_latency_2@t"", ""data_quality_2@t+h"", ""throughput_2@t""]",4,4,640.0,76,0.06595744680851064,19.709148936170212,7.9216161616161616,
"granularity=30,n_bins=4,on_change=chain",ar,1,929,940,0.9042553191489362,0.4053359333730239,41.629474068885365,28.244382781817656,846,0.9550827423167849,0.2246703644469472,30.964506115119615,16.28952482340791,94,0.44680851063829785,2.0313260537077142,137.61418565277705,135.8381044075053,90,0.0,3.4160477825488775,179.6441085705555,161.56216295037322,850,1.0,0.08655467875440405,27.01615982753205,14.128382528676473,660,0.9424242424242424,0.24549619992154398,28.769984369445513,15.08096083440791,0.8532166827138592,0.003536919131875038,"[""y@t"", ""avg_p_latency_2@t"", ""data_quality_2@t+h"", ""throughput_2@t""]",4,4,640.0,76,0.06595744680851064,19.709148936170212,7.9216161616161616,
"granularity=30,n_bins=4,on_change=chain",persistence,1,929,940,0.9042553191489362,2.6455232983335843,40.37165006401209,19.70914893617022,846,0.9550827423167849,1.241109695514521,28.84711485025495,6.179984239558716,94,0.44680851063829785,15.285245723705154,144.09246698782636,141.47163120567376,90,0.0,27.631021115928544,191.06300836992799,172.2062962962963,850,1.0,0.0,24.41609447867982,3.562392156862753,660,0.9424242424242424,1.5908769733413406,28.53463219493918,7.921616161616162,0.8532166827138592,0.003536919131875038,"[""y@t"", ""avg_p_latency_2@t"", ""data_quality_2@t+h"", ""throughput_2@t""]",4,4,640.0,76,0.06595744680851064,19.709148936170212,7.9216161616161616,
"granularity=30,n_bins=4,on_change=chain",model,2,1869,930,0.9376344086021505,0.22729298283234117,39.10150005631759,23.04464603617456,837,0.96415770609319,0.14787640373828856,32.12606491032194,13.849889828535439,93,0.6989247311827957,0.9420421946788146,101.88041637027854,105.7974519049266,83,0.40963855421686746,1.6440388561196964,117.22859076484428,112.82883947557536,847,0.9893742621015348,0.08846192323039251,31.445598605541072,14.24643109465122,675,0.9555555555555556,0.16756819209086718,29.54705167296339,14.113442364496718,0.8986922212310813,0.004852386191487312,"[""y@t"", ""data_quality_1@t+h"", ""rps@t+h""]",3,4,160.0,98,0.06344086021505377,21.487670250896056,8.24404938271605,
"granularity=30,n_bins=4,on_change=chain",ar,2,1869,930,0.910752688172043,0.3810094013448451,45.389454157231576,30.957904844442314,837,0.96415770609319,0.19153974239008784,33.36610840286921,17.601436860351217,93,0.43010752688172044,2.0862363319376596,153.5995659464929,151.16611670126213,83,0.0,3.3871440989508828,205.7521909645411,195.08875669665295,847,1.0,0.08642949591237613,29.675041931721907,14.874244037200894,675,0.9555555555555556,0.20595219754153335,31.199271077828296,16.74131284946448,0.8653549499620916,0.004852386191487312,"[""y@t"", ""data_quality_1@t+h"", ""rps@t+h""]",3,4,160.0,98,0.06344086021505377,21.487670250896056,8.24404938271605,
"granularity=30,n_bins=4,on_change=chain",persistence,2,1869,930,0.910752688172043,2.4659943576581393,44.40029442288751,21.487670250896066,837,0.96415770609319,0.9903591797823852,31.698815950751673,6.648426921545208,93,0.43010752688172044,15.746710958539923,158.71360067211,155.04086021505375,83,0.0,27.631021115928544,216.5032431591265,205.6032128514056,847,1.0,0.0,27.53542459395263,3.445651318378598,675,0.9555555555555556,1.2280453829301576,29.34807482653551,8.24404938271605,0.8653549499620916,0.004852386191487312,"[""y@t"", ""data_quality_1@t+h"", ""rps@t+h""]",3,4,160.0,98,0.06344086021505377,21.487670250896056,8.24404938271605,
"granularity=30,n_bins=4,on_change=chain",model,3,2799,930,0.932258064516129,0.266015268541783,39.94447497638352,21.556293200821248,837,0.955794504181601,0.19223052385832087,33.404935176828175,12.625244789064247,93,0.7204301075268817,0.9300779706929416,98.80033317238164,101.93572890663422,95,0.3894736842105263,2.0116996508167886,123.27231104163296,114.75147057985697,835,0.9940119760479041,0.06740447055839914,30.464062489918014,10.95324906787706,668,0.9446107784431138,0.2224235808123895,31.010895362388993,13.52316019433852,0.8857796649986578,0.006103120744228363,"[""y@t"", ""data_quality_3@t+h"", ""throughput_2@t"", ""avg_p_latency_3@t""]",4,4,576.0,113,0.015053763440860216,24.001756272401433,9.868662674650698,
"granularity=30,n_bins=4,on_change=chain",ar,3,2799,930,0.8978494623655914,0.4155429281641037,47.756146445464815,31.94510578289774,837,0.955794504181601,0.223592426523984,34.87630253351228,17.485542327819054,93,0.3763440860215054,2.1430974429251806,163.6747416530376,162.0811768786059,95,0.0,3.2706299315122362,198.66236793273228,186.49688828593796,835,1.0,0.09071267029814842,30.587175138530196,14.36137004901891,668,0.9446107784431138,0.24711419355882125,32.024684679490804,17.638382091132623,0.8451361839713272,0.006103120744228363,"[""y@t"", ""data_quality_3@t+h"", ""throughput_2@t"", ""avg_p_latency_3@t""]",4,4,576.0,113,0.015053763440860216,24.001756272401433,9.868662674650698,
"granularity=30,n_bins=4,on_change=chain",persistence,3,2799,930,0.8978494623655914,2.8225236623797976,46.02971214291406,24.001756272401437,837,0.955794504181601,1.2214429883982751,32.25945284691293,7.876065312624454,93,0.3763440860215054,17.2322497282135,169.9620458069242,169.13297491039427,95,0.0,27.63102111592854,212.18651739074883,199.2736842105263,835,1.0,0.0,27.125644479986743,4.060638722554893,668,0.9446107784431138,1.530460750433168,30.132944872379046,9.868662674650698,0.8451361839713272,0.006103120744228363,"[""y@t"", ""data_quality_3@t+h"", ""throughput_2@t"", ""avg_p_latency_3@t""]",4,4,576.0,113,0.015053763440860216,24.001756272401433,9.868662674650698,
"granularity=30,n_bins=4,on_change=chain",model,4,3729,940,0.95,0.21466433905604757,35.26047453743533,18.749173436717793,846,0.9645390070921985,0.14926423574823322,31.435796782084118,12.780506155606805,94,0.8191489361702128,0.803265268826377,69.68257433559621,72.46717896671666,79,0.46835443037974683,1.695996597372412,89.33899242829405,84.2824212109885,861,0.9941927990708479,0.07874651279937771,30.298566391816465,12.736250586349165,639,0.9530516431924883,0.1746922323389023,28.698220840731977,13.791086030278137,0.915018036913414,0.007565692067146301,"[""y@t"", ""data_quality_1@t+h"", ""rps@t+h"", ""data_quality_2@t+h""]",4,4,1600.0,313,0.1478723404255319,19.269822695035458,7.43922796035472,
"granularity=30,n_bins=4,on_change=chain",ar,4,3729,940,0.9159574468085107,0.3676398672317233,43.00389589152071,30.253644055486742,846,0.9645390070921985,0.2020453448056597,32.436223156304806,18.25234386764382,94,0.4787234042553192,1.8579905690662961,138.11295050846388,138.26534574607305,79,0.0,3.285310409743298,188.27265619525602,176.68444684448846,861,1.0,0.09993258168188093,29.674938790481118,16.818065170084722,639,0.9530516431924883,0.21996149995218814,29.979693231173133,16.682127509030426,0.8766710725903404,0.007565692067146301,"[""y@t"", ""data_quality_1@t+h"", ""rps@t+h"", ""data_quality_2@t+h""]",4,4,1600.0,313,0.1478723404255319,19.269822695035458,7.43922796035472,
"granularity=30,n_bins=4,on_change=chain",persistence,4,3729,940,0.9159574468085107,2.322181561870591,41.95958898006021,19.269822695035465,846,0.9645390070921985,0.9798234438272535,30.59199777664184,5.618991331757299,94,0.4787234042553192,14.403404624260624,144.26790981082556,142.127304964539,79,0.0,27.631021115928537,202.02435352851228,188.6286919831224,861,1.0,0.0,27.27304263937761,3.7305071622144887,639,0.9530516431924883,1.2972310383065047,28.635885292802357,7.439227960354723,0.8766710725903404,0.007565692067146301,"[""y@t"", ""data_quality_1@t+h"", ""rps@t+h"", ""data_quality_2@t+h""]",4,4,1600.0,313,0.1478723404255319,19.269822695035458,7.43922796035472,
"granularity=30,n_bins=4,on_change=chain",model,5,4669,930,0.953763440860215,0.19696535792593442,37.023055276925696,17.819536385183124,837,0.972520908004779,0.13139281263282265,32.124831606073236,9.916345930064564,93,0.7849462365591398,0.7871182655639404,81.10706831459781,88.9482504812502,72,0.5138888888888888,1.6108096654086195,107.8853946635291,108.94350497017447,858,0.9906759906759907,0.07832108037493983,31.076565258469465,10.1727697906384,638,0.9639498432601881,0.1511728539100161,29.949624450720204,10.176439749382897,0.9194189609889527,0.008913222700357437,"[""y@t"", ""data_quality_1@t+h"", ""rps@t+h"", ""avg_p_latency_1@t""]",4,4,640.0,272,0.03763440860215054,18.861541218637992,8.770637408568442,
"granularity=30,n_bins=4,on_change=chain",ar,5,4669,930,0.9225806451612903,0.3457961287234836,44.74139671261271,28.010413116390495,837,0.972520908004779,0.18050170906886742,35.38603326918013,17.201866089487506,93,0.4731182795698925,1.8334459056150285,128.93966770350596,125.28733635851744,72,0.0,3.2906713836296766,194.22564922928504,186.0088412200485,858,1.0,0.0986737297103765,32.19726363429056,14.75180376503458,638,0.9639498432601881,0.18914879183087674,32.938439311319115,16.972213619320186,0.8882648898054304,0.008913222700357437,"[""y@t"", ""data_quality_1@t+h"", ""rps@t+h"", ""avg_p_latency_1@t""]",4,4,640.0,272,0.03763440860215054,18.861541218637992,8.770637408568442,
"granularity=30,n_bins=4,on_change=chain",persistence,5,4669,930,0.9225806451612903,2.139175828329952,42.243664839605884,18.861541218637996,837,0.972520908004779,0.7592753711664953,32.09904030846107,6.685384309040226,93,0.4731182795698925,14.558279942801061,133.54528561990924,128.44695340501798,72,0.0,27.631021115928547,208.08393763886613,199.86712962962963,858,1.0,0.0,28.32699859071691,3.672261072261077,638,0.9639498432601881,0.9961026421102768,31.385772602387323,8.770637408568442,0.8882648898054304,0.008913222700357437,"[""y@t"", ""data_quality_1@t+h"", ""rps@t+h"", ""avg_p_latency_1@t""]",4,4,640.0,272,0.03763440860215054,18.861541218637992,8.770637408568442,
"granularity=30,n_bins=10",model,1,929,940,0.8723404255319149,0.6475022747841971,29.602083696533814,24.864164653043918,846,0.9432624113475178,0.32494745768136557,17.85377071354155,12.775341267068272,94,0.23404255319148937,3.550495628709682,135.3369005434642,133.6635751268247,120,0.0,4.384410574369957,133.60830116086265,130.03943241230473,820,1.0,0.10063764557652488,14.381661628583256,9.472662054127698,660,0.9272727272727272,0.36344856109286,16.97876153289731,10.997539058984156,0.7935732296488031,0.003724563866853714,"[""y@t"", ""data_quality_1@t+h"", ""data_quality_1@t"", ""throughput_2@t""]",4,10,10000.0,142,0.29148936170212764,19.709148936170212,7.9216161616161616,
"granularity=30,n_bins=10",ar,1,929,940,0.8723404255319149,0.6792312301907446,31.237826153385967,28.990774044291836,846,0.9432624113475178,0.3540732895183659,19.379478128507877,17.024054087982346,94,0.23404255319148937,3.605652696242153,137.96295837728886,136.69125365107723,120,0.0,4.371274818712328,136.0811954549445,132.74513024700863,820,1.0,0.13893216845587875,15.894894060474963,13.807209721943035,660,0.9272727272727272,0.3914301604933397,18.21427965586972,15.244607717654226,0.7935732296488031,0.003724563866853714,"[""y@t"", ""data_quality_1@t+h"", ""data_quality_1@t"", ""throughput_2@t""]",4,10,10000.0,142,0.29148936170212764,19.709148936170212,7.9216161616161616,
"granularity=30,n_bins=10",persistence,1,929,940,0.8723404255319149,3.5273643977781126,29.10426413801855,19.70914893617022,846,0.9432624113475178,1.5677175101236056,16.37446187548458,6.1799842395587135,94,0.23404255319148937,21.16418638666867,143.67248450082428,141.47163120567376,120,0.0,27.631021115928547,144.97730910069194,139.565,820,1.0,0.0,12.147233167871224,2.1692682926829323,660,0.9272727272727272,2.009528808431167,17.67579282238923,7.9216161616161616,0.7935732296488031,0.003724563866853714,"[""y@t"", ""data_quality_1@t+h"", ""data_quality_1@t"", ""throughput_2@t""]",4,10,10000.0,142,0.29148936170212764,19.709148936170212,7.9216161616161616,
"granularity=30,n_bins=10",model,2,1869,930,0.8774193548387097,0.5632147325862724,29.73653670729766,26.02144768517378,837,0.946236559139785,0.29164835146579576,18.270349532431343,14.017104085923648,93,0.25806451612903225,3.007312162670563,132.93222128109448,134.060540078425,114,0.0,3.8004669641711777,140.95874874050105,138.14586578582248,816,1.0,0.11095155317367543,14.19813943795307,10.35700692111256,675,0.9333333333333333,0.3061357447004701,16.474939836371156,12.141691781810927,0.8080967166932057,0.00387757271528244,"[""y@t"", ""data_quality_1@t+h""]",2,10,100.0,90,0.013978494623655914,21.487670250896056,8.24404938271605,
"granularity=30,n_bins=10",ar,2,1869,930,0.8774193548387097,0.6299411804931128,32.13502529206297,30.40533584673521,837,0.946236559139785,0.3298035209968134,18.978311016665895,16.98504429372856,93,0.25806451612903225,3.3311801159598073,150.54545377063664,151.18795982379507,114,0.0,4.199624257992876,156.8066663638372,153.96188635772643,816,1.0,0.13123545643064594,14.71766367174157,13.143758937111443,675,0.9333333333333333,0.3600069280737289,18.296205616902316,15.949396865690863,0.8080967166932057,0.00387757271528244,"[""y@t"", ""data_quality_1@t+h""]",2,10,100.0,90,0.013978494623655914,21.487670250896056,8.24404938271605,
"granularity=30,n_bins=10",persistence,2,1869,930,0.8774193548387097,3.3870283948557574,30.647214858217268,21.487670250896056,837,0.946236559139785,1.4855387696735776,16.85068261381406,6.6484269215452025,93,0.25806451612903225,20.500435021495374,154.8160050578461,155.04086021505378,114,0.0,27.631021115928544,164.13680588619673,159.87748538011695,816,1.0,0.0,11.997933758720132,2.153799019607845,675,0.9333333333333333,1.8420680743952362,17.857453012761404,8.244049382716051,0.8080967166932057,0.00387757271528244,"[""y@t"", ""data_quality_1@t+h""]",2,10,100.0,90,0.013978494623655914,21.487670250896056,8.24404938271605,
"granularity=30,n_bins=10",model,3,2799,930,0.8569892473118279,0.6415516520238838,31.53410994081906,25.735569714306145,837,0.9342891278375149,0.34150210794253644,17.529070753436653,11.431252031613395,93,0.16129032258064516,3.341997548756009,157.57946262726077,154.47442885854088,133,0.0,3.9188458821332577,144.13503276659034,140.01093771514707,797,1.0,0.09465060735067582,12.74374264367028,6.665778065483253,668,0.9176646706586826,0.3773295082407916,17.295870080019636,10.595868359881857,0.7744129644944617,0.0067952461540699005,"[""y@t"", ""data_quality_1@t+h"", ""data_quality_1@t""]",3,10,1000.0,225,0.12688172043010754,24.001756272401433,9.868662674650698,
"granularity=30,n_bins=10",ar,3,2799,930,0.8569892473118279,0.6947758580394037,33.990809409628234,32.037031564436454,837,0.9342891278375149,0.3819111594148095,19.398051382350474,17.598544908353492,93,0.16129032258064516,3.510558145660751,165.32563165512818,161.9834114691831,133,0.0,4.010757615752656,150.14480029725618,146.31078546898152,797,1.0,0.1414188018588987,14.607521093374148,12.967509269198693,668,0.9176646706586826,0.4264624402035395,18.497883225870424,17.276277128512383,0.7744129644944617,0.0067952461540699005,"[""y@t"", ""data_quality_1@t+h"", ""data_quality_1@t""]",3,10,1000.0,225,0.12688172043010754,24.001756272401433,9.868662674650698,
"granularity=30,n_bins=10",persistence,3,2799,930,0.8569892473118279,3.9515331273317167,32.01188601304627,24.00175627240144,837,0.9342891278375149,1.8156584962677063,16.424433844620296,7.876065312624458,93,0.16129032258064516,23.174404806907813,172.29895552888004,169.13297491039427,133,0.0,27.631021115928544,159.9174195901905,155.2563909774436,797,1.0,0.0,10.667549795028476,2.0985361773316673,668,0.9176646706586826,2.2750092236168715,17.75883184179391,9.868662674650698,0.7744129644944617,0.0067952461540699005,"[""y@t"", ""data_quality_1@t+h"", ""data_quality_1@t""]",3,10,1000.0,225,0.12688172043010754,24.001756272401433,9.868662674650698,
"granularity=30,n_bins=10",model,4,3729,940,0.875531914893617,0.5786535706119912,28.025292707803356,23.917516386574285,846,0.9361702127659575,0.33098600257462973,17.96730418524484,13.675814520249741,94,0.32978723404255317,2.8076616829482446,118.54718941082999,116.09283318349513,121,0.03305785123966942,3.712303950137759,119.5952772583625,114.41502983823307,819,1.0,0.115684466921371,14.496638091664583,10.547309881506255,639,0.9154929577464789,0.38235379569746697,18.06195399987682,13.509035183771237,0.8538353000208307,0.00837520882487297,"[""y@t"", ""data_quality_1@t+h"", ""data_quality_2@t+h""]",3,10,1000.0,253,0.07872340425531915,19.269822695035458,7.43922796035472,
"granularity=30,n_bins=10",ar,4,3729,940,0.8712765957446809,0.6483507513563698,31.47076971942673,29.73855674281502,846,0.9361702127659575,0.3758575843399003,19.44684953613476,17.774383089741626,94,0.2872340425531915,3.100789254504595,139.6860513690544,137.41611962047563,121,0.0,4.024976841854793,134.80555038795416,129.09616881951948,819,1.0,0.14948413725342824,16.20397062187872,15.059349097782986,639,0.9154929577464789,0.4351809800144931,18.214658712475778,16.192673461197437,0.8521338460907298,0.00837520882487297,"[""y@t"", ""data_quality_1@t+h"", ""data_quality_2@t+h""]",3,10,1000.0,253,0.07872340425531915,19.269822695035458,7.43922796035472,
"granularity=30,n_bins=10",persistence,4,3729,940,0.8712765957446809,3.55675910109293,27.328064876751352,19.269822695035472,846,0.9361702127659575,1.7636821988890563,14.250248764287392,5.618991331757298,94,0.2872340425531915,19.694451220927792,145.02840988892703,142.127304964539,121,0.0,27.631021115928547,143.19388182339145,134.9710743801653,819,1.0,0.0,10.209916097089012,2.1759869759869854,639,0.9154929577464789,2.335015868951708,15.911473291630676,7.439227960354722,0.8521338460907298,0.00837520882487297,"[""y@t"", ""data_quality_1@t+h"", ""data_quality_2@t+h""]",3,10,1000.0,253,0.07872340425531915,19.269822695035458,7.43922796035472,
"granularity=30,n_bins=10",model,5,4669,930,0.8763440860215054,0.5512113049175119,27.74269576258362,20.749791023171944,837,0.9366786140979689,0.3198324544518436,17.49472236639647,9.685508606103612,93,0.3333333333333333,2.633620959108526,119.97445632826793,120.32833277678694,115,0.0,4.008169266049328,128.92451075836436,126.75783883086085,815,1.0,0.06341969077007771,13.465507143547072,5.79160022822198,638,0.9169278996865203,0.38521353781713924,17.853173566729733,9.805626129970838,0.828264871710479,0.010011717677116394,"[""y@t"", ""data_quality_1@t+h"", ""avg_p_latency_1@t"", ""throughput_2@t""]",4,10,10000.0,453,0.0935483870967742,18.861541218637992,8.770637408568442,
"granularity=30,n_bins=10",ar,5,4669,930,0.8763440860215054,0.6090271601904544,31.341581413582738,27.67673005422976,837,0.9366786140979689,0.36961189116800025,20.940526341486784,16.809593687642227,93,0.3333333333333333,2.763764581392542,124.9510770624463,125.48095735351755,115,0.0,3.92776611538395,131.4450710145063,129.97491749296427,815,1.0,0.14073884135947046,17.216549138605792,13.242016489254953,638,0.9169278996865203,0.4259722442673787,21.067562237835332,16.624411841117603,0.828264871710479,0.010011717677116394,"[""y@t"", ""data_quality_1@t+h"", ""avg_p_latency_1@t"", ""throughput_2@t""]",4,10,10000.0,453,0.0935483870967742,18.861541218637992,8.770637408568442,
"granularity=30,n_bins=10",persistence,5,4669,930,0.8763440860215054,3.416739170249229,28.415527915686177,18.861541218637996,837,0.9366786140979689,1.7496345509488804,17.274648124772902,6.685384309040228,93,0.3333333333333333,18.420680743952364,128.68344603390568,128.44695340501798,115,0.0,27.631021115928544,140.50183746955392,138.24028985507246,815,1.0,0.0,12.599668285385823,2.0166871165644227,638,0.9169278996865203,2.29536695790629,18.653617895352614,8.770637408568442,0.828264871710479,0.010011717677116394,"[""y@t"", ""data_quality_1@t+h"", ""avg_p_latency_1@t"", ""throughput_2@t""]",4,10,10000.0,453,0.0935483870967742,18.861541218637992,8.770637408568442,
"granularity=30,n_bins=10,on_change=static",model,1,929,940,0.8691489361702127,0.5963392522940775,28.337109271751583,23.846194588337408,846,0.9432624113475178,0.32494745768136557,17.85377071354155,12.775341267068272,94,0.20212765957446807,3.0388654038084852,122.68715629564181,123.48387447975962,120,0.058333333333333334,3.7833533891243727,116.41897104002732,113.86167150155383,820,0.9878048780487805,0.12994693958720505,15.447080720296592,10.673197966891104,660,0.9272727272727272,0.36344856109286,16.97876153289731,10.997539058984156,0.7886344578325012,0.0037145335227251053,"[""y@t"", ""data_quality_1@t+h"", ""data_quality_1@t"", ""throughput_2@t""]",4,10,10000.0,142,0.29148936170212764,19.709148936170212,7.9216161616161616,"[""buffer_size_3@t""]"
"granularity=30,n_bins=10,on_change=static",ar,1,929,940,0.8723404255319149,0.6792312301907446,31.237826153385967,28.990774044291836,846,0.9432624113475178,0.3540732895183659,19.379478128507877,17.024054087982346,94,0.23404255319148937,3.605652696242153,137.96295837728886,136.69125365107723,120,0.0,4.371274818712328,136.0811954549445,132.74513024700863,820,1.0,0.13893216845587875,15.894894060474963,13.807209721943035,660,0.9272727272727272,0.3914301604933397,18.21427965586972,15.244607717654226,0.7935732296488031,0.0037145335227251053,"[""y@t"", ""data_quality_1@t+h"", ""data_quality_1@t"", ""throughput_2@t""]",4,10,10000.0,142,0.29148936170212764,19.709148936170212,7.9216161616161616,"[""buffer_size_3@t""]"
"granularity=30,n_bins=10,on_change=static",persistence,1,929,940,0.8723404255319149,3.5273643977781126,29.10426413801855,19.70914893617022,846,0.9432624113475178,1.5677175101236056,16.37446187548458,6.1799842395587135,94,0.23404255319148937,21.16418638666867,143.67248450082428,141.47163120567376,120,0.0,27.631021115928547,144.97730910069194,139.565,820,1.0,0.0,12.147233167871224,2.1692682926829323,660,0.9272727272727272,2.009528808431167,17.67579282238923,7.9216161616161616,0.7935732296488031,0.0037145335227251053,"[""y@t"", ""data_quality_1@t+h"", ""data_quality_1@t"", ""throughput_2@t""]",4,10,10000.0,142,0.29148936170212764,19.709148936170212,7.9216161616161616,"[""buffer_size_3@t""]"
"granularity=30,n_bins=10,on_change=static",model,2,1869,930,0.8978494623655914,0.44991980435277795,27.12666523367426,23.345619880074505,837,0.946236559139785,0.29164835146579576,18.270349532431343,14.017104085923648,93,0.46236559139784944,1.8743628803356176,106.83350654486047,107.30226202743216,114,0.2631578947368421,2.580934524210909,106.88549553025453,104.6643884419776,816,0.9865196078431373,0.15220451260789192,15.983887471652013,11.984909566279216,675,0.9333333333333333,0.3061357447004701,16.474939836371156,12.141691781810927,0.8292374745932595,0.003951702266931534,"[""y@t"", ""data_quality_1@t+h""]",2,10,100.0,90,0.013978494623655914,21.487670250896056,8.24404938271605,"[""data_quality_1@t+h""]"
"granularity=30,n_bins=10,on_change=static",ar,2,1869,930,0.8774193548387097,0.6299411804931128,32.13502529206297,30.40533584673521,837,0.946236559139785,0.3298035209968134,18.978311016665895,16.98504429372856,93,0.25806451612903225,3.3311801159598073,150.54545377063664,151.18795982379507,114,0.0,4.199624257992876,156.8066663638372,153.96188635772643,816,1.0,0.13123545643064594,14.71766367174157,13.143758937111443,675,0.9333333333333333,0.3600069280737289,18.296205616902316,15.949396865690863,0.8080967166932057,0.003951702266931534,"[""y@t"", ""data_quality_1@t+h""]",2,10,100.0,90,0.013978494623655914,21.487670250896056,8.24404938271605,"[""data_quality_1@t+h""]"
"granularity=30,n_bins=10,on_change=static",persistence,2,1869,930,0.8774193548387097,3.3870283948557574,30.647214858217268,21.487670250896056,837,0.946236559139785,1.4855387696735776,16.85068261381406,6.6484269215452025,93,0.25806451612903225,20.500435021495374,154.8160050578461,155.04086021505378,114,0.0,27.631021115928544,164.13680588619673,159.87748538011695,816,1.0,0.0,11.997933758720132,2.153799019607845,675,0.9333333333333333,1.8420680743952362,17.857453012761404,8.244049382716051,0.8080967166932057,0.003951702266931534,"[""y@t"", ""data_quality_1@t+h""]",2,10,100.0,90,0.013978494623655914,21.487670250896056,8.24404938271605,"[""data_quality_1@t+h""]"
"granularity=30,n_bins=10,on_change=static",model,3,2799,930,0.8741935483870967,0.6278738333203875,27.654070799905934,22.023217123326866,837,0.9342891278375149,0.34150210794253644,17.529070753436653,11.431252031613395,93,0.3333333333333333,3.2052193617210474,118.77907121812947,117.3509029487481,133,0.15789473684210525,3.693865475334378,113.76602241574727,110.51274926093211,797,0.9937264742785445,0.11623407373712429,13.284071345819488,7.256457055194497,668,0.9176646706586826,0.3773295082407916,17.295870080019636,10.595868359881857,0.7883083214520492,0.0068480633199214935,"[""y@t"", ""data_quality_1@t+h"", ""data_quality_1@t""]",3,10,1000.0,225,0.12688172043010754,24.001756272401433,9.868662674650698,"[""buffer_size_3@t"", ""data_quality_3@t+h""]"
"granularity=30,n_bins=10,on_change=static",ar,3,2799,930,0.8569892473118279,0.6947758580394037,33.990809409628234,32.037031564436454,837,0.9342891278375149,0.3819111594148095,19.398051382350474,17.598544908353492,93,0.16129032258064516,3.510558145660751,165.32563165512818,161.9834114691831,133,0.0,4.010757615752656,150.14480029725618,146.31078546898152,797,1.0,0.1414188018588987,14.607521093374148,12.967509269198693,668,0.9176646706586826,0.4264624402035395,18.497883225870424,17.276277128512383,0.7744129644944617,0.0068480633199214935,"[""y@t"", ""data_quality_1@t+h"", ""data_quality_1@t""]",3,10,1000.0,225,0.12688172043010754,24.001756272401433,9.868662674650698,"[""buffer_size_3@t"", ""data_quality_3@t+h""]"
"granularity=30,n_bins=10,on_change=static",persistence,3,2799,930,0.8569892473118279,3.9515331273317167,32.01188601304627,24.00175627240144,837,0.9342891278375149,1.8156584962677063,16.424433844620296,7.876065312624458,93,0.16129032258064516,23.174404806907813,172.29895552888004,169.13297491039427,133,0.0,27.631021115928544,159.9174195901905,155.2563909774436,797,1.0,0.0,10.667549795028476,2.0985361773316673,668,0.9176646706586826,2.2750092236168715,17.75883184179391,9.868662674650698,0.7744129644944617,0.0068480633199214935,"[""y@t"", ""data_quality_1@t+h"", ""data_quality_1@t""]",3,10,1000.0,225,0.12688172043010754,24.001756272401433,9.868662674650698,"[""buffer_size_3@t"", ""data_quality_3@t+h""]"
"granularity=30,n_bins=10,on_change=static",model,4,3729,940,0.8712765957446809,0.5910108193822355,26.89789563194831,22.819063678726863,846,0.9361702127659575,0.33098600257462973,17.96730418524484,13.675814520249741,94,0.2872340425531915,2.931234170650688,107.27321865227951,105.10830610502094,121,0.09090909090909091,3.542519604517791,102.23644016367108,97.21744528904314,819,0.9865689865689866,0.15495152389822803,15.767292593684017,11.827361389534836,639,0.9154929577464789,0.38235379569746697,18.06195399987682,13.509035183771237,0.8459451044019708,0.008398568257689476,"[""y@t"", ""data_quality_1@t+h"", ""data_quality_2@t+h""]",3,10,1000.0,253,0.07872340425531915,19.269822695035458,7.43922796035472,"[""buffer_size_3@t"", ""data_quality_3@t+h""]"
"granularity=30,n_bins=10,on_change=static",ar,4,3729,940,0.8712765957446809,0.6483507513563698,31.47076971942673,29.73855674281502,846,0.9361702127659575,0.3758575843399003,19.44684953613476,17.774383089741626,94,0.2872340425531915,3.100789254504595,139.6860513690544,137.41611962047563,121,0.0,4.024976841854793,134.80555038795416,129.09616881951948,819,1.0,0.14948413725342824,16.20397062187872,15.059349097782986,639,0.9154929577464789,0.4351809800144931,18.214658712475778,16.192673461197437,0.8521338460907298,0.008398568257689476,"[""y@t"", ""data_quality_1@t+h"", ""data_quality_2@t+h""]",3,10,1000.0,253,0.07872340425531915,19.269822695035458,7.43922796035472,"[""buffer_size_3@t"", ""data_quality_3@t+h""]"
"granularity=30,n_bins=10,on_change=static",persistence,4,3729,940,0.8712765957446809,3.55675910109293,27.328064876751352,19.269822695035472,846,0.9361702127659575,1.7636821988890563,14.250248764287392,5.618991331757298,94,0.2872340425531915,19.694451220927792,145.02840988892703,142.127304964539,121,0.0,27.631021115928547,143.19388182339145,134.9710743801653,819,1.0,0.0,10.209916097089012,2.1759869759869854,639,0.9154929577464789,2.335015868951708,15.911473291630676,7.439227960354722,0.8521338460907298,0.008398568257689476,"[""y@t"", ""data_quality_1@t+h"", ""data_quality_2@t+h""]",3,10,1000.0,253,0.07872340425531915,19.269822695035458,7.43922796035472,"[""buffer_size_3@t"", ""data_quality_3@t+h""]"
"granularity=30,n_bins=10,on_change=static",model,5,4669,930,0.8698924731182796,0.6243617817699721,28.164404725626166,21.19662774602428,837,0.9366786140979689,0.3198324544518436,17.49472236639647,9.685508606103612,93,0.26881720430107525,3.3651257276331292,124.19154595869341,124.79670000531033,115,0.02608695652173913,4.419676751333379,125.45827447892299,123.49308186730465,815,0.9889570552147239,0.0888265406659333,14.435821877001462,6.762158759585948,638,0.9169278996865203,0.38521353781713924,17.853173566729733,9.805626129970838,0.813776094423638,0.009969493374228477,"[""y@t"", ""data_quality_1@t+h"", ""avg_p_latency_1@t"", ""throughput_2@t""]",4,10,10000.0,453,0.0935483870967742,18.861541218637992,8.770637408568442,"[""buffer_size_3@t"", ""buffer_size_2@t""]"
"granularity=30,n_bins=10,on_change=static",ar,5,4669,930,0.8763440860215054,0.6090271601904544,31.341581413582738,27.67673005422976,837,0.9366786140979689,0.36961189116800025,20.940526341486784,16.809593687642227,93,0.3333333333333333,2.763764581392542,124.9510770624463,125.48095735351755,115,0.0,3.92776611538395,131.4450710145063,129.97491749296427,815,1.0,0.14073884135947046,17.216549138605792,13.242016489254953,638,0.9169278996865203,0.4259722442673787,21.067562237835332,16.624411841117603,0.828264871710479,0.009969493374228477,"[""y@t"", ""data_quality_1@t+h"", ""avg_p_latency_1@t"", ""throughput_2@t""]",4,10,10000.0,453,0.0935483870967742,18.861541218637992,8.770637408568442,"[""buffer_size_3@t"", ""buffer_size_2@t""]"
"granularity=30,n_bins=10,on_change=static",persistence,5,4669,930,0.8763440860215054,3.416739170249229,28.415527915686177,18.861541218637996,837,0.9366786140979689,1.7496345509488804,17.274648124772902,6.685384309040228,93,0.3333333333333333,18.420680743952364,128.68344603390568,128.44695340501798,115,0.0,27.631021115928544,140.50183746955392,138.24028985507246,815,1.0,0.0,12.599668285385823,2.0166871165644227,638,0.9169278996865203,2.29536695790629,18.653617895352614,8.770637408568442,0.828264871710479,0.009969493374228477,"[""y@t"", ""data_quality_1@t+h"", ""avg_p_latency_1@t"", ""throughput_2@t""]",4,10,10000.0,453,0.0935483870967742,18.861541218637992,8.770637408568442,"[""buffer_size_3@t"", ""buffer_size_2@t""]"
"granularity=30,n_bins=10,on_change=chain",model,1,929,940,0.8840425531914894,0.502702974464355,29.109655600106805,24.73203251163567,846,0.9432624113475178,0.32494745768136557,17.85377071354155,12.775341267068272,94,0.35106382978723405,2.102502625511259,130.4126195791941,132.34225371274223,120,0.175,2.915289155756978,107.1526769512378,105.31011555972525,820,0.9878048780487805,0.1496415820800687,17.688725646282755,12.940117919232318,660,0.9272727272727272,0.36344856109286,16.97876153289731,10.997539058984156,0.8015835100222898,0.003773301839828491,"[""y@t"", ""data_quality_1@t+h"", ""data_quality_1@t"", ""throughput_2@t""]",4,10,10000.0,142,0.29148936170212764,19.709148936170212,7.9216161616161616,
"granularity=30,n_bins=10,on_change=chain",ar,1,929,940,0.8723404255319149,0.6792312301907446,31.237826153385967,28.990774044291836,846,0.9432624113475178,0.3540732895183659,19.379478128507877,17.024054087982346,94,0.23404255319148937,3.605652696242153,137.96295837728886,136.69125365107723,120,0.0,4.371274818712328,136.0811954549445,132.74513024700863,820,1.0,0.13893216845587875,15.894894060474963,13.807209721943035,660,0.9272727272727272,0.3914301604933397,18.21427965586972,15.244607717654226,0.7935732296488031,0.003773301839828491,"[""y@t"", ""data_quality_1@t+h"", ""data_quality_1@t"", ""throughput_2@t""]",4,10,10000.0,142,0.29148936170212764,19.709148936170212,7.9216161616161616,
"granularity=30,n_bins=10,on_change=chain",persistence,1,929,940,0.8723404255319149,3.5273643977781126,29.10426413801855,19.70914893617022,846,0.9432624113475178,1.5677175101236056,16.37446187548458,6.1799842395587135,94,0.23404255319148937,21.16418638666867,143.67248450082428,141.47163120567376,120,0.0,27.631021115928547,144.97730910069194,139.565,820,1.0,0.0,12.147233167871224,2.1692682926829323,660,0.9272727272727272,2.009528808431167,17.67579282238923,7.9216161616161616,0.7935732296488031,0.003773301839828491,"[""y@t"", ""data_quality_1@t+h"", ""data_quality_1@t"", ""throughput_2@t""]",4,10,10000.0,142,0.29148936170212764,19.709148936170212,7.9216161616161616,
"granularity=30,n_bins=10,on_change=chain",model,2,1869,930,0.9086021505376344,0.42781345789066205,27.943676356993254,24.043591751291302,837,0.946236559139785,0.29164835146579576,18.270349532431343,14.017104085923648,93,0.5698924731182796,1.6532994157144585,115.00361777805045,114.2819807396002,114,0.34210526315789475,2.430026187843717,106.89035008266984,103.92632843377673,816,0.9877450980392157,0.14809256179427935,16.91436164531785,12.883503538297008,675,0.9333333333333333,0.3061357447004701,16.474939836371156,12.141691781810927,0.8393195462731182,0.003868693485856056,"[""y@t"", ""data_quality_1@t+h""]",2,10,100.0,90,0.013978494623655914,21.487670250896056,8.24404938271605,
"granularity=30,n_bins=10,on_change=chain",ar,2,1869,930,0.8774193548387097,0.6299411804931128,32.13502529206297,30.40533584673521,837,0.946236559139785,0.3298035209968134,18.978311016665895,16.98504429372856,93,0.25806451612903225,3.3311801159598073,150.54545377063664,151.18795982379507,114,0.0,4.199624257992876,156.8066663638372,153.96188635772643,816,1.0,0.13123545643064594,14.71766367174157,13.143758937111443,675,0.9333333333333333,0.3600069280737289,18.296205616902316,15.949396865690863,0.8080967166932057,0.003868693485856056,"[""y@t"", ""data_quality_1@t+h""]",2,10,100.0,90,0.013978494623655914,21.487670250896056,8.24404938271605,
"granularity=30,n_bins=10,on_change=chain",persistence,2,1869,930,0.8774193548387097,3.3870283948557574,30.647214858217268,21.487670250896056,837,0.946236559139785,1.4855387696735776,16.85068261381406,6.6484269215452025,93,0.25806451612903225,20.500435021495374,154.8160050578461,155.04086021505378,114,0.0,27.631021115928544,164.13680588619673,159.87748538011695,816,1.0,0.0,11.997933758720132,2.153799019607845,675,0.9333333333333333,1.8420680743952362,17.857453012761404,8.244049382716051,0.8080967166932057,0.003868693485856056,"[""y@t"", ""data_quality_1@t+h""]",2,10,100.0,90,0.013978494623655914,21.487670250896056,8.24404938271605,
"granularity=30,n_bins=10,on_change=chain",model,3,2799,930,0.9010752688172043,0.45781629308374344,26.784179459473204,21.269461183066642,837,0.9342891278375149,0.34150210794253644,17.529070753436653,11.431252031613395,93,0.6021505376344086,1.5046439593546064,110.08015781380219,109.8133435461459,133,0.3383458646616541,2.547709109194532,100.33438901312947,98.37764917171786,797,0.9949811794228356,0.10906379052071342,14.510430562815385,8.401971844935385,668,0.9176646706586826,0.3773295082407916,17.295870080019636,10.595868359881857,0.8138826269387094,0.00684068538248539,"[""y@t"", ""data_quality_1@t+h"", ""data_quality_1@t""]",3,10,1000.0,225,0.12688172043010754,24.001756272401433,9.868662674650698,
"granularity=30,n_bins=10,on_change=chain",ar,3,2799,930,0.8569892473118279,0.6947758580394037,33.990809409628234,32.037031564436454,837,0.9342891278375149,0.3819111594148095,19.398051382350474,17.598544908353492,93,0.16129032258064516,3.510558145660751,165.32563165512818,161.9834114691831,133,0.0,4.010757615752656,150.14480029725618,146.31078546898152,797,1.0,0.1414188018588987,14.607521093374148,12.967509269198693,668,0.9176646706586826,0.4264624402035395,18.497883225870424,17.276277128512383,0.7744129644944617,0.00684068538248539,"[""y@t"", ""data_quality_1@t+h"", ""data_quality_1@t""]",3,10,1000.0,225,0.12688172043010754,24.001756272401433,9.868662674650698,
"granularity=30,n_bins=10,on_change=chain",persistence,3,2799,930,0.8569892473118279,3.9515331273317167,32.01188601304627,24.00175627240144,837,0.9342891278375149,1.8156584962677063,16.424433844620296,7.876065312624458,93,0.16129032258064516,23.174404806907813,172.29895552888004,169.13297491039427,133,0.0,27.631021115928544,159.9174195901905,155.2563909774436,797,1.0,0.0,10.667549795028476,2.0985361773316673,668,0.9176646706586826,2.2750092236168715,17.75883184179391,9.868662674650698,0.7744129644944617,0.00684068538248539,"[""y@t"", ""data_quality_1@t+h"", ""data_quality_1@t""]",3,10,1000.0,225,0.12688172043010754,24.001756272401433,9.868662674650698,
"granularity=30,n_bins=10,on_change=chain",model,4,3729,940,0.8978723404255319,0.45597998777913146,24.64573103456178,20.823658307593693,846,0.9361702127659575,0.33098600257462973,17.96730418524484,13.675814520249741,94,0.5531914893617021,1.5809258546196476,84.75157267841425,85.15425239368922,121,0.2975206611570248,2.561211383795331,80.22573360155843,77.28263569963626,819,0.9865689865689866,0.14495068507099948,16.434277663857756,12.48234418740181,639,0.9154929577464789,0.38235379569746697,18.06195399987682,13.509035183771237,0.866179083118847,0.008400939404964447,"[""y@t"", ""data_quality_1@t+h"", ""data_quality_2@t+h""]",3,10,1000.0,253,0.07872340425531915,19.269822695035458,7.43922796035472,
"granularity=30,n_bins=10,on_change=chain",ar,4,3729,940,0.8712765957446809,0.6483507513563698,31.47076971942673,29.73855674281502,846,0.9361702127659575,0.3758575843399003,19.44684953613476,17.774383089741626,94,0.2872340425531915,3.100789254504595,139.6860513690544,137.41611962047563,121,0.0,4.024976841854793,134.80555038795416,129.09616881951948,819,1.0,0.14948413725342824,16.20397062187872,15.059349097782986,639,0.9154929577464789,0.4351809800144931,18.214658712475778,16.192673461197437,0.8521338460907298,0.008400939404964447,"[""y@t"", ""data_quality_1@t+h"", ""data_quality_2@t+h""]",3,10,1000.0,253,0.07872340425531915,19.269822695035458,7.43922796035472,
"granularity=30,n_bins=10,on_change=chain",persistence,4,3729,940,0.8712765957446809,3.55675910109293,27.328064876751352,19.269822695035472,846,0.9361702127659575,1.7636821988890563,14.250248764287392,5.618991331757298,94,0.2872340425531915,19.694451220927792,145.02840988892703,142.127304964539,121,0.0,27.631021115928547,143.19388182339145,134.9710743801653,819,1.0,0.0,10.209916097089012,2.1759869759869854,639,0.9154929577464789,2.335015868951708,15.911473291630676,7.439227960354722,0.8521338460907298,0.008400939404964447,"[""y@t"", ""data_quality_1@t+h"", ""data_quality_2@t+h""]",3,10,1000.0,253,0.07872340425531915,19.269822695035458,7.43922796035472,
"granularity=30,n_bins=10,on_change=chain",model,5,4669,930,0.9086021505376344,0.41232242856664714,24.34760295514729,17.342277136869683,837,0.9366786140979689,0.3198324544518436,17.49472236639647,9.685508606103612,93,0.6559139784946236,1.2447321955998785,86.02352825390469,86.25319391376433,115,0.3565217391304348,2.6261957705555856,82.78277487758072,79.79545181963634,815,0.9865030674846625,0.09993539258047793,16.102149248300858,8.529865985313652,638,0.9169278996865203,0.38521353781713924,17.853173566729733,9.805626129970838,0.8455437413290277,0.009997187182307243,"[""y@t"", ""data_quality_1@t+h"", ""avg_p_latency_1@t"", ""throughput_2@t""]",4,10,10000.0,453,0.0935483870967742,18.861541218637992,8.770637408568442,
"granularity=30,n_bins=10,on_change=chain",ar,5,4669,930,0.8763440860215054,0.6090271601904544,31.341581413582738,27.67673005422976,837,0.9366786140979689,0.36961189116800025,20.940526341486784,16.809593687642227,93,0.3333333333333333,2.763764581392542,124.9510770624463,125.48095735351755,115,0.0,3.92776611538395,131.4450710145063,129.97491749296427,815,1.0,0.14073884135947046,17.216549138605792,13.242016489254953,638,0.9169278996865203,0.4259722442673787,21.067562237835332,16.624411841117603,0.828264871710479,0.009997187182307243,"[""y@t"", ""data_quality_1@t+h"", ""avg_p_latency_1@t"", ""throughput_2@t""]",4,10,10000.0,453,0.0935483870967742,18.861541218637992,8.770637408568442,
"granularity=30,n_bins=10,on_change=chain",persistence,5,4669,930,0.8763440860215054,3.416739170249229,28.415527915686177,18.861541218637996,837,0.9366786140979689,1.7496345509488804,17.274648124772902,6.685384309040228,93,0.3333333333333333,18.420680743952364,128.68344603390568,128.44695340501798,115,0.0,27.631021115928544,140.50183746955392,138.24028985507246,815,1.0,0.0,12.599668285385823,2.0166871165644227,638,0.9169278996865203,2.29536695790629,18.653617895352614,8.770637408568442,0.828264871710479,0.009997187182307243,"[""y@t"", ""data_quality_1@t+h"", ""avg_p_latency_1@t"", ""throughput_2@t""]",4,10,10000.0,453,0.0935483870967742,18.861541218637992,8.770637408568442,
granularity=30,model,1,929,940,0.8042553191489362,1.131361467831455,26.380785576037567,26.10894323898014,846,0.8747044917257684,0.6755167316426736,15.062125367637032,14.6206476224211,94,0.1702127659574468,5.233964093530488,128.2487274516424,129.50360378801145,154,0.045454545454545456,5.221253740374724,105.35932465504493,104.75243136833286,786,0.9529262086513995,0.3300339742288294,10.906618886257498,10.700422664017898,660,0.8803030303030303,0.6271598371008071,12.892536873462475,12.761396899337582,0.506202902235276,0.004008084535598755,"[""y@t"", ""data_quality_1@t+h"", ""throughput_2@t""]",3,20,4000.0,132,0.24893617021276596,19.709148936170212,7.9216161616161616,
granularity=30,ar,1,929,940,0.7946808510638298,1.1606803656257345,29.35093129955269,29.77150350160394,846,0.8640661938534279,0.6884980501554484,17.733755333117326,18.09590993156036,94,0.1702127659574468,5.4103212048583105,133.90551499747102,134.85184563199618,154,0.05194805194805195,5.2828541345576685,108.56485100192036,108.16184974260703,786,0.9402035623409669,0.3530279986848724,13.830646777714751,14.41258070120384,660,0.8818181818181818,0.6276193000707296,15.567911607773388,16.431935920518747,0.478469822590906,0.004008084535598755,"[""y@t"", ""data_quality_1@t+h"", ""throughput_2@t""]",3,20,4000.0,132,0.24893617021276596,19.709148936170212,7.9216161616161616,
granularity=30,persistence,1,929,940,0.8361702127659575,4.5267843104819105,23.781432697584076,19.709148936170212,846,0.9113475177304965,2.449558609568134,10.740209576393955,6.179984239558711,94,0.1595744680851064,23.221815618705897,141.15244078829517,141.47163120567376,154,0.0,27.631021115928547,114.30261183852805,112.43766233766235,786,1.0,0.0,6.045730932055616,1.5409669211195953,660,0.8863636363636364,3.139888763173699,11.719374177168541,7.9216161616161616,0.621928957111424,0.004008084535598755,"[""y@t"", ""data_quality_1@t+h"", ""throughput_2@t""]",3,20,4000.0,132,0.24893617021276596,19.709148936170212,7.9216161616161616,
granularity=30,model,2,1869,930,0.8290322580645161,0.9364357571557737,28.34841398520813,26.287544549277907,837,0.9044205495818399,0.5717699436966386,16.41115847058343,14.023286966669913,93,0.15053763440860216,4.218428078287991,135.78371361683037,136.66586279274986,144,0.020833333333333332,4.47448084803647,116.61444380502878,115.37965307395426,786,0.9770992366412213,0.2882442901241958,12.177538293027236,9.965326193612011,675,0.8992592592592593,0.5313920166659026,13.846048297478717,11.19640797204985,0.7099236500380212,0.004337076097726822,"[""y@t"", ""data_quality_1@t+h""]",2,20,200.0,136,0.043010752688172046,21.487670250896056,8.24404938271605,
granularity=30,ar,2,1869,930,0.8290322580645161,0.9912975552916071,32.530282372573026,31.468223099374597,837,0.9044205495818399,0.6101948397216099,19.542040696600953,18.272841052527994,93,0.15053763440860216,4.421221995421583,149.42445745632168,150.226661520994,144,0.020833333333333332,4.736239479952282,126.38843357154678,125.78350117802059,786,0.9770992366412213,0.3052013248194225,15.334895893371728,14.189088184202806,675,0.8992592592592593,0.5922827880865019,17.920435598058386,16.61511158081922,0.7099236500380212,0.004337076097726822,"[""y@t"", ""data_quality_1@t+h""]",2,20,200.0,136,0.043010752688172046,21.487670250896056,8.24404938271605,
granularity=30,persistence,2,1869,930,0.8451612903225807,4.278351656659904,25.41316099333587,21.48767025089606,837,0.9223416965352449,2.1457782228618343,11.035326954590209,6.648426921545206,93,0.15053763440860216,23.471512560842527,154.81366734204687,155.04086021505375,144,0.0,27.631021115928547,132.35294011079276,130.30671296296293,786,1.0,0.0,5.821140391664382,1.5513570822731193,675,0.9037037037037037,2.6607649963486746,12.304323382301998,8.24404938271605,0.7560746335574257,0.004337076097726822,"[""y@t"", ""data_quality_1@t+h""]",2,20,200.0,136,0.043010752688172046,21.487670250896056,8.24404938271605,
granularity=30,model,3,2799,930,0.8236559139784946,0.9254661479467965,29.333940903164407,26.346651322525947,837,0.9020310633213859,0.5413129848977071,15.09319172715819,11.86749658055254,93,0.11827956989247312,4.382844615388601,157.50068348722039,156.6590440002866,164,0.0,4.656445949756193,119.83682400066498,118.44237260831545,766,1.0,0.12666629481789166,9.9573445219763,6.629029532879102,668,0.8772455089820359,0.6071991354147098,14.022604197417321,11.065749759722534,0.6515500329395066,0.007745483890175819,"[""y@t"", ""data_quality_1@t+h"", ""data_quality_1@t""]",3,20,2000.0,281,0.16451612903225807,24.001756272401433,9.868662674650698,
granularity=30,ar,3,2799,930,0.8236559139784946,0.9703302139387039,33.172222338190664,32.574247458505845,837,0.9020310633213859,0.5793058881564811,18.69235721928803,18.10572139151816,93,0.11827956989247312,4.48954914597871,163.49100840831434,162.79098206139497,164,0.0,4.6339742790763045,123.0068456876153,122.04637819736858,766,1.0,0.1859468892878338,13.938699845624551,13.418334349924262,668,0.8772455089820359,0.6509699999815379,17.775047527042528,17.96207473655861,0.6515500329395066,0.007745483890175819,"[""y@t"", ""data_quality_1@t+h"", ""data_quality_1@t""]",3,20,2000.0,281,0.16451612903225807,24.001756272401433,9.868662674650698,
granularity=30,persistence,3,2799,930,0.8236559139784946,4.872567164529335,27.701127065022625,24.001756272401437,837,0.9020310633213859,2.706981758071853,11.880177987380753,7.876065312624454,93,0.11827956989247312,24.362835822646673,170.0896687637995,169.13297491039427,164,0.0,27.631021115928544,130.3506451444316,128.70345528455283,766,1.0,0.0,5.723945648543417,1.585204525674501,668,0.8772455089820359,3.3918319333924267,13.430486026916741,9.8686626746507,0.6515500329395066,0.007745483890175819,"[""y@t"", ""data_quality_1@t+h"", ""data_quality_1@t""]",3,20,2000.0,281,0.16451612903225807,24.001756272401433,9.868662674650698,
granularity=30,model,4,3729,940,0.8319148936170213,0.8473616652117975,25.176035870735745,23.140111178432377,846,0.8995271867612293,0.4879167231696932,13.340684882328569,11.137289372015491,94,0.22340425531914893,4.082366143590734,131.69419476640041,131.16550743618436,158,0.0,4.43735321562257,100.79286726020833,99.34545725695683,782,1.0,0.1220181038756055,9.897954848310343,7.743123096070656,639,0.86697965571205,0.5880801001181235,12.560302561267452,9.89692676452322,0.7162683130904123,0.00960518978536129,"[""y@t"", ""data_quality_1@t+h"", ""data_quality_1@t"", ""throughput_2@t""]",4,20,40000.0,494,0.1819148936170213,19.269822695035458,7.43922796035472,
granularity=30,ar,4,3729,940,0.8319148936170213,0.9384444301957285,30.478417291328917,30.06496275527792,846,0.8995271867612293,0.5768248974405183,18.580004872566445,18.160629393247447,94,0.22340425531914893,4.193020224992621,137.5641290601912,137.20396301355223,158,0.0,4.626103858768453,104.84491335106807,104.1961712230406,782,1.0,0.19336746125136736,15.45296156570387,15.08704595488598,639,0.86697965571205,0.683342653302229,17.130867056604618,16.9025276394028,0.7162683130904123,0.00960518978536129,"[""y@t"", ""data_quality_1@t+h"", ""data_quality_1@t"", ""throughput_2@t""]",4,20,40000.0,494,0.1819148936170213,19.269822695035458,7.43922796035472,
granularity=30,persistence,4,3729,940,0.8319148936170213,4.64436312374118,22.783106278476236,19.269822695035465,846,0.8995271867612293,2.776166424177218,9.47283303011658,5.618991331757295,94,0.22340425531914893,21.45813341981685,142.57556551371314,142.127304964539,158,0.0,27.631021115928544,109.70094838675975,107.3084388185654,782,1.0,0.0,5.221700839718193,1.4819693094629216,639,0.86697965571205,3.6754879418684294,11.358095794003718,7.43922796035472,0.7162683130904123,0.00960518978536129,"[""y@t"", ""data_quality_1@t+h"", ""data_quality_1@t"", ""throughput_2@t""]",4,20,40000.0,494,0.1819148936170213,19.269822695035458,7.43922796035472,
granularity=30,model,5,4669,930,0.8483870967741935,0.8139004576692607,26.979793308900668,24.992990781888057,837,0.9139784946236559,0.5003682502460287,16.583029632555387,14.36286870710713,93,0.25806451612903225,3.635690324478349,120.5506663960082,120.6640894549164,141,0.0,4.566535165181077,107.78940634555391,107.3409744756831,789,1.0,0.14327752514813782,12.538531663567202,10.276811186418984,638,0.8871473354231975,0.5721264811971144,13.940866126168746,11.728813104050177,0.7139751956196422,0.011568672955036163,"[""y@t"", ""data_quality_1@t+h"", ""cores_1@t+h""]",3,20,1200.0,484,0.15161290322580645,18.861541218637992,8.770637408568442,
granularity=30,ar,5,4669,930,0.8483870967741935,0.8636012329207946,28.75435662800259,28.20043311392444,837,0.9139784946236559,0.5431567470030557,18.059899589789016,17.39532626562679,93,0.25806451612903225,3.747601606180444,125.00446997192479,125.44639474860331,141,0.0,4.614547391037478,111.1103060082509,110.83867607220535,789,1.0,0.1932800563752273,14.036753506817533,13.43238209096169,638,0.8871473354231975,0.6284521247974699,16.867501736928926,16.634392080810095,0.7139751956196422,0.011568672955036163,"[""y@t"", ""data_quality_1@t+h"", ""cores_1@t+h""]",3,20,1200.0,484,0.15161290322580645,18.861541218637992,8.770637408568442,
granularity=30,persistence,5,4669,930,0.8483870967741935,4.18921933047949,22.44751644778051,18.861541218638,837,0.9139784946236559,2.3768620314777245,10.624820785867753,6.685384309040229,93,0.25806451612903225,20.500435021495374,128.85177740499532,128.44695340501795,141,0.0,27.631021115928544,117.76274585003114,116.72931442080377,789,1.0,0.0,5.413996364488569,1.3718631178707306,638,0.8871473354231975,3.1182343579104317,12.032582478731847,8.770637408568442,0.7139751956196422,0.011568672955036163,"[""y@t"", ""data_quality_1@t+h"", ""cores_1@t+h""]",3,20,1200.0,484,0.15161290322580645,18.861541218637992,8.770637408568442,
"granularity=30,on_change=static",model,1,929,940,0.823404255319149,0.910441888375707,21.507817431603844,21.241393130729534,846,0.8747044917257684,0.6755167316426736,15.062125367637032,14.6206476224211,94,0.3617021276595745,3.024768298973008,79.51904600730518,80.82810270550546,154,0.22077922077922077,3.569449900529879,69.8404169424929,69.33923621140539,786,0.9414758269720102,0.38946576385695075,12.038071471455101,11.817642705253602,660,0.8803030303030303,0.6271598371008071,12.892536873462475,12.761396899337582,0.5135910378782949,0.004015317186713219,"[""y@t"", ""data_quality_1@t+h"", ""throughput_2@t""]",3,20,4000.0,132,0.24893617021276596,19.709148936170212,7.9216161616161616,"[""data_quality_1@t+h""]"
"granularity=30,on_change=static",ar,1,929,940,0.7946808510638298,1.1606803656257345,29.35093129955269,29.77150350160394,846,0.8640661938534279,0.6884980501554484,17.733755333117326,18.09590993156036,94,0.1702127659574468,5.4103212048583105,133.90551499747102,134.85184563199618,154,0.05194805194805195,5.2828541345576685,108.56485100192036,108.16184974260703,786,0.9402035623409669,0.3530279986848724,13.830646777714751,14.41258070120384,660,0.8818181818181818,0.6276193000707296,15.567911607773388,16.431935920518747,0.478469822590906,0.004015317186713219,"[""y@t"", ""data_quality_1@t+h"", ""throughput_2@t""]",3,20,4000.0,132,0.24893617021276596,19.709148936170212,7.9216161616161616,"[""data_quality_1@t+h""]"
"granularity=30,on_change=static",persistence,1,929,940,0.8361702127659575,4.5267843104819105,23.781432697584076,19.709148936170212,846,0.9113475177304965,2.449558609568134,10.740209576393955,6.179984239558711,94,0.1595744680851064,23.221815618705897,141.15244078829517,141.47163120567376,154,0.0,27.631021115928547,114.30261183852805,112.43766233766235,786,1.0,0.0,6.045730932055616,1.5409669211195953,660,0.8863636363636364,3.139888763173699,11.719374177168541,7.9216161616161616,0.621928957111424,0.004015317186713219,"[""y@t"", ""data_quality_1@t+h"", ""throughput_2@t""]",3,20,4000.0,132,0.24893617021276596,19.709148936170212,7.9216161616161616,"[""data_quality_1@t+h""]"
"granularity=30,on_change=static",model,2,1869,930,0.8247311827956989,0.9030496141239521,29.92025216500815,27.824692389443218,837,0.9044205495818399,0.5717699436966386,16.41115847058343,14.023286966669913,93,0.10752688172043011,3.884566647969775,151.50209541483056,152.03734119440298,144,0.04861111111111111,4.159761106341387,124.63981373146433,123.49043837763708,786,0.9669211195928753,0.3064001804352618,12.567050045962741,10.298143506109998,675,0.8992592592592593,0.5313920166659026,13.846048297478717,11.19640797204985,0.7190721915165357,0.004341365769505501,"[""y@t"", ""data_quality_1@t+h""]",2,20,200.0,136,0.043010752688172046,21.487670250896056,8.24404938271605,"[""buffer_size_3@t""]"
"granularity=30,on_change=static",ar,2,1869,930,0.8290322580645161,0.9912975552916071,32.530282372573026,31.468223099374597,837,0.9044205495818399,0.6101948397216099,19.542040696600953,18.272841052527994,93,0.15053763440860216,4.421221995421583,149.42445745632168,150.226661520994,144,0.020833333333333332,4.736239479952282,126.38843357154678,125.78350117802059,786,0.9770992366412213,0.3052013248194225,15.334895893371728,14.189088184202806,675,0.8992592592592593,0.5922827880865019,17.920435598058386,16.61511158081922,0.7099236500380212,0.004341365769505501,"[""y@t"", ""data_quality_1@t+h""]",2,20,200.0,136,0.043010752688172046,21.487670250896056,8.24404938271605,"[""buffer_size_3@t""]"
"granularity=30,on_change=static",persistence,2,1869,930,0.8451612903225807,4.278351656659904,25.41316099333587,21.48767025089606,837,0.9223416965352449,2.1457782228618343,11.035326954590209,6.648426921545206,93,0.15053763440860216,23.471512560842527,154.81366734204687,155.04086021505375,144,0.0,27.631021115928547,132.35294011079276,130.30671296296293,786,1.0,0.0,5.821140391664382,1.5513570822731193,675,0.9037037037037037,2.6607649963486746,12.304323382301998,8.24404938271605,0.7560746335574257,0.004341365769505501,"[""y@t"", ""data_quality_1@t+h""]",2,20,200.0,136,0.043010752688172046,21.487670250896056,8.24404938271605,"[""buffer_size_3@t""]"
"granularity=30,on_change=static",model,3,2799,930,0.8225806451612904,0.9043456611035894,28.790104160895822,25.88259398625501,837,0.9020310633213859,0.5413129848977071,15.09319172715819,11.86749658055254,93,0.10752688172043011,4.17163974695653,152.06231606453454,152.01847063757722,164,0.024390243902439025,4.46398939645204,114.82809547410841,113.85578102383438,766,0.9934725848563969,0.14222872559817687,10.369437613419501,7.047603550010856,668,0.8772455089820359,0.6071991354147098,14.022604197417321,11.065749759722534,0.6575212079339819,0.0077265240252017975,"[""y@t"", ""data_quality_1@t+h"", ""data_quality_1@t""]",3,20,2000.0,281,0.16451612903225807,24.001756272401433,9.868662674650698,"[""buffer_size_3@t""]"
"granularity=30,on_change=static",ar,3,2799,930,0.8236559139784946,0.9703302139387039,33.172222338190664,32.574247458505845,837,0.9020310633213859,0.5793058881564811,18.69235721928803,18.10572139151816,93,0.11827956989247312,4.48954914597871,163.49100840831434,162.79098206139497,164,0.0,4.6339742790763045,123.0068456876153,122.04637819736858,766,1.0,0.1859468892878338,13.938699845624551,13.418334349924262,668,0.8772455089820359,0.6509699999815379,17.775047527042528,17.96207473655861,0.6515500329395066,0.0077265240252017975,"[""y@t"", ""data_quality_1@t+h"", ""data_quality_1@t""]",3,20,2000.0,281,0.16451612903225807,24.001756272401433,9.868662674650698,"[""buffer_size_3@t""]"
"granularity=30,on_change=static",persistence,3,2799,930,0.8236559139784946,4.872567164529335,27.701127065022625,24.001756272401437,837,0.9020310633213859,2.706981758071853,11.880177987380753,7.876065312624454,93,0.11827956989247312,24.362835822646673,170.0896687637995,169.13297491039427,164,0.0,27.631021115928544,130.3506451444316,128.70345528455283,766,1.0,0.0,5.723945648543417,1.585204525674501,668,0.8772455089820359,3.3918319333924267,13.430486026916741,9.8686626746507,0.6515500329395066,0.0077265240252017975,"[""y@t"", ""data_quality_1@t+h"", ""data_quality_1@t""]",3,20,2000.0,281,0.16451612903225807,24.001756272401433,9.868662674650698,"[""buffer_size_3@t""]"
"granularity=30,on_change=static",model,4,3729,940,0.824468085106383,0.8201360257503181,25.37773038464493,23.39165863500293,846,0.8995271867612293,0.4879167231696932,13.340684882328569,11.137289372015491,94,0.14893617021276595,3.8101097489759415,133.7111399054922,133.68098200188984,158,0.012658227848101266,4.110681765867398,98.78558777046277,97.53633752122461,782,0.9884910485933504,0.15529430332257035,10.545963802855653,8.411020189960693,639,0.86697965571205,0.5880801001181235,12.560302561267452,9.89692676452322,0.7166117934923342,0.009583879262208939,"[""y@t"", ""data_quality_1@t+h"", ""data_quality_1@t"", ""throughput_2@t""]",4,20,40000.0,494,0.1819148936170213,19.269822695035458,7.43922796035472,"[""buffer_size_3@t""]"
"granularity=30,on_change=static",ar,4,3729,940,0.8319148936170213,0.9384444301957285,30.478417291328917,30.06496275527792,846,0.8995271867612293,0.5768248974405183,18.580004872566445,18.160629393247447,94,0.22340425531914893,4.193020224992621,137.5641290601912,137.20396301355223,158,0.0,4.626103858768453,104.84491335106807,104.1961712230406,782,1.0,0.19336746125136736,15.45296156570387,15.08704595488598,639,0.86697965571205,0.683342653302229,17.130867056604618,16.9025276394028,0.7162683130904123,0.009583879262208939,"[""y@t"", ""data_quality_1@t+h"", ""data_quality_1@t"", ""throughput_2@t""]",4,20,40000.0,494,0.1819148936170213,19.269822695035458,7.43922796035472,"[""buffer_size_3@t""]"
"granularity=30,on_change=static",persistence,4,3729,940,0.8319148936170213,4.64436312374118,22.783106278476236,19.269822695035465,846,0.8995271867612293,2.776166424177218,9.47283303011658,5.618991331757295,94,0.22340425531914893,21.45813341981685,142.57556551371314,142.127304964539,158,0.0,27.631021115928544,109.70094838675975,107.3084388185654,782,1.0,0.0,5.221700839718193,1.4819693094629216,639,0.86697965571205,3.6754879418684294,11.358095794003718,7.43922796035472,0.7162683130904123,0.009583879262208939,"[""y@t"", ""data_quality_1@t+h"", ""data_quality_1@t"", ""throughput_2@t""]",4,20,40000.0,494,0.1819148936170213,19.269822695035458,7.43922796035472,"[""buffer_size_3@t""]"
"granularity=30,on_change=static",model,5,4669,930,0.8344086021505376,0.8126345777137506,27.775731952691608,25.921354585804018,837,0.9139784946236559,0.5003682502460287,16.583029632555387,14.36286870710713,93,0.11827956989247312,3.6230315249232476,128.5100528339176,129.947727494076,141,0.014184397163120567,4.344597647944267,105.7889130791084,105.71141643773511,789,0.9809885931558935,0.18144726098054054,13.834212892077199,11.662294102759297,638,0.8871473354231975,0.5721264811971144,13.940866126168746,11.728813104050177,0.7107436832750246,0.011522015556693077,"[""y@t"", ""data_quality_1@t+h"", ""cores_1@t+h""]",3,20,1200.0,484,0.15161290322580645,18.861541218637992,8.770637408568442,"[""buffer_size_3@t""]"
"granularity=30,on_change=static",ar,5,4669,930,0.8483870967741935,0.8636012329207946,28.75435662800259,28.20043311392444,837,0.9139784946236559,0.5431567470030557,18.059899589789016,17.39532626562679,93,0.25806451612903225,3.747601606180444,125.00446997192479,125.44639474860331,141,0.0,4.614547391037478,111.1103060082509,110.83867607220535,789,1.0,0.1932800563752273,14.036753506817533,13.43238209096169,638,0.8871473354231975,0.6284521247974699,16.867501736928926,16.634392080810095,0.7139751956196422,0.011522015556693077,"[""y@t"", ""data_quality_1@t+h"", ""cores_1@t+h""]",3,20,1200.0,484,0.15161290322580645,18.861541218637992,8.770637408568442,"[""buffer_size_3@t""]"
"granularity=30,on_change=static",persistence,5,4669,930,0.8483870967741935,4.18921933047949,22.44751644778051,18.861541218638,837,0.9139784946236559,2.3768620314777245,10.624820785867753,6.685384309040229,93,0.25806451612903225,20.500435021495374,128.85177740499532,128.44695340501795,141,0.0,27.631021115928544,117.76274585003114,116.72931442080377,789,1.0,0.0,5.413996364488569,1.3718631178707306,638,0.8871473354231975,3.1182343579104317,12.032582478731847,8.770637408568442,0.7139751956196422,0.011522015556693077,"[""y@t"", ""data_quality_1@t+h"", ""cores_1@t+h""]",3,20,1200.0,484,0.15161290322580645,18.861541218637992,8.770637408568442,"[""buffer_size_3@t""]"
"granularity=30,on_change=chain",model,1,929,940,0.8148936170212766,0.8792100686789212,27.662431710041297,27.3717753696418,846,0.8747044917257684,0.6755167316426736,15.062125367637032,14.6206476224211,94,0.2765957446808511,2.7124501020051492,141.06518879167965,142.13192509462812,154,0.16883116883116883,3.4418191271920966,99.58994257589788,99.04825231214244,786,0.9414758269720102,0.3771212709549656,13.569764186705525,13.328292609915213,660,0.8803030303030303,0.6271598371008071,12.892536873462475,12.761396899337582,0.50865572188239,0.00401296466588974,"[""y@t"", ""data_quality_1@t+h"", ""throughput_2@t""]",3,20,4000.0,132,0.24893617021276596,19.709148936170212,7.9216161616161616,
"granularity=30,on_change=chain",ar,1,929,940,0.7946808510638298,1.1606803656257345,29.35093129955269,29.77150350160394,846,0.8640661938534279,0.6884980501554484,17.733755333117326,18.09590993156036,94,0.1702127659574468,5.4103212048583105,133.90551499747102,134.85184563199618,154,0.05194805194805195,5.2828541345576685,108.56485100192036,108.16184974260703,786,0.9402035623409669,0.3530279986848724,13.830646777714751,14.41258070120384,660,0.8818181818181818,0.6276193000707296,15.567911607773388,16.431935920518747,0.478469822590906,0.00401296466588974,"[""y@t"", ""data_quality_1@t+h"", ""throughput_2@t""]",3,20,4000.0,132,0.24893617021276596,19.709148936170212,7.9216161616161616,
"granularity=30,on_change=chain",persistence,1,929,940,0.8361702127659575,4.5267843104819105,23.781432697584076,19.709148936170212,846,0.9113475177304965,2.449558609568134,10.740209576393955,6.179984239558711,94,0.1595744680851064,23.221815618705897,141.15244078829517,141.47163120567376,154,0.0,27.631021115928547,114.30261183852805,112.43766233766235,786,1.0,0.0,6.045730932055616,1.5409669211195953,660,0.8863636363636364,3.139888763173699,11.719374177168541,7.9216161616161616,0.621928957111424,0.00401296466588974,"[""y@t"", ""data_quality_1@t+h"", ""throughput_2@t""]",3,20,4000.0,132,0.24893617021276596,19.709148936170212,7.9216161616161616,
"granularity=30,on_change=chain",model,2,1869,930,0.8462365591397849,0.7666954659029899,28.607150204639034,26.42356769838098,837,0.9044205495818399,0.5717699436966386,16.41115847058343,14.023286966669913,93,0.3225806451612903,2.5210251657601517,138.3710758111394,138.0260942837806,144,0.20833333333333334,3.146873268832159,106.46445438146823,104.64014373546603,786,0.9631043256997456,0.3306323569694016,14.343216614990931,12.093813309907382,675,0.8992592592592593,0.5313920166659026,13.846048297478717,11.19640797204985,0.7338058045136094,0.004349108785390854,"[""y@t"", ""data_quality_1@t+h""]",2,20,200.0,136,0.043010752688172046,21.487670250896056,8.24404938271605,
"granularity=30,on_change=chain",ar,2,1869,930,0.8290322580645161,0.9912975552916071,32.530282372573026,31.468223099374597,837,0.9044205495818399,0.6101948397216099,19.542040696600953,18.272841052527994,93,0.15053763440860216,4.421221995421583,149.42445745632168,150.226661520994,144,0.020833333333333332,4.736239479952282,126.38843357154678,125.78350117802059,786,0.9770992366412213,0.3052013248194225,15.334895893371728,14.189088184202806,675,0.8992592592592593,0.5922827880865019,17.920435598058386,16.61511158081922,0.7099236500380212,0.004349108785390854,"[""y@t"", ""data_quality_1@t+h""]",2,20,200.0,136,0.043010752688172046,21.487670250896056,8.24404938271605,
"granularity=30,on_change=chain",persistence,2,1869,930,0.8451612903225807,4.278351656659904,25.41316099333587,21.48767025089606,837,0.9223416965352449,2.1457782228618343,11.035326954590209,6.648426921545206,93,0.15053763440860216,23.471512560842527,154.81366734204687,155.04086021505375,144,0.0,27.631021115928547,132.35294011079276,130.30671296296293,786,1.0,0.0,5.821140391664382,1.5513570822731193,675,0.9037037037037037,2.6607649963486746,12.304323382301998,8.24404938271605,0.7560746335574257,0.004349108785390854,"[""y@t"", ""data_quality_1@t+h""]",2,20,200.0,136,0.043010752688172046,21.487670250896056,8.24404938271605,
"granularity=30,on_change=chain",model,3,2799,930,0.8602150537634409,0.7269123792838521,27.169396170356237,24.301269927418197,837,0.9020310633213859,0.5413129848977071,15.09319172715819,11.86749658055254,93,0.4838709677419355,2.3973069287591575,135.85523615913863,136.2052300492091,164,0.24390243902439024,3.4158952046251545,98.42718029942768,97.74318486175902,766,0.9921671018276762,0.15120326263114492,11.913160403818743,8.577413466279953,668,0.8772455089820359,0.6071991354147098,14.022604197417321,11.065749759722534,0.6740168392868312,0.007765868678689003,"[""y@t"", ""data_quality_1@t+h"", ""data_quality_1@t""]",3,20,2000.0,281,0.16451612903225807,24.001756272401433,9.868662674650698,
"granularity=30,on_change=chain",ar,3,2799,930,0.8236559139784946,0.9703302139387039,33.172222338190664,32.574247458505845,837,0.9020310633213859,0.5793058881564811,18.69235721928803,18.10572139151816,93,0.11827956989247312,4.48954914597871,163.49100840831434,162.79098206139497,164,0.0,4.6339742790763045,123.0068456876153,122.04637819736858,766,1.0,0.1859468892878338,13.938699845624551,13.418334349924262,668,0.8772455089820359,0.6509699999815379,17.775047527042528,17.96207473655861,0.6515500329395066,0.007765868678689003,"[""y@t"", ""data_quality_1@t+h"", ""data_quality_1@t""]",3,20,2000.0,281,0.16451612903225807,24.001756272401433,9.868662674650698,
"granularity=30,on_change=chain",persistence,3,2799,930,0.8236559139784946,4.872567164529335,27.701127065022625,24.001756272401437,837,0.9020310633213859,2.706981758071853,11.880177987380753,7.876065312624454,93,0.11827956989247312,24.362835822646673,170.0896687637995,169.13297491039427,164,0.0,27.631021115928544,130.3506451444316,128.70345528455283,766,1.0,0.0,5.723945648543417,1.585204525674501,668,0.8772455089820359,3.3918319333924267,13.430486026916741,9.8686626746507,0.6515500329395066,0.007765868678689003,"[""y@t"", ""data_quality_1@t+h"", ""data_quality_1@t""]",3,20,2000.0,281,0.16451612903225807,24.001756272401433,9.868662674650698,
"granularity=30,on_change=chain",model,4,3729,940,0.8542553191489362,0.6748730356087707,22.778493575750872,20.840742166145642,846,0.8995271867612293,0.4879167231696932,13.340684882328569,11.137289372015491,94,0.44680851063829785,2.3574798475604672,107.7187718165516,108.17181731331702,158,0.21518987341772153,3.109373813747011,73.13940609171799,72.10220685704373,782,0.9833759590792839,0.1829918042202261,12.60327084234575,10.483566435759586,639,0.86697965571205,0.5880801001181235,12.560302561267452,9.89692676452322,0.7267066817833027,0.009574312716722488,"[""y@t"", ""data_quality_1@t+h"", ""data_quality_1@t"", ""throughput_2@t""]",4,20,40000.0,494,0.1819148936170213,19.269822695035458,7.43922796035472,
"granularity=30,on_change=chain",ar,4,3729,940,0.8319148936170213,0.9384444301957285,30.478417291328917,30.06496275527792,846,0.8995271867612293,0.5768248974405183,18.580004872566445,18.160629393247447,94,0.22340425531914893,4.193020224992621,137.5641290601912,137.20396301355223,158,0.0,4.626103858768453,104.84491335106807,104.1961712230406,782,1.0,0.19336746125136736,15.45296156570387,15.08704595488598,639,0.86697965571205,0.683342653302229,17.130867056604618,16.9025276394028,0.7162683130904123,0.009574312716722488,"[""y@t"", ""data_quality_1@t+h"", ""data_quality_1@t"", ""throughput_2@t""]",4,20,40000.0,494,0.1819148936170213,19.269822695035458,7.43922796035472,
"granularity=30,on_change=chain",persistence,4,3729,940,0.8319148936170213,4.64436312374118,22.783106278476236,19.269822695035465,846,0.8995271867612293,2.776166424177218,9.47283303011658,5.618991331757295,94,0.22340425531914893,21.45813341981685,142.57556551371314,142.127304964539,158,0.0,27.631021115928544,109.70094838675975,107.3084388185654,782,1.0,0.0,5.221700839718193,1.4819693094629216,639,0.86697965571205,3.6754879418684294,11.358095794003718,7.43922796035472,0.7162683130904123,0.009574312716722488,"[""y@t"", ""data_quality_1@t+h"", ""data_quality_1@t"", ""throughput_2@t""]",4,20,40000.0,494,0.1819148936170213,19.269822695035458,7.43922796035472,
"granularity=30,on_change=chain",model,5,4669,930,0.8698924731182796,0.7118914188022603,25.71277464858959,23.731479630431842,837,0.9139784946236559,0.5003682502460287,16.583029632555387,14.36286870710713,93,0.4731182795698925,2.615599935808344,107.8804797928974,108.04897794035422,141,0.24113475177304963,3.5094757778797705,82.61058864509302,82.11012494913885,789,0.982256020278834,0.2119428831496253,15.544724238568064,13.29879396511158,638,0.8871473354231975,0.5721264811971144,13.940866126168746,11.728813104050177,0.7271286141895812,0.01149284839630127,"[""y@t"", ""data_quality_1@t+h"", ""cores_1@t+h""]",3,20,1200.0,484,0.15161290322580645,18.861541218637992,8.770637408568442,
"granularity=30,on_change=chain",ar,5,4669,930,0.8483870967741935,0.8636012329207946,28.75435662800259,28.20043311392444,837,0.9139784946236559,0.5431567470030557,18.059899589789016,17.39532626562679,93,0.25806451612903225,3.747601606180444,125.00446997192479,125.44639474860331,141,0.0,4.614547391037478,111.1103060082509,110.83867607220535,789,1.0,0.1932800563752273,14.036753506817533,13.43238209096169,638,0.8871473354231975,0.6284521247974699,16.867501736928926,16.634392080810095,0.7139751956196422,0.01149284839630127,"[""y@t"", ""data_quality_1@t+h"", ""cores_1@t+h""]",3,20,1200.0,484,0.15161290322580645,18.861541218637992,8.770637408568442,
"granularity=30,on_change=chain",persistence,5,4669,930,0.8483870967741935,4.18921933047949,22.44751644778051,18.861541218638,837,0.9139784946236559,2.3768620314777245,10.624820785867753,6.685384309040229,93,0.25806451612903225,20.500435021495374,128.85177740499532,128.44695340501795,141,0.0,27.631021115928544,117.76274585003114,116.72931442080377,789,1.0,0.0,5.413996364488569,1.3718631178707306,638,0.8871473354231975,3.1182343579104317,12.032582478731847,8.770637408568442,0.7139751956196422,0.01149284839630127,"[""y@t"", ""data_quality_1@t+h"", ""cores_1@t+h""]",3,20,1200.0,484,0.15161290322580645,18.861541218637992,8.770637408568442,
