config,model,fold,n_train,n_all,acc_all,logloss_all,mae_all,maeh_all,n_within,acc_within,logloss_within,mae_within,maeh_within,n_xrun,acc_xrun,logloss_xrun,mae_xrun,maeh_xrun,n_change,acc_change,logloss_change,mae_change,maeh_change,n_stay,acc_stay,logloss_stay,mae_stay,maeh_stay,n_event,acc_event,logloss_event,mae_event,maeh_event,f1_all,search_sec,parents,n_parents,n_y,cpt_configs_possible,cpt_configs_seen,test_unseen_config_frac,mae_persistence_continuous,mae_persistence_continuous_event,static_parents
n_bins=4,model,1,33200,33558,0.9919542284999106,0.0497930244430269,21.771734719553436,4.397416123351618,33464,0.9933660052593832,0.0407706510351403,21.52620967301313,4.108339987665623,94,0.48936170212765956,3.261757957650658,109.17865128790153,107.30852042756577,271,0.0036900369003690036,5.217938778357721,192.7544213694396,182.98390045352144,33287,1.0,0.007717514504886426,20.379710563512962,2.943487044327493,18060,0.9877076411960133,0.07123022711241274,27.349079669872697,7.008473581055257,0.7368178411775645,0.04419946111738682,"[""y@t"", ""buffer_size_3@t"", ""throughput_2@t"", ""data_quality_3@t+h""]",4,4,512.0,87,0.10882650932713511,3.7463794028249597,6.396179401993355,
n_bins=4,ar,1,33200,33558,0.9919244293462066,0.0526746286019616,22.270555910814235,4.169046822725068,33464,0.9933361224001912,0.044454332225013084,22.023663752698305,3.8767246200404304,94,0.48936170212765956,2.9791001387956357,110.16416420008737,108.23575097845574,271,0.0,5.74496921341074,208.58599731299276,198.79456615686541,33287,1.0,0.0063318571751830085,20.75370294659426,2.5845388845043793,18060,0.9876522702104098,0.07651968805728634,27.827240557040966,6.379882088765764,0.7368019159180099,0.04419946111738682,"[""y@t"", ""buffer_size_3@t"", ""throughput_2@t"", ""data_quality_3@t+h""]",4,4,512.0,87,0.10882650932713511,3.7463794028249597,6.396179401993355,
n_bins=4,persistence,1,33200,33558,0.9919244293462066,0.22313626325813923,22.130821104457056,3.7463794028249615,33464,0.9933361224001912,0.18412974267427878,21.882478617118903,3.451918479560126,94,0.48936170212765956,14.10945759111245,110.54074659683873,108.57446808510639,271,0.0,27.631021115928547,209.8430916727325,200.05166051660515,33287,1.0,0.0,20.602596111997457,2.1481959924294793,18060,0.9876522702104098,0.34118038254994826,28.169883718626792,6.396179401993355,0.7368019159180099,0.04419946111738682,"[""y@t"", ""buffer_size_3@t"", ""throughput_2@t"", ""data_quality_3@t+h""]",4,4,512.0,87,0.10882650932713511,3.7463794028249597,6.396179401993355,
n_bins=4,model,2,66758,33201,0.983524592632752,0.07752116339302008,24.524176336741178,5.83652157569947,33108,0.9849583182312432,0.06691977313384878,24.252361544264023,5.507508264458632,93,0.4731182795698925,3.8516160956579983,121.2902424586096,122.96526037743747,586,0.14505119453924914,3.85288204676428,154.23947568108662,134.22747298347684,32615,0.9985896060095049,0.00968852572153277,22.193556517155514,3.529696571101661,19603,0.9752078763454574,0.10564730339201889,29.303638445338198,8.033667461160555,0.917048491904239,0.08544492162764072,"[""y@t"", ""avg_p_latency_1@t"", ""throughput_2@t"", ""avg_p_latency_3@t""]",4,4,256.0,79,0.01716815758561489,5.354266437757899,8.484364638065601,
n_bins=4,ar,2,66758,33201,0.9823499292189994,0.10067208241363822,24.846848645033333,5.971252422296209,33108,0.9837803552011598,0.0922998741397733,24.57661316976036,5.643278781483066,93,0.4731182795698925,3.0811782279095494,121.05067784221113,122.72986855177528,586,0.0,5.17731645985435,188.28069831397607,163.2767252846194,32615,1.0,0.009459033044321725,21.910401123770093,3.1449146299515403,19603,0.9726062337397338,0.1503278414697177,30.394048055415954,8.75521998405594,0.9164713858406255,0.08544492162764072,"[""y@t"", ""avg_p_latency_1@t"", ""throughput_2@t"", ""avg_p_latency_3@t""]",4,4,256.0,79,0.01716815758561489,5.354266437757899,8.484364638065601,
n_bins=4,persistence,2,66758,33201,0.9823499292189994,0.48768947844746025,24.622558460104003,5.354266437757899,33108,0.9837803552011598,0.44816534792961304,24.350470575816253,5.023529056421409,93,0.4731182795698925,14.558279942801061,121.48584526654413,123.09677419354838,586,0.0,27.631021115928547,188.5171395229105,163.4232081911263,32615,1.0,0.0,21.677832888961753,2.5142112524911857,19603,0.9726062337397338,0.7569177339822287,30.590584981975574,8.484364638065601,0.9164713858406255,0.08544492162764072,"[""y@t"", ""avg_p_latency_1@t"", ""throughput_2@t"", ""avg_p_latency_3@t""]",4,4,256.0,79,0.01716815758561489,5.354266437757899,8.484364638065601,
n_bins=4,model,3,99959,33201,0.9869281045751634,0.05723970188258391,21.74704648588262,5.586545211145978,33108,0.9886734324030446,0.04638294916485399,21.448792676441197,5.236939739701255,93,0.3655913978494624,3.9222436693944345,127.92540264702984,130.04609304546744,544,0.3235294117647059,2.949598275251209,148.7119048713012,150.66319544223862,32657,0.9979789937838748,0.009058819869155481,19.63206706457424,3.1698597309820196,19017,0.9832781195772203,0.0720313709716317,25.600102445576493,8.06749903036558,0.7240007344992364,0.12937547080218792,"[""y@t"", ""throughput_2@t"", ""buffer_size_3@t""]",3,4,64.0,35,0.0,5.404445649227433,8.803070936530473,
n_bins=4,ar,3,99959,33201,0.9836149513568868,0.09299472055978802,22.35252180838477,6.115114401744279,33108,0.9853207683943458,0.08395774385401064,22.06139141906156,5.771117592537511,93,0.3763440860215054,3.310158427816538,125.99494040744693,128.5779784793542,544,0.0,5.095779221351879,191.0189872644761,183.78721940253575,32657,1.0,0.009658383222283129,19.542877407242177,3.1554541414499924,19017,0.9744439185991481,0.1381358364384934,26.598353760076098,8.964577058547317,0.7225110598016732,0.12937547080218792,"[""y@t"", ""throughput_2@t"", ""buffer_size_3@t""]",3,4,64.0,35,0.0,5.404445649227433,8.803070936530473,
n_bins=4,persistence,3,99959,33201,0.9836149513568868,0.4527356250433761,22.14346956907593,5.404445649227434,33108,0.9853207683943458,0.4056021584614375,21.850075806625153,5.056421408722969,93,0.3763440860215054,17.2322497282135,126.59164900155285,129.30107526881721,544,0.0,27.631021115928547,193.88215037796687,186.64889705882354,32657,1.0,0.0,19.28264823337343,2.385277275928592,19017,0.9744439185991481,0.7061406248273268,27.064325016259577,8.803070936530473,0.7225110598016732,0.12937547080218792,"[""y@t"", ""throughput_2@t"", ""buffer_size_3@t""]",3,4,64.0,35,0.0,5.404445649227433,8.803070936530473,
n_bins=4,model,4,133160,33558,0.9904642708147089,0.04499819008891174,22.219105122517846,5.019285270201716,33464,0.9919615108773607,0.03796410097311431,22.018731227307672,4.778171990310493,94,0.4574468085106383,2.549133915312797,93.55221181733931,90.855612911477,391,0.2071611253196931,2.8306910190528893,152.7582381321372,147.36334779251692,33167,0.9996984954925077,0.012158141362017073,20.6802019655618,3.3412158504102,17285,0.9850159097483367,0.05693026173998427,27.11849587486681,6.971420992595429,0.929364538964609,0.17643158324062824,"[""y@t"", ""data_quality_1@t+h"", ""throughput_2@t"", ""avg_p_latency_3@t""]",4,4,640.0,188,0.00762858334823291,4.437451576375231,8.05467168064796,
n_bins=4,ar,4,133160,33558,0.9883485309017224,0.06856363449133543,22.13967536399577,5.282727921984734,33464,0.989839827874731,0.06075329667320799,21.905922670563328,5.01006307806472,94,0.4574468085106383,2.849043897744704,105.35563422594613,102.35141235751014,391,0.0,4.890548718162273,206.57199027782949,204.01424626941784,33167,1.0,0.011718090193830799,19.96543484989112,2.9399165831887517,17285,0.9803297656927972,0.10544034783237344,27.7707380373711,8.204219951351625,0.9235700563717624,0.17643158324062824,"[""y@t"", ""data_quality_1@t+h"", ""throughput_2@t"", ""avg_p_latency_3@t""]",4,4,640.0,188,0.00762858334823291,4.437451576375231,8.05467168064796,
n_bins=4,persistence,4,133160,33558,0.9883485309017224,0.3219419886860976,21.826728064184337,4.437451576375241,33464,0.989839827874731,0.28073593053477486,21.590207497627194,4.160441071001684,94,0.4574468085106383,14.991298690556974,106.02804975852638,103.05319148936171,391,0.0,27.631021115928544,210.87813533229127,208.1687979539642,33167,1.0,0.0,19.59803387291501,2.035698133687109,17285,0.9803297656927972,0.5435086594975821,28.27514604939821,8.05467168064796,0.9235700563717624,0.17643158324062824,"[""y@t"", ""data_quality_1@t+h"", ""throughput_2@t"", ""avg_p_latency_3@t""]",4,4,640.0,188,0.00762858334823291,4.437451576375231,8.05467168064796,
n_bins=4,model,5,166718,33201,0.9937351284599861,0.03282163648040506,23.64664964500406,4.170635476013727,33108,0.9950767186178567,0.027940125229063053,23.4462371031159,3.9099785542799252,93,0.5161290322580645,1.7706396419581576,94.99351455718819,96.96449961324716,217,0.04608294930875576,4.06051172734621,174.79267688594632,180.0405903770249,32984,0.9999696822701916,0.00632367535628792,22.652267886839965,3.01359629903339,19062,0.9915014164305949,0.04229248641501101,27.476034558312936,5.597632751212894,0.7373566715312735,0.22229550778865814,"[""y@t"", ""avg_p_latency_1@t"", ""buffer_size_2@t"", ""data_quality_1@t+h""]",4,4,640.0,243,0.0005421523448088912,3.5060389747296767,5.571555975238695,
n_bins=4,ar,5,166718,33201,0.9934640522875817,0.04290646400663747,23.94356608480294,4.401218176446973,33108,0.9948954935363055,0.035534025048641574,23.704447600840673,4.107285426689216,93,0.4838709677419355,2.6674947330531755,109.06974637536835,109.04127709020845,217,0.0,4.917491372482911,193.81692099739675,199.8502245176843,32984,1.0,0.010836826450872509,22.825978223535873,3.1153694505177794,19062,0.9911341936837688,0.05208942547235775,27.742801231665673,5.7578073336212094,0.7372177266410755,0.22229550778865814,"[""y@t"", ""avg_p_latency_1@t"", ""buffer_size_2@t"", ""data_quality_1@t+h""]",4,4,640.0,243,0.0005421523448088912,3.5060389747296767,5.571555975238695,
n_bins=4,persistence,5,166718,33201,0.9934640522875817,0.18059490925443497,23.567578116831537,3.5060389747296865,33108,0.9948954935363055,0.14104272588473854,23.32536398719251,3.207834964359077,93,0.4838709677419355,14.261172188866347,109.79580826832394,109.66666666666667,217,0.0,27.631021115928544,197.16485316174007,203.19815668202764,32984,1.0,0.0,22.425490781009767,2.192275042444831,19062,0.9911341936837688,0.2449712815335182,28.111970690342805,5.571555975238695,0.7372177266410755,0.22229550778865814,"[""y@t"", ""avg_p_latency_1@t"", ""buffer_size_2@t"", ""data_quality_1@t+h""]",4,4,640.0,243,0.0005421523448088912,3.5060389747296767,5.571555975238695,
"n_bins=4,on_change=static",model,1,33200,33558,0.9921330234221348,0.04653874964358474,21.76726799441614,4.403418051551155,33464,0.9933660052593832,0.0407706510351403,21.52620967301313,4.108339987665623,94,0.5531914893617021,2.0999818542498043,107.58403041388753,109.45120879480078,271,0.055350553505535055,4.705484090083819,187.55403029537496,178.18972736029892,33287,0.9997596659356506,0.008608801397743913,20.417545502645783,2.9885687162950303,18060,0.9877076411960133,0.07123022711241274,27.349079669872697,7.008473581055257,0.7366634577243736,0.04477309249341488,"[""y@t"", ""buffer_size_3@t"", ""throughput_2@t"", ""data_quality_3@t+h""]",4,4,512.0,87,0.10882650932713511,3.7463794028249597,6.396179401993355,"[""buffer_size_3@t"", ""data_quality_3@t+h""]"
"n_bins=4,on_change=static",ar,1,33200,33558,0.9919244293462066,0.0526746286019616,22.270555910814235,4.169046822725068,33464,0.9933361224001912,0.044454332225013084,22.023663752698305,3.8767246200404304,94,0.48936170212765956,2.9791001387956357,110.16416420008737,108.23575097845574,271,0.0,5.74496921341074,208.58599731299276,198.79456615686541,33287,1.0,0.0063318571751830085,20.75370294659426,2.5845388845043793,18060,0.9876522702104098,0.07651968805728634,27.827240557040966,6.379882088765764,0.7368019159180099,0.04477309249341488,"[""y@t"", ""buffer_size_3@t"", ""throughput_2@t"", ""data_quality_3@t+h""]",4,4,512.0,87,0.10882650932713511,3.7463794028249597,6.396179401993355,"[""buffer_size_3@t"", ""data_quality_3@t+h""]"
"n_bins=4,on_change=static",persistence,1,33200,33558,0.9919244293462066,0.22313626325813923,22.130821104457056,3.7463794028249615,33464,0.9933361224001912,0.18412974267427878,21.882478617118903,3.451918479560126,94,0.48936170212765956,14.10945759111245,110.54074659683873,108.57446808510639,271,0.0,27.631021115928547,209.8430916727325,200.05166051660515,33287,1.0,0.0,20.602596111997457,2.1481959924294793,18060,0.9876522702104098,0.34118038254994826,28.169883718626792,6.396179401993355,0.7368019159180099,0.04477309249341488,"[""y@t"", ""buffer_size_3@t"", ""throughput_2@t"", ""data_quality_3@t+h""]",4,4,512.0,87,0.10882650932713511,3.7463794028249597,6.396179401993355,"[""buffer_size_3@t"", ""data_quality_3@t+h""]"
"n_bins=4,on_change=static",model,2,66758,33201,0.9836450709315985,0.07260214197393552,24.4963781085223,5.816847009028167,33108,0.9849583182312432,0.06691977313384878,24.252361544264023,5.507508264458632,93,0.5161290322580645,2.095525449044819,111.36627498446931,115.94144007578241,586,0.16040955631399317,3.5477108212164756,151.06241477753355,131.21059756515126,32615,0.9984363023148858,0.010164193605512161,22.22234169926151,3.5638732906198234,19603,0.9752078763454574,0.10564730339201889,29.303638445338198,8.033667461160555,0.9171010902631702,0.08501175604760647,"[""y@t"", ""avg_p_latency_1@t"", ""throughput_2@t"", ""avg_p_latency_3@t""]",4,4,256.0,79,0.01716815758561489,5.354266437757899,8.484364638065601,"[""buffer_size_3@t"", ""data_quality_3@t+h""]"
"n_bins=4,on_change=static",ar,2,66758,33201,0.9823499292189994,0.10067208241363822,24.846848645033333,5.971252422296209,33108,0.9837803552011598,0.0922998741397733,24.57661316976036,5.643278781483066,93,0.4731182795698925,3.0811782279095494,121.05067784221113,122.72986855177528,586,0.0,5.17731645985435,188.28069831397607,163.2767252846194,32615,1.0,0.009459033044321725,21.910401123770093,3.1449146299515403,19603,0.9726062337397338,0.1503278414697177,30.394048055415954,8.75521998405594,0.9164713858406255,0.08501175604760647,"[""y@t"", ""avg_p_latency_1@t"", ""throughput_2@t"", ""avg_p_latency_3@t""]",4,4,256.0,79,0.01716815758561489,5.354266437757899,8.484364638065601,"[""buffer_size_3@t"", ""data_quality_3@t+h""]"
"n_bins=4,on_change=static",persistence,2,66758,33201,0.9823499292189994,0.48768947844746025,24.622558460104003,5.354266437757899,33108,0.9837803552011598,0.44816534792961304,24.350470575816253,5.023529056421409,93,0.4731182795698925,14.558279942801061,121.48584526654413,123.09677419354838,586,0.0,27.631021115928547,188.5171395229105,163.4232081911263,32615,1.0,0.0,21.677832888961753,2.5142112524911857,19603,0.9726062337397338,0.7569177339822287,30.590584981975574,8.484364638065601,0.9164713858406255,0.08501175604760647,"[""y@t"", ""avg_p_latency_1@t"", ""throughput_2@t"", ""avg_p_latency_3@t""]",4,4,256.0,79,0.01716815758561489,5.354266437757899,8.484364638065601,"[""buffer_size_3@t"", ""data_quality_3@t+h""]"
"n_bins=4,on_change=static",model,3,99959,33201,0.9874702569199723,0.052327975966103564,21.666151990104773,5.516965423428891,33108,0.9886734324030446,0.04638294916485399,21.448792676441197,5.236939739701255,93,0.5591397849462365,2.1687575172109548,99.04606765433907,105.20610883046716,544,0.3602941176470588,2.644562459609972,143.32773350549357,145.702980129305,32657,0.9979177511712649,0.009146558227111483,19.63951450520501,3.181748104018148,19017,0.9832781195772203,0.0720313709716317,25.600102445576493,8.06749903036558,0.7242941363867188,0.13041115179657936,"[""y@t"", ""throughput_2@t"", ""buffer_size_3@t""]",3,4,64.0,35,0.0,5.404445649227433,8.803070936530473,"[""buffer_size_3@t"", ""data_quality_3@t+h"", ""buffer_size_2@t""]"
"n_bins=4,on_change=static",ar,3,99959,33201,0.9836149513568868,0.09299472055978802,22.35252180838477,6.115114401744279,33108,0.9853207683943458,0.08395774385401064,22.06139141906156,5.771117592537511,93,0.3763440860215054,3.310158427816538,125.99494040744693,128.5779784793542,544,0.0,5.095779221351879,191.0189872644761,183.78721940253575,32657,1.0,0.009658383222283129,19.542877407242177,3.1554541414499924,19017,0.9744439185991481,0.1381358364384934,26.598353760076098,8.964577058547317,0.7225110598016732,0.13041115179657936,"[""y@t"", ""throughput_2@t"", ""buffer_size_3@t""]",3,4,64.0,35,0.0,5.404445649227433,8.803070936530473,"[""buffer_size_3@t"", ""data_quality_3@t+h"", ""buffer_size_2@t""]"
"n_bins=4,on_change=static",persistence,3,99959,33201,0.9836149513568868,0.4527356250433761,22.14346956907593,5.404445649227434,33108,0.9853207683943458,0.4056021584614375,21.850075806625153,5.056421408722969,93,0.3763440860215054,17.2322497282135,126.59164900155285,129.30107526881721,544,0.0,27.631021115928547,193.88215037796687,186.64889705882354,32657,1.0,0.0,19.28264823337343,2.385277275928592,19017,0.9744439185991481,0.7061406248273268,27.064325016259577,8.803070936530473,0.7225110598016732,0.13041115179657936,"[""y@t"", ""throughput_2@t"", ""buffer_size_3@t""]",3,4,64.0,35,0.0,5.404445649227433,8.803070936530473,"[""buffer_size_3@t"", ""data_quality_3@t+h"", ""buffer_size_2@t""]"
"n_bins=4,on_change=static",model,4,133160,33558,0.9907324631980452,0.04397403177881278,22.2035136105072,5.00744365120528,33464,0.9919615108773607,0.03796410097311431,22.018731227307672,4.778171990310493,94,0.5531914893617021,2.1835093986074696,87.98604202953972,86.62815492974958,391,0.24040920716112532,2.7045598555693333,149.79205406099157,144.50994933550405,33167,0.9995778936895107,0.012608847797684147,20.699394476544548,3.3628728512366135,17285,0.9850159097483367,0.05693026173998427,27.11849587486681,6.971420992595429,0.9298830921924224,0.1749104168266058,"[""y@t"", ""data_quality_1@t+h"", ""throughput_2@t"", ""avg_p_latency_3@t""]",4,4,640.0,188,0.00762858334823291,4.437451576375231,8.05467168064796,"[""buffer_size_3@t"", ""data_quality_3@t+h"", ""buffer_size_2@t""]"
"n_bins=4,on_change=static",ar,4,133160,33558,0.9883485309017224,0.06856363449133543,22.13967536399577,5.282727921984734,33464,0.989839827874731,0.06075329667320799,21.905922670563328,5.01006307806472,94,0.4574468085106383,2.849043897744704,105.35563422594613,102.35141235751014,391,0.0,4.890548718162273,206.57199027782949,204.01424626941784,33167,1.0,0.011718090193830799,19.96543484989112,2.9399165831887517,17285,0.9803297656927972,0.10544034783237344,27.7707380373711,8.204219951351625,0.9235700563717624,0.1749104168266058,"[""y@t"", ""data_quality_1@t+h"", ""throughput_2@t"", ""avg_p_latency_3@t""]",4,4,640.0,188,0.00762858334823291,4.437451576375231,8.05467168064796,"[""buffer_size_3@t"", ""data_quality_3@t+h"", ""buffer_size_2@t""]"
"n_bins=4,on_change=static",persistence,4,133160,33558,0.9883485309017224,0.3219419886860976,21.826728064184337,4.437451576375241,33464,0.989839827874731,0.28073593053477486,21.590207497627194,4.160441071001684,94,0.4574468085106383,14.991298690556974,106.02804975852638,103.05319148936171,391,0.0,27.631021115928544,210.87813533229127,208.1687979539642,33167,1.0,0.0,19.59803387291501,2.035698133687109,17285,0.9803297656927972,0.5435086594975821,28.27514604939821,8.05467168064796,0.9235700563717624,0.1749104168266058,"[""y@t"", ""data_quality_1@t+h"", ""throughput_2@t"", ""avg_p_latency_3@t""]",4,4,640.0,188,0.00762858334823291,4.437451576375231,8.05467168064796,"[""buffer_size_3@t"", ""data_quality_3@t+h"", ""buffer_size_2@t""]"
"n_bins=4,on_change=static",model,5,166718,33201,0.993976085057679,0.03152918104368237,23.62339672355755,4.166163418437237,33108,0.9950767186178567,0.027940125229063053,23.4462371031159,3.9099785542799252,93,0.6021505376344086,1.3092330510481571,86.6922216007852,95.36797505844028,217,0.10138248847926268,3.8205259129507136,169.57397834862138,176.89456732151413,32984,0.999848411350958,0.006601570965346633,22.663195528655816,3.029792340127521,19062,0.9915014164305949,0.04229248641501101,27.476034558312936,5.597632751212894,0.7376269776741498,0.2244538739323616,"[""y@t"", ""avg_p_latency_1@t"", ""buffer_size_2@t"", ""data_quality_1@t+h""]",4,4,640.0,243,0.0005421523448088912,3.5060389747296767,5.571555975238695,"[""buffer_size_3@t"", ""data_quality_2@t+h""]"
"n_bins=4,on_change=static",ar,5,166718,33201,0.9934640522875817,0.04290646400663747,23.94356608480294,4.401218176446973,33108,0.9948954935363055,0.035534025048641574,23.704447600840673,4.107285426689216,93,0.4838709677419355,2.6674947330531755,109.06974637536835,109.04127709020845,217,0.0,4.917491372482911,193.81692099739675,199.8502245176843,32984,1.0,0.010836826450872509,22.825978223535873,3.1153694505177794,19062,0.9911341936837688,0.05208942547235775,27.742801231665673,5.7578073336212094,0.7372177266410755,0.2244538739323616,"[""y@t"", ""avg_p_latency_1@t"", ""buffer_size_2@t"", ""data_quality_1@t+h""]",4,4,640.0,243,0.0005421523448088912,3.5060389747296767,5.571555975238695,"[""buffer_size_3@t"", ""data_quality_2@t+h""]"
"n_bins=4,on_change=static",persistence,5,166718,33201,0.9934640522875817,0.18059490925443497,23.567578116831537,3.5060389747296865,33108,0.9948954935363055,0.14104272588473854,23.32536398719251,3.207834964359077,93,0.4838709677419355,14.261172188866347,109.79580826832394,109.66666666666667,217,0.0,27.631021115928544,197.16485316174007,203.19815668202764,32984,1.0,0.0,22.425490781009767,2.192275042444831,19062,0.9911341936837688,0.2449712815335182,28.111970690342805,5.571555975238695,0.7372177266410755,0.2244538739323616,"[""y@t"", ""avg_p_latency_1@t"", ""buffer_size_2@t"", ""data_quality_1@t+h""]",4,4,640.0,243,0.0005421523448088912,3.5060389747296767,5.571555975238695,"[""buffer_size_3@t"", ""data_quality_2@t+h""]"
"n_bins=4,on_change=chain",model,1,33200,33558,0.992341617498063,0.04393357953403295,21.80086289859017,4.439866562701669,33464,0.9933660052593832,0.0407706510351403,21.52620967301313,4.108339987665623,94,0.6276595744680851,1.1699361251398166,119.57741120401796,122.46332727553406,271,0.0996309963099631,4.328386811208559,183.78444081609757,175.33094555348745,33287,0.9996094571454321,0.009052490046130865,20.482103334326514,3.048588213601331,18060,0.9877076411960133,0.07123022711241274,27.349079669872697,7.008473581055257,0.7367089813298264,0.04399883560836315,"[""y@t"", ""buffer_size_3@t"", ""throughput_2@t"", ""data_quality_3@t+h""]",4,4,512.0,87,0.10882650932713511,3.7463794028249597,6.396179401993355,
"n_bins=4,on_change=chain",ar,1,33200,33558,0.9919244293462066,0.0526746286019616,22.270555910814235,4.169046822725068,33464,0.9933361224001912,0.044454332225013084,22.023663752698305,3.8767246200404304,94,0.48936170212765956,2.9791001387956357,110.16416420008737,108.23575097845574,271,0.0,5.74496921341074,208.58599731299276,198.79456615686541,33287,1.0,0.0063318571751830085,20.75370294659426,2.5845388845043793,18060,0.9876522702104098,0.07651968805728634,27.827240557040966,6.379882088765764,0.7368019159180099,0.04399883560836315,"[""y@t"", ""buffer_size_3@t"", ""throughput_2@t"", ""data_quality_3@t+h""]",4,4,512.0,87,0.10882650932713511,3.7463794028249597,6.396179401993355,
"n_bins=4,on_change=chain",persistence,1,33200,33558,0.9919244293462066,0.22313626325813923,22.130821104457056,3.7463794028249615,33464,0.9933361224001912,0.18412974267427878,21.882478617118903,3.451918479560126,94,0.48936170212765956,14.10945759111245,110.54074659683873,108.57446808510639,271,0.0,27.631021115928547,209.8430916727325,200.05166051660515,33287,1.0,0.0,20.602596111997457,2.1481959924294793,18060,0.9876522702104098,0.34118038254994826,28.169883718626792,6.396179401993355,0.7368019159180099,0.04399883560836315,"[""y@t"", ""buffer_size_3@t"", ""throughput_2@t"", ""data_quality_3@t+h""]",4,4,512.0,87,0.10882650932713511,3.7463794028249597,6.396179401993355,
"n_bins=4,on_change=chain",model,2,66758,33201,0.9843077015752537,0.0698235156816021,24.45161210394013,5.770061381477729,33108,0.9849583182312432,0.06691977313384878,24.252361544264023,5.507508264458632,93,0.7526881720430108,1.103555862681785,95.38481134863443,99.23897104027587,586,0.1945392491467577,3.394619822467435,148.11337865517714,128.7704082978739,32615,0.9984976237927334,0.010086258720801922,22.229757276436686,3.5600904082136426,19603,0.9752078763454574,0.10564730339201889,29.303638445338198,8.033667461160555,0.9173380936656526,0.08496277779340744,"[""y@t"", ""avg_p_latency_1@t"", ""throughput_2@t"", ""avg_p_latency_3@t""]",4,4,256.0,79,0.01716815758561489,5.354266437757899,8.484364638065601,
"n_bins=4,on_change=chain",ar,2,66758,33201,0.9823499292189994,0.10067208241363822,24.846848645033333,5.971252422296209,33108,0.9837803552011598,0.0922998741397733,24.57661316976036,5.643278781483066,93,0.4731182795698925,3.0811782279095494,121.05067784221113,122.72986855177528,586,0.0,5.17731645985435,188.28069831397607,163.2767252846194,32615,1.0,0.009459033044321725,21.910401123770093,3.1449146299515403,19603,0.9726062337397338,0.1503278414697177,30.394048055415954,8.75521998405594,0.9164713858406255,0.08496277779340744,"[""y@t"", ""avg_p_latency_1@t"", ""throughput_2@t"", ""avg_p_latency_3@t""]",4,4,256.0,79,0.01716815758561489,5.354266437757899,8.484364638065601,
"n_bins=4,on_change=chain",persistence,2,66758,33201,0.9823499292189994,0.48768947844746025,24.622558460104003,5.354266437757899,33108,0.9837803552011598,0.44816534792961304,24.350470575816253,5.023529056421409,93,0.4731182795698925,14.558279942801061,121.48584526654413,123.09677419354838,586,0.0,27.631021115928547,188.5171395229105,163.4232081911263,32615,1.0,0.0,21.677832888961753,2.5142112524911857,19603,0.9726062337397338,0.7569177339822287,30.590584981975574,8.484364638065601,0.9164713858406255,0.08496277779340744,"[""y@t"", ""avg_p_latency_1@t"", ""throughput_2@t"", ""avg_p_latency_3@t""]",4,4,256.0,79,0.01716815758561489,5.354266437757899,8.484364638065601,
"n_bins=4,on_change=chain",model,3,99959,33201,0.9879822896900696,0.04865508519355424,21.60961005396844,5.460179321928221,33108,0.9886734324030446,0.04638294916485399,21.448792676441197,5.236939739701255,93,0.7419354838709677,0.8575355114108432,78.86059645366753,84.93347059472838,544,0.39338235294117646,2.412079112304781,138.98732061897766,141.54050948769122,32657,0.9978871298649601,0.009285189895501528,19.654333251219718,3.1933544571159285,19017,0.9832781195772203,0.0720313709716317,25.600102445576493,8.06749903036558,0.7245428760457318,0.12913422286510468,"[""y@t"", ""throughput_2@t"", ""buffer_size_3@t""]",3,4,64.0,35,0.0,5.404445649227433,8.803070936530473,
"n_bins=4,on_change=chain",ar,3,99959,33201,0.9836149513568868,0.09299472055978802,22.35252180838477,6.115114401744279,33108,0.9853207683943458,0.08395774385401064,22.06139141906156,5.771117592537511,93,0.3763440860215054,3.310158427816538,125.99494040744693,128.5779784793542,544,0.0,5.095779221351879,191.0189872644761,183.78721940253575,32657,1.0,0.009658383222283129,19.542877407242177,3.1554541414499924,19017,0.9744439185991481,0.1381358364384934,26.598353760076098,8.964577058547317,0.7225110598016732,0.12913422286510468,"[""y@t"", ""throughput_2@t"", ""buffer_size_3@t""]",3,4,64.0,35,0.0,5.404445649227433,8.803070936530473,
"n_bins=4,on_change=chain",persistence,3,99959,33201,0.9836149513568868,0.4527356250433761,22.14346956907593,5.404445649227434,33108,0.9853207683943458,0.4056021584614375,21.850075806625153,5.056421408722969,93,0.3763440860215054,17.2322497282135,126.59164900155285,129.30107526881721,544,0.0,27.631021115928547,193.88215037796687,186.64889705882354,32657,1.0,0.0,19.28264823337343,2.385277275928592,19017,0.9744439185991481,0.7061406248273268,27.064325016259577,8.803070936530473,0.7225110598016732,0.12913422286510468,"[""y@t"", ""throughput_2@t"", ""buffer_size_3@t""]",3,4,64.0,35,0.0,5.404445649227433,8.803070936530473,
"n_bins=4,on_change=chain",model,4,133160,33558,0.9915668395017582,0.03942232923412028,22.11491352239825,4.940588304163182,33464,0.9919615108773607,0.03796410097311431,22.018731227307672,4.778171990310493,94,0.851063829787234,0.558551590152246,56.35581057464282,62.760796035720084,391,0.30434782608695654,2.3448080228820607,143.12330069321263,139.56554628185143,33167,0.9996683450417584,0.012244537868716576,20.688366672101616,3.3535180665994555,17285,0.9850159097483367,0.05693026173998427,27.11849587486681,6.971420992595429,0.9297848796317228,0.17628857493400574,"[""y@t"", ""data_quality_1@t+h"", ""throughput_2@t"", ""avg_p_latency_3@t""]",4,4,640.0,188,0.00762858334823291,4.437451576375231,8.05467168064796,
"n_bins=4,on_change=chain",ar,4,133160,33558,0.9883485309017224,0.06856363449133543,22.13967536399577,5.282727921984734,33464,0.989839827874731,0.06075329667320799,21.905922670563328,5.01006307806472,94,0.4574468085106383,2.849043897744704,105.35563422594613,102.35141235751014,391,0.0,4.890548718162273,206.57199027782949,204.01424626941784,33167,1.0,0.011718090193830799,19.96543484989112,2.9399165831887517,17285,0.9803297656927972,0.10544034783237344,27.7707380373711,8.204219951351625,0.9235700563717624,0.17628857493400574,"[""y@t"", ""data_quality_1@t+h"", ""throughput_2@t"", ""avg_p_latency_3@t""]",4,4,640.0,188,0.00762858334823291,4.437451576375231,8.05467168064796,
"n_bins=4,on_change=chain",persistence,4,133160,33558,0.9883485309017224,0.3219419886860976,21.826728064184337,4.437451576375241,33464,0.989839827874731,0.28073593053477486,21.590207497627194,4.160441071001684,94,0.4574468085106383,14.991298690556974,106.02804975852638,103.05319148936171,391,0.0,27.631021115928544,210.87813533229127,208.1687979539642,33167,1.0,0.0,19.59803387291501,2.035698133687109,17285,0.9803297656927972,0.5435086594975821,28.27514604939821,8.05467168064796,0.9235700563717624,0.17628857493400574,"[""y@t"", ""data_quality_1@t+h"", ""throughput_2@t"", ""avg_p_latency_3@t""]",4,4,640.0,188,0.00762858334823291,4.437451576375231,8.05467168064796,
"n_bins=4,on_change=chain",model,5,166718,33201,0.9947290744254691,0.029470148542502406,23.571187668230817,4.110600814548919,33108,0.9950767186178567,0.027940125229063053,23.4462371031159,3.9099785542799252,93,0.8709677419354839,0.5741584481269111,68.05358884914145,75.53212547031075,217,0.20276497695852536,3.5347902548524,160.82145541273255,168.56362254599526,32984,0.9999393645403832,0.006408832053621499,22.668225380438045,3.0286730399999304,19062,0.9915014164305949,0.04229248641501101,27.476034558312936,5.597632751212894,0.7378668179361237,0.2229178547859192,"[""y@t"", ""avg_p_latency_1@t"", ""buffer_size_2@t"", ""data_quality_1@t+h""]",4,4,640.0,243,0.0005421523448088912,3.5060389747296767,5.571555975238695,
"n_bins=4,on_change=chain",ar,5,166718,33201,0.9934640522875817,0.04290646400663747,23.94356608480294,4.401218176446973,33108,0.9948954935363055,0.035534025048641574,23.704447600840673,4.107285426689216,93,0.4838709677419355,2.6674947330531755,109.06974637536835,109.04127709020845,217,0.0,4.917491372482911,193.81692099739675,199.8502245176843,32984,1.0,0.010836826450872509,22.825978223535873,3.1153694505177794,19062,0.9911341936837688,0.05208942547235775,27.742801231665673,5.7578073336212094,0.7372177266410755,0.2229178547859192,"[""y@t"", ""avg_p_latency_1@t"", ""buffer_size_2@t"", ""data_quality_1@t+h""]",4,4,640.0,243,0.0005421523448088912,3.5060389747296767,5.571555975238695,
"n_bins=4,on_change=chain",persistence,5,166718,33201,0.9934640522875817,0.18059490925443497,23.567578116831537,3.5060389747296865,33108,0.9948954935363055,0.14104272588473854,23.32536398719251,3.207834964359077,93,0.4838709677419355,14.261172188866347,109.79580826832394,109.66666666666667,217,0.0,27.631021115928544,197.16485316174007,203.19815668202764,32984,1.0,0.0,22.425490781009767,2.192275042444831,19062,0.9911341936837688,0.2449712815335182,28.111970690342805,5.571555975238695,0.7372177266410755,0.2229178547859192,"[""y@t"", ""avg_p_latency_1@t"", ""buffer_size_2@t"", ""data_quality_1@t+h""]",4,4,640.0,243,0.0005421523448088912,3.5060389747296767,5.571555975238695,
n_bins=10,model,1,33200,33558,0.9181119256213124,0.2635687005468477,8.938808144272011,6.061700521316401,33464,0.920123117379871,0.2500688877277835,8.664887115508186,5.776909533335772,94,0.20212765957446807,5.069502064133712,106.45469438419408,107.44729224242066,2348,0.2223168654173765,2.6432931472916548,38.48231583826445,37.449440452044556,31210,0.9704581864786928,0.0845365633806572,6.716182188953389,3.7003287379985643,18060,0.8668881506090809,0.4208290909056631,12.848651413255682,9.349138269359258,0.6057309473211734,0.05005024001002312,"[""y@t"", ""throughput_2@t"", ""data_quality_2@t+h"", ""data_quality_2@t""]",4,10,10000.0,176,0.1337386018237082,3.7463794028249597,6.396179401993355,
n_bins=10,ar,1,33200,33558,0.9289290184158769,0.3383453268236476,8.879075329205357,4.76856135825855,33464,0.9309705952665551,0.32536622633160317,8.602098524553767,4.47744038986637,94,0.20212765957446807,4.958905101991448,107.48281778517149,108.40762610587466,2348,0.0,4.210549826808439,45.87300452162417,32.92803945592178,31210,0.9988144825376482,0.047030486517198045,6.095937048404353,2.650059129059151,18060,0.872203765227021,0.5761077447079487,13.356204471383426,7.185489925852987,0.6055644571398181,0.05005024001002312,"[""y@t"", ""throughput_2@t"", ""data_quality_2@t+h"", ""data_quality_2@t""]",4,10,10000.0,176,0.1337386018237082,3.7463794028249597,6.396179401993355,
n_bins=10,persistence,1,33200,33558,0.9300315871029263,1.9332986942070514,8.569683443913265,3.7463794028249704,33464,0.9320762610566579,1.8768022650163039,8.29131210945925,3.451918479560135,94,0.20212765957446807,22.0460274861132,107.6698785095416,108.57446808510639,2348,0.0,27.631021115928547,45.95095131151666,32.47913117546848,31210,1.0,0.0,5.757404784729259,1.584748478051918,18060,0.8741417497231451,3.4775919710135987,12.624762408023917,6.396179401993355,0.6592018661689303,0.05005024001002312,"[""y@t"", ""throughput_2@t"", ""data_quality_2@t+h"", ""data_quality_2@t""]",4,10,10000.0,176,0.1337386018237082,3.7463794028249597,6.396179401993355,
n_bins=10,model,2,66758,33201,0.9124122767386524,0.28026273457955186,11.665707360458496,8.719362814316062,33108,0.9143107406065,0.26799459039523343,11.385575109871105,8.432750644443649,93,0.23655913978494625,4.6477220641969055,111.39278856957027,110.75329528889529,3042,0.37639710716633795,2.1266086485505276,45.18362973465298,45.63921709039011,30159,0.9664776683577042,0.09403029085463699,8.28490826691098,4.995426453434824,19603,0.8743049533234709,0.40832739106501986,15.219304268986884,11.93337988761059,0.6987768072771401,0.10031732730567455,"[""y@t"", ""data_quality_1@t+h"", ""throughput_2@t"", ""rps@t""]",4,10,10000.0,198,0.046293786331736995,5.354266437757899,8.484364638065601,
n_bins=10,ar,2,66758,33201,0.9083762537272974,0.39559850294903154,11.445461756671923,6.649099068130766,33108,0.9103841971728888,0.38262012169576987,11.131612378766942,6.323411799092332,93,0.1935483870967742,5.015902229110198,123.17584029084512,122.59376684581375,3042,0.0,3.5897656884110374,54.395201882583464,41.11883920497996,30159,1.0,0.07341750960789226,7.1133184673379635,3.172294482557795,19603,0.8486456154670203,0.6175981930691613,16.106868899215232,9.61771382919496,0.6947823356586686,0.10031732730567455,"[""y@t"", ""data_quality_1@t+h"", ""throughput_2@t"", ""rps@t""]",4,10,10000.0,198,0.046293786331736995,5.354266437757899,8.484364638065601,
n_bins=10,persistence,2,66758,33201,0.9083762537272974,2.5316576679815257,10.826914986470367,5.354266437757906,33108,0.9103841971728888,2.4761761402368005,10.509644144906765,5.023529056421417,93,0.1935483870967742,22.283081545103663,123.77533458311196,123.09677419354838,3042,0.0,27.631021115928547,54.45560803317031,40.373438527284684,30159,1.0,0.0,6.42628883016342,1.8220431711926885,19603,0.8486456154670203,4.182076195019129,15.119465431872763,8.484364638065601,0.6949938311513993,0.10031732730567455,"[""y@t"", ""data_quality_1@t+h"", ""throughput_2@t"", ""rps@t""]",4,10,10000.0,198,0.046293786331736995,5.354266437757899,8.484364638065601,
n_bins=10,model,3,99959,33201,0.9458751242432457,0.2009048226897951,9.516768687495142,6.094737804770294,33108,0.9479884015947807,0.1882384704957589,9.209419977753992,5.775096089818849,93,0.1935483870967742,4.710126203766684,118.93290935534488,119.88718832748467,2098,0.2530981887511916,2.573504441811351,51.59549638723256,48.31435210471268,31103,0.9926052149310356,0.04086514803085467,6.678419630682323,3.2468854818021198,19017,0.9163905978861019,0.30332697908578404,12.7850100743603,8.688983540876741,0.6486865121202021,0.15285067074000835,"[""y@t"", ""data_quality_1@t+h"", ""buffer_size_3@t"", ""throughput_2@t""]",4,10,10000.0,506,0.06044998644619138,5.404445649227433,8.803070936530473,
n_bins=10,ar,3,99959,33201,0.9368091322550526,0.28746655747758393,10.094657344776621,6.673532732976934,33108,0.9389271475172164,0.2739321790235689,9.766035538688124,6.332281510865188,93,0.1827956989247312,5.105705287106943,127.0840203122816,128.15896780475828,2098,0.0,3.5040828162196562,66.29615171715788,57.47714497695642,31103,1.0,0.07049517494725352,6.303681066177905,3.246661418702782,19017,0.8936740810853447,0.44181192878390535,14.286484386565602,9.640685657045912,0.6443816100705596,0.15285067074000835,"[""y@t"", ""data_quality_1@t+h"", ""buffer_size_3@t"", ""throughput_2@t""]",4,10,10000.0,506,0.06044998644619138,5.404445649227433,8.803070936530473,
n_bins=10,persistence,3,99959,33201,0.9368091322550526,1.746028200994491,10.329685285402727,5.404445649227434,33108,0.9389271475172164,1.6875052765617835,9.998222663404741,5.056421408722969,93,0.1827956989247312,22.580189299038377,128.33037871668625,129.30107526881721,2098,0.0,27.631021115928547,69.08465397781433,58.85891325071497,31103,1.0,0.0,6.366468736623524,1.798765392405879,19017,0.8936740810853447,2.9378937107013474,14.604743028490924,8.803070936530473,0.645039180348383,0.15285067074000835,"[""y@t"", ""data_quality_1@t+h"", ""buffer_size_3@t"", ""throughput_2@t""]",4,10,10000.0,506,0.06044998644619138,5.404445649227433,8.803070936530473,
n_bins=10,model,4,133160,33558,0.9374217772215269,0.22820542073414868,9.430950054061112,5.353783240052442,33464,0.9393975615586899,0.21382873575155326,9.176113921667051,5.085318562705723,94,0.23404255319148937,5.3463052745381265,100.1526131863464,100.92720837548404,2988,0.4042838018741633,2.1127670118876156,32.78925370323285,32.8160959812183,30570,0.9895322211318286,0.04400293351247517,7.147842062444325,2.6695375589728343,17285,0.8923343939832225,0.38207427292932283,14.267790987528032,8.341184947435147,0.6663475701754388,0.317345155403018,"[""y@t"", ""throughput_2@t"", ""data_quality_3@t+h"", ""buffer_size_3@t""]",4,10,9000.0,509,0.04687406877644675,4.437451576375231,8.05467168064796,
n_bins=10,ar,4,133160,33558,0.9111687228082722,0.3501420834990305,10.925668138459564,5.411418644995273,33464,0.9130707626105666,0.338485096972274,10.668223741705107,5.138469296708186,94,0.23404255319148937,4.500029287024323,102.5758733830454,102.58138663519829,2988,0.002677376171352075,3.329021143600217,45.614471601419716,34.29413953949582,30570,0.999967288191037,0.05897784955783504,7.535084404494075,2.5883381728733346,17285,0.8317037894127857,0.6170596608840593,17.254750106291134,8.416390705473978,0.6484889243434157,0.317345155403018,"[""y@t"", ""throughput_2@t"", ""data_quality_3@t+h"", ""buffer_size_3@t""]",4,10,9000.0,509,0.04687406877644675,4.437451576375231,8.05467168064796,
n_bins=10,persistence,4,133160,33558,0.910960128732344,2.4602625631561623,11.008700932844874,4.437451576375232,33464,0.9128615825962229,2.4077234512923633,10.749152816941555,4.1604410710016735,94,0.23404255319148937,21.16418638666867,103.40783019442662,103.05319148936171,2988,0.0,27.631021115928547,48.53227397991042,35.48025435073628,30570,1.0,0.0,7.341038640904022,1.4032384690873414,17285,0.8312988140005786,4.661386032632204,17.537111046360216,8.05467168064796,0.6547726014365411,0.317345155403018,"[""y@t"", ""throughput_2@t"", ""data_quality_3@t+h"", ""buffer_size_3@t""]",4,10,9000.0,509,0.04687406877644675,4.437451576375231,8.05467168064796,
n_bins=10,model,5,166718,33201,0.9528026264269148,0.17630113307958153,8.656272205522797,4.918066919177548,33108,0.9548145463332125,0.1633037323198752,8.386808642454003,4.640899567623378,93,0.23655913978494625,4.803375803535025,104.58530065801254,103.5896440724623,2036,0.3231827111984283,2.1625976123836126,32.895987558053356,34.88351508458243,31165,0.9939355045724371,0.04653698638094498,7.072698951624121,2.9604332767978163,19062,0.9275521980904418,0.25708312684905205,11.25778961781046,6.860838955128873,0.5888506930020868,0.4044644273817539,"[""y@t"", ""data_quality_2@t+h"", ""throughput_2@t"", ""buffer_size_2@t""]",4,10,8000.0,675,0.03888437095268215,3.5060389747296767,5.571555975238695,
n_bins=10,ar,5,166718,33201,0.9386765458871721,0.27646738645293656,9.669056891174126,4.9903553181571905,33108,0.9406487857919537,0.2651513067317936,9.389955109646102,4.700869613073775,93,0.23655913978494625,4.304991767179818,109.0292911151499,108.04726632785292,2036,0.0,3.388283621240878,42.22385256500194,31.572328880073382,31165,1.0,0.07317337541400665,7.542261961223429,3.2537630456700612,19062,0.8969153289266604,0.4229585892602527,13.089395216560687,6.560317207168805,0.570226623541547,0.4044644273817539,"[""y@t"", ""data_quality_2@t+h"", ""throughput_2@t"", ""buffer_size_2@t""]",4,10,8000.0,675,0.03888437095268215,3.5060389747296767,5.571555975238695,
n_bins=10,persistence,5,166718,33201,0.9386765458871721,1.6944296554932237,9.29596824395137,3.506038974729678,33108,0.9406487857919537,1.6399346530385284,9.010519459684252,3.2078349643590687,93,0.23655913978494625,21.094650529364802,110.91573544304505,109.66666666666667,2036,0.0,27.631021115928544,44.949515558099904,32.71365422396857,31165,1.0,0.0,6.966732808956779,1.597914326969358,19062,0.8969153289266604,2.848334723155996,12.698775005417765,5.571555975238695,0.6335851372683855,0.4044644273817539,"[""y@t"", ""data_quality_2@t+h"", ""throughput_2@t"", ""buffer_size_2@t""]",4,10,8000.0,675,0.03888437095268215,3.5060389747296767,5.571555975238695,
"n_bins=10,on_change=static",model,1,33200,33558,0.9182013230824244,0.2618897618362814,8.946483183815738,6.069767758354862,33464,0.920123117379871,0.2500688877277835,8.664887115508186,5.776909533335772,94,0.23404255319148937,4.4701209444615335,109.19468350130452,110.32729586515123,2348,0.22487223168654175,2.616188829718877,38.51339814827112,37.49348185824129,31210,0.9703620634412048,0.08477043433265007,6.722096245765715,3.705689555646329,18060,0.8668881506090809,0.4208290909056631,12.848651413255682,9.349138269359258,0.6057204588923089,0.05005398392677307,"[""y@t"", ""throughput_2@t"", ""data_quality_2@t+h"", ""data_quality_2@t""]",4,10,10000.0,176,0.1337386018237082,3.7463794028249597,6.396179401993355,"[""buffer_size_3@t"", ""rps@t+h""]"
"n_bins=10,on_change=static",ar,1,33200,33558,0.9289290184158769,0.3383453268236476,8.879075329205357,4.76856135825855,33464,0.9309705952665551,0.32536622633160317,8.602098524553767,4.47744038986637,94,0.20212765957446807,4.958905101991448,107.48281778517149,108.40762610587466,2348,0.0,4.210549826808439,45.87300452162417,32.92803945592178,31210,0.9988144825376482,0.047030486517198045,6.095937048404353,2.650059129059151,18060,0.872203765227021,0.5761077447079487,13.356204471383426,7.185489925852987,0.6055644571398181,0.05005398392677307,"[""y@t"", ""throughput_2@t"", ""data_quality_2@t+h"", ""data_quality_2@t""]",4,10,10000.0,176,0.1337386018237082,3.7463794028249597,6.396179401993355,"[""buffer_size_3@t"", ""rps@t+h""]"
"n_bins=10,on_change=static",persistence,1,33200,33558,0.9300315871029263,1.9332986942070514,8.569683443913265,3.7463794028249704,33464,0.9320762610566579,1.8768022650163039,8.29131210945925,3.451918479560135,94,0.20212765957446807,22.0460274861132,107.6698785095416,108.57446808510639,2348,0.0,27.631021115928547,45.95095131151666,32.47913117546848,31210,1.0,0.0,5.757404784729259,1.584748478051918,18060,0.8741417497231451,3.4775919710135987,12.624762408023917,6.396179401993355,0.6592018661689303,0.05005398392677307,"[""y@t"", ""throughput_2@t"", ""data_quality_2@t+h"", ""data_quality_2@t""]",4,10,10000.0,176,0.1337386018237082,3.7463794028249597,6.396179401993355,"[""buffer_size_3@t"", ""rps@t+h""]"
"n_bins=10,on_change=static",model,2,66758,33201,0.912291798439806,0.27882603393601363,11.693428163977513,8.746616758327395,33108,0.9143107406065,0.26799459039523343,11.385575109871105,8.432750644443649,93,0.1935483870967742,4.134819934453748,121.28911542585843,120.48295330094109,3042,0.37639710716633795,2.1078694758591126,45.42195111794065,45.86467465923326,30159,0.9663450379654498,0.09433881120548318,8.291386755908416,5.002688506908063,19603,0.8743049533234709,0.40832739106501986,15.219304268986884,11.93337988761059,0.6987814116046008,0.10037446208298206,"[""y@t"", ""data_quality_1@t+h"", ""throughput_2@t"", ""rps@t""]",4,10,10000.0,198,0.046293786331736995,5.354266437757899,8.484364638065601,"[""buffer_size_3@t""]"
"n_bins=10,on_change=static",ar,2,66758,33201,0.9083762537272974,0.39559850294903154,11.445461756671923,6.649099068130766,33108,0.9103841971728888,0.38262012169576987,11.131612378766942,6.323411799092332,93,0.1935483870967742,5.015902229110198,123.17584029084512,122.59376684581375,3042,0.0,3.5897656884110374,54.395201882583464,41.11883920497996,30159,1.0,0.07341750960789226,7.1133184673379635,3.172294482557795,19603,0.8486456154670203,0.6175981930691613,16.106868899215232,9.61771382919496,0.6947823356586686,0.10037446208298206,"[""y@t"", ""data_quality_1@t+h"", ""throughput_2@t"", ""rps@t""]",4,10,10000.0,198,0.046293786331736995,5.354266437757899,8.484364638065601,"[""buffer_size_3@t""]"
"n_bins=10,on_change=static",persistence,2,66758,33201,0.9083762537272974,2.5316576679815257,10.826914986470367,5.354266437757906,33108,0.9103841971728888,2.4761761402368005,10.509644144906765,5.023529056421417,93,0.1935483870967742,22.283081545103663,123.77533458311196,123.09677419354838,3042,0.0,27.631021115928547,54.45560803317031,40.373438527284684,30159,1.0,0.0,6.42628883016342,1.8220431711926885,19603,0.8486456154670203,4.182076195019129,15.119465431872763,8.484364638065601,0.6949938311513993,0.10037446208298206,"[""y@t"", ""data_quality_1@t+h"", ""throughput_2@t"", ""rps@t""]",4,10,10000.0,198,0.046293786331736995,5.354266437757899,8.484364638065601,"[""buffer_size_3@t""]"
"n_bins=10,on_change=static",model,3,99959,33201,0.9461462004156501,0.19872215577444372,9.445930712092352,6.026801487763417,33108,0.9479884015947807,0.1882384704957589,9.209419977753992,5.775096089818849,93,0.2903225806451613,3.93091411498625,93.6437521365489,95.63392315602962,2098,0.25929456625357483,2.5353831872683408,50.35985780167315,47.09437624137657,31103,0.9924766099733144,0.04110665745999829,6.686151300654855,3.2566580342997518,19017,0.9163905978861019,0.30332697908578404,12.7850100743603,8.688983540876741,0.6490204221486212,0.15287897177040577,"[""y@t"", ""data_quality_1@t+h"", ""buffer_size_3@t"", ""throughput_2@t""]",4,10,10000.0,506,0.06044998644619138,5.404445649227433,8.803070936530473,"[""buffer_size_3@t"", ""data_quality_3@t+h""]"
"n_bins=10,on_change=static",ar,3,99959,33201,0.9368091322550526,0.28746655747758393,10.094657344776621,6.673532732976934,33108,0.9389271475172164,0.2739321790235689,9.766035538688124,6.332281510865188,93,0.1827956989247312,5.105705287106943,127.0840203122816,128.15896780475828,2098,0.0,3.5040828162196562,66.29615171715788,57.47714497695642,31103,1.0,0.07049517494725352,6.303681066177905,3.246661418702782,19017,0.8936740810853447,0.44181192878390535,14.286484386565602,9.640685657045912,0.6443816100705596,0.15287897177040577,"[""y@t"", ""data_quality_1@t+h"", ""buffer_size_3@t"", ""throughput_2@t""]",4,10,10000.0,506,0.06044998644619138,5.404445649227433,8.803070936530473,"[""buffer_size_3@t"", ""data_quality_3@t+h""]"
"n_bins=10,on_change=static",persistence,3,99959,33201,0.9368091322550526,1.746028200994491,10.329685285402727,5.404445649227434,33108,0.9389271475172164,1.6875052765617835,9.998222663404741,5.056421408722969,93,0.1827956989247312,22.580189299038377,128.33037871668625,129.30107526881721,2098,0.0,27.631021115928547,69.08465397781433,58.85891325071497,31103,1.0,0.0,6.366468736623524,1.798765392405879,19017,0.8936740810853447,2.9378937107013474,14.604743028490924,8.803070936530473,0.645039180348383,0.15287897177040577,"[""y@t"", ""data_quality_1@t+h"", ""buffer_size_3@t"", ""throughput_2@t""]",4,10,10000.0,506,0.06044998644619138,5.404445649227433,8.803070936530473,"[""buffer_size_3@t"", ""data_quality_3@t+h""]"
"n_bins=10,on_change=static",model,4,133160,33558,0.9374217772215269,0.22543073497305754,9.423634915465172,5.346172731149437,33464,0.9393975615586899,0.21382873575155326,9.176113921667051,5.085318562705723,94,0.23404255319148937,4.355742457828597,97.54110870759574,98.21025669711139,2988,0.4046184738955823,2.0798551669729863,32.64749218324028,32.67295322383565,30570,0.9894995093228656,0.044173940638226425,7.153668101068312,2.675174363071373,17285,0.8923343939832225,0.38207427292932283,14.267790987528032,8.341184947435147,0.666371626547756,0.3242291025817394,"[""y@t"", ""throughput_2@t"", ""data_quality_3@t+h"", ""buffer_size_3@t""]",4,10,9000.0,509,0.04687406877644675,4.437451576375231,8.05467168064796,"[""buffer_size_3@t"", ""buffer_size_2@t""]"
"n_bins=10,on_change=static",ar,4,133160,33558,0.9111687228082722,0.3501420834990305,10.925668138459564,5.411418644995273,33464,0.9130707626105666,0.338485096972274,10.668223741705107,5.138469296708186,94,0.23404255319148937,4.500029287024323,102.5758733830454,102.58138663519829,2988,0.002677376171352075,3.329021143600217,45.614471601419716,34.29413953949582,30570,0.999967288191037,0.05897784955783504,7.535084404494075,2.5883381728733346,17285,0.8317037894127857,0.6170596608840593,17.254750106291134,8.416390705473978,0.6484889243434157,0.3242291025817394,"[""y@t"", ""throughput_2@t"", ""data_quality_3@t+h"", ""buffer_size_3@t""]",4,10,9000.0,509,0.04687406877644675,4.437451576375231,8.05467168064796,"[""buffer_size_3@t"", ""buffer_size_2@t""]"
"n_bins=10,on_change=static",persistence,4,133160,33558,0.910960128732344,2.4602625631561623,11.008700932844874,4.437451576375232,33464,0.9128615825962229,2.4077234512923633,10.749152816941555,4.1604410710016735,94,0.23404255319148937,21.16418638666867,103.40783019442662,103.05319148936171,2988,0.0,27.631021115928547,48.53227397991042,35.48025435073628,30570,1.0,0.0,7.341038640904022,1.4032384690873414,17285,0.8312988140005786,4.661386032632204,17.537111046360216,8.05467168064796,0.6547726014365411,0.3242291025817394,"[""y@t"", ""throughput_2@t"", ""data_quality_3@t+h"", ""buffer_size_3@t""]",4,10,9000.0,509,0.04687406877644675,4.437451576375231,8.05467168064796,"[""buffer_size_3@t"", ""buffer_size_2@t""]"
"n_bins=10,on_change=static",model,5,166718,33201,0.9527725068522033,0.17321417968653757,8.646829919632147,4.911492072703904,33108,0.9548145463332125,0.1633037323198752,8.386808642454003,4.640899567623378,93,0.22580645161290322,3.701333442218347,101.2144045950507,101.24242388137127,2036,0.325147347740668,2.1073453028700886,32.680502621537876,34.6779660895362,31165,0.9937750681854645,0.046857979885423846,7.076717369621557,2.9668573511165284,19062,0.9275521980904418,0.25708312684905205,11.25778961781046,6.860838955128873,0.5890518320137412,0.4107937477529049,"[""y@t"", ""data_quality_2@t+h"", ""throughput_2@t"", ""buffer_size_2@t""]",4,10,8000.0,675,0.03888437095268215,3.5060389747296767,5.571555975238695,"[""buffer_size_3@t"", ""buffer_size_2@t""]"
"n_bins=10,on_change=static",ar,5,166718,33201,0.9386765458871721,0.27646738645293656,9.669056891174126,4.9903553181571905,33108,0.9406487857919537,0.2651513067317936,9.389955109646102,4.700869613073775,93,0.23655913978494625,4.304991767179818,109.0292911151499,108.04726632785292,2036,0.0,3.388283621240878,42.22385256500194,31.572328880073382,31165,1.0,0.07317337541400665,7.542261961223429,3.2537630456700612,19062,0.8969153289266604,0.4229585892602527,13.089395216560687,6.560317207168805,0.570226623541547,0.4107937477529049,"[""y@t"", ""data_quality_2@t+h"", ""throughput_2@t"", ""buffer_size_2@t""]",4,10,8000.0,675,0.03888437095268215,3.5060389747296767,5.571555975238695,"[""buffer_size_3@t"", ""buffer_size_2@t""]"
"n_bins=10,on_change=static",persistence,5,166718,33201,0.9386765458871721,1.6944296554932237,9.29596824395137,3.506038974729678,33108,0.9406487857919537,1.6399346530385284,9.010519459684252,3.2078349643590687,93,0.23655913978494625,21.094650529364802,110.91573544304505,109.66666666666667,2036,0.0,27.631021115928544,44.949515558099904,32.71365422396857,31165,1.0,0.0,6.966732808956779,1.597914326969358,19062,0.8969153289266604,2.848334723155996,12.698775005417765,5.571555975238695,0.6335851372683855,0.4107937477529049,"[""y@t"", ""data_quality_2@t+h"", ""throughput_2@t"", ""buffer_size_2@t""]",4,10,8000.0,675,0.03888437095268215,3.5060389747296767,5.571555975238695,"[""buffer_size_3@t"", ""buffer_size_2@t""]"
"n_bins=10,on_change=chain",model,1,33200,33558,0.9184993146194648,0.2556841869447196,8.986133639015131,6.106915344951975,33464,0.920123117379871,0.2500688877277835,8.664887115508186,5.776909533335772,94,0.3404255319148936,2.254730708173979,123.34989600748743,123.58898428032082,2348,0.23253833049403747,2.512318972321284,38.31224728511745,37.2660364120275,31210,0.9701057353412368,0.08591236778213798,6.779862737347451,3.7627430839621216,18060,0.8668881506090809,0.4208290909056631,12.848651413255682,9.349138269359258,0.6057343127973488,0.05011323280632496,"[""y@t"", ""throughput_2@t"", ""data_quality_2@t+h"", ""data_quality_2@t""]",4,10,10000.0,176,0.1337386018237082,3.7463794028249597,6.396179401993355,
"n_bins=10,on_change=chain",ar,1,33200,33558,0.9289290184158769,0.3383453268236476,8.879075329205357,4.76856135825855,33464,0.9309705952665551,0.32536622633160317,8.602098524553767,4.47744038986637,94,0.20212765957446807,4.958905101991448,107.48281778517149,108.40762610587466,2348,0.0,4.210549826808439,45.87300452162417,32.92803945592178,31210,0.9988144825376482,0.047030486517198045,6.095937048404353,2.650059129059151,18060,0.872203765227021,0.5761077447079487,13.356204471383426,7.185489925852987,0.6055644571398181,0.05011323280632496,"[""y@t"", ""throughput_2@t"", ""data_quality_2@t+h"", ""data_quality_2@t""]",4,10,10000.0,176,0.1337386018237082,3.7463794028249597,6.396179401993355,
"n_bins=10,on_change=chain",persistence,1,33200,33558,0.9300315871029263,1.9332986942070514,8.569683443913265,3.7463794028249704,33464,0.9320762610566579,1.8768022650163039,8.29131210945925,3.451918479560135,94,0.20212765957446807,22.0460274861132,107.6698785095416,108.57446808510639,2348,0.0,27.631021115928547,45.95095131151666,32.47913117546848,31210,1.0,0.0,5.757404784729259,1.584748478051918,18060,0.8741417497231451,3.4775919710135987,12.624762408023917,6.396179401993355,0.6592018661689303,0.05011323280632496,"[""y@t"", ""throughput_2@t"", ""data_quality_2@t+h"", ""data_quality_2@t""]",4,10,10000.0,176,0.1337386018237082,3.7463794028249597,6.396179401993355,
"n_bins=10,on_change=chain",model,2,66758,33201,0.9132255052558658,0.2716309647239919,11.631170539359905,8.688091623934932,33108,0.9143107406065,0.26799459039523343,11.385575109871105,8.432750644443649,93,0.5268817204301075,1.5661802257619961,99.06314343737263,99.58948032283229,3042,0.3869165023011177,2.0280119803895826,44.543318906358316,45.036388017594746,30159,0.9663118803673861,0.09447286764999321,8.311473091420346,5.021805685093686,19603,0.8743049533234709,0.40832739106501986,15.219304268986884,11.93337988761059,0.6987859828272646,0.0983797125518322,"[""y@t"", ""data_quality_1@t+h"", ""throughput_2@t"", ""rps@t""]",4,10,10000.0,198,0.046293786331736995,5.354266437757899,8.484364638065601,
"n_bins=10,on_change=chain",ar,2,66758,33201,0.9083762537272974,0.39559850294903154,11.445461756671923,6.649099068130766,33108,0.9103841971728888,0.38262012169576987,11.131612378766942,6.323411799092332,93,0.1935483870967742,5.015902229110198,123.17584029084512,122.59376684581375,3042,0.0,3.5897656884110374,54.395201882583464,41.11883920497996,30159,1.0,0.07341750960789226,7.1133184673379635,3.172294482557795,19603,0.8486456154670203,0.6175981930691613,16.106868899215232,9.61771382919496,0.6947823356586686,0.0983797125518322,"[""y@t"", ""data_quality_1@t+h"", ""throughput_2@t"", ""rps@t""]",4,10,10000.0,198,0.046293786331736995,5.354266437757899,8.484364638065601,
"n_bins=10,on_change=chain",persistence,2,66758,33201,0.9083762537272974,2.5316576679815257,10.826914986470367,5.354266437757906,33108,0.9103841971728888,2.4761761402368005,10.509644144906765,5.023529056421417,93,0.1935483870967742,22.283081545103663,123.77533458311196,123.09677419354838,3042,0.0,27.631021115928547,54.45560803317031,40.373438527284684,30159,1.0,0.0,6.42628883016342,1.8220431711926885,19603,0.8486456154670203,4.182076195019129,15.119465431872763,8.484364638065601,0.6949938311513993,0.0983797125518322,"[""y@t"", ""data_quality_1@t+h"", ""throughput_2@t"", ""rps@t""]",4,10,10000.0,198,0.046293786331736995,5.354266437757899,8.484364638065601,
"n_bins=10,on_change=chain",model,3,99959,33201,0.9469594289328634,0.19231093185312398,9.457294445323438,6.032471173734981,33108,0.9479884015947807,0.1882384704957589,9.209419977753992,5.775096089818849,93,0.5806451612903226,1.6421071750750937,97.70060490004617,97.65800104787782,2098,0.2726406101048618,2.4264880456411047,49.86592275757262,46.56597611879459,31103,0.9924444587338842,0.04160831201815034,6.731599104067006,3.2983524914620475,19017,0.9163905978861019,0.30332697908578404,12.7850100743603,8.688983540876741,0.648909229762635,0.1525303963571787,"[""y@t"", ""data_quality_1@t+h"", ""buffer_size_3@t"", ""throughput_2@t""]",4,10,10000.0,506,0.06044998644619138,5.404445649227433,8.803070936530473,
"n_bins=10,on_change=chain",ar,3,99959,33201,0.9368091322550526,0.28746655747758393,10.094657344776621,6.673532732976934,33108,0.9389271475172164,0.2739321790235689,9.766035538688124,6.332281510865188,93,0.1827956989247312,5.105705287106943,127.0840203122816,128.15896780475828,2098,0.0,3.5040828162196562,66.29615171715788,57.47714497695642,31103,1.0,0.07049517494725352,6.303681066177905,3.246661418702782,19017,0.8936740810853447,0.44181192878390535,14.286484386565602,9.640685657045912,0.6443816100705596,0.1525303963571787,"[""y@t"", ""data_quality_1@t+h"", ""buffer_size_3@t"", ""throughput_2@t""]",4,10,10000.0,506,0.06044998644619138,5.404445649227433,8.803070936530473,
"n_bins=10,on_change=chain",persistence,3,99959,33201,0.9368091322550526,1.746028200994491,10.329685285402727,5.404445649227434,33108,0.9389271475172164,1.6875052765617835,9.998222663404741,5.056421408722969,93,0.1827956989247312,22.580189299038377,128.33037871668625,129.30107526881721,2098,0.0,27.631021115928547,69.08465397781433,58.85891325071497,31103,1.0,0.0,6.366468736623524,1.798765392405879,19017,0.8936740810853447,2.9378937107013474,14.604743028490924,8.803070936530473,0.645039180348383,0.1525303963571787,"[""y@t"", ""data_quality_1@t+h"", ""buffer_size_3@t"", ""throughput_2@t""]",4,10,10000.0,506,0.06044998644619138,5.404445649227433,8.803070936530473,
"n_bins=10,on_change=chain",model,4,133160,33558,0.9387031408308004,0.21719921437472994,9.332124981126926,5.261667998620515,33464,0.9393975615586899,0.21382873575155326,9.176113921667051,5.085318562705723,94,0.6914893617021277,1.4170896042256407,64.87206214884205,68.04206718428627,2988,0.4190093708165997,1.9866078472410327,31.472598964033153,31.582562198216685,30570,0.9894995093228656,0.04425210953323463,7.168051174750616,2.6889878589936465,17285,0.8923343939832225,0.38207427292932283,14.267790987528032,8.341184947435147,0.6669309079207487,0.33394339866936207,"[""y@t"", ""throughput_2@t"", ""data_quality_3@t+h"", ""buffer_size_3@t""]",4,10,9000.0,509,0.04687406877644675,4.437451576375231,8.05467168064796,
"n_bins=10,on_change=chain",ar,4,133160,33558,0.9111687228082722,0.3501420834990305,10.925668138459564,5.411418644995273,33464,0.9130707626105666,0.338485096972274,10.668223741705107,5.138469296708186,94,0.23404255319148937,4.500029287024323,102.5758733830454,102.58138663519829,2988,0.002677376171352075,3.329021143600217,45.614471601419716,34.29413953949582,30570,0.999967288191037,0.05897784955783504,7.535084404494075,2.5883381728733346,17285,0.8317037894127857,0.6170596608840593,17.254750106291134,8.416390705473978,0.6484889243434157,0.33394339866936207,"[""y@t"", ""throughput_2@t"", ""data_quality_3@t+h"", ""buffer_size_3@t""]",4,10,9000.0,509,0.04687406877644675,4.437451576375231,8.05467168064796,
"n_bins=10,on_change=chain",persistence,4,133160,33558,0.910960128732344,2.4602625631561623,11.008700932844874,4.437451576375232,33464,0.9128615825962229,2.4077234512923633,10.749152816941555,4.1604410710016735,94,0.23404255319148937,21.16418638666867,103.40783019442662,103.05319148936171,2988,0.0,27.631021115928547,48.53227397991042,35.48025435073628,30570,1.0,0.0,7.341038640904022,1.4032384690873414,17285,0.8312988140005786,4.661386032632204,17.537111046360216,8.05467168064796,0.6547726014365411,0.33394339866936207,"[""y@t"", ""throughput_2@t"", ""data_quality_3@t+h"", ""buffer_size_3@t""]",4,10,9000.0,509,0.04687406877644675,4.437451576375231,8.05467168064796,
"n_bins=10,on_change=chain",model,5,166718,33201,0.9541580072889371,0.16623210571392755,8.57818006793914,4.844680559839525,33108,0.9548145463332125,0.1633037323198752,8.386808642454003,4.640899567623378,93,0.7204301075268817,1.208733033996563,76.70640754064753,77.39071378878786,2036,0.34528487229862476,1.995963300251265,31.374830544101837,33.43329333608368,31165,0.9939355045724371,0.04669632159462643,7.088881804840561,2.9769951559430665,19062,0.9275521980904418,0.25708312684905205,11.25778961781046,6.860838955128873,0.5931736490732541,0.4509028121829033,"[""y@t"", ""data_quality_2@t+h"", ""throughput_2@t"", ""buffer_size_2@t""]",4,10,8000.0,675,0.03888437095268215,3.5060389747296767,5.571555975238695,
"n_bins=10,on_change=chain",ar,5,166718,33201,0.9386765458871721,0.27646738645293656,9.669056891174126,4.9903553181571905,33108,0.9406487857919537,0.2651513067317936,9.389955109646102,4.700869613073775,93,0.23655913978494625,4.304991767179818,109.0292911151499,108.04726632785292,2036,0.0,3.388283621240878,42.22385256500194,31.572328880073382,31165,1.0,0.07317337541400665,7.542261961223429,3.2537630456700612,19062,0.8969153289266604,0.4229585892602527,13.089395216560687,6.560317207168805,0.570226623541547,0.4509028121829033,"[""y@t"", ""data_quality_2@t+h"", ""throughput_2@t"", ""buffer_size_2@t""]",4,10,8000.0,675,0.03888437095268215,3.5060389747296767,5.571555975238695,
"n_bins=10,on_change=chain",persistence,5,166718,33201,0.9386765458871721,1.6944296554932237,9.29596824395137,3.506038974729678,33108,0.9406487857919537,1.6399346530385284,9.010519459684252,3.2078349643590687,93,0.23655913978494625,21.094650529364802,110.91573544304505,109.66666666666667,2036,0.0,27.631021115928544,44.949515558099904,32.71365422396857,31165,1.0,0.0,6.966732808956779,1.597914326969358,19062,0.8969153289266604,2.848334723155996,12.698775005417765,5.571555975238695,0.6335851372683855,0.4509028121829033,"[""y@t"", ""data_quality_2@t+h"", ""throughput_2@t"", ""buffer_size_2@t""]",4,10,8000.0,675,0.03888437095268215,3.5060389747296767,5.571555975238695,
ref,model,1,33200,33558,0.9179629298527922,0.3181999787540743,7.677432043333208,5.4354654060505805,33464,0.920033468802295,0.2942865061593659,7.393090212174687,5.144653377466541,94,0.18085106382978725,8.831396222470241,108.9031239357668,108.96454758196887,3874,0.38693856479091376,2.174252069045061,28.288258628739552,28.756701458728703,29684,0.9872658671338095,0.0759702995401111,4.9875539207128,2.3918571164644384,18060,0.8593023255813953,0.5119024870151067,11.540814270146424,8.673960716415303,0.4842644005164261,0.061367591843008995,"[""y@t"", ""throughput_2@t"", ""buffer_size_3@t""]",3,20,7200.0,214,0.15629656117766255,3.7463794028249597,6.396179401993355,
ref,ar,1,33200,33558,0.8819059538709101,0.4777335028605528,8.610297940531646,5.300609188820481,33464,0.8838752091800144,0.45982356174265077,8.329286451148288,5.010770789533726,94,0.18085106382978725,6.853672540833671,108.65038816100729,108.4830793349049,3874,0.003355704697986577,3.3405799227169575,32.63938423751866,27.51665381161951,29684,0.9965638054170597,0.10410909137545254,5.474309518670454,2.401237242023436,18060,0.7851605758582503,0.8039818816755522,13.10891175372398,8.392361032128361,0.4691937073063387,0.061367591843008995,"[""y@t"", ""throughput_2@t"", ""buffer_size_3@t""]",3,20,7200.0,214,0.15629656117766255,3.7463794028249597,6.396179401993355,
ref,persistence,1,33200,33558,0.8845580785505691,3.1897781692325884,7.394205022466637,3.746379402824963,33464,0.8865347836480995,3.135159788942765,7.10952680694479,3.451918479560127,94,0.18085106382978725,22.63392155240955,108.73964974824423,108.57446808510639,3874,0.0,27.631021115928547,29.16372546845772,23.207279297883325,29684,1.0,0.0,4.553108060878932,1.2065759331626495,18060,0.7897563676633444,5.809246244583649,10.902174354985323,6.396179401993355,0.55425458897833,0.061367591843008995,"[""y@t"", ""throughput_2@t"", ""buffer_size_3@t""]",3,20,7200.0,214,0.15629656117766255,3.7463794028249597,6.396179401993355,
ref,model,2,66758,33201,0.8783771573145387,0.3775343496998153,9.526652023114702,7.811561020703763,33108,0.8803310378156337,0.36331992497904764,9.216099173796298,7.497422386769878,93,0.1827956989247312,5.437869550293104,120.08346638046666,119.6449147011672,4981,0.4466974503111825,1.6766856180462166,27.897539338478836,28.8083559298461,28220,0.9545712260807938,0.14822632462421553,6.284079743957057,4.105500232523821,19603,0.8171198285976636,0.5593031269753858,12.363778804055958,10.752011295103133,0.5473939519471429,0.12151620723307133,"[""y@t"", ""throughput_2@t"", ""data_quality_1@t+h"", ""avg_p_latency_1@t""]",4,20,72000.0,615,0.09117195265202856,5.354266437757899,8.484364638065601,
ref,ar,2,66758,33201,0.8436191680973465,0.5434225234202867,10.096753486991437,7.18168418622146,33108,0.8455056179775281,0.5273837167019639,9.779584889827792,6.857337189192312,93,0.17204301075268819,6.253237715143258,123.00877407724983,122.64921512859874,4981,0.05641437462356957,2.75909409598661,34.326933551813134,28.85991928823819,28220,0.9825655563430191,0.15234314344321906,5.8199807406102595,3.355345098937785,19603,0.7404989032290976,0.839777662211623,14.206275315741317,10.386683043277891,0.5198786733587312,0.12151620723307133,"[""y@t"", ""throughput_2@t"", ""data_quality_1@t+h"", ""avg_p_latency_1@t""]",4,20,72000.0,615,0.09117195265202856,5.354266437757899,8.484364638065601,
ref,persistence,2,66758,33201,0.8499743983614951,4.145360566803412,8.940786293295337,5.354266437757899,33108,0.8518787000120817,4.092742767684959,8.618797791596613,5.023529056421409,93,0.17204301075268819,22.87729705297309,123.56869289804204,123.09677419354838,4981,0.0,27.63102111592855,34.24393720648847,27.862678177072876,28220,1.0,0.0,4.47462772849679,1.3813961729270023,19603,0.7498342090496353,6.912336252232495,12.565382889758968,8.484364638065601,0.5637764253923089,0.12151620723307133,"[""y@t"", ""throughput_2@t"", ""data_quality_1@t+h"", ""avg_p_latency_1@t""]",4,20,72000.0,615,0.09117195265202856,5.354266437757899,8.484364638065601,
ref,model,3,99959,33201,0.9113580916237463,0.2877730506180601,7.687506407492356,5.676947635103345,33108,0.9134348193790021,0.2717099568076388,7.362669618144474,5.347989947083791,93,0.17204301075268819,6.006234447128011,123.32940341533795,122.78588457006467,3984,0.3689759036144578,1.718629688198601,28.35812679166794,28.60550203340473,29217,0.9853167676352809,0.09266291459722031,4.868881921386474,2.550433594550493,19017,0.856864910343377,0.43730180967813775,10.345013036233253,8.098019121823002,0.5841741418282456,0.34086824208498,"[""y@t"", ""throughput_2@t"", ""buffer_size_3@t"", ""data_quality_1@t+h""]",4,20,68000.0,854,0.1313815848920213,5.404445649227433,8.803070936530473,
ref,ar,3,99959,33201,0.8807264841420439,0.4152101620236462,8.604585320959954,5.924907938176802,33108,0.8827171680560589,0.3986396842253607,8.267278403133496,5.5815259174402705,93,0.17204301075268819,6.314300258213269,128.6858480671795,128.16890732038203,3984,0.011295180722891566,2.57649336844285,37.15480207716686,32.31748213838682,29217,0.999281240373755,0.12049981207758359,4.711507196692291,2.326043728516784,19017,0.7959194405006047,0.6411637119877113,12.113813805183918,8.570354382658012,0.5368343911084472,0.34086824208498,"[""y@t"", ""throughput_2@t"", ""buffer_size_3@t"", ""data_quality_1@t+h""]",4,20,68000.0,854,0.1313815848920213,5.404445649227433,8.803070936530473,
ref,persistence,3,99959,33201,0.8800036143489653,3.3156226657588426,8.698165932516215,5.404445649227441,33108,0.8819922677298538,3.260674142199252,8.358654937640674,5.056421408722975,93,0.17204301075268819,22.8772970529731,129.56408010820866,129.30107526881721,3984,0.0,27.631021115928544,40.84398394812176,35.76355421686747,29217,1.0,0.0,4.314795327246251,1.2647089023513796,19017,0.7945522427301888,5.676731319342316,12.653398150782726,8.803070936530473,0.5476702659365773,0.34086824208498,"[""y@t"", ""throughput_2@t"", ""buffer_size_3@t"", ""data_quality_1@t+h""]",4,20,68000.0,854,0.1313815848920213,5.404445649227433,8.803070936530473,
ref,model,4,133160,33558,0.9195422849991061,0.30750944686148074,6.053920849922602,4.878384063309034,33464,0.9215574946210854,0.28835737912418574,5.7793381130419545,4.600969319898465,94,0.20212765957446807,7.125645561338498,103.80537517943301,103.63803271747169,4459,0.467369365328549,1.8314135689103026,21.365050989991357,21.96286028464393,29099,0.9888312313137908,0.07399322705270052,3.7077120697388644,2.2604356983847307,17285,0.8571015331212034,0.5161069912872771,8.98579073730675,7.473298355652846,0.6190894215284001,0.4223170205950737,"[""y@t"", ""throughput_2@t"", ""buffer_size_3@t""]",3,20,6800.0,487,0.044013350020859404,4.437451576375231,8.05467168064796,
ref,ar,4,133160,33558,0.867334167709637,0.47419353471077536,7.7174853753445785,5.118505375471821,33464,0.8691728424575663,0.45908865377896074,7.450292960902976,4.845216536025582,94,0.2127659574468085,5.851531146436788,102.83798491655538,102.40933221833271,4459,0.002018389773491814,2.8090103091552914,30.45434153515326,23.64250996206856,29099,0.9999312691157771,0.1164167039864172,4.233391708325544,2.2799701525557463,17285,0.7467746601099219,0.826318302543131,11.860660526984304,7.828933864776468,0.549607530671871,0.4223170205950737,"[""y@t"", ""throughput_2@t"", ""buffer_size_3@t""]",3,20,6800.0,487,0.044013350020859404,4.437451576375231,8.05467168064796,
ref,persistence,4,133160,33558,0.8671255736337088,3.6714560806938854,7.540421038515548,4.437451576375232,33464,0.8689636624432225,3.6206678099852585,7.270699220351675,4.160441071001675,94,0.2127659574468085,21.752080452965025,103.56138830485425,103.05319148936171,4459,0.0,27.631021115928547,33.87988368484494,26.414218434626598,29099,1.0,0.0,3.5042801422654106,1.0698305783703927,17285,0.7463118310673995,7.009663152637933,12.215279465613198,8.05467168064796,0.5626144568700057,0.4223170205950737,"[""y@t"", ""throughput_2@t"", ""buffer_size_3@t""]",3,20,6800.0,487,0.044013350020859404,4.437451576375231,8.05467168064796,
ref,model,5,166718,33201,0.9158459082557754,0.2951916404878048,6.436352242339027,4.6071423041050785,33108,0.9178144255164915,0.27955688974689785,6.16546098130887,4.328517729512975,93,0.21505376344086022,5.861162904250678,102.87364116907546,103.79749085889384,3717,0.384180790960452,1.8378680861222119,20.22763160627935,19.956899491844776,29484,0.9828720662053996,0.10070892618774067,4.697708049021766,2.6720233424028517,19062,0.8695310040919106,0.4360044575612773,8.282640565829444,6.171161243712865,0.559612978054694,0.5357530247420073,"[""y@t"", ""throughput_2@t"", ""data_quality_2@t+h"", ""buffer_size_2@t""]",4,20,60000.0,1467,0.10418360892744194,3.5060389747296767,5.571555975238695,
ref,ar,5,166718,33201,0.8880756603716755,0.4188306893803547,7.4906662785890505,4.644157801557376,33108,0.889996375498369,0.4045165282709333,7.212334517092481,4.355604578102399,93,0.20430107526881722,5.514672044334366,106.57677337136778,107.36910535152883,3717,0.0005380683346785041,2.57538609934103,25.4196257406106,19.677613170107133,29484,0.9999660832994166,0.14695725094514134,5.230391474616249,2.748914496547898,19062,0.8089392508655965,0.6366688187201611,9.830079468064493,5.970080386144894,0.5252212425942933,0.5357530247420073,"[""y@t"", ""throughput_2@t"", ""data_quality_2@t+h"", ""buffer_size_2@t""]",4,20,60000.0,1467,0.10418360892744194,3.5060389747296767,5.571555975238695,
ref,persistence,5,166718,33201,0.888045540796964,3.0934160262614503,6.951378449275671,3.5060389747296843,33108,0.8899661713181104,3.040347043775755,6.66442668412336,3.207834964359075,93,0.20430107526881722,21.98597379116895,109.10620684349799,109.66666666666667,3717,0.0,27.631021115928544,27.795989945530664,21.478880817863864,29484,1.0,0.0,4.3235321281666,1.240231990231999,19062,0.8088867904731928,5.280653127968089,9.624750764470537,5.571555975238694,0.5719162200398573,0.5357530247420073,"[""y@t"", ""throughput_2@t"", ""data_quality_2@t+h"", ""buffer_size_2@t""]",4,20,60000.0,1467,0.10418360892744194,3.5060389747296767,5.571555975238695,
on_change=static,model,1,33200,33558,0.9181119256213124,0.3080319612120323,7.6640514022253425,5.422481204544655,33464,0.920033468802295,0.2942865061593659,7.393090212174687,5.144653377466541,94,0.23404255319148937,5.201413959961274,104.12623506025862,104.32918764435342,3874,0.390036138358286,2.0691389493826806,27.950394866348628,28.426581864045012,29684,0.9870300498585096,0.07819337907441307,5.016520928569043,2.4202616264923575,18060,0.8593023255813953,0.5119024870151067,11.540814270146424,8.673960716415303,0.4838358693526678,0.06127837672829628,"[""y@t"", ""throughput_2@t"", ""buffer_size_3@t""]",3,20,7200.0,214,0.15629656117766255,3.7463794028249597,6.396179401993355,"[""buffer_size_3@t"", ""data_quality_1@t+h""]"
on_change=static,ar,1,33200,33558,0.8819059538709101,0.4777335028605528,8.610297940531646,5.300609188820481,33464,0.8838752091800144,0.45982356174265077,8.329286451148288,5.010770789533726,94,0.18085106382978725,6.853672540833671,108.65038816100729,108.4830793349049,3874,0.003355704697986577,3.3405799227169575,32.63938423751866,27.51665381161951,29684,0.9965638054170597,0.10410909137545254,5.474309518670454,2.401237242023436,18060,0.7851605758582503,0.8039818816755522,13.10891175372398,8.392361032128361,0.4691937073063387,0.06127837672829628,"[""y@t"", ""throughput_2@t"", ""buffer_size_3@t""]",3,20,7200.0,214,0.15629656117766255,3.7463794028249597,6.396179401993355,"[""buffer_size_3@t"", ""data_quality_1@t+h""]"
on_change=static,persistence,1,33200,33558,0.8845580785505691,3.1897781692325884,7.394205022466637,3.746379402824963,33464,0.8865347836480995,3.135159788942765,7.10952680694479,3.451918479560127,94,0.18085106382978725,22.63392155240955,108.73964974824423,108.57446808510639,3874,0.0,27.631021115928547,29.16372546845772,23.207279297883325,29684,1.0,0.0,4.553108060878932,1.2065759331626495,18060,0.7897563676633444,5.809246244583649,10.902174354985323,6.396179401993355,0.55425458897833,0.06127837672829628,"[""y@t"", ""throughput_2@t"", ""buffer_size_3@t""]",3,20,7200.0,214,0.15629656117766255,3.7463794028249597,6.396179401993355,"[""buffer_size_3@t"", ""data_quality_1@t+h""]"
on_change=static,model,2,66758,33201,0.8784072768892504,0.3764183179632534,9.5257175355419,7.810484722996511,33108,0.8803310378156337,0.36331992497904764,9.216099173796298,7.497422386769878,93,0.1935483870967742,5.039446220340518,119.74985431697627,119.26067641967767,4981,0.44790202770528004,1.6678899725370615,27.857842498470532,28.7651604417946,28220,0.9543940467753367,0.14846579098124996,6.289987045097269,4.11185822564239,19603,0.8171198285976636,0.5593031269753858,12.363778804055958,10.752011295103133,0.5474063127224497,0.12264412827789783,"[""y@t"", ""throughput_2@t"", ""data_quality_1@t+h"", ""avg_p_latency_1@t""]",4,20,72000.0,615,0.09117195265202856,5.354266437757899,8.484364638065601,"[""buffer_size_3@t""]"
on_change=static,ar,2,66758,33201,0.8436191680973465,0.5434225234202867,10.096753486991437,7.18168418622146,33108,0.8455056179775281,0.5273837167019639,9.779584889827792,6.857337189192312,93,0.17204301075268819,6.253237715143258,123.00877407724983,122.64921512859874,4981,0.05641437462356957,2.75909409598661,34.326933551813134,28.85991928823819,28220,0.9825655563430191,0.15234314344321906,5.8199807406102595,3.355345098937785,19603,0.7404989032290976,0.839777662211623,14.206275315741317,10.386683043277891,0.5198786733587312,0.12264412827789783,"[""y@t"", ""throughput_2@t"", ""data_quality_1@t+h"", ""avg_p_latency_1@t""]",4,20,72000.0,615,0.09117195265202856,5.354266437757899,8.484364638065601,"[""buffer_size_3@t""]"
on_change=static,persistence,2,66758,33201,0.8499743983614951,4.145360566803412,8.940786293295337,5.354266437757899,33108,0.8518787000120817,4.092742767684959,8.618797791596613,5.023529056421409,93,0.17204301075268819,22.87729705297309,123.56869289804204,123.09677419354838,4981,0.0,27.63102111592855,34.24393720648847,27.862678177072876,28220,1.0,0.0,4.47462772849679,1.3813961729270023,19603,0.7498342090496353,6.912336252232495,12.565382889758968,8.484364638065601,0.5637764253923089,0.12264412827789783,"[""y@t"", ""throughput_2@t"", ""data_quality_1@t+h"", ""avg_p_latency_1@t""]",4,20,72000.0,615,0.09117195265202856,5.354266437757899,8.484364638065601,"[""buffer_size_3@t""]"
on_change=static,model,3,99959,33201,0.9115689286467276,0.28496082771932385,7.679258198289113,5.668577498221891,33108,0.9134348193790021,0.2717099568076388,7.362669618144474,5.347989947083791,93,0.24731182795698925,5.0022708722791815,120.38479272978043,119.79774570338559,3984,0.37073293172690763,1.6945568714383923,28.246824614748796,28.491052779183942,29217,0.9853167676352809,0.09274976435974655,4.874686044981949,2.5565282967517606,19017,0.856864910343377,0.43730180967813775,10.345013036233253,8.098019121823002,0.5845347883819635,0.3382761776447296,"[""y@t"", ""throughput_2@t"", ""buffer_size_3@t"", ""data_quality_1@t+h""]",4,20,68000.0,854,0.1313815848920213,5.404445649227433,8.803070936530473,"[""buffer_size_3@t""]"
on_change=static,ar,3,99959,33201,0.8807264841420439,0.4152101620236462,8.604585320959954,5.924907938176802,33108,0.8827171680560589,0.3986396842253607,8.267278403133496,5.5815259174402705,93,0.17204301075268819,6.314300258213269,128.6858480671795,128.16890732038203,3984,0.011295180722891566,2.57649336844285,37.15480207716686,32.31748213838682,29217,0.999281240373755,0.12049981207758359,4.711507196692291,2.326043728516784,19017,0.7959194405006047,0.6411637119877113,12.113813805183918,8.570354382658012,0.5368343911084472,0.3382761776447296,"[""y@t"", ""throughput_2@t"", ""buffer_size_3@t"", ""data_quality_1@t+h""]",4,20,68000.0,854,0.1313815848920213,5.404445649227433,8.803070936530473,"[""buffer_size_3@t""]"
on_change=static,persistence,3,99959,33201,0.8800036143489653,3.3156226657588426,8.698165932516215,5.404445649227441,33108,0.8819922677298538,3.260674142199252,8.358654937640674,5.056421408722975,93,0.17204301075268819,22.8772970529731,129.56408010820866,129.30107526881721,3984,0.0,27.631021115928544,40.84398394812176,35.76355421686747,29217,1.0,0.0,4.314795327246251,1.2647089023513796,19017,0.7945522427301888,5.676731319342316,12.653398150782726,8.803070936530473,0.5476702659365773,0.3382761776447296,"[""y@t"", ""throughput_2@t"", ""buffer_size_3@t"", ""data_quality_1@t+h""]",4,20,68000.0,854,0.1313815848920213,5.404445649227433,8.803070936530473,"[""buffer_size_3@t""]"
on_change=static,model,4,133160,33558,0.9197210799213302,0.303446771517952,5.995306996520011,4.820391005246365,33464,0.9215574946210854,0.28835737912418574,5.7793381130419545,4.600969319898465,94,0.26595744680851063,5.675270463698744,82.88022951470779,82.9345109890986,4459,0.4691634895716528,1.79723885885599,20.86055455612515,21.465870502499513,29099,0.988762500429568,0.07454478459605395,3.717423259337313,2.269712525633601,17285,0.8571015331212034,0.5161069912872771,8.98579073730675,7.473298355652846,0.6193700122882233,0.4166494682431221,"[""y@t"", ""throughput_2@t"", ""buffer_size_3@t""]",3,20,6800.0,487,0.044013350020859404,4.437451576375231,8.05467168064796,"[""buffer_size_3@t"", ""data_quality_3@t+h""]"
on_change=static,ar,4,133160,33558,0.867334167709637,0.47419353471077536,7.7174853753445785,5.118505375471821,33464,0.8691728424575663,0.45908865377896074,7.450292960902976,4.845216536025582,94,0.2127659574468085,5.851531146436788,102.83798491655538,102.40933221833271,4459,0.002018389773491814,2.8090103091552914,30.45434153515326,23.64250996206856,29099,0.9999312691157771,0.1164167039864172,4.233391708325544,2.2799701525557463,17285,0.7467746601099219,0.826318302543131,11.860660526984304,7.828933864776468,0.549607530671871,0.4166494682431221,"[""y@t"", ""throughput_2@t"", ""buffer_size_3@t""]",3,20,6800.0,487,0.044013350020859404,4.437451576375231,8.05467168064796,"[""buffer_size_3@t"", ""data_quality_3@t+h""]"
on_change=static,persistence,4,133160,33558,0.8671255736337088,3.6714560806938854,7.540421038515548,4.437451576375232,33464,0.8689636624432225,3.6206678099852585,7.270699220351675,4.160441071001675,94,0.2127659574468085,21.752080452965025,103.56138830485425,103.05319148936171,4459,0.0,27.631021115928547,33.87988368484494,26.414218434626598,29099,1.0,0.0,3.5042801422654106,1.0698305783703927,17285,0.7463118310673995,7.009663152637933,12.215279465613198,8.05467168064796,0.5626144568700057,0.4166494682431221,"[""y@t"", ""throughput_2@t"", ""buffer_size_3@t""]",3,20,6800.0,487,0.044013350020859404,4.437451576375231,8.05467168064796,"[""buffer_size_3@t"", ""data_quality_3@t+h""]"
on_change=static,model,5,166718,33201,0.9159362669799103,0.2953771307616685,6.428288942665717,4.59954444629548,33108,0.9178144255164915,0.27955688974689785,6.16546098130887,4.328517729512975,93,0.24731182795698925,5.92738293202003,99.99504318570288,101.08505562086717,3717,0.38552596179714826,1.8387946385496425,20.14611867569293,19.879625404943802,29484,0.9828042328042328,0.10080099195933849,4.698904425040491,2.6732094536453714,19062,0.8695310040919106,0.4360044575612773,8.282640565829444,6.171161243712865,0.5596739282558011,0.5328406877815723,"[""y@t"", ""throughput_2@t"", ""data_quality_2@t+h"", ""buffer_size_2@t""]",4,20,60000.0,1467,0.10418360892744194,3.5060389747296767,5.571555975238695,"[""buffer_size_3@t"", ""buffer_size_2@t""]"
on_change=static,ar,5,166718,33201,0.8880756603716755,0.4188306893803547,7.4906662785890505,4.644157801557376,33108,0.889996375498369,0.4045165282709333,7.212334517092481,4.355604578102399,93,0.20430107526881722,5.514672044334366,106.57677337136778,107.36910535152883,3717,0.0005380683346785041,2.57538609934103,25.4196257406106,19.677613170107133,29484,0.9999660832994166,0.14695725094514134,5.230391474616249,2.748914496547898,19062,0.8089392508655965,0.6366688187201611,9.830079468064493,5.970080386144894,0.5252212425942933,0.5328406877815723,"[""y@t"", ""throughput_2@t"", ""data_quality_2@t+h"", ""buffer_size_2@t""]",4,20,60000.0,1467,0.10418360892744194,3.5060389747296767,5.571555975238695,"[""buffer_size_3@t"", ""buffer_size_2@t""]"
on_change=static,persistence,5,166718,33201,0.888045540796964,3.0934160262614503,6.951378449275671,3.5060389747296843,33108,0.8899661713181104,3.040347043775755,6.66442668412336,3.207834964359075,93,0.20430107526881722,21.98597379116895,109.10620684349799,109.66666666666667,3717,0.0,27.631021115928544,27.795989945530664,21.478880817863864,29484,1.0,0.0,4.3235321281666,1.240231990231999,19062,0.8088867904731928,5.280653127968089,9.624750764470537,5.571555975238694,0.5719162200398573,0.5328406877815723,"[""y@t"", ""throughput_2@t"", ""data_quality_2@t+h"", ""buffer_size_2@t""]",4,20,60000.0,1467,0.10418360892744194,3.5060389747296767,5.571555975238695,"[""buffer_size_3@t"", ""buffer_size_2@t""]"
on_change=chain,model,1,33200,33558,0.9181715239287205,0.3012310570823594,7.731207414370155,5.491178875943215,33464,0.920033468802295,0.2942865061593659,7.393090212174687,5.144653377466541,94,0.2553191489361702,2.7734911856680555,128.10093139595625,128.8542563336394,3874,0.39106866288074343,2.014778668912532,28.265748569518657,28.745314282589412,29684,0.9869626734941382,0.07759935487813863,5.051285152038753,2.4563277586629506,18060,0.8593023255813953,0.5119024870151067,11.540814270146424,8.673960716415303,0.4837861717492541,0.061132870614528656,"[""y@t"", ""throughput_2@t"", ""buffer_size_3@t""]",3,20,7200.0,214,0.15629656117766255,3.7463794028249597,6.396179401993355,
on_change=chain,ar,1,33200,33558,0.8819059538709101,0.4777335028605528,8.610297940531646,5.300609188820481,33464,0.8838752091800144,0.45982356174265077,8.329286451148288,5.010770789533726,94,0.18085106382978725,6.853672540833671,108.65038816100729,108.4830793349049,3874,0.003355704697986577,3.3405799227169575,32.63938423751866,27.51665381161951,29684,0.9965638054170597,0.10410909137545254,5.474309518670454,2.401237242023436,18060,0.7851605758582503,0.8039818816755522,13.10891175372398,8.392361032128361,0.4691937073063387,0.061132870614528656,"[""y@t"", ""throughput_2@t"", ""buffer_size_3@t""]",3,20,7200.0,214,0.15629656117766255,3.7463794028249597,6.396179401993355,
on_change=chain,persistence,1,33200,33558,0.8845580785505691,3.1897781692325884,7.394205022466637,3.746379402824963,33464,0.8865347836480995,3.135159788942765,7.10952680694479,3.451918479560127,94,0.18085106382978725,22.63392155240955,108.73964974824423,108.57446808510639,3874,0.0,27.631021115928547,29.16372546845772,23.207279297883325,29684,1.0,0.0,4.553108060878932,1.2065759331626495,18060,0.7897563676633444,5.809246244583649,10.902174354985323,6.396179401993355,0.55425458897833,0.061132870614528656,"[""y@t"", ""throughput_2@t"", ""buffer_size_3@t""]",3,20,7200.0,214,0.15629656117766255,3.7463794028249597,6.396179401993355,
on_change=chain,model,2,66758,33201,0.879190385831752,0.3681421818816422,9.474645550263736,7.76217321609445,33108,0.8803310378156337,0.36331992497904764,9.216099173796298,7.497422386769878,93,0.4731182795698925,2.0848656392053146,101.51715557267131,102.01346845564157,4981,0.45312186307970287,1.6106393226889297,27.373226175003854,28.29608539256152,28220,0.9543940467753367,0.148833951606621,6.315438247222256,4.137814018681889,19603,0.8171198285976636,0.5593031269753858,12.363778804055958,10.752011295103133,0.5474579903291725,0.12316084653139114,"[""y@t"", ""throughput_2@t"", ""data_quality_1@t+h"", ""avg_p_latency_1@t""]",4,20,72000.0,615,0.09117195265202856,5.354266437757899,8.484364638065601,
on_change=chain,ar,2,66758,33201,0.8436191680973465,0.5434225234202867,10.096753486991437,7.18168418622146,33108,0.8455056179775281,0.5273837167019639,9.779584889827792,6.857337189192312,93,0.17204301075268819,6.253237715143258,123.00877407724983,122.64921512859874,4981,0.05641437462356957,2.75909409598661,34.326933551813134,28.85991928823819,28220,0.9825655563430191,0.15234314344321906,5.8199807406102595,3.355345098937785,19603,0.7404989032290976,0.839777662211623,14.206275315741317,10.386683043277891,0.5198786733587312,0.12316084653139114,"[""y@t"", ""throughput_2@t"", ""data_quality_1@t+h"", ""avg_p_latency_1@t""]",4,20,72000.0,615,0.09117195265202856,5.354266437757899,8.484364638065601,
on_change=chain,persistence,2,66758,33201,0.8499743983614951,4.145360566803412,8.940786293295337,5.354266437757899,33108,0.8518787000120817,4.092742767684959,8.618797791596613,5.023529056421409,93,0.17204301075268819,22.87729705297309,123.56869289804204,123.09677419354838,4981,0.0,27.63102111592855,34.24393720648847,27.862678177072876,28220,1.0,0.0,4.47462772849679,1.3813961729270023,19603,0.7498342090496353,6.912336252232495,12.565382889758968,8.484364638065601,0.5637764253923089,0.12316084653139114,"[""y@t"", ""throughput_2@t"", ""data_quality_1@t+h"", ""avg_p_latency_1@t""]",4,20,72000.0,615,0.09117195265202856,5.354266437757899,8.484364638065601,
on_change=chain,model,3,99959,33201,0.9122616788650945,0.27725422216947593,7.646052325433693,5.636439282575629,33108,0.9134348193790021,0.2717099568076388,7.362669618144474,5.347989947083791,93,0.4946236559139785,2.2510126909834987,108.53029612039603,108.32440271766977,3984,0.3777610441767068,1.6209488466666429,27.616920376066606,27.876257039275046,29217,0.9851456343909368,0.09402940839678499,4.922845346150348,2.603840660448425,19017,0.856864910343377,0.43730180967813775,10.345013036233253,8.098019121823002,0.5841336576734892,0.34496167302131653,"[""y@t"", ""throughput_2@t"", ""buffer_size_3@t"", ""data_quality_1@t+h""]",4,20,68000.0,854,0.1313815848920213,5.404445649227433,8.803070936530473,
on_change=chain,ar,3,99959,33201,0.8807264841420439,0.4152101620236462,8.604585320959954,5.924907938176802,33108,0.8827171680560589,0.3986396842253607,8.267278403133496,5.5815259174402705,93,0.17204301075268819,6.314300258213269,128.6858480671795,128.16890732038203,3984,0.011295180722891566,2.57649336844285,37.15480207716686,32.31748213838682,29217,0.999281240373755,0.12049981207758359,4.711507196692291,2.326043728516784,19017,0.7959194405006047,0.6411637119877113,12.113813805183918,8.570354382658012,0.5368343911084472,0.34496167302131653,"[""y@t"", ""throughput_2@t"", ""buffer_size_3@t"", ""data_quality_1@t+h""]",4,20,68000.0,854,0.1313815848920213,5.404445649227433,8.803070936530473,
on_change=chain,persistence,3,99959,33201,0.8800036143489653,3.3156226657588426,8.698165932516215,5.404445649227441,33108,0.8819922677298538,3.260674142199252,8.358654937640674,5.056421408722975,93,0.17204301075268819,22.8772970529731,129.56408010820866,129.30107526881721,3984,0.0,27.631021115928544,40.84398394812176,35.76355421686747,29217,1.0,0.0,4.314795327246251,1.2647089023513796,19017,0.7945522427301888,5.676731319342316,12.653398150782726,8.803070936530473,0.5476702659365773,0.34496167302131653,"[""y@t"", ""throughput_2@t"", ""buffer_size_3@t"", ""data_quality_1@t+h""]",4,20,68000.0,854,0.1313815848920213,5.404445649227433,8.803070936530473,
on_change=chain,model,4,133160,33558,0.9205554562250432,0.2926545408295762,5.982673976391968,4.812840662264907,33464,0.9215574946210854,0.28835737912418574,5.7793381130419545,4.600969319898465,94,0.5638297872340425,1.8224441079485783,78.37024132899677,80.23903854471841,4459,0.47544292442251623,1.7165050126835122,20.65664510017667,21.30553338570231,29099,0.988762500429568,0.07447009277305537,3.73410058070978,2.285574541305171,17285,0.8571015331212034,0.5161069912872771,8.98579073730675,7.473298355652846,0.6194500081033941,0.43276358395814896,"[""y@t"", ""throughput_2@t"", ""buffer_size_3@t""]",3,20,6800.0,487,0.044013350020859404,4.437451576375231,8.05467168064796,
on_change=chain,ar,4,133160,33558,0.867334167709637,0.47419353471077536,7.7174853753445785,5.118505375471821,33464,0.8691728424575663,0.45908865377896074,7.450292960902976,4.845216536025582,94,0.2127659574468085,5.851531146436788,102.83798491655538,102.40933221833271,4459,0.002018389773491814,2.8090103091552914,30.45434153515326,23.64250996206856,29099,0.9999312691157771,0.1164167039864172,4.233391708325544,2.2799701525557463,17285,0.7467746601099219,0.826318302543131,11.860660526984304,7.828933864776468,0.549607530671871,0.43276358395814896,"[""y@t"", ""throughput_2@t"", ""buffer_size_3@t""]",3,20,6800.0,487,0.044013350020859404,4.437451576375231,8.05467168064796,
on_change=chain,persistence,4,133160,33558,0.8671255736337088,3.6714560806938854,7.540421038515548,4.437451576375232,33464,0.8689636624432225,3.6206678099852585,7.270699220351675,4.160441071001675,94,0.2127659574468085,21.752080452965025,103.56138830485425,103.05319148936171,4459,0.0,27.631021115928547,33.87988368484494,26.414218434626598,29099,1.0,0.0,3.5042801422654106,1.0698305783703927,17285,0.7463118310673995,7.009663152637933,12.215279465613198,8.05467168064796,0.5626144568700057,0.43276358395814896,"[""y@t"", ""throughput_2@t"", ""buffer_size_3@t""]",3,20,6800.0,487,0.044013350020859404,4.437451576375231,8.05467168064796,
on_change=chain,model,5,166718,33201,0.91686997379597,0.2832272954326062,6.3856429195448685,4.554580018051819,33108,0.9178144255164915,0.27955688974689785,6.16546098130887,4.328517729512975,93,0.5806451612903226,1.5898917195447972,84.77041293156017,85.03275473788028,3717,0.39386602098466506,1.7287431335622296,19.64782257610607,19.36160376528455,29484,0.9828042328042328,0.10099346113848708,4.713701467115144,2.6878825798323085,19062,0.8695310040919106,0.4360044575612773,8.282640565829444,6.171161243712865,0.5600551012149751,0.5577223300933838,"[""y@t"", ""throughput_2@t"", ""data_quality_2@t+h"", ""buffer_size_2@t""]",4,20,60000.0,1467,0.10418360892744194,3.5060389747296767,5.571555975238695,
on_change=chain,ar,5,166718,33201,0.8880756603716755,0.4188306893803547,7.4906662785890505,4.644157801557376,33108,0.889996375498369,0.4045165282709333,7.212334517092481,4.355604578102399,93,0.20430107526881722,5.514672044334366,106.57677337136778,107.36910535152883,3717,0.0005380683346785041,2.57538609934103,25.4196257406106,19.677613170107133,29484,0.9999660832994166,0.14695725094514134,5.230391474616249,2.748914496547898,19062,0.8089392508655965,0.6366688187201611,9.830079468064493,5.970080386144894,0.5252212425942933,0.5577223300933838,"[""y@t"", ""throughput_2@t"", ""data_quality_2@t+h"", ""buffer_size_2@t""]",4,20,60000.0,1467,0.10418360892744194,3.5060389747296767,5.571555975238695,
on_change=chain,persistence,5,166718,33201,0.888045540796964,3.0934160262614503,6.951378449275671,3.5060389747296843,33108,0.8899661713181104,3.040347043775755,6.66442668412336,3.207834964359075,93,0.20430107526881722,21.98597379116895,109.10620684349799,109.66666666666667,3717,0.0,27.631021115928544,27.795989945530664,21.478880817863864,29484,1.0,0.0,4.3235321281666,1.240231990231999,19062,0.8088867904731928,5.280653127968089,9.624750764470537,5.571555975238694,0.5719162200398573,0.5577223300933838,"[""y@t"", ""throughput_2@t"", ""data_quality_2@t+h"", ""buffer_size_2@t""]",4,20,60000.0,1467,0.10418360892744194,3.5060389747296767,5.571555975238695,
"granularity=30,n_bins=4",model,1,929,940,0.9425531914893617,0.17167460730166612,27.5555834291641,14.392658699575948,846,0.9905437352245863,0.050349279829845606,21.025126424952045,6.513153460102679,94,0.5106382978723404,1.263602554548051,86.3296964670726,85.30820585483539,56,0.03571428571428571,2.4817654893814733,151.70549130935206,137.65459615073794,884,1.0,0.025334008436881942,19.690883382455358,6.584210173257992,621,0.9871175523349437,0.060266806516564034,23.85076122254907,7.3942260281217065,0.64817557889145,0.0035854224115610123,"[""y@t"", ""data_quality_1@t+h"", ""throughput_2@t""]",3,4,160.0,34,0.029787234042553193,13.597801418439717,4.866774020397209,
"granularity=30,n_bins=4",ar,1,929,940,0.9425531914893617,0.24810538849096317,29.72995281094716,19.30833344134152,846,0.9905437352245863,0.08283204277830772,21.857762660914965,10.336645212938585,94,0.5106382978723404,1.7355654999048618,100.57966416123692,100.05352749696794,56,0.03571428571428571,3.2403535492845283,176.22943482995402,162.0446291216495,884,1.0,0.058551206359244094,20.449442637797404,10.266215162950965,621,0.9871175523349437,0.0869645888334784,23.65275503614814,11.200821083325097,0.64817557889145,0.0035854224115610123,"[""y@t"", ""data_quality_1@t+h"", ""throughput_2@t""]",3,4,160.0,34,0.029787234042553193,13.597801418439717,4.866774020397209,
"granularity=30,n_bins=4",persistence,1,929,940,0.9404255319148936,1.6461033856297858,29.702732276086344,13.597801418439717,846,0.9881796690307328,0.3266078146090845,21.339603892552542,3.5724192277383757,94,0.5106382978723404,13.521563524816095,104.97088772789056,103.82624113475178,56,0.0,27.631021115928547,193.34112103809645,178.95595238095237,884,1.0,0.0,19.33649950383231,3.12262443438914,621,0.9838969404186796,0.4449439793225209,25.73127352846808,4.866774020397208,0.6474834365911049,0.0035854224115610123,"[""y@t"", ""data_quality_1@t+h"", ""throughput_2@t""]",3,4,160.0,34,0.029787234042553193,13.597801418439717,4.866774020397209,
"granularity=30,n_bins=4",model,2,1869,930,0.9204301075268817,0.2668796069099257,30.50133451398431,19.03659730146581,837,0.9689366786140979,0.11848631961081037,23.211335263741553,10.341435356178687,93,0.4838709677419355,1.6024191926019642,96.11132776616915,97.29305480904992,70,0.04285714285714286,2.813398056531207,144.07179520625712,133.80773329863183,860,0.9918604651162791,0.05960484938261203,21.257227248334196,9.694760650533693,663,0.9607843137254902,0.13880750428775468,25.299680839532286,11.419568186850185,0.6475880909998625,0.004752414301037788,"[""y@t"", ""data_quality_1@t+h"", ""throughput_1@t"", ""throughput_2@t""]",4,4,640.0,57,0.041935483870967745,15.63225806451613,6.114127702362997,
"granularity=30,n_bins=4",ar,2,1869,930,0.9204301075268817,0.3177362738228585,33.69919191346553,22.438650473947998,837,0.9689366786140979,0.14155284440395002,25.41694639277407,12.825992476813466,93,0.4838709677419355,1.9033871385930345,108.2394015996888,108.95257244815879,70,0.04285714285714286,3.258786923229478,160.14319864584647,148.42807620890787,860,0.9918604651162791,0.07834843026650568,23.407237877108958,12.183697216451266,663,0.9607843137254902,0.1600858696774259,27.325607600873635,13.930270660614527,0.6475880909998625,0.004752414301037788,"[""y@t"", ""data_quality_1@t+h"", ""throughput_1@t"", ""throughput_2@t""]",4,4,640.0,57,0.041935483870967745,15.63225806451613,6.114127702362997,
"granularity=30,n_bins=4",persistence,2,1869,930,0.9247311827956989,2.079754277543009,32.553089712968216,15.63225806451613,837,0.973715651135006,0.7262633985070824,23.75856787243867,4.843090402230188,93,0.4838709677419355,14.261172188866347,111.70378627773417,112.73476702508957,70,0.0,27.631021115928537,178.2020433785653,165.75095238095236,860,1.0,0.0,20.697942321582417,3.413294573643411,663,0.9668174962292609,0.9168664623686698,27.36563464649131,6.114127702362997,0.8012275523838891,0.004752414301037788,"[""y@t"", ""data_quality_1@t+h"", ""throughput_1@t"", ""throughput_2@t""]",4,4,640.0,57,0.041935483870967745,15.63225806451613,6.114127702362997,
"granularity=30,n_bins=4",model,3,2799,930,0.921505376344086,0.24459224940458146,29.018500578466828,17.812711434016734,837,0.9796893667861409,0.09599196007501615,20.63663331659005,7.86112526742246,93,0.3978494623655914,1.5819948533706696,104.45530593535788,107.37698693336523,79,0.0759493670886076,2.483733244139697,141.28077254175102,130.6874986250862,851,1.0,0.036728396779347576,18.596973568949263,7.334323433905706,643,0.973561430793157,0.11404845668018865,23.05184807374875,9.187823685522536,0.5553072745081828,0.005993036553263664,"[""y@t"", ""data_quality_1@t+h"", ""throughput_1@t"", ""cores_1@t""]",4,4,960.0,143,0.08172043010752689,16.898172043010753,6.290772420943494,
"granularity=30,n_bins=4",ar,3,2799,930,0.9204301075268817,0.316269902329472,32.82676859966702,22.503841714431204,837,0.9796893667861409,0.12252604460689306,23.376456332250246,11.692295280843453,93,0.3870967741935484,2.059964621832682,117.87957900641801,119.80775961672096,79,0.06329113924050633,3.0738542694061395,157.7248056574495,144.7652534985154,851,1.0,0.06027793405795998,21.232238720037387,11.154074933064987,643,0.973561430793157,0.13923874837218467,25.551049422729587,13.224366395490874,0.5547554697554697,0.005993036553263664,"[""y@t"", ""data_quality_1@t+h"", ""throughput_1@t"", ""cores_1@t""]",4,4,960.0,143,0.08172043010752689,16.898172043010753,6.290772420943494,
"granularity=30,n_bins=4",persistence,3,2799,930,0.9150537634408602,2.347151256084253,31.973061739914474,16.898172043010756,837,0.973715651135006,0.7262633985070824,21.89417382171043,4.832696136997218,93,0.3870967741935484,16.935141974278785,122.68305300375083,125.4874551971326,79,0.0,27.631021115928537,176.97779455080024,161.9772151898734,851,1.0,0.0,18.51198783620122,3.4301997649823797,643,0.9657853810264385,0.9453848593319254,25.508563039220366,6.290772420943494,0.5533157309616453,0.005993036553263664,"[""y@t"", ""data_quality_1@t+h"", ""throughput_1@t"", ""cores_1@t""]",4,4,960.0,143,0.08172043010752689,16.898172043010753,6.290772420943494,
"granularity=30,n_bins=4",model,4,3729,940,0.9404255319148936,0.17468670077801107,25.50911363365596,13.282192566573336,846,0.9822695035460993,0.06883318654322984,20.169664226225787,6.839677042266071,94,0.5638297872340425,1.127368328891042,73.56415830052748,71.26483228533871,65,0.13846153846153847,2.1305072696817633,120.28166131250454,112.79951294998317,875,1.0,0.029397172802303743,18.468867234655782,5.889477338091463,582,0.9742268041237113,0.09349514516428144,24.05218969032243,9.134378444158898,0.6366014068632995,0.007284954190254211,"[""y@t"", ""data_quality_1@t+h"", ""throughput_1@t"", ""avg_p_latency_1@t""]",4,4,640.0,110,0.009574468085106383,13.842695035460993,6.566781214203894,
"granularity=30,n_bins=4",ar,4,3729,940,0.9319148936170213,0.27522116145495945,30.497132077978662,20.3295061989432,846,0.9810874704491725,0.11118675271613074,23.263619042412376,12.239204410931286,94,0.48936170212765956,1.7515308401044165,95.59874939807517,93.14222229105047,65,0.03076923076923077,3.091791054025925,151.43430806585124,141.37288587945542,875,0.9988571428571429,0.06599025514968768,21.51322757602241,11.337712279819439,582,0.9725085910652921,0.12879142537194285,25.830586966770976,14.263906250922417,0.5489717884454727,0.007284954190254211,"[""y@t"", ""data_quality_1@t+h"", ""throughput_1@t"", ""avg_p_latency_1@t""]",4,4,640.0,110,0.009574468085106383,13.842695035460993,6.566781214203894,
"granularity=30,n_bins=4",persistence,4,3729,940,0.9308510638297872,1.910655715463144,29.184647395462626,13.842695035460999,846,0.9799054373522459,0.5552332848354437,21.367823656654945,4.517572892040985,94,0.48936170212765956,14.10945759111245,99.5360610447317,97.7687943262411,65,0.0,27.631021115928547,170.49893671547542,158.89179487179484,875,1.0,0.0,18.687014474547393,3.0676190476190563,582,0.9707903780068728,0.8070916820803872,26.442689339179385,6.566781214203895,0.6047219106152072,0.007284954190254211,"[""y@t"", ""data_quality_1@t+h"", ""throughput_1@t"", ""avg_p_latency_1@t""]",4,4,640.0,110,0.009574468085106383,13.842695035460993,6.566781214203894,
"granularity=30,n_bins=4",model,5,4669,930,0.9408602150537635,0.16520355518525767,28.200711956613965,11.637840184375744,837,0.985663082437276,0.058277964735864426,23.344690582578167,4.797067854674355,93,0.5376344086021505,1.1275338692297967,71.90490432293613,73.20479115168826,61,0.09836065573770492,2.208510614527377,118.83707517816987,114.27646255188932,869,1.0,0.021772334679079002,21.83843559698806,4.433057716690668,636,0.9811320754716981,0.07072833961237424,26.466510877926243,5.395105465451226,0.5982654009884034,0.008610861375927925,"[""y@t"", ""data_quality_1@t+h"", ""avg_p_latency_1@t""]",3,4,160.0,82,0.007526881720430108,12.904946236559137,4.936477987421384,
"granularity=30,n_bins=4",ar,5,4669,930,0.9344086021505377,0.26277808494287125,32.44098601338586,19.721351261566006,837,0.985663082437276,0.1001937241803861,25.67406788394549,11.68866000130603,93,0.4731182795698925,1.7260373318052376,93.34324917834925,92.01557260390582,61,0.0,3.0827560899345285,150.92567068452504,141.88333971554803,869,1.0,0.06482796031169619,24.123879264318557,11.146113867212843,636,0.9811320754716981,0.10681892544278482,27.606184513540207,12.462381756375645,0.594958988380041,0.008610861375927925,"[""y@t"", ""data_quality_1@t+h"", ""avg_p_latency_1@t""]",3,4,160.0,82,0.007526881720430108,12.904946236559137,4.936477987421384,
"granularity=30,n_bins=4",persistence,5,4669,930,0.9344086021505377,1.812357299001765,31.644669458982577,12.904946236559143,837,0.985663082437276,0.3961436719129541,24.352781062162787,3.7510155316606943,93,0.4731182795698925,14.558279942801061,97.2716650303607,95.29032258064517,61,0.0,27.631021115928537,168.8205415732368,159.63114754098365,869,1.0,0.0,22.015523085024576,2.605408515535099,636,0.9811320754716981,0.5213400210552556,28.5849966121713,4.936477987421385,0.5955660635964912,0.008610861375927925,"[""y@t"", ""data_quality_1@t+h"", ""avg_p_latency_1@t""]",3,4,160.0,82,0.007526881720430108,12.904946236559137,4.936477987421384,
"granularity=30,n_bins=4,on_change=static",model,1,929,940,0.9478723404255319,0.2235197427558857,28.223730713561306,15.222348173076337,846,0.9905437352245863,0.050349279829845606,21.025126424952045,6.513153460102679,94,0.5638297872340425,1.7820539090902463,93.01116931104465,93.60510058983928,56,0.2857142857142857,2.9253408461155095,141.9990749125077,130.0600077102849,884,0.9898190045248869,0.05236365476025345,21.01624284575475,7.9475643109907255,621,0.9871175523349437,0.060266806516564034,23.85076122254907,7.3942260281217065,0.6421431609375619,0.003454864025115967,"[""y@t"", ""data_quality_1@t+h"", ""throughput_2@t""]",3,4,160.0,34,0.029787234042553193,13.597801418439717,4.866774020397209,"[""buffer_size_3@t"", ""data_quality_3@t+h""]"
"granularity=30,n_bins=4,on_change=static",ar,1,929,940,0.9425531914893617,0.24810538849096317,29.72995281094716,19.30833344134152,846,0.9905437352245863,0.08283204277830772,21.857762660914965,10.336645212938585,94,0.5106382978723404,1.7355654999048618,100.57966416123692,100.05352749696794,56,0.03571428571428571,3.2403535492845283,176.22943482995402,162.0446291216495,884,1.0,0.058551206359244094,20.449442637797404,10.266215162950965,621,0.9871175523349437,0.0869645888334784,23.65275503614814,11.200821083325097,0.64817557889145,0.003454864025115967,"[""y@t"", ""data_quality_1@t+h"", ""throughput_2@t""]",3,4,160.0,34,0.029787234042553193,13.597801418439717,4.866774020397209,"[""buffer_size_3@t"", ""data_quality_3@t+h""]"
"granularity=30,n_bins=4,on_change=static",persistence,1,929,940,0.9404255319148936,1.6461033856297858,29.702732276086344,13.597801418439717,846,0.9881796690307328,0.3266078146090845,21.339603892552542,3.5724192277383757,94,0.5106382978723404,13.521563524816095,104.97088772789056,103.82624113475178,56,0.0,27.631021115928547,193.34112103809645,178.95595238095237,884,1.0,0.0,19.33649950383231,3.12262443438914,621,0.9838969404186796,0.4449439793225209,25.73127352846808,4.866774020397208,0.6474834365911049,0.003454864025115967,"[""y@t"", ""data_quality_1@t+h"", ""throughput_2@t""]",3,4,160.0,34,0.029787234042553193,13.597801418439717,4.866774020397209,"[""buffer_size_3@t"", ""data_quality_3@t+h""]"
"granularity=30,n_bins=4,on_change=static",model,2,1869,930,0.946236559139785,0.203929458052055,28.18822389589286,16.92157649620148,837,0.9689366786140979,0.11848631961081037,23.211335263741553,10.341435356178687,93,0.7419354838709677,0.9729177040232563,72.98022158525467,76.14284675640664,70,0.44285714285714284,1.7574649313763355,107.3787929389742,101.42492962752904,860,0.9872093023255814,0.0774788962698461,21.742479904014147,10.043396590163193,663,0.9607843137254902,0.13880750428775468,25.299680839532286,11.419568186850185,0.6609107471558795,0.0046934522688388824,"[""y@t"", ""data_quality_1@t+h"", ""throughput_1@t"", ""throughput_2@t""]",4,4,640.0,57,0.041935483870967745,15.63225806451613,6.114127702362997,"[""data_quality_1@t+h""]"
"granularity=30,n_bins=4,on_change=static",ar,2,1869,930,0.9204301075268817,0.3177362738228585,33.69919191346553,22.438650473947998,837,0.9689366786140979,0.14155284440395002,25.41694639277407,12.825992476813466,93,0.4838709677419355,1.9033871385930345,108.2394015996888,108.95257244815879,70,0.04285714285714286,3.258786923229478,160.14319864584647,148.42807620890787,860,0.9918604651162791,0.07834843026650568,23.407237877108958,12.183697216451266,663,0.9607843137254902,0.1600858696774259,27.325607600873635,13.930270660614527,0.6475880909998625,0.0046934522688388824,"[""y@t"", ""data_quality_1@t+h"", ""throughput_1@t"", ""throughput_2@t""]",4,4,640.0,57,0.041935483870967745,15.63225806451613,6.114127702362997,"[""data_quality_1@t+h""]"
"granularity=30,n_bins=4,on_change=static",persistence,2,1869,930,0.9247311827956989,2.079754277543009,32.553089712968216,15.63225806451613,837,0.973715651135006,0.7262633985070824,23.75856787243867,4.843090402230188,93,0.4838709677419355,14.261172188866347,111.70378627773417,112.73476702508957,70,0.0,27.631021115928537,178.2020433785653,165.75095238095236,860,1.0,0.0,20.697942321582417,3.413294573643411,663,0.9668174962292609,0.9168664623686698,27.36563464649131,6.114127702362997,0.8012275523838891,0.0046934522688388824,"[""y@t"", ""data_quality_1@t+h"", ""throughput_1@t"", ""throughput_2@t""]",4,4,640.0,57,0.041935483870967745,15.63225806451613,6.114127702362997,"[""data_quality_1@t+h""]"
"granularity=30,n_bins=4,on_change=static",model,3,2799,930,0.943010752688172,0.19930075296946242,26.753356635162138,15.503549420883912,837,0.9796893667861409,0.09599196007501615,20.63663331659005,7.86112526742246,93,0.6129032258064516,1.1290798890194789,81.80386650231097,84.28536680203699,79,0.4050632911392405,1.8308761722932427,108.31876720560642,98.94376350299241,851,0.9929494712103408,0.04783840499463441,19.18147950817613,7.757630604800984,643,0.973561430793157,0.11404845668018865,23.05184807374875,9.187823685522536,0.5858300264550265,0.0059806834906339645,"[""y@t"", ""data_quality_1@t+h"", ""throughput_1@t"", ""cores_1@t""]",4,4,960.0,143,0.08172043010752689,16.898172043010753,6.290772420943494,"[""data_quality_1@t+h"", ""buffer_size_3@t""]"
"granularity=30,n_bins=4,on_change=static",ar,3,2799,930,0.9204301075268817,0.316269902329472,32.82676859966702,22.503841714431204,837,0.9796893667861409,0.12252604460689306,23.376456332250246,11.692295280843453,93,0.3870967741935484,2.059964621832682,117.87957900641801,119.80775961672096,79,0.06329113924050633,3.0738542694061395,157.7248056574495,144.7652534985154,851,1.0,0.06027793405795998,21.232238720037387,11.154074933064987,643,0.973561430793157,0.13923874837218467,25.551049422729587,13.224366395490874,0.5547554697554697,0.0059806834906339645,"[""y@t"", ""data_quality_1@t+h"", ""throughput_1@t"", ""cores_1@t""]",4,4,960.0,143,0.08172043010752689,16.898172043010753,6.290772420943494,"[""data_quality_1@t+h"", ""buffer_size_3@t""]"
"granularity=30,n_bins=4,on_change=static",persistence,3,2799,930,0.9150537634408602,2.347151256084253,31.973061739914474,16.898172043010756,837,0.973715651135006,0.7262633985070824,21.89417382171043,4.832696136997218,93,0.3870967741935484,16.935141974278785,122.68305300375083,125.4874551971326,79,0.0,27.631021115928537,176.97779455080024,161.9772151898734,851,1.0,0.0,18.51198783620122,3.4301997649823797,643,0.9657853810264385,0.9453848593319254,25.508563039220366,6.290772420943494,0.5533157309616453,0.0059806834906339645,"[""y@t"", ""data_quality_1@t+h"", ""throughput_1@t"", ""cores_1@t""]",4,4,960.0,143,0.08172043010752689,16.898172043010753,6.290772420943494,"[""data_quality_1@t+h"", ""buffer_size_3@t""]"
"granularity=30,n_bins=4,on_change=static",model,4,3729,940,0.9627659574468085,0.15315447434493598,23.514332850360223,11.742426651558864,846,0.9822695035460993,0.06883318654322984,20.169664226225787,6.839677042266071,94,0.7872340425531915,0.912046064560291,53.616350467570065,55.867173135194,65,0.5230769230769231,1.647539271433599,89.30374539861843,83.50467527180743,875,0.9954285714285714,0.04214303227549244,18.627119346775327,6.411516754054686,582,0.9742268041237113,0.09349514516428144,24.05218969032243,9.134378444158898,0.7200212991350554,0.007273579016327858,"[""y@t"", ""data_quality_1@t+h"", ""throughput_1@t"", ""avg_p_latency_1@t""]",4,4,640.0,110,0.009574468085106383,13.842695035460993,6.566781214203894,"[""data_quality_1@t+h"", ""buffer_size_2@t""]"
"granularity=30,n_bins=4,on_change=static",ar,4,3729,940,0.9319148936170213,0.27522116145495945,30.497132077978662,20.3295061989432,846,0.9810874704491725,0.11118675271613074,23.263619042412376,12.239204410931286,94,0.48936170212765956,1.7515308401044165,95.59874939807517,93.14222229105047,65,0.03076923076923077,3.091791054025925,151.43430806585124,141.37288587945542,875,0.9988571428571429,0.06599025514968768,21.51322757602241,11.337712279819439,582,0.9725085910652921,0.12879142537194285,25.830586966770976,14.263906250922417,0.5489717884454727,0.007273579016327858,"[""y@t"", ""data_quality_1@t+h"", ""throughput_1@t"", ""avg_p_latency_1@t""]",4,4,640.0,110,0.009574468085106383,13.842695035460993,6.566781214203894,"[""data_quality_1@t+h"", ""buffer_size_2@t""]"
"granularity=30,n_bins=4,on_change=static",persistence,4,3729,940,0.9308510638297872,1.910655715463144,29.184647395462626,13.842695035460999,846,0.9799054373522459,0.5552332848354437,21.367823656654945,4.517572892040985,94,0.48936170212765956,14.10945759111245,99.5360610447317,97.7687943262411,65,0.0,27.631021115928547,170.49893671547542,158.89179487179484,875,1.0,0.0,18.687014474547393,3.0676190476190563,582,0.9707903780068728,0.8070916820803872,26.442689339179385,6.566781214203895,0.6047219106152072,0.007273579016327858,"[""y@t"", ""data_quality_1@t+h"", ""throughput_1@t"", ""avg_p_latency_1@t""]",4,4,640.0,110,0.009574468085106383,13.842695035460993,6.566781214203894,"[""data_quality_1@t+h"", ""buffer_size_2@t""]"
"granularity=30,n_bins=4,on_change=static",model,5,4669,930,0.9634408602150538,0.13087191141964344,27.739636372371212,11.936882877360869,837,0.985663082437276,0.058277964735864426,23.344690582578167,4.797067854674355,93,0.7634408602150538,0.7842174315736545,67.29414848050864,76.19521808153948,61,0.5081967213114754,1.5486619856225152,108.00283001890156,111.66176706084286,869,0.9953970080552359,0.03134924798307825,22.105511156676908,4.936632088877089,636,0.9811320754716981,0.07072833961237424,26.466510877926243,5.395105465451226,0.6098508210623699,0.008619097992777824,"[""y@t"", ""data_quality_1@t+h"", ""avg_p_latency_1@t""]",3,4,160.0,82,0.007526881720430108,12.904946236559137,4.936477987421384,"[""data_quality_1@t+h"", ""buffer_size_3@t""]"
"granularity=30,n_bins=4,on_change=static",ar,5,4669,930,0.9344086021505377,0.26277808494287125,32.44098601338586,19.721351261566006,837,0.985663082437276,0.1001937241803861,25.67406788394549,11.68866000130603,93,0.4731182795698925,1.7260373318052376,93.34324917834925,92.01557260390582,61,0.0,3.0827560899345285,150.92567068452504,141.88333971554803,869,1.0,0.06482796031169619,24.123879264318557,11.146113867212843,636,0.9811320754716981,0.10681892544278482,27.606184513540207,12.462381756375645,0.594958988380041,0.008619097992777824,"[""y@t"", ""data_quality_1@t+h"", ""avg_p_latency_1@t""]",3,4,160.0,82,0.007526881720430108,12.904946236559137,4.936477987421384,"[""data_quality_1@t+h"", ""buffer_size_3@t""]"
"granularity=30,n_bins=4,on_change=static",persistence,5,4669,930,0.9344086021505377,1.812357299001765,31.644669458982577,12.904946236559143,837,0.985663082437276,0.3961436719129541,24.352781062162787,3.7510155316606943,93,0.4731182795698925,14.558279942801061,97.2716650303607,95.29032258064517,61,0.0,27.631021115928537,168.8205415732368,159.63114754098365,869,1.0,0.0,22.015523085024576,2.605408515535099,636,0.9811320754716981,0.5213400210552556,28.5849966121713,4.936477987421385,0.5955660635964912,0.008619097992777824,"[""y@t"", ""data_quality_1@t+h"", ""avg_p_latency_1@t""]",3,4,160.0,82,0.007526881720430108,12.904946236559137,4.936477987421384,"[""data_quality_1@t+h"", ""buffer_size_3@t""]"
"granularity=30,n_bins=4,on_change=chain",model,1,929,940,0.9531914893617022,0.15769249074085895,30.7814764489115,17.692757554621053,846,0.9905437352245863,0.050349279829845606,21.025126424952045,6.513153460102679,94,0.6170212765957447,1.123781388939979,118.58862666454661,118.3091944052864,56,0.4642857142857143,1.4438662881126272,138.1941266232508,128.54254704194892,884,0.9841628959276018,0.07621541760418586,23.977055170899057,10.670598944564084,621,0.9871175523349437,0.060266806516564034,23.85076122254907,7.3942260281217065,0.6450997988857925,0.0034467317163944244,"[""y@t"", ""data_quality_1@t+h"", ""throughput_2@t""]",3,4,160.0,34,0.029787234042553193,13.597801418439717,4.866774020397209,
"granularity=30,n_bins=4,on_change=chain",ar,1,929,940,0.9425531914893617,0.24810538849096317,29.72995281094716,19.30833344134152,846,0.9905437352245863,0.08283204277830772,21.857762660914965,10.336645212938585,94,0.5106382978723404,1.7355654999048618,100.57966416123692,100.05352749696794,56,0.03571428571428571,3.2403535492845283,176.22943482995402,162.0446291216495,884,1.0,0.058551206359244094,20.449442637797404,10.266215162950965,621,0.9871175523349437,0.0869645888334784,23.65275503614814,11.200821083325097,0.64817557889145,0.0034467317163944244,"[""y@t"", ""data_quality_1@t+h"", ""throughput_2@t""]",3,4,160.0,34,0.029787234042553193,13.597801418439717,4.866774020397209,
"granularity=30,n_bins=4,on_change=chain",persistence,1,929,940,0.9404255319148936,1.6461033856297858,29.702732276086344,13.597801418439717,846,0.9881796690307328,0.3266078146090845,21.339603892552542,3.5724192277383757,94,0.5106382978723404,13.521563524816095,104.97088772789056,103.82624113475178,56,0.0,27.631021115928547,193.34112103809645,178.95595238095237,884,1.0,0.0,19.33649950383231,3.12262443438914,621,0.9838969404186796,0.4449439793225209,25.73127352846808,4.866774020397208,0.6474834365911049,0.0034467317163944244,"[""y@t"", ""data_quality_1@t+h"", ""throughput_2@t""]",3,4,160.0,34,0.029787234042553193,13.597801418439717,4.866774020397209,
"granularity=30,n_bins=4,on_change=chain",model,2,1869,930,0.9483870967741935,0.20056462951408544,29.23577029074256,18.158197439694337,837,0.9689366786140979,0.11848631961081037,23.211335263741553,10.341435356178687,93,0.7634408602150538,0.9392694186435611,83.45568553375166,88.50905619133522,70,0.4714285714285714,1.7754597385310904,112.92541013214316,110.79917411990752,860,0.9872093023255814,0.07237549273363154,22.423822861791354,10.617652826188614,663,0.9607843137254902,0.13880750428775468,25.299680839532286,11.419568186850185,0.6572323220756143,0.004699165001511574,"[""y@t"", ""data_quality_1@t+h"", ""throughput_1@t"", ""throughput_2@t""]",4,4,640.0,57,0.041935483870967745,15.63225806451613,6.114127702362997,
"granularity=30,n_bins=4,on_change=chain",ar,2,1869,930,0.9204301075268817,0.3177362738228585,33.69919191346553,22.438650473947998,837,0.9689366786140979,0.14155284440395002,25.41694639277407,12.825992476813466,93,0.4838709677419355,1.9033871385930345,108.2394015996888,108.95257244815879,70,0.04285714285714286,3.258786923229478,160.14319864584647,148.42807620890787,860,0.9918604651162791,0.07834843026650568,23.407237877108958,12.183697216451266,663,0.9607843137254902,0.1600858696774259,27.325607600873635,13.930270660614527,0.6475880909998625,0.004699165001511574,"[""y@t"", ""data_quality_1@t+h"", ""throughput_1@t"", ""throughput_2@t""]",4,4,640.0,57,0.041935483870967745,15.63225806451613,6.114127702362997,
"granularity=30,n_bins=4,on_change=chain",persistence,2,1869,930,0.9247311827956989,2.079754277543009,32.553089712968216,15.63225806451613,837,0.973715651135006,0.7262633985070824,23.75856787243867,4.843090402230188,93,0.4838709677419355,14.261172188866347,111.70378627773417,112.73476702508957,70,0.0,27.631021115928537,178.2020433785653,165.75095238095236,860,1.0,0.0,20.697942321582417,3.413294573643411,663,0.9668174962292609,0.9168664623686698,27.36563464649131,6.114127702362997,0.8012275523838891,0.004699165001511574,"[""y@t"", ""data_quality_1@t+h"", ""throughput_1@t"", ""throughput_2@t""]",4,4,640.0,57,0.041935483870967745,15.63225806451613,6.114127702362997,
"granularity=30,n_bins=4,on_change=chain",model,3,2799,930,0.9591397849462365,0.15936630712404623,25.848595310006555,14.752526292025214,837,0.9796893667861409,0.09599196007501615,20.63663331659005,7.86112526742246,93,0.7741935483870968,0.7297354305653168,72.75625325075514,76.77513551345004,79,0.569620253164557,1.379650980900807,93.65704096747362,86.047390144682,851,0.9952996474735605,0.04608488617414711,19.553804232521365,8.13408417174333,643,0.973561430793157,0.11404845668018865,23.05184807374875,9.187823685522536,0.5742693368069607,0.0060214512050151825,"[""y@t"", ""data_quality_1@t+h"", ""throughput_1@t"", ""cores_1@t""]",4,4,960.0,143,0.08172043010752689,16.898172043010753,6.290772420943494,
"granularity=30,n_bins=4,on_change=chain",ar,3,2799,930,0.9204301075268817,0.316269902329472,32.82676859966702,22.503841714431204,837,0.9796893667861409,0.12252604460689306,23.376456332250246,11.692295280843453,93,0.3870967741935484,2.059964621832682,117.87957900641801,119.80775961672096,79,0.06329113924050633,3.0738542694061395,157.7248056574495,144.7652534985154,851,1.0,0.06027793405795998,21.232238720037387,11.154074933064987,643,0.973561430793157,0.13923874837218467,25.551049422729587,13.224366395490874,0.5547554697554697,0.0060214512050151825,"[""y@t"", ""data_quality_1@t+h"", ""throughput_1@t"", ""cores_1@t""]",4,4,960.0,143,0.08172043010752689,16.898172043010753,6.290772420943494,
"granularity=30,n_bins=4,on_change=chain",persistence,3,2799,930,0.9150537634408602,2.347151256084253,31.973061739914474,16.898172043010756,837,0.973715651135006,0.7262633985070824,21.89417382171043,4.832696136997218,93,0.3870967741935484,16.935141974278785,122.68305300375083,125.4874551971326,79,0.0,27.631021115928537,176.97779455080024,161.9772151898734,851,1.0,0.0,18.51198783620122,3.4301997649823797,643,0.9657853810264385,0.9453848593319254,25.508563039220366,6.290772420943494,0.5533157309616453,0.0060214512050151825,"[""y@t"", ""data_quality_1@t+h"", ""throughput_1@t"", ""cores_1@t""]",4,4,960.0,143,0.08172043010752689,16.898172043010753,6.290772420943494,
"granularity=30,n_bins=4,on_change=chain",model,4,3729,940,0.9712765957446808,0.10593065921454559,23.233642386765016,11.849970706921564,846,0.9822695035460993,0.06883318654322984,20.169664226225787,6.839677042266071,94,0.8723404255319149,0.4398079132563873,50.809445831618035,56.942613688821005,65,0.6153846153846154,1.1261812756834502,82.79552703964029,84.42800273129706,875,0.9977142857142857,0.03014061341971267,18.80904524112285,6.458459756539384,582,0.9742268041237113,0.09349514516428144,24.05218969032243,9.134378444158898,0.6485201363799507,0.007260795682668686,"[""y@t"", ""data_quality_1@t+h"", ""throughput_1@t"", ""avg_p_latency_1@t""]",4,4,640.0,110,0.009574468085106383,13.842695035460993,6.566781214203894,
"granularity=30,n_bins=4,on_change=chain",ar,4,3729,940,0.9319148936170213,0.27522116145495945,30.497132077978662,20.3295061989432,846,0.9810874704491725,0.11118675271613074,23.263619042412376,12.239204410931286,94,0.48936170212765956,1.7515308401044165,95.59874939807517,93.14222229105047,65,0.03076923076923077,3.091791054025925,151.43430806585124,141.37288587945542,875,0.9988571428571429,0.06599025514968768,21.51322757602241,11.337712279819439,582,0.9725085910652921,0.12879142537194285,25.830586966770976,14.263906250922417,0.5489717884454727,0.007260795682668686,"[""y@t"", ""data_quality_1@t+h"", ""throughput_1@t"", ""avg_p_latency_1@t""]",4,4,640.0,110,0.009574468085106383,13.842695035460993,6.566781214203894,
"granularity=30,n_bins=4,on_change=chain",persistence,4,3729,940,0.9308510638297872,1.910655715463144,29.184647395462626,13.842695035460999,846,0.9799054373522459,0.5552332848354437,21.367823656654945,4.517572892040985,94,0.48936170212765956,14.10945759111245,99.5360610447317,97.7687943262411,65,0.0,27.631021115928547,170.49893671547542,158.89179487179484,875,1.0,0.0,18.687014474547393,3.0676190476190563,582,0.9707903780068728,0.8070916820803872,26.442689339179385,6.566781214203895,0.6047219106152072,0.007260795682668686,"[""y@t"", ""data_quality_1@t+h"", ""throughput_1@t"", ""avg_p_latency_1@t""]",4,4,640.0,110,0.009574468085106383,13.842695035460993,6.566781214203894,
"granularity=30,n_bins=4,on_change=chain",model,5,4669,930,0.9741935483870968,0.11612503560302756,26.696890003600323,10.894097723515369,837,0.985663082437276,0.058277964735864426,23.344690582578167,4.797067854674355,93,0.8709677419354839,0.6367486734074956,56.86668479279971,65.7673665430845,61,0.6557377049180327,1.2734806662165952,84.8003993283305,88.63261117825782,869,0.996547756041427,0.034883731267667785,22.618277726490376,5.437194017256117,636,0.9811320754716981,0.07072833961237424,26.466510877926243,5.395105465451226,0.6107139435063602,0.008641611784696579,"[""y@t"", ""data_quality_1@t+h"", ""avg_p_latency_1@t""]",3,4,160.0,82,0.007526881720430108,12.904946236559137,4.936477987421384,
"granularity=30,n_bins=4,on_change=chain",ar,5,4669,930,0.9344086021505377,0.26277808494287125,32.44098601338586,19.721351261566006,837,0.985663082437276,0.1001937241803861,25.67406788394549,11.68866000130603,93,0.4731182795698925,1.7260373318052376,93.34324917834925,92.01557260390582,61,0.0,3.0827560899345285,150.92567068452504,141.88333971554803,869,1.0,0.06482796031169619,24.123879264318557,11.146113867212843,636,0.9811320754716981,0.10681892544278482,27.606184513540207,12.462381756375645,0.594958988380041,0.008641611784696579,"[""y@t"", ""data_quality_1@t+h"", ""avg_p_latency_1@t""]",3,4,160.0,82,0.007526881720430108,12.904946236559137,4.936477987421384,
"granularity=30,n_bins=4,on_change=chain",persistence,5,4669,930,0.9344086021505377,1.812357299001765,31.644669458982577,12.904946236559143,837,0.985663082437276,0.3961436719129541,24.352781062162787,3.7510155316606943,93,0.4731182795698925,14.558279942801061,97.2716650303607,95.29032258064517,61,0.0,27.631021115928537,168.8205415732368,159.63114754098365,869,1.0,0.0,22.015523085024576,2.605408515535099,636,0.9811320754716981,0.5213400210552556,28.5849966121713,4.936477987421385,0.5955660635964912,0.008641611784696579,"[""y@t"", ""data_quality_1@t+h"", ""avg_p_latency_1@t""]",3,4,160.0,82,0.007526881720430108,12.904946236559137,4.936477987421384,
"granularity=30,n_bins=10",model,1,929,940,0.9106382978723404,0.37701199266205265,22.29082780648716,14.403969448608597,846,0.975177304964539,0.11547944750276644,13.914932036920119,5.161844208858061,94,0.32978723404255317,2.7308048990956286,97.67388973259051,97.58309660636347,83,0.012048192771084338,3.8033144851097767,118.28993862858427,117.86065450646569,857,0.9976662777129521,0.04517639537715058,12.99336433130156,4.384243824568764,621,0.966183574879227,0.1491039053575882,14.477637428490171,5.825890841399277,0.431346064140733,0.003669979050755501,"[""y@t"", ""data_quality_1@t+h"", ""data_quality_1@t"", ""throughput_2@t""]",4,10,10000.0,102,0.19361702127659575,13.597801418439717,4.866774020397209,
"granularity=30,n_bins=10",ar,1,929,940,0.9106382978723404,0.4347011683382621,23.708332462652194,18.91839178510784,846,0.975177304964539,0.1645094075303022,15.181408569610012,9.842694199252449,94,0.32978723404255317,2.866427015609902,100.45064750003186,100.59967005780638,83,0.012048192771084338,3.9967499894280665,122.02127401940449,121.24971592505769,857,0.9976662777129521,0.08971861040307696,14.186775695778872,9.007656775054354,621,0.966183574879227,0.19609391710209276,14.713932403860852,10.634662547016783,0.431346064140733,0.003669979050755501,"[""y@t"", ""data_quality_1@t+h"", ""data_quality_1@t"", ""throughput_2@t""]",4,10,10000.0,102,0.19361702127659575,13.597801418439717,4.866774020397209,
"granularity=30,n_bins=10",persistence,1,929,940,0.9117021276595745,2.439760375129861,23.529541840088164,13.59780141843972,846,0.9763593380614657,0.653215629218169,14.556166216379829,3.572419227738383,94,0.32978723404255317,18.518663088335085,104.28992245346318,103.82624113475177,83,0.0,27.631021115928544,136.34086062265797,134.36586345381525,857,1.0,0.0,12.60382485181127,1.9014780241151366,621,0.9677938808373591,0.8898879586450418,16.53734007747613,4.866774020397207,0.4858198134876698,0.003669979050755501,"[""y@t"", ""data_quality_1@t+h"", ""data_quality_1@t"", ""throughput_2@t""]",4,10,10000.0,102,0.19361702127659575,13.597801418439717,4.866774020397209,
"granularity=30,n_bins=10",model,2,1869,930,0.8913978494623656,0.39364009260182387,24.518778937296517,19.275640606282934,837,0.954599761051374,0.16347264691119193,16.5582840583897,10.659522500290716,93,0.3225806451612903,2.465147103817512,96.16323284745786,96.82070356021292,83,0.03614457831325301,3.572137057083448,124.82029814661384,121.21729928972326,847,0.9752066115702479,0.08216990599972858,14.689940573219376,9.286080192203187,663,0.942684766214178,0.19427847435608364,18.104197662793812,12.161322263868875,0.5138189261209051,0.0050642527639865875,"[""y@t"", ""data_quality_1@t+h"", ""throughput_2@t""]",3,10,1000.0,85,0.08602150537634409,15.63225806451613,6.114127702362997,
"granularity=30,n_bins=10",ar,2,1869,930,0.8913978494623656,0.466648289622956,26.165772755329627,23.33736896360431,837,0.954599761051374,0.19253776596890915,17.027925867945406,13.827174308754392,93,0.3225806451612903,2.9336430025093767,108.40639474178762,108.9291208572536,83,0.03614457831325301,4.041492846428957,138.15908601757488,134.62296019395146,847,0.9752066115702479,0.11633884663016011,15.191221396691665,12.432169350713151,663,0.942684766214178,0.2229213321192106,17.789803383453666,15.381973507497333,0.5138189261209051,0.0050642527639865875,"[""y@t"", ""data_quality_1@t+h"", ""throughput_2@t""]",3,10,1000.0,85,0.08602150537634409,15.63225806451613,6.114127702362997,
"granularity=30,n_bins=10",persistence,2,1869,930,0.910752688172043,2.4659943576581393,24.195188466121714,15.63225806451613,837,0.97610513739546,0.6602394531882568,14.421069590377753,4.843090402230187,93,0.3225806451612903,18.717788497887078,112.16225834781736,112.73476702508957,83,0.0,27.631021115928544,155.11095117416514,151.56064257028112,847,1.0,0.0,11.366371105120999,2.3122392758756396,663,0.9698340874811463,0.8335149657896997,16.415210276692797,6.114127702362997,0.6715443376745751,0.0050642527639865875,"[""y@t"", ""data_quality_1@t+h"", ""throughput_2@t""]",3,10,1000.0,85,0.08602150537634409,15.63225806451613,6.114127702362997,
"granularity=30,n_bins=10",model,3,2799,930,0.8849462365591397,0.4353547779502643,22.607421250236733,15.234918435562518,837,0.9581839904420549,0.1815628307680006,12.860056595442256,4.576667517559124,93,0.22580645161290322,2.719482302590638,110.33370314338701,111.15917669759304,112,0.044642857142857144,3.4077391223144278,109.88097474350697,106.76118936746468,818,1.0,0.02837794840407077,10.657986053114152,2.703204078138259,643,0.9455676516329704,0.2339498376575825,14.638328501142885,5.801353890668938,0.4868139144895558,0.006511548534035683,"[""y@t"", ""data_quality_1@t+h"", ""data_quality_1@t""]",3,10,1000.0,177,0.05161290322580645,16.898172043010753,6.290772420943494,
"granularity=30,n_bins=10",ar,3,2799,930,0.8849462365591397,0.5221729038421591,24.876631298341973,22.218345214834866,837,0.9581839904420549,0.23315748764705757,14.371233223512526,11.327922001547392,93,0.22580645161290322,3.123311649598073,119.42521397180703,120.23215413442216,112,0.044642857142857144,3.7362858100320264,117.72207777037845,115.00788101801263,818,1.0,0.0820987650973361,12.16429632906559,9.513665496062364,643,0.9455676516329704,0.2825888304263523,14.88732256620392,12.736402914561523,0.4868139144895558,0.006511548534035683,"[""y@t"", ""data_quality_1@t+h"", ""data_quality_1@t""]",3,10,1000.0,177,0.05161290322580645,16.898172043010753,6.290772420943494,
"granularity=30,n_bins=10",persistence,3,2799,930,0.8795698924731182,3.3276068440688142,24.86289875935073,16.898172043010756,837,0.9522102747909199,1.3204789063765137,13.774251940172194,4.832696136997218,93,0.22580645161290322,21.391758283299517,124.66072013195752,125.4874551971326,112,0.0,27.631021115928547,130.22792931543623,127.10565476190474,818,1.0,0.0,10.436390908150756,1.8086389568052215,643,0.937791601866252,1.7188815624216827,15.962673837426522,6.290772420943494,0.48606700997368407,0.006511548534035683,"[""y@t"", ""data_quality_1@t+h"", ""data_quality_1@t""]",3,10,1000.0,177,0.05161290322580645,16.898172043010753,6.290772420943494,
"granularity=30,n_bins=10",model,4,3729,940,0.9180851063829787,0.3459658482382767,19.672109950361474,14.539041195492423,846,0.9787234042553191,0.12656783397884708,13.654382956828897,8.002109678472038,94,0.3723404255319149,2.320547976573143,73.83165289215464,73.37142484867586,85,0.09411764705882353,3.224213086008959,100.43157939286526,99.19043389852257,855,1.0,0.059824309980372664,11.643390766018989,6.123405663612234,582,0.9690721649484536,0.171340793727504,15.902018164158479,10.51117902982949,0.6080568523102072,0.008055450394749641,"[""y@t"", ""data_quality_1@t+h"", ""data_quality_2@t+h""]",3,10,1000.0,202,0.045744680851063826,13.842695035460993,6.566781214203894,
"granularity=30,n_bins=10",ar,4,3729,940,0.9117021276595745,0.43967020772432003,23.46246055869263,19.770465308343162,846,0.9787234042553191,0.17185690225971087,15.638915563083899,11.60202057083798,94,0.30851063829787234,2.849989956905803,93.87436551917128,93.2864679458898,85,0.023529411764705882,3.799047593902779,121.81717637180132,120.34633209417227,855,1.0,0.10569701728552598,13.684506355050244,9.771694926126234,582,0.9690721649484536,0.2137634285598741,16.33865073190429,13.314151345487982,0.6052714035340943,0.008055450394749641,"[""y@t"", ""data_quality_1@t+h"", ""data_quality_2@t+h""]",3,10,1000.0,202,0.045744680851063826,13.842695035460993,6.566781214203894,
"granularity=30,n_bins=10",persistence,4,3729,940,0.9095744680851063,2.4985497817594964,21.197609497691932,13.842695035460991,846,0.9763593380614657,0.653215629218169,12.643674421135415,4.517572892040977,94,0.30851063829787234,19.106557154631442,98.18302518670063,97.7687943262411,85,0.0,27.63102111592854,135.63036804901233,134.0062745098039,855,1.0,0.0,9.821253384402771,1.8966081871345022,582,0.9656357388316151,0.9495196259769261,15.336198414661476,6.566781214203894,0.6050874339907932,0.008055450394749641,"[""y@t"", ""data_quality_1@t+h"", ""data_quality_2@t+h""]",3,10,1000.0,202,0.045744680851063826,13.842695035460993,6.566781214203894,
"granularity=30,n_bins=10",model,5,4669,930,0.9204301075268817,0.2836631771716522,20.07427230159401,12.198720414178686,837,0.985663082437276,0.08069137351431281,13.233354509848727,4.470934903825366,93,0.3333333333333333,2.1104094100877067,81.64253242730155,81.74879000735855,74,0.0,3.2475932981188116,114.93407620237328,114.63465486846584,856,1.0,0.027435573257995907,11.873775235405152,3.343277482382833,636,0.9811320754716981,0.09980913268457066,14.74659762300028,5.1090054070120114,0.4716481732274487,0.00966658629477024,"[""y@t"", ""data_quality_1@t+h"", ""avg_p_latency_1@t""]",3,10,1000.0,238,0.024731182795698924,12.904946236559137,4.936477987421384,
"granularity=30,n_bins=10",ar,5,4669,930,0.9204301075268817,0.39388650946686626,23.817769332064795,19.392185356202518,837,0.985663082437276,0.14675544129549462,16.328349714222416,11.297993562023754,93,0.3333333333333333,2.618066123009211,91.22254589264618,92.23991150381143,74,0.0,3.829972411903331,127.58495498964172,127.14456317296181,856,1.0,0.09684170014408788,14.847241599984544,10.077143348678932,636,0.9811320754716981,0.16580467120925751,16.641425117821363,11.78470504934152,0.4716481732274487,0.00966658629477024,"[""y@t"", ""data_quality_1@t+h"", ""avg_p_latency_1@t""]",3,10,1000.0,238,0.024731182795698924,12.904946236559137,4.936477987421384,
"granularity=30,n_bins=10",persistence,5,4669,930,0.9204301075268817,2.1985973791168956,21.66505987717639,12.904946236559146,837,0.985663082437276,0.3961436719129541,13.564488966923738,3.751015531660699,93,0.3333333333333333,18.420680743952364,94.57019806945019,95.29032258064518,74,0.0,27.631021115928544,141.41010703139426,140.85945945945946,856,1.0,0.0,11.313268417582787,1.84345794392524,636,0.9811320754716981,0.5213400210552556,15.929045709693668,4.936477987421385,0.47198061938032826,0.00966658629477024,"[""y@t"", ""data_quality_1@t+h"", ""avg_p_latency_1@t""]",3,10,1000.0,238,0.024731182795698924,12.904946236559137,4.936477987421384,
"granularity=30,n_bins=10,on_change=static",model,1,929,940,0.9085106382978724,0.4294535310168672,22.605016540757703,14.919756694038002,846,0.975177304964539,0.11547944750276644,13.914932036920119,5.161844208858061,94,0.30851063829787234,3.255220282643775,100.81577707529597,102.74096906065749,83,0.060240963855421686,4.132197120904603,109.66376889156811,110.87986849838639,857,0.9906651108518086,0.07084475860066883,14.17342208904561,5.62607025324347,621,0.966183574879227,0.1491039053575882,14.477637428490171,5.825890841399277,0.43829255476658313,0.0036538224667310715,"[""y@t"", ""data_quality_1@t+h"", ""data_quality_1@t"", ""throughput_2@t""]",4,10,10000.0,102,0.19361702127659575,13.597801418439717,4.866774020397209,"[""buffer_size_3@t"", ""buffer_size_2@t""]"
"granularity=30,n_bins=10,on_change=static",ar,1,929,940,0.9106382978723404,0.4347011683382621,23.708332462652194,18.91839178510784,846,0.975177304964539,0.1645094075303022,15.181408569610012,9.842694199252449,94,0.32978723404255317,2.866427015609902,100.45064750003186,100.59967005780638,83,0.012048192771084338,3.9967499894280665,122.02127401940449,121.24971592505769,857,0.9976662777129521,0.08971861040307696,14.186775695778872,9.007656775054354,621,0.966183574879227,0.19609391710209276,14.713932403860852,10.634662547016783,0.431346064140733,0.0036538224667310715,"[""y@t"", ""data_quality_1@t+h"", ""data_quality_1@t"", ""throughput_2@t""]",4,10,10000.0,102,0.19361702127659575,13.597801418439717,4.866774020397209,"[""buffer_size_3@t"", ""buffer_size_2@t""]"
"granularity=30,n_bins=10,on_change=static",persistence,1,929,940,0.9117021276595745,2.439760375129861,23.529541840088164,13.59780141843972,846,0.9763593380614657,0.653215629218169,14.556166216379829,3.572419227738383,94,0.32978723404255317,18.518663088335085,104.28992245346318,103.82624113475177,83,0.0,27.631021115928544,136.34086062265797,134.36586345381525,857,1.0,0.0,12.60382485181127,1.9014780241151366,621,0.9677938808373591,0.8898879586450418,16.53734007747613,4.866774020397207,0.4858198134876698,0.0036538224667310715,"[""y@t"", ""data_quality_1@t+h"", ""data_quality_1@t"", ""throughput_2@t""]",4,10,10000.0,102,0.19361702127659575,13.597801418439717,4.866774020397209,"[""buffer_size_3@t"", ""buffer_size_2@t""]"
"granularity=30,n_bins=10,on_change=static",model,2,1869,930,0.921505376344086,0.2867542150361104,22.289189781966716,17.092717769657927,837,0.954599761051374,0.16347264691119193,16.5582840583897,10.659522500290716,93,0.6236559139784946,1.3962883281603768,73.86734129415987,74.99147519396281,83,0.43373493975903615,2.2306074943854473,93.11780551547979,90.8191016718913,847,0.9693034238488784,0.09627036357684837,15.348487177620097,9.86805441206009,663,0.942684766214178,0.19427847435608364,18.104197662793812,12.161322263868875,0.5298741382874924,0.0050452761352062225,"[""y@t"", ""data_quality_1@t+h"", ""throughput_2@t""]",3,10,1000.0,85,0.08602150537634409,15.63225806451613,6.114127702362997,"[""data_quality_1@t+h""]"
"granularity=30,n_bins=10,on_change=static",ar,2,1869,930,0.8913978494623656,0.466648289622956,26.165772755329627,23.33736896360431,837,0.954599761051374,0.19253776596890915,17.027925867945406,13.827174308754392,93,0.3225806451612903,2.9336430025093767,108.40639474178762,108.9291208572536,83,0.03614457831325301,4.041492846428957,138.15908601757488,134.62296019395146,847,0.9752066115702479,0.11633884663016011,15.191221396691665,12.432169350713151,663,0.942684766214178,0.2229213321192106,17.789803383453666,15.381973507497333,0.5138189261209051,0.0050452761352062225,"[""y@t"", ""data_quality_1@t+h"", ""throughput_2@t""]",3,10,1000.0,85,0.08602150537634409,15.63225806451613,6.114127702362997,"[""data_quality_1@t+h""]"
"granularity=30,n_bins=10,on_change=static",persistence,2,1869,930,0.910752688172043,2.4659943576581393,24.195188466121714,15.63225806451613,837,0.97610513739546,0.6602394531882568,14.421069590377753,4.843090402230187,93,0.3225806451612903,18.717788497887078,112.16225834781736,112.73476702508957,83,0.0,27.631021115928544,155.11095117416514,151.56064257028112,847,1.0,0.0,11.366371105120999,2.3122392758756396,663,0.9698340874811463,0.8335149657896997,16.415210276692797,6.114127702362997,0.6715443376745751,0.0050452761352062225,"[""y@t"", ""data_quality_1@t+h"", ""throughput_2@t""]",3,10,1000.0,85,0.08602150537634409,15.63225806451613,6.114127702362997,"[""data_quality_1@t+h""]"
"granularity=30,n_bins=10,on_change=static",model,3,2799,930,0.910752688172043,0.39693325335593455,20.39575301813919,13.004584767741306,837,0.9581839904420549,0.1815628307680006,12.860056595442256,4.576667517559124,93,0.4838709677419355,2.3352670566473397,88.21702082241156,88.85584001938095,112,0.2857142857142857,3.0488333771303724,90.217767971035,86.97085342268285,818,0.9963325183374083,0.03383690389048578,10.835770530701128,2.8771739005610466,643,0.9455676516329704,0.2339498376575825,14.638328501142885,5.801353890668938,0.5034497215292505,0.006555724889039993,"[""y@t"", ""data_quality_1@t+h"", ""data_quality_1@t""]",3,10,1000.0,177,0.05161290322580645,16.898172043010753,6.290772420943494,"[""data_quality_1@t+h"", ""buffer_size_3@t""]"
"granularity=30,n_bins=10,on_change=static",ar,3,2799,930,0.8849462365591397,0.5221729038421591,24.876631298341973,22.218345214834866,837,0.9581839904420549,0.23315748764705757,14.371233223512526,11.327922001547392,93,0.22580645161290322,3.123311649598073,119.42521397180703,120.23215413442216,112,0.044642857142857144,3.7362858100320264,117.72207777037845,115.00788101801263,818,1.0,0.0820987650973361,12.16429632906559,9.513665496062364,643,0.9455676516329704,0.2825888304263523,14.88732256620392,12.736402914561523,0.4868139144895558,0.006555724889039993,"[""y@t"", ""data_quality_1@t+h"", ""data_quality_1@t""]",3,10,1000.0,177,0.05161290322580645,16.898172043010753,6.290772420943494,"[""data_quality_1@t+h"", ""buffer_size_3@t""]"
"granularity=30,n_bins=10,on_change=static",persistence,3,2799,930,0.8795698924731182,3.3276068440688142,24.86289875935073,16.898172043010756,837,0.9522102747909199,1.3204789063765137,13.774251940172194,4.832696136997218,93,0.22580645161290322,21.391758283299517,124.66072013195752,125.4874551971326,112,0.0,27.631021115928547,130.22792931543623,127.10565476190474,818,1.0,0.0,10.436390908150756,1.8086389568052215,643,0.937791601866252,1.7188815624216827,15.962673837426522,6.290772420943494,0.48606700997368407,0.006555724889039993,"[""y@t"", ""data_quality_1@t+h"", ""data_quality_1@t""]",3,10,1000.0,177,0.05161290322580645,16.898172043010753,6.290772420943494,"[""data_quality_1@t+h"", ""buffer_size_3@t""]"
"granularity=30,n_bins=10,on_change=static",model,4,3729,940,0.9276595744680851,0.352202022192437,20.38905386064275,15.29743702231536,846,0.9787234042553191,0.12656783397884708,13.654382956828897,8.002109678472038,94,0.46808510638297873,2.3829097161147463,81.00109199496744,80.95538311690527,85,0.23529411764705882,3.1132410062346936,100.05112176894117,99.50942369812194,855,0.9964912280701754,0.07771276646893775,12.469433074437646,6.925485130568508,582,0.9690721649484536,0.171340793727504,15.902018164158479,10.51117902982949,0.6420822661014347,0.008026761934161186,"[""y@t"", ""data_quality_1@t+h"", ""data_quality_2@t+h""]",3,10,1000.0,202,0.045744680851063826,13.842695035460993,6.566781214203894,"[""buffer_size_3@t"", ""data_quality_3@t+h""]"
"granularity=30,n_bins=10,on_change=static",ar,4,3729,940,0.9117021276595745,0.43967020772432003,23.46246055869263,19.770465308343162,846,0.9787234042553191,0.17185690225971087,15.638915563083899,11.60202057083798,94,0.30851063829787234,2.849989956905803,93.87436551917128,93.2864679458898,85,0.023529411764705882,3.799047593902779,121.81717637180132,120.34633209417227,855,1.0,0.10569701728552598,13.684506355050244,9.771694926126234,582,0.9690721649484536,0.2137634285598741,16.33865073190429,13.314151345487982,0.6052714035340943,0.008026761934161186,"[""y@t"", ""data_quality_1@t+h"", ""data_quality_2@t+h""]",3,10,1000.0,202,0.045744680851063826,13.842695035460993,6.566781214203894,"[""buffer_size_3@t"", ""data_quality_3@t+h""]"
"granularity=30,n_bins=10,on_change=static",persistence,4,3729,940,0.9095744680851063,2.4985497817594964,21.197609497691932,13.842695035460991,846,0.9763593380614657,0.653215629218169,12.643674421135415,4.517572892040977,94,0.30851063829787234,19.106557154631442,98.18302518670063,97.7687943262411,85,0.0,27.63102111592854,135.63036804901233,134.0062745098039,855,1.0,0.0,9.821253384402771,1.8966081871345022,582,0.9656357388316151,0.9495196259769261,15.336198414661476,6.566781214203894,0.6050874339907932,0.008026761934161186,"[""y@t"", ""data_quality_1@t+h"", ""data_quality_2@t+h""]",3,10,1000.0,202,0.045744680851063826,13.842695035460993,6.566781214203894,"[""buffer_size_3@t"", ""data_quality_3@t+h""]"
"granularity=30,n_bins=10,on_change=static",model,5,4669,930,0.943010752688172,0.27669612274645883,18.248091749907108,10.560538080681708,837,0.985663082437276,0.08069137351431281,13.233354509848727,4.470934903825366,93,0.5591397849462365,2.0407388658357735,63.3807269104325,65.36696667238878,74,0.3783783783783784,2.929240712859402,89.67687731067723,90.0126504862483,856,0.991822429906542,0.04738736145164838,12.07317337199006,3.6920143446864655,636,0.9811320754716981,0.09980913268457066,14.74659762300028,5.1090054070120114,0.47938083579992213,0.009586360305547714,"[""y@t"", ""data_quality_1@t+h"", ""avg_p_latency_1@t""]",3,10,1000.0,238,0.024731182795698924,12.904946236559137,4.936477987421384,"[""data_quality_1@t+h"", ""buffer_size_2@t""]"
"granularity=30,n_bins=10,on_change=static",ar,5,4669,930,0.9204301075268817,0.39388650946686626,23.817769332064795,19.392185356202518,837,0.985663082437276,0.14675544129549462,16.328349714222416,11.297993562023754,93,0.3333333333333333,2.618066123009211,91.22254589264618,92.23991150381143,74,0.0,3.829972411903331,127.58495498964172,127.14456317296181,856,1.0,0.09684170014408788,14.847241599984544,10.077143348678932,636,0.9811320754716981,0.16580467120925751,16.641425117821363,11.78470504934152,0.4716481732274487,0.009586360305547714,"[""y@t"", ""data_quality_1@t+h"", ""avg_p_latency_1@t""]",3,10,1000.0,238,0.024731182795698924,12.904946236559137,4.936477987421384,"[""data_quality_1@t+h"", ""buffer_size_2@t""]"
"granularity=30,n_bins=10,on_change=static",persistence,5,4669,930,0.9204301075268817,2.1985973791168956,21.66505987717639,12.904946236559146,837,0.985663082437276,0.3961436719129541,13.564488966923738,3.751015531660699,93,0.3333333333333333,18.420680743952364,94.57019806945019,95.29032258064518,74,0.0,27.631021115928544,141.41010703139426,140.85945945945946,856,1.0,0.0,11.313268417582787,1.84345794392524,636,0.9811320754716981,0.5213400210552556,15.929045709693668,4.936477987421385,0.47198061938032826,0.009586360305547714,"[""y@t"", ""data_quality_1@t+h"", ""avg_p_latency_1@t""]",3,10,1000.0,238,0.024731182795698924,12.904946236559137,4.936477987421384,"[""data_quality_1@t+h"", ""buffer_size_2@t""]"
"granularity=30,n_bins=10,on_change=chain",model,1,929,940,0.926595744680851,0.29299662503987445,25.456823464549196,17.95318170611178,846,0.975177304964539,0.11547944750276644,13.914932036920119,5.161844208858061,94,0.48936170212765956,1.8906512228738461,129.33384631321084,133.0752191813953,83,0.37349397590361444,2.1407117560967603,114.0646713031329,116.25425573682784,857,0.9801633605600933,0.1140463848091609,16.875199928256954,8.432774302903576,621,0.966183574879227,0.1491039053575882,14.477637428490171,5.825890841399277,0.4387216515722082,0.0036603976041078568,"[""y@t"", ""data_quality_1@t+h"", ""data_quality_1@t"", ""throughput_2@t""]",4,10,10000.0,102,0.19361702127659575,13.597801418439717,4.866774020397209,
"granularity=30,n_bins=10,on_change=chain",ar,1,929,940,0.9106382978723404,0.4347011683382621,23.708332462652194,18.91839178510784,846,0.975177304964539,0.1645094075303022,15.181408569610012,9.842694199252449,94,0.32978723404255317,2.866427015609902,100.45064750003186,100.59967005780638,83,0.012048192771084338,3.9967499894280665,122.02127401940449,121.24971592505769,857,0.9976662777129521,0.08971861040307696,14.186775695778872,9.007656775054354,621,0.966183574879227,0.19609391710209276,14.713932403860852,10.634662547016783,0.431346064140733,0.0036603976041078568,"[""y@t"", ""data_quality_1@t+h"", ""data_quality_1@t"", ""throughput_2@t""]",4,10,10000.0,102,0.19361702127659575,13.597801418439717,4.866774020397209,
"granularity=30,n_bins=10,on_change=chain",persistence,1,929,940,0.9117021276595745,2.439760375129861,23.529541840088164,13.59780141843972,846,0.9763593380614657,0.653215629218169,14.556166216379829,3.572419227738383,94,0.32978723404255317,18.518663088335085,104.28992245346318,103.82624113475177,83,0.0,27.631021115928544,136.34086062265797,134.36586345381525,857,1.0,0.0,12.60382485181127,1.9014780241151366,621,0.9677938808373591,0.8898879586450418,16.53734007747613,4.866774020397207,0.4858198134876698,0.0036603976041078568,"[""y@t"", ""data_quality_1@t+h"", ""data_quality_1@t"", ""throughput_2@t""]",4,10,10000.0,102,0.19361702127659575,13.597801418439717,4.866774020397209,
"granularity=30,n_bins=10,on_change=chain",model,2,1869,930,0.9236559139784947,0.3009070658254611,24.4608967757266,19.230426016177546,837,0.954599761051374,0.16347264691119193,16.5582840583897,10.659522500290716,93,0.6451612903225806,1.5378168360538844,95.58441123175871,96.368557659159,83,0.4457831325301205,2.2980080824169486,106.68571325563792,104.7545493974477,847,0.9704840613931524,0.10520531331413478,16.40344722692773,10.849667762759099,663,0.942684766214178,0.19427847435608364,18.104197662793812,12.161322263868875,0.5239678130388774,0.0050530992448329926,"[""y@t"", ""data_quality_1@t+h"", ""throughput_2@t""]",3,10,1000.0,85,0.08602150537634409,15.63225806451613,6.114127702362997,
"granularity=30,n_bins=10,on_change=chain",ar,2,1869,930,0.8913978494623656,0.466648289622956,26.165772755329627,23.33736896360431,837,0.954599761051374,0.19253776596890915,17.027925867945406,13.827174308754392,93,0.3225806451612903,2.9336430025093767,108.40639474178762,108.9291208572536,83,0.03614457831325301,4.041492846428957,138.15908601757488,134.62296019395146,847,0.9752066115702479,0.11633884663016011,15.191221396691665,12.432169350713151,663,0.942684766214178,0.2229213321192106,17.789803383453666,15.381973507497333,0.5138189261209051,0.0050530992448329926,"[""y@t"", ""data_quality_1@t+h"", ""throughput_2@t""]",3,10,1000.0,85,0.08602150537634409,15.63225806451613,6.114127702362997,
"granularity=30,n_bins=10,on_change=chain",persistence,2,1869,930,0.910752688172043,2.4659943576581393,24.195188466121714,15.63225806451613,837,0.97610513739546,0.6602394531882568,14.421069590377753,4.843090402230187,93,0.3225806451612903,18.717788497887078,112.16225834781736,112.73476702508957,83,0.0,27.631021115928544,155.11095117416514,151.56064257028112,847,1.0,0.0,11.366371105120999,2.3122392758756396,663,0.9698340874811463,0.8335149657896997,16.415210276692797,6.114127702362997,0.6715443376745751,0.0050530992448329926,"[""y@t"", ""data_quality_1@t+h"", ""throughput_2@t""]",3,10,1000.0,85,0.08602150537634409,15.63225806451613,6.114127702362997,
"granularity=30,n_bins=10,on_change=chain",model,3,2799,930,0.9279569892473118,0.31045591217890434,20.31775780841404,12.89569084133863,837,0.9581839904420549,0.1815628307680006,12.860056595442256,4.576667517559124,93,0.6559139784946236,1.4704936448770387,87.43706872516009,87.76690075535421,112,0.44642857142857145,2.1630228505659455,78.90306803459885,75.89431204726364,818,0.9938875305623472,0.056803715235935394,12.296297239547659,4.269962754463815,643,0.9455676516329704,0.2339498376575825,14.638328501142885,5.801353890668938,0.4941336835381921,0.006573306396603584,"[""y@t"", ""data_quality_1@t+h"", ""data_quality_1@t""]",3,10,1000.0,177,0.05161290322580645,16.898172043010753,6.290772420943494,
"granularity=30,n_bins=10,on_change=chain",ar,3,2799,930,0.8849462365591397,0.5221729038421591,24.876631298341973,22.218345214834866,837,0.9581839904420549,0.23315748764705757,14.371233223512526,11.327922001547392,93,0.22580645161290322,3.123311649598073,119.42521397180703,120.23215413442216,112,0.044642857142857144,3.7362858100320264,117.72207777037845,115.00788101801263,818,1.0,0.0820987650973361,12.16429632906559,9.513665496062364,643,0.9455676516329704,0.2825888304263523,14.88732256620392,12.736402914561523,0.4868139144895558,0.006573306396603584,"[""y@t"", ""data_quality_1@t+h"", ""data_quality_1@t""]",3,10,1000.0,177,0.05161290322580645,16.898172043010753,6.290772420943494,
"granularity=30,n_bins=10,on_change=chain",persistence,3,2799,930,0.8795698924731182,3.3276068440688142,24.86289875935073,16.898172043010756,837,0.9522102747909199,1.3204789063765137,13.774251940172194,4.832696136997218,93,0.22580645161290322,21.391758283299517,124.66072013195752,125.4874551971326,112,0.0,27.631021115928547,130.22792931543623,127.10565476190474,818,1.0,0.0,10.436390908150756,1.8086389568052215,643,0.937791601866252,1.7188815624216827,15.962673837426522,6.290772420943494,0.48606700997368407,0.006573306396603584,"[""y@t"", ""data_quality_1@t+h"", ""data_quality_1@t""]",3,10,1000.0,177,0.05161290322580645,16.898172043010753,6.290772420943494,
"granularity=30,n_bins=10,on_change=chain",model,4,3729,940,0.9531914893617022,0.22025469043346854,18.946491247501445,14.15014499068476,846,0.9787234042553191,0.12656783397884708,13.654382956828897,8.002109678472038,94,0.723404255319149,1.0634363985250619,66.57546586355434,69.48246280059925,85,0.5411764705882353,1.6220664843527732,83.33007616667967,84.3860859921179,855,0.9941520467836257,0.0808932840204382,12.545783974834603,7.167624540249887,582,0.9690721649484536,0.171340793727504,15.902018164158479,10.51117902982949,0.5619526704039979,0.008029928430914879,"[""y@t"", ""data_quality_1@t+h"", ""data_quality_2@t+h""]",3,10,1000.0,202,0.045744680851063826,13.842695035460993,6.566781214203894,
"granularity=30,n_bins=10,on_change=chain",ar,4,3729,940,0.9117021276595745,0.43967020772432003,23.46246055869263,19.770465308343162,846,0.9787234042553191,0.17185690225971087,15.638915563083899,11.60202057083798,94,0.30851063829787234,2.849989956905803,93.87436551917128,93.2864679458898,85,0.023529411764705882,3.799047593902779,121.81717637180132,120.34633209417227,855,1.0,0.10569701728552598,13.684506355050244,9.771694926126234,582,0.9690721649484536,0.2137634285598741,16.33865073190429,13.314151345487982,0.6052714035340943,0.008029928430914879,"[""y@t"", ""data_quality_1@t+h"", ""data_quality_2@t+h""]",3,10,1000.0,202,0.045744680851063826,13.842695035460993,6.566781214203894,
"granularity=30,n_bins=10,on_change=chain",persistence,4,3729,940,0.9095744680851063,2.4985497817594964,21.197609497691932,13.842695035460991,846,0.9763593380614657,0.653215629218169,12.643674421135415,4.517572892040977,94,0.30851063829787234,19.106557154631442,98.18302518670063,97.7687943262411,85,0.0,27.63102111592854,135.63036804901233,134.0062745098039,855,1.0,0.0,9.821253384402771,1.8966081871345022,582,0.9656357388316151,0.9495196259769261,15.336198414661476,6.566781214203894,0.6050874339907932,0.008029928430914879,"[""y@t"", ""data_quality_1@t+h"", ""data_quality_2@t+h""]",3,10,1000.0,202,0.045744680851063826,13.842695035460993,6.566781214203894,
"granularity=30,n_bins=10,on_change=chain",model,5,4669,930,0.9655913978494624,0.1687245160587627,17.380051345242865,9.673316448577296,837,0.985663082437276,0.08069137351431281,13.233354509848727,4.470934903825366,93,0.7849462365591398,0.9610227989588119,54.70032286379014,56.49475035134468,74,0.6081081081081081,1.6747440108452534,72.67396023745373,72.33467451518193,856,0.9964953271028038,0.03853124197675301,12.599970436336788,4.256329886744653,636,0.9811320754716981,0.09980913268457066,14.74659762300028,5.1090054070120114,0.4925468894446492,0.009601835161447525,"[""y@t"", ""data_quality_1@t+h"", ""avg_p_latency_1@t""]",3,10,1000.0,238,0.024731182795698924,12.904946236559137,4.936477987421384,
"granularity=30,n_bins=10,on_change=chain",ar,5,4669,930,0.9204301075268817,0.39388650946686626,23.817769332064795,19.392185356202518,837,0.985663082437276,0.14675544129549462,16.328349714222416,11.297993562023754,93,0.3333333333333333,2.618066123009211,91.22254589264618,92.23991150381143,74,0.0,3.829972411903331,127.58495498964172,127.14456317296181,856,1.0,0.09684170014408788,14.847241599984544,10.077143348678932,636,0.9811320754716981,0.16580467120925751,16.641425117821363,11.78470504934152,0.4716481732274487,0.009601835161447525,"[""y@t"", ""data_quality_1@t+h"", ""avg_p_latency_1@t""]",3,10,1000.0,238,0.024731182795698924,12.904946236559137,4.936477987421384,
"granularity=30,n_bins=10,on_change=chain",persistence,5,4669,930,0.9204301075268817,2.1985973791168956,21.66505987717639,12.904946236559146,837,0.985663082437276,0.3961436719129541,13.564488966923738,3.751015531660699,93,0.3333333333333333,18.420680743952364,94.57019806945019,95.29032258064518,74,0.0,27.631021115928544,141.41010703139426,140.85945945945946,856,1.0,0.0,11.313268417582787,1.84345794392524,636,0.9811320754716981,0.5213400210552556,15.929045709693668,4.936477987421385,0.47198061938032826,0.009601835161447525,"[""y@t"", ""data_quality_1@t+h"", ""avg_p_latency_1@t""]",3,10,1000.0,238,0.024731182795698924,12.904946236559137,4.936477987421384,
granularity=30,model,1,929,940,0.8840425531914894,0.6538638073376339,15.550543737083126,15.094070757598478,846,0.958628841607565,0.22252931189022057,6.520093540052786,5.89575043855357,94,0.2127659574468085,4.535874266364354,96.82459551035619,97.87895362900267,107,0.0,5.11779534534561,95.55480958898032,95.82801233900318,833,0.9975990396158463,0.08046563858991079,5.273885338340029,4.7236845040446935,621,0.9436392914653784,0.2882188834011152,7.301266019037844,6.66250608926735,0.4515023854202128,0.003968380391597748,"[""y@t"", ""data_quality_1@t+h"", ""data_quality_1@t"", ""throughput_2@t""]",4,20,40000.0,125,0.2851063829787234,13.597801418439717,4.866774020397209,
granularity=30,ar,1,929,940,0.8840425531914894,0.7202162746802732,18.713491985227897,19.083744743835517,846,0.958628841607565,0.2808222607057436,9.729628315205632,10.029084494521584,94,0.2127659574468085,4.674762400451039,99.5682650154283,100.57568698766092,107,0.0,5.281067797961825,98.12015624076236,98.1650177895226,833,0.9975990396158463,0.13436860002105827,8.51359633655781,8.925646045289875,621,0.9436392914653784,0.3473124558769941,10.021268720963022,10.609712979793551,0.4515023854202128,0.003968380391597748,"[""y@t"", ""data_quality_1@t+h"", ""data_quality_1@t"", ""throughput_2@t""]",4,20,40000.0,125,0.2851063829787234,13.597801418439717,4.866774020397209,
granularity=30,persistence,1,929,940,0.8861702127659574,3.1452332546854835,16.387383833978188,13.59780141843972,846,0.9609929078014184,1.0778057882099787,6.725826521596363,3.5724192277383837,94,0.2127659574468085,21.752080452965025,103.3413996454146,103.82624113475178,107,0.0,27.631021115928544,109.78074401581553,108.96292834890966,833,1.0,0.0,4.390877784210362,1.3480192076830808,621,0.9468599033816425,1.4683151317643188,8.921340199113391,4.866774020397209,0.4635681992753159,0.003968380391597748,"[""y@t"", ""data_quality_1@t+h"", ""data_quality_1@t"", ""throughput_2@t""]",4,20,40000.0,125,0.2851063829787234,13.597801418439717,4.866774020397209,
granularity=30,model,2,1869,930,0.8408602150537634,0.6261538512306339,19.466938034177574,17.832241109918456,837,0.9139784946236559,0.33883672019670596,11.433280521070605,9.565314975506649,93,0.1827956989247312,3.212008030535987,91.76985565214028,92.23457631962468,132,0.015151515151515152,3.750608933948458,84.54139479592386,82.99869083769273,798,0.9774436090225563,0.10932669469084351,8.70274217885112,7.052828372993386,663,0.8914027149321267,0.409829078009991,12.785192664371742,10.574811800368959,0.4344531612044661,0.004206141456961632,"[""y@t"", ""data_quality_1@t+h""]",2,20,200.0,88,0.03870967741935484,15.63225806451613,6.114127702362997,
granularity=30,ar,2,1869,930,0.8397849462365592,0.7448229878043456,24.065208254884627,23.79747944228033,837,0.9139784946236559,0.3930886187778549,14.721663976029546,14.343702275278899,93,0.17204301075268819,3.9104323090427626,108.15710676458033,108.88147394529318,132,0.007575757575757576,4.296375295696051,96.35911149318726,95.11802616555762,798,0.9774436090225563,0.15734816995759743,12.106818245541332,12.000095773768294,663,0.8914027149321267,0.4719913540552784,16.06801510916633,15.69392368182076,0.43406922527667763,0.004206141456961632,"[""y@t"", ""data_quality_1@t+h""]",2,20,200.0,88,0.03870967741935484,15.63225806451613,6.114127702362997,
granularity=30,persistence,2,1869,930,0.8580645161290322,3.9218223519382454,18.58361622969463,15.632258064516135,837,0.9342891278375149,1.8156584962677063,8.185344828340286,4.843090402230193,93,0.17204301075268819,22.8772970529731,112.16805884188372,112.73476702508961,132,0.0,27.631021115928544,103.51811125357926,101.93434343434342,798,1.0,0.0,4.534301263337773,1.3567251461988374,663,0.9170437405731523,2.2921661559216746,10.117499003632393,6.114127702362997,0.5392265712184268,0.004206141456961632,"[""y@t"", ""data_quality_1@t+h""]",2,20,200.0,88,0.03870967741935484,15.63225806451613,6.114127702362997,
granularity=30,model,3,2799,930,0.8559139784946237,0.6443006073532669,18.550085513024854,16.686577700024486,837,0.9366786140979689,0.3244178309483884,9.541077668645912,7.43548806007564,93,0.12903225806451613,3.5232455949971735,99.63115611243532,99.94638445956407,141,0.05673758865248227,3.7438524694345174,81.2558979246299,80.34902417093325,789,0.9987325728770595,0.09038829739958336,7.344103827300752,5.309638596858276,643,0.9175738724727839,0.4074951711552223,11.440201158630943,8.886708609612864,0.5082392195933756,0.005412843078374863,"[""y@t"", ""data_quality_1@t+h""]",2,20,200.0,101,0.015053763440860216,16.898172043010753,6.290772420943494,
granularity=30,ar,3,2799,930,0.8526881720430107,0.7385298203982362,22.090513553482122,22.27209187860703,837,0.9342891278375149,0.3647880727248079,11.295348173101607,11.424677418057243,93,0.11827956989247312,4.10220554945909,119.24700197690673,119.89882202355511,141,0.03546099290780142,4.1567494300702155,94.78415537050526,94.10500312129098,789,0.9987325728770595,0.12766928178765438,9.099634597588249,9.435031694553247,643,0.9144634525660964,0.446715931842037,12.12881762093024,12.406496114335825,0.5036525021894591,0.005412843078374863,"[""y@t"", ""data_quality_1@t+h""]",2,20,200.0,101,0.015053763440860216,16.898172043010753,6.290772420943494,
granularity=30,persistence,3,2799,930,0.8483870967741935,4.18921933047949,19.64909786441758,16.898172043010753,837,0.929510155316607,1.9477063869053577,7.942578472587787,4.832696136997212,93,0.11827956989247312,24.362835822646673,125.00777239088572,125.4874551971326,141,0.0,27.631021115928544,105.35780115834586,104.23947990543735,789,1.0,0.0,4.332333397441804,1.289649345162653,643,0.9082426127527217,2.535350304571982,10.11581156296033,6.290772420943494,0.5033401264202382,0.005412843078374863,"[""y@t"", ""data_quality_1@t+h""]",2,20,200.0,101,0.015053763440860216,16.898172043010753,6.290772420943494,
granularity=30,model,4,3729,940,0.8882978723404256,0.5073047864291604,14.607816858553235,12.279783966406168,846,0.9598108747044918,0.20401542790688634,6.926459712218549,4.366444676318863,94,0.24468085106382978,3.2369090131296265,83.74003117556542,83.49983757719194,109,0.03669724770642202,3.913443183298496,87.60128474842668,87.39392115676662,831,1.0,0.060530917285047815,5.03346306794408,2.4272677765754924,582,0.9415807560137457,0.280408989236872,9.094660878238743,5.6365265839667815,0.5726023803559607,0.009221626445651054,"[""y@t"", ""data_quality_1@t+h"", ""data_quality_1@t""]",3,20,2000.0,265,0.03723404255319149,13.842695035460993,6.566781214203894,
granularity=30,ar,4,3729,940,0.8861702127659574,0.6049942940951492,20.05096851634508,19.712787493665893,846,0.9574468085106383,0.2828691201296363,11.92454235361657,11.53373920785574,94,0.24468085106382978,3.5041208597847646,93.18880398090164,93.32422206595724,109,0.01834862385321101,4.125236304874589,95.40258734312297,95.51398376061633,831,1.0,0.1432537656054273,10.16730250898191,9.770151641562883,582,0.9381443298969072,0.36414991711972333,12.985017390168538,12.564924418682358,0.5677473897721566,0.009221626445651054,"[""y@t"", ""data_quality_1@t+h"", ""data_quality_1@t""]",3,20,2000.0,265,0.03723404255319149,13.842695035460993,6.566781214203894,
granularity=30,persistence,4,3729,940,0.8840425531914894,3.204022661315119,16.292605495982663,13.842695035460993,846,0.9550827423167849,1.241109695514521,7.268955576518518,4.5175728920409775,94,0.24468085106382978,20.870239353520496,97.50545477115996,97.7687943262411,109,0.0,27.631021115928544,109.87543866012906,109.57461773700304,831,1.0,0.0,4.017600905258284,1.2858002406738869,582,0.9347079037800687,1.8040872893561595,10.286641598761154,6.566781214203895,0.5683752055208976,0.009221626445651054,"[""y@t"", ""data_quality_1@t+h"", ""data_quality_1@t""]",3,20,2000.0,265,0.03723404255319149,13.842695035460993,6.566781214203894,
granularity=30,model,5,4669,930,0.896774193548387,0.46002839903095893,15.255384344455535,13.337008263930235,837,0.967741935483871,0.1700700385097104,7.52807383193595,5.350173589538379,93,0.25806451612903225,3.069653643722196,84.80117895713178,85.21852033345698,96,0.0,3.941198621365556,97.11407583559271,96.83059854405667,834,1.0,0.05931815761114928,5.832801151231109,3.7262352820451805,636,0.9575471698113207,0.20198360566767973,8.24804260609008,5.568847142329418,0.5445609986136771,0.011508984491229057,"[""y@t"", ""data_quality_1@t+h"", ""cores_1@t+h"", ""throughput_1@t""]",4,20,24000.0,449,0.12795698924731183,12.904946236559137,4.936477987421384,
granularity=30,ar,5,4669,930,0.896774193548387,0.5705313048110305,19.044979085110732,19.25070262352134,837,0.967741935483871,0.24496576768796222,10.98750195469453,11.138442256760593,93,0.25806451612903225,3.5006211389186452,91.56227325885656,92.26104592436808,96,0.0,4.298789761372049,102.59476148106232,102.49649357070557,834,1.0,0.14137925225724415,9.427737946008396,9.66845330585985,636,0.9575471698113207,0.28818314101926795,11.09562468923766,11.353349110695564,0.5445609986136771,0.011508984491229057,"[""y@t"", ""data_quality_1@t+h"", ""cores_1@t+h"", ""throughput_1@t""]",4,20,24000.0,449,0.12795698924731183,12.904946236559137,4.936477987421384,
granularity=30,persistence,5,4669,930,0.896774193548387,2.8522344377732693,15.280333328260745,12.904946236559145,837,0.967741935483871,0.8913232618041467,6.442010356870462,3.751015531660698,93,0.25806451612903225,20.500435021495374,94.82524007077332,95.29032258064517,96,0.0,27.631021115928547,113.56267173015067,113.25277777777778,834,1.0,0.0,3.967258404302192,1.3541167066346984,636,0.9575471698113207,1.173015047374325,8.255160151516172,4.936477987421384,0.5089058497758919,0.011508984491229057,"[""y@t"", ""data_quality_1@t+h"", ""cores_1@t+h"", ""throughput_1@t""]",4,20,24000.0,449,0.12795698924731183,12.904946236559137,4.936477987421384,
"granularity=30,on_change=static",model,1,929,940,0.8797872340425532,0.5735342251249954,15.648821906490028,15.227410976220563,846,0.958628841607565,0.22252931189022057,6.520093540052786,5.89575043855357,94,0.1702127659574468,3.73257844423797,97.8073772044252,99.21235581522352,107,0.06542056074766354,4.1469034777944955,90.65649997343087,91.29652606256369,833,0.9843937575030012,0.11453001139674027,6.013982106774938,5.456228125994013,621,0.9436392914653784,0.2882188834011152,7.301266019037844,6.66250608926735,0.45069021795800074,0.003951502963900566,"[""y@t"", ""data_quality_1@t+h"", ""data_quality_1@t"", ""throughput_2@t""]",4,20,40000.0,125,0.2851063829787234,13.597801418439717,4.866774020397209,"[""buffer_size_2@t""]"
"granularity=30,on_change=static",ar,1,929,940,0.8840425531914894,0.7202162746802732,18.713491985227897,19.083744743835517,846,0.958628841607565,0.2808222607057436,9.729628315205632,10.029084494521584,94,0.2127659574468085,4.674762400451039,99.5682650154283,100.57568698766092,107,0.0,5.281067797961825,98.12015624076236,98.1650177895226,833,0.9975990396158463,0.13436860002105827,8.51359633655781,8.925646045289875,621,0.9436392914653784,0.3473124558769941,10.021268720963022,10.609712979793551,0.4515023854202128,0.003951502963900566,"[""y@t"", ""data_quality_1@t+h"", ""data_quality_1@t"", ""throughput_2@t""]",4,20,40000.0,125,0.2851063829787234,13.597801418439717,4.866774020397209,"[""buffer_size_2@t""]"
"granularity=30,on_change=static",persistence,1,929,940,0.8861702127659574,3.1452332546854835,16.387383833978188,13.59780141843972,846,0.9609929078014184,1.0778057882099787,6.725826521596363,3.5724192277383837,94,0.2127659574468085,21.752080452965025,103.3413996454146,103.82624113475178,107,0.0,27.631021115928544,109.78074401581553,108.96292834890966,833,1.0,0.0,4.390877784210362,1.3480192076830808,621,0.9468599033816425,1.4683151317643188,8.921340199113391,4.866774020397209,0.4635681992753159,0.003951502963900566,"[""y@t"", ""data_quality_1@t+h"", ""data_quality_1@t"", ""throughput_2@t""]",4,20,40000.0,125,0.2851063829787234,13.597801418439717,4.866774020397209,"[""buffer_size_2@t""]"
"granularity=30,on_change=static",model,2,1869,930,0.8806451612903226,0.4718706318938239,17.83351311742349,16.100779588443114,837,0.9139784946236559,0.33883672019670596,11.433280521070605,9.565314975506649,93,0.5806451612903226,1.6691758371678858,75.43560648459949,74.91996110487129,132,0.3181818181818182,2.590288330969931,69.73094164843361,67.6237551980944,798,0.9736842105263158,0.12145567415191147,9.248976067181214,7.578182119177488,663,0.8914027149321267,0.409829078009991,12.785192664371742,10.574811800368959,0.45242175353964775,0.004195708781480789,"[""y@t"", ""data_quality_1@t+h""]",2,20,200.0,88,0.03870967741935484,15.63225806451613,6.114127702362997,"[""data_quality_1@t+h""]"
"granularity=30,on_change=static",ar,2,1869,930,0.8397849462365592,0.7448229878043456,24.065208254884627,23.79747944228033,837,0.9139784946236559,0.3930886187778549,14.721663976029546,14.343702275278899,93,0.17204301075268819,3.9104323090427626,108.15710676458033,108.88147394529318,132,0.007575757575757576,4.296375295696051,96.35911149318726,95.11802616555762,798,0.9774436090225563,0.15734816995759743,12.106818245541332,12.000095773768294,663,0.8914027149321267,0.4719913540552784,16.06801510916633,15.69392368182076,0.43406922527667763,0.004195708781480789,"[""y@t"", ""data_quality_1@t+h""]",2,20,200.0,88,0.03870967741935484,15.63225806451613,6.114127702362997,"[""data_quality_1@t+h""]"
"granularity=30,on_change=static",persistence,2,1869,930,0.8580645161290322,3.9218223519382454,18.58361622969463,15.632258064516135,837,0.9342891278375149,1.8156584962677063,8.185344828340286,4.843090402230193,93,0.17204301075268819,22.8772970529731,112.16805884188372,112.73476702508961,132,0.0,27.631021115928544,103.51811125357926,101.93434343434342,798,1.0,0.0,4.534301263337773,1.3567251461988374,663,0.9170437405731523,2.2921661559216746,10.117499003632393,6.114127702362997,0.5392265712184268,0.004195708781480789,"[""y@t"", ""data_quality_1@t+h""]",2,20,200.0,88,0.03870967741935484,15.63225806451613,6.114127702362997,"[""data_quality_1@t+h""]"
"granularity=30,on_change=static",model,3,2799,930,0.8924731182795699,0.49996322010205224,15.340371005185956,13.46386022620146,837,0.9366786140979689,0.3244178309483884,9.541077668645912,7.43548806007564,93,0.4946236559139785,2.0798717224850267,67.53401103404633,67.71920972133384,141,0.3262411347517731,2.732627232653817,58.04369293073202,57.217680723700276,789,0.9936628643852978,0.10097003154717404,7.7089788740047185,5.644736411059085,643,0.9175738724727839,0.4074951711552223,11.440201158630943,8.886708609612864,0.5272175014630219,0.005396908149123192,"[""y@t"", ""data_quality_1@t+h""]",2,20,200.0,101,0.015053763440860216,16.898172043010753,6.290772420943494,"[""data_quality_1@t+h""]"
"granularity=30,on_change=static",ar,3,2799,930,0.8526881720430107,0.7385298203982362,22.090513553482122,22.27209187860703,837,0.9342891278375149,0.3647880727248079,11.295348173101607,11.424677418057243,93,0.11827956989247312,4.10220554945909,119.24700197690673,119.89882202355511,141,0.03546099290780142,4.1567494300702155,94.78415537050526,94.10500312129098,789,0.9987325728770595,0.12766928178765438,9.099634597588249,9.435031694553247,643,0.9144634525660964,0.446715931842037,12.12881762093024,12.406496114335825,0.5036525021894591,0.005396908149123192,"[""y@t"", ""data_quality_1@t+h""]",2,20,200.0,101,0.015053763440860216,16.898172043010753,6.290772420943494,"[""data_quality_1@t+h""]"
"granularity=30,on_change=static",persistence,3,2799,930,0.8483870967741935,4.18921933047949,19.64909786441758,16.898172043010753,837,0.929510155316607,1.9477063869053577,7.942578472587787,4.832696136997212,93,0.11827956989247312,24.362835822646673,125.00777239088572,125.4874551971326,141,0.0,27.631021115928544,105.35780115834586,104.23947990543735,789,1.0,0.0,4.332333397441804,1.289649345162653,643,0.9082426127527217,2.535350304571982,10.11581156296033,6.290772420943494,0.5033401264202382,0.005396908149123192,"[""y@t"", ""data_quality_1@t+h""]",2,20,200.0,101,0.015053763440860216,16.898172043010753,6.290772420943494,"[""data_quality_1@t+h""]"
"granularity=30,on_change=static",model,4,3729,940,0.8872340425531915,0.5124547447197924,15.613508571898077,13.359939734468105,846,0.9598108747044918,0.20401542790688634,6.926459712218549,4.366444676318863,94,0.23404255319148937,3.2884085960359473,93.79694830901383,94.30139525781134,109,0.05504587155963303,3.8601809600394197,93.4863588131639,93.45635823013224,831,0.9963898916967509,0.07334264186800009,5.39913952701483,2.8539113156625806,582,0.9415807560137457,0.280408989236872,9.094660878238743,5.6365265839667815,0.5760949001220832,0.009205976501107216,"[""y@t"", ""data_quality_1@t+h"", ""data_quality_1@t""]",3,20,2000.0,265,0.03723404255319149,13.842695035460993,6.566781214203894,"[""buffer_size_3@t""]"
"granularity=30,on_change=static",ar,4,3729,940,0.8861702127659574,0.6049942940951492,20.05096851634508,19.712787493665893,846,0.9574468085106383,0.2828691201296363,11.92454235361657,11.53373920785574,94,0.24468085106382978,3.5041208597847646,93.18880398090164,93.32422206595724,109,0.01834862385321101,4.125236304874589,95.40258734312297,95.51398376061633,831,1.0,0.1432537656054273,10.16730250898191,9.770151641562883,582,0.9381443298969072,0.36414991711972333,12.985017390168538,12.564924418682358,0.5677473897721566,0.009205976501107216,"[""y@t"", ""data_quality_1@t+h"", ""data_quality_1@t""]",3,20,2000.0,265,0.03723404255319149,13.842695035460993,6.566781214203894,"[""buffer_size_3@t""]"
"granularity=30,on_change=static",persistence,4,3729,940,0.8840425531914894,3.204022661315119,16.292605495982663,13.842695035460993,846,0.9550827423167849,1.241109695514521,7.268955576518518,4.5175728920409775,94,0.24468085106382978,20.870239353520496,97.50545477115996,97.7687943262411,109,0.0,27.631021115928544,109.87543866012906,109.57461773700304,831,1.0,0.0,4.017600905258284,1.2858002406738869,582,0.9347079037800687,1.8040872893561595,10.286641598761154,6.566781214203895,0.5683752055208976,0.009205976501107216,"[""y@t"", ""data_quality_1@t+h"", ""data_quality_1@t""]",3,20,2000.0,265,0.03723404255319149,13.842695035460993,6.566781214203894,"[""buffer_size_3@t""]"
"granularity=30,on_change=static",model,5,4669,930,0.9064516129032258,0.5093864769372758,13.3257743613159,11.386302290027967,837,0.967741935483871,0.1700700385097104,7.52807383193595,5.350173589538379,93,0.3548387096774194,3.563234422785365,65.50507912573546,65.71146059443424,96,0.1875,3.9681302386897848,73.46740349329828,72.70365079438683,834,0.9892086330935251,0.11125769860605172,6.402996907274766,4.328190231972268,636,0.9575471698113207,0.20198360566767973,8.24804260609008,5.568847142329418,0.5579590659122213,0.011068630963563919,"[""y@t"", ""data_quality_1@t+h"", ""cores_1@t+h"", ""throughput_1@t""]",4,20,24000.0,449,0.12795698924731183,12.904946236559137,4.936477987421384,"[""buffer_size_2@t"", ""data_quality_2@t+h""]"
"granularity=30,on_change=static",ar,5,4669,930,0.896774193548387,0.5705313048110305,19.044979085110732,19.25070262352134,837,0.967741935483871,0.24496576768796222,10.98750195469453,11.138442256760593,93,0.25806451612903225,3.5006211389186452,91.56227325885656,92.26104592436808,96,0.0,4.298789761372049,102.59476148106232,102.49649357070557,834,1.0,0.14137925225724415,9.427737946008396,9.66845330585985,636,0.9575471698113207,0.28818314101926795,11.09562468923766,11.353349110695564,0.5445609986136771,0.011068630963563919,"[""y@t"", ""data_quality_1@t+h"", ""cores_1@t+h"", ""throughput_1@t""]",4,20,24000.0,449,0.12795698924731183,12.904946236559137,4.936477987421384,"[""buffer_size_2@t"", ""data_quality_2@t+h""]"
"granularity=30,on_change=static",persistence,5,4669,930,0.896774193548387,2.8522344377732693,15.280333328260745,12.904946236559145,837,0.967741935483871,0.8913232618041467,6.442010356870462,3.751015531660698,93,0.25806451612903225,20.500435021495374,94.82524007077332,95.29032258064517,96,0.0,27.631021115928547,113.56267173015067,113.25277777777778,834,1.0,0.0,3.967258404302192,1.3541167066346984,636,0.9575471698113207,1.173015047374325,8.255160151516172,4.936477987421384,0.5089058497758919,0.011068630963563919,"[""y@t"", ""data_quality_1@t+h"", ""cores_1@t+h"", ""throughput_1@t""]",4,20,24000.0,449,0.12795698924731183,12.904946236559137,4.936477987421384,"[""buffer_size_2@t"", ""data_quality_2@t+h""]"
"granularity=30,on_change=chain",model,1,929,940,0.8904255319148936,0.469978345103258,19.70930524529797,19.20816759485153,846,0.958628841607565,0.22252931189022057,6.520093540052786,5.89575043855357,94,0.2765957446808511,2.6970196440205947,138.4122105925046,139.01992200153322,107,0.17757009345794392,2.988270801804782,110.73450920150326,110.85107051025928,833,0.9819927971188476,0.14650020240570313,8.016992132075922,7.436510197554259,621,0.9436392914653784,0.2882188834011152,7.301266019037844,6.66250608926735,0.454250051254452,0.003930781036615372,"[""y@t"", ""data_quality_1@t+h"", ""data_quality_1@t"", ""throughput_2@t""]",4,20,40000.0,125,0.2851063829787234,13.597801418439717,4.866774020397209,
"granularity=30,on_change=chain",ar,1,929,940,0.8840425531914894,0.7202162746802732,18.713491985227897,19.083744743835517,846,0.958628841607565,0.2808222607057436,9.729628315205632,10.029084494521584,94,0.2127659574468085,4.674762400451039,99.5682650154283,100.57568698766092,107,0.0,5.281067797961825,98.12015624076236,98.1650177895226,833,0.9975990396158463,0.13436860002105827,8.51359633655781,8.925646045289875,621,0.9436392914653784,0.3473124558769941,10.021268720963022,10.609712979793551,0.4515023854202128,0.003930781036615372,"[""y@t"", ""data_quality_1@t+h"", ""data_quality_1@t"", ""throughput_2@t""]",4,20,40000.0,125,0.2851063829787234,13.597801418439717,4.866774020397209,
"granularity=30,on_change=chain",persistence,1,929,940,0.8861702127659574,3.1452332546854835,16.387383833978188,13.59780141843972,846,0.9609929078014184,1.0778057882099787,6.725826521596363,3.5724192277383837,94,0.2127659574468085,21.752080452965025,103.3413996454146,103.82624113475178,107,0.0,27.631021115928544,109.78074401581553,108.96292834890966,833,1.0,0.0,4.390877784210362,1.3480192076830808,621,0.9468599033816425,1.4683151317643188,8.921340199113391,4.866774020397209,0.4635681992753159,0.003930781036615372,"[""y@t"", ""data_quality_1@t+h"", ""data_quality_1@t"", ""throughput_2@t""]",4,20,40000.0,125,0.2851063829787234,13.597801418439717,4.866774020397209,
"granularity=30,on_change=chain",model,2,1869,930,0.867741935483871,0.5354655258776083,21.524212060587008,19.855678640213096,837,0.9139784946236559,0.33883672019670596,11.433280521070605,9.565314975506649,93,0.45161290322580644,2.3051247770057297,112.34259591623461,112.46895162257111,132,0.22727272727272727,3.0094961296689053,92.38082465102971,90.80624207868696,798,0.9736842105263158,0.12622738088957422,9.803569376453629,8.119495214300121,663,0.8914027149321267,0.409829078009991,12.785192664371742,10.574811800368959,0.43924931678856394,0.004205692559480667,"[""y@t"", ""data_quality_1@t+h""]",2,20,200.0,88,0.03870967741935484,15.63225806451613,6.114127702362997,
"granularity=30,on_change=chain",ar,2,1869,930,0.8397849462365592,0.7448229878043456,24.065208254884627,23.79747944228033,837,0.9139784946236559,0.3930886187778549,14.721663976029546,14.343702275278899,93,0.17204301075268819,3.9104323090427626,108.15710676458033,108.88147394529318,132,0.007575757575757576,4.296375295696051,96.35911149318726,95.11802616555762,798,0.9774436090225563,0.15734816995759743,12.106818245541332,12.000095773768294,663,0.8914027149321267,0.4719913540552784,16.06801510916633,15.69392368182076,0.43406922527667763,0.004205692559480667,"[""y@t"", ""data_quality_1@t+h""]",2,20,200.0,88,0.03870967741935484,15.63225806451613,6.114127702362997,
"granularity=30,on_change=chain",persistence,2,1869,930,0.8580645161290322,3.9218223519382454,18.58361622969463,15.632258064516135,837,0.9342891278375149,1.8156584962677063,8.185344828340286,4.843090402230193,93,0.17204301075268819,22.8772970529731,112.16805884188372,112.73476702508961,132,0.0,27.631021115928544,103.51811125357926,101.93434343434342,798,1.0,0.0,4.534301263337773,1.3567251461988374,663,0.9170437405731523,2.2921661559216746,10.117499003632393,6.114127702362997,0.5392265712184268,0.004205692559480667,"[""y@t"", ""data_quality_1@t+h""]",2,20,200.0,88,0.03870967741935484,15.63225806451613,6.114127702362997,
"granularity=30,on_change=chain",model,3,2799,930,0.8978494623655914,0.493132267564739,19.8606819252537,18.03747615264738,837,0.9366786140979689,0.3244178309483884,9.541077668645912,7.43548806007564,93,0.5483870967741935,2.011562197111894,112.73712023472383,113.45536898579309,141,0.36879432624113473,2.550151526059495,79.6483846192968,79.25094667865143,789,0.9923954372623575,0.12552806547632242,9.176187527458925,7.098186743057302,643,0.9175738724727839,0.4074951711552223,11.440201158630943,8.886708609612864,0.515051498761199,0.005415644496679306,"[""y@t"", ""data_quality_1@t+h""]",2,20,200.0,101,0.015053763440860216,16.898172043010753,6.290772420943494,
"granularity=30,on_change=chain",ar,3,2799,930,0.8526881720430107,0.7385298203982362,22.090513553482122,22.27209187860703,837,0.9342891278375149,0.3647880727248079,11.295348173101607,11.424677418057243,93,0.11827956989247312,4.10220554945909,119.24700197690673,119.89882202355511,141,0.03546099290780142,4.1567494300702155,94.78415537050526,94.10500312129098,789,0.9987325728770595,0.12766928178765438,9.099634597588249,9.435031694553247,643,0.9144634525660964,0.446715931842037,12.12881762093024,12.406496114335825,0.5036525021894591,0.005415644496679306,"[""y@t"", ""data_quality_1@t+h""]",2,20,200.0,101,0.015053763440860216,16.898172043010753,6.290772420943494,
"granularity=30,on_change=chain",persistence,3,2799,930,0.8483870967741935,4.18921933047949,19.64909786441758,16.898172043010753,837,0.929510155316607,1.9477063869053577,7.942578472587787,4.832696136997212,93,0.11827956989247312,24.362835822646673,125.00777239088572,125.4874551971326,141,0.0,27.631021115928544,105.35780115834586,104.23947990543735,789,1.0,0.0,4.332333397441804,1.289649345162653,643,0.9082426127527217,2.535350304571982,10.11581156296033,6.290772420943494,0.5033401264202382,0.005415644496679306,"[""y@t"", ""data_quality_1@t+h""]",2,20,200.0,101,0.015053763440860216,16.898172043010753,6.290772420943494,
"granularity=30,on_change=chain",model,4,3729,940,0.9212765957446809,0.3723724879795577,15.13696998189666,12.979630895946679,846,0.9598108747044918,0.20401542790688634,6.926459712218549,4.366444676318863,94,0.574468085106383,1.8875860286335997,89.03156240899969,90.49830687259703,109,0.3669724770642202,2.5931078965636356,83.43744920566563,84.3572744322025,831,0.9939831528279182,0.08108469070438987,6.178182695024438,3.6172203719371883,582,0.9415807560137457,0.280408989236872,9.094660878238743,5.6365265839667815,0.5225992217380934,0.009171849116683006,"[""y@t"", ""data_quality_1@t+h"", ""data_quality_1@t""]",3,20,2000.0,265,0.03723404255319149,13.842695035460993,6.566781214203894,
"granularity=30,on_change=chain",ar,4,3729,940,0.8861702127659574,0.6049942940951492,20.05096851634508,19.712787493665893,846,0.9574468085106383,0.2828691201296363,11.92454235361657,11.53373920785574,94,0.24468085106382978,3.5041208597847646,93.18880398090164,93.32422206595724,109,0.01834862385321101,4.125236304874589,95.40258734312297,95.51398376061633,831,1.0,0.1432537656054273,10.16730250898191,9.770151641562883,582,0.9381443298969072,0.36414991711972333,12.985017390168538,12.564924418682358,0.5677473897721566,0.009171849116683006,"[""y@t"", ""data_quality_1@t+h"", ""data_quality_1@t""]",3,20,2000.0,265,0.03723404255319149,13.842695035460993,6.566781214203894,
"granularity=30,on_change=chain",persistence,4,3729,940,0.8840425531914894,3.204022661315119,16.292605495982663,13.842695035460993,846,0.9550827423167849,1.241109695514521,7.268955576518518,4.5175728920409775,94,0.24468085106382978,20.870239353520496,97.50545477115996,97.7687943262411,109,0.0,27.631021115928544,109.87543866012906,109.57461773700304,831,1.0,0.0,4.017600905258284,1.2858002406738869,582,0.9347079037800687,1.8040872893561595,10.286641598761154,6.566781214203895,0.5683752055208976,0.009171849116683006,"[""y@t"", ""data_quality_1@t+h"", ""data_quality_1@t""]",3,20,2000.0,265,0.03723404255319149,13.842695035460993,6.566781214203894,
"granularity=30,on_change=chain",model,5,4669,930,0.9333333333333333,0.32564960584870634,14.385715108723915,12.484187035240534,837,0.967741935483871,0.1700700385097104,7.52807383193595,5.350173589538379,93,0.6236559139784946,1.7258657118996696,76.10448659981559,76.69030804655993,96,0.40625,2.371719336045363,76.23330534269188,75.94768169145416,834,0.9940047961630696,0.09013078798434299,7.266568031432638,5.179036571215946,636,0.9575471698113207,0.20198360566767973,8.24804260609008,5.568847142329418,0.5316522917460557,0.011086104437708855,"[""y@t"", ""data_quality_1@t+h"", ""cores_1@t+h"", ""throughput_1@t""]",4,20,24000.0,449,0.12795698924731183,12.904946236559137,4.936477987421384,
"granularity=30,on_change=chain",ar,5,4669,930,0.896774193548387,0.5705313048110305,19.044979085110732,19.25070262352134,837,0.967741935483871,0.24496576768796222,10.98750195469453,11.138442256760593,93,0.25806451612903225,3.5006211389186452,91.56227325885656,92.26104592436808,96,0.0,4.298789761372049,102.59476148106232,102.49649357070557,834,1.0,0.14137925225724415,9.427737946008396,9.66845330585985,636,0.9575471698113207,0.28818314101926795,11.09562468923766,11.353349110695564,0.5445609986136771,0.011086104437708855,"[""y@t"", ""data_quality_1@t+h"", ""cores_1@t+h"", ""throughput_1@t""]",4,20,24000.0,449,0.12795698924731183,12.904946236559137,4.936477987421384,
"granularity=30,on_change=chain",persistence,5,4669,930,0.896774193548387,2.8522344377732693,15.280333328260745,12.904946236559145,837,0.967741935483871,0.8913232618041467,6.442010356870462,3.751015531660698,93,0.25806451612903225,20.500435021495374,94.82524007077332,95.29032258064517,96,0.0,27.631021115928547,113.56267173015067,113.25277777777778,834,1.0,0.0,3.967258404302192,1.3541167066346984,636,0.9575471698113207,1.173015047374325,8.255160151516172,4.936477987421384,0.5089058497758919,0.011086104437708855,"[""y@t"", ""data_quality_1@t+h"", ""cores_1@t+h"", ""throughput_1@t""]",4,20,24000.0,449,0.12795698924731183,12.904946236559137,4.936477987421384,
