config,model,fold,n_train,n_all,acc_all,logloss_all,mae_all,maeh_all,n_within,acc_within,logloss_within,mae_within,maeh_within,n_xrun,acc_xrun,logloss_xrun,mae_xrun,maeh_xrun,n_change,acc_change,logloss_change,mae_change,maeh_change,n_stay,acc_stay,logloss_stay,mae_stay,maeh_stay,n_event,acc_event,logloss_event,mae_event,maeh_event,f1_all,search_sec,parents,n_parents,n_y,cpt_configs_possible,cpt_configs_seen,test_unseen_config_frac,mae_persistence_continuous,mae_persistence_continuous_event,dynotears_weights,dynotears_unobservable_same_slice_parents
ref,model,1,33200,33558,0.9179629298527922,0.3181999787540743,7.6774320433332095,5.4354654060505805,33464,0.920033468802295,0.2942865061593659,7.393090212174689,5.144653377466541,94,0.18085106382978725,8.831396222470241,108.90312393576679,108.96454758196889,3874,0.38693856479091376,2.174252069045061,28.288258628739552,28.756701458728703,29684,0.9872658671338095,0.0759702995401111,4.987553920712802,2.391857116464438,18060,0.8593023255813953,0.5119024870151067,11.540814270146424,8.673960716415303,0.4842644005164261,0.07877766699675703,"[""y@t"", ""throughput_2@t"", ""buffer_size_3@t""]",3,20,7200.0,214,0.15629656117766255,3.7463794028249597,6.396179401993355,,
ref,ar,1,33200,33558,0.8819059538709101,0.4777335028605528,8.61029794053164,5.300609188820495,33464,0.8838752091800144,0.45982356174265077,8.329286451148281,5.0107707895337406,94,0.18085106382978725,6.853672540833671,108.65038816100729,108.4830793349049,3874,0.003355704697986577,3.3405799227169575,32.63938423751866,27.516653811619506,29684,0.9965638054170597,0.10410909137545254,5.474309518670445,2.4012372420234533,18060,0.7851605758582503,0.8039818816755522,13.10891175372398,8.392361032128361,0.4691937073063387,0.07877766699675703,"[""y@t"", ""throughput_2@t"", ""buffer_size_3@t""]",3,20,7200.0,214,0.15629656117766255,3.7463794028249597,6.396179401993355,,
ref,persistence,1,33200,33558,0.8845580785505691,3.1897781692325884,7.394205022466637,3.746379402824963,33464,0.8865347836480995,3.135159788942765,7.10952680694479,3.451918479560127,94,0.18085106382978725,22.63392155240955,108.73964974824423,108.57446808510639,3874,0.0,27.631021115928547,29.16372546845772,23.207279297883325,29684,1.0,0.0,4.553108060878932,1.2065759331626495,18060,0.7897563676633444,5.809246244583649,10.902174354985323,6.396179401993355,0.55425458897833,0.07877766699675703,"[""y@t"", ""throughput_2@t"", ""buffer_size_3@t""]",3,20,7200.0,214,0.15629656117766255,3.7463794028249597,6.396179401993355,,
ref,model,2,66758,33201,0.8783771573145387,0.3775343496998153,9.526652023114705,7.81156102070376,33108,0.8803310378156337,0.36331992497904764,9.2160991737963,7.497422386769873,93,0.1827956989247312,5.437869550293104,120.08346638046666,119.6449147011672,4981,0.4466974503111825,1.6766856180462166,27.897539338478836,28.8083559298461,28220,0.9545712260807938,0.14822632462421553,6.284079743957061,4.105500232523816,19603,0.8171198285976636,0.5593031269753858,12.36377880405596,10.75201129510313,0.5473939519471429,0.1728205000035814,"[""y@t"", ""throughput_2@t"", ""data_quality_1@t+h"", ""avg_p_latency_1@t""]",4,20,72000.0,615,0.09117195265202856,5.354266437757899,8.484364638065601,,
ref,ar,2,66758,33201,0.8436191680973465,0.5434225234202867,10.096753486991439,7.181684186221462,33108,0.8455056179775281,0.5273837167019639,9.779584889827792,6.857337189192314,93,0.17204301075268819,6.253237715143258,123.0087740772498,122.64921512859874,4981,0.05641437462356957,2.75909409598661,34.326933551813134,28.85991928823819,28220,0.9825655563430191,0.15234314344321906,5.8199807406102595,3.355345098937787,19603,0.7404989032290976,0.839777662211623,14.206275315741317,10.386683043277893,0.5198786733587312,0.1728205000035814,"[""y@t"", ""throughput_2@t"", ""data_quality_1@t+h"", ""avg_p_latency_1@t""]",4,20,72000.0,615,0.09117195265202856,5.354266437757899,8.484364638065601,,
ref,persistence,2,66758,33201,0.8499743983614951,4.145360566803412,8.940786293295337,5.354266437757899,33108,0.8518787000120817,4.092742767684959,8.618797791596613,5.023529056421409,93,0.17204301075268819,22.87729705297309,123.56869289804204,123.09677419354838,4981,0.0,27.63102111592855,34.24393720648847,27.862678177072876,28220,1.0,0.0,4.47462772849679,1.3813961729270023,19603,0.7498342090496353,6.912336252232495,12.565382889758968,8.484364638065601,0.5637764253923089,0.1728205000035814,"[""y@t"", ""throughput_2@t"", ""data_quality_1@t+h"", ""avg_p_latency_1@t""]",4,20,72000.0,615,0.09117195265202856,5.354266437757899,8.484364638065601,,
ref,model,3,99959,33201,0.9113580916237463,0.2877730506180601,7.687506407492348,5.676947635103342,33108,0.9134348193790021,0.2717099568076388,7.362669618144467,5.347989947083787,93,0.17204301075268819,6.006234447128011,123.32940341533795,122.78588457006465,3984,0.3689759036144578,1.718629688198601,28.358126791667946,28.60550203340473,29217,0.9853167676352809,0.09266291459722031,4.868881921386466,2.550433594550489,19017,0.856864910343377,0.43730180967813775,10.345013036233249,8.098019121823,0.5841741418282456,0.2692627500000526,"[""y@t"", ""throughput_2@t"", ""buffer_size_3@t"", ""data_quality_1@t+h""]",4,20,68000.0,854,0.1313815848920213,5.404445649227433,8.803070936530473,,
ref,ar,3,99959,33201,0.8807264841420439,0.4152101620236462,8.60458532095995,5.924907938176801,33108,0.8827171680560589,0.3986396842253607,8.267278403133488,5.5815259174402705,93,0.17204301075268819,6.314300258213269,128.6858480671795,128.16890732038203,3984,0.011295180722891566,2.57649336844285,37.154802077166856,32.31748213838682,29217,0.999281240373755,0.12049981207758359,4.711507196692284,2.326043728516783,19017,0.7959194405006047,0.6411637119877113,12.113813805183918,8.570354382658012,0.5368343911084472,0.2692627500000526,"[""y@t"", ""throughput_2@t"", ""buffer_size_3@t"", ""data_quality_1@t+h""]",4,20,68000.0,854,0.1313815848920213,5.404445649227433,8.803070936530473,,
ref,persistence,3,99959,33201,0.8800036143489653,3.3156226657588426,8.698165932516215,5.404445649227441,33108,0.8819922677298538,3.260674142199252,8.358654937640674,5.056421408722975,93,0.17204301075268819,22.8772970529731,129.56408010820866,129.30107526881721,3984,0.0,27.631021115928544,40.84398394812176,35.76355421686747,29217,1.0,0.0,4.314795327246251,1.2647089023513796,19017,0.7945522427301888,5.676731319342316,12.653398150782726,8.803070936530473,0.5476702659365773,0.2692627500000526,"[""y@t"", ""throughput_2@t"", ""buffer_size_3@t"", ""data_quality_1@t+h""]",4,20,68000.0,854,0.1313815848920213,5.404445649227433,8.803070936530473,,
ref,model,4,133160,33558,0.9195422849991061,0.30750944686148074,6.0539208499226005,4.878384063309029,33464,0.9215574946210854,0.28835737912418574,5.779338113041954,4.600969319898459,94,0.20212765957446807,7.125645561338498,103.80537517943304,103.63803271747169,4459,0.467369365328549,1.8314135689103026,21.36505098999136,21.96286028464393,29099,0.9888312313137908,0.07399322705270052,3.7077120697388617,2.260435698384725,17285,0.8571015331212034,0.5161069912872771,8.985790737306749,7.473298355652846,0.6190894215284001,0.41152633300225716,"[""y@t"", ""throughput_2@t"", ""buffer_size_3@t""]",3,20,6800.0,487,0.044013350020859404,4.437451576375231,8.05467168064796,,
ref,ar,4,133160,33558,0.867334167709637,0.47419353471077536,7.717485375344566,5.118505375471822,33464,0.8691728424575663,0.45908865377896074,7.450292960902962,4.845216536025585,94,0.2127659574468085,5.851531146436788,102.83798491655541,102.40933221833271,4459,0.002018389773491814,2.8090103091552914,30.454341535153254,23.642509962068555,29099,0.9999312691157771,0.1164167039864172,4.233391708325529,2.27997015255575,17285,0.7467746601099219,0.826318302543131,11.860660526984304,7.828933864776468,0.549607530671871,0.41152633300225716,"[""y@t"", ""throughput_2@t"", ""buffer_size_3@t""]",3,20,6800.0,487,0.044013350020859404,4.437451576375231,8.05467168064796,,
ref,persistence,4,133160,33558,0.8671255736337088,3.6714560806938854,7.540421038515548,4.437451576375232,33464,0.8689636624432225,3.6206678099852585,7.270699220351675,4.160441071001675,94,0.2127659574468085,21.752080452965025,103.56138830485425,103.05319148936171,4459,0.0,27.631021115928547,33.87988368484494,26.414218434626598,29099,1.0,0.0,3.5042801422654106,1.0698305783703927,17285,0.7463118310673995,7.009663152637933,12.215279465613198,8.05467168064796,0.5626144568700057,0.41152633300225716,"[""y@t"", ""throughput_2@t"", ""buffer_size_3@t""]",3,20,6800.0,487,0.044013350020859404,4.437451576375231,8.05467168064796,,
ref,model,5,166718,33201,0.9158459082557754,0.2951916404878048,6.436352242339029,4.607142304105077,33108,0.9178144255164915,0.27955688974689785,6.165460981308871,4.328517729512973,93,0.21505376344086022,5.861162904250678,102.87364116907546,103.79749085889384,3717,0.384180790960452,1.8378680861222119,20.22763160627935,19.95689949184478,29484,0.9828720662053996,0.10070892618774067,4.697708049021766,2.672023342402849,19062,0.8695310040919106,0.4360044575612773,8.282640565829448,6.171161243712865,0.559612978054694,0.48701620799693046,"[""y@t"", ""throughput_2@t"", ""data_quality_2@t+h"", ""buffer_size_2@t""]",4,20,60000.0,1467,0.10418360892744194,3.5060389747296767,5.571555975238695,,
ref,ar,5,166718,33201,0.8880756603716755,0.4188306893803547,7.490666278589065,4.644157801557399,33108,0.889996375498369,0.4045165282709333,7.212334517092494,4.355604578102423,93,0.20430107526881722,5.514672044334366,106.57677337136778,107.36910535152882,3717,0.0005380683346785041,2.57538609934103,25.419625740610602,19.677613170107133,29484,0.9999660832994166,0.14695725094514134,5.2303914746162645,2.7489144965479246,19062,0.8089392508655965,0.6366688187201611,9.830079468064495,5.970080386144894,0.5252212425942933,0.48701620799693046,"[""y@t"", ""throughput_2@t"", ""data_quality_2@t+h"", ""buffer_size_2@t""]",4,20,60000.0,1467,0.10418360892744194,3.5060389747296767,5.571555975238695,,
ref,persistence,5,166718,33201,0.888045540796964,3.0934160262614503,6.951378449275671,3.5060389747296843,33108,0.8899661713181104,3.040347043775755,6.66442668412336,3.207834964359075,93,0.20430107526881722,21.98597379116895,109.10620684349799,109.66666666666667,3717,0.0,27.631021115928544,27.795989945530664,21.478880817863864,29484,1.0,0.0,4.3235321281666,1.240231990231999,19062,0.8088867904731928,5.280653127968089,9.624750764470537,5.571555975238694,0.5719162200398573,0.48701620799693046,"[""y@t"", ""throughput_2@t"", ""data_quality_2@t+h"", ""buffer_size_2@t""]",4,20,60000.0,1467,0.10418360892744194,3.5060389747296767,5.571555975238695,,
pool=local,model,1,33200,33558,0.9179629298527922,0.3181999787540743,7.6774320433332095,5.4354654060505805,33464,0.920033468802295,0.2942865061593659,7.393090212174689,5.144653377466541,94,0.18085106382978725,8.831396222470241,108.90312393576679,108.96454758196889,3874,0.38693856479091376,2.174252069045061,28.288258628739552,28.756701458728703,29684,0.9872658671338095,0.0759702995401111,4.987553920712802,2.391857116464438,18060,0.8593023255813953,0.5119024870151067,11.540814270146424,8.673960716415303,0.4842644005164261,0.038409875000070315,"[""y@t"", ""throughput_2@t"", ""buffer_size_3@t""]",3,20,7200.0,214,0.15629656117766255,3.7463794028249597,6.396179401993355,,
pool=local,ar,1,33200,33558,0.8819059538709101,0.4777335028605528,8.61029794053164,5.300609188820495,33464,0.8838752091800144,0.45982356174265077,8.329286451148281,5.0107707895337406,94,0.18085106382978725,6.853672540833671,108.65038816100729,108.4830793349049,3874,0.003355704697986577,3.3405799227169575,32.63938423751866,27.516653811619506,29684,0.9965638054170597,0.10410909137545254,5.474309518670445,2.4012372420234533,18060,0.7851605758582503,0.8039818816755522,13.10891175372398,8.392361032128361,0.4691937073063387,0.038409875000070315,"[""y@t"", ""throughput_2@t"", ""buffer_size_3@t""]",3,20,7200.0,214,0.15629656117766255,3.7463794028249597,6.396179401993355,,
pool=local,persistence,1,33200,33558,0.8845580785505691,3.1897781692325884,7.394205022466637,3.746379402824963,33464,0.8865347836480995,3.135159788942765,7.10952680694479,3.451918479560127,94,0.18085106382978725,22.63392155240955,108.73964974824423,108.57446808510639,3874,0.0,27.631021115928547,29.16372546845772,23.207279297883325,29684,1.0,0.0,4.553108060878932,1.2065759331626495,18060,0.7897563676633444,5.809246244583649,10.902174354985323,6.396179401993355,0.55425458897833,0.038409875000070315,"[""y@t"", ""throughput_2@t"", ""buffer_size_3@t""]",3,20,7200.0,214,0.15629656117766255,3.7463794028249597,6.396179401993355,,
pool=local,model,2,66758,33201,0.8972621306587151,0.3744211630590441,8.66848693575411,7.06655068393699,33108,0.8992690588377431,0.35375771598127054,8.348360410252443,6.743082716310656,93,0.1827956989247312,7.730608322746431,122.6335300143485,122.22114715891173,4981,0.49688817506524796,1.7679965809061051,26.69885474756005,27.863791189153638,28220,0.9679305457122608,0.12844670677640022,5.486018400296799,3.3957124501848948,19603,0.8415038514513085,0.5531418016720967,11.897006664968735,10.336767533909219,0.5718920681940258,0.06399049999890849,"[""y@t"", ""throughput_2@t"", ""buffer_size_3@t""]",3,20,6800.0,344,0.06228728050359929,5.354266437757899,8.484364638065601,,
pool=local,ar,2,66758,33201,0.8436191680973465,0.5434225234202867,10.096753486991439,7.181684186221462,33108,0.8455056179775281,0.5273837167019639,9.779584889827792,6.857337189192314,93,0.17204301075268819,6.253237715143258,123.0087740772498,122.64921512859874,4981,0.05641437462356957,2.75909409598661,34.326933551813134,28.85991928823819,28220,0.9825655563430191,0.15234314344321906,5.8199807406102595,3.355345098937787,19603,0.7404989032290976,0.839777662211623,14.206275315741317,10.386683043277893,0.5198786733587312,0.06399049999890849,"[""y@t"", ""throughput_2@t"", ""buffer_size_3@t""]",3,20,6800.0,344,0.06228728050359929,5.354266437757899,8.484364638065601,,
pool=local,persistence,2,66758,33201,0.8499743983614951,4.145360566803412,8.940786293295337,5.354266437757899,33108,0.8518787000120817,4.092742767684959,8.618797791596613,5.023529056421409,93,0.17204301075268819,22.87729705297309,123.56869289804204,123.09677419354838,4981,0.0,27.63102111592855,34.24393720648847,27.862678177072876,28220,1.0,0.0,4.47462772849679,1.3813961729270023,19603,0.7498342090496353,6.912336252232495,12.565382889758968,8.484364638065601,0.5637764253923089,0.06399049999890849,"[""y@t"", ""throughput_2@t"", ""buffer_size_3@t""]",3,20,6800.0,344,0.06228728050359929,5.354266437757899,8.484364638065601,,
pool=local,model,3,99959,33201,0.9236769976807927,0.2587368762969209,7.259570827884734,5.510413226813061,33108,0.9257883291047481,0.23819091333094378,6.917096581413761,5.164487176378378,93,0.17204301075268819,7.573099692184775,129.18040257155107,128.6600871815598,3984,0.5022590361445783,1.4959138282143256,25.566870596650794,26.98923326342834,29217,0.9811411164732861,0.09003670254742781,4.763206304533123,2.58158346927891,19017,0.8798443497922911,0.37677620831131425,9.553288563555247,7.684090617350385,0.6384149733120005,0.09571670799778076,"[""y@t"", ""throughput_2@t"", ""buffer_size_3@t""]",3,20,6800.0,436,0.01674648353965242,5.404445649227433,8.803070936530473,,
pool=local,ar,3,99959,33201,0.8807264841420439,0.4152101620236462,8.60458532095995,5.924907938176801,33108,0.8827171680560589,0.3986396842253607,8.267278403133488,5.5815259174402705,93,0.17204301075268819,6.314300258213269,128.6858480671795,128.16890732038203,3984,0.011295180722891566,2.57649336844285,37.154802077166856,32.31748213838682,29217,0.999281240373755,0.12049981207758359,4.711507196692284,2.326043728516783,19017,0.7959194405006047,0.6411637119877113,12.113813805183918,8.570354382658012,0.5368343911084472,0.09571670799778076,"[""y@t"", ""throughput_2@t"", ""buffer_size_3@t""]",3,20,6800.0,436,0.01674648353965242,5.404445649227433,8.803070936530473,,
pool=local,persistence,3,99959,33201,0.8800036143489653,3.3156226657588426,8.698165932516215,5.404445649227441,33108,0.8819922677298538,3.260674142199252,8.358654937640674,5.056421408722975,93,0.17204301075268819,22.8772970529731,129.56408010820866,129.30107526881721,3984,0.0,27.631021115928544,40.84398394812176,35.76355421686747,29217,1.0,0.0,4.314795327246251,1.2647089023513796,19017,0.7945522427301888,5.676731319342316,12.653398150782726,8.803070936530473,0.5476702659365773,0.09571670799778076,"[""y@t"", ""throughput_2@t"", ""buffer_size_3@t""]",3,20,6800.0,436,0.01674648353965242,5.404445649227433,8.803070936530473,,
pool=local,model,4,133160,33558,0.9195422849991061,0.30750944686148074,6.0539208499226005,4.878384063309029,33464,0.9215574946210854,0.28835737912418574,5.779338113041954,4.600969319898459,94,0.20212765957446807,7.125645561338498,103.80537517943304,103.63803271747169,4459,0.467369365328549,1.8314135689103026,21.36505098999136,21.96286028464393,29099,0.9888312313137908,0.07399322705270052,3.7077120697388617,2.260435698384725,17285,0.8571015331212034,0.5161069912872771,8.985790737306749,7.473298355652846,0.6190894215284001,0.1242546250068699,"[""y@t"", ""throughput_2@t"", ""buffer_size_3@t""]",3,20,6800.0,487,0.044013350020859404,4.437451576375231,8.05467168064796,,
pool=local,ar,4,133160,33558,0.867334167709637,0.47419353471077536,7.717485375344566,5.118505375471822,33464,0.8691728424575663,0.45908865377896074,7.450292960902962,4.845216536025585,94,0.2127659574468085,5.851531146436788,102.83798491655541,102.40933221833271,4459,0.002018389773491814,2.8090103091552914,30.454341535153254,23.642509962068555,29099,0.9999312691157771,0.1164167039864172,4.233391708325529,2.27997015255575,17285,0.7467746601099219,0.826318302543131,11.860660526984304,7.828933864776468,0.549607530671871,0.1242546250068699,"[""y@t"", ""throughput_2@t"", ""buffer_size_3@t""]",3,20,6800.0,487,0.044013350020859404,4.437451576375231,8.05467168064796,,
pool=local,persistence,4,133160,33558,0.8671255736337088,3.6714560806938854,7.540421038515548,4.437451576375232,33464,0.8689636624432225,3.6206678099852585,7.270699220351675,4.160441071001675,94,0.2127659574468085,21.752080452965025,103.56138830485425,103.05319148936171,4459,0.0,27.631021115928547,33.87988368484494,26.414218434626598,29099,1.0,0.0,3.5042801422654106,1.0698305783703927,17285,0.7463118310673995,7.009663152637933,12.215279465613198,8.05467168064796,0.5626144568700057,0.1242546250068699,"[""y@t"", ""throughput_2@t"", ""buffer_size_3@t""]",3,20,6800.0,487,0.044013350020859404,4.437451576375231,8.05467168064796,,
pool=local,model,5,166718,33201,0.9310864130598476,0.24222909577459945,5.74462251437196,4.217914656546463,33108,0.9330977407273167,0.22396691139331418,5.457839374201194,3.924177099573394,93,0.21505376344086022,6.743566735512147,107.83942041516465,108.78848493895944,3717,0.5009416195856874,1.464901907274587,17.59358463062296,19.0607162879255,29484,0.985314068647402,0.08808871996584035,4.250843102280487,2.3467067585734656,19062,0.8942398489140698,0.3442994007576196,7.406550892631097,5.658856383177783,0.5830844298799168,0.16037954200146487,"[""y@t"", ""throughput_2@t"", ""buffer_size_3@t""]",3,20,6800.0,543,0.04069154543537845,3.5060389747296767,5.571555975238695,,
pool=local,ar,5,166718,33201,0.8880756603716755,0.4188306893803547,7.490666278589065,4.644157801557399,33108,0.889996375498369,0.4045165282709333,7.212334517092494,4.355604578102423,93,0.20430107526881722,5.514672044334366,106.57677337136778,107.36910535152882,3717,0.0005380683346785041,2.57538609934103,25.419625740610602,19.677613170107133,29484,0.9999660832994166,0.14695725094514134,5.2303914746162645,2.7489144965479246,19062,0.8089392508655965,0.6366688187201611,9.830079468064495,5.970080386144894,0.5252212425942933,0.16037954200146487,"[""y@t"", ""throughput_2@t"", ""buffer_size_3@t""]",3,20,6800.0,543,0.04069154543537845,3.5060389747296767,5.571555975238695,,
pool=local,persistence,5,166718,33201,0.888045540796964,3.0934160262614503,6.951378449275671,3.5060389747296843,33108,0.8899661713181104,3.040347043775755,6.66442668412336,3.207834964359075,93,0.20430107526881722,21.98597379116895,109.10620684349799,109.66666666666667,3717,0.0,27.631021115928544,27.795989945530664,21.478880817863864,29484,1.0,0.0,4.3235321281666,1.240231990231999,19062,0.8088867904731928,5.280653127968089,9.624750764470537,5.571555975238694,0.5719162200398573,0.16037954200146487,"[""y@t"", ""throughput_2@t"", ""buffer_size_3@t""]",3,20,6800.0,543,0.04069154543537845,3.5060389747296767,5.571555975238695,,
"ar_order=2,other_lags=2,pool=local",model,1,33200,33558,0.9172477501638954,0.3062750227098301,7.7920353893530185,5.461881403131161,33464,0.9193461630408798,0.28232466475644885,7.507570350419853,5.171197254270624,94,0.1702127659574468,8.832602454113573,109.06158924955965,108.9454383974825,3874,0.38100154878678366,2.136704315945992,28.766374472115473,29.537450341463828,29684,0.9872321789516237,0.06738932394965998,5.054715971261732,2.319826623886425,18060,0.8580287929125139,0.49460235565782795,11.730991569407546,8.816711383682565,0.5035628419896546,0.05672254199453164,"[""y@t"", ""throughput_2@t"", ""throughput_2@t-1"", ""buffer_size_3@t""]",4,20,144000.0,369,0.16654747005185053,3.7463794028249597,6.396179401993355,,
"ar_order=2,other_lags=2,pool=local",ar,1,33200,33558,0.8819059538709101,0.4777335028605528,8.61029794053164,5.300609188820495,33464,0.8838752091800144,0.45982356174265077,8.329286451148281,5.0107707895337406,94,0.18085106382978725,6.853672540833671,108.65038816100729,108.4830793349049,3874,0.003355704697986577,3.3405799227169575,32.63938423751866,27.516653811619506,29684,0.9965638054170597,0.10410909137545254,5.474309518670445,2.4012372420234533,18060,0.7851605758582503,0.8039818816755522,13.10891175372398,8.392361032128361,0.4691937073063387,0.05672254199453164,"[""y@t"", ""throughput_2@t"", ""throughput_2@t-1"", ""buffer_size_3@t""]",4,20,144000.0,369,0.16654747005185053,3.7463794028249597,6.396179401993355,,
"ar_order=2,other_lags=2,pool=local",persistence,1,33200,33558,0.8845580785505691,3.1897781692325884,7.394205022466637,3.746379402824963,33464,0.8865347836480995,3.135159788942765,7.10952680694479,3.451918479560127,94,0.18085106382978725,22.63392155240955,108.73964974824423,108.57446808510639,3874,0.0,27.631021115928547,29.16372546845772,23.207279297883325,29684,1.0,0.0,4.553108060878932,1.2065759331626495,18060,0.7897563676633444,5.809246244583649,10.902174354985323,6.396179401993355,0.55425458897833,0.05672254199453164,"[""y@t"", ""throughput_2@t"", ""throughput_2@t-1"", ""buffer_size_3@t""]",4,20,144000.0,369,0.16654747005185053,3.7463794028249597,6.396179401993355,,
"ar_order=2,other_lags=2,pool=local",model,2,66758,33201,0.8956657931990001,0.3483240413863514,8.773407225881416,7.113144546829902,33108,0.8976682372840401,0.327621643919423,8.453011063320874,6.78925198211122,93,0.1827956989247312,7.718377539612864,122.83444109743446,122.41889758668067,4981,0.5037141136318009,1.6415636165392455,27.07621473020994,28.812831297418207,28220,0.9648476257973069,0.12005946577201529,5.542851443490899,3.2830191143465455,19603,0.8404325868489517,0.5140971348914608,12.05799377922623,10.520785993311272,0.5690802042059997,0.11428612500458257,"[""y@t"", ""throughput_2@t"", ""throughput_2@t-1"", ""buffer_size_3@t""]",4,20,136000.0,643,0.06990753290563537,5.354266437757899,8.484364638065601,,
"ar_order=2,other_lags=2,pool=local",ar,2,66758,33201,0.8436191680973465,0.5434225234202867,10.096753486991439,7.181684186221462,33108,0.8455056179775281,0.5273837167019639,9.779584889827792,6.857337189192314,93,0.17204301075268819,6.253237715143258,123.0087740772498,122.64921512859874,4981,0.05641437462356957,2.75909409598661,34.326933551813134,28.85991928823819,28220,0.9825655563430191,0.15234314344321906,5.8199807406102595,3.355345098937787,19603,0.7404989032290976,0.839777662211623,14.206275315741317,10.386683043277893,0.5198786733587312,0.11428612500458257,"[""y@t"", ""throughput_2@t"", ""throughput_2@t-1"", ""buffer_size_3@t""]",4,20,136000.0,643,0.06990753290563537,5.354266437757899,8.484364638065601,,
"ar_order=2,other_lags=2,pool=local",persistence,2,66758,33201,0.8499743983614951,4.145360566803412,8.940786293295337,5.354266437757899,33108,0.8518787000120817,4.092742767684959,8.618797791596613,5.023529056421409,93,0.17204301075268819,22.87729705297309,123.56869289804204,123.09677419354838,4981,0.0,27.63102111592855,34.24393720648847,27.862678177072876,28220,1.0,0.0,4.47462772849679,1.3813961729270023,19603,0.7498342090496353,6.912336252232495,12.565382889758968,8.484364638065601,0.5637764253923089,0.11428612500458257,"[""y@t"", ""throughput_2@t"", ""throughput_2@t-1"", ""buffer_size_3@t""]",4,20,136000.0,643,0.06990753290563537,5.354266437757899,8.484364638065601,,
"ar_order=2,other_lags=2,pool=local",model,3,99959,33201,0.9346104033011053,0.21212980725288813,7.029607632085714,5.31395606466209,33108,0.9367524465386009,0.19145637304261806,6.686863010484412,4.967957998802794,93,0.17204301075268819,7.5718723861090265,129.0466929221496,128.48926751057127,3984,0.6157128514056225,1.2122919293234358,23.84750986897599,26.613027999886388,29217,0.9780949447239621,0.07574873136114486,4.7363358207508455,2.409636572930098,19017,0.8994057948151654,0.3016637783749147,9.229176464355348,7.493745701035458,0.6540600774702002,0.16784125000413042,"[""y@t"", ""throughput_2@t"", ""throughput_2@t-1"", ""buffer_size_3@t""]",4,20,136000.0,840,0.022318604861299357,5.404445649227433,8.803070936530473,,
"ar_order=2,other_lags=2,pool=local",ar,3,99959,33201,0.8807264841420439,0.4152101620236462,8.60458532095995,5.924907938176801,33108,0.8827171680560589,0.3986396842253607,8.267278403133488,5.5815259174402705,93,0.17204301075268819,6.314300258213269,128.6858480671795,128.16890732038203,3984,0.011295180722891566,2.57649336844285,37.154802077166856,32.31748213838682,29217,0.999281240373755,0.12049981207758359,4.711507196692284,2.326043728516783,19017,0.7959194405006047,0.6411637119877113,12.113813805183918,8.570354382658012,0.5368343911084472,0.16784125000413042,"[""y@t"", ""throughput_2@t"", ""throughput_2@t-1"", ""buffer_size_3@t""]",4,20,136000.0,840,0.022318604861299357,5.404445649227433,8.803070936530473,,
"ar_order=2,other_lags=2,pool=local",persistence,3,99959,33201,0.8800036143489653,3.3156226657588426,8.698165932516215,5.404445649227441,33108,0.8819922677298538,3.260674142199252,8.358654937640674,5.056421408722975,93,0.17204301075268819,22.8772970529731,129.56408010820866,129.30107526881721,3984,0.0,27.631021115928544,40.84398394812176,35.76355421686747,29217,1.0,0.0,4.314795327246251,1.2647089023513796,19017,0.7945522427301888,5.676731319342316,12.653398150782726,8.803070936530473,0.5476702659365773,0.16784125000413042,"[""y@t"", ""throughput_2@t"", ""throughput_2@t-1"", ""buffer_size_3@t""]",4,20,136000.0,840,0.022318604861299357,5.404445649227433,8.803070936530473,,
"ar_order=2,other_lags=2,pool=local",model,4,133160,33558,0.9268132785028905,0.2643933048206558,5.873445660176777,4.911614934055713,33464,0.9288489122639254,0.2448346260165134,5.598267742513394,4.634474177424716,94,0.20212765957446807,7.227282959095368,103.83678434834081,103.57372429469116,4459,0.6023772146221126,1.5550032165895604,19.885649506312546,22.509847429134222,29099,0.9765284030379051,0.06662604145842539,3.726278508387389,2.2149408663710832,17285,0.8796644489441713,0.43514624565157384,8.655689556397466,7.672861601505818,0.6331553380966759,0.24993595800333424,"[""y@t"", ""throughput_2@t"", ""throughput_2@t-1"", ""buffer_size_3@t""]",4,20,136000.0,970,0.051701531676500385,4.437451576375231,8.05467168064796,,
"ar_order=2,other_lags=2,pool=local",ar,4,133160,33558,0.867334167709637,0.47419353471077536,7.717485375344566,5.118505375471822,33464,0.8691728424575663,0.45908865377896074,7.450292960902962,4.845216536025585,94,0.2127659574468085,5.851531146436788,102.83798491655541,102.40933221833271,4459,0.002018389773491814,2.8090103091552914,30.454341535153254,23.642509962068555,29099,0.9999312691157771,0.1164167039864172,4.233391708325529,2.27997015255575,17285,0.7467746601099219,0.826318302543131,11.860660526984304,7.828933864776468,0.549607530671871,0.24993595800333424,"[""y@t"", ""throughput_2@t"", ""throughput_2@t-1"", ""buffer_size_3@t""]",4,20,136000.0,970,0.051701531676500385,4.437451576375231,8.05467168064796,,
"ar_order=2,other_lags=2,pool=local",persistence,4,133160,33558,0.8671255736337088,3.6714560806938854,7.540421038515548,4.437451576375232,33464,0.8689636624432225,3.6206678099852585,7.270699220351675,4.160441071001675,94,0.2127659574468085,21.752080452965025,103.56138830485425,103.05319148936171,4459,0.0,27.631021115928547,33.87988368484494,26.414218434626598,29099,1.0,0.0,3.5042801422654106,1.0698305783703927,17285,0.7463118310673995,7.009663152637933,12.215279465613198,8.05467168064796,0.5626144568700057,0.24993595800333424,"[""y@t"", ""throughput_2@t"", ""throughput_2@t-1"", ""buffer_size_3@t""]",4,20,136000.0,970,0.051701531676500385,4.437451576375231,8.05467168064796,,
"ar_order=2,other_lags=2,pool=local",model,5,166718,33201,0.9368994909791873,0.20168582530774773,5.729376086325522,4.268806886173324,33108,0.9389271475172164,0.18316397564615114,5.446183845032422,3.979395557623447,93,0.21505376344086022,6.7954643048361385,106.54581398666903,107.29923984992915,3717,0.6265805757331181,1.2167886715024072,16.97471711763503,20.376641990663224,29484,0.9760208926875593,0.0737134579456005,4.311694204173255,2.238118272573101,19062,0.9078270905466372,0.2782642584945544,7.406538667560459,5.9144810171495905,0.5652994044753084,0.32424391700624255,"[""y@t"", ""throughput_2@t"", ""throughput_2@t-1"", ""buffer_size_3@t""]",4,20,136000.0,1103,0.05427547363031234,3.5060389747296767,5.571555975238695,,
"ar_order=2,other_lags=2,pool=local",ar,5,166718,33201,0.8880756603716755,0.4188306893803547,7.490666278589065,4.644157801557399,33108,0.889996375498369,0.4045165282709333,7.212334517092494,4.355604578102423,93,0.20430107526881722,5.514672044334366,106.57677337136778,107.36910535152882,3717,0.0005380683346785041,2.57538609934103,25.419625740610602,19.677613170107133,29484,0.9999660832994166,0.14695725094514134,5.2303914746162645,2.7489144965479246,19062,0.8089392508655965,0.6366688187201611,9.830079468064495,5.970080386144894,0.5252212425942933,0.32424391700624255,"[""y@t"", ""throughput_2@t"", ""throughput_2@t-1"", ""buffer_size_3@t""]",4,20,136000.0,1103,0.05427547363031234,3.5060389747296767,5.571555975238695,,
"ar_order=2,other_lags=2,pool=local",persistence,5,166718,33201,0.888045540796964,3.0934160262614503,6.951378449275671,3.5060389747296843,33108,0.8899661713181104,3.040347043775755,6.66442668412336,3.207834964359075,93,0.20430107526881722,21.98597379116895,109.10620684349799,109.66666666666667,3717,0.0,27.631021115928544,27.795989945530664,21.478880817863864,29484,1.0,0.0,4.3235321281666,1.240231990231999,19062,0.8088867904731928,5.280653127968089,9.624750764470537,5.571555975238694,0.5719162200398573,0.32424391700624255,"[""y@t"", ""throughput_2@t"", ""throughput_2@t-1"", ""buffer_size_3@t""]",4,20,136000.0,1103,0.05427547363031234,3.5060389747296767,5.571555975238695,,
"ar_order=2,other_lags=2",model,1,33200,33558,0.9172477501638954,0.3062750227098301,7.7920353893530185,5.461881403131161,33464,0.9193461630408798,0.28232466475644885,7.507570350419853,5.171197254270624,94,0.1702127659574468,8.832602454113573,109.06158924955965,108.9454383974825,3874,0.38100154878678366,2.136704315945992,28.766374472115473,29.537450341463828,29684,0.9872321789516237,0.06738932394965998,5.054715971261732,2.319826623886425,18060,0.8580287929125139,0.49460235565782795,11.730991569407546,8.816711383682565,0.5035628419896546,0.17098345800332027,"[""y@t"", ""throughput_2@t"", ""throughput_2@t-1"", ""buffer_size_3@t""]",4,20,144000.0,369,0.16654747005185053,3.7463794028249597,6.396179401993355,,
"ar_order=2,other_lags=2",ar,1,33200,33558,0.8819059538709101,0.4777335028605528,8.61029794053164,5.300609188820495,33464,0.8838752091800144,0.45982356174265077,8.329286451148281,5.0107707895337406,94,0.18085106382978725,6.853672540833671,108.65038816100729,108.4830793349049,3874,0.003355704697986577,3.3405799227169575,32.63938423751866,27.516653811619506,29684,0.9965638054170597,0.10410909137545254,5.474309518670445,2.4012372420234533,18060,0.7851605758582503,0.8039818816755522,13.10891175372398,8.392361032128361,0.4691937073063387,0.17098345800332027,"[""y@t"", ""throughput_2@t"", ""throughput_2@t-1"", ""buffer_size_3@t""]",4,20,144000.0,369,0.16654747005185053,3.7463794028249597,6.396179401993355,,
"ar_order=2,other_lags=2",persistence,1,33200,33558,0.8845580785505691,3.1897781692325884,7.394205022466637,3.746379402824963,33464,0.8865347836480995,3.135159788942765,7.10952680694479,3.451918479560127,94,0.18085106382978725,22.63392155240955,108.73964974824423,108.57446808510639,3874,0.0,27.631021115928547,29.16372546845772,23.207279297883325,29684,1.0,0.0,4.553108060878932,1.2065759331626495,18060,0.7897563676633444,5.809246244583649,10.902174354985323,6.396179401993355,0.55425458897833,0.17098345800332027,"[""y@t"", ""throughput_2@t"", ""throughput_2@t-1"", ""buffer_size_3@t""]",4,20,144000.0,369,0.16654747005185053,3.7463794028249597,6.396179401993355,,
"ar_order=2,other_lags=2",model,2,66758,33201,0.8853347790729195,0.3508628326010283,9.726703400568777,8.1557286408743,33108,0.8873082034553582,0.3355606156976086,9.433800359055457,7.859680037890145,93,0.1827956989247312,5.79845205021844,114.00018617931033,113.54903130323308,4981,0.5344308371812889,1.5242286650862702,28.52975007399931,31.207618969949383,28220,0.9472714386959603,0.14375669469851268,6.407852391342783,4.086931130983335,19603,0.8332908228332399,0.516444711830118,13.022878834348903,11.748469285976984,0.5578299505225526,0.34300229200016474,"[""y@t"", ""throughput_2@t"", ""throughput_2@t-1"", ""data_quality_1@t+h""]",4,20,80000.0,565,0.07671455679045812,5.354266437757899,8.484364638065601,,
"ar_order=2,other_lags=2",ar,2,66758,33201,0.8436191680973465,0.5434225234202867,10.096753486991439,7.181684186221462,33108,0.8455056179775281,0.5273837167019639,9.779584889827792,6.857337189192314,93,0.17204301075268819,6.253237715143258,123.0087740772498,122.64921512859874,4981,0.05641437462356957,2.75909409598661,34.326933551813134,28.85991928823819,28220,0.9825655563430191,0.15234314344321906,5.8199807406102595,3.355345098937787,19603,0.7404989032290976,0.839777662211623,14.206275315741317,10.386683043277893,0.5198786733587312,0.34300229200016474,"[""y@t"", ""throughput_2@t"", ""throughput_2@t-1"", ""data_quality_1@t+h""]",4,20,80000.0,565,0.07671455679045812,5.354266437757899,8.484364638065601,,
"ar_order=2,other_lags=2",persistence,2,66758,33201,0.8499743983614951,4.145360566803412,8.940786293295337,5.354266437757899,33108,0.8518787000120817,4.092742767684959,8.618797791596613,5.023529056421409,93,0.17204301075268819,22.87729705297309,123.56869289804204,123.09677419354838,4981,0.0,27.63102111592855,34.24393720648847,27.862678177072876,28220,1.0,0.0,4.47462772849679,1.3813961729270023,19603,0.7498342090496353,6.912336252232495,12.565382889758968,8.484364638065601,0.5637764253923089,0.34300229200016474,"[""y@t"", ""throughput_2@t"", ""throughput_2@t-1"", ""data_quality_1@t+h""]",4,20,80000.0,565,0.07671455679045812,5.354266437757899,8.484364638065601,,
"ar_order=2,other_lags=2",model,3,99959,33201,0.9346104033011053,0.21212980725288813,7.029607632085714,5.31395606466209,33108,0.9367524465386009,0.19145637304261806,6.686863010484412,4.967957998802794,93,0.17204301075268819,7.5718723861090265,129.0466929221496,128.48926751057127,3984,0.6157128514056225,1.2122919293234358,23.84750986897599,26.613027999886388,29217,0.9780949447239621,0.07574873136114486,4.7363358207508455,2.409636572930098,19017,0.8994057948151654,0.3016637783749147,9.229176464355348,7.493745701035458,0.6540600774702002,0.501103124996007,"[""y@t"", ""throughput_2@t"", ""throughput_2@t-1"", ""buffer_size_3@t""]",4,20,136000.0,840,0.022318604861299357,5.404445649227433,8.803070936530473,,
"ar_order=2,other_lags=2",ar,3,99959,33201,0.8807264841420439,0.4152101620236462,8.60458532095995,5.924907938176801,33108,0.8827171680560589,0.3986396842253607,8.267278403133488,5.5815259174402705,93,0.17204301075268819,6.314300258213269,128.6858480671795,128.16890732038203,3984,0.011295180722891566,2.57649336844285,37.154802077166856,32.31748213838682,29217,0.999281240373755,0.12049981207758359,4.711507196692284,2.326043728516783,19017,0.7959194405006047,0.6411637119877113,12.113813805183918,8.570354382658012,0.5368343911084472,0.501103124996007,"[""y@t"", ""throughput_2@t"", ""throughput_2@t-1"", ""buffer_size_3@t""]",4,20,136000.0,840,0.022318604861299357,5.404445649227433,8.803070936530473,,
"ar_order=2,other_lags=2",persistence,3,99959,33201,0.8800036143489653,3.3156226657588426,8.698165932516215,5.404445649227441,33108,0.8819922677298538,3.260674142199252,8.358654937640674,5.056421408722975,93,0.17204301075268819,22.8772970529731,129.56408010820866,129.30107526881721,3984,0.0,27.631021115928544,40.84398394812176,35.76355421686747,29217,1.0,0.0,4.314795327246251,1.2647089023513796,19017,0.7945522427301888,5.676731319342316,12.653398150782726,8.803070936530473,0.5476702659365773,0.501103124996007,"[""y@t"", ""throughput_2@t"", ""throughput_2@t-1"", ""buffer_size_3@t""]",4,20,136000.0,840,0.022318604861299357,5.404445649227433,8.803070936530473,,
"ar_order=2,other_lags=2",model,4,133160,33558,0.9268132785028905,0.2643933048206558,5.873445660176777,4.911614934055713,33464,0.9288489122639254,0.2448346260165134,5.598267742513394,4.634474177424716,94,0.20212765957446807,7.227282959095368,103.83678434834081,103.57372429469116,4459,0.6023772146221126,1.5550032165895604,19.885649506312546,22.509847429134222,29099,0.9765284030379051,0.06662604145842539,3.726278508387389,2.2149408663710832,17285,0.8796644489441713,0.43514624565157384,8.655689556397466,7.672861601505818,0.6331553380966759,0.6531773329988937,"[""y@t"", ""throughput_2@t"", ""throughput_2@t-1"", ""buffer_size_3@t""]",4,20,136000.0,970,0.051701531676500385,4.437451576375231,8.05467168064796,,
"ar_order=2,other_lags=2",ar,4,133160,33558,0.867334167709637,0.47419353471077536,7.717485375344566,5.118505375471822,33464,0.8691728424575663,0.45908865377896074,7.450292960902962,4.845216536025585,94,0.2127659574468085,5.851531146436788,102.83798491655541,102.40933221833271,4459,0.002018389773491814,2.8090103091552914,30.454341535153254,23.642509962068555,29099,0.9999312691157771,0.1164167039864172,4.233391708325529,2.27997015255575,17285,0.7467746601099219,0.826318302543131,11.860660526984304,7.828933864776468,0.549607530671871,0.6531773329988937,"[""y@t"", ""throughput_2@t"", ""throughput_2@t-1"", ""buffer_size_3@t""]",4,20,136000.0,970,0.051701531676500385,4.437451576375231,8.05467168064796,,
"ar_order=2,other_lags=2",persistence,4,133160,33558,0.8671255736337088,3.6714560806938854,7.540421038515548,4.437451576375232,33464,0.8689636624432225,3.6206678099852585,7.270699220351675,4.160441071001675,94,0.2127659574468085,21.752080452965025,103.56138830485425,103.05319148936171,4459,0.0,27.631021115928547,33.87988368484494,26.414218434626598,29099,1.0,0.0,3.5042801422654106,1.0698305783703927,17285,0.7463118310673995,7.009663152637933,12.215279465613198,8.05467168064796,0.5626144568700057,0.6531773329988937,"[""y@t"", ""throughput_2@t"", ""throughput_2@t-1"", ""buffer_size_3@t""]",4,20,136000.0,970,0.051701531676500385,4.437451576375231,8.05467168064796,,
"ar_order=2,other_lags=2",model,5,166718,33201,0.9368994909791873,0.20168582530774773,5.729376086325522,4.268806886173324,33108,0.9389271475172164,0.18316397564615114,5.446183845032422,3.979395557623447,93,0.21505376344086022,6.7954643048361385,106.54581398666903,107.29923984992915,3717,0.6265805757331181,1.2167886715024072,16.97471711763503,20.376641990663224,29484,0.9760208926875593,0.0737134579456005,4.311694204173255,2.238118272573101,19062,0.9078270905466372,0.2782642584945544,7.406538667560459,5.9144810171495905,0.5652994044753084,0.8027197909977986,"[""y@t"", ""throughput_2@t"", ""throughput_2@t-1"", ""buffer_size_3@t""]",4,20,136000.0,1103,0.05427547363031234,3.5060389747296767,5.571555975238695,,
"ar_order=2,other_lags=2",ar,5,166718,33201,0.8880756603716755,0.4188306893803547,7.490666278589065,4.644157801557399,33108,0.889996375498369,0.4045165282709333,7.212334517092494,4.355604578102423,93,0.20430107526881722,5.514672044334366,106.57677337136778,107.36910535152882,3717,0.0005380683346785041,2.57538609934103,25.419625740610602,19.677613170107133,29484,0.9999660832994166,0.14695725094514134,5.2303914746162645,2.7489144965479246,19062,0.8089392508655965,0.6366688187201611,9.830079468064495,5.970080386144894,0.5252212425942933,0.8027197909977986,"[""y@t"", ""throughput_2@t"", ""throughput_2@t-1"", ""buffer_size_3@t""]",4,20,136000.0,1103,0.05427547363031234,3.5060389747296767,5.571555975238695,,
"ar_order=2,other_lags=2",persistence,5,166718,33201,0.888045540796964,3.0934160262614503,6.951378449275671,3.5060389747296843,33108,0.8899661713181104,3.040347043775755,6.66442668412336,3.207834964359075,93,0.20430107526881722,21.98597379116895,109.10620684349799,109.66666666666667,3717,0.0,27.631021115928544,27.795989945530664,21.478880817863864,29484,1.0,0.0,4.3235321281666,1.240231990231999,19062,0.8088867904731928,5.280653127968089,9.624750764470537,5.571555975238694,0.5719162200398573,0.8027197909977986,"[""y@t"", ""throughput_2@t"", ""throughput_2@t-1"", ""buffer_size_3@t""]",4,20,136000.0,1103,0.05427547363031234,3.5060389747296767,5.571555975238695,,
"forced=('y@t', 'throughput_2@t')",model,1,33200,33558,0.9179629298527922,0.3181999787540743,7.6774320433332095,5.4354654060505805,33464,0.920033468802295,0.2942865061593659,7.393090212174689,5.144653377466541,94,0.18085106382978725,8.831396222470241,108.90312393576679,108.96454758196889,3874,0.38693856479091376,2.174252069045061,28.288258628739552,28.756701458728703,29684,0.9872658671338095,0.0759702995401111,4.987553920712802,2.391857116464438,18060,0.8593023255813953,0.5119024870151067,11.540814270146424,8.673960716415303,0.4842644005164261,0.06523091700364603,"[""y@t"", ""throughput_2@t"", ""buffer_size_3@t""]",3,20,7200.0,214,0.15629656117766255,3.7463794028249597,6.396179401993355,,
"forced=('y@t', 'throughput_2@t')",ar,1,33200,33558,0.8819059538709101,0.4777335028605528,8.61029794053164,5.300609188820495,33464,0.8838752091800144,0.45982356174265077,8.329286451148281,5.0107707895337406,94,0.18085106382978725,6.853672540833671,108.65038816100729,108.4830793349049,3874,0.003355704697986577,3.3405799227169575,32.63938423751866,27.516653811619506,29684,0.9965638054170597,0.10410909137545254,5.474309518670445,2.4012372420234533,18060,0.7851605758582503,0.8039818816755522,13.10891175372398,8.392361032128361,0.4691937073063387,0.06523091700364603,"[""y@t"", ""throughput_2@t"", ""buffer_size_3@t""]",3,20,7200.0,214,0.15629656117766255,3.7463794028249597,6.396179401993355,,
"forced=('y@t', 'throughput_2@t')",persistence,1,33200,33558,0.8845580785505691,3.1897781692325884,7.394205022466637,3.746379402824963,33464,0.8865347836480995,3.135159788942765,7.10952680694479,3.451918479560127,94,0.18085106382978725,22.63392155240955,108.73964974824423,108.57446808510639,3874,0.0,27.631021115928547,29.16372546845772,23.207279297883325,29684,1.0,0.0,4.553108060878932,1.2065759331626495,18060,0.7897563676633444,5.809246244583649,10.902174354985323,6.396179401993355,0.55425458897833,0.06523091700364603,"[""y@t"", ""throughput_2@t"", ""buffer_size_3@t""]",3,20,7200.0,214,0.15629656117766255,3.7463794028249597,6.396179401993355,,
"forced=('y@t', 'throughput_2@t')",model,2,66758,33201,0.8783771573145387,0.3775343496998153,9.526652023114705,7.81156102070376,33108,0.8803310378156337,0.36331992497904764,9.2160991737963,7.497422386769873,93,0.1827956989247312,5.437869550293104,120.08346638046666,119.6449147011672,4981,0.4466974503111825,1.6766856180462166,27.897539338478836,28.8083559298461,28220,0.9545712260807938,0.14822632462421553,6.284079743957061,4.105500232523816,19603,0.8171198285976636,0.5593031269753858,12.36377880405596,10.75201129510313,0.5473939519471429,0.14126737500191666,"[""y@t"", ""throughput_2@t"", ""data_quality_1@t+h"", ""avg_p_latency_1@t""]",4,20,72000.0,615,0.09117195265202856,5.354266437757899,8.484364638065601,,
"forced=('y@t', 'throughput_2@t')",ar,2,66758,33201,0.8436191680973465,0.5434225234202867,10.096753486991439,7.181684186221462,33108,0.8455056179775281,0.5273837167019639,9.779584889827792,6.857337189192314,93,0.17204301075268819,6.253237715143258,123.0087740772498,122.64921512859874,4981,0.05641437462356957,2.75909409598661,34.326933551813134,28.85991928823819,28220,0.9825655563430191,0.15234314344321906,5.8199807406102595,3.355345098937787,19603,0.7404989032290976,0.839777662211623,14.206275315741317,10.386683043277893,0.5198786733587312,0.14126737500191666,"[""y@t"", ""throughput_2@t"", ""data_quality_1@t+h"", ""avg_p_latency_1@t""]",4,20,72000.0,615,0.09117195265202856,5.354266437757899,8.484364638065601,,
"forced=('y@t', 'throughput_2@t')",persistence,2,66758,33201,0.8499743983614951,4.145360566803412,8.940786293295337,5.354266437757899,33108,0.8518787000120817,4.092742767684959,8.618797791596613,5.023529056421409,93,0.17204301075268819,22.87729705297309,123.56869289804204,123.09677419354838,4981,0.0,27.63102111592855,34.24393720648847,27.862678177072876,28220,1.0,0.0,4.47462772849679,1.3813961729270023,19603,0.7498342090496353,6.912336252232495,12.565382889758968,8.484364638065601,0.5637764253923089,0.14126737500191666,"[""y@t"", ""throughput_2@t"", ""data_quality_1@t+h"", ""avg_p_latency_1@t""]",4,20,72000.0,615,0.09117195265202856,5.354266437757899,8.484364638065601,,
"forced=('y@t', 'throughput_2@t')",model,3,99959,33201,0.9113580916237463,0.2877730506180601,7.687506407492348,5.676947635103342,33108,0.9134348193790021,0.2717099568076388,7.362669618144467,5.347989947083787,93,0.17204301075268819,6.006234447128011,123.32940341533795,122.78588457006465,3984,0.3689759036144578,1.718629688198601,28.358126791667946,28.60550203340473,29217,0.9853167676352809,0.09266291459722031,4.868881921386466,2.550433594550489,19017,0.856864910343377,0.43730180967813775,10.345013036233249,8.098019121823,0.5841741418282456,0.2103901250011404,"[""y@t"", ""throughput_2@t"", ""buffer_size_3@t"", ""data_quality_1@t+h""]",4,20,68000.0,854,0.1313815848920213,5.404445649227433,8.803070936530473,,
"forced=('y@t', 'throughput_2@t')",ar,3,99959,33201,0.8807264841420439,0.4152101620236462,8.60458532095995,5.924907938176801,33108,0.8827171680560589,0.3986396842253607,8.267278403133488,5.5815259174402705,93,0.17204301075268819,6.314300258213269,128.6858480671795,128.16890732038203,3984,0.011295180722891566,2.57649336844285,37.154802077166856,32.31748213838682,29217,0.999281240373755,0.12049981207758359,4.711507196692284,2.326043728516783,19017,0.7959194405006047,0.6411637119877113,12.113813805183918,8.570354382658012,0.5368343911084472,0.2103901250011404,"[""y@t"", ""throughput_2@t"", ""buffer_size_3@t"", ""data_quality_1@t+h""]",4,20,68000.0,854,0.1313815848920213,5.404445649227433,8.803070936530473,,
"forced=('y@t', 'throughput_2@t')",persistence,3,99959,33201,0.8800036143489653,3.3156226657588426,8.698165932516215,5.404445649227441,33108,0.8819922677298538,3.260674142199252,8.358654937640674,5.056421408722975,93,0.17204301075268819,22.8772970529731,129.56408010820866,129.30107526881721,3984,0.0,27.631021115928544,40.84398394812176,35.76355421686747,29217,1.0,0.0,4.314795327246251,1.2647089023513796,19017,0.7945522427301888,5.676731319342316,12.653398150782726,8.803070936530473,0.5476702659365773,0.2103901250011404,"[""y@t"", ""throughput_2@t"", ""buffer_size_3@t"", ""data_quality_1@t+h""]",4,20,68000.0,854,0.1313815848920213,5.404445649227433,8.803070936530473,,
"forced=('y@t', 'throughput_2@t')",model,4,133160,33558,0.9195422849991061,0.30750944686148074,6.0539208499226005,4.878384063309029,33464,0.9215574946210854,0.28835737912418574,5.779338113041954,4.600969319898459,94,0.20212765957446807,7.125645561338498,103.80537517943304,103.63803271747169,4459,0.467369365328549,1.8314135689103026,21.36505098999136,21.96286028464393,29099,0.9888312313137908,0.07399322705270052,3.7077120697388617,2.260435698384725,17285,0.8571015331212034,0.5161069912872771,8.985790737306749,7.473298355652846,0.6190894215284001,0.27743279200512916,"[""y@t"", ""throughput_2@t"", ""buffer_size_3@t""]",3,20,6800.0,487,0.044013350020859404,4.437451576375231,8.05467168064796,,
"forced=('y@t', 'throughput_2@t')",ar,4,133160,33558,0.867334167709637,0.47419353471077536,7.717485375344566,5.118505375471822,33464,0.8691728424575663,0.45908865377896074,7.450292960902962,4.845216536025585,94,0.2127659574468085,5.851531146436788,102.83798491655541,102.40933221833271,4459,0.002018389773491814,2.8090103091552914,30.454341535153254,23.642509962068555,29099,0.9999312691157771,0.1164167039864172,4.233391708325529,2.27997015255575,17285,0.7467746601099219,0.826318302543131,11.860660526984304,7.828933864776468,0.549607530671871,0.27743279200512916,"[""y@t"", ""throughput_2@t"", ""buffer_size_3@t""]",3,20,6800.0,487,0.044013350020859404,4.437451576375231,8.05467168064796,,
"forced=('y@t', 'throughput_2@t')",persistence,4,133160,33558,0.8671255736337088,3.6714560806938854,7.540421038515548,4.437451576375232,33464,0.8689636624432225,3.6206678099852585,7.270699220351675,4.160441071001675,94,0.2127659574468085,21.752080452965025,103.56138830485425,103.05319148936171,4459,0.0,27.631021115928547,33.87988368484494,26.414218434626598,29099,1.0,0.0,3.5042801422654106,1.0698305783703927,17285,0.7463118310673995,7.009663152637933,12.215279465613198,8.05467168064796,0.5626144568700057,0.27743279200512916,"[""y@t"", ""throughput_2@t"", ""buffer_size_3@t""]",3,20,6800.0,487,0.044013350020859404,4.437451576375231,8.05467168064796,,
"forced=('y@t', 'throughput_2@t')",model,5,166718,33201,0.9158459082557754,0.2951916404878048,6.436352242339029,4.607142304105077,33108,0.9178144255164915,0.27955688974689785,6.165460981308871,4.328517729512973,93,0.21505376344086022,5.861162904250678,102.87364116907546,103.79749085889384,3717,0.384180790960452,1.8378680861222119,20.22763160627935,19.95689949184478,29484,0.9828720662053996,0.10070892618774067,4.697708049021766,2.672023342402849,19062,0.8695310040919106,0.4360044575612773,8.282640565829448,6.171161243712865,0.559612978054694,0.3322611670009792,"[""y@t"", ""throughput_2@t"", ""data_quality_2@t+h"", ""buffer_size_2@t""]",4,20,60000.0,1467,0.10418360892744194,3.5060389747296767,5.571555975238695,,
"forced=('y@t', 'throughput_2@t')",ar,5,166718,33201,0.8880756603716755,0.4188306893803547,7.490666278589065,4.644157801557399,33108,0.889996375498369,0.4045165282709333,7.212334517092494,4.355604578102423,93,0.20430107526881722,5.514672044334366,106.57677337136778,107.36910535152882,3717,0.0005380683346785041,2.57538609934103,25.419625740610602,19.677613170107133,29484,0.9999660832994166,0.14695725094514134,5.2303914746162645,2.7489144965479246,19062,0.8089392508655965,0.6366688187201611,9.830079468064495,5.970080386144894,0.5252212425942933,0.3322611670009792,"[""y@t"", ""throughput_2@t"", ""data_quality_2@t+h"", ""buffer_size_2@t""]",4,20,60000.0,1467,0.10418360892744194,3.5060389747296767,5.571555975238695,,
"forced=('y@t', 'throughput_2@t')",persistence,5,166718,33201,0.888045540796964,3.0934160262614503,6.951378449275671,3.5060389747296843,33108,0.8899661713181104,3.040347043775755,6.66442668412336,3.207834964359075,93,0.20430107526881722,21.98597379116895,109.10620684349799,109.66666666666667,3717,0.0,27.631021115928544,27.795989945530664,21.478880817863864,29484,1.0,0.0,4.3235321281666,1.240231990231999,19062,0.8088867904731928,5.280653127968089,9.624750764470537,5.571555975238694,0.5719162200398573,0.3322611670009792,"[""y@t"", ""throughput_2@t"", ""data_quality_2@t+h"", ""buffer_size_2@t""]",4,20,60000.0,1467,0.10418360892744194,3.5060389747296767,5.571555975238695,,
"forced=('y@t', 'throughput_2@t', 'buffer_size_3@t')",model,1,33200,33558,0.9179629298527922,0.3181999787540743,7.6774320433332095,5.4354654060505805,33464,0.920033468802295,0.2942865061593659,7.393090212174689,5.144653377466541,94,0.18085106382978725,8.831396222470241,108.90312393576679,108.96454758196889,3874,0.38693856479091376,2.174252069045061,28.288258628739552,28.756701458728703,29684,0.9872658671338095,0.0759702995401111,4.987553920712802,2.391857116464438,18060,0.8593023255813953,0.5119024870151067,11.540814270146424,8.673960716415303,0.4842644005164261,0.04339287499897182,"[""y@t"", ""throughput_2@t"", ""buffer_size_3@t""]",3,20,7200.0,214,0.15629656117766255,3.7463794028249597,6.396179401993355,,
"forced=('y@t', 'throughput_2@t', 'buffer_size_3@t')",ar,1,33200,33558,0.8819059538709101,0.4777335028605528,8.61029794053164,5.300609188820495,33464,0.8838752091800144,0.45982356174265077,8.329286451148281,5.0107707895337406,94,0.18085106382978725,6.853672540833671,108.65038816100729,108.4830793349049,3874,0.003355704697986577,3.3405799227169575,32.63938423751866,27.516653811619506,29684,0.9965638054170597,0.10410909137545254,5.474309518670445,2.4012372420234533,18060,0.7851605758582503,0.8039818816755522,13.10891175372398,8.392361032128361,0.4691937073063387,0.04339287499897182,"[""y@t"", ""throughput_2@t"", ""buffer_size_3@t""]",3,20,7200.0,214,0.15629656117766255,3.7463794028249597,6.396179401993355,,
"forced=('y@t', 'throughput_2@t', 'buffer_size_3@t')",persistence,1,33200,33558,0.8845580785505691,3.1897781692325884,7.394205022466637,3.746379402824963,33464,0.8865347836480995,3.135159788942765,7.10952680694479,3.451918479560127,94,0.18085106382978725,22.63392155240955,108.73964974824423,108.57446808510639,3874,0.0,27.631021115928547,29.16372546845772,23.207279297883325,29684,1.0,0.0,4.553108060878932,1.2065759331626495,18060,0.7897563676633444,5.809246244583649,10.902174354985323,6.396179401993355,0.55425458897833,0.04339287499897182,"[""y@t"", ""throughput_2@t"", ""buffer_size_3@t""]",3,20,7200.0,214,0.15629656117766255,3.7463794028249597,6.396179401993355,,
"forced=('y@t', 'throughput_2@t', 'buffer_size_3@t')",model,2,66758,33201,0.8859974097165748,0.3566490740255834,8.929785125405404,7.376331052150278,33108,0.8879726954210463,0.3407463230855068,8.616976003442833,7.060285307657886,93,0.1827956989247312,6.018028408692865,120.28983254408037,119.88861609144233,4981,0.4535233888777354,1.6224485915906783,27.35816244266844,28.241409810899935,28220,0.9623316796598157,0.1332278338770456,5.677065514587288,3.693518957985429,19603,0.8272203234198847,0.5269302684269099,12.122041745838349,10.602886934104495,0.5576289806546145,0.08112070900097024,"[""y@t"", ""throughput_2@t"", ""buffer_size_3@t"", ""data_quality_1@t+h""]",4,20,68000.0,653,0.11843016776603114,5.354266437757899,8.484364638065601,,
"forced=('y@t', 'throughput_2@t', 'buffer_size_3@t')",ar,2,66758,33201,0.8436191680973465,0.5434225234202867,10.096753486991439,7.181684186221462,33108,0.8455056179775281,0.5273837167019639,9.779584889827792,6.857337189192314,93,0.17204301075268819,6.253237715143258,123.0087740772498,122.64921512859874,4981,0.05641437462356957,2.75909409598661,34.326933551813134,28.85991928823819,28220,0.9825655563430191,0.15234314344321906,5.8199807406102595,3.355345098937787,19603,0.7404989032290976,0.839777662211623,14.206275315741317,10.386683043277893,0.5198786733587312,0.08112070900097024,"[""y@t"", ""throughput_2@t"", ""buffer_size_3@t"", ""data_quality_1@t+h""]",4,20,68000.0,653,0.11843016776603114,5.354266437757899,8.484364638065601,,
"forced=('y@t', 'throughput_2@t', 'buffer_size_3@t')",persistence,2,66758,33201,0.8499743983614951,4.145360566803412,8.940786293295337,5.354266437757899,33108,0.8518787000120817,4.092742767684959,8.618797791596613,5.023529056421409,93,0.17204301075268819,22.87729705297309,123.56869289804204,123.09677419354838,4981,0.0,27.63102111592855,34.24393720648847,27.862678177072876,28220,1.0,0.0,4.47462772849679,1.3813961729270023,19603,0.7498342090496353,6.912336252232495,12.565382889758968,8.484364638065601,0.5637764253923089,0.08112070900097024,"[""y@t"", ""throughput_2@t"", ""buffer_size_3@t"", ""data_quality_1@t+h""]",4,20,68000.0,653,0.11843016776603114,5.354266437757899,8.484364638065601,,
"forced=('y@t', 'throughput_2@t', 'buffer_size_3@t')",model,3,99959,33201,0.9113580916237463,0.2877730506180601,7.687506407492348,5.676947635103342,33108,0.9134348193790021,0.2717099568076388,7.362669618144467,5.347989947083787,93,0.17204301075268819,6.006234447128011,123.32940341533795,122.78588457006465,3984,0.3689759036144578,1.718629688198601,28.358126791667946,28.60550203340473,29217,0.9853167676352809,0.09266291459722031,4.868881921386466,2.550433594550489,19017,0.856864910343377,0.43730180967813775,10.345013036233249,8.098019121823,0.5841741418282456,0.12416099999973085,"[""y@t"", ""throughput_2@t"", ""buffer_size_3@t"", ""data_quality_1@t+h""]",4,20,68000.0,854,0.1313815848920213,5.404445649227433,8.803070936530473,,
"forced=('y@t', 'throughput_2@t', 'buffer_size_3@t')",ar,3,99959,33201,0.8807264841420439,0.4152101620236462,8.60458532095995,5.924907938176801,33108,0.8827171680560589,0.3986396842253607,8.267278403133488,5.5815259174402705,93,0.17204301075268819,6.314300258213269,128.6858480671795,128.16890732038203,3984,0.011295180722891566,2.57649336844285,37.154802077166856,32.31748213838682,29217,0.999281240373755,0.12049981207758359,4.711507196692284,2.326043728516783,19017,0.7959194405006047,0.6411637119877113,12.113813805183918,8.570354382658012,0.5368343911084472,0.12416099999973085,"[""y@t"", ""throughput_2@t"", ""buffer_size_3@t"", ""data_quality_1@t+h""]",4,20,68000.0,854,0.1313815848920213,5.404445649227433,8.803070936530473,,
"forced=('y@t', 'throughput_2@t', 'buffer_size_3@t')",persistence,3,99959,33201,0.8800036143489653,3.3156226657588426,8.698165932516215,5.404445649227441,33108,0.8819922677298538,3.260674142199252,8.358654937640674,5.056421408722975,93,0.17204301075268819,22.8772970529731,129.56408010820866,129.30107526881721,3984,0.0,27.631021115928544,40.84398394812176,35.76355421686747,29217,1.0,0.0,4.314795327246251,1.2647089023513796,19017,0.7945522427301888,5.676731319342316,12.653398150782726,8.803070936530473,0.5476702659365773,0.12416099999973085,"[""y@t"", ""throughput_2@t"", ""buffer_size_3@t"", ""data_quality_1@t+h""]",4,20,68000.0,854,0.1313815848920213,5.404445649227433,8.803070936530473,,
"forced=('y@t', 'throughput_2@t', 'buffer_size_3@t')",model,4,133160,33558,0.9195422849991061,0.30750944686148074,6.0539208499226005,4.878384063309029,33464,0.9215574946210854,0.28835737912418574,5.779338113041954,4.600969319898459,94,0.20212765957446807,7.125645561338498,103.80537517943304,103.63803271747169,4459,0.467369365328549,1.8314135689103026,21.36505098999136,21.96286028464393,29099,0.9888312313137908,0.07399322705270052,3.7077120697388617,2.260435698384725,17285,0.8571015331212034,0.5161069912872771,8.985790737306749,7.473298355652846,0.6190894215284001,0.17045170799974585,"[""y@t"", ""throughput_2@t"", ""buffer_size_3@t""]",3,20,6800.0,487,0.044013350020859404,4.437451576375231,8.05467168064796,,
"forced=('y@t', 'throughput_2@t', 'buffer_size_3@t')",ar,4,133160,33558,0.867334167709637,0.47419353471077536,7.717485375344566,5.118505375471822,33464,0.8691728424575663,0.45908865377896074,7.450292960902962,4.845216536025585,94,0.2127659574468085,5.851531146436788,102.83798491655541,102.40933221833271,4459,0.002018389773491814,2.8090103091552914,30.454341535153254,23.642509962068555,29099,0.9999312691157771,0.1164167039864172,4.233391708325529,2.27997015255575,17285,0.7467746601099219,0.826318302543131,11.860660526984304,7.828933864776468,0.549607530671871,0.17045170799974585,"[""y@t"", ""throughput_2@t"", ""buffer_size_3@t""]",3,20,6800.0,487,0.044013350020859404,4.437451576375231,8.05467168064796,,
"forced=('y@t', 'throughput_2@t', 'buffer_size_3@t')",persistence,4,133160,33558,0.8671255736337088,3.6714560806938854,7.540421038515548,4.437451576375232,33464,0.8689636624432225,3.6206678099852585,7.270699220351675,4.160441071001675,94,0.2127659574468085,21.752080452965025,103.56138830485425,103.05319148936171,4459,0.0,27.631021115928547,33.87988368484494,26.414218434626598,29099,1.0,0.0,3.5042801422654106,1.0698305783703927,17285,0.7463118310673995,7.009663152637933,12.215279465613198,8.05467168064796,0.5626144568700057,0.17045170799974585,"[""y@t"", ""throughput_2@t"", ""buffer_size_3@t""]",3,20,6800.0,487,0.044013350020859404,4.437451576375231,8.05467168064796,,
"forced=('y@t', 'throughput_2@t', 'buffer_size_3@t')",model,5,166718,33201,0.9274419445197434,0.24319472151078655,5.9762009354835195,4.323069812341712,33108,0.9294430349160324,0.22432116214846884,5.688941988583752,4.028778196188422,93,0.21505376344086022,6.962181854495901,108.24038603180072,109.09088516291297,3717,0.4589722894807641,1.5251791753929806,17.976546832954572,18.69923079640751,29484,0.9865011531678198,0.0815770232649544,4.463336815930545,2.5106905429829895,19062,0.8875249186863918,0.3464901516767251,7.740415273938915,5.7917013899322045,0.5826593371112843,0.2046459999983199,"[""y@t"", ""throughput_2@t"", ""buffer_size_3@t"", ""buffer_size_2@t""]",4,20,102000.0,1572,0.07855185084786603,3.5060389747296767,5.571555975238695,,
"forced=('y@t', 'throughput_2@t', 'buffer_size_3@t')",ar,5,166718,33201,0.8880756603716755,0.4188306893803547,7.490666278589065,4.644157801557399,33108,0.889996375498369,0.4045165282709333,7.212334517092494,4.355604578102423,93,0.20430107526881722,5.514672044334366,106.57677337136778,107.36910535152882,3717,0.0005380683346785041,2.57538609934103,25.419625740610602,19.677613170107133,29484,0.9999660832994166,0.14695725094514134,5.2303914746162645,2.7489144965479246,19062,0.8089392508655965,0.6366688187201611,9.830079468064495,5.970080386144894,0.5252212425942933,0.2046459999983199,"[""y@t"", ""throughput_2@t"", ""buffer_size_3@t"", ""buffer_size_2@t""]",4,20,102000.0,1572,0.07855185084786603,3.5060389747296767,5.571555975238695,,
"forced=('y@t', 'throughput_2@t', 'buffer_size_3@t')",persistence,5,166718,33201,0.888045540796964,3.0934160262614503,6.951378449275671,3.5060389747296843,33108,0.8899661713181104,3.040347043775755,6.66442668412336,3.207834964359075,93,0.20430107526881722,21.98597379116895,109.10620684349799,109.66666666666667,3717,0.0,27.631021115928544,27.795989945530664,21.478880817863864,29484,1.0,0.0,4.3235321281666,1.240231990231999,19062,0.8088867904731928,5.280653127968089,9.624750764470537,5.571555975238694,0.5719162200398573,0.2046459999983199,"[""y@t"", ""throughput_2@t"", ""buffer_size_3@t"", ""buffer_size_2@t""]",4,20,102000.0,1572,0.07855185084786603,3.5060389747296767,5.571555975238695,,
"forced=('y@t', 'throughput_2@t', 'cores_3@t+h', 'data_quality_3@t+h'),max_parents=5",model,1,33200,33558,0.882680731867215,0.4755067066738735,8.622027775857031,5.768678813179594,33464,0.8846521635190056,0.45729339310444783,8.342790458533438,5.481896439292589,94,0.18085106382978725,6.959446337389431,108.03051274305578,107.86320391695342,3874,0.11486835312338668,3.2424970287689616,31.859379082108916,27.706593336426806,29684,0.9828864034496698,0.11439228450043418,5.589367118249571,2.90560507436206,18060,0.7922480620155039,0.7938203302733008,12.807108306582437,8.731994081916786,0.46814494796234535,0.04346649999934016,"[""y@t"", ""throughput_2@t"", ""cores_3@t+h"", ""data_quality_3@t+h"", ""data_quality_3@t""]",5,20,128000.0,379,0.6014661183622385,3.7463794028249597,6.396179401993355,,
"forced=('y@t', 'throughput_2@t', 'cores_3@t+h', 'data_quality_3@t+h'),max_parents=5",ar,1,33200,33558,0.8819059538709101,0.4777335028605528,8.61029794053164,5.300609188820495,33464,0.8838752091800144,0.45982356174265077,8.329286451148281,5.0107707895337406,94,0.18085106382978725,6.853672540833671,108.65038816100729,108.4830793349049,3874,0.003355704697986577,3.3405799227169575,32.63938423751866,27.516653811619506,29684,0.9965638054170597,0.10410909137545254,5.474309518670445,2.4012372420234533,18060,0.7851605758582503,0.8039818816755522,13.10891175372398,8.392361032128361,0.4691937073063387,0.04346649999934016,"[""y@t"", ""throughput_2@t"", ""cores_3@t+h"", ""data_quality_3@t+h"", ""data_quality_3@t""]",5,20,128000.0,379,0.6014661183622385,3.7463794028249597,6.396179401993355,,
"forced=('y@t', 'throughput_2@t', 'cores_3@t+h', 'data_quality_3@t+h'),max_parents=5",persistence,1,33200,33558,0.8845580785505691,3.1897781692325884,7.394205022466637,3.746379402824963,33464,0.8865347836480995,3.135159788942765,7.10952680694479,3.451918479560127,94,0.18085106382978725,22.63392155240955,108.73964974824423,108.57446808510639,3874,0.0,27.631021115928547,29.16372546845772,23.207279297883325,29684,1.0,0.0,4.553108060878932,1.2065759331626495,18060,0.7897563676633444,5.809246244583649,10.902174354985323,6.396179401993355,0.55425458897833,0.04346649999934016,"[""y@t"", ""throughput_2@t"", ""cores_3@t+h"", ""data_quality_3@t+h"", ""data_quality_3@t""]",5,20,128000.0,379,0.6014661183622385,3.7463794028249597,6.396179401993355,,
"forced=('y@t', 'throughput_2@t', 'cores_3@t+h', 'data_quality_3@t+h'),max_parents=5",model,2,66758,33201,0.8532875515797717,0.5098033394646391,10.223081332559605,7.618873266972765,33108,0.8552011598405219,0.4928085402856933,9.909409059495086,7.2984391531396975,93,0.17204301075268819,6.559951847169313,121.89041054352889,121.69341779154523,4981,0.13631800843204175,2.563856769231891,32.46171047308181,28.660010509882007,28220,0.9798369950389795,0.14725053529487714,6.297829321612012,3.904985789760471,19603,0.7584043258684895,0.7819902768335021,13.722690270304927,10.496865468764215,0.5244744771588569,0.08439787499810336,"[""y@t"", ""throughput_2@t"", ""cores_3@t+h"", ""data_quality_3@t+h"", ""data_quality_2@t+h""]",5,20,192000.0,724,0.4714617029607542,5.354266437757899,8.484364638065601,,
"forced=('y@t', 'throughput_2@t', 'cores_3@t+h', 'data_quality_3@t+h'),max_parents=5",ar,2,66758,33201,0.8436191680973465,0.5434225234202867,10.096753486991439,7.181684186221462,33108,0.8455056179775281,0.5273837167019639,9.779584889827792,6.857337189192314,93,0.17204301075268819,6.253237715143258,123.0087740772498,122.64921512859874,4981,0.05641437462356957,2.75909409598661,34.326933551813134,28.85991928823819,28220,0.9825655563430191,0.15234314344321906,5.8199807406102595,3.355345098937787,19603,0.7404989032290976,0.839777662211623,14.206275315741317,10.386683043277893,0.5198786733587312,0.08439787499810336,"[""y@t"", ""throughput_2@t"", ""cores_3@t+h"", ""data_quality_3@t+h"", ""data_quality_2@t+h""]",5,20,192000.0,724,0.4714617029607542,5.354266437757899,8.484364638065601,,
"forced=('y@t', 'throughput_2@t', 'cores_3@t+h', 'data_quality_3@t+h'),max_parents=5",persistence,2,66758,33201,0.8499743983614951,4.145360566803412,8.940786293295337,5.354266437757899,33108,0.8518787000120817,4.092742767684959,8.618797791596613,5.023529056421409,93,0.17204301075268819,22.87729705297309,123.56869289804204,123.09677419354838,4981,0.0,27.63102111592855,34.24393720648847,27.862678177072876,28220,1.0,0.0,4.47462772849679,1.3813961729270023,19603,0.7498342090496353,6.912336252232495,12.565382889758968,8.484364638065601,0.5637764253923089,0.08439787499810336,"[""y@t"", ""throughput_2@t"", ""cores_3@t+h"", ""data_quality_3@t+h"", ""data_quality_2@t+h""]",5,20,192000.0,724,0.4714617029607542,5.354266437757899,8.484364638065601,,
"forced=('y@t', 'throughput_2@t', 'cores_3@t+h', 'data_quality_3@t+h'),max_parents=5",model,3,99959,33201,0.8893708020842745,0.37189973719946934,8.302252605048078,6.55045514786028,33108,0.8913857677902621,0.35437716724693924,7.969037330204031,6.213814482259086,93,0.17204301075268819,6.609934640300191,126.92689044952864,126.3945321018854,3984,0.20005020080321284,2.2428944499271846,32.48769963997828,31.10075291936825,29217,0.9833658486497587,0.1167728269928356,5.004349980303513,3.2028018528030273,19017,0.8178997738865226,0.569394837614612,11.477770788159145,9.298488059455494,0.5470599594425718,0.11798183300561504,"[""y@t"", ""throughput_2@t"", ""cores_3@t+h"", ""data_quality_3@t+h"", ""buffer_size_3@t""]",5,20,367200.0,1527,0.2720701183699286,5.404445649227433,8.803070936530473,,
"forced=('y@t', 'throughput_2@t', 'cores_3@t+h', 'data_quality_3@t+h'),max_parents=5",ar,3,99959,33201,0.8807264841420439,0.4152101620236462,8.60458532095995,5.924907938176801,33108,0.8827171680560589,0.3986396842253607,8.267278403133488,5.5815259174402705,93,0.17204301075268819,6.314300258213269,128.6858480671795,128.16890732038203,3984,0.011295180722891566,2.57649336844285,37.154802077166856,32.31748213838682,29217,0.999281240373755,0.12049981207758359,4.711507196692284,2.326043728516783,19017,0.7959194405006047,0.6411637119877113,12.113813805183918,8.570354382658012,0.5368343911084472,0.11798183300561504,"[""y@t"", ""throughput_2@t"", ""cores_3@t+h"", ""data_quality_3@t+h"", ""buffer_size_3@t""]",5,20,367200.0,1527,0.2720701183699286,5.404445649227433,8.803070936530473,,
"forced=('y@t', 'throughput_2@t', 'cores_3@t+h', 'data_quality_3@t+h'),max_parents=5",persistence,3,99959,33201,0.8800036143489653,3.3156226657588426,8.698165932516215,5.404445649227441,33108,0.8819922677298538,3.260674142199252,8.358654937640674,5.056421408722975,93,0.17204301075268819,22.8772970529731,129.56408010820866,129.30107526881721,3984,0.0,27.631021115928544,40.84398394812176,35.76355421686747,29217,1.0,0.0,4.314795327246251,1.2647089023513796,19017,0.7945522427301888,5.676731319342316,12.653398150782726,8.803070936530473,0.5476702659365773,0.11798183300561504,"[""y@t"", ""throughput_2@t"", ""cores_3@t+h"", ""data_quality_3@t+h"", ""buffer_size_3@t""]",5,20,367200.0,1527,0.2720701183699286,5.404445649227433,8.803070936530473,,
"forced=('y@t', 'throughput_2@t', 'cores_3@t+h', 'data_quality_3@t+h'),max_parents=5",model,4,133160,33558,0.8760355205912153,0.43873527152177716,7.3759411719263515,5.452628993132046,33464,0.8778986373416209,0.4238681095126281,7.111813467243582,5.184222060587078,94,0.2127659574468085,5.731444946778835,101.40540403899223,101.00549697914042,4459,0.2076698811392689,2.584859360073682,25.46292638410855,22.09165416912964,29099,0.9784528677961442,0.10987286006939238,4.604372834144283,2.9029395447051827,17285,0.7750072317037894,0.7614141571502244,10.759237721614618,7.994492439742922,0.5626282787005333,0.16493291699589463,"[""y@t"", ""throughput_2@t"", ""cores_3@t+h"", ""data_quality_3@t+h"", ""data_quality_3@t""]",5,20,194400.0,1130,0.17340127540377853,4.437451576375231,8.05467168064796,,
"forced=('y@t', 'throughput_2@t', 'cores_3@t+h', 'data_quality_3@t+h'),max_parents=5",ar,4,133160,33558,0.867334167709637,0.47419353471077536,7.717485375344566,5.118505375471822,33464,0.8691728424575663,0.45908865377896074,7.450292960902962,4.845216536025585,94,0.2127659574468085,5.851531146436788,102.83798491655541,102.40933221833271,4459,0.002018389773491814,2.8090103091552914,30.454341535153254,23.642509962068555,29099,0.9999312691157771,0.1164167039864172,4.233391708325529,2.27997015255575,17285,0.7467746601099219,0.826318302543131,11.860660526984304,7.828933864776468,0.549607530671871,0.16493291699589463,"[""y@t"", ""throughput_2@t"", ""cores_3@t+h"", ""data_quality_3@t+h"", ""data_quality_3@t""]",5,20,194400.0,1130,0.17340127540377853,4.437451576375231,8.05467168064796,,
"forced=('y@t', 'throughput_2@t', 'cores_3@t+h', 'data_quality_3@t+h'),max_parents=5",persistence,4,133160,33558,0.8671255736337088,3.6714560806938854,7.540421038515548,4.437451576375232,33464,0.8689636624432225,3.6206678099852585,7.270699220351675,4.160441071001675,94,0.2127659574468085,21.752080452965025,103.56138830485425,103.05319148936171,4459,0.0,27.631021115928547,33.87988368484494,26.414218434626598,29099,1.0,0.0,3.5042801422654106,1.0698305783703927,17285,0.7463118310673995,7.009663152637933,12.215279465613198,8.05467168064796,0.5626144568700057,0.16493291699589463,"[""y@t"", ""throughput_2@t"", ""cores_3@t+h"", ""data_quality_3@t+h"", ""data_quality_3@t""]",5,20,194400.0,1130,0.17340127540377853,4.437451576375231,8.05467168064796,,
"forced=('y@t', 'throughput_2@t', 'cores_3@t+h', 'data_quality_3@t+h'),max_parents=5",model,5,166718,33201,0.9089786452215295,0.35187413412489466,8.941660655381034,7.124701286308995,33108,0.9109580765978011,0.336512436640755,8.668869842455674,6.844648604565116,93,0.20430107526881722,5.820638438478614,106.05519005680881,106.82345598713025,3717,0.3145009416195857,1.986940336608789,21.40622927951793,20.352714992973436,29484,0.9839234839234839,0.14574399321346354,7.370272730543261,5.45706707969959,19062,0.8559962228517469,0.5067647213627401,10.695443847869702,8.441554128744494,0.5417837698172441,0.21004491700296057,"[""y@t"", ""throughput_2@t"", ""cores_3@t+h"", ""data_quality_3@t+h"", ""data_quality_2@t+h""]",5,20,216000.0,1540,0.2987861811391223,3.5060389747296767,5.571555975238695,,
"forced=('y@t', 'throughput_2@t', 'cores_3@t+h', 'data_quality_3@t+h'),max_parents=5",ar,5,166718,33201,0.8880756603716755,0.4188306893803547,7.490666278589065,4.644157801557399,33108,0.889996375498369,0.4045165282709333,7.212334517092494,4.355604578102423,93,0.20430107526881722,5.514672044334366,106.57677337136778,107.36910535152882,3717,0.0005380683346785041,2.57538609934103,25.419625740610602,19.677613170107133,29484,0.9999660832994166,0.14695725094514134,5.2303914746162645,2.7489144965479246,19062,0.8089392508655965,0.6366688187201611,9.830079468064495,5.970080386144894,0.5252212425942933,0.21004491700296057,"[""y@t"", ""throughput_2@t"", ""cores_3@t+h"", ""data_quality_3@t+h"", ""data_quality_2@t+h""]",5,20,216000.0,1540,0.2987861811391223,3.5060389747296767,5.571555975238695,,
"forced=('y@t', 'throughput_2@t', 'cores_3@t+h', 'data_quality_3@t+h'),max_parents=5",persistence,5,166718,33201,0.888045540796964,3.0934160262614503,6.951378449275671,3.5060389747296843,33108,0.8899661713181104,3.040347043775755,6.66442668412336,3.207834964359075,93,0.20430107526881722,21.98597379116895,109.10620684349799,109.66666666666667,3717,0.0,27.631021115928544,27.795989945530664,21.478880817863864,29484,1.0,0.0,4.3235321281666,1.240231990231999,19062,0.8088867904731928,5.280653127968089,9.624750764470537,5.571555975238694,0.5719162200398573,0.21004491700296057,"[""y@t"", ""throughput_2@t"", ""cores_3@t+h"", ""data_quality_3@t+h"", ""data_quality_2@t+h""]",5,20,216000.0,1540,0.2987861811391223,3.5060389747296767,5.571555975238695,,
"forced=('y@t', 'throughput_2@t', 'cores_3@t+h', 'data_quality_3@t+h'),max_parents=6",model,1,33200,33558,0.882680731867215,0.4733874947602921,8.4057467548366,5.543966173149445,33464,0.8846521635190056,0.4551345033028343,8.12399499551238,5.254645672938753,94,0.18085106382978725,6.971452453615277,108.70937307425854,108.54206424815617,3874,0.11486835312338668,3.241935422031768,31.85462856884063,27.702476965160894,29684,0.9828864034496698,0.112069792622787,5.345479669960852,2.6521028525642016,18060,0.7922480620155039,0.793523862646294,12.78733306389022,8.712626923297194,0.46814494796234535,0.07374800000252435,"[""y@t"", ""throughput_2@t"", ""cores_3@t+h"", ""data_quality_3@t+h"", ""data_quality_3@t"", ""cores_3@t""]",6,20,640000.0,387,0.6222361284939508,3.7463794028249597,6.396179401993355,,
"forced=('y@t', 'throughput_2@t', 'cores_3@t+h', 'data_quality_3@t+h'),max_parents=6",ar,1,33200,33558,0.8819059538709101,0.4777335028605528,8.61029794053164,5.300609188820495,33464,0.8838752091800144,0.45982356174265077,8.329286451148281,5.0107707895337406,94,0.18085106382978725,6.853672540833671,108.65038816100729,108.4830793349049,3874,0.003355704697986577,3.3405799227169575,32.63938423751866,27.516653811619506,29684,0.9965638054170597,0.10410909137545254,5.474309518670445,2.4012372420234533,18060,0.7851605758582503,0.8039818816755522,13.10891175372398,8.392361032128361,0.4691937073063387,0.07374800000252435,"[""y@t"", ""throughput_2@t"", ""cores_3@t+h"", ""data_quality_3@t+h"", ""data_quality_3@t"", ""cores_3@t""]",6,20,640000.0,387,0.6222361284939508,3.7463794028249597,6.396179401993355,,
"forced=('y@t', 'throughput_2@t', 'cores_3@t+h', 'data_quality_3@t+h'),max_parents=6",persistence,1,33200,33558,0.8845580785505691,3.1897781692325884,7.394205022466637,3.746379402824963,33464,0.8865347836480995,3.135159788942765,7.10952680694479,3.451918479560127,94,0.18085106382978725,22.63392155240955,108.73964974824423,108.57446808510639,3874,0.0,27.631021115928547,29.16372546845772,23.207279297883325,29684,1.0,0.0,4.553108060878932,1.2065759331626495,18060,0.7897563676633444,5.809246244583649,10.902174354985323,6.396179401993355,0.55425458897833,0.07374800000252435,"[""y@t"", ""throughput_2@t"", ""cores_3@t+h"", ""data_quality_3@t+h"", ""data_quality_3@t"", ""cores_3@t""]",6,20,640000.0,387,0.6222361284939508,3.7463794028249597,6.396179401993355,,
"forced=('y@t', 'throughput_2@t', 'cores_3@t+h', 'data_quality_3@t+h'),max_parents=6",model,2,66758,33201,0.8532875515797717,0.5082218330714912,10.19767275682002,7.534685536659693,33108,0.8552011598405219,0.4922450872874338,9.882981818360783,7.213037752089933,93,0.17204301075268819,6.195943332195923,122.22764684830915,122.04129684349405,4981,0.13631800843204175,2.5552941957358537,32.45449238064848,28.371808021453962,28220,0.9798369950389795,0.14690122930001048,6.269210015987647,3.856807893259259,19603,0.7584043258684895,0.7811840257927714,13.687336938668524,10.36931968983405,0.5244662207655635,0.14272587499726797,"[""y@t"", ""throughput_2@t"", ""cores_3@t+h"", ""data_quality_3@t+h"", ""data_quality_2@t+h"", ""cores_3@t""]",6,20,1152000.0,767,0.47468449745489594,5.354266437757899,8.484364638065601,,
"forced=('y@t', 'throughput_2@t', 'cores_3@t+h', 'data_quality_3@t+h'),max_parents=6",ar,2,66758,33201,0.8436191680973465,0.5434225234202867,10.096753486991439,7.181684186221462,33108,0.8455056179775281,0.5273837167019639,9.779584889827792,6.857337189192314,93,0.17204301075268819,6.253237715143258,123.0087740772498,122.64921512859874,4981,0.05641437462356957,2.75909409598661,34.326933551813134,28.85991928823819,28220,0.9825655563430191,0.15234314344321906,5.8199807406102595,3.355345098937787,19603,0.7404989032290976,0.839777662211623,14.206275315741317,10.386683043277893,0.5198786733587312,0.14272587499726797,"[""y@t"", ""throughput_2@t"", ""cores_3@t+h"", ""data_quality_3@t+h"", ""data_quality_2@t+h"", ""cores_3@t""]",6,20,1152000.0,767,0.47468449745489594,5.354266437757899,8.484364638065601,,
"forced=('y@t', 'throughput_2@t', 'cores_3@t+h', 'data_quality_3@t+h'),max_parents=6",persistence,2,66758,33201,0.8499743983614951,4.145360566803412,8.940786293295337,5.354266437757899,33108,0.8518787000120817,4.092742767684959,8.618797791596613,5.023529056421409,93,0.17204301075268819,22.87729705297309,123.56869289804204,123.09677419354838,4981,0.0,27.63102111592855,34.24393720648847,27.862678177072876,28220,1.0,0.0,4.47462772849679,1.3813961729270023,19603,0.7498342090496353,6.912336252232495,12.565382889758968,8.484364638065601,0.5637764253923089,0.14272587499726797,"[""y@t"", ""throughput_2@t"", ""cores_3@t+h"", ""data_quality_3@t+h"", ""data_quality_2@t+h"", ""cores_3@t""]",6,20,1152000.0,767,0.47468449745489594,5.354266437757899,8.484364638065601,,
"forced=('y@t', 'throughput_2@t', 'cores_3@t+h', 'data_quality_3@t+h'),max_parents=6",model,3,99959,33201,0.8893708020842745,0.3667741946185839,7.933084239939522,6.128462704936056,33108,0.8913857677902621,0.350307582044727,7.601114169661446,5.792890224654579,93,0.17204301075268819,6.228888270911636,126.1144292589348,125.59226568514185,3984,0.20005020080321284,2.235735393440638,32.44645969465901,31.05821568860942,29217,0.9833658486497587,0.11192457227176313,4.590465633936083,2.729067288330837,19017,0.8178997738865226,0.5646729100059871,11.046648662984602,8.812468457496392,0.5470763292223801,0.20088191599643324,"[""y@t"", ""throughput_2@t"", ""cores_3@t+h"", ""data_quality_3@t+h"", ""buffer_size_3@t"", ""data_quality_3@t""]",6,20,3304800.0,1618,0.2891177976566971,5.404445649227433,8.803070936530473,,
"forced=('y@t', 'throughput_2@t', 'cores_3@t+h', 'data_quality_3@t+h'),max_parents=6",ar,3,99959,33201,0.8807264841420439,0.4152101620236462,8.60458532095995,5.924907938176801,33108,0.8827171680560589,0.3986396842253607,8.267278403133488,5.5815259174402705,93,0.17204301075268819,6.314300258213269,128.6858480671795,128.16890732038203,3984,0.011295180722891566,2.57649336844285,37.154802077166856,32.31748213838682,29217,0.999281240373755,0.12049981207758359,4.711507196692284,2.326043728516783,19017,0.7959194405006047,0.6411637119877113,12.113813805183918,8.570354382658012,0.5368343911084472,0.20088191599643324,"[""y@t"", ""throughput_2@t"", ""cores_3@t+h"", ""data_quality_3@t+h"", ""buffer_size_3@t"", ""data_quality_3@t""]",6,20,3304800.0,1618,0.2891177976566971,5.404445649227433,8.803070936530473,,
"forced=('y@t', 'throughput_2@t', 'cores_3@t+h', 'data_quality_3@t+h'),max_parents=6",persistence,3,99959,33201,0.8800036143489653,3.3156226657588426,8.698165932516215,5.404445649227441,33108,0.8819922677298538,3.260674142199252,8.358654937640674,5.056421408722975,93,0.17204301075268819,22.8772970529731,129.56408010820866,129.30107526881721,3984,0.0,27.631021115928544,40.84398394812176,35.76355421686747,29217,1.0,0.0,4.314795327246251,1.2647089023513796,19017,0.7945522427301888,5.676731319342316,12.653398150782726,8.803070936530473,0.5476702659365773,0.20088191599643324,"[""y@t"", ""throughput_2@t"", ""cores_3@t+h"", ""data_quality_3@t+h"", ""buffer_size_3@t"", ""data_quality_3@t""]",6,20,3304800.0,1618,0.2891177976566971,5.404445649227433,8.803070936530473,,
"forced=('y@t', 'throughput_2@t', 'cores_3@t+h', 'data_quality_3@t+h'),max_parents=6",model,4,133160,33558,0.8780916621967936,0.4255382668130146,7.214492042786831,5.237877820655218,33464,0.8799605546258666,0.4101778599962926,6.948820042866002,4.967857614206552,94,0.2127659574468085,5.8938430935660175,101.79372401460236,101.36507131637961,4459,0.17021753756447633,2.516434806121918,26.246974965630613,22.360489925178797,29099,0.9865631121344376,0.10513867683471968,4.2980398845353305,2.6140856843594458,17285,0.7746022562915823,0.7413690655622647,10.853234529470024,7.953254167857184,0.5644276881062599,0.2743747079948662,"[""y@t"", ""throughput_2@t"", ""cores_3@t+h"", ""data_quality_3@t+h"", ""data_quality_3@t"", ""buffer_size_3@t""]",6,20,3304800.0,1983,0.24468085106382978,4.437451576375231,8.05467168064796,,
"forced=('y@t', 'throughput_2@t', 'cores_3@t+h', 'data_quality_3@t+h'),max_parents=6",ar,4,133160,33558,0.867334167709637,0.47419353471077536,7.717485375344566,5.118505375471822,33464,0.8691728424575663,0.45908865377896074,7.450292960902962,4.845216536025585,94,0.2127659574468085,5.851531146436788,102.83798491655541,102.40933221833271,4459,0.002018389773491814,2.8090103091552914,30.454341535153254,23.642509962068555,29099,0.9999312691157771,0.1164167039864172,4.233391708325529,2.27997015255575,17285,0.7467746601099219,0.826318302543131,11.860660526984304,7.828933864776468,0.549607530671871,0.2743747079948662,"[""y@t"", ""throughput_2@t"", ""cores_3@t+h"", ""data_quality_3@t+h"", ""data_quality_3@t"", ""buffer_size_3@t""]",6,20,3304800.0,1983,0.24468085106382978,4.437451576375231,8.05467168064796,,
"forced=('y@t', 'throughput_2@t', 'cores_3@t+h', 'data_quality_3@t+h'),max_parents=6",persistence,4,133160,33558,0.8671255736337088,3.6714560806938854,7.540421038515548,4.437451576375232,33464,0.8689636624432225,3.6206678099852585,7.270699220351675,4.160441071001675,94,0.2127659574468085,21.752080452965025,103.56138830485425,103.05319148936171,4459,0.0,27.631021115928547,33.87988368484494,26.414218434626598,29099,1.0,0.0,3.5042801422654106,1.0698305783703927,17285,0.7463118310673995,7.009663152637933,12.215279465613198,8.05467168064796,0.5626144568700057,0.2743747079948662,"[""y@t"", ""throughput_2@t"", ""cores_3@t+h"", ""data_quality_3@t+h"", ""data_quality_3@t"", ""buffer_size_3@t""]",6,20,3304800.0,1983,0.24468085106382978,4.437451576375231,8.05467168064796,,
"forced=('y@t', 'throughput_2@t', 'cores_3@t+h', 'data_quality_3@t+h'),max_parents=6",model,5,166718,33201,0.9089786452215295,0.3392329465345903,7.148343533885497,5.162468327979731,33108,0.9109580765978011,0.325035591834009,6.870342863845761,4.875771176067956,93,0.20430107526881722,5.393491219941545,106.11658206803138,107.22665440857162,3717,0.3145009416195857,1.9821352983537919,20.795346791485713,19.758739984296003,29484,0.9839234839234839,0.13211491500182773,5.427887994999998,3.322340063615072,19062,0.8559962228517469,0.49525469221191065,8.689373780404463,6.255003295773678,0.5417691363290198,0.3440650420016027,"[""y@t"", ""throughput_2@t"", ""cores_3@t+h"", ""data_quality_3@t+h"", ""data_quality_2@t+h"", ""data_quality_2@t""]",6,20,2160000.0,1710,0.3586638956657932,3.5060389747296767,5.571555975238695,,
"forced=('y@t', 'throughput_2@t', 'cores_3@t+h', 'data_quality_3@t+h'),max_parents=6",ar,5,166718,33201,0.8880756603716755,0.4188306893803547,7.490666278589065,4.644157801557399,33108,0.889996375498369,0.4045165282709333,7.212334517092494,4.355604578102423,93,0.20430107526881722,5.514672044334366,106.57677337136778,107.36910535152882,3717,0.0005380683346785041,2.57538609934103,25.419625740610602,19.677613170107133,29484,0.9999660832994166,0.14695725094514134,5.2303914746162645,2.7489144965479246,19062,0.8089392508655965,0.6366688187201611,9.830079468064495,5.970080386144894,0.5252212425942933,0.3440650420016027,"[""y@t"", ""throughput_2@t"", ""cores_3@t+h"", ""data_quality_3@t+h"", ""data_quality_2@t+h"", ""data_quality_2@t""]",6,20,2160000.0,1710,0.3586638956657932,3.5060389747296767,5.571555975238695,,
"forced=('y@t', 'throughput_2@t', 'cores_3@t+h', 'data_quality_3@t+h'),max_parents=6",persistence,5,166718,33201,0.888045540796964,3.0934160262614503,6.951378449275671,3.5060389747296843,33108,0.8899661713181104,3.040347043775755,6.66442668412336,3.207834964359075,93,0.20430107526881722,21.98597379116895,109.10620684349799,109.66666666666667,3717,0.0,27.631021115928544,27.795989945530664,21.478880817863864,29484,1.0,0.0,4.3235321281666,1.240231990231999,19062,0.8088867904731928,5.280653127968089,9.624750764470537,5.571555975238694,0.5719162200398573,0.3440650420016027,"[""y@t"", ""throughput_2@t"", ""cores_3@t+h"", ""data_quality_3@t+h"", ""data_quality_2@t+h"", ""data_quality_2@t""]",6,20,2160000.0,1710,0.3586638956657932,3.5060389747296767,5.571555975238695,,
"forced=('y@t', 'cores_3@t+h', 'data_quality_3@t+h')",model,1,33200,33558,0.882680731867215,0.4810509206854084,8.711871308165316,6.035318036648472,33464,0.8846521635190056,0.46171949160946135,8.43229520538549,5.748590709205457,94,0.18085106382978725,7.363039671722568,108.24096389778256,108.11024660636217,3874,0.11486835312338668,3.250865825156203,31.90266560098288,27.836350441357826,29684,0.9828864034496698,0.1195678678650384,5.68528671409527,3.1901085117918484,18060,0.7922480620155039,0.7992918435281995,12.868994559913205,9.020151432977997,0.46814494796234535,0.040842499998689163,"[""y@t"", ""cores_3@t+h"", ""data_quality_3@t+h"", ""throughput_2@t""]",4,20,16000.0,348,0.5561416055784015,3.7463794028249597,6.396179401993355,,
"forced=('y@t', 'cores_3@t+h', 'data_quality_3@t+h')",ar,1,33200,33558,0.8819059538709101,0.4777335028605528,8.61029794053164,5.300609188820495,33464,0.8838752091800144,0.45982356174265077,8.329286451148281,5.0107707895337406,94,0.18085106382978725,6.853672540833671,108.65038816100729,108.4830793349049,3874,0.003355704697986577,3.3405799227169575,32.63938423751866,27.516653811619506,29684,0.9965638054170597,0.10410909137545254,5.474309518670445,2.4012372420234533,18060,0.7851605758582503,0.8039818816755522,13.10891175372398,8.392361032128361,0.4691937073063387,0.040842499998689163,"[""y@t"", ""cores_3@t+h"", ""data_quality_3@t+h"", ""throughput_2@t""]",4,20,16000.0,348,0.5561416055784015,3.7463794028249597,6.396179401993355,,
"forced=('y@t', 'cores_3@t+h', 'data_quality_3@t+h')",persistence,1,33200,33558,0.8845580785505691,3.1897781692325884,7.394205022466637,3.746379402824963,33464,0.8865347836480995,3.135159788942765,7.10952680694479,3.451918479560127,94,0.18085106382978725,22.63392155240955,108.73964974824423,108.57446808510639,3874,0.0,27.631021115928547,29.16372546845772,23.207279297883325,29684,1.0,0.0,4.553108060878932,1.2065759331626495,18060,0.7897563676633444,5.809246244583649,10.902174354985323,6.396179401993355,0.55425458897833,0.040842499998689163,"[""y@t"", ""cores_3@t+h"", ""data_quality_3@t+h"", ""throughput_2@t""]",4,20,16000.0,348,0.5561416055784015,3.7463794028249597,6.396179401993355,,
"forced=('y@t', 'cores_3@t+h', 'data_quality_3@t+h')",model,2,66758,33201,0.8340110237643444,0.5195314522317922,9.648668770222162,7.636198791153512,33108,0.8358402802947928,0.505058448397517,9.342192945877976,7.325303283759585,93,0.1827956989247312,5.671920817233727,118.7540622367533,118.31499942339147,4981,0.1292913069664726,2.4559179393149813,32.09080596665144,29.464424219173207,28220,0.9583982990786676,0.17774757228277135,5.687496361454828,3.783385507774131,19603,0.7417742182319033,0.7860775853161993,13.456454675329205,10.90101628007024,0.5076082968602511,0.08278104200144298,"[""y@t"", ""cores_3@t+h"", ""data_quality_3@t+h"", ""data_quality_1@t+h""]",4,20,9600.0,455,0.4690822565585374,5.354266437757899,8.484364638065601,,
"forced=('y@t', 'cores_3@t+h', 'data_quality_3@t+h')",ar,2,66758,33201,0.8436191680973465,0.5434225234202867,10.096753486991439,7.181684186221462,33108,0.8455056179775281,0.5273837167019639,9.779584889827792,6.857337189192314,93,0.17204301075268819,6.253237715143258,123.0087740772498,122.64921512859874,4981,0.05641437462356957,2.75909409598661,34.326933551813134,28.85991928823819,28220,0.9825655563430191,0.15234314344321906,5.8199807406102595,3.355345098937787,19603,0.7404989032290976,0.839777662211623,14.206275315741317,10.386683043277893,0.5198786733587312,0.08278104200144298,"[""y@t"", ""cores_3@t+h"", ""data_quality_3@t+h"", ""data_quality_1@t+h""]",4,20,9600.0,455,0.4690822565585374,5.354266437757899,8.484364638065601,,
"forced=('y@t', 'cores_3@t+h', 'data_quality_3@t+h')",persistence,2,66758,33201,0.8499743983614951,4.145360566803412,8.940786293295337,5.354266437757899,33108,0.8518787000120817,4.092742767684959,8.618797791596613,5.023529056421409,93,0.17204301075268819,22.87729705297309,123.56869289804204,123.09677419354838,4981,0.0,27.63102111592855,34.24393720648847,27.862678177072876,28220,1.0,0.0,4.47462772849679,1.3813961729270023,19603,0.7498342090496353,6.912336252232495,12.565382889758968,8.484364638065601,0.5637764253923089,0.08278104200144298,"[""y@t"", ""cores_3@t+h"", ""data_quality_3@t+h"", ""data_quality_1@t+h""]",4,20,9600.0,455,0.4690822565585374,5.354266437757899,8.484364638065601,,
"forced=('y@t', 'cores_3@t+h', 'data_quality_3@t+h')",model,3,99959,33201,0.8895213999578326,0.37949540805333565,8.453508697984274,6.752896486404226,33108,0.891536788691555,0.36153955938817656,8.119692991624012,6.415791060948672,93,0.17204301075268819,6.771777532849989,127.29190016223836,126.76242794858126,3984,0.2843875502008032,2.231008616539048,32.568730279522356,31.77258604810133,29217,0.9720368278741829,0.12702497568152893,5.165181943668372,3.3412374107359066,19017,0.8270494820423832,0.575858887251805,11.50763411731802,9.419746140555775,0.536451353402482,0.11915412500093225,"[""y@t"", ""cores_3@t+h"", ""data_quality_3@t+h"", ""throughput_2@t""]",4,20,21600.0,820,0.16659136772988764,5.404445649227433,8.803070936530473,,
"forced=('y@t', 'cores_3@t+h', 'data_quality_3@t+h')",ar,3,99959,33201,0.8807264841420439,0.4152101620236462,8.60458532095995,5.924907938176801,33108,0.8827171680560589,0.3986396842253607,8.267278403133488,5.5815259174402705,93,0.17204301075268819,6.314300258213269,128.6858480671795,128.16890732038203,3984,0.011295180722891566,2.57649336844285,37.154802077166856,32.31748213838682,29217,0.999281240373755,0.12049981207758359,4.711507196692284,2.326043728516783,19017,0.7959194405006047,0.6411637119877113,12.113813805183918,8.570354382658012,0.5368343911084472,0.11915412500093225,"[""y@t"", ""cores_3@t+h"", ""data_quality_3@t+h"", ""throughput_2@t""]",4,20,21600.0,820,0.16659136772988764,5.404445649227433,8.803070936530473,,
"forced=('y@t', 'cores_3@t+h', 'data_quality_3@t+h')",persistence,3,99959,33201,0.8800036143489653,3.3156226657588426,8.698165932516215,5.404445649227441,33108,0.8819922677298538,3.260674142199252,8.358654937640674,5.056421408722975,93,0.17204301075268819,22.8772970529731,129.56408010820866,129.30107526881721,3984,0.0,27.631021115928544,40.84398394812176,35.76355421686747,29217,1.0,0.0,4.314795327246251,1.2647089023513796,19017,0.7945522427301888,5.676731319342316,12.653398150782726,8.803070936530473,0.5476702659365773,0.11915412500093225,"[""y@t"", ""cores_3@t+h"", ""data_quality_3@t+h"", ""throughput_2@t""]",4,20,21600.0,820,0.16659136772988764,5.404445649227433,8.803070936530473,,
"forced=('y@t', 'cores_3@t+h', 'data_quality_3@t+h')",model,4,133160,33558,0.8760355205912153,0.4452613528939619,8.692772469685776,6.959655193411116,33464,0.8778986373416209,0.4279648085903445,8.435373363572312,6.698120395540913,94,0.2127659574468085,6.602831124981745,100.3268542460789,100.06604323520286,4459,0.2078941466696569,2.576673627891664,25.371895083942725,22.20779966933931,29099,0.9784185023540328,0.11865331364124687,6.136938670002909,4.623098053366309,17285,0.7750072317037894,0.7636773284230707,12.588262637863542,10.0894782194654,0.562625420870345,0.15985637499397853,"[""y@t"", ""cores_3@t+h"", ""data_quality_3@t+h"", ""throughput_2@t""]",4,20,21600.0,979,0.12554383455509863,4.437451576375231,8.05467168064796,,
"forced=('y@t', 'cores_3@t+h', 'data_quality_3@t+h')",ar,4,133160,33558,0.867334167709637,0.47419353471077536,7.717485375344566,5.118505375471822,33464,0.8691728424575663,0.45908865377896074,7.450292960902962,4.845216536025585,94,0.2127659574468085,5.851531146436788,102.83798491655541,102.40933221833271,4459,0.002018389773491814,2.8090103091552914,30.454341535153254,23.642509962068555,29099,0.9999312691157771,0.1164167039864172,4.233391708325529,2.27997015255575,17285,0.7467746601099219,0.826318302543131,11.860660526984304,7.828933864776468,0.549607530671871,0.15985637499397853,"[""y@t"", ""cores_3@t+h"", ""data_quality_3@t+h"", ""throughput_2@t""]",4,20,21600.0,979,0.12554383455509863,4.437451576375231,8.05467168064796,,
"forced=('y@t', 'cores_3@t+h', 'data_quality_3@t+h')",persistence,4,133160,33558,0.8671255736337088,3.6714560806938854,7.540421038515548,4.437451576375232,33464,0.8689636624432225,3.6206678099852585,7.270699220351675,4.160441071001675,94,0.2127659574468085,21.752080452965025,103.56138830485425,103.05319148936171,4459,0.0,27.631021115928547,33.87988368484494,26.414218434626598,29099,1.0,0.0,3.5042801422654106,1.0698305783703927,17285,0.7463118310673995,7.009663152637933,12.215279465613198,8.05467168064796,0.5626144568700057,0.15985637499397853,"[""y@t"", ""cores_3@t+h"", ""data_quality_3@t+h"", ""throughput_2@t""]",4,20,21600.0,979,0.12554383455509863,4.437451576375231,8.05467168064796,,
"forced=('y@t', 'cores_3@t+h', 'data_quality_3@t+h')",model,5,166718,33201,0.9078039818077769,0.3394117387524029,7.5687047610809035,5.961799463305636,33108,0.9097801135677178,0.3229951976499343,7.293012197431513,5.679659347723058,93,0.20430107526881722,6.183700371231189,105.71525742026368,106.40368061070285,3717,0.4126984126984127,2.039425434221895,20.280204129625616,20.42966393482875,29484,0.9702211368878035,0.12509377287056514,5.966186678294283,4.137859284203364,19062,0.857360193054244,0.5026938119997039,9.645875033938484,7.792859125886619,0.5393425666707024,0.20340466700145043,"[""y@t"", ""cores_3@t+h"", ""data_quality_3@t+h"", ""throughput_2@t""]",4,20,21600.0,1103,0.1650853889943074,3.5060389747296767,5.571555975238695,,
"forced=('y@t', 'cores_3@t+h', 'data_quality_3@t+h')",ar,5,166718,33201,0.8880756603716755,0.4188306893803547,7.490666278589065,4.644157801557399,33108,0.889996375498369,0.4045165282709333,7.212334517092494,4.355604578102423,93,0.20430107526881722,5.514672044334366,106.57677337136778,107.36910535152882,3717,0.0005380683346785041,2.57538609934103,25.419625740610602,19.677613170107133,29484,0.9999660832994166,0.14695725094514134,5.2303914746162645,2.7489144965479246,19062,0.8089392508655965,0.6366688187201611,9.830079468064495,5.970080386144894,0.5252212425942933,0.20340466700145043,"[""y@t"", ""cores_3@t+h"", ""data_quality_3@t+h"", ""throughput_2@t""]",4,20,21600.0,1103,0.1650853889943074,3.5060389747296767,5.571555975238695,,
"forced=('y@t', 'cores_3@t+h', 'data_quality_3@t+h')",persistence,5,166718,33201,0.888045540796964,3.0934160262614503,6.951378449275671,3.5060389747296843,33108,0.8899661713181104,3.040347043775755,6.66442668412336,3.207834964359075,93,0.20430107526881722,21.98597379116895,109.10620684349799,109.66666666666667,3717,0.0,27.631021115928544,27.795989945530664,21.478880817863864,29484,1.0,0.0,4.3235321281666,1.240231990231999,19062,0.8088867904731928,5.280653127968089,9.624750764470537,5.571555975238694,0.5719162200398573,0.20340466700145043,"[""y@t"", ""cores_3@t+h"", ""data_quality_3@t+h"", ""throughput_2@t""]",4,20,21600.0,1103,0.1650853889943074,3.5060389747296767,5.571555975238695,,
"forced=('y@t', 'cores_3@t+h', 'data_quality_3@t+h'),max_parents=5",model,1,33200,33558,0.882680731867215,0.4755067066738735,8.622027775857031,5.768678813179594,33464,0.8846521635190056,0.45729339310444783,8.342790458533438,5.481896439292589,94,0.18085106382978725,6.959446337389431,108.03051274305578,107.86320391695342,3874,0.11486835312338668,3.2424970287689616,31.859379082108916,27.706593336426806,29684,0.9828864034496698,0.11439228450043418,5.589367118249571,2.90560507436206,18060,0.7922480620155039,0.7938203302733008,12.807108306582437,8.731994081916786,0.46814494796234535,0.062298915996507276,"[""y@t"", ""cores_3@t+h"", ""data_quality_3@t+h"", ""throughput_2@t"", ""data_quality_3@t""]",5,20,128000.0,379,0.6014661183622385,3.7463794028249597,6.396179401993355,,
"forced=('y@t', 'cores_3@t+h', 'data_quality_3@t+h'),max_parents=5",ar,1,33200,33558,0.8819059538709101,0.4777335028605528,8.61029794053164,5.300609188820495,33464,0.8838752091800144,0.45982356174265077,8.329286451148281,5.0107707895337406,94,0.18085106382978725,6.853672540833671,108.65038816100729,108.4830793349049,3874,0.003355704697986577,3.3405799227169575,32.63938423751866,27.516653811619506,29684,0.9965638054170597,0.10410909137545254,5.474309518670445,2.4012372420234533,18060,0.7851605758582503,0.8039818816755522,13.10891175372398,8.392361032128361,0.4691937073063387,0.062298915996507276,"[""y@t"", ""cores_3@t+h"", ""data_quality_3@t+h"", ""throughput_2@t"", ""data_quality_3@t""]",5,20,128000.0,379,0.6014661183622385,3.7463794028249597,6.396179401993355,,
"forced=('y@t', 'cores_3@t+h', 'data_quality_3@t+h'),max_parents=5",persistence,1,33200,33558,0.8845580785505691,3.1897781692325884,7.394205022466637,3.746379402824963,33464,0.8865347836480995,3.135159788942765,7.10952680694479,3.451918479560127,94,0.18085106382978725,22.63392155240955,108.73964974824423,108.57446808510639,3874,0.0,27.631021115928547,29.16372546845772,23.207279297883325,29684,1.0,0.0,4.553108060878932,1.2065759331626495,18060,0.7897563676633444,5.809246244583649,10.902174354985323,6.396179401993355,0.55425458897833,0.062298915996507276,"[""y@t"", ""cores_3@t+h"", ""data_quality_3@t+h"", ""throughput_2@t"", ""data_quality_3@t""]",5,20,128000.0,379,0.6014661183622385,3.7463794028249597,6.396179401993355,,
"forced=('y@t', 'cores_3@t+h', 'data_quality_3@t+h'),max_parents=5",model,2,66758,33201,0.8339809041896329,0.5198658071176352,9.648011596515838,7.629831372764332,33108,0.8358402802947928,0.5040787224555413,9.33260686291758,7.309983567767668,93,0.17204301075268819,6.140067946823034,121.93209675749605,121.49564995157635,4981,0.12909054406745635,2.4645217308389853,32.19886967340633,29.562732567052752,28220,0.9583982990786676,0.17662232178609563,5.667649297402034,3.7585421860616157,19603,0.7417742182319033,0.7846387118569598,13.451682241230829,10.89093648267885,0.5075840380724777,0.143490832997486,"[""y@t"", ""cores_3@t+h"", ""data_quality_3@t+h"", ""data_quality_1@t+h"", ""data_quality_1@t""]",5,20,96000.0,513,0.479714466431734,5.354266437757899,8.484364638065601,,
"forced=('y@t', 'cores_3@t+h', 'data_quality_3@t+h'),max_parents=5",ar,2,66758,33201,0.8436191680973465,0.5434225234202867,10.096753486991439,7.181684186221462,33108,0.8455056179775281,0.5273837167019639,9.779584889827792,6.857337189192314,93,0.17204301075268819,6.253237715143258,123.0087740772498,122.64921512859874,4981,0.05641437462356957,2.75909409598661,34.326933551813134,28.85991928823819,28220,0.9825655563430191,0.15234314344321906,5.8199807406102595,3.355345098937787,19603,0.7404989032290976,0.839777662211623,14.206275315741317,10.386683043277893,0.5198786733587312,0.143490832997486,"[""y@t"", ""cores_3@t+h"", ""data_quality_3@t+h"", ""data_quality_1@t+h"", ""data_quality_1@t""]",5,20,96000.0,513,0.479714466431734,5.354266437757899,8.484364638065601,,
"forced=('y@t', 'cores_3@t+h', 'data_quality_3@t+h'),max_parents=5",persistence,2,66758,33201,0.8499743983614951,4.145360566803412,8.940786293295337,5.354266437757899,33108,0.8518787000120817,4.092742767684959,8.618797791596613,5.023529056421409,93,0.17204301075268819,22.87729705297309,123.56869289804204,123.09677419354838,4981,0.0,27.63102111592855,34.24393720648847,27.862678177072876,28220,1.0,0.0,4.47462772849679,1.3813961729270023,19603,0.7498342090496353,6.912336252232495,12.565382889758968,8.484364638065601,0.5637764253923089,0.143490832997486,"[""y@t"", ""cores_3@t+h"", ""data_quality_3@t+h"", ""data_quality_1@t+h"", ""data_quality_1@t""]",5,20,96000.0,513,0.479714466431734,5.354266437757899,8.484364638065601,,
"forced=('y@t', 'cores_3@t+h', 'data_quality_3@t+h'),max_parents=5",model,3,99959,33201,0.8893708020842745,0.37189973719946934,8.302252605048078,6.55045514786028,33108,0.8913857677902621,0.35437716724693924,7.969037330204031,6.213814482259086,93,0.17204301075268819,6.609934640300191,126.92689044952864,126.3945321018854,3984,0.20005020080321284,2.2428944499271846,32.48769963997828,31.10075291936825,29217,0.9833658486497587,0.1167728269928356,5.004349980303513,3.2028018528030273,19017,0.8178997738865226,0.569394837614612,11.477770788159145,9.298488059455494,0.5470599594425718,0.20715895800094586,"[""y@t"", ""cores_3@t+h"", ""data_quality_3@t+h"", ""throughput_2@t"", ""buffer_size_3@t""]",5,20,367200.0,1527,0.2720701183699286,5.404445649227433,8.803070936530473,,
"forced=('y@t', 'cores_3@t+h', 'data_quality_3@t+h'),max_parents=5",ar,3,99959,33201,0.8807264841420439,0.4152101620236462,8.60458532095995,5.924907938176801,33108,0.8827171680560589,0.3986396842253607,8.267278403133488,5.5815259174402705,93,0.17204301075268819,6.314300258213269,128.6858480671795,128.16890732038203,3984,0.011295180722891566,2.57649336844285,37.154802077166856,32.31748213838682,29217,0.999281240373755,0.12049981207758359,4.711507196692284,2.326043728516783,19017,0.7959194405006047,0.6411637119877113,12.113813805183918,8.570354382658012,0.5368343911084472,0.20715895800094586,"[""y@t"", ""cores_3@t+h"", ""data_quality_3@t+h"", ""throughput_2@t"", ""buffer_size_3@t""]",5,20,367200.0,1527,0.2720701183699286,5.404445649227433,8.803070936530473,,
"forced=('y@t', 'cores_3@t+h', 'data_quality_3@t+h'),max_parents=5",persistence,3,99959,33201,0.8800036143489653,3.3156226657588426,8.698165932516215,5.404445649227441,33108,0.8819922677298538,3.260674142199252,8.358654937640674,5.056421408722975,93,0.17204301075268819,22.8772970529731,129.56408010820866,129.30107526881721,3984,0.0,27.631021115928544,40.84398394812176,35.76355421686747,29217,1.0,0.0,4.314795327246251,1.2647089023513796,19017,0.7945522427301888,5.676731319342316,12.653398150782726,8.803070936530473,0.5476702659365773,0.20715895800094586,"[""y@t"", ""cores_3@t+h"", ""data_quality_3@t+h"", ""throughput_2@t"", ""buffer_size_3@t""]",5,20,367200.0,1527,0.2720701183699286,5.404445649227433,8.803070936530473,,
"forced=('y@t', 'cores_3@t+h', 'data_quality_3@t+h'),max_parents=5",model,4,133160,33558,0.8760355205912153,0.43873527152177716,7.3759411719263515,5.452628993132046,33464,0.8778986373416209,0.4238681095126281,7.111813467243582,5.184222060587078,94,0.2127659574468085,5.731444946778835,101.40540403899223,101.00549697914042,4459,0.2076698811392689,2.584859360073682,25.46292638410855,22.09165416912964,29099,0.9784528677961442,0.10987286006939238,4.604372834144283,2.9029395447051827,17285,0.7750072317037894,0.7614141571502244,10.759237721614618,7.994492439742922,0.5626282787005333,0.283683875000861,"[""y@t"", ""cores_3@t+h"", ""data_quality_3@t+h"", ""throughput_2@t"", ""data_quality_3@t""]",5,20,194400.0,1130,0.17340127540377853,4.437451576375231,8.05467168064796,,
"forced=('y@t', 'cores_3@t+h', 'data_quality_3@t+h'),max_parents=5",ar,4,133160,33558,0.867334167709637,0.47419353471077536,7.717485375344566,5.118505375471822,33464,0.8691728424575663,0.45908865377896074,7.450292960902962,4.845216536025585,94,0.2127659574468085,5.851531146436788,102.83798491655541,102.40933221833271,4459,0.002018389773491814,2.8090103091552914,30.454341535153254,23.642509962068555,29099,0.9999312691157771,0.1164167039864172,4.233391708325529,2.27997015255575,17285,0.7467746601099219,0.826318302543131,11.860660526984304,7.828933864776468,0.549607530671871,0.283683875000861,"[""y@t"", ""cores_3@t+h"", ""data_quality_3@t+h"", ""throughput_2@t"", ""data_quality_3@t""]",5,20,194400.0,1130,0.17340127540377853,4.437451576375231,8.05467168064796,,
"forced=('y@t', 'cores_3@t+h', 'data_quality_3@t+h'),max_parents=5",persistence,4,133160,33558,0.8671255736337088,3.6714560806938854,7.540421038515548,4.437451576375232,33464,0.8689636624432225,3.6206678099852585,7.270699220351675,4.160441071001675,94,0.2127659574468085,21.752080452965025,103.56138830485425,103.05319148936171,4459,0.0,27.631021115928547,33.87988368484494,26.414218434626598,29099,1.0,0.0,3.5042801422654106,1.0698305783703927,17285,0.7463118310673995,7.009663152637933,12.215279465613198,8.05467168064796,0.5626144568700057,0.283683875000861,"[""y@t"", ""cores_3@t+h"", ""data_quality_3@t+h"", ""throughput_2@t"", ""data_quality_3@t""]",5,20,194400.0,1130,0.17340127540377853,4.437451576375231,8.05467168064796,,
"forced=('y@t', 'cores_3@t+h', 'data_quality_3@t+h'),max_parents=5",model,5,166718,33201,0.9089786452215295,0.35187413412489466,8.941660655381034,7.124701286308995,33108,0.9109580765978011,0.336512436640755,8.668869842455674,6.844648604565116,93,0.20430107526881722,5.820638438478614,106.05519005680881,106.82345598713025,3717,0.3145009416195857,1.986940336608789,21.40622927951793,20.352714992973436,29484,0.9839234839234839,0.14574399321346354,7.370272730543261,5.45706707969959,19062,0.8559962228517469,0.5067647213627401,10.695443847869702,8.441554128744494,0.5417837698172441,0.35828787500213366,"[""y@t"", ""cores_3@t+h"", ""data_quality_3@t+h"", ""throughput_2@t"", ""data_quality_2@t+h""]",5,20,216000.0,1540,0.2987861811391223,3.5060389747296767,5.571555975238695,,
"forced=('y@t', 'cores_3@t+h', 'data_quality_3@t+h'),max_parents=5",ar,5,166718,33201,0.8880756603716755,0.4188306893803547,7.490666278589065,4.644157801557399,33108,0.889996375498369,0.4045165282709333,7.212334517092494,4.355604578102423,93,0.20430107526881722,5.514672044334366,106.57677337136778,107.36910535152882,3717,0.0005380683346785041,2.57538609934103,25.419625740610602,19.677613170107133,29484,0.9999660832994166,0.14695725094514134,5.2303914746162645,2.7489144965479246,19062,0.8089392508655965,0.6366688187201611,9.830079468064495,5.970080386144894,0.5252212425942933,0.35828787500213366,"[""y@t"", ""cores_3@t+h"", ""data_quality_3@t+h"", ""throughput_2@t"", ""data_quality_2@t+h""]",5,20,216000.0,1540,0.2987861811391223,3.5060389747296767,5.571555975238695,,
"forced=('y@t', 'cores_3@t+h', 'data_quality_3@t+h'),max_parents=5",persistence,5,166718,33201,0.888045540796964,3.0934160262614503,6.951378449275671,3.5060389747296843,33108,0.8899661713181104,3.040347043775755,6.66442668412336,3.207834964359075,93,0.20430107526881722,21.98597379116895,109.10620684349799,109.66666666666667,3717,0.0,27.631021115928544,27.795989945530664,21.478880817863864,29484,1.0,0.0,4.3235321281666,1.240231990231999,19062,0.8088867904731928,5.280653127968089,9.624750764470537,5.571555975238694,0.5719162200398573,0.35828787500213366,"[""y@t"", ""cores_3@t+h"", ""data_quality_3@t+h"", ""throughput_2@t"", ""data_quality_2@t+h""]",5,20,216000.0,1540,0.2987861811391223,3.5060389747296767,5.571555975238695,,
exog=none,model,1,33200,33558,0.9179629298527922,0.3181999787540743,7.6774320433332095,5.4354654060505805,33464,0.920033468802295,0.2942865061593659,7.393090212174689,5.144653377466541,94,0.18085106382978725,8.831396222470241,108.90312393576679,108.96454758196889,3874,0.38693856479091376,2.174252069045061,28.288258628739552,28.756701458728703,29684,0.9872658671338095,0.0759702995401111,4.987553920712802,2.391857116464438,18060,0.8593023255813953,0.5119024870151067,11.540814270146424,8.673960716415303,0.4842644005164261,0.06906483299826505,"[""y@t"", ""throughput_2@t"", ""buffer_size_3@t""]",3,20,7200.0,214,0.15629656117766255,3.7463794028249597,6.396179401993355,,
exog=none,ar,1,33200,33558,0.8819059538709101,0.4777335028605528,8.61029794053164,5.300609188820495,33464,0.8838752091800144,0.45982356174265077,8.329286451148281,5.0107707895337406,94,0.18085106382978725,6.853672540833671,108.65038816100729,108.4830793349049,3874,0.003355704697986577,3.3405799227169575,32.63938423751866,27.516653811619506,29684,0.9965638054170597,0.10410909137545254,5.474309518670445,2.4012372420234533,18060,0.7851605758582503,0.8039818816755522,13.10891175372398,8.392361032128361,0.4691937073063387,0.06906483299826505,"[""y@t"", ""throughput_2@t"", ""buffer_size_3@t""]",3,20,7200.0,214,0.15629656117766255,3.7463794028249597,6.396179401993355,,
exog=none,persistence,1,33200,33558,0.8845580785505691,3.1897781692325884,7.394205022466637,3.746379402824963,33464,0.8865347836480995,3.135159788942765,7.10952680694479,3.451918479560127,94,0.18085106382978725,22.63392155240955,108.73964974824423,108.57446808510639,3874,0.0,27.631021115928547,29.16372546845772,23.207279297883325,29684,1.0,0.0,4.553108060878932,1.2065759331626495,18060,0.7897563676633444,5.809246244583649,10.902174354985323,6.396179401993355,0.55425458897833,0.06906483299826505,"[""y@t"", ""throughput_2@t"", ""buffer_size_3@t""]",3,20,7200.0,214,0.15629656117766255,3.7463794028249597,6.396179401993355,,
exog=none,model,2,66758,33201,0.8972621306587151,0.3744211630590441,8.66848693575411,7.06655068393699,33108,0.8992690588377431,0.35375771598127054,8.348360410252443,6.743082716310656,93,0.1827956989247312,7.730608322746431,122.6335300143485,122.22114715891173,4981,0.49688817506524796,1.7679965809061051,26.69885474756005,27.863791189153638,28220,0.9679305457122608,0.12844670677640022,5.486018400296799,3.3957124501848948,19603,0.8415038514513085,0.5531418016720967,11.897006664968735,10.336767533909219,0.5718920681940258,0.14287054200394778,"[""y@t"", ""throughput_2@t"", ""buffer_size_3@t""]",3,20,6800.0,344,0.06228728050359929,5.354266437757899,8.484364638065601,,
exog=none,ar,2,66758,33201,0.8436191680973465,0.5434225234202867,10.096753486991439,7.181684186221462,33108,0.8455056179775281,0.5273837167019639,9.779584889827792,6.857337189192314,93,0.17204301075268819,6.253237715143258,123.0087740772498,122.64921512859874,4981,0.05641437462356957,2.75909409598661,34.326933551813134,28.85991928823819,28220,0.9825655563430191,0.15234314344321906,5.8199807406102595,3.355345098937787,19603,0.7404989032290976,0.839777662211623,14.206275315741317,10.386683043277893,0.5198786733587312,0.14287054200394778,"[""y@t"", ""throughput_2@t"", ""buffer_size_3@t""]",3,20,6800.0,344,0.06228728050359929,5.354266437757899,8.484364638065601,,
exog=none,persistence,2,66758,33201,0.8499743983614951,4.145360566803412,8.940786293295337,5.354266437757899,33108,0.8518787000120817,4.092742767684959,8.618797791596613,5.023529056421409,93,0.17204301075268819,22.87729705297309,123.56869289804204,123.09677419354838,4981,0.0,27.63102111592855,34.24393720648847,27.862678177072876,28220,1.0,0.0,4.47462772849679,1.3813961729270023,19603,0.7498342090496353,6.912336252232495,12.565382889758968,8.484364638065601,0.5637764253923089,0.14287054200394778,"[""y@t"", ""throughput_2@t"", ""buffer_size_3@t""]",3,20,6800.0,344,0.06228728050359929,5.354266437757899,8.484364638065601,,
exog=none,model,3,99959,33201,0.9113580916237463,0.29207681527794177,7.547259062247605,5.573606605980218,33108,0.9134348193790021,0.2711988126694605,7.206704857776202,5.228867471593131,93,0.17204301075268819,7.724645743897274,128.78455585406692,128.30073844778354,3984,0.3689759036144578,1.757216998702239,28.51756389649719,28.587609352074935,29217,0.9853167676352809,0.0922918102889832,4.6877699134763295,2.4354409168115376,19017,0.856864910343377,0.4361837955118729,10.140309257797158,7.930993867216451,0.5843445229850833,0.19916962499701185,"[""y@t"", ""throughput_2@t"", ""buffer_size_3@t"", ""data_quality_1@t""]",4,20,68000.0,749,0.15234480889129845,5.404445649227433,8.803070936530473,,
exog=none,ar,3,99959,33201,0.8807264841420439,0.4152101620236462,8.60458532095995,5.924907938176801,33108,0.8827171680560589,0.3986396842253607,8.267278403133488,5.5815259174402705,93,0.17204301075268819,6.314300258213269,128.6858480671795,128.16890732038203,3984,0.011295180722891566,2.57649336844285,37.154802077166856,32.31748213838682,29217,0.999281240373755,0.12049981207758359,4.711507196692284,2.326043728516783,19017,0.7959194405006047,0.6411637119877113,12.113813805183918,8.570354382658012,0.5368343911084472,0.19916962499701185,"[""y@t"", ""throughput_2@t"", ""buffer_size_3@t"", ""data_quality_1@t""]",4,20,68000.0,749,0.15234480889129845,5.404445649227433,8.803070936530473,,
exog=none,persistence,3,99959,33201,0.8800036143489653,3.3156226657588426,8.698165932516215,5.404445649227441,33108,0.8819922677298538,3.260674142199252,8.358654937640674,5.056421408722975,93,0.17204301075268819,22.8772970529731,129.56408010820866,129.30107526881721,3984,0.0,27.631021115928544,40.84398394812176,35.76355421686747,29217,1.0,0.0,4.314795327246251,1.2647089023513796,19017,0.7945522427301888,5.676731319342316,12.653398150782726,8.803070936530473,0.5476702659365773,0.19916962499701185,"[""y@t"", ""throughput_2@t"", ""buffer_size_3@t"", ""data_quality_1@t""]",4,20,68000.0,749,0.15234480889129845,5.404445649227433,8.803070936530473,,
exog=none,model,4,133160,33558,0.9195422849991061,0.30750944686148074,6.0539208499226005,4.878384063309029,33464,0.9215574946210854,0.28835737912418574,5.779338113041954,4.600969319898459,94,0.20212765957446807,7.125645561338498,103.80537517943304,103.63803271747169,4459,0.467369365328549,1.8314135689103026,21.36505098999136,21.96286028464393,29099,0.9888312313137908,0.07399322705270052,3.7077120697388617,2.260435698384725,17285,0.8571015331212034,0.5161069912872771,8.985790737306749,7.473298355652846,0.6190894215284001,0.275709834000736,"[""y@t"", ""throughput_2@t"", ""buffer_size_3@t""]",3,20,6800.0,487,0.044013350020859404,4.437451576375231,8.05467168064796,,
exog=none,ar,4,133160,33558,0.867334167709637,0.47419353471077536,7.717485375344566,5.118505375471822,33464,0.8691728424575663,0.45908865377896074,7.450292960902962,4.845216536025585,94,0.2127659574468085,5.851531146436788,102.83798491655541,102.40933221833271,4459,0.002018389773491814,2.8090103091552914,30.454341535153254,23.642509962068555,29099,0.9999312691157771,0.1164167039864172,4.233391708325529,2.27997015255575,17285,0.7467746601099219,0.826318302543131,11.860660526984304,7.828933864776468,0.549607530671871,0.275709834000736,"[""y@t"", ""throughput_2@t"", ""buffer_size_3@t""]",3,20,6800.0,487,0.044013350020859404,4.437451576375231,8.05467168064796,,
exog=none,persistence,4,133160,33558,0.8671255736337088,3.6714560806938854,7.540421038515548,4.437451576375232,33464,0.8689636624432225,3.6206678099852585,7.270699220351675,4.160441071001675,94,0.2127659574468085,21.752080452965025,103.56138830485425,103.05319148936171,4459,0.0,27.631021115928547,33.87988368484494,26.414218434626598,29099,1.0,0.0,3.5042801422654106,1.0698305783703927,17285,0.7463118310673995,7.009663152637933,12.215279465613198,8.05467168064796,0.5626144568700057,0.275709834000736,"[""y@t"", ""throughput_2@t"", ""buffer_size_3@t""]",3,20,6800.0,487,0.044013350020859404,4.437451576375231,8.05467168064796,,
exog=none,model,5,166718,33201,0.9274419445197434,0.24319472151078655,5.9762009354835195,4.323069812341712,33108,0.9294430349160324,0.22432116214846884,5.688941988583752,4.028778196188422,93,0.21505376344086022,6.962181854495901,108.24038603180072,109.09088516291297,3717,0.4589722894807641,1.5251791753929806,17.976546832954572,18.69923079640751,29484,0.9865011531678198,0.0815770232649544,4.463336815930545,2.5106905429829895,19062,0.8875249186863918,0.3464901516767251,7.740415273938915,5.7917013899322045,0.5826593371112843,0.33268637499713805,"[""y@t"", ""throughput_2@t"", ""buffer_size_3@t"", ""buffer_size_2@t""]",4,20,102000.0,1572,0.07855185084786603,3.5060389747296767,5.571555975238695,,
exog=none,ar,5,166718,33201,0.8880756603716755,0.4188306893803547,7.490666278589065,4.644157801557399,33108,0.889996375498369,0.4045165282709333,7.212334517092494,4.355604578102423,93,0.20430107526881722,5.514672044334366,106.57677337136778,107.36910535152882,3717,0.0005380683346785041,2.57538609934103,25.419625740610602,19.677613170107133,29484,0.9999660832994166,0.14695725094514134,5.2303914746162645,2.7489144965479246,19062,0.8089392508655965,0.6366688187201611,9.830079468064495,5.970080386144894,0.5252212425942933,0.33268637499713805,"[""y@t"", ""throughput_2@t"", ""buffer_size_3@t"", ""buffer_size_2@t""]",4,20,102000.0,1572,0.07855185084786603,3.5060389747296767,5.571555975238695,,
exog=none,persistence,5,166718,33201,0.888045540796964,3.0934160262614503,6.951378449275671,3.5060389747296843,33108,0.8899661713181104,3.040347043775755,6.66442668412336,3.207834964359075,93,0.20430107526881722,21.98597379116895,109.10620684349799,109.66666666666667,3717,0.0,27.631021115928544,27.795989945530664,21.478880817863864,29484,1.0,0.0,4.3235321281666,1.240231990231999,19062,0.8088867904731928,5.280653127968089,9.624750764470537,5.571555975238694,0.5719162200398573,0.33268637499713805,"[""y@t"", ""throughput_2@t"", ""buffer_size_3@t"", ""buffer_size_2@t""]",4,20,102000.0,1572,0.07855185084786603,3.5060389747296767,5.571555975238695,,
"exog=none,pool=local",model,1,33200,33558,0.9179629298527922,0.3181999787540743,7.6774320433332095,5.4354654060505805,33464,0.920033468802295,0.2942865061593659,7.393090212174689,5.144653377466541,94,0.18085106382978725,8.831396222470241,108.90312393576679,108.96454758196889,3874,0.38693856479091376,2.174252069045061,28.288258628739552,28.756701458728703,29684,0.9872658671338095,0.0759702995401111,4.987553920712802,2.391857116464438,18060,0.8593023255813953,0.5119024870151067,11.540814270146424,8.673960716415303,0.4842644005164261,0.021471249994647224,"[""y@t"", ""throughput_2@t"", ""buffer_size_3@t""]",3,20,7200.0,214,0.15629656117766255,3.7463794028249597,6.396179401993355,,
"exog=none,pool=local",ar,1,33200,33558,0.8819059538709101,0.4777335028605528,8.61029794053164,5.300609188820495,33464,0.8838752091800144,0.45982356174265077,8.329286451148281,5.0107707895337406,94,0.18085106382978725,6.853672540833671,108.65038816100729,108.4830793349049,3874,0.003355704697986577,3.3405799227169575,32.63938423751866,27.516653811619506,29684,0.9965638054170597,0.10410909137545254,5.474309518670445,2.4012372420234533,18060,0.7851605758582503,0.8039818816755522,13.10891175372398,8.392361032128361,0.4691937073063387,0.021471249994647224,"[""y@t"", ""throughput_2@t"", ""buffer_size_3@t""]",3,20,7200.0,214,0.15629656117766255,3.7463794028249597,6.396179401993355,,
"exog=none,pool=local",persistence,1,33200,33558,0.8845580785505691,3.1897781692325884,7.394205022466637,3.746379402824963,33464,0.8865347836480995,3.135159788942765,7.10952680694479,3.451918479560127,94,0.18085106382978725,22.63392155240955,108.73964974824423,108.57446808510639,3874,0.0,27.631021115928547,29.16372546845772,23.207279297883325,29684,1.0,0.0,4.553108060878932,1.2065759331626495,18060,0.7897563676633444,5.809246244583649,10.902174354985323,6.396179401993355,0.55425458897833,0.021471249994647224,"[""y@t"", ""throughput_2@t"", ""buffer_size_3@t""]",3,20,7200.0,214,0.15629656117766255,3.7463794028249597,6.396179401993355,,
"exog=none,pool=local",model,2,66758,33201,0.8972621306587151,0.3744211630590441,8.66848693575411,7.06655068393699,33108,0.8992690588377431,0.35375771598127054,8.348360410252443,6.743082716310656,93,0.1827956989247312,7.730608322746431,122.6335300143485,122.22114715891173,4981,0.49688817506524796,1.7679965809061051,26.69885474756005,27.863791189153638,28220,0.9679305457122608,0.12844670677640022,5.486018400296799,3.3957124501848948,19603,0.8415038514513085,0.5531418016720967,11.897006664968735,10.336767533909219,0.5718920681940258,0.04690633299469482,"[""y@t"", ""throughput_2@t"", ""buffer_size_3@t""]",3,20,6800.0,344,0.06228728050359929,5.354266437757899,8.484364638065601,,
"exog=none,pool=local",ar,2,66758,33201,0.8436191680973465,0.5434225234202867,10.096753486991439,7.181684186221462,33108,0.8455056179775281,0.5273837167019639,9.779584889827792,6.857337189192314,93,0.17204301075268819,6.253237715143258,123.0087740772498,122.64921512859874,4981,0.05641437462356957,2.75909409598661,34.326933551813134,28.85991928823819,28220,0.9825655563430191,0.15234314344321906,5.8199807406102595,3.355345098937787,19603,0.7404989032290976,0.839777662211623,14.206275315741317,10.386683043277893,0.5198786733587312,0.04690633299469482,"[""y@t"", ""throughput_2@t"", ""buffer_size_3@t""]",3,20,6800.0,344,0.06228728050359929,5.354266437757899,8.484364638065601,,
"exog=none,pool=local",persistence,2,66758,33201,0.8499743983614951,4.145360566803412,8.940786293295337,5.354266437757899,33108,0.8518787000120817,4.092742767684959,8.618797791596613,5.023529056421409,93,0.17204301075268819,22.87729705297309,123.56869289804204,123.09677419354838,4981,0.0,27.63102111592855,34.24393720648847,27.862678177072876,28220,1.0,0.0,4.47462772849679,1.3813961729270023,19603,0.7498342090496353,6.912336252232495,12.565382889758968,8.484364638065601,0.5637764253923089,0.04690633299469482,"[""y@t"", ""throughput_2@t"", ""buffer_size_3@t""]",3,20,6800.0,344,0.06228728050359929,5.354266437757899,8.484364638065601,,
"exog=none,pool=local",model,3,99959,33201,0.9236769976807927,0.2587368762969209,7.259570827884734,5.510413226813061,33108,0.9257883291047481,0.23819091333094378,6.917096581413761,5.164487176378378,93,0.17204301075268819,7.573099692184775,129.18040257155107,128.6600871815598,3984,0.5022590361445783,1.4959138282143256,25.566870596650794,26.98923326342834,29217,0.9811411164732861,0.09003670254742781,4.763206304533123,2.58158346927891,19017,0.8798443497922911,0.37677620831131425,9.553288563555247,7.684090617350385,0.6384149733120005,0.06986504200176569,"[""y@t"", ""throughput_2@t"", ""buffer_size_3@t""]",3,20,6800.0,436,0.01674648353965242,5.404445649227433,8.803070936530473,,
"exog=none,pool=local",ar,3,99959,33201,0.8807264841420439,0.4152101620236462,8.60458532095995,5.924907938176801,33108,0.8827171680560589,0.3986396842253607,8.267278403133488,5.5815259174402705,93,0.17204301075268819,6.314300258213269,128.6858480671795,128.16890732038203,3984,0.011295180722891566,2.57649336844285,37.154802077166856,32.31748213838682,29217,0.999281240373755,0.12049981207758359,4.711507196692284,2.326043728516783,19017,0.7959194405006047,0.6411637119877113,12.113813805183918,8.570354382658012,0.5368343911084472,0.06986504200176569,"[""y@t"", ""throughput_2@t"", ""buffer_size_3@t""]",3,20,6800.0,436,0.01674648353965242,5.404445649227433,8.803070936530473,,
"exog=none,pool=local",persistence,3,99959,33201,0.8800036143489653,3.3156226657588426,8.698165932516215,5.404445649227441,33108,0.8819922677298538,3.260674142199252,8.358654937640674,5.056421408722975,93,0.17204301075268819,22.8772970529731,129.56408010820866,129.30107526881721,3984,0.0,27.631021115928544,40.84398394812176,35.76355421686747,29217,1.0,0.0,4.314795327246251,1.2647089023513796,19017,0.7945522427301888,5.676731319342316,12.653398150782726,8.803070936530473,0.5476702659365773,0.06986504200176569,"[""y@t"", ""throughput_2@t"", ""buffer_size_3@t""]",3,20,6800.0,436,0.01674648353965242,5.404445649227433,8.803070936530473,,
"exog=none,pool=local",model,4,133160,33558,0.9195422849991061,0.30750944686148074,6.0539208499226005,4.878384063309029,33464,0.9215574946210854,0.28835737912418574,5.779338113041954,4.600969319898459,94,0.20212765957446807,7.125645561338498,103.80537517943304,103.63803271747169,4459,0.467369365328549,1.8314135689103026,21.36505098999136,21.96286028464393,29099,0.9888312313137908,0.07399322705270052,3.7077120697388617,2.260435698384725,17285,0.8571015331212034,0.5161069912872771,8.985790737306749,7.473298355652846,0.6190894215284001,0.09123408400046173,"[""y@t"", ""throughput_2@t"", ""buffer_size_3@t""]",3,20,6800.0,487,0.044013350020859404,4.437451576375231,8.05467168064796,,
"exog=none,pool=local",ar,4,133160,33558,0.867334167709637,0.47419353471077536,7.717485375344566,5.118505375471822,33464,0.8691728424575663,0.45908865377896074,7.450292960902962,4.845216536025585,94,0.2127659574468085,5.851531146436788,102.83798491655541,102.40933221833271,4459,0.002018389773491814,2.8090103091552914,30.454341535153254,23.642509962068555,29099,0.9999312691157771,0.1164167039864172,4.233391708325529,2.27997015255575,17285,0.7467746601099219,0.826318302543131,11.860660526984304,7.828933864776468,0.549607530671871,0.09123408400046173,"[""y@t"", ""throughput_2@t"", ""buffer_size_3@t""]",3,20,6800.0,487,0.044013350020859404,4.437451576375231,8.05467168064796,,
"exog=none,pool=local",persistence,4,133160,33558,0.8671255736337088,3.6714560806938854,7.540421038515548,4.437451576375232,33464,0.8689636624432225,3.6206678099852585,7.270699220351675,4.160441071001675,94,0.2127659574468085,21.752080452965025,103.56138830485425,103.05319148936171,4459,0.0,27.631021115928547,33.87988368484494,26.414218434626598,29099,1.0,0.0,3.5042801422654106,1.0698305783703927,17285,0.7463118310673995,7.009663152637933,12.215279465613198,8.05467168064796,0.5626144568700057,0.09123408400046173,"[""y@t"", ""throughput_2@t"", ""buffer_size_3@t""]",3,20,6800.0,487,0.044013350020859404,4.437451576375231,8.05467168064796,,
"exog=none,pool=local",model,5,166718,33201,0.9310864130598476,0.24222909577459945,5.74462251437196,4.217914656546463,33108,0.9330977407273167,0.22396691139331418,5.457839374201194,3.924177099573394,93,0.21505376344086022,6.743566735512147,107.83942041516465,108.78848493895944,3717,0.5009416195856874,1.464901907274587,17.59358463062296,19.0607162879255,29484,0.985314068647402,0.08808871996584035,4.250843102280487,2.3467067585734656,19062,0.8942398489140698,0.3442994007576196,7.406550892631097,5.658856383177783,0.5830844298799168,0.11335533400415443,"[""y@t"", ""throughput_2@t"", ""buffer_size_3@t""]",3,20,6800.0,543,0.04069154543537845,3.5060389747296767,5.571555975238695,,
"exog=none,pool=local",ar,5,166718,33201,0.8880756603716755,0.4188306893803547,7.490666278589065,4.644157801557399,33108,0.889996375498369,0.4045165282709333,7.212334517092494,4.355604578102423,93,0.20430107526881722,5.514672044334366,106.57677337136778,107.36910535152882,3717,0.0005380683346785041,2.57538609934103,25.419625740610602,19.677613170107133,29484,0.9999660832994166,0.14695725094514134,5.2303914746162645,2.7489144965479246,19062,0.8089392508655965,0.6366688187201611,9.830079468064495,5.970080386144894,0.5252212425942933,0.11335533400415443,"[""y@t"", ""throughput_2@t"", ""buffer_size_3@t""]",3,20,6800.0,543,0.04069154543537845,3.5060389747296767,5.571555975238695,,
"exog=none,pool=local",persistence,5,166718,33201,0.888045540796964,3.0934160262614503,6.951378449275671,3.5060389747296843,33108,0.8899661713181104,3.040347043775755,6.66442668412336,3.207834964359075,93,0.20430107526881722,21.98597379116895,109.10620684349799,109.66666666666667,3717,0.0,27.631021115928544,27.795989945530664,21.478880817863864,29484,1.0,0.0,4.3235321281666,1.240231990231999,19062,0.8088867904731928,5.280653127968089,9.624750764470537,5.571555975238694,0.5719162200398573,0.11335533400415443,"[""y@t"", ""throughput_2@t"", ""buffer_size_3@t""]",3,20,6800.0,543,0.04069154543537845,3.5060389747296767,5.571555975238695,,
"engine=hc-bic,pool=local",model,1,33200,33558,0.8819059538709101,0.4777335028605528,8.61029794053164,5.300609188820495,33464,0.8838752091800144,0.45982356174265077,8.329286451148281,5.0107707895337406,94,0.18085106382978725,6.853672540833671,108.65038816100729,108.4830793349049,3874,0.003355704697986577,3.3405799227169575,32.63938423751866,27.516653811619506,29684,0.9965638054170597,0.10410909137545254,5.474309518670445,2.4012372420234533,18060,0.7851605758582503,0.8039818816755522,13.10891175372398,8.392361032128361,0.4691937073063387,0.0086736670054961,"[""y@t""]",1,20,20.0,17,0.0020561416055784017,3.7463794028249597,6.396179401993355,,
"engine=hc-bic,pool=local",ar,1,33200,33558,0.8819059538709101,0.4777335028605528,8.61029794053164,5.300609188820495,33464,0.8838752091800144,0.45982356174265077,8.329286451148281,5.0107707895337406,94,0.18085106382978725,6.853672540833671,108.65038816100729,108.4830793349049,3874,0.003355704697986577,3.3405799227169575,32.63938423751866,27.516653811619506,29684,0.9965638054170597,0.10410909137545254,5.474309518670445,2.4012372420234533,18060,0.7851605758582503,0.8039818816755522,13.10891175372398,8.392361032128361,0.4691937073063387,0.0086736670054961,"[""y@t""]",1,20,20.0,17,0.0020561416055784017,3.7463794028249597,6.396179401993355,,
"engine=hc-bic,pool=local",persistence,1,33200,33558,0.8845580785505691,3.1897781692325884,7.394205022466637,3.746379402824963,33464,0.8865347836480995,3.135159788942765,7.10952680694479,3.451918479560127,94,0.18085106382978725,22.63392155240955,108.73964974824423,108.57446808510639,3874,0.0,27.631021115928547,29.16372546845772,23.207279297883325,29684,1.0,0.0,4.553108060878932,1.2065759331626495,18060,0.7897563676633444,5.809246244583649,10.902174354985323,6.396179401993355,0.55425458897833,0.0086736670054961,"[""y@t""]",1,20,20.0,17,0.0020561416055784017,3.7463794028249597,6.396179401993355,,
"engine=hc-bic,pool=local",model,2,66758,33201,0.8436191680973465,0.5434225234202867,10.096753486991439,7.181684186221462,33108,0.8455056179775281,0.5273837167019639,9.779584889827792,6.857337189192314,93,0.17204301075268819,6.253237715143258,123.0087740772498,122.64921512859874,4981,0.05641437462356957,2.75909409598661,34.326933551813134,28.85991928823819,28220,0.9825655563430191,0.15234314344321906,5.8199807406102595,3.355345098937787,19603,0.7404989032290976,0.839777662211623,14.206275315741317,10.386683043277893,0.5198786733587312,0.017882917003589682,"[""y@t""]",1,20,20.0,18,0.00048191319538568115,5.354266437757899,8.484364638065601,,
"engine=hc-bic,pool=local",ar,2,66758,33201,0.8436191680973465,0.5434225234202867,10.096753486991439,7.181684186221462,33108,0.8455056179775281,0.5273837167019639,9.779584889827792,6.857337189192314,93,0.17204301075268819,6.253237715143258,123.0087740772498,122.64921512859874,4981,0.05641437462356957,2.75909409598661,34.326933551813134,28.85991928823819,28220,0.9825655563430191,0.15234314344321906,5.8199807406102595,3.355345098937787,19603,0.7404989032290976,0.839777662211623,14.206275315741317,10.386683043277893,0.5198786733587312,0.017882917003589682,"[""y@t""]",1,20,20.0,18,0.00048191319538568115,5.354266437757899,8.484364638065601,,
"engine=hc-bic,pool=local",persistence,2,66758,33201,0.8499743983614951,4.145360566803412,8.940786293295337,5.354266437757899,33108,0.8518787000120817,4.092742767684959,8.618797791596613,5.023529056421409,93,0.17204301075268819,22.87729705297309,123.56869289804204,123.09677419354838,4981,0.0,27.63102111592855,34.24393720648847,27.862678177072876,28220,1.0,0.0,4.47462772849679,1.3813961729270023,19603,0.7498342090496353,6.912336252232495,12.565382889758968,8.484364638065601,0.5637764253923089,0.017882917003589682,"[""y@t""]",1,20,20.0,18,0.00048191319538568115,5.354266437757899,8.484364638065601,,
"engine=hc-bic,pool=local",model,3,99959,33201,0.8807264841420439,0.4152101620236462,8.60458532095995,5.924907938176801,33108,0.8827171680560589,0.3986396842253607,8.267278403133488,5.5815259174402705,93,0.17204301075268819,6.314300258213269,128.6858480671795,128.16890732038203,3984,0.011295180722891566,2.57649336844285,37.154802077166856,32.31748213838682,29217,0.999281240373755,0.12049981207758359,4.711507196692284,2.326043728516783,19017,0.7959194405006047,0.6411637119877113,12.113813805183918,8.570354382658012,0.5368343911084472,0.027054707999923266,"[""y@t""]",1,20,20.0,20,0.0,5.404445649227433,8.803070936530473,,
"engine=hc-bic,pool=local",ar,3,99959,33201,0.8807264841420439,0.4152101620236462,8.60458532095995,5.924907938176801,33108,0.8827171680560589,0.3986396842253607,8.267278403133488,5.5815259174402705,93,0.17204301075268819,6.314300258213269,128.6858480671795,128.16890732038203,3984,0.011295180722891566,2.57649336844285,37.154802077166856,32.31748213838682,29217,0.999281240373755,0.12049981207758359,4.711507196692284,2.326043728516783,19017,0.7959194405006047,0.6411637119877113,12.113813805183918,8.570354382658012,0.5368343911084472,0.027054707999923266,"[""y@t""]",1,20,20.0,20,0.0,5.404445649227433,8.803070936530473,,
"engine=hc-bic,pool=local",persistence,3,99959,33201,0.8800036143489653,3.3156226657588426,8.698165932516215,5.404445649227441,33108,0.8819922677298538,3.260674142199252,8.358654937640674,5.056421408722975,93,0.17204301075268819,22.8772970529731,129.56408010820866,129.30107526881721,3984,0.0,27.631021115928544,40.84398394812176,35.76355421686747,29217,1.0,0.0,4.314795327246251,1.2647089023513796,19017,0.7945522427301888,5.676731319342316,12.653398150782726,8.803070936530473,0.5476702659365773,0.027054707999923266,"[""y@t""]",1,20,20.0,20,0.0,5.404445649227433,8.803070936530473,,
"engine=hc-bic,pool=local",model,4,133160,33558,0.867334167709637,0.47419353471077536,7.717485375344566,5.118505375471822,33464,0.8691728424575663,0.45908865377896074,7.450292960902962,4.845216536025585,94,0.2127659574468085,5.851531146436788,102.83798491655541,102.40933221833271,4459,0.002018389773491814,2.8090103091552914,30.454341535153254,23.642509962068555,29099,0.9999312691157771,0.1164167039864172,4.233391708325529,2.27997015255575,17285,0.7467746601099219,0.826318302543131,11.860660526984304,7.828933864776468,0.549607530671871,0.03508579200570239,"[""y@t""]",1,20,20.0,20,0.0,4.437451576375231,8.05467168064796,,
"engine=hc-bic,pool=local",ar,4,133160,33558,0.867334167709637,0.47419353471077536,7.717485375344566,5.118505375471822,33464,0.8691728424575663,0.45908865377896074,7.450292960902962,4.845216536025585,94,0.2127659574468085,5.851531146436788,102.83798491655541,102.40933221833271,4459,0.002018389773491814,2.8090103091552914,30.454341535153254,23.642509962068555,29099,0.9999312691157771,0.1164167039864172,4.233391708325529,2.27997015255575,17285,0.7467746601099219,0.826318302543131,11.860660526984304,7.828933864776468,0.549607530671871,0.03508579200570239,"[""y@t""]",1,20,20.0,20,0.0,4.437451576375231,8.05467168064796,,
"engine=hc-bic,pool=local",persistence,4,133160,33558,0.8671255736337088,3.6714560806938854,7.540421038515548,4.437451576375232,33464,0.8689636624432225,3.6206678099852585,7.270699220351675,4.160441071001675,94,0.2127659574468085,21.752080452965025,103.56138830485425,103.05319148936171,4459,0.0,27.631021115928547,33.87988368484494,26.414218434626598,29099,1.0,0.0,3.5042801422654106,1.0698305783703927,17285,0.7463118310673995,7.009663152637933,12.215279465613198,8.05467168064796,0.5626144568700057,0.03508579200570239,"[""y@t""]",1,20,20.0,20,0.0,4.437451576375231,8.05467168064796,,
"engine=hc-bic,pool=local",model,5,166718,33201,0.8880756603716755,0.4188306893803547,7.490666278589065,4.644157801557399,33108,0.889996375498369,0.4045165282709333,7.212334517092494,4.355604578102423,93,0.20430107526881722,5.514672044334366,106.57677337136778,107.36910535152882,3717,0.0005380683346785041,2.57538609934103,25.419625740610602,19.677613170107133,29484,0.9999660832994166,0.14695725094514134,5.2303914746162645,2.7489144965479246,19062,0.8089392508655965,0.6366688187201611,9.830079468064495,5.970080386144894,0.5252212425942933,0.04271433399844682,"[""y@t""]",1,20,20.0,20,0.0,3.5060389747296767,5.571555975238695,,
"engine=hc-bic,pool=local",ar,5,166718,33201,0.8880756603716755,0.4188306893803547,7.490666278589065,4.644157801557399,33108,0.889996375498369,0.4045165282709333,7.212334517092494,4.355604578102423,93,0.20430107526881722,5.514672044334366,106.57677337136778,107.36910535152882,3717,0.0005380683346785041,2.57538609934103,25.419625740610602,19.677613170107133,29484,0.9999660832994166,0.14695725094514134,5.2303914746162645,2.7489144965479246,19062,0.8089392508655965,0.6366688187201611,9.830079468064495,5.970080386144894,0.5252212425942933,0.04271433399844682,"[""y@t""]",1,20,20.0,20,0.0,3.5060389747296767,5.571555975238695,,
"engine=hc-bic,pool=local",persistence,5,166718,33201,0.888045540796964,3.0934160262614503,6.951378449275671,3.5060389747296843,33108,0.8899661713181104,3.040347043775755,6.66442668412336,3.207834964359075,93,0.20430107526881722,21.98597379116895,109.10620684349799,109.66666666666667,3717,0.0,27.631021115928544,27.795989945530664,21.478880817863864,29484,1.0,0.0,4.3235321281666,1.240231990231999,19062,0.8088867904731928,5.280653127968089,9.624750764470537,5.571555975238694,0.5719162200398573,0.04271433399844682,"[""y@t""]",1,20,20.0,20,0.0,3.5060389747296767,5.571555975238695,,
"engine=hc-aic,pool=local",model,1,33200,33558,0.8819059538709101,0.4777335028605528,8.61029794053164,5.300609188820495,33464,0.8838752091800144,0.45982356174265077,8.329286451148281,5.0107707895337406,94,0.18085106382978725,6.853672540833671,108.65038816100729,108.4830793349049,3874,0.003355704697986577,3.3405799227169575,32.63938423751866,27.516653811619506,29684,0.9965638054170597,0.10410909137545254,5.474309518670445,2.4012372420234533,18060,0.7851605758582503,0.8039818816755522,13.10891175372398,8.392361032128361,0.4691937073063387,0.009600833000149578,"[""y@t""]",1,20,20.0,17,0.0020561416055784017,3.7463794028249597,6.396179401993355,,
"engine=hc-aic,pool=local",ar,1,33200,33558,0.8819059538709101,0.4777335028605528,8.61029794053164,5.300609188820495,33464,0.8838752091800144,0.45982356174265077,8.329286451148281,5.0107707895337406,94,0.18085106382978725,6.853672540833671,108.65038816100729,108.4830793349049,3874,0.003355704697986577,3.3405799227169575,32.63938423751866,27.516653811619506,29684,0.9965638054170597,0.10410909137545254,5.474309518670445,2.4012372420234533,18060,0.7851605758582503,0.8039818816755522,13.10891175372398,8.392361032128361,0.4691937073063387,0.009600833000149578,"[""y@t""]",1,20,20.0,17,0.0020561416055784017,3.7463794028249597,6.396179401993355,,
"engine=hc-aic,pool=local",persistence,1,33200,33558,0.8845580785505691,3.1897781692325884,7.394205022466637,3.746379402824963,33464,0.8865347836480995,3.135159788942765,7.10952680694479,3.451918479560127,94,0.18085106382978725,22.63392155240955,108.73964974824423,108.57446808510639,3874,0.0,27.631021115928547,29.16372546845772,23.207279297883325,29684,1.0,0.0,4.553108060878932,1.2065759331626495,18060,0.7897563676633444,5.809246244583649,10.902174354985323,6.396179401993355,0.55425458897833,0.009600833000149578,"[""y@t""]",1,20,20.0,17,0.0020561416055784017,3.7463794028249597,6.396179401993355,,
"engine=hc-aic,pool=local",model,2,66758,33201,0.8818409084063733,0.4246190633284135,9.268391117153657,7.301844104530781,33108,0.8837743143651081,0.4049955445728323,8.949516825053184,6.978656346594064,93,0.1935483870967742,7.410591740315291,122.78763910492134,122.35668593000229,4981,0.48644850431640235,1.990215235851878,27.577910404690943,28.338796770387127,28220,0.9516300496102055,0.1482819075757778,6.0366506645943625,3.588695230376619,19603,0.8271693108197725,0.6289289063255797,12.578253725147425,10.520897746982342,0.5514373960017247,0.02671004200237803,"[""y@t"", ""throughput_2@t""]",2,20,400.0,138,0.029938857263335443,5.354266437757899,8.484364638065601,,
"engine=hc-aic,pool=local",ar,2,66758,33201,0.8436191680973465,0.5434225234202867,10.096753486991439,7.181684186221462,33108,0.8455056179775281,0.5273837167019639,9.779584889827792,6.857337189192314,93,0.17204301075268819,6.253237715143258,123.0087740772498,122.64921512859874,4981,0.05641437462356957,2.75909409598661,34.326933551813134,28.85991928823819,28220,0.9825655563430191,0.15234314344321906,5.8199807406102595,3.355345098937787,19603,0.7404989032290976,0.839777662211623,14.206275315741317,10.386683043277893,0.5198786733587312,0.02671004200237803,"[""y@t"", ""throughput_2@t""]",2,20,400.0,138,0.029938857263335443,5.354266437757899,8.484364638065601,,
"engine=hc-aic,pool=local",persistence,2,66758,33201,0.8499743983614951,4.145360566803412,8.940786293295337,5.354266437757899,33108,0.8518787000120817,4.092742767684959,8.618797791596613,5.023529056421409,93,0.17204301075268819,22.87729705297309,123.56869289804204,123.09677419354838,4981,0.0,27.63102111592855,34.24393720648847,27.862678177072876,28220,1.0,0.0,4.47462772849679,1.3813961729270023,19603,0.7498342090496353,6.912336252232495,12.565382889758968,8.484364638065601,0.5637764253923089,0.02671004200237803,"[""y@t"", ""throughput_2@t""]",2,20,400.0,138,0.029938857263335443,5.354266437757899,8.484364638065601,,
"engine=hc-aic,pool=local",model,3,99959,33201,0.9100930694858589,0.2859525287073468,7.570574360668812,5.726815553306717,33108,0.912166243808143,0.2663045578978167,7.227715548977738,5.380335290645064,93,0.17204301075268819,7.2806301369000685,129.62831132269116,129.07378906085472,3984,0.49698795180722893,1.5754722144276134,26.773935529973183,27.756187377550944,29217,0.9664236574596982,0.11011495373696846,4.9520238284954665,2.7229131215789883,19017,0.8606509964768365,0.4182976445823883,10.036143397108532,7.99692953486281,0.6523663998604882,0.04178758299531182,"[""y@t"", ""throughput_2@t""]",2,20,400.0,176,0.0009638263907713623,5.404445649227433,8.803070936530473,,
"engine=hc-aic,pool=local",ar,3,99959,33201,0.8807264841420439,0.4152101620236462,8.60458532095995,5.924907938176801,33108,0.8827171680560589,0.3986396842253607,8.267278403133488,5.5815259174402705,93,0.17204301075268819,6.314300258213269,128.6858480671795,128.16890732038203,3984,0.011295180722891566,2.57649336844285,37.154802077166856,32.31748213838682,29217,0.999281240373755,0.12049981207758359,4.711507196692284,2.326043728516783,19017,0.7959194405006047,0.6411637119877113,12.113813805183918,8.570354382658012,0.5368343911084472,0.04178758299531182,"[""y@t"", ""throughput_2@t""]",2,20,400.0,176,0.0009638263907713623,5.404445649227433,8.803070936530473,,
"engine=hc-aic,pool=local",persistence,3,99959,33201,0.8800036143489653,3.3156226657588426,8.698165932516215,5.404445649227441,33108,0.8819922677298538,3.260674142199252,8.358654937640674,5.056421408722975,93,0.17204301075268819,22.8772970529731,129.56408010820866,129.30107526881721,3984,0.0,27.631021115928544,40.84398394812176,35.76355421686747,29217,1.0,0.0,4.314795327246251,1.2647089023513796,19017,0.7945522427301888,5.676731319342316,12.653398150782726,8.803070936530473,0.5476702659365773,0.04178758299531182,"[""y@t"", ""throughput_2@t""]",2,20,400.0,176,0.0009638263907713623,5.404445649227433,8.803070936530473,,
"engine=hc-aic,pool=local",model,4,133160,33558,0.9149830144823887,0.3504771805089647,6.339594083626523,4.873748223847346,33464,0.9169854171647143,0.3331570524928043,6.06717044817104,4.598186342664615,94,0.20212765957446807,6.516442754262063,103.32240830577862,102.97377792489945,4459,0.44068176721237945,2.168703655227259,22.24098592218546,22.39981366737825,29099,0.9876628062820029,0.07186032595145844,3.9029362531809997,2.1881327108501876,17285,0.8498698293317906,0.604843429540883,9.477778453381859,7.579648805938651,0.5986545296960977,0.05933983300201362,"[""y@t"", ""throughput_2@t""]",2,20,400.0,186,0.026878836641039395,4.437451576375231,8.05467168064796,,
"engine=hc-aic,pool=local",ar,4,133160,33558,0.867334167709637,0.47419353471077536,7.717485375344566,5.118505375471822,33464,0.8691728424575663,0.45908865377896074,7.450292960902962,4.845216536025585,94,0.2127659574468085,5.851531146436788,102.83798491655541,102.40933221833271,4459,0.002018389773491814,2.8090103091552914,30.454341535153254,23.642509962068555,29099,0.9999312691157771,0.1164167039864172,4.233391708325529,2.27997015255575,17285,0.7467746601099219,0.826318302543131,11.860660526984304,7.828933864776468,0.549607530671871,0.05933983300201362,"[""y@t"", ""throughput_2@t""]",2,20,400.0,186,0.026878836641039395,4.437451576375231,8.05467168064796,,
"engine=hc-aic,pool=local",persistence,4,133160,33558,0.8671255736337088,3.6714560806938854,7.540421038515548,4.437451576375232,33464,0.8689636624432225,3.6206678099852585,7.270699220351675,4.160441071001675,94,0.2127659574468085,21.752080452965025,103.56138830485425,103.05319148936171,4459,0.0,27.631021115928547,33.87988368484494,26.414218434626598,29099,1.0,0.0,3.5042801422654106,1.0698305783703927,17285,0.7463118310673995,7.009663152637933,12.215279465613198,8.05467168064796,0.5626144568700057,0.05933983300201362,"[""y@t"", ""throughput_2@t""]",2,20,400.0,186,0.026878836641039395,4.437451576375231,8.05467168064796,,
"engine=hc-aic,pool=local",model,5,166718,33201,0.9136772988765398,0.285856781127486,6.297997320976938,4.366882325599072,33108,0.9156095203576174,0.2687202509621336,6.014623164495663,4.07656189033519,93,0.22580645161290322,6.386461519992925,107.17919702831118,107.72095727954084,3717,0.4772666128598332,1.7184757056332471,18.062383574260913,19.309091463104867,29484,0.968694885361552,0.10524883979022127,4.8148802505843,2.4831422847596656,19062,0.8755639492183401,0.41142992250962773,8.116477529447147,5.8166558634514836,0.5519713705694175,0.06813999999576481,"[""y@t"", ""throughput_2@t""]",2,20,400.0,209,0.007379295804343242,3.5060389747296767,5.571555975238695,,
"engine=hc-aic,pool=local",ar,5,166718,33201,0.8880756603716755,0.4188306893803547,7.490666278589065,4.644157801557399,33108,0.889996375498369,0.4045165282709333,7.212334517092494,4.355604578102423,93,0.20430107526881722,5.514672044334366,106.57677337136778,107.36910535152882,3717,0.0005380683346785041,2.57538609934103,25.419625740610602,19.677613170107133,29484,0.9999660832994166,0.14695725094514134,5.2303914746162645,2.7489144965479246,19062,0.8089392508655965,0.6366688187201611,9.830079468064495,5.970080386144894,0.5252212425942933,0.06813999999576481,"[""y@t"", ""throughput_2@t""]",2,20,400.0,209,0.007379295804343242,3.5060389747296767,5.571555975238695,,
"engine=hc-aic,pool=local",persistence,5,166718,33201,0.888045540796964,3.0934160262614503,6.951378449275671,3.5060389747296843,33108,0.8899661713181104,3.040347043775755,6.66442668412336,3.207834964359075,93,0.20430107526881722,21.98597379116895,109.10620684349799,109.66666666666667,3717,0.0,27.631021115928544,27.795989945530664,21.478880817863864,29484,1.0,0.0,4.3235321281666,1.240231990231999,19062,0.8088867904731928,5.280653127968089,9.624750764470537,5.571555975238694,0.5719162200398573,0.06813999999576481,"[""y@t"", ""throughput_2@t""]",2,20,400.0,209,0.007379295804343242,3.5060389747296767,5.571555975238695,,
"engine=hc-bdeu,pool=local",model,1,33200,33558,0.882680731867215,0.4810509206854084,8.711871308165316,6.035318036648472,33464,0.8846521635190056,0.46171949160946135,8.43229520538549,5.748590709205457,94,0.18085106382978725,7.363039671722568,108.24096389778256,108.11024660636217,3874,0.11486835312338668,3.250865825156203,31.90266560098288,27.836350441357826,29684,0.9828864034496698,0.1195678678650384,5.68528671409527,3.1901085117918484,18060,0.7922480620155039,0.7992918435281995,12.868994559913205,9.020151432977997,0.46814494796234535,0.02242008400207851,"[""y@t"", ""throughput_2@t"", ""data_quality_3@t+h"", ""cores_3@t+h""]",4,20,16000.0,348,0.5561416055784015,3.7463794028249597,6.396179401993355,,
"engine=hc-bdeu,pool=local",ar,1,33200,33558,0.8819059538709101,0.4777335028605528,8.61029794053164,5.300609188820495,33464,0.8838752091800144,0.45982356174265077,8.329286451148281,5.0107707895337406,94,0.18085106382978725,6.853672540833671,108.65038816100729,108.4830793349049,3874,0.003355704697986577,3.3405799227169575,32.63938423751866,27.516653811619506,29684,0.9965638054170597,0.10410909137545254,5.474309518670445,2.4012372420234533,18060,0.7851605758582503,0.8039818816755522,13.10891175372398,8.392361032128361,0.4691937073063387,0.02242008400207851,"[""y@t"", ""throughput_2@t"", ""data_quality_3@t+h"", ""cores_3@t+h""]",4,20,16000.0,348,0.5561416055784015,3.7463794028249597,6.396179401993355,,
"engine=hc-bdeu,pool=local",persistence,1,33200,33558,0.8845580785505691,3.1897781692325884,7.394205022466637,3.746379402824963,33464,0.8865347836480995,3.135159788942765,7.10952680694479,3.451918479560127,94,0.18085106382978725,22.63392155240955,108.73964974824423,108.57446808510639,3874,0.0,27.631021115928547,29.16372546845772,23.207279297883325,29684,1.0,0.0,4.553108060878932,1.2065759331626495,18060,0.7897563676633444,5.809246244583649,10.902174354985323,6.396179401993355,0.55425458897833,0.02242008400207851,"[""y@t"", ""throughput_2@t"", ""data_quality_3@t+h"", ""cores_3@t+h""]",4,20,16000.0,348,0.5561416055784015,3.7463794028249597,6.396179401993355,,
"engine=hc-bdeu,pool=local",model,2,66758,33201,0.8972621306587151,0.3744211630590441,8.66848693575411,7.06655068393699,33108,0.8992690588377431,0.35375771598127054,8.348360410252443,6.743082716310656,93,0.1827956989247312,7.730608322746431,122.6335300143485,122.22114715891173,4981,0.49688817506524796,1.7679965809061051,26.69885474756005,27.863791189153638,28220,0.9679305457122608,0.12844670677640022,5.486018400296799,3.3957124501848948,19603,0.8415038514513085,0.5531418016720967,11.897006664968735,10.336767533909219,0.5718920681940258,0.03913391700189095,"[""y@t"", ""throughput_2@t"", ""buffer_size_3@t""]",3,20,6800.0,344,0.06228728050359929,5.354266437757899,8.484364638065601,,
"engine=hc-bdeu,pool=local",ar,2,66758,33201,0.8436191680973465,0.5434225234202867,10.096753486991439,7.181684186221462,33108,0.8455056179775281,0.5273837167019639,9.779584889827792,6.857337189192314,93,0.17204301075268819,6.253237715143258,123.0087740772498,122.64921512859874,4981,0.05641437462356957,2.75909409598661,34.326933551813134,28.85991928823819,28220,0.9825655563430191,0.15234314344321906,5.8199807406102595,3.355345098937787,19603,0.7404989032290976,0.839777662211623,14.206275315741317,10.386683043277893,0.5198786733587312,0.03913391700189095,"[""y@t"", ""throughput_2@t"", ""buffer_size_3@t""]",3,20,6800.0,344,0.06228728050359929,5.354266437757899,8.484364638065601,,
"engine=hc-bdeu,pool=local",persistence,2,66758,33201,0.8499743983614951,4.145360566803412,8.940786293295337,5.354266437757899,33108,0.8518787000120817,4.092742767684959,8.618797791596613,5.023529056421409,93,0.17204301075268819,22.87729705297309,123.56869289804204,123.09677419354838,4981,0.0,27.63102111592855,34.24393720648847,27.862678177072876,28220,1.0,0.0,4.47462772849679,1.3813961729270023,19603,0.7498342090496353,6.912336252232495,12.565382889758968,8.484364638065601,0.5637764253923089,0.03913391700189095,"[""y@t"", ""throughput_2@t"", ""buffer_size_3@t""]",3,20,6800.0,344,0.06228728050359929,5.354266437757899,8.484364638065601,,
"engine=hc-bdeu,pool=local",model,3,99959,33201,0.9236769976807927,0.2587368762969209,7.259570827884734,5.510413226813061,33108,0.9257883291047481,0.23819091333094378,6.917096581413761,5.164487176378378,93,0.17204301075268819,7.573099692184775,129.18040257155107,128.6600871815598,3984,0.5022590361445783,1.4959138282143256,25.566870596650794,26.98923326342834,29217,0.9811411164732861,0.09003670254742781,4.763206304533123,2.58158346927891,19017,0.8798443497922911,0.37677620831131425,9.553288563555247,7.684090617350385,0.6384149733120005,0.060502042004372925,"[""y@t"", ""throughput_2@t"", ""buffer_size_3@t""]",3,20,6800.0,436,0.01674648353965242,5.404445649227433,8.803070936530473,,
"engine=hc-bdeu,pool=local",ar,3,99959,33201,0.8807264841420439,0.4152101620236462,8.60458532095995,5.924907938176801,33108,0.8827171680560589,0.3986396842253607,8.267278403133488,5.5815259174402705,93,0.17204301075268819,6.314300258213269,128.6858480671795,128.16890732038203,3984,0.011295180722891566,2.57649336844285,37.154802077166856,32.31748213838682,29217,0.999281240373755,0.12049981207758359,4.711507196692284,2.326043728516783,19017,0.7959194405006047,0.6411637119877113,12.113813805183918,8.570354382658012,0.5368343911084472,0.060502042004372925,"[""y@t"", ""throughput_2@t"", ""buffer_size_3@t""]",3,20,6800.0,436,0.01674648353965242,5.404445649227433,8.803070936530473,,
"engine=hc-bdeu,pool=local",persistence,3,99959,33201,0.8800036143489653,3.3156226657588426,8.698165932516215,5.404445649227441,33108,0.8819922677298538,3.260674142199252,8.358654937640674,5.056421408722975,93,0.17204301075268819,22.8772970529731,129.56408010820866,129.30107526881721,3984,0.0,27.631021115928544,40.84398394812176,35.76355421686747,29217,1.0,0.0,4.314795327246251,1.2647089023513796,19017,0.7945522427301888,5.676731319342316,12.653398150782726,8.803070936530473,0.5476702659365773,0.060502042004372925,"[""y@t"", ""throughput_2@t"", ""buffer_size_3@t""]",3,20,6800.0,436,0.01674648353965242,5.404445649227433,8.803070936530473,,
"engine=hc-bdeu,pool=local",model,4,133160,33558,0.9195422849991061,0.30750944686148074,6.0539208499226005,4.878384063309029,33464,0.9215574946210854,0.28835737912418574,5.779338113041954,4.600969319898459,94,0.20212765957446807,7.125645561338498,103.80537517943304,103.63803271747169,4459,0.467369365328549,1.8314135689103026,21.36505098999136,21.96286028464393,29099,0.9888312313137908,0.07399322705270052,3.7077120697388617,2.260435698384725,17285,0.8571015331212034,0.5161069912872771,8.985790737306749,7.473298355652846,0.6190894215284001,0.07626208400324685,"[""y@t"", ""throughput_2@t"", ""buffer_size_3@t""]",3,20,6800.0,487,0.044013350020859404,4.437451576375231,8.05467168064796,,
"engine=hc-bdeu,pool=local",ar,4,133160,33558,0.867334167709637,0.47419353471077536,7.717485375344566,5.118505375471822,33464,0.8691728424575663,0.45908865377896074,7.450292960902962,4.845216536025585,94,0.2127659574468085,5.851531146436788,102.83798491655541,102.40933221833271,4459,0.002018389773491814,2.8090103091552914,30.454341535153254,23.642509962068555,29099,0.9999312691157771,0.1164167039864172,4.233391708325529,2.27997015255575,17285,0.7467746601099219,0.826318302543131,11.860660526984304,7.828933864776468,0.549607530671871,0.07626208400324685,"[""y@t"", ""throughput_2@t"", ""buffer_size_3@t""]",3,20,6800.0,487,0.044013350020859404,4.437451576375231,8.05467168064796,,
"engine=hc-bdeu,pool=local",persistence,4,133160,33558,0.8671255736337088,3.6714560806938854,7.540421038515548,4.437451576375232,33464,0.8689636624432225,3.6206678099852585,7.270699220351675,4.160441071001675,94,0.2127659574468085,21.752080452965025,103.56138830485425,103.05319148936171,4459,0.0,27.631021115928547,33.87988368484494,26.414218434626598,29099,1.0,0.0,3.5042801422654106,1.0698305783703927,17285,0.7463118310673995,7.009663152637933,12.215279465613198,8.05467168064796,0.5626144568700057,0.07626208400324685,"[""y@t"", ""throughput_2@t"", ""buffer_size_3@t""]",3,20,6800.0,487,0.044013350020859404,4.437451576375231,8.05467168064796,,
"engine=hc-bdeu,pool=local",model,5,166718,33201,0.9310864130598476,0.24222909577459945,5.74462251437196,4.217914656546463,33108,0.9330977407273167,0.22396691139331418,5.457839374201194,3.924177099573394,93,0.21505376344086022,6.743566735512147,107.83942041516465,108.78848493895944,3717,0.5009416195856874,1.464901907274587,17.59358463062296,19.0607162879255,29484,0.985314068647402,0.08808871996584035,4.250843102280487,2.3467067585734656,19062,0.8942398489140698,0.3442994007576196,7.406550892631097,5.658856383177783,0.5830844298799168,0.09749508400273044,"[""y@t"", ""throughput_2@t"", ""buffer_size_3@t""]",3,20,6800.0,543,0.04069154543537845,3.5060389747296767,5.571555975238695,,
"engine=hc-bdeu,pool=local",ar,5,166718,33201,0.8880756603716755,0.4188306893803547,7.490666278589065,4.644157801557399,33108,0.889996375498369,0.4045165282709333,7.212334517092494,4.355604578102423,93,0.20430107526881722,5.514672044334366,106.57677337136778,107.36910535152882,3717,0.0005380683346785041,2.57538609934103,25.419625740610602,19.677613170107133,29484,0.9999660832994166,0.14695725094514134,5.2303914746162645,2.7489144965479246,19062,0.8089392508655965,0.6366688187201611,9.830079468064495,5.970080386144894,0.5252212425942933,0.09749508400273044,"[""y@t"", ""throughput_2@t"", ""buffer_size_3@t""]",3,20,6800.0,543,0.04069154543537845,3.5060389747296767,5.571555975238695,,
"engine=hc-bdeu,pool=local",persistence,5,166718,33201,0.888045540796964,3.0934160262614503,6.951378449275671,3.5060389747296843,33108,0.8899661713181104,3.040347043775755,6.66442668412336,3.207834964359075,93,0.20430107526881722,21.98597379116895,109.10620684349799,109.66666666666667,3717,0.0,27.631021115928544,27.795989945530664,21.478880817863864,29484,1.0,0.0,4.3235321281666,1.240231990231999,19062,0.8088867904731928,5.280653127968089,9.624750764470537,5.571555975238694,0.5719162200398573,0.09749508400273044,"[""y@t"", ""throughput_2@t"", ""buffer_size_3@t""]",3,20,6800.0,543,0.04069154543537845,3.5060389747296767,5.571555975238695,,
"engine=dynotears,pool=local",model,1,33200,33558,0.8819059538709101,0.4777335028605528,8.61029794053164,5.300609188820495,33464,0.8838752091800144,0.45982356174265077,8.329286451148281,5.0107707895337406,94,0.18085106382978725,6.853672540833671,108.65038816100729,108.4830793349049,3874,0.003355704697986577,3.3405799227169575,32.63938423751866,27.516653811619506,29684,0.9965638054170597,0.10410909137545254,5.474309518670445,2.4012372420234533,18060,0.7851605758582503,0.8039818816755522,13.10891175372398,8.392361032128361,0.4691937073063387,0.14320820799912326,"[""y@t""]",1,20,20.0,17,0.0020561416055784017,3.7463794028249597,6.396179401993355,{},"{""throughput_2"": 0.0439}"
"engine=dynotears,pool=local",ar,1,33200,33558,0.8819059538709101,0.4777335028605528,8.61029794053164,5.300609188820495,33464,0.8838752091800144,0.45982356174265077,8.329286451148281,5.0107707895337406,94,0.18085106382978725,6.853672540833671,108.65038816100729,108.4830793349049,3874,0.003355704697986577,3.3405799227169575,32.63938423751866,27.516653811619506,29684,0.9965638054170597,0.10410909137545254,5.474309518670445,2.4012372420234533,18060,0.7851605758582503,0.8039818816755522,13.10891175372398,8.392361032128361,0.4691937073063387,0.14320820799912326,"[""y@t""]",1,20,20.0,17,0.0020561416055784017,3.7463794028249597,6.396179401993355,{},"{""throughput_2"": 0.0439}"
"engine=dynotears,pool=local",persistence,1,33200,33558,0.8845580785505691,3.1897781692325884,7.394205022466637,3.746379402824963,33464,0.8865347836480995,3.135159788942765,7.10952680694479,3.451918479560127,94,0.18085106382978725,22.63392155240955,108.73964974824423,108.57446808510639,3874,0.0,27.631021115928547,29.16372546845772,23.207279297883325,29684,1.0,0.0,4.553108060878932,1.2065759331626495,18060,0.7897563676633444,5.809246244583649,10.902174354985323,6.396179401993355,0.55425458897833,0.14320820799912326,"[""y@t""]",1,20,20.0,17,0.0020561416055784017,3.7463794028249597,6.396179401993355,{},"{""throughput_2"": 0.0439}"
"engine=dynotears,pool=local",model,2,66758,33201,0.8436191680973465,0.5434225234202867,10.096753486991439,7.181684186221462,33108,0.8455056179775281,0.5273837167019639,9.779584889827792,6.857337189192314,93,0.17204301075268819,6.253237715143258,123.0087740772498,122.64921512859874,4981,0.05641437462356957,2.75909409598661,34.326933551813134,28.85991928823819,28220,0.9825655563430191,0.15234314344321906,5.8199807406102595,3.355345098937787,19603,0.7404989032290976,0.839777662211623,14.206275315741317,10.386683043277893,0.5198786733587312,0.017272625002078712,"[""y@t""]",1,20,20.0,18,0.00048191319538568115,5.354266437757899,8.484364638065601,{},"{""throughput_2"": 0.0536}"
"engine=dynotears,pool=local",ar,2,66758,33201,0.8436191680973465,0.5434225234202867,10.096753486991439,7.181684186221462,33108,0.8455056179775281,0.5273837167019639,9.779584889827792,6.857337189192314,93,0.17204301075268819,6.253237715143258,123.0087740772498,122.64921512859874,4981,0.05641437462356957,2.75909409598661,34.326933551813134,28.85991928823819,28220,0.9825655563430191,0.15234314344321906,5.8199807406102595,3.355345098937787,19603,0.7404989032290976,0.839777662211623,14.206275315741317,10.386683043277893,0.5198786733587312,0.017272625002078712,"[""y@t""]",1,20,20.0,18,0.00048191319538568115,5.354266437757899,8.484364638065601,{},"{""throughput_2"": 0.0536}"
"engine=dynotears,pool=local",persistence,2,66758,33201,0.8499743983614951,4.145360566803412,8.940786293295337,5.354266437757899,33108,0.8518787000120817,4.092742767684959,8.618797791596613,5.023529056421409,93,0.17204301075268819,22.87729705297309,123.56869289804204,123.09677419354838,4981,0.0,27.63102111592855,34.24393720648847,27.862678177072876,28220,1.0,0.0,4.47462772849679,1.3813961729270023,19603,0.7498342090496353,6.912336252232495,12.565382889758968,8.484364638065601,0.5637764253923089,0.017272625002078712,"[""y@t""]",1,20,20.0,18,0.00048191319538568115,5.354266437757899,8.484364638065601,{},"{""throughput_2"": 0.0536}"
"engine=dynotears,pool=local",model,3,99959,33201,0.9138881358995211,0.2990990677668607,7.657092252321439,5.772902212657405,33108,0.9159719705207201,0.27825195269968417,7.315356464415425,5.427520850654508,93,0.17204301075268819,7.7206720316817155,129.31503274686239,128.72866708568856,3984,0.4352409638554217,1.7060037377985453,26.952454661394086,27.670603753019215,29217,0.9791559708388952,0.10725499734874001,5.025996525937984,2.78695420510011,19017,0.8625966240731977,0.4388248662198007,10.125941780103865,7.959673062428719,0.5755835566168506,0.021261207999486942,"[""y@t"", ""throughput_2@t"", ""avg_p_latency_3@t""]",3,20,5200.0,491,0.017800668654558597,5.404445649227433,8.803070936530473,"{""throughput_2@t"": 0.0549, ""avg_p_latency_3@t"": 0.0038}","{""throughput_2"": 0.0065}"
"engine=dynotears,pool=local",ar,3,99959,33201,0.8807264841420439,0.4152101620236462,8.60458532095995,5.924907938176801,33108,0.8827171680560589,0.3986396842253607,8.267278403133488,5.5815259174402705,93,0.17204301075268819,6.314300258213269,128.6858480671795,128.16890732038203,3984,0.011295180722891566,2.57649336844285,37.154802077166856,32.31748213838682,29217,0.999281240373755,0.12049981207758359,4.711507196692284,2.326043728516783,19017,0.7959194405006047,0.6411637119877113,12.113813805183918,8.570354382658012,0.5368343911084472,0.021261207999486942,"[""y@t"", ""throughput_2@t"", ""avg_p_latency_3@t""]",3,20,5200.0,491,0.017800668654558597,5.404445649227433,8.803070936530473,"{""throughput_2@t"": 0.0549, ""avg_p_latency_3@t"": 0.0038}","{""throughput_2"": 0.0065}"
"engine=dynotears,pool=local",persistence,3,99959,33201,0.8800036143489653,3.3156226657588426,8.698165932516215,5.404445649227441,33108,0.8819922677298538,3.260674142199252,8.358654937640674,5.056421408722975,93,0.17204301075268819,22.8772970529731,129.56408010820866,129.30107526881721,3984,0.0,27.631021115928544,40.84398394812176,35.76355421686747,29217,1.0,0.0,4.314795327246251,1.2647089023513796,19017,0.7945522427301888,5.676731319342316,12.653398150782726,8.803070936530473,0.5476702659365773,0.021261207999486942,"[""y@t"", ""throughput_2@t"", ""avg_p_latency_3@t""]",3,20,5200.0,491,0.017800668654558597,5.404445649227433,8.803070936530473,"{""throughput_2@t"": 0.0549, ""avg_p_latency_3@t"": 0.0038}","{""throughput_2"": 0.0065}"
"engine=dynotears,pool=local",model,4,133160,33558,0.9012158054711246,0.3589437351766335,6.413892650129775,4.891159632601047,33464,0.9032094190772173,0.3396894865308428,6.142548899383027,4.616520944341929,94,0.19148936170212766,7.213456253078124,103.01226791597192,102.66253265284703,4459,0.43081408387530834,2.134026019150197,22.28986095131043,22.021951528421024,29099,0.9732980514794323,0.08693810253502655,3.98113060830825,2.2661140618439317,17285,0.8280011570726064,0.6097218620658869,9.559357075558527,7.637824287421826,0.5564894847947417,0.027954750003118534,"[""y@t"", ""throughput_2@t"", ""avg_p_latency_3@t""]",3,20,4800.0,502,0.05289349782466178,4.437451576375231,8.05467168064796,"{""throughput_2@t"": 0.0191, ""avg_p_latency_3@t"": 0.0064}","{""throughput_2"": 0.0694}"
"engine=dynotears,pool=local",ar,4,133160,33558,0.867334167709637,0.47419353471077536,7.717485375344566,5.118505375471822,33464,0.8691728424575663,0.45908865377896074,7.450292960902962,4.845216536025585,94,0.2127659574468085,5.851531146436788,102.83798491655541,102.40933221833271,4459,0.002018389773491814,2.8090103091552914,30.454341535153254,23.642509962068555,29099,0.9999312691157771,0.1164167039864172,4.233391708325529,2.27997015255575,17285,0.7467746601099219,0.826318302543131,11.860660526984304,7.828933864776468,0.549607530671871,0.027954750003118534,"[""y@t"", ""throughput_2@t"", ""avg_p_latency_3@t""]",3,20,4800.0,502,0.05289349782466178,4.437451576375231,8.05467168064796,"{""throughput_2@t"": 0.0191, ""avg_p_latency_3@t"": 0.0064}","{""throughput_2"": 0.0694}"
"engine=dynotears,pool=local",persistence,4,133160,33558,0.8671255736337088,3.6714560806938854,7.540421038515548,4.437451576375232,33464,0.8689636624432225,3.6206678099852585,7.270699220351675,4.160441071001675,94,0.2127659574468085,21.752080452965025,103.56138830485425,103.05319148936171,4459,0.0,27.631021115928547,33.87988368484494,26.414218434626598,29099,1.0,0.0,3.5042801422654106,1.0698305783703927,17285,0.7463118310673995,7.009663152637933,12.215279465613198,8.05467168064796,0.5626144568700057,0.027954750003118534,"[""y@t"", ""throughput_2@t"", ""avg_p_latency_3@t""]",3,20,4800.0,502,0.05289349782466178,4.437451576375231,8.05467168064796,"{""throughput_2@t"": 0.0191, ""avg_p_latency_3@t"": 0.0064}","{""throughput_2"": 0.0694}"
"engine=dynotears,pool=local",model,5,166718,33201,0.9248215415198338,0.277466057377736,6.217829883013416,4.111925078101128,33108,0.9267850670532801,0.25943572846995894,5.931569379615792,3.8182521488685337,93,0.22580645161290322,6.6962631485463495,108.12656909256809,108.65948788490464,3717,0.46462200699488837,1.7463620505229451,18.461499702814553,18.992462454001515,29484,0.9828381495048162,0.09228472490857503,4.674290311713701,2.2359598960965923,19062,0.8863183296611059,0.40260353685848943,7.960364689372102,5.507858117136893,0.5545022041939504,0.024999000001116656,"[""y@t"", ""throughput_2@t"", ""avg_p_latency_3@t""]",3,20,4400.0,561,0.05204662510165357,3.5060389747296767,5.571555975238695,"{""throughput_2@t"": 0.0868, ""avg_p_latency_3@t"": 0.0072}","{""throughput_2"": 0.0016}"
"engine=dynotears,pool=local",ar,5,166718,33201,0.8880756603716755,0.4188306893803547,7.490666278589065,4.644157801557399,33108,0.889996375498369,0.4045165282709333,7.212334517092494,4.355604578102423,93,0.20430107526881722,5.514672044334366,106.57677337136778,107.36910535152882,3717,0.0005380683346785041,2.57538609934103,25.419625740610602,19.677613170107133,29484,0.9999660832994166,0.14695725094514134,5.2303914746162645,2.7489144965479246,19062,0.8089392508655965,0.6366688187201611,9.830079468064495,5.970080386144894,0.5252212425942933,0.024999000001116656,"[""y@t"", ""throughput_2@t"", ""avg_p_latency_3@t""]",3,20,4400.0,561,0.05204662510165357,3.5060389747296767,5.571555975238695,"{""throughput_2@t"": 0.0868, ""avg_p_latency_3@t"": 0.0072}","{""throughput_2"": 0.0016}"
"engine=dynotears,pool=local",persistence,5,166718,33201,0.888045540796964,3.0934160262614503,6.951378449275671,3.5060389747296843,33108,0.8899661713181104,3.040347043775755,6.66442668412336,3.207834964359075,93,0.20430107526881722,21.98597379116895,109.10620684349799,109.66666666666667,3717,0.0,27.631021115928544,27.795989945530664,21.478880817863864,29484,1.0,0.0,4.3235321281666,1.240231990231999,19062,0.8088867904731928,5.280653127968089,9.624750764470537,5.571555975238694,0.5719162200398573,0.024999000001116656,"[""y@t"", ""throughput_2@t"", ""avg_p_latency_3@t""]",3,20,4400.0,561,0.05204662510165357,3.5060389747296767,5.571555975238695,"{""throughput_2@t"": 0.0868, ""avg_p_latency_3@t"": 0.0072}","{""throughput_2"": 0.0016}"
