config,model,fold,n_train,n_all,acc_all,logloss_all,mae_all,maeh_all,n_within,acc_within,logloss_within,mae_within,maeh_within,n_xrun,acc_xrun,logloss_xrun,mae_xrun,maeh_xrun,n_change,acc_change,logloss_change,mae_change,maeh_change,n_stay,acc_stay,logloss_stay,mae_stay,maeh_stay,n_event,acc_event,logloss_event,mae_event,maeh_event,f1_all,search_sec,parents,n_parents,n_y,cpt_configs_possible,cpt_configs_seen,test_unseen_config_frac,mae_persistence_continuous,mae_persistence_continuous_event,dynotears_weights,dynotears_unobservable_same_slice_parents
ref,model,1,33200,33558,0.9085165981286132,0.39575763023917226,10.233411924028845,6.419884451063274,33464,0.9105606024384413,0.3723690898592801,9.915623004262898,6.090671937126979,94,0.18085106382978725,8.722078005480805,123.36626736070595,123.61953941238411,3694,0.2636708175419599,3.061669583227182,38.34665146073229,37.17952993961792,29864,0.9882802035896062,0.06600010431037147,6.75597062853653,2.615098406503909,18713,0.8454550312616897,0.6293357693205213,12.681177460757988,9.536700534606785,0.7514409891081286,0.06212559901177883,"[""y@t"", ""throughput_2@t"", ""buffer_size_3@t""]",3,20,8000.0,358,0.17074915072411945,5.184546158889088,8.675573130978464,,
ref,ar,1,33200,33558,0.8856606472376185,0.5576372039854111,11.487186815944714,7.077786139463065,33464,0.8877002151565861,0.5402474176521279,11.172550032185619,6.7507304392704155,94,0.1595744680851064,6.748401138634215,123.49788183418326,123.50961540804602,3694,0.004872766648619383,4.0583061636338496,42.90464030387504,37.64494866652446,29864,0.9946088936512189,0.1246251782373086,7.601033816198711,3.2968090977082847,18713,0.7998717469139102,0.8748493576805083,14.154713683099247,9.718863562364737,0.7218339023363998,0.06212559901177883,"[""y@t"", ""throughput_2@t"", ""buffer_size_3@t""]",3,20,8000.0,358,0.17074915072411945,5.184546158889088,8.675573130978464,,
ref,persistence,1,33200,33558,0.8899219262172954,3.0415695810906507,10.024628822031769,5.1845461588890895,33464,0.8919734640210375,2.984883496715327,9.70548658753815,4.851362658379156,94,0.1595744680851064,23.221815618705897,123.63926430175924,123.79787234042553,3694,0.0,27.63102111592855,42.1496400137932,36.3264753654575,29864,1.0,0.0,6.050955123184769,1.3324738815965729,18713,0.8068187890771121,5.337794118210961,12.858127756401132,8.675573130978464,0.7735241456423483,0.06212559901177883,"[""y@t"", ""throughput_2@t"", ""buffer_size_3@t""]",3,20,8000.0,358,0.17074915072411945,5.184546158889088,8.675573130978464,,
ref,model,2,66758,33201,0.8913285744405289,0.3818912158342395,9.634083539988309,6.4046080037080575,33108,0.8933792436873264,0.3649860286454072,9.293742664826798,6.058551534440881,93,0.16129032258064516,6.400137855058539,130.7954350974862,129.60071106282274,4367,0.4023356995649187,2.150226297624188,27.713701516706635,28.225382377438308,28834,0.9653880835125199,0.11407130523644858,6.895868526312477,3.099783085553101,19738,0.843347856925727,0.5407929544328899,10.51592322396798,8.554935018689214,0.7677659733123258,0.12316559068858624,"[""y@t"", ""throughput_2@t"", ""data_quality_1@t+h"", ""data_quality_1@t""]",4,20,40000.0,693,0.11153278515707359,4.902623414957381,7.62306211368933,,
ref,ar,2,66758,33201,0.8701545134182705,0.5050236978555155,10.454689521086923,6.380662534734873,33108,0.8721759091458258,0.48812108193588344,10.111391585326679,6.028314798432174,93,0.15053763440860216,6.522354965244533,132.66875465173356,131.81645665849618,4367,0.034119532860087017,3.038713986816946,33.02808938132045,27.472451613798878,28834,0.9967746410487619,0.12128833363637949,7.035877105548329,3.186244732547439,19738,0.7858952274799879,0.7343481992221773,11.827036475823242,8.090460684569663,0.7505324110641358,0.12316559068858624,"[""y@t"", ""throughput_2@t"", ""data_quality_1@t+h"", ""data_quality_1@t""]",4,20,40000.0,693,0.11153278515707359,4.902623414957381,7.62306211368933,,
ref,persistence,2,66758,33201,0.8684678172344207,3.6343685194198962,9.960226829045615,4.902623414957387,33108,0.8704844750513471,3.578646204696799,9.612924391597936,4.54464177842214,93,0.15053763440860216,23.471512560842527,133.59989456041953,132.34408602150538,4367,0.0,27.631021115928547,34.401296563651044,27.813144034806502,28834,1.0,0.0,6.258549936105965,1.4327529999306452,19738,0.782754078427399,6.002726646321897,11.758325629862272,7.62306211368933,0.7626047187682191,0.12316559068858624,"[""y@t"", ""throughput_2@t"", ""data_quality_1@t+h"", ""data_quality_1@t""]",4,20,40000.0,693,0.11153278515707359,4.902623414957381,7.62306211368933,,
ref,model,3,99959,33201,0.9171109303936629,0.3113957843450654,9.096733855111944,5.9962940874304245,33108,0.9191736136281261,0.2925408095687903,8.703272563016913,5.594599876797288,93,0.1827956989247312,7.023766804699024,149.16895384094326,148.99943307282695,3573,0.3322138259165967,2.2318872687388818,30.81790247107014,30.952144385150987,29628,0.9876468205751316,0.07979337872406142,6.477261212178956,2.9867337690236617,18433,0.8656756903379808,0.4613946801525149,9.882615302741023,7.735980709709122,0.782199401975358,0.3506538160145283,"[""y@t"", ""throughput_2@t"", ""buffer_size_3@t"", ""data_quality_1@t+h""]",4,20,80000.0,1453,0.15481461401765007,4.688894912803831,7.6735745673520315,,
ref,ar,3,99959,33201,0.8925634770037048,0.4319739097995062,9.609222363733878,5.773449984125006,33108,0.8945270025371511,0.41501823570537455,9.207312154040748,5.36200070706736,93,0.1935483870967742,6.468193887310355,152.68925701448777,152.24939261664642,3573,0.011474951021550517,3.047328471810701,36.64845547219517,31.069313193702868,29628,0.9988186850276766,0.11657422537713544,6.348415697859292,2.7228856784742113,18433,0.8107199045190691,0.6504801301619253,11.002593193631258,7.465522463291521,0.7581009007981645,0.3506538160145283,"[""y@t"", ""throughput_2@t"", ""buffer_size_3@t"", ""data_quality_1@t+h""]",4,20,80000.0,1453,0.15481461401765007,4.688894912803831,7.6735745673520315,,
ref,persistence,3,99959,33201,0.8923827595554351,2.973574243161733,9.329639287342522,4.688894912803838,33108,0.8943457774555998,2.919334054111334,8.924678899107837,4.272290685030815,93,0.1935483870967742,22.283081545103663,153.4955374988903,153.0,3573,0.0,27.631021115928547,39.205393036369564,33.52504897844948,29628,1.0,0.0,5.726761329151836,1.2113878763332064,18433,0.8102316497585852,5.243493292655458,11.48355310837272,7.6735745673520315,0.7693282577853836,0.3506538160145283,"[""y@t"", ""throughput_2@t"", ""buffer_size_3@t"", ""data_quality_1@t+h""]",4,20,80000.0,1453,0.15481461401765007,4.688894912803831,7.6735745673520315,,
ref,model,4,133160,33558,0.9317301388640563,0.25259871906761994,7.089542615810357,4.638847923778281,33464,0.9336002868754483,0.23619321835582108,6.804426621339433,4.345142278535253,94,0.26595744680851063,6.092956972468037,108.59083664745958,109.19805763029665,3738,0.45987158908507225,1.7335051889446331,21.04943671174177,23.182020970086874,29820,0.990878604963112,0.0669639643928958,5.33964039815135,2.314422006705796,17046,0.8783878915874692,0.40914114418016617,7.540475616413845,6.839590440583936,0.765417696511885,0.44060257636010647,"[""y@t"", ""throughput_2@t"", ""buffer_size_3@t"", ""data_quality_2@t+h""]",4,20,80000.0,1632,0.09458251385660647,3.4797365754812564,6.237240408306934,,
ref,ar,4,133160,33558,0.8886107634543179,0.45696023717246426,8.508271460689382,4.690388717980491,33464,0.8904195553430552,0.4427906971390249,8.22224218945182,4.3933392386895775,94,0.24468085106382978,5.501316489076857,110.33469202126078,110.44000334554535,3738,0.0,3.141641454115752,27.84610834711612,21.224180173606694,29820,1.0,0.12042977476689717,6.084232752390816,2.617843028472418,17046,0.78487621729438,0.7524249355876457,9.567198350087114,6.157485842814768,0.7394748373264483,0.44060257636010647,"[""y@t"", ""throughput_2@t"", ""buffer_size_3@t"", ""data_quality_2@t+h""]",4,20,80000.0,1632,0.09458251385660647,3.4797365754812564,6.237240408306934,,
ref,persistence,4,133160,33558,0.8886107634543179,3.077798347080902,8.178235962801633,3.4797365754812626,33464,0.8904195553430552,3.0278195802088805,7.888623211158364,3.177145589289989,94,0.24468085106382978,20.870239353520496,111.28037554780612,111.20212765957447,3738,0.0,27.631021115928547,29.672995689107662,22.419208132691278,29820,1.0,0.0,5.483822419644963,1.1056338028169082,17046,0.78487621729438,5.944089782477413,9.79507236652644,6.237240408306934,0.7394748373264483,0.44060257636010647,"[""y@t"", ""throughput_2@t"", ""buffer_size_3@t"", ""data_quality_2@t+h""]",4,20,80000.0,1632,0.09458251385660647,3.4797365754812564,6.237240408306934,,
ref,model,5,166718,33201,0.9285262492093611,0.27918718684488125,8.294749460686155,5.536755157405999,33108,0.9305001812250816,0.2585175062190892,7.980061240706962,5.21494885190925,93,0.22580645161290322,7.637593489626875,120.32375577327872,120.09979991424863,3337,0.42103685945459995,2.1274606637227684,31.686902917678776,32.877342360565656,29864,0.9852330565229038,0.07266131648787923,5.680912865254049,2.48172101941565,18670,0.8881092662024639,0.4090544730661516,9.44266588573603,7.855973021526849,0.7060795696935301,0.5474500507116318,"[""y@t"", ""throughput_2@t"", ""buffer_size_3@t""]",3,20,8000.0,917,0.05078160296376615,4.876780819854823,8.07123727905731,,
ref,ar,5,166718,33201,0.8995210987620855,0.43980100166609887,10.265829303389747,6.4406367979635535,33108,0.9014135556361,0.4246930884468797,9.959790895435876,6.1244522121795875,93,0.22580645161290322,5.81821810770813,119.21550253496788,119.00234933705568,3337,0.00029967036260113877,3.2669967260021817,41.18023455812651,35.44465731633126,29864,1.0,0.12389046951670465,6.811457138406607,3.1997308084848153,18670,0.8251740760578468,0.6621837791390752,12.095901398735837,8.611769401247129,0.689302047179812,0.5474500507116318,"[""y@t"", ""throughput_2@t"", ""buffer_size_3@t""]",3,20,8000.0,917,0.05078160296376615,4.876780819854823,8.07123727905731,,
ref,persistence,5,166718,33201,0.8994909791873739,2.7771668764149746,9.591855277699558,4.876780819854831,33108,0.9013833514558415,2.7248786983057482,9.278621368473416,4.551467923160573,93,0.22580645161290322,21.391758283299517,121.10312696220682,120.68817204301075,3337,0.0,27.631021115928547,43.39065382393359,37.13964638897213,29864,1.0,0.0,5.815181330847731,1.271731851058139,18670,0.825120514193894,4.832098765051243,11.866004617462789,8.07123727905731,0.6895036600830379,0.5474500507116318,"[""y@t"", ""throughput_2@t"", ""buffer_size_3@t""]",3,20,8000.0,917,0.05078160296376615,4.876780819854823,8.07123727905731,,
pool=local,model,1,33200,33558,0.9085165981286132,0.39575763023917226,10.233411924028845,6.419884451063274,33464,0.9105606024384413,0.3723690898592801,9.915623004262898,6.090671937126979,94,0.18085106382978725,8.722078005480805,123.36626736070595,123.61953941238411,3694,0.2636708175419599,3.061669583227182,38.34665146073229,37.17952993961792,29864,0.9882802035896062,0.06600010431037147,6.75597062853653,2.615098406503909,18713,0.8454550312616897,0.6293357693205213,12.681177460757988,9.536700534606785,0.7514409891081286,0.026530122384428978,"[""y@t"", ""throughput_2@t"", ""buffer_size_3@t""]",3,20,8000.0,358,0.17074915072411945,5.184546158889088,8.675573130978464,,
pool=local,ar,1,33200,33558,0.8856606472376185,0.5576372039854111,11.487186815944714,7.077786139463065,33464,0.8877002151565861,0.5402474176521279,11.172550032185619,6.7507304392704155,94,0.1595744680851064,6.748401138634215,123.49788183418326,123.50961540804602,3694,0.004872766648619383,4.0583061636338496,42.90464030387504,37.64494866652446,29864,0.9946088936512189,0.1246251782373086,7.601033816198711,3.2968090977082847,18713,0.7998717469139102,0.8748493576805083,14.154713683099247,9.718863562364737,0.7218339023363998,0.026530122384428978,"[""y@t"", ""throughput_2@t"", ""buffer_size_3@t""]",3,20,8000.0,358,0.17074915072411945,5.184546158889088,8.675573130978464,,
pool=local,persistence,1,33200,33558,0.8899219262172954,3.0415695810906507,10.024628822031769,5.1845461588890895,33464,0.8919734640210375,2.984883496715327,9.70548658753815,4.851362658379156,94,0.1595744680851064,23.221815618705897,123.63926430175924,123.79787234042553,3694,0.0,27.63102111592855,42.1496400137932,36.3264753654575,29864,1.0,0.0,6.050955123184769,1.3324738815965729,18713,0.8068187890771121,5.337794118210961,12.858127756401132,8.675573130978464,0.7735241456423483,0.026530122384428978,"[""y@t"", ""throughput_2@t"", ""buffer_size_3@t""]",3,20,8000.0,358,0.17074915072411945,5.184546158889088,8.675573130978464,,
pool=local,model,2,66758,33201,0.9082557754284509,0.357238404181894,8.98137800321367,6.073852837891621,33108,0.9103539929926302,0.3346645806803684,8.62919711892833,5.71777552298441,93,0.16129032258064516,8.393519570724989,134.35777280879486,132.83737694485862,4367,0.45202656285779713,2.135920456424295,26.196784856651615,27.408623001886305,28834,0.977353124783242,0.08785141236173151,6.374050482614257,2.842634786072075,19738,0.866146519404195,0.5049000509487213,9.837478022338919,8.13198136741715,0.7902166027924282,0.04223225638270378,"[""y@t"", ""throughput_2@t"", ""buffer_size_3@t""]",3,20,8000.0,618,0.06840155417005511,4.902623414957381,7.62306211368933,,
pool=local,ar,2,66758,33201,0.8701545134182705,0.5050236978555155,10.454689521086923,6.380662534734873,33108,0.8721759091458258,0.48812108193588344,10.111391585326679,6.028314798432174,93,0.15053763440860216,6.522354965244533,132.66875465173356,131.81645665849618,4367,0.034119532860087017,3.038713986816946,33.02808938132045,27.472451613798878,28834,0.9967746410487619,0.12128833363637949,7.035877105548329,3.186244732547439,19738,0.7858952274799879,0.7343481992221773,11.827036475823242,8.090460684569663,0.7505324110641358,0.04223225638270378,"[""y@t"", ""throughput_2@t"", ""buffer_size_3@t""]",3,20,8000.0,618,0.06840155417005511,4.902623414957381,7.62306211368933,,
pool=local,persistence,2,66758,33201,0.8684678172344207,3.6343685194198962,9.960226829045615,4.902623414957387,33108,0.8704844750513471,3.578646204696799,9.612924391597936,4.54464177842214,93,0.15053763440860216,23.471512560842527,133.59989456041953,132.34408602150538,4367,0.0,27.631021115928547,34.401296563651044,27.813144034806502,28834,1.0,0.0,6.258549936105965,1.4327529999306452,19738,0.782754078427399,6.002726646321897,11.758325629862272,7.62306211368933,0.7626047187682191,0.04223225638270378,"[""y@t"", ""throughput_2@t"", ""buffer_size_3@t""]",3,20,8000.0,618,0.06840155417005511,4.902623414957381,7.62306211368933,,
pool=local,model,3,99959,33201,0.9264781181289721,0.283299039399983,8.630433300922911,5.615043920094037,33108,0.9285671136885345,0.2610123388319934,8.226471850750427,5.203313721620586,93,0.1827956989247312,8.217364441604278,152.44070956232684,152.19099457664288,3573,0.4819479429051218,2.0493840835077224,28.740957012238187,29.562969031745293,29628,0.9800864047522614,0.0703173375437337,6.205196996733309,2.7270347252806877,18433,0.8858026365757066,0.42037014679684664,9.423523392820039,7.50488855556075,0.8191521798449972,0.10196144878864288,"[""y@t"", ""throughput_2@t"", ""buffer_size_3@t""]",3,20,8000.0,773,0.04647450378000663,4.688894912803831,7.6735745673520315,,
pool=local,ar,3,99959,33201,0.8925634770037048,0.4319739097995062,9.609222363733878,5.773449984125006,33108,0.8945270025371511,0.41501823570537455,9.207312154040748,5.36200070706736,93,0.1935483870967742,6.468193887310355,152.68925701448777,152.24939261664642,3573,0.011474951021550517,3.047328471810701,36.64845547219517,31.069313193702868,29628,0.9988186850276766,0.11657422537713544,6.348415697859292,2.7228856784742113,18433,0.8107199045190691,0.6504801301619253,11.002593193631258,7.465522463291521,0.7581009007981645,0.10196144878864288,"[""y@t"", ""throughput_2@t"", ""buffer_size_3@t""]",3,20,8000.0,773,0.04647450378000663,4.688894912803831,7.6735745673520315,,
pool=local,persistence,3,99959,33201,0.8923827595554351,2.973574243161733,9.329639287342522,4.688894912803838,33108,0.8943457774555998,2.919334054111334,8.924678899107837,4.272290685030815,93,0.1935483870967742,22.283081545103663,153.4955374988903,153.0,3573,0.0,27.631021115928547,39.205393036369564,33.52504897844948,29628,1.0,0.0,5.726761329151836,1.2113878763332064,18433,0.8102316497585852,5.243493292655458,11.48355310837272,7.6735745673520315,0.7693282577853836,0.10196144878864288,"[""y@t"", ""throughput_2@t"", ""buffer_size_3@t""]",3,20,8000.0,773,0.04647450378000663,4.688894912803831,7.6735745673520315,,
pool=local,model,4,133160,33558,0.9356338279992849,0.2430800786816313,6.855214877988624,4.349318402561803,33464,0.937514941429596,0.22396389907605174,6.564595926188359,4.051528854376881,94,0.26595744680851063,7.048440018267952,110.31556171888289,110.36239755639421,3738,0.49625468164794007,1.712335383630113,19.731741585138426,22.22791516212655,29820,0.990710932260228,0.05890582214583572,5.241115051317734,2.108198527067066,17046,0.8867769564707263,0.3890479449933268,7.301085186377792,6.545581890227474,0.763051338048726,0.13622717186808586,"[""y@t"", ""throughput_2@t"", ""buffer_size_3@t""]",3,20,8000.0,849,0.053489480898742475,3.4797365754812564,6.237240408306934,,
pool=local,ar,4,133160,33558,0.8886107634543179,0.45696023717246426,8.508271460689382,4.690388717980491,33464,0.8904195553430552,0.4427906971390249,8.22224218945182,4.3933392386895775,94,0.24468085106382978,5.501316489076857,110.33469202126078,110.44000334554535,3738,0.0,3.141641454115752,27.84610834711612,21.224180173606694,29820,1.0,0.12042977476689717,6.084232752390816,2.617843028472418,17046,0.78487621729438,0.7524249355876457,9.567198350087114,6.157485842814768,0.7394748373264483,0.13622717186808586,"[""y@t"", ""throughput_2@t"", ""buffer_size_3@t""]",3,20,8000.0,849,0.053489480898742475,3.4797365754812564,6.237240408306934,,
pool=local,persistence,4,133160,33558,0.8886107634543179,3.077798347080902,8.178235962801633,3.4797365754812626,33464,0.8904195553430552,3.0278195802088805,7.888623211158364,3.177145589289989,94,0.24468085106382978,20.870239353520496,111.28037554780612,111.20212765957447,3738,0.0,27.631021115928547,29.672995689107662,22.419208132691278,29820,1.0,0.0,5.483822419644963,1.1056338028169082,17046,0.78487621729438,5.944089782477413,9.79507236652644,6.237240408306934,0.7394748373264483,0.13622717186808586,"[""y@t"", ""throughput_2@t"", ""buffer_size_3@t""]",3,20,8000.0,849,0.053489480898742475,3.4797365754812564,6.237240408306934,,
pool=local,model,5,166718,33201,0.9285262492093611,0.27918718684488125,8.294749460686155,5.536755157405999,33108,0.9305001812250816,0.2585175062190892,7.980061240706962,5.21494885190925,93,0.22580645161290322,7.637593489626875,120.32375577327872,120.09979991424863,3337,0.42103685945459995,2.1274606637227684,31.686902917678776,32.877342360565656,29864,0.9852330565229038,0.07266131648787923,5.680912865254049,2.48172101941565,18670,0.8881092662024639,0.4090544730661516,9.44266588573603,7.855973021526849,0.7060795696935301,0.17164876498281956,"[""y@t"", ""throughput_2@t"", ""buffer_size_3@t""]",3,20,8000.0,917,0.05078160296376615,4.876780819854823,8.07123727905731,,
pool=local,ar,5,166718,33201,0.8995210987620855,0.43980100166609887,10.265829303389747,6.4406367979635535,33108,0.9014135556361,0.4246930884468797,9.959790895435876,6.1244522121795875,93,0.22580645161290322,5.81821810770813,119.21550253496788,119.00234933705568,3337,0.00029967036260113877,3.2669967260021817,41.18023455812651,35.44465731633126,29864,1.0,0.12389046951670465,6.811457138406607,3.1997308084848153,18670,0.8251740760578468,0.6621837791390752,12.095901398735837,8.611769401247129,0.689302047179812,0.17164876498281956,"[""y@t"", ""throughput_2@t"", ""buffer_size_3@t""]",3,20,8000.0,917,0.05078160296376615,4.876780819854823,8.07123727905731,,
pool=local,persistence,5,166718,33201,0.8994909791873739,2.7771668764149746,9.591855277699558,4.876780819854831,33108,0.9013833514558415,2.7248786983057482,9.278621368473416,4.551467923160573,93,0.22580645161290322,21.391758283299517,121.10312696220682,120.68817204301075,3337,0.0,27.631021115928547,43.39065382393359,37.13964638897213,29864,1.0,0.0,5.815181330847731,1.271731851058139,18670,0.825120514193894,4.832098765051243,11.866004617462789,8.07123727905731,0.6895036600830379,0.17164876498281956,"[""y@t"", ""throughput_2@t"", ""buffer_size_3@t""]",3,20,8000.0,917,0.05078160296376615,4.876780819854823,8.07123727905731,,
"ar_order=2,other_lags=2,pool=local",model,1,33200,33558,0.9081888074378688,0.36551297246968595,10.335400577841236,6.419482291605135,33464,0.9102318909873297,0.3421460959999523,10.017481100393615,6.089933978816395,94,0.18085106382978725,8.684120995694853,123.51473454919505,123.7386816443967,3694,0.2596101786681104,2.8522083518562003,39.31462107425537,38.280752504836094,29864,0.9884141441200107,0.05792347570254878,6.750842564388457,2.4784317904105486,18713,0.8453481536899482,0.5827597090736906,12.88740637137555,9.716864269684597,0.7526012405743326,0.037855613976716995,"[""y@t"", ""throughput_2@t"", ""throughput_2@t-1"", ""buffer_size_3@t""]",4,20,160000.0,588,0.1846057571964956,5.184546158889088,8.675573130978464,,
"ar_order=2,other_lags=2,pool=local",ar,1,33200,33558,0.8856606472376185,0.5576372039854111,11.487186815944714,7.077786139463065,33464,0.8877002151565861,0.5402474176521279,11.172550032185619,6.7507304392704155,94,0.1595744680851064,6.748401138634215,123.49788183418326,123.50961540804602,3694,0.004872766648619383,4.0583061636338496,42.90464030387504,37.64494866652446,29864,0.9946088936512189,0.1246251782373086,7.601033816198711,3.2968090977082847,18713,0.7998717469139102,0.8748493576805083,14.154713683099247,9.718863562364737,0.7218339023363998,0.037855613976716995,"[""y@t"", ""throughput_2@t"", ""throughput_2@t-1"", ""buffer_size_3@t""]",4,20,160000.0,588,0.1846057571964956,5.184546158889088,8.675573130978464,,
"ar_order=2,other_lags=2,pool=local",persistence,1,33200,33558,0.8899219262172954,3.0415695810906507,10.024628822031769,5.1845461588890895,33464,0.8919734640210375,2.984883496715327,9.70548658753815,4.851362658379156,94,0.1595744680851064,23.221815618705897,123.63926430175924,123.79787234042553,3694,0.0,27.63102111592855,42.1496400137932,36.3264753654575,29864,1.0,0.0,6.050955123184769,1.3324738815965729,18713,0.8068187890771121,5.337794118210961,12.858127756401132,8.675573130978464,0.7735241456423483,0.037855613976716995,"[""y@t"", ""throughput_2@t"", ""throughput_2@t-1"", ""buffer_size_3@t""]",4,20,160000.0,588,0.1846057571964956,5.184546158889088,8.675573130978464,,
"ar_order=2,other_lags=2,pool=local",model,2,66758,33201,0.9078943405319116,0.31066205393335716,9.17777706194344,5.973729510838049,33108,0.9099915428295277,0.2879518621244687,8.826245520201672,5.617510180911325,93,0.16129032258064516,8.395490337897652,134.32300592201264,132.78781096475183,4367,0.4504236317838333,1.882705765219898,27.34021846545193,29.15037272600873,28834,0.9771797183880141,0.0725710888508739,6.427018179751528,2.4635539916367466,19738,0.8646266085722971,0.43866096577061253,10.23011657605984,8.385198634529559,0.779370196149772,0.07531007751822472,"[""y@t"", ""throughput_2@t"", ""throughput_2@t-1"", ""buffer_size_3@t""]",4,20,160000.0,1133,0.08915394114635102,4.902623414957381,7.62306211368933,,
"ar_order=2,other_lags=2,pool=local",ar,2,66758,33201,0.8701545134182705,0.5050236978555155,10.454689521086923,6.380662534734873,33108,0.8721759091458258,0.48812108193588344,10.111391585326679,6.028314798432174,93,0.15053763440860216,6.522354965244533,132.66875465173356,131.81645665849618,4367,0.034119532860087017,3.038713986816946,33.02808938132045,27.472451613798878,28834,0.9967746410487619,0.12128833363637949,7.035877105548329,3.186244732547439,19738,0.7858952274799879,0.7343481992221773,11.827036475823242,8.090460684569663,0.7505324110641358,0.07531007751822472,"[""y@t"", ""throughput_2@t"", ""throughput_2@t-1"", ""buffer_size_3@t""]",4,20,160000.0,1133,0.08915394114635102,4.902623414957381,7.62306211368933,,
"ar_order=2,other_lags=2,pool=local",persistence,2,66758,33201,0.8684678172344207,3.6343685194198962,9.960226829045615,4.902623414957387,33108,0.8704844750513471,3.578646204696799,9.612924391597936,4.54464177842214,93,0.15053763440860216,23.471512560842527,133.59989456041953,132.34408602150538,4367,0.0,27.631021115928547,34.401296563651044,27.813144034806502,28834,1.0,0.0,6.258549936105965,1.4327529999306452,19738,0.782754078427399,6.002726646321897,11.758325629862272,7.62306211368933,0.7626047187682191,0.07531007751822472,"[""y@t"", ""throughput_2@t"", ""throughput_2@t-1"", ""buffer_size_3@t""]",4,20,160000.0,1133,0.08915394114635102,4.902623414957381,7.62306211368933,,
"ar_order=2,other_lags=2,pool=local",model,3,99959,33201,0.9342790879792777,0.23511192679941245,8.582396459305166,5.385119412500838,33108,0.9363899963754984,0.21272113192343653,8.178038146739961,4.972594920660839,93,0.1827956989247312,8.206234902646843,152.5339557325184,152.24383850754103,3573,0.572348166806605,1.7063349225018658,28.952522760348412,31.073422239352126,29628,0.9779262859457271,0.057689226527883296,6.125853281445456,2.287228701000244,18433,0.9005045299191667,0.34626807947789573,9.564088080658072,7.680117047145025,0.8210113894444475,0.20871409215033054,"[""y@t"", ""throughput_2@t"", ""throughput_2@t-1"", ""buffer_size_3@t""]",4,20,160000.0,1445,0.05807054004397458,4.688894912803831,7.6735745673520315,,
"ar_order=2,other_lags=2,pool=local",ar,3,99959,33201,0.8925634770037048,0.4319739097995062,9.609222363733878,5.773449984125006,33108,0.8945270025371511,0.41501823570537455,9.207312154040748,5.36200070706736,93,0.1935483870967742,6.468193887310355,152.68925701448777,152.24939261664642,3573,0.011474951021550517,3.047328471810701,36.64845547219517,31.069313193702868,29628,0.9988186850276766,0.11657422537713544,6.348415697859292,2.7228856784742113,18433,0.8107199045190691,0.6504801301619253,11.002593193631258,7.465522463291521,0.7581009007981645,0.20871409215033054,"[""y@t"", ""throughput_2@t"", ""throughput_2@t-1"", ""buffer_size_3@t""]",4,20,160000.0,1445,0.05807054004397458,4.688894912803831,7.6735745673520315,,
"ar_order=2,other_lags=2,pool=local",persistence,3,99959,33201,0.8923827595554351,2.973574243161733,9.329639287342522,4.688894912803838,33108,0.8943457774555998,2.919334054111334,8.924678899107837,4.272290685030815,93,0.1935483870967742,22.283081545103663,153.4955374988903,153.0,3573,0.0,27.631021115928547,39.205393036369564,33.52504897844948,29628,1.0,0.0,5.726761329151836,1.2113878763332064,18433,0.8102316497585852,5.243493292655458,11.48355310837272,7.6735745673520315,0.7693282577853836,0.20871409215033054,"[""y@t"", ""throughput_2@t"", ""throughput_2@t-1"", ""buffer_size_3@t""]",4,20,160000.0,1445,0.05807054004397458,4.688894912803831,7.6735745673520315,,
"ar_order=2,other_lags=2,pool=local",model,4,133160,33558,0.9364384051492938,0.23573708279268193,7.541713868318217,4.874948341628649,33464,0.938351661486971,0.21813067292299543,7.254673129138939,4.579054307209587,94,0.2553191489361702,6.503618996401084,109.72821701614164,110.21322459481449,3738,0.5481540930979133,1.6444796939181054,20.608712708461553,25.148938966375265,29820,0.9851106639839035,0.05914822027132604,5.903737957370673,2.3335607844421005,17046,0.8918221283585592,0.38346348413936143,7.908256898326092,7.366938455841299,0.7723547811912218,0.2529042288661003,"[""y@t"", ""throughput_2@t"", ""throughput_2@t-1"", ""data_quality_3@t+h""]",4,20,72000.0,1558,0.06555813814887657,3.4797365754812564,6.237240408306934,,
"ar_order=2,other_lags=2,pool=local",ar,4,133160,33558,0.8886107634543179,0.45696023717246426,8.508271460689382,4.690388717980491,33464,0.8904195553430552,0.4427906971390249,8.22224218945182,4.3933392386895775,94,0.24468085106382978,5.501316489076857,110.33469202126078,110.44000334554535,3738,0.0,3.141641454115752,27.84610834711612,21.224180173606694,29820,1.0,0.12042977476689717,6.084232752390816,2.617843028472418,17046,0.78487621729438,0.7524249355876457,9.567198350087114,6.157485842814768,0.7394748373264483,0.2529042288661003,"[""y@t"", ""throughput_2@t"", ""throughput_2@t-1"", ""data_quality_3@t+h""]",4,20,72000.0,1558,0.06555813814887657,3.4797365754812564,6.237240408306934,,
"ar_order=2,other_lags=2,pool=local",persistence,4,133160,33558,0.8886107634543179,3.077798347080902,8.178235962801633,3.4797365754812626,33464,0.8904195553430552,3.0278195802088805,7.888623211158364,3.177145589289989,94,0.24468085106382978,20.870239353520496,111.28037554780612,111.20212765957447,3738,0.0,27.631021115928547,29.672995689107662,22.419208132691278,29820,1.0,0.0,5.483822419644963,1.1056338028169082,17046,0.78487621729438,5.944089782477413,9.79507236652644,6.237240408306934,0.7394748373264483,0.2529042288661003,"[""y@t"", ""throughput_2@t"", ""throughput_2@t-1"", ""data_quality_3@t+h""]",4,20,72000.0,1558,0.06555813814887657,3.4797365754812564,6.237240408306934,,
"ar_order=2,other_lags=2,pool=local",model,5,166718,33201,0.9390078612089997,0.22496449617392444,8.556849435000048,5.567448926655835,33108,0.9410112359550562,0.20407417125118335,8.242583405612455,5.24584106610416,93,0.22580645161290322,7.661920168669746,120.43555589698222,120.05984728305239,3337,0.5777644590949955,1.7093160121266764,31.65888159865891,35.547713814871784,29864,0.979373158317707,0.05910322478582056,5.975430960243497,2.2174575011275532,18670,0.9078200321371184,0.32593321719821444,9.773156813566628,8.287155964647077,0.7124065231040783,0.3520847577601671,"[""y@t"", ""throughput_2@t"", ""throughput_2@t-1"", ""buffer_size_3@t""]",4,20,160000.0,1807,0.05517906087166049,4.876780819854823,8.07123727905731,,
"ar_order=2,other_lags=2,pool=local",ar,5,166718,33201,0.8995210987620855,0.43980100166609887,10.265829303389747,6.4406367979635535,33108,0.9014135556361,0.4246930884468797,9.959790895435876,6.1244522121795875,93,0.22580645161290322,5.81821810770813,119.21550253496788,119.00234933705568,3337,0.00029967036260113877,3.2669967260021817,41.18023455812651,35.44465731633126,29864,1.0,0.12389046951670465,6.811457138406607,3.1997308084848153,18670,0.8251740760578468,0.6621837791390752,12.095901398735837,8.611769401247129,0.689302047179812,0.3520847577601671,"[""y@t"", ""throughput_2@t"", ""throughput_2@t-1"", ""buffer_size_3@t""]",4,20,160000.0,1807,0.05517906087166049,4.876780819854823,8.07123727905731,,
"ar_order=2,other_lags=2,pool=local",persistence,5,166718,33201,0.8994909791873739,2.7771668764149746,9.591855277699558,4.876780819854831,33108,0.9013833514558415,2.7248786983057482,9.278621368473416,4.551467923160573,93,0.22580645161290322,21.391758283299517,121.10312696220682,120.68817204301075,3337,0.0,27.631021115928547,43.39065382393359,37.13964638897213,29864,1.0,0.0,5.815181330847731,1.271731851058139,18670,0.825120514193894,4.832098765051243,11.866004617462789,8.07123727905731,0.6895036600830379,0.3520847577601671,"[""y@t"", ""throughput_2@t"", ""throughput_2@t-1"", ""buffer_size_3@t""]",4,20,160000.0,1807,0.05517906087166049,4.876780819854823,8.07123727905731,,
"ar_order=2,other_lags=2",model,1,33200,33558,0.9081888074378688,0.36551297246968595,10.335400577841236,6.419482291605135,33464,0.9102318909873297,0.3421460959999523,10.017481100393615,6.089933978816395,94,0.18085106382978725,8.684120995694853,123.51473454919505,123.7386816443967,3694,0.2596101786681104,2.8522083518562003,39.31462107425537,38.280752504836094,29864,0.9884141441200107,0.05792347570254878,6.750842564388457,2.4784317904105486,18713,0.8453481536899482,0.5827597090736906,12.88740637137555,9.716864269684597,0.7526012405743326,0.10354878567159176,"[""y@t"", ""throughput_2@t"", ""throughput_2@t-1"", ""buffer_size_3@t""]",4,20,160000.0,588,0.1846057571964956,5.184546158889088,8.675573130978464,,
"ar_order=2,other_lags=2",ar,1,33200,33558,0.8856606472376185,0.5576372039854111,11.487186815944714,7.077786139463065,33464,0.8877002151565861,0.5402474176521279,11.172550032185619,6.7507304392704155,94,0.1595744680851064,6.748401138634215,123.49788183418326,123.50961540804602,3694,0.004872766648619383,4.0583061636338496,42.90464030387504,37.64494866652446,29864,0.9946088936512189,0.1246251782373086,7.601033816198711,3.2968090977082847,18713,0.7998717469139102,0.8748493576805083,14.154713683099247,9.718863562364737,0.7218339023363998,0.10354878567159176,"[""y@t"", ""throughput_2@t"", ""throughput_2@t-1"", ""buffer_size_3@t""]",4,20,160000.0,588,0.1846057571964956,5.184546158889088,8.675573130978464,,
"ar_order=2,other_lags=2",persistence,1,33200,33558,0.8899219262172954,3.0415695810906507,10.024628822031769,5.1845461588890895,33464,0.8919734640210375,2.984883496715327,9.70548658753815,4.851362658379156,94,0.1595744680851064,23.221815618705897,123.63926430175924,123.79787234042553,3694,0.0,27.63102111592855,42.1496400137932,36.3264753654575,29864,1.0,0.0,6.050955123184769,1.3324738815965729,18713,0.8068187890771121,5.337794118210961,12.858127756401132,8.675573130978464,0.7735241456423483,0.10354878567159176,"[""y@t"", ""throughput_2@t"", ""throughput_2@t-1"", ""buffer_size_3@t""]",4,20,160000.0,588,0.1846057571964956,5.184546158889088,8.675573130978464,,
"ar_order=2,other_lags=2",model,2,66758,33201,0.8944007710611126,0.34251445481989756,9.813426278016701,6.6536040856847976,33108,0.8964600700736982,0.3240919269604918,9.484191979282022,6.318920252688669,93,0.16129032258064516,6.900934372768332,127.02083662756262,125.80104863230648,4367,0.4128692466223952,1.9248977607368636,28.21096619050335,30.097728637699046,28834,0.9673302351390719,0.1028575256064901,7.027060987116056,3.10291767663138,19738,0.8485155537541798,0.4790452192949052,10.971980143011201,9.253575652546129,0.7665861652891456,0.21118936128914356,"[""y@t"", ""throughput_2@t"", ""data_quality_1@t+h"", ""throughput_2@t-1""]",4,20,80000.0,1067,0.12309870184632993,4.902623414957381,7.62306211368933,,
"ar_order=2,other_lags=2",ar,2,66758,33201,0.8701545134182705,0.5050236978555155,10.454689521086923,6.380662534734873,33108,0.8721759091458258,0.48812108193588344,10.111391585326679,6.028314798432174,93,0.15053763440860216,6.522354965244533,132.66875465173356,131.81645665849618,4367,0.034119532860087017,3.038713986816946,33.02808938132045,27.472451613798878,28834,0.9967746410487619,0.12128833363637949,7.035877105548329,3.186244732547439,19738,0.7858952274799879,0.7343481992221773,11.827036475823242,8.090460684569663,0.7505324110641358,0.21118936128914356,"[""y@t"", ""throughput_2@t"", ""data_quality_1@t+h"", ""throughput_2@t-1""]",4,20,80000.0,1067,0.12309870184632993,4.902623414957381,7.62306211368933,,
"ar_order=2,other_lags=2",persistence,2,66758,33201,0.8684678172344207,3.6343685194198962,9.960226829045615,4.902623414957387,33108,0.8704844750513471,3.578646204696799,9.612924391597936,4.54464177842214,93,0.15053763440860216,23.471512560842527,133.59989456041953,132.34408602150538,4367,0.0,27.631021115928547,34.401296563651044,27.813144034806502,28834,1.0,0.0,6.258549936105965,1.4327529999306452,19738,0.782754078427399,6.002726646321897,11.758325629862272,7.62306211368933,0.7626047187682191,0.21118936128914356,"[""y@t"", ""throughput_2@t"", ""data_quality_1@t+h"", ""throughput_2@t-1""]",4,20,80000.0,1067,0.12309870184632993,4.902623414957381,7.62306211368933,,
"ar_order=2,other_lags=2",model,3,99959,33201,0.9342790879792777,0.23511192679941245,8.582396459305166,5.385119412500838,33108,0.9363899963754984,0.21272113192343653,8.178038146739961,4.972594920660839,93,0.1827956989247312,8.206234902646843,152.5339557325184,152.24383850754103,3573,0.572348166806605,1.7063349225018658,28.952522760348412,31.073422239352126,29628,0.9779262859457271,0.057689226527883296,6.125853281445456,2.287228701000244,18433,0.9005045299191667,0.34626807947789573,9.564088080658072,7.680117047145025,0.8210113894444475,0.5756118837743998,"[""y@t"", ""throughput_2@t"", ""throughput_2@t-1"", ""buffer_size_3@t""]",4,20,160000.0,1445,0.05807054004397458,4.688894912803831,7.6735745673520315,,
"ar_order=2,other_lags=2",ar,3,99959,33201,0.8925634770037048,0.4319739097995062,9.609222363733878,5.773449984125006,33108,0.8945270025371511,0.41501823570537455,9.207312154040748,5.36200070706736,93,0.1935483870967742,6.468193887310355,152.68925701448777,152.24939261664642,3573,0.011474951021550517,3.047328471810701,36.64845547219517,31.069313193702868,29628,0.9988186850276766,0.11657422537713544,6.348415697859292,2.7228856784742113,18433,0.8107199045190691,0.6504801301619253,11.002593193631258,7.465522463291521,0.7581009007981645,0.5756118837743998,"[""y@t"", ""throughput_2@t"", ""throughput_2@t-1"", ""buffer_size_3@t""]",4,20,160000.0,1445,0.05807054004397458,4.688894912803831,7.6735745673520315,,
"ar_order=2,other_lags=2",persistence,3,99959,33201,0.8923827595554351,2.973574243161733,9.329639287342522,4.688894912803838,33108,0.8943457774555998,2.919334054111334,8.924678899107837,4.272290685030815,93,0.1935483870967742,22.283081545103663,153.4955374988903,153.0,3573,0.0,27.631021115928547,39.205393036369564,33.52504897844948,29628,1.0,0.0,5.726761329151836,1.2113878763332064,18433,0.8102316497585852,5.243493292655458,11.48355310837272,7.6735745673520315,0.7693282577853836,0.5756118837743998,"[""y@t"", ""throughput_2@t"", ""throughput_2@t-1"", ""buffer_size_3@t""]",4,20,160000.0,1445,0.05807054004397458,4.688894912803831,7.6735745673520315,,
"ar_order=2,other_lags=2",model,4,133160,33558,0.9364384051492938,0.23573708279268193,7.541713868318217,4.874948341628649,33464,0.938351661486971,0.21813067292299543,7.254673129138939,4.579054307209587,94,0.2553191489361702,6.503618996401084,109.72821701614164,110.21322459481449,3738,0.5481540930979133,1.6444796939181054,20.608712708461553,25.148938966375265,29820,0.9851106639839035,0.05914822027132604,5.903737957370673,2.3335607844421005,17046,0.8918221283585592,0.38346348413936143,7.908256898326092,7.366938455841299,0.7723547811912218,0.7406530380249023,"[""y@t"", ""throughput_2@t"", ""throughput_2@t-1"", ""data_quality_3@t+h""]",4,20,72000.0,1558,0.06555813814887657,3.4797365754812564,6.237240408306934,,
"ar_order=2,other_lags=2",ar,4,133160,33558,0.8886107634543179,0.45696023717246426,8.508271460689382,4.690388717980491,33464,0.8904195553430552,0.4427906971390249,8.22224218945182,4.3933392386895775,94,0.24468085106382978,5.501316489076857,110.33469202126078,110.44000334554535,3738,0.0,3.141641454115752,27.84610834711612,21.224180173606694,29820,1.0,0.12042977476689717,6.084232752390816,2.617843028472418,17046,0.78487621729438,0.7524249355876457,9.567198350087114,6.157485842814768,0.7394748373264483,0.7406530380249023,"[""y@t"", ""throughput_2@t"", ""throughput_2@t-1"", ""data_quality_3@t+h""]",4,20,72000.0,1558,0.06555813814887657,3.4797365754812564,6.237240408306934,,
"ar_order=2,other_lags=2",persistence,4,133160,33558,0.8886107634543179,3.077798347080902,8.178235962801633,3.4797365754812626,33464,0.8904195553430552,3.0278195802088805,7.888623211158364,3.177145589289989,94,0.24468085106382978,20.870239353520496,111.28037554780612,111.20212765957447,3738,0.0,27.631021115928547,29.672995689107662,22.419208132691278,29820,1.0,0.0,5.483822419644963,1.1056338028169082,17046,0.78487621729438,5.944089782477413,9.79507236652644,6.237240408306934,0.7394748373264483,0.7406530380249023,"[""y@t"", ""throughput_2@t"", ""throughput_2@t-1"", ""data_quality_3@t+h""]",4,20,72000.0,1558,0.06555813814887657,3.4797365754812564,6.237240408306934,,
"ar_order=2,other_lags=2",model,5,166718,33201,0.9390078612089997,0.22496449617392444,8.556849435000048,5.567448926655835,33108,0.9410112359550562,0.20407417125118335,8.242583405612455,5.24584106610416,93,0.22580645161290322,7.661920168669746,120.43555589698222,120.05984728305239,3337,0.5777644590949955,1.7093160121266764,31.65888159865891,35.547713814871784,29864,0.979373158317707,0.05910322478582056,5.975430960243497,2.2174575011275532,18670,0.9078200321371184,0.32593321719821444,9.773156813566628,8.287155964647077,0.7124065231040783,0.9129176400601864,"[""y@t"", ""throughput_2@t"", ""throughput_2@t-1"", ""buffer_size_3@t""]",4,20,160000.0,1807,0.05517906087166049,4.876780819854823,8.07123727905731,,
"ar_order=2,other_lags=2",ar,5,166718,33201,0.8995210987620855,0.43980100166609887,10.265829303389747,6.4406367979635535,33108,0.9014135556361,0.4246930884468797,9.959790895435876,6.1244522121795875,93,0.22580645161290322,5.81821810770813,119.21550253496788,119.00234933705568,3337,0.00029967036260113877,3.2669967260021817,41.18023455812651,35.44465731633126,29864,1.0,0.12389046951670465,6.811457138406607,3.1997308084848153,18670,0.8251740760578468,0.6621837791390752,12.095901398735837,8.611769401247129,0.689302047179812,0.9129176400601864,"[""y@t"", ""throughput_2@t"", ""throughput_2@t-1"", ""buffer_size_3@t""]",4,20,160000.0,1807,0.05517906087166049,4.876780819854823,8.07123727905731,,
"ar_order=2,other_lags=2",persistence,5,166718,33201,0.8994909791873739,2.7771668764149746,9.591855277699558,4.876780819854831,33108,0.9013833514558415,2.7248786983057482,9.278621368473416,4.551467923160573,93,0.22580645161290322,21.391758283299517,121.10312696220682,120.68817204301075,3337,0.0,27.631021115928547,43.39065382393359,37.13964638897213,29864,1.0,0.0,5.815181330847731,1.271731851058139,18670,0.825120514193894,4.832098765051243,11.866004617462789,8.07123727905731,0.6895036600830379,0.9129176400601864,"[""y@t"", ""throughput_2@t"", ""throughput_2@t-1"", ""buffer_size_3@t""]",4,20,160000.0,1807,0.05517906087166049,4.876780819854823,8.07123727905731,,
"forced=('y@t', 'throughput_2@t')",model,1,33200,33558,0.9085165981286132,0.39575763023917226,10.233411924028845,6.419884451063274,33464,0.9105606024384413,0.3723690898592801,9.915623004262898,6.090671937126979,94,0.18085106382978725,8.722078005480805,123.36626736070595,123.61953941238411,3694,0.2636708175419599,3.061669583227182,38.34665146073229,37.17952993961792,29864,0.9882802035896062,0.06600010431037147,6.75597062853653,2.615098406503909,18713,0.8454550312616897,0.6293357693205213,12.681177460757988,9.536700534606785,0.7514409891081286,0.045680319890379906,"[""y@t"", ""throughput_2@t"", ""buffer_size_3@t""]",3,20,8000.0,358,0.17074915072411945,5.184546158889088,8.675573130978464,,
"forced=('y@t', 'throughput_2@t')",ar,1,33200,33558,0.8856606472376185,0.5576372039854111,11.487186815944714,7.077786139463065,33464,0.8877002151565861,0.5402474176521279,11.172550032185619,6.7507304392704155,94,0.1595744680851064,6.748401138634215,123.49788183418326,123.50961540804602,3694,0.004872766648619383,4.0583061636338496,42.90464030387504,37.64494866652446,29864,0.9946088936512189,0.1246251782373086,7.601033816198711,3.2968090977082847,18713,0.7998717469139102,0.8748493576805083,14.154713683099247,9.718863562364737,0.7218339023363998,0.045680319890379906,"[""y@t"", ""throughput_2@t"", ""buffer_size_3@t""]",3,20,8000.0,358,0.17074915072411945,5.184546158889088,8.675573130978464,,
"forced=('y@t', 'throughput_2@t')",persistence,1,33200,33558,0.8899219262172954,3.0415695810906507,10.024628822031769,5.1845461588890895,33464,0.8919734640210375,2.984883496715327,9.70548658753815,4.851362658379156,94,0.1595744680851064,23.221815618705897,123.63926430175924,123.79787234042553,3694,0.0,27.63102111592855,42.1496400137932,36.3264753654575,29864,1.0,0.0,6.050955123184769,1.3324738815965729,18713,0.8068187890771121,5.337794118210961,12.858127756401132,8.675573130978464,0.7735241456423483,0.045680319890379906,"[""y@t"", ""throughput_2@t"", ""buffer_size_3@t""]",3,20,8000.0,358,0.17074915072411945,5.184546158889088,8.675573130978464,,
"forced=('y@t', 'throughput_2@t')",model,2,66758,33201,0.8913285744405289,0.3818912158342395,9.634083539988309,6.4046080037080575,33108,0.8933792436873264,0.3649860286454072,9.293742664826798,6.058551534440881,93,0.16129032258064516,6.400137855058539,130.7954350974862,129.60071106282274,4367,0.4023356995649187,2.150226297624188,27.713701516706635,28.225382377438308,28834,0.9653880835125199,0.11407130523644858,6.895868526312477,3.099783085553101,19738,0.843347856925727,0.5407929544328899,10.51592322396798,8.554935018689214,0.7677659733123258,0.09124013036489487,"[""y@t"", ""throughput_2@t"", ""data_quality_1@t+h"", ""data_quality_1@t""]",4,20,40000.0,693,0.11153278515707359,4.902623414957381,7.62306211368933,,
"forced=('y@t', 'throughput_2@t')",ar,2,66758,33201,0.8701545134182705,0.5050236978555155,10.454689521086923,6.380662534734873,33108,0.8721759091458258,0.48812108193588344,10.111391585326679,6.028314798432174,93,0.15053763440860216,6.522354965244533,132.66875465173356,131.81645665849618,4367,0.034119532860087017,3.038713986816946,33.02808938132045,27.472451613798878,28834,0.9967746410487619,0.12128833363637949,7.035877105548329,3.186244732547439,19738,0.7858952274799879,0.7343481992221773,11.827036475823242,8.090460684569663,0.7505324110641358,0.09124013036489487,"[""y@t"", ""throughput_2@t"", ""data_quality_1@t+h"", ""data_quality_1@t""]",4,20,40000.0,693,0.11153278515707359,4.902623414957381,7.62306211368933,,
"forced=('y@t', 'throughput_2@t')",persistence,2,66758,33201,0.8684678172344207,3.6343685194198962,9.960226829045615,4.902623414957387,33108,0.8704844750513471,3.578646204696799,9.612924391597936,4.54464177842214,93,0.15053763440860216,23.471512560842527,133.59989456041953,132.34408602150538,4367,0.0,27.631021115928547,34.401296563651044,27.813144034806502,28834,1.0,0.0,6.258549936105965,1.4327529999306452,19738,0.782754078427399,6.002726646321897,11.758325629862272,7.62306211368933,0.7626047187682191,0.09124013036489487,"[""y@t"", ""throughput_2@t"", ""data_quality_1@t+h"", ""data_quality_1@t""]",4,20,40000.0,693,0.11153278515707359,4.902623414957381,7.62306211368933,,
"forced=('y@t', 'throughput_2@t')",model,3,99959,33201,0.9171109303936629,0.3113957843450654,9.096733855111944,5.9962940874304245,33108,0.9191736136281261,0.2925408095687903,8.703272563016913,5.594599876797288,93,0.1827956989247312,7.023766804699024,149.16895384094326,148.99943307282695,3573,0.3322138259165967,2.2318872687388818,30.81790247107014,30.952144385150987,29628,0.9876468205751316,0.07979337872406142,6.477261212178956,2.9867337690236617,18433,0.8656756903379808,0.4613946801525149,9.882615302741023,7.735980709709122,0.782199401975358,0.23623670637607574,"[""y@t"", ""throughput_2@t"", ""buffer_size_3@t"", ""data_quality_1@t+h""]",4,20,80000.0,1453,0.15481461401765007,4.688894912803831,7.6735745673520315,,
"forced=('y@t', 'throughput_2@t')",ar,3,99959,33201,0.8925634770037048,0.4319739097995062,9.609222363733878,5.773449984125006,33108,0.8945270025371511,0.41501823570537455,9.207312154040748,5.36200070706736,93,0.1935483870967742,6.468193887310355,152.68925701448777,152.24939261664642,3573,0.011474951021550517,3.047328471810701,36.64845547219517,31.069313193702868,29628,0.9988186850276766,0.11657422537713544,6.348415697859292,2.7228856784742113,18433,0.8107199045190691,0.6504801301619253,11.002593193631258,7.465522463291521,0.7581009007981645,0.23623670637607574,"[""y@t"", ""throughput_2@t"", ""buffer_size_3@t"", ""data_quality_1@t+h""]",4,20,80000.0,1453,0.15481461401765007,4.688894912803831,7.6735745673520315,,
"forced=('y@t', 'throughput_2@t')",persistence,3,99959,33201,0.8923827595554351,2.973574243161733,9.329639287342522,4.688894912803838,33108,0.8943457774555998,2.919334054111334,8.924678899107837,4.272290685030815,93,0.1935483870967742,22.283081545103663,153.4955374988903,153.0,3573,0.0,27.631021115928547,39.205393036369564,33.52504897844948,29628,1.0,0.0,5.726761329151836,1.2113878763332064,18433,0.8102316497585852,5.243493292655458,11.48355310837272,7.6735745673520315,0.7693282577853836,0.23623670637607574,"[""y@t"", ""throughput_2@t"", ""buffer_size_3@t"", ""data_quality_1@t+h""]",4,20,80000.0,1453,0.15481461401765007,4.688894912803831,7.6735745673520315,,
"forced=('y@t', 'throughput_2@t')",model,4,133160,33558,0.9317301388640563,0.25259871906761994,7.089542615810357,4.638847923778281,33464,0.9336002868754483,0.23619321835582108,6.804426621339433,4.345142278535253,94,0.26595744680851063,6.092956972468037,108.59083664745958,109.19805763029665,3738,0.45987158908507225,1.7335051889446331,21.04943671174177,23.182020970086874,29820,0.990878604963112,0.0669639643928958,5.33964039815135,2.314422006705796,17046,0.8783878915874692,0.40914114418016617,7.540475616413845,6.839590440583936,0.765417696511885,0.3034801594913006,"[""y@t"", ""throughput_2@t"", ""buffer_size_3@t"", ""data_quality_2@t+h""]",4,20,80000.0,1632,0.09458251385660647,3.4797365754812564,6.237240408306934,,
"forced=('y@t', 'throughput_2@t')",ar,4,133160,33558,0.8886107634543179,0.45696023717246426,8.508271460689382,4.690388717980491,33464,0.8904195553430552,0.4427906971390249,8.22224218945182,4.3933392386895775,94,0.24468085106382978,5.501316489076857,110.33469202126078,110.44000334554535,3738,0.0,3.141641454115752,27.84610834711612,21.224180173606694,29820,1.0,0.12042977476689717,6.084232752390816,2.617843028472418,17046,0.78487621729438,0.7524249355876457,9.567198350087114,6.157485842814768,0.7394748373264483,0.3034801594913006,"[""y@t"", ""throughput_2@t"", ""buffer_size_3@t"", ""data_quality_2@t+h""]",4,20,80000.0,1632,0.09458251385660647,3.4797365754812564,6.237240408306934,,
"forced=('y@t', 'throughput_2@t')",persistence,4,133160,33558,0.8886107634543179,3.077798347080902,8.178235962801633,3.4797365754812626,33464,0.8904195553430552,3.0278195802088805,7.888623211158364,3.177145589289989,94,0.24468085106382978,20.870239353520496,111.28037554780612,111.20212765957447,3738,0.0,27.631021115928547,29.672995689107662,22.419208132691278,29820,1.0,0.0,5.483822419644963,1.1056338028169082,17046,0.78487621729438,5.944089782477413,9.79507236652644,6.237240408306934,0.7394748373264483,0.3034801594913006,"[""y@t"", ""throughput_2@t"", ""buffer_size_3@t"", ""data_quality_2@t+h""]",4,20,80000.0,1632,0.09458251385660647,3.4797365754812564,6.237240408306934,,
"forced=('y@t', 'throughput_2@t')",model,5,166718,33201,0.9285262492093611,0.27918718684488125,8.294749460686155,5.536755157405999,33108,0.9305001812250816,0.2585175062190892,7.980061240706962,5.21494885190925,93,0.22580645161290322,7.637593489626875,120.32375577327872,120.09979991424863,3337,0.42103685945459995,2.1274606637227684,31.686902917678776,32.877342360565656,29864,0.9852330565229038,0.07266131648787923,5.680912865254049,2.48172101941565,18670,0.8881092662024639,0.4090544730661516,9.44266588573603,7.855973021526849,0.7060795696935301,0.39293740317225456,"[""y@t"", ""throughput_2@t"", ""buffer_size_3@t""]",3,20,8000.0,917,0.05078160296376615,4.876780819854823,8.07123727905731,,
"forced=('y@t', 'throughput_2@t')",ar,5,166718,33201,0.8995210987620855,0.43980100166609887,10.265829303389747,6.4406367979635535,33108,0.9014135556361,0.4246930884468797,9.959790895435876,6.1244522121795875,93,0.22580645161290322,5.81821810770813,119.21550253496788,119.00234933705568,3337,0.00029967036260113877,3.2669967260021817,41.18023455812651,35.44465731633126,29864,1.0,0.12389046951670465,6.811457138406607,3.1997308084848153,18670,0.8251740760578468,0.6621837791390752,12.095901398735837,8.611769401247129,0.689302047179812,0.39293740317225456,"[""y@t"", ""throughput_2@t"", ""buffer_size_3@t""]",3,20,8000.0,917,0.05078160296376615,4.876780819854823,8.07123727905731,,
"forced=('y@t', 'throughput_2@t')",persistence,5,166718,33201,0.8994909791873739,2.7771668764149746,9.591855277699558,4.876780819854831,33108,0.9013833514558415,2.7248786983057482,9.278621368473416,4.551467923160573,93,0.22580645161290322,21.391758283299517,121.10312696220682,120.68817204301075,3337,0.0,27.631021115928547,43.39065382393359,37.13964638897213,29864,1.0,0.0,5.815181330847731,1.271731851058139,18670,0.825120514193894,4.832098765051243,11.866004617462789,8.07123727905731,0.6895036600830379,0.39293740317225456,"[""y@t"", ""throughput_2@t"", ""buffer_size_3@t""]",3,20,8000.0,917,0.05078160296376615,4.876780819854823,8.07123727905731,,
"forced=('y@t', 'throughput_2@t', 'buffer_size_3@t')",model,1,33200,33558,0.9085165981286132,0.39575763023917226,10.233411924028845,6.419884451063274,33464,0.9105606024384413,0.3723690898592801,9.915623004262898,6.090671937126979,94,0.18085106382978725,8.722078005480805,123.36626736070595,123.61953941238411,3694,0.2636708175419599,3.061669583227182,38.34665146073229,37.17952993961792,29864,0.9882802035896062,0.06600010431037147,6.75597062853653,2.615098406503909,18713,0.8454550312616897,0.6293357693205213,12.681177460757988,9.536700534606785,0.7514409891081286,0.0490159559994936,"[""y@t"", ""throughput_2@t"", ""buffer_size_3@t""]",3,20,8000.0,358,0.17074915072411945,5.184546158889088,8.675573130978464,,
"forced=('y@t', 'throughput_2@t', 'buffer_size_3@t')",ar,1,33200,33558,0.8856606472376185,0.5576372039854111,11.487186815944714,7.077786139463065,33464,0.8877002151565861,0.5402474176521279,11.172550032185619,6.7507304392704155,94,0.1595744680851064,6.748401138634215,123.49788183418326,123.50961540804602,3694,0.004872766648619383,4.0583061636338496,42.90464030387504,37.64494866652446,29864,0.9946088936512189,0.1246251782373086,7.601033816198711,3.2968090977082847,18713,0.7998717469139102,0.8748493576805083,14.154713683099247,9.718863562364737,0.7218339023363998,0.0490159559994936,"[""y@t"", ""throughput_2@t"", ""buffer_size_3@t""]",3,20,8000.0,358,0.17074915072411945,5.184546158889088,8.675573130978464,,
"forced=('y@t', 'throughput_2@t', 'buffer_size_3@t')",persistence,1,33200,33558,0.8899219262172954,3.0415695810906507,10.024628822031769,5.1845461588890895,33464,0.8919734640210375,2.984883496715327,9.70548658753815,4.851362658379156,94,0.1595744680851064,23.221815618705897,123.63926430175924,123.79787234042553,3694,0.0,27.63102111592855,42.1496400137932,36.3264753654575,29864,1.0,0.0,6.050955123184769,1.3324738815965729,18713,0.8068187890771121,5.337794118210961,12.858127756401132,8.675573130978464,0.7735241456423483,0.0490159559994936,"[""y@t"", ""throughput_2@t"", ""buffer_size_3@t""]",3,20,8000.0,358,0.17074915072411945,5.184546158889088,8.675573130978464,,
"forced=('y@t', 'throughput_2@t', 'buffer_size_3@t')",model,2,66758,33201,0.9016294689918979,0.3641219467960064,9.305701733978346,6.374301981473065,33108,0.9037090733357497,0.34610034813366936,8.966813340799321,6.03071451199817,93,0.16129032258064516,6.779811070588007,129.94996970571077,128.69144111453565,4367,0.3927181131211358,2.1166193729478078,27.689887177108762,28.262414079013993,28834,0.9787056946660193,0.09870069896341592,6.521359019469413,3.059278553229975,19738,0.8530246225554767,0.5170570664269826,10.257932080943853,8.545093716396329,0.7733721608552925,0.05780348926782608,"[""y@t"", ""throughput_2@t"", ""buffer_size_3@t"", ""data_quality_1@t+h""]",4,20,80000.0,1118,0.16773591156892864,4.902623414957381,7.62306211368933,,
"forced=('y@t', 'throughput_2@t', 'buffer_size_3@t')",ar,2,66758,33201,0.8701545134182705,0.5050236978555155,10.454689521086923,6.380662534734873,33108,0.8721759091458258,0.48812108193588344,10.111391585326679,6.028314798432174,93,0.15053763440860216,6.522354965244533,132.66875465173356,131.81645665849618,4367,0.034119532860087017,3.038713986816946,33.02808938132045,27.472451613798878,28834,0.9967746410487619,0.12128833363637949,7.035877105548329,3.186244732547439,19738,0.7858952274799879,0.7343481992221773,11.827036475823242,8.090460684569663,0.7505324110641358,0.05780348926782608,"[""y@t"", ""throughput_2@t"", ""buffer_size_3@t"", ""data_quality_1@t+h""]",4,20,80000.0,1118,0.16773591156892864,4.902623414957381,7.62306211368933,,
"forced=('y@t', 'throughput_2@t', 'buffer_size_3@t')",persistence,2,66758,33201,0.8684678172344207,3.6343685194198962,9.960226829045615,4.902623414957387,33108,0.8704844750513471,3.578646204696799,9.612924391597936,4.54464177842214,93,0.15053763440860216,23.471512560842527,133.59989456041953,132.34408602150538,4367,0.0,27.631021115928547,34.401296563651044,27.813144034806502,28834,1.0,0.0,6.258549936105965,1.4327529999306452,19738,0.782754078427399,6.002726646321897,11.758325629862272,7.62306211368933,0.7626047187682191,0.05780348926782608,"[""y@t"", ""throughput_2@t"", ""buffer_size_3@t"", ""data_quality_1@t+h""]",4,20,80000.0,1118,0.16773591156892864,4.902623414957381,7.62306211368933,,
"forced=('y@t', 'throughput_2@t', 'buffer_size_3@t')",model,3,99959,33201,0.9171109303936629,0.3113957843450654,9.096733855111944,5.9962940874304245,33108,0.9191736136281261,0.2925408095687903,8.703272563016913,5.594599876797288,93,0.1827956989247312,7.023766804699024,149.16895384094326,148.99943307282695,3573,0.3322138259165967,2.2318872687388818,30.81790247107014,30.952144385150987,29628,0.9876468205751316,0.07979337872406142,6.477261212178956,2.9867337690236617,18433,0.8656756903379808,0.4613946801525149,9.882615302741023,7.735980709709122,0.782199401975358,0.1470031477510929,"[""y@t"", ""throughput_2@t"", ""buffer_size_3@t"", ""data_quality_1@t+h""]",4,20,80000.0,1453,0.15481461401765007,4.688894912803831,7.6735745673520315,,
"forced=('y@t', 'throughput_2@t', 'buffer_size_3@t')",ar,3,99959,33201,0.8925634770037048,0.4319739097995062,9.609222363733878,5.773449984125006,33108,0.8945270025371511,0.41501823570537455,9.207312154040748,5.36200070706736,93,0.1935483870967742,6.468193887310355,152.68925701448777,152.24939261664642,3573,0.011474951021550517,3.047328471810701,36.64845547219517,31.069313193702868,29628,0.9988186850276766,0.11657422537713544,6.348415697859292,2.7228856784742113,18433,0.8107199045190691,0.6504801301619253,11.002593193631258,7.465522463291521,0.7581009007981645,0.1470031477510929,"[""y@t"", ""throughput_2@t"", ""buffer_size_3@t"", ""data_quality_1@t+h""]",4,20,80000.0,1453,0.15481461401765007,4.688894912803831,7.6735745673520315,,
"forced=('y@t', 'throughput_2@t', 'buffer_size_3@t')",persistence,3,99959,33201,0.8923827595554351,2.973574243161733,9.329639287342522,4.688894912803838,33108,0.8943457774555998,2.919334054111334,8.924678899107837,4.272290685030815,93,0.1935483870967742,22.283081545103663,153.4955374988903,153.0,3573,0.0,27.631021115928547,39.205393036369564,33.52504897844948,29628,1.0,0.0,5.726761329151836,1.2113878763332064,18433,0.8102316497585852,5.243493292655458,11.48355310837272,7.6735745673520315,0.7693282577853836,0.1470031477510929,"[""y@t"", ""throughput_2@t"", ""buffer_size_3@t"", ""data_quality_1@t+h""]",4,20,80000.0,1453,0.15481461401765007,4.688894912803831,7.6735745673520315,,
"forced=('y@t', 'throughput_2@t', 'buffer_size_3@t')",model,4,133160,33558,0.9317301388640563,0.25259871906761994,7.089542615810357,4.638847923778281,33464,0.9336002868754483,0.23619321835582108,6.804426621339433,4.345142278535253,94,0.26595744680851063,6.092956972468037,108.59083664745958,109.19805763029665,3738,0.45987158908507225,1.7335051889446331,21.04943671174177,23.182020970086874,29820,0.990878604963112,0.0669639643928958,5.33964039815135,2.314422006705796,17046,0.8783878915874692,0.40914114418016617,7.540475616413845,6.839590440583936,0.765417696511885,0.16997656412422657,"[""y@t"", ""throughput_2@t"", ""buffer_size_3@t"", ""data_quality_2@t+h""]",4,20,80000.0,1632,0.09458251385660647,3.4797365754812564,6.237240408306934,,
"forced=('y@t', 'throughput_2@t', 'buffer_size_3@t')",ar,4,133160,33558,0.8886107634543179,0.45696023717246426,8.508271460689382,4.690388717980491,33464,0.8904195553430552,0.4427906971390249,8.22224218945182,4.3933392386895775,94,0.24468085106382978,5.501316489076857,110.33469202126078,110.44000334554535,3738,0.0,3.141641454115752,27.84610834711612,21.224180173606694,29820,1.0,0.12042977476689717,6.084232752390816,2.617843028472418,17046,0.78487621729438,0.7524249355876457,9.567198350087114,6.157485842814768,0.7394748373264483,0.16997656412422657,"[""y@t"", ""throughput_2@t"", ""buffer_size_3@t"", ""data_quality_2@t+h""]",4,20,80000.0,1632,0.09458251385660647,3.4797365754812564,6.237240408306934,,
"forced=('y@t', 'throughput_2@t', 'buffer_size_3@t')",persistence,4,133160,33558,0.8886107634543179,3.077798347080902,8.178235962801633,3.4797365754812626,33464,0.8904195553430552,3.0278195802088805,7.888623211158364,3.177145589289989,94,0.24468085106382978,20.870239353520496,111.28037554780612,111.20212765957447,3738,0.0,27.631021115928547,29.672995689107662,22.419208132691278,29820,1.0,0.0,5.483822419644963,1.1056338028169082,17046,0.78487621729438,5.944089782477413,9.79507236652644,6.237240408306934,0.7394748373264483,0.16997656412422657,"[""y@t"", ""throughput_2@t"", ""buffer_size_3@t"", ""data_quality_2@t+h""]",4,20,80000.0,1632,0.09458251385660647,3.4797365754812564,6.237240408306934,,
"forced=('y@t', 'throughput_2@t', 'buffer_size_3@t')",model,5,166718,33201,0.9285262492093611,0.27918718684488125,8.294749460686155,5.536755157405999,33108,0.9305001812250816,0.2585175062190892,7.980061240706962,5.21494885190925,93,0.22580645161290322,7.637593489626875,120.32375577327872,120.09979991424863,3337,0.42103685945459995,2.1274606637227684,31.686902917678776,32.877342360565656,29864,0.9852330565229038,0.07266131648787923,5.680912865254049,2.48172101941565,18670,0.8881092662024639,0.4090544730661516,9.44266588573603,7.855973021526849,0.7060795696935301,0.22152497060596943,"[""y@t"", ""throughput_2@t"", ""buffer_size_3@t""]",3,20,8000.0,917,0.05078160296376615,4.876780819854823,8.07123727905731,,
"forced=('y@t', 'throughput_2@t', 'buffer_size_3@t')",ar,5,166718,33201,0.8995210987620855,0.43980100166609887,10.265829303389747,6.4406367979635535,33108,0.9014135556361,0.4246930884468797,9.959790895435876,6.1244522121795875,93,0.22580645161290322,5.81821810770813,119.21550253496788,119.00234933705568,3337,0.00029967036260113877,3.2669967260021817,41.18023455812651,35.44465731633126,29864,1.0,0.12389046951670465,6.811457138406607,3.1997308084848153,18670,0.8251740760578468,0.6621837791390752,12.095901398735837,8.611769401247129,0.689302047179812,0.22152497060596943,"[""y@t"", ""throughput_2@t"", ""buffer_size_3@t""]",3,20,8000.0,917,0.05078160296376615,4.876780819854823,8.07123727905731,,
"forced=('y@t', 'throughput_2@t', 'buffer_size_3@t')",persistence,5,166718,33201,0.8994909791873739,2.7771668764149746,9.591855277699558,4.876780819854831,33108,0.9013833514558415,2.7248786983057482,9.278621368473416,4.551467923160573,93,0.22580645161290322,21.391758283299517,121.10312696220682,120.68817204301075,3337,0.0,27.631021115928547,43.39065382393359,37.13964638897213,29864,1.0,0.0,5.815181330847731,1.271731851058139,18670,0.825120514193894,4.832098765051243,11.866004617462789,8.07123727905731,0.6895036600830379,0.22152497060596943,"[""y@t"", ""throughput_2@t"", ""buffer_size_3@t""]",3,20,8000.0,917,0.05078160296376615,4.876780819854823,8.07123727905731,,
"forced=('y@t', 'throughput_2@t', 'cores_3@t+h', 'data_quality_3@t+h'),max_parents=5",model,1,33200,33558,0.8857798438524346,0.5327563236264568,11.349831125062439,7.024240105760547,33464,0.887819746593354,0.5143181142943078,11.03525643785268,6.697481922502574,94,0.1595744680851064,7.0967588458714665,123.33841977173628,123.35015334559905,3694,0.015430427720628045,3.9547869796178627,42.36604761440891,37.28413711334486,29864,0.9934369140101795,0.10947139048848958,7.513308766649437,3.2812699897005273,18713,0.800406134772618,0.8493657911921009,13.902267517071216,9.715337505001221,0.7241238901029914,0.027273477986454964,"[""y@t"", ""throughput_2@t"", ""cores_3@t+h"", ""data_quality_3@t+h"", ""buffer_size_3@t""]",5,20,320000.0,856,0.7866976577865189,5.184546158889088,8.675573130978464,,
"forced=('y@t', 'throughput_2@t', 'cores_3@t+h', 'data_quality_3@t+h'),max_parents=5",ar,1,33200,33558,0.8856606472376185,0.5576372039854111,11.487186815944714,7.077786139463065,33464,0.8877002151565861,0.5402474176521279,11.172550032185619,6.7507304392704155,94,0.1595744680851064,6.748401138634215,123.49788183418326,123.50961540804602,3694,0.004872766648619383,4.0583061636338496,42.90464030387504,37.64494866652446,29864,0.9946088936512189,0.1246251782373086,7.601033816198711,3.2968090977082847,18713,0.7998717469139102,0.8748493576805083,14.154713683099247,9.718863562364737,0.7218339023363998,0.027273477986454964,"[""y@t"", ""throughput_2@t"", ""cores_3@t+h"", ""data_quality_3@t+h"", ""buffer_size_3@t""]",5,20,320000.0,856,0.7866976577865189,5.184546158889088,8.675573130978464,,
"forced=('y@t', 'throughput_2@t', 'cores_3@t+h', 'data_quality_3@t+h'),max_parents=5",persistence,1,33200,33558,0.8899219262172954,3.0415695810906507,10.024628822031769,5.1845461588890895,33464,0.8919734640210375,2.984883496715327,9.70548658753815,4.851362658379156,94,0.1595744680851064,23.221815618705897,123.63926430175924,123.79787234042553,3694,0.0,27.63102111592855,42.1496400137932,36.3264753654575,29864,1.0,0.0,6.050955123184769,1.3324738815965729,18713,0.8068187890771121,5.337794118210961,12.858127756401132,8.675573130978464,0.7735241456423483,0.027273477986454964,"[""y@t"", ""throughput_2@t"", ""cores_3@t+h"", ""data_quality_3@t+h"", ""buffer_size_3@t""]",5,20,320000.0,856,0.7866976577865189,5.184546158889088,8.675573130978464,,
"forced=('y@t', 'throughput_2@t', 'cores_3@t+h', 'data_quality_3@t+h'),max_parents=5",model,2,66758,33201,0.8752146019698201,0.4704946723104405,10.562754093642296,6.525267989954744,33108,0.8772502114292619,0.4519191451291246,10.221424187753348,6.174946272883296,93,0.15053763440860216,7.083382348858877,132.07620059010807,131.23979926739057,4367,0.1060224410350355,2.9654092418729148,32.04905132641363,27.429553184421774,28834,0.9917111743081085,0.09263201276686943,7.30858679061419,3.3592482409002424,19738,0.7980545141351707,0.7060328482435995,11.65018393018682,8.168492732529678,0.7663553725211052,0.055378763005137444,"[""y@t"", ""throughput_2@t"", ""cores_3@t+h"", ""data_quality_3@t+h"", ""data_quality_2@t+h""]",5,20,192000.0,1097,0.48432276136260954,4.902623414957381,7.62306211368933,,
"forced=('y@t', 'throughput_2@t', 'cores_3@t+h', 'data_quality_3@t+h'),max_parents=5",ar,2,66758,33201,0.8701545134182705,0.5050236978555155,10.454689521086923,6.380662534734873,33108,0.8721759091458258,0.48812108193588344,10.111391585326679,6.028314798432174,93,0.15053763440860216,6.522354965244533,132.66875465173356,131.81645665849618,4367,0.034119532860087017,3.038713986816946,33.02808938132045,27.472451613798878,28834,0.9967746410487619,0.12128833363637949,7.035877105548329,3.186244732547439,19738,0.7858952274799879,0.7343481992221773,11.827036475823242,8.090460684569663,0.7505324110641358,0.055378763005137444,"[""y@t"", ""throughput_2@t"", ""cores_3@t+h"", ""data_quality_3@t+h"", ""data_quality_2@t+h""]",5,20,192000.0,1097,0.48432276136260954,4.902623414957381,7.62306211368933,,
"forced=('y@t', 'throughput_2@t', 'cores_3@t+h', 'data_quality_3@t+h'),max_parents=5",persistence,2,66758,33201,0.8684678172344207,3.6343685194198962,9.960226829045615,4.902623414957387,33108,0.8704844750513471,3.578646204696799,9.612924391597936,4.54464177842214,93,0.15053763440860216,23.471512560842527,133.59989456041953,132.34408602150538,4367,0.0,27.631021115928547,34.401296563651044,27.813144034806502,28834,1.0,0.0,6.258549936105965,1.4327529999306452,19738,0.782754078427399,6.002726646321897,11.758325629862272,7.62306211368933,0.7626047187682191,0.055378763005137444,"[""y@t"", ""throughput_2@t"", ""cores_3@t+h"", ""data_quality_3@t+h"", ""data_quality_2@t+h""]",5,20,192000.0,1097,0.48432276136260954,4.902623414957381,7.62306211368933,,
"forced=('y@t', 'throughput_2@t', 'cores_3@t+h', 'data_quality_3@t+h'),max_parents=5",model,3,99959,33201,0.9148820818650041,0.33567277367292564,8.989650140686761,5.672487541078488,33108,0.916908300108735,0.3181808834630219,8.593551320497012,5.268536168854591,93,0.1935483870967742,6.562785688398642,150.00083012823742,149.47917605278587,3573,0.2994682339770501,2.479464458676914,32.584965352539626,31.808498036775056,29628,0.9890981503982719,0.07714139489206798,6.144164071699644,2.520605351895154,18433,0.8579178646991809,0.5193610909630515,10.111997726300512,7.745112406186906,0.7848324253160874,0.13596957549452782,"[""y@t"", ""throughput_2@t"", ""cores_3@t+h"", ""data_quality_3@t+h"", ""avg_p_latency_3@t""]",5,20,280800.0,1778,0.24306496792265292,4.688894912803831,7.6735745673520315,,
"forced=('y@t', 'throughput_2@t', 'cores_3@t+h', 'data_quality_3@t+h'),max_parents=5",ar,3,99959,33201,0.8925634770037048,0.4319739097995062,9.609222363733878,5.773449984125006,33108,0.8945270025371511,0.41501823570537455,9.207312154040748,5.36200070706736,93,0.1935483870967742,6.468193887310355,152.68925701448777,152.24939261664642,3573,0.011474951021550517,3.047328471810701,36.64845547219517,31.069313193702868,29628,0.9988186850276766,0.11657422537713544,6.348415697859292,2.7228856784742113,18433,0.8107199045190691,0.6504801301619253,11.002593193631258,7.465522463291521,0.7581009007981645,0.13596957549452782,"[""y@t"", ""throughput_2@t"", ""cores_3@t+h"", ""data_quality_3@t+h"", ""avg_p_latency_3@t""]",5,20,280800.0,1778,0.24306496792265292,4.688894912803831,7.6735745673520315,,
"forced=('y@t', 'throughput_2@t', 'cores_3@t+h', 'data_quality_3@t+h'),max_parents=5",persistence,3,99959,33201,0.8923827595554351,2.973574243161733,9.329639287342522,4.688894912803838,33108,0.8943457774555998,2.919334054111334,8.924678899107837,4.272290685030815,93,0.1935483870967742,22.283081545103663,153.4955374988903,153.0,3573,0.0,27.631021115928547,39.205393036369564,33.52504897844948,29628,1.0,0.0,5.726761329151836,1.2113878763332064,18433,0.8102316497585852,5.243493292655458,11.48355310837272,7.6735745673520315,0.7693282577853836,0.13596957549452782,"[""y@t"", ""throughput_2@t"", ""cores_3@t+h"", ""data_quality_3@t+h"", ""avg_p_latency_3@t""]",5,20,280800.0,1778,0.24306496792265292,4.688894912803831,7.6735745673520315,,
"forced=('y@t', 'throughput_2@t', 'cores_3@t+h', 'data_quality_3@t+h'),max_parents=5",model,4,133160,33558,0.9012754037785327,0.36104638655792,8.02491502895598,4.8515267469583785,33464,0.9031197704996414,0.3464612585255462,7.741095240891124,4.558654110027306,94,0.24468085106382978,5.553351966082993,109.06475958004538,109.11418549442035,3738,0.2619047619047619,2.530591076853076,24.41849640581793,23.06247986270788,29820,0.9814218645204561,0.08908937608430181,5.969944969039484,2.5687453000545672,17046,0.8197231021940631,0.6112560159410513,8.844566866440035,6.939832340937744,0.7442030350453752,0.17137150466442108,"[""y@t"", ""throughput_2@t"", ""cores_3@t+h"", ""data_quality_3@t+h"", ""data_quality_3@t""]",5,20,194400.0,1642,0.21958996364503247,3.4797365754812564,6.237240408306934,,
"forced=('y@t', 'throughput_2@t', 'cores_3@t+h', 'data_quality_3@t+h'),max_parents=5",ar,4,133160,33558,0.8886107634543179,0.45696023717246426,8.508271460689382,4.690388717980491,33464,0.8904195553430552,0.4427906971390249,8.22224218945182,4.3933392386895775,94,0.24468085106382978,5.501316489076857,110.33469202126078,110.44000334554535,3738,0.0,3.141641454115752,27.84610834711612,21.224180173606694,29820,1.0,0.12042977476689717,6.084232752390816,2.617843028472418,17046,0.78487621729438,0.7524249355876457,9.567198350087114,6.157485842814768,0.7394748373264483,0.17137150466442108,"[""y@t"", ""throughput_2@t"", ""cores_3@t+h"", ""data_quality_3@t+h"", ""data_quality_3@t""]",5,20,194400.0,1642,0.21958996364503247,3.4797365754812564,6.237240408306934,,
"forced=('y@t', 'throughput_2@t', 'cores_3@t+h', 'data_quality_3@t+h'),max_parents=5",persistence,4,133160,33558,0.8886107634543179,3.077798347080902,8.178235962801633,3.4797365754812626,33464,0.8904195553430552,3.0278195802088805,7.888623211158364,3.177145589289989,94,0.24468085106382978,20.870239353520496,111.28037554780612,111.20212765957447,3738,0.0,27.631021115928547,29.672995689107662,22.419208132691278,29820,1.0,0.0,5.483822419644963,1.1056338028169082,17046,0.78487621729438,5.944089782477413,9.79507236652644,6.237240408306934,0.7394748373264483,0.17137150466442108,"[""y@t"", ""throughput_2@t"", ""cores_3@t+h"", ""data_quality_3@t+h"", ""data_quality_3@t""]",5,20,194400.0,1642,0.21958996364503247,3.4797365754812564,6.237240408306934,,
"forced=('y@t', 'throughput_2@t', 'cores_3@t+h', 'data_quality_3@t+h'),max_parents=5",model,5,166718,33201,0.8920514442336074,0.37873368600705276,9.58451870973161,6.39101365414965,33108,0.8939229189319802,0.36309228826453455,9.279979867128919,6.078664519846275,93,0.22580645161290322,5.947071282343517,118.00034667628944,117.58730546615142,3337,0.24782738987114175,2.7420756718378674,36.36385879859457,34.827028903212955,29864,0.9640369675863917,0.11465411841003198,6.592198261146834,3.2135765095566864,18670,0.8364756293519015,0.5652792638741077,10.938938033118111,8.65872449701239,0.6804275076731521,0.21608437038958073,"[""y@t"", ""throughput_2@t"", ""cores_3@t+h"", ""data_quality_3@t+h"", ""avg_p_latency_3@t""]",5,20,237600.0,2314,0.23731212915273636,4.876780819854823,8.07123727905731,,
"forced=('y@t', 'throughput_2@t', 'cores_3@t+h', 'data_quality_3@t+h'),max_parents=5",ar,5,166718,33201,0.8995210987620855,0.43980100166609887,10.265829303389747,6.4406367979635535,33108,0.9014135556361,0.4246930884468797,9.959790895435876,6.1244522121795875,93,0.22580645161290322,5.81821810770813,119.21550253496788,119.00234933705568,3337,0.00029967036260113877,3.2669967260021817,41.18023455812651,35.44465731633126,29864,1.0,0.12389046951670465,6.811457138406607,3.1997308084848153,18670,0.8251740760578468,0.6621837791390752,12.095901398735837,8.611769401247129,0.689302047179812,0.21608437038958073,"[""y@t"", ""throughput_2@t"", ""cores_3@t+h"", ""data_quality_3@t+h"", ""avg_p_latency_3@t""]",5,20,237600.0,2314,0.23731212915273636,4.876780819854823,8.07123727905731,,
"forced=('y@t', 'throughput_2@t', 'cores_3@t+h', 'data_quality_3@t+h'),max_parents=5",persistence,5,166718,33201,0.8994909791873739,2.7771668764149746,9.591855277699558,4.876780819854831,33108,0.9013833514558415,2.7248786983057482,9.278621368473416,4.551467923160573,93,0.22580645161290322,21.391758283299517,121.10312696220682,120.68817204301075,3337,0.0,27.631021115928547,43.39065382393359,37.13964638897213,29864,1.0,0.0,5.815181330847731,1.271731851058139,18670,0.825120514193894,4.832098765051243,11.866004617462789,8.07123727905731,0.6895036600830379,0.21608437038958073,"[""y@t"", ""throughput_2@t"", ""cores_3@t+h"", ""data_quality_3@t+h"", ""avg_p_latency_3@t""]",5,20,237600.0,2314,0.23731212915273636,4.876780819854823,8.07123727905731,,
"forced=('y@t', 'throughput_2@t', 'cores_3@t+h', 'data_quality_3@t+h'),max_parents=6",model,1,33200,33558,0.8857798438524346,0.5327563236264568,11.349831125062439,7.024240105760547,33464,0.887819746593354,0.5143181142943078,11.03525643785268,6.697481922502574,94,0.1595744680851064,7.0967588458714665,123.33841977173628,123.35015334559905,3694,0.015430427720628045,3.9547869796178627,42.36604761440891,37.28413711334486,29864,0.9934369140101795,0.10947139048848958,7.513308766649437,3.2812699897005273,18713,0.800406134772618,0.8493657911921009,13.902267517071216,9.715337505001221,0.7241238901029914,0.04391199164092541,"[""y@t"", ""throughput_2@t"", ""cores_3@t+h"", ""data_quality_3@t+h"", ""buffer_size_3@t""]",5,20,320000.0,856,0.7866976577865189,5.184546158889088,8.675573130978464,,
"forced=('y@t', 'throughput_2@t', 'cores_3@t+h', 'data_quality_3@t+h'),max_parents=6",ar,1,33200,33558,0.8856606472376185,0.5576372039854111,11.487186815944714,7.077786139463065,33464,0.8877002151565861,0.5402474176521279,11.172550032185619,6.7507304392704155,94,0.1595744680851064,6.748401138634215,123.49788183418326,123.50961540804602,3694,0.004872766648619383,4.0583061636338496,42.90464030387504,37.64494866652446,29864,0.9946088936512189,0.1246251782373086,7.601033816198711,3.2968090977082847,18713,0.7998717469139102,0.8748493576805083,14.154713683099247,9.718863562364737,0.7218339023363998,0.04391199164092541,"[""y@t"", ""throughput_2@t"", ""cores_3@t+h"", ""data_quality_3@t+h"", ""buffer_size_3@t""]",5,20,320000.0,856,0.7866976577865189,5.184546158889088,8.675573130978464,,
"forced=('y@t', 'throughput_2@t', 'cores_3@t+h', 'data_quality_3@t+h'),max_parents=6",persistence,1,33200,33558,0.8899219262172954,3.0415695810906507,10.024628822031769,5.1845461588890895,33464,0.8919734640210375,2.984883496715327,9.70548658753815,4.851362658379156,94,0.1595744680851064,23.221815618705897,123.63926430175924,123.79787234042553,3694,0.0,27.63102111592855,42.1496400137932,36.3264753654575,29864,1.0,0.0,6.050955123184769,1.3324738815965729,18713,0.8068187890771121,5.337794118210961,12.858127756401132,8.675573130978464,0.7735241456423483,0.04391199164092541,"[""y@t"", ""throughput_2@t"", ""cores_3@t+h"", ""data_quality_3@t+h"", ""buffer_size_3@t""]",5,20,320000.0,856,0.7866976577865189,5.184546158889088,8.675573130978464,,
"forced=('y@t', 'throughput_2@t', 'cores_3@t+h', 'data_quality_3@t+h'),max_parents=6",model,2,66758,33201,0.8752146019698201,0.46872763162818587,10.520273428741639,6.511914585076387,33108,0.8772502114292619,0.4511620378580996,10.178224320437414,6.160948002930446,93,0.15053763440860216,6.722079013778904,132.28975598504567,131.45601782903142,4367,0.1060224410350355,2.956228802495969,31.799733221901807,27.44707011662631,28834,0.9917111743081085,0.09198775463645355,7.297432306568842,3.3412194263651944,19738,0.7980545141351707,0.7053603717638696,11.58309238282512,8.166151528723379,0.7663553725211052,0.0880738366395235,"[""y@t"", ""throughput_2@t"", ""cores_3@t+h"", ""data_quality_3@t+h"", ""data_quality_2@t+h"", ""cores_3@t""]",6,20,1152000.0,1140,0.48778651245444415,4.902623414957381,7.62306211368933,,
"forced=('y@t', 'throughput_2@t', 'cores_3@t+h', 'data_quality_3@t+h'),max_parents=6",ar,2,66758,33201,0.8701545134182705,0.5050236978555155,10.454689521086923,6.380662534734873,33108,0.8721759091458258,0.48812108193588344,10.111391585326679,6.028314798432174,93,0.15053763440860216,6.522354965244533,132.66875465173356,131.81645665849618,4367,0.034119532860087017,3.038713986816946,33.02808938132045,27.472451613798878,28834,0.9967746410487619,0.12128833363637949,7.035877105548329,3.186244732547439,19738,0.7858952274799879,0.7343481992221773,11.827036475823242,8.090460684569663,0.7505324110641358,0.0880738366395235,"[""y@t"", ""throughput_2@t"", ""cores_3@t+h"", ""data_quality_3@t+h"", ""data_quality_2@t+h"", ""cores_3@t""]",6,20,1152000.0,1140,0.48778651245444415,4.902623414957381,7.62306211368933,,
"forced=('y@t', 'throughput_2@t', 'cores_3@t+h', 'data_quality_3@t+h'),max_parents=6",persistence,2,66758,33201,0.8684678172344207,3.6343685194198962,9.960226829045615,4.902623414957387,33108,0.8704844750513471,3.578646204696799,9.612924391597936,4.54464177842214,93,0.15053763440860216,23.471512560842527,133.59989456041953,132.34408602150538,4367,0.0,27.631021115928547,34.401296563651044,27.813144034806502,28834,1.0,0.0,6.258549936105965,1.4327529999306452,19738,0.782754078427399,6.002726646321897,11.758325629862272,7.62306211368933,0.7626047187682191,0.0880738366395235,"[""y@t"", ""throughput_2@t"", ""cores_3@t+h"", ""data_quality_3@t+h"", ""data_quality_2@t+h"", ""cores_3@t""]",6,20,1152000.0,1140,0.48778651245444415,4.902623414957381,7.62306211368933,,
"forced=('y@t', 'throughput_2@t', 'cores_3@t+h', 'data_quality_3@t+h'),max_parents=6",model,3,99959,33201,0.9148820818650041,0.3352873016491086,8.999383828438589,5.660460313161572,33108,0.916908300108735,0.317964167648621,8.599934282368192,5.253097088889418,93,0.1935483870967742,6.5023230058226815,151.20342222949978,150.68176815404823,3573,0.2994682339770501,2.4773610280218628,32.614476541755266,31.835901008687745,29628,0.9890981503982719,0.07696310074692657,6.151512684092684,2.5038230239380326,18433,0.8579178646991809,0.5191297484046822,10.126748806280577,7.736186914270089,0.784816035085123,0.26481696777045727,"[""y@t"", ""throughput_2@t"", ""cores_3@t+h"", ""data_quality_3@t+h"", ""avg_p_latency_3@t"", ""cores_3@t""]",6,20,1684800.0,1813,0.24439022920996356,4.688894912803831,7.6735745673520315,,
"forced=('y@t', 'throughput_2@t', 'cores_3@t+h', 'data_quality_3@t+h'),max_parents=6",ar,3,99959,33201,0.8925634770037048,0.4319739097995062,9.609222363733878,5.773449984125006,33108,0.8945270025371511,0.41501823570537455,9.207312154040748,5.36200070706736,93,0.1935483870967742,6.468193887310355,152.68925701448777,152.24939261664642,3573,0.011474951021550517,3.047328471810701,36.64845547219517,31.069313193702868,29628,0.9988186850276766,0.11657422537713544,6.348415697859292,2.7228856784742113,18433,0.8107199045190691,0.6504801301619253,11.002593193631258,7.465522463291521,0.7581009007981645,0.26481696777045727,"[""y@t"", ""throughput_2@t"", ""cores_3@t+h"", ""data_quality_3@t+h"", ""avg_p_latency_3@t"", ""cores_3@t""]",6,20,1684800.0,1813,0.24439022920996356,4.688894912803831,7.6735745673520315,,
"forced=('y@t', 'throughput_2@t', 'cores_3@t+h', 'data_quality_3@t+h'),max_parents=6",persistence,3,99959,33201,0.8923827595554351,2.973574243161733,9.329639287342522,4.688894912803838,33108,0.8943457774555998,2.919334054111334,8.924678899107837,4.272290685030815,93,0.1935483870967742,22.283081545103663,153.4955374988903,153.0,3573,0.0,27.631021115928547,39.205393036369564,33.52504897844948,29628,1.0,0.0,5.726761329151836,1.2113878763332064,18433,0.8102316497585852,5.243493292655458,11.48355310837272,7.6735745673520315,0.7693282577853836,0.26481696777045727,"[""y@t"", ""throughput_2@t"", ""cores_3@t+h"", ""data_quality_3@t+h"", ""avg_p_latency_3@t"", ""cores_3@t""]",6,20,1684800.0,1813,0.24439022920996356,4.688894912803831,7.6735745673520315,,
"forced=('y@t', 'throughput_2@t', 'cores_3@t+h', 'data_quality_3@t+h'),max_parents=6",model,4,133160,33558,0.9012754037785327,0.36104638655792,8.02491502895598,4.8515267469583785,33464,0.9031197704996414,0.3464612585255462,7.741095240891124,4.558654110027306,94,0.24468085106382978,5.553351966082993,109.06475958004538,109.11418549442035,3738,0.2619047619047619,2.530591076853076,24.41849640581793,23.06247986270788,29820,0.9814218645204561,0.08908937608430181,5.969944969039484,2.5687453000545672,17046,0.8197231021940631,0.6112560159410513,8.844566866440035,6.939832340937744,0.7442030350453752,0.30699990876019,"[""y@t"", ""throughput_2@t"", ""cores_3@t+h"", ""data_quality_3@t+h"", ""data_quality_3@t""]",5,20,194400.0,1642,0.21958996364503247,3.4797365754812564,6.237240408306934,,
"forced=('y@t', 'throughput_2@t', 'cores_3@t+h', 'data_quality_3@t+h'),max_parents=6",ar,4,133160,33558,0.8886107634543179,0.45696023717246426,8.508271460689382,4.690388717980491,33464,0.8904195553430552,0.4427906971390249,8.22224218945182,4.3933392386895775,94,0.24468085106382978,5.501316489076857,110.33469202126078,110.44000334554535,3738,0.0,3.141641454115752,27.84610834711612,21.224180173606694,29820,1.0,0.12042977476689717,6.084232752390816,2.617843028472418,17046,0.78487621729438,0.7524249355876457,9.567198350087114,6.157485842814768,0.7394748373264483,0.30699990876019,"[""y@t"", ""throughput_2@t"", ""cores_3@t+h"", ""data_quality_3@t+h"", ""data_quality_3@t""]",5,20,194400.0,1642,0.21958996364503247,3.4797365754812564,6.237240408306934,,
"forced=('y@t', 'throughput_2@t', 'cores_3@t+h', 'data_quality_3@t+h'),max_parents=6",persistence,4,133160,33558,0.8886107634543179,3.077798347080902,8.178235962801633,3.4797365754812626,33464,0.8904195553430552,3.0278195802088805,7.888623211158364,3.177145589289989,94,0.24468085106382978,20.870239353520496,111.28037554780612,111.20212765957447,3738,0.0,27.631021115928547,29.672995689107662,22.419208132691278,29820,1.0,0.0,5.483822419644963,1.1056338028169082,17046,0.78487621729438,5.944089782477413,9.79507236652644,6.237240408306934,0.7394748373264483,0.30699990876019,"[""y@t"", ""throughput_2@t"", ""cores_3@t+h"", ""data_quality_3@t+h"", ""data_quality_3@t""]",5,20,194400.0,1642,0.21958996364503247,3.4797365754812564,6.237240408306934,,
"forced=('y@t', 'throughput_2@t', 'cores_3@t+h', 'data_quality_3@t+h'),max_parents=6",model,5,166718,33201,0.900243968555164,0.3720581985080181,9.352881166829656,6.249040076708494,33108,0.9021384559623051,0.35651413949225236,9.047098017756335,5.935178516927886,93,0.22580645161290322,5.905743208120611,118.21168223693196,117.98375535860504,3337,0.2118669463590051,2.7622963494315265,36.778772254861636,34.812770351661186,29864,0.9771631395660327,0.10497325644962843,6.288315182341218,3.0573320694918733,18670,0.8429030530262454,0.5608159766822682,10.813767183467824,8.483789653606111,0.685215864237191,0.3748666550964117,"[""y@t"", ""throughput_2@t"", ""cores_3@t+h"", ""data_quality_3@t+h"", ""avg_p_latency_3@t"", ""buffer_size_3@t""]",6,20,4752000.0,3930,0.3229420800578296,4.876780819854823,8.07123727905731,,
"forced=('y@t', 'throughput_2@t', 'cores_3@t+h', 'data_quality_3@t+h'),max_parents=6",ar,5,166718,33201,0.8995210987620855,0.43980100166609887,10.265829303389747,6.4406367979635535,33108,0.9014135556361,0.4246930884468797,9.959790895435876,6.1244522121795875,93,0.22580645161290322,5.81821810770813,119.21550253496788,119.00234933705568,3337,0.00029967036260113877,3.2669967260021817,41.18023455812651,35.44465731633126,29864,1.0,0.12389046951670465,6.811457138406607,3.1997308084848153,18670,0.8251740760578468,0.6621837791390752,12.095901398735837,8.611769401247129,0.689302047179812,0.3748666550964117,"[""y@t"", ""throughput_2@t"", ""cores_3@t+h"", ""data_quality_3@t+h"", ""avg_p_latency_3@t"", ""buffer_size_3@t""]",6,20,4752000.0,3930,0.3229420800578296,4.876780819854823,8.07123727905731,,
"forced=('y@t', 'throughput_2@t', 'cores_3@t+h', 'data_quality_3@t+h'),max_parents=6",persistence,5,166718,33201,0.8994909791873739,2.7771668764149746,9.591855277699558,4.876780819854831,33108,0.9013833514558415,2.7248786983057482,9.278621368473416,4.551467923160573,93,0.22580645161290322,21.391758283299517,121.10312696220682,120.68817204301075,3337,0.0,27.631021115928547,43.39065382393359,37.13964638897213,29864,1.0,0.0,5.815181330847731,1.271731851058139,18670,0.825120514193894,4.832098765051243,11.866004617462789,8.07123727905731,0.6895036600830379,0.3748666550964117,"[""y@t"", ""throughput_2@t"", ""cores_3@t+h"", ""data_quality_3@t+h"", ""avg_p_latency_3@t"", ""buffer_size_3@t""]",6,20,4752000.0,3930,0.3229420800578296,4.876780819854823,8.07123727905731,,
"forced=('y@t', 'cores_3@t+h', 'data_quality_3@t+h')",model,1,33200,33558,0.8850050658561297,0.5393934414877811,11.289435319129206,7.2588878066917815,33464,0.8870726751135549,0.5208095800370022,10.974959141067744,6.9331668256599,94,0.14893617021276595,7.155248117965028,123.24295470900925,123.21555705404143,3694,0.053871142393069844,3.9303464168535625,41.59774405526459,37.17994518064878,29864,0.9878114117331904,0.11995263345800623,7.54047695885315,3.5578301473227363,18713,0.8009405226313259,0.8599660840426063,13.824148286518907,10.092033485308853,0.728710126570395,0.026896217837929726,"[""y@t"", ""cores_3@t+h"", ""data_quality_3@t+h"", ""throughput_2@t""]",4,20,16000.0,501,0.6197925978902199,5.184546158889088,8.675573130978464,,
"forced=('y@t', 'cores_3@t+h', 'data_quality_3@t+h')",ar,1,33200,33558,0.8856606472376185,0.5576372039854111,11.487186815944714,7.077786139463065,33464,0.8877002151565861,0.5402474176521279,11.172550032185619,6.7507304392704155,94,0.1595744680851064,6.748401138634215,123.49788183418326,123.50961540804602,3694,0.004872766648619383,4.0583061636338496,42.90464030387504,37.64494866652446,29864,0.9946088936512189,0.1246251782373086,7.601033816198711,3.2968090977082847,18713,0.7998717469139102,0.8748493576805083,14.154713683099247,9.718863562364737,0.7218339023363998,0.026896217837929726,"[""y@t"", ""cores_3@t+h"", ""data_quality_3@t+h"", ""throughput_2@t""]",4,20,16000.0,501,0.6197925978902199,5.184546158889088,8.675573130978464,,
"forced=('y@t', 'cores_3@t+h', 'data_quality_3@t+h')",persistence,1,33200,33558,0.8899219262172954,3.0415695810906507,10.024628822031769,5.1845461588890895,33464,0.8919734640210375,2.984883496715327,9.70548658753815,4.851362658379156,94,0.1595744680851064,23.221815618705897,123.63926430175924,123.79787234042553,3694,0.0,27.63102111592855,42.1496400137932,36.3264753654575,29864,1.0,0.0,6.050955123184769,1.3324738815965729,18713,0.8068187890771121,5.337794118210961,12.858127756401132,8.675573130978464,0.7735241456423483,0.026896217837929726,"[""y@t"", ""cores_3@t+h"", ""data_quality_3@t+h"", ""throughput_2@t""]",4,20,16000.0,501,0.6197925978902199,5.184546158889088,8.675573130978464,,
"forced=('y@t', 'cores_3@t+h', 'data_quality_3@t+h')",model,2,66758,33201,0.8751844823951086,0.4693889974370241,10.342939872593071,6.639277503463452,33108,0.8771898030687447,0.4492025284358275,9.999844851068298,6.2886727290595905,93,0.16129032258064516,7.655771961863017,132.48476753541178,131.45457719123814,4367,0.12525761392260132,3.008093720605845,31.36065661552645,27.29273420274808,28834,0.9887632655892349,0.0848941813838147,7.159740558713968,3.5112465190084357,19738,0.8007396899381903,0.7067161774816044,11.388697303141113,8.307950395628456,0.7653927548390634,0.05592106468975544,"[""y@t"", ""cores_3@t+h"", ""data_quality_3@t+h"", ""throughput_2@t""]",4,20,19200.0,969,0.3003825185988374,4.902623414957381,7.62306211368933,,
"forced=('y@t', 'cores_3@t+h', 'data_quality_3@t+h')",ar,2,66758,33201,0.8701545134182705,0.5050236978555155,10.454689521086923,6.380662534734873,33108,0.8721759091458258,0.48812108193588344,10.111391585326679,6.028314798432174,93,0.15053763440860216,6.522354965244533,132.66875465173356,131.81645665849618,4367,0.034119532860087017,3.038713986816946,33.02808938132045,27.472451613798878,28834,0.9967746410487619,0.12128833363637949,7.035877105548329,3.186244732547439,19738,0.7858952274799879,0.7343481992221773,11.827036475823242,8.090460684569663,0.7505324110641358,0.05592106468975544,"[""y@t"", ""cores_3@t+h"", ""data_quality_3@t+h"", ""throughput_2@t""]",4,20,19200.0,969,0.3003825185988374,4.902623414957381,7.62306211368933,,
"forced=('y@t', 'cores_3@t+h', 'data_quality_3@t+h')",persistence,2,66758,33201,0.8684678172344207,3.6343685194198962,9.960226829045615,4.902623414957387,33108,0.8704844750513471,3.578646204696799,9.612924391597936,4.54464177842214,93,0.15053763440860216,23.471512560842527,133.59989456041953,132.34408602150538,4367,0.0,27.631021115928547,34.401296563651044,27.813144034806502,28834,1.0,0.0,6.258549936105965,1.4327529999306452,19738,0.782754078427399,6.002726646321897,11.758325629862272,7.62306211368933,0.7626047187682191,0.05592106468975544,"[""y@t"", ""cores_3@t+h"", ""data_quality_3@t+h"", ""throughput_2@t""]",4,20,19200.0,969,0.3003825185988374,4.902623414957381,7.62306211368933,,
"forced=('y@t', 'cores_3@t+h', 'data_quality_3@t+h')",model,3,99959,33201,0.9165386584741424,0.3363450078725706,9.19162827272253,6.034447095820485,33108,0.9185695300229552,0.317539739198104,8.790479753226144,5.6257885127389,93,0.1935483870967742,7.031020655982648,152.0005012134356,151.51690267286455,3573,0.3165407220822838,2.4153783130720927,32.62878443179989,32.10340373975365,29628,0.9888956392601593,0.08562319069024663,6.365215455239629,2.890651291555154,18433,0.861064395377855,0.5132985090808178,10.324871337551244,8.118532629149895,0.786377608761011,0.1322904508560896,"[""y@t"", ""cores_3@t+h"", ""data_quality_3@t+h"", ""throughput_2@t""]",4,20,21600.0,1254,0.2096021204180597,4.688894912803831,7.6735745673520315,,
"forced=('y@t', 'cores_3@t+h', 'data_quality_3@t+h')",ar,3,99959,33201,0.8925634770037048,0.4319739097995062,9.609222363733878,5.773449984125006,33108,0.8945270025371511,0.41501823570537455,9.207312154040748,5.36200070706736,93,0.1935483870967742,6.468193887310355,152.68925701448777,152.24939261664642,3573,0.011474951021550517,3.047328471810701,36.64845547219517,31.069313193702868,29628,0.9988186850276766,0.11657422537713544,6.348415697859292,2.7228856784742113,18433,0.8107199045190691,0.6504801301619253,11.002593193631258,7.465522463291521,0.7581009007981645,0.1322904508560896,"[""y@t"", ""cores_3@t+h"", ""data_quality_3@t+h"", ""throughput_2@t""]",4,20,21600.0,1254,0.2096021204180597,4.688894912803831,7.6735745673520315,,
"forced=('y@t', 'cores_3@t+h', 'data_quality_3@t+h')",persistence,3,99959,33201,0.8923827595554351,2.973574243161733,9.329639287342522,4.688894912803838,33108,0.8943457774555998,2.919334054111334,8.924678899107837,4.272290685030815,93,0.1935483870967742,22.283081545103663,153.4955374988903,153.0,3573,0.0,27.631021115928547,39.205393036369564,33.52504897844948,29628,1.0,0.0,5.726761329151836,1.2113878763332064,18433,0.8102316497585852,5.243493292655458,11.48355310837272,7.6735745673520315,0.7693282577853836,0.1322904508560896,"[""y@t"", ""cores_3@t+h"", ""data_quality_3@t+h"", ""throughput_2@t""]",4,20,21600.0,1254,0.2096021204180597,4.688894912803831,7.6735745673520315,,
"forced=('y@t', 'cores_3@t+h', 'data_quality_3@t+h')",model,4,133160,33558,0.9013350020859408,0.3697096047364527,8.945516056511345,5.99393898487394,33464,0.9031197704996414,0.35289729401909004,8.662873893128028,5.7027830737248495,94,0.26595744680851063,6.354892220117566,109.56612622097262,109.64544335394994,3738,0.2624398073836276,2.5490575369454227,24.92723609341058,23.630004905574157,29820,0.9814218645204561,0.09652373717786346,6.942173685688765,3.783220862419969,17046,0.8197231021940631,0.618557052510936,9.920283242423938,8.318990306782686,0.7442313237121818,0.17873579263687134,"[""y@t"", ""cores_3@t+h"", ""data_quality_3@t+h"", ""throughput_2@t""]",4,20,21600.0,1484,0.15519399249061328,3.4797365754812564,6.237240408306934,,
"forced=('y@t', 'cores_3@t+h', 'data_quality_3@t+h')",ar,4,133160,33558,0.8886107634543179,0.45696023717246426,8.508271460689382,4.690388717980491,33464,0.8904195553430552,0.4427906971390249,8.22224218945182,4.3933392386895775,94,0.24468085106382978,5.501316489076857,110.33469202126078,110.44000334554535,3738,0.0,3.141641454115752,27.84610834711612,21.224180173606694,29820,1.0,0.12042977476689717,6.084232752390816,2.617843028472418,17046,0.78487621729438,0.7524249355876457,9.567198350087114,6.157485842814768,0.7394748373264483,0.17873579263687134,"[""y@t"", ""cores_3@t+h"", ""data_quality_3@t+h"", ""throughput_2@t""]",4,20,21600.0,1484,0.15519399249061328,3.4797365754812564,6.237240408306934,,
"forced=('y@t', 'cores_3@t+h', 'data_quality_3@t+h')",persistence,4,133160,33558,0.8886107634543179,3.077798347080902,8.178235962801633,3.4797365754812626,33464,0.8904195553430552,3.0278195802088805,7.888623211158364,3.177145589289989,94,0.24468085106382978,20.870239353520496,111.28037554780612,111.20212765957447,3738,0.0,27.631021115928547,29.672995689107662,22.419208132691278,29820,1.0,0.0,5.483822419644963,1.1056338028169082,17046,0.78487621729438,5.944089782477413,9.79507236652644,6.237240408306934,0.7394748373264483,0.17873579263687134,"[""y@t"", ""cores_3@t+h"", ""data_quality_3@t+h"", ""throughput_2@t""]",4,20,21600.0,1484,0.15519399249061328,3.4797365754812564,6.237240408306934,,
"forced=('y@t', 'cores_3@t+h', 'data_quality_3@t+h')",model,5,166718,33201,0.8934369446703413,0.3902437897628057,10.892287688728418,7.858988744430663,33108,0.8953123112238733,0.3722101176836172,10.588717065947302,7.5476918557905,93,0.22580645161290322,6.810231049953895,118.96342939880648,118.68068110032873,3337,0.2724003596044351,2.739963814457331,36.42323880977838,35.19984655709712,29864,0.9628315028127511,0.12768633857054648,8.039462082950768,4.803924368564471,18670,0.8393144081414033,0.5743344527007984,12.389715385795853,10.307517832562263,0.681659986549373,0.2258065566420555,"[""y@t"", ""cores_3@t+h"", ""data_quality_3@t+h"", ""throughput_2@t""]",4,20,21600.0,1661,0.1922833649588868,4.876780819854823,8.07123727905731,,
"forced=('y@t', 'cores_3@t+h', 'data_quality_3@t+h')",ar,5,166718,33201,0.8995210987620855,0.43980100166609887,10.265829303389747,6.4406367979635535,33108,0.9014135556361,0.4246930884468797,9.959790895435876,6.1244522121795875,93,0.22580645161290322,5.81821810770813,119.21550253496788,119.00234933705568,3337,0.00029967036260113877,3.2669967260021817,41.18023455812651,35.44465731633126,29864,1.0,0.12389046951670465,6.811457138406607,3.1997308084848153,18670,0.8251740760578468,0.6621837791390752,12.095901398735837,8.611769401247129,0.689302047179812,0.2258065566420555,"[""y@t"", ""cores_3@t+h"", ""data_quality_3@t+h"", ""throughput_2@t""]",4,20,21600.0,1661,0.1922833649588868,4.876780819854823,8.07123727905731,,
"forced=('y@t', 'cores_3@t+h', 'data_quality_3@t+h')",persistence,5,166718,33201,0.8994909791873739,2.7771668764149746,9.591855277699558,4.876780819854831,33108,0.9013833514558415,2.7248786983057482,9.278621368473416,4.551467923160573,93,0.22580645161290322,21.391758283299517,121.10312696220682,120.68817204301075,3337,0.0,27.631021115928547,43.39065382393359,37.13964638897213,29864,1.0,0.0,5.815181330847731,1.271731851058139,18670,0.825120514193894,4.832098765051243,11.866004617462789,8.07123727905731,0.6895036600830379,0.2258065566420555,"[""y@t"", ""cores_3@t+h"", ""data_quality_3@t+h"", ""throughput_2@t""]",4,20,21600.0,1661,0.1922833649588868,4.876780819854823,8.07123727905731,,
"forced=('y@t', 'cores_3@t+h', 'data_quality_3@t+h'),max_parents=5",model,1,33200,33558,0.8857798438524346,0.5327563236264568,11.349831125062439,7.024240105760547,33464,0.887819746593354,0.5143181142943078,11.03525643785268,6.697481922502574,94,0.1595744680851064,7.0967588458714665,123.33841977173628,123.35015334559905,3694,0.015430427720628045,3.9547869796178627,42.36604761440891,37.28413711334486,29864,0.9934369140101795,0.10947139048848958,7.513308766649437,3.2812699897005273,18713,0.800406134772618,0.8493657911921009,13.902267517071216,9.715337505001221,0.7241238901029914,0.043422089889645576,"[""y@t"", ""cores_3@t+h"", ""data_quality_3@t+h"", ""throughput_2@t"", ""buffer_size_3@t""]",5,20,320000.0,856,0.7866976577865189,5.184546158889088,8.675573130978464,,
"forced=('y@t', 'cores_3@t+h', 'data_quality_3@t+h'),max_parents=5",ar,1,33200,33558,0.8856606472376185,0.5576372039854111,11.487186815944714,7.077786139463065,33464,0.8877002151565861,0.5402474176521279,11.172550032185619,6.7507304392704155,94,0.1595744680851064,6.748401138634215,123.49788183418326,123.50961540804602,3694,0.004872766648619383,4.0583061636338496,42.90464030387504,37.64494866652446,29864,0.9946088936512189,0.1246251782373086,7.601033816198711,3.2968090977082847,18713,0.7998717469139102,0.8748493576805083,14.154713683099247,9.718863562364737,0.7218339023363998,0.043422089889645576,"[""y@t"", ""cores_3@t+h"", ""data_quality_3@t+h"", ""throughput_2@t"", ""buffer_size_3@t""]",5,20,320000.0,856,0.7866976577865189,5.184546158889088,8.675573130978464,,
"forced=('y@t', 'cores_3@t+h', 'data_quality_3@t+h'),max_parents=5",persistence,1,33200,33558,0.8899219262172954,3.0415695810906507,10.024628822031769,5.1845461588890895,33464,0.8919734640210375,2.984883496715327,9.70548658753815,4.851362658379156,94,0.1595744680851064,23.221815618705897,123.63926430175924,123.79787234042553,3694,0.0,27.63102111592855,42.1496400137932,36.3264753654575,29864,1.0,0.0,6.050955123184769,1.3324738815965729,18713,0.8068187890771121,5.337794118210961,12.858127756401132,8.675573130978464,0.7735241456423483,0.043422089889645576,"[""y@t"", ""cores_3@t+h"", ""data_quality_3@t+h"", ""throughput_2@t"", ""buffer_size_3@t""]",5,20,320000.0,856,0.7866976577865189,5.184546158889088,8.675573130978464,,
"forced=('y@t', 'cores_3@t+h', 'data_quality_3@t+h'),max_parents=5",model,2,66758,33201,0.8752146019698201,0.4704946723104405,10.562754093642296,6.525267989954744,33108,0.8772502114292619,0.4519191451291246,10.221424187753348,6.174946272883296,93,0.15053763440860216,7.083382348858877,132.07620059010807,131.23979926739057,4367,0.1060224410350355,2.9654092418729148,32.04905132641363,27.429553184421774,28834,0.9917111743081085,0.09263201276686943,7.30858679061419,3.3592482409002424,19738,0.7980545141351707,0.7060328482435995,11.65018393018682,8.168492732529678,0.7663553725211052,0.0892422329634428,"[""y@t"", ""cores_3@t+h"", ""data_quality_3@t+h"", ""throughput_2@t"", ""data_quality_2@t+h""]",5,20,192000.0,1097,0.48432276136260954,4.902623414957381,7.62306211368933,,
"forced=('y@t', 'cores_3@t+h', 'data_quality_3@t+h'),max_parents=5",ar,2,66758,33201,0.8701545134182705,0.5050236978555155,10.454689521086923,6.380662534734873,33108,0.8721759091458258,0.48812108193588344,10.111391585326679,6.028314798432174,93,0.15053763440860216,6.522354965244533,132.66875465173356,131.81645665849618,4367,0.034119532860087017,3.038713986816946,33.02808938132045,27.472451613798878,28834,0.9967746410487619,0.12128833363637949,7.035877105548329,3.186244732547439,19738,0.7858952274799879,0.7343481992221773,11.827036475823242,8.090460684569663,0.7505324110641358,0.0892422329634428,"[""y@t"", ""cores_3@t+h"", ""data_quality_3@t+h"", ""throughput_2@t"", ""data_quality_2@t+h""]",5,20,192000.0,1097,0.48432276136260954,4.902623414957381,7.62306211368933,,
"forced=('y@t', 'cores_3@t+h', 'data_quality_3@t+h'),max_parents=5",persistence,2,66758,33201,0.8684678172344207,3.6343685194198962,9.960226829045615,4.902623414957387,33108,0.8704844750513471,3.578646204696799,9.612924391597936,4.54464177842214,93,0.15053763440860216,23.471512560842527,133.59989456041953,132.34408602150538,4367,0.0,27.631021115928547,34.401296563651044,27.813144034806502,28834,1.0,0.0,6.258549936105965,1.4327529999306452,19738,0.782754078427399,6.002726646321897,11.758325629862272,7.62306211368933,0.7626047187682191,0.0892422329634428,"[""y@t"", ""cores_3@t+h"", ""data_quality_3@t+h"", ""throughput_2@t"", ""data_quality_2@t+h""]",5,20,192000.0,1097,0.48432276136260954,4.902623414957381,7.62306211368933,,
"forced=('y@t', 'cores_3@t+h', 'data_quality_3@t+h'),max_parents=5",model,3,99959,33201,0.9148820818650041,0.33567277367292564,8.989650140686761,5.672487541078488,33108,0.916908300108735,0.3181808834630219,8.593551320497012,5.268536168854591,93,0.1935483870967742,6.562785688398642,150.00083012823742,149.47917605278587,3573,0.2994682339770501,2.479464458676914,32.584965352539626,31.808498036775056,29628,0.9890981503982719,0.07714139489206798,6.144164071699644,2.520605351895154,18433,0.8579178646991809,0.5193610909630515,10.111997726300512,7.745112406186906,0.7848324253160874,0.2713614050298929,"[""y@t"", ""cores_3@t+h"", ""data_quality_3@t+h"", ""throughput_2@t"", ""avg_p_latency_3@t""]",5,20,280800.0,1778,0.24306496792265292,4.688894912803831,7.6735745673520315,,
"forced=('y@t', 'cores_3@t+h', 'data_quality_3@t+h'),max_parents=5",ar,3,99959,33201,0.8925634770037048,0.4319739097995062,9.609222363733878,5.773449984125006,33108,0.8945270025371511,0.41501823570537455,9.207312154040748,5.36200070706736,93,0.1935483870967742,6.468193887310355,152.68925701448777,152.24939261664642,3573,0.011474951021550517,3.047328471810701,36.64845547219517,31.069313193702868,29628,0.9988186850276766,0.11657422537713544,6.348415697859292,2.7228856784742113,18433,0.8107199045190691,0.6504801301619253,11.002593193631258,7.465522463291521,0.7581009007981645,0.2713614050298929,"[""y@t"", ""cores_3@t+h"", ""data_quality_3@t+h"", ""throughput_2@t"", ""avg_p_latency_3@t""]",5,20,280800.0,1778,0.24306496792265292,4.688894912803831,7.6735745673520315,,
"forced=('y@t', 'cores_3@t+h', 'data_quality_3@t+h'),max_parents=5",persistence,3,99959,33201,0.8923827595554351,2.973574243161733,9.329639287342522,4.688894912803838,33108,0.8943457774555998,2.919334054111334,8.924678899107837,4.272290685030815,93,0.1935483870967742,22.283081545103663,153.4955374988903,153.0,3573,0.0,27.631021115928547,39.205393036369564,33.52504897844948,29628,1.0,0.0,5.726761329151836,1.2113878763332064,18433,0.8102316497585852,5.243493292655458,11.48355310837272,7.6735745673520315,0.7693282577853836,0.2713614050298929,"[""y@t"", ""cores_3@t+h"", ""data_quality_3@t+h"", ""throughput_2@t"", ""avg_p_latency_3@t""]",5,20,280800.0,1778,0.24306496792265292,4.688894912803831,7.6735745673520315,,
"forced=('y@t', 'cores_3@t+h', 'data_quality_3@t+h'),max_parents=5",model,4,133160,33558,0.9012754037785327,0.36104638655792,8.02491502895598,4.8515267469583785,33464,0.9031197704996414,0.3464612585255462,7.741095240891124,4.558654110027306,94,0.24468085106382978,5.553351966082993,109.06475958004538,109.11418549442035,3738,0.2619047619047619,2.530591076853076,24.41849640581793,23.06247986270788,29820,0.9814218645204561,0.08908937608430181,5.969944969039484,2.5687453000545672,17046,0.8197231021940631,0.6112560159410513,8.844566866440035,6.939832340937744,0.7442030350453752,0.30698677338659763,"[""y@t"", ""cores_3@t+h"", ""data_quality_3@t+h"", ""throughput_2@t"", ""data_quality_3@t""]",5,20,194400.0,1642,0.21958996364503247,3.4797365754812564,6.237240408306934,,
"forced=('y@t', 'cores_3@t+h', 'data_quality_3@t+h'),max_parents=5",ar,4,133160,33558,0.8886107634543179,0.45696023717246426,8.508271460689382,4.690388717980491,33464,0.8904195553430552,0.4427906971390249,8.22224218945182,4.3933392386895775,94,0.24468085106382978,5.501316489076857,110.33469202126078,110.44000334554535,3738,0.0,3.141641454115752,27.84610834711612,21.224180173606694,29820,1.0,0.12042977476689717,6.084232752390816,2.617843028472418,17046,0.78487621729438,0.7524249355876457,9.567198350087114,6.157485842814768,0.7394748373264483,0.30698677338659763,"[""y@t"", ""cores_3@t+h"", ""data_quality_3@t+h"", ""throughput_2@t"", ""data_quality_3@t""]",5,20,194400.0,1642,0.21958996364503247,3.4797365754812564,6.237240408306934,,
"forced=('y@t', 'cores_3@t+h', 'data_quality_3@t+h'),max_parents=5",persistence,4,133160,33558,0.8886107634543179,3.077798347080902,8.178235962801633,3.4797365754812626,33464,0.8904195553430552,3.0278195802088805,7.888623211158364,3.177145589289989,94,0.24468085106382978,20.870239353520496,111.28037554780612,111.20212765957447,3738,0.0,27.631021115928547,29.672995689107662,22.419208132691278,29820,1.0,0.0,5.483822419644963,1.1056338028169082,17046,0.78487621729438,5.944089782477413,9.79507236652644,6.237240408306934,0.7394748373264483,0.30698677338659763,"[""y@t"", ""cores_3@t+h"", ""data_quality_3@t+h"", ""throughput_2@t"", ""data_quality_3@t""]",5,20,194400.0,1642,0.21958996364503247,3.4797365754812564,6.237240408306934,,
"forced=('y@t', 'cores_3@t+h', 'data_quality_3@t+h'),max_parents=5",model,5,166718,33201,0.8920514442336074,0.37873368600705276,9.58451870973161,6.39101365414965,33108,0.8939229189319802,0.36309228826453455,9.279979867128919,6.078664519846275,93,0.22580645161290322,5.947071282343517,118.00034667628944,117.58730546615142,3337,0.24782738987114175,2.7420756718378674,36.36385879859457,34.827028903212955,29864,0.9640369675863917,0.11465411841003198,6.592198261146834,3.2135765095566864,18670,0.8364756293519015,0.5652792638741077,10.938938033118111,8.65872449701239,0.6804275076731521,0.3794657737016678,"[""y@t"", ""cores_3@t+h"", ""data_quality_3@t+h"", ""throughput_2@t"", ""avg_p_latency_3@t""]",5,20,237600.0,2314,0.23731212915273636,4.876780819854823,8.07123727905731,,
"forced=('y@t', 'cores_3@t+h', 'data_quality_3@t+h'),max_parents=5",ar,5,166718,33201,0.8995210987620855,0.43980100166609887,10.265829303389747,6.4406367979635535,33108,0.9014135556361,0.4246930884468797,9.959790895435876,6.1244522121795875,93,0.22580645161290322,5.81821810770813,119.21550253496788,119.00234933705568,3337,0.00029967036260113877,3.2669967260021817,41.18023455812651,35.44465731633126,29864,1.0,0.12389046951670465,6.811457138406607,3.1997308084848153,18670,0.8251740760578468,0.6621837791390752,12.095901398735837,8.611769401247129,0.689302047179812,0.3794657737016678,"[""y@t"", ""cores_3@t+h"", ""data_quality_3@t+h"", ""throughput_2@t"", ""avg_p_latency_3@t""]",5,20,237600.0,2314,0.23731212915273636,4.876780819854823,8.07123727905731,,
"forced=('y@t', 'cores_3@t+h', 'data_quality_3@t+h'),max_parents=5",persistence,5,166718,33201,0.8994909791873739,2.7771668764149746,9.591855277699558,4.876780819854831,33108,0.9013833514558415,2.7248786983057482,9.278621368473416,4.551467923160573,93,0.22580645161290322,21.391758283299517,121.10312696220682,120.68817204301075,3337,0.0,27.631021115928547,43.39065382393359,37.13964638897213,29864,1.0,0.0,5.815181330847731,1.271731851058139,18670,0.825120514193894,4.832098765051243,11.866004617462789,8.07123727905731,0.6895036600830379,0.3794657737016678,"[""y@t"", ""cores_3@t+h"", ""data_quality_3@t+h"", ""throughput_2@t"", ""avg_p_latency_3@t""]",5,20,237600.0,2314,0.23731212915273636,4.876780819854823,8.07123727905731,,
exog=none,model,1,33200,33558,0.9085165981286132,0.39575763023917226,10.233411924028845,6.419884451063274,33464,0.9105606024384413,0.3723690898592801,9.915623004262898,6.090671937126979,94,0.18085106382978725,8.722078005480805,123.36626736070595,123.61953941238411,3694,0.2636708175419599,3.061669583227182,38.34665146073229,37.17952993961792,29864,0.9882802035896062,0.06600010431037147,6.75597062853653,2.615098406503909,18713,0.8454550312616897,0.6293357693205213,12.681177460757988,9.536700534606785,0.7514409891081286,0.042801881209015846,"[""y@t"", ""throughput_2@t"", ""buffer_size_3@t""]",3,20,8000.0,358,0.17074915072411945,5.184546158889088,8.675573130978464,,
exog=none,ar,1,33200,33558,0.8856606472376185,0.5576372039854111,11.487186815944714,7.077786139463065,33464,0.8877002151565861,0.5402474176521279,11.172550032185619,6.7507304392704155,94,0.1595744680851064,6.748401138634215,123.49788183418326,123.50961540804602,3694,0.004872766648619383,4.0583061636338496,42.90464030387504,37.64494866652446,29864,0.9946088936512189,0.1246251782373086,7.601033816198711,3.2968090977082847,18713,0.7998717469139102,0.8748493576805083,14.154713683099247,9.718863562364737,0.7218339023363998,0.042801881209015846,"[""y@t"", ""throughput_2@t"", ""buffer_size_3@t""]",3,20,8000.0,358,0.17074915072411945,5.184546158889088,8.675573130978464,,
exog=none,persistence,1,33200,33558,0.8899219262172954,3.0415695810906507,10.024628822031769,5.1845461588890895,33464,0.8919734640210375,2.984883496715327,9.70548658753815,4.851362658379156,94,0.1595744680851064,23.221815618705897,123.63926430175924,123.79787234042553,3694,0.0,27.63102111592855,42.1496400137932,36.3264753654575,29864,1.0,0.0,6.050955123184769,1.3324738815965729,18713,0.8068187890771121,5.337794118210961,12.858127756401132,8.675573130978464,0.7735241456423483,0.042801881209015846,"[""y@t"", ""throughput_2@t"", ""buffer_size_3@t""]",3,20,8000.0,358,0.17074915072411945,5.184546158889088,8.675573130978464,,
exog=none,model,2,66758,33201,0.8913586940152405,0.3899508807840776,9.618411632407058,6.46593402702357,33108,0.8933792436873264,0.3668801304039512,9.26914470828633,6.112046188127544,93,0.17204301075268819,8.603138016109073,133.95743661938667,132.4500046740089,4367,0.4025646897183421,2.198396032134519,27.779672554981996,28.30422926049036,28834,0.9653880835125199,0.11605617398143567,6.867831537765844,3.158455519548039,19738,0.843347856925727,0.5427031772494086,10.483474154354356,8.535104478090764,0.7677504713274199,0.08517888747155666,"[""y@t"", ""throughput_2@t"", ""data_quality_1@t""]",3,20,4000.0,547,0.10999668684678172,4.902623414957381,7.62306211368933,,
exog=none,ar,2,66758,33201,0.8701545134182705,0.5050236978555155,10.454689521086923,6.380662534734873,33108,0.8721759091458258,0.48812108193588344,10.111391585326679,6.028314798432174,93,0.15053763440860216,6.522354965244533,132.66875465173356,131.81645665849618,4367,0.034119532860087017,3.038713986816946,33.02808938132045,27.472451613798878,28834,0.9967746410487619,0.12128833363637949,7.035877105548329,3.186244732547439,19738,0.7858952274799879,0.7343481992221773,11.827036475823242,8.090460684569663,0.7505324110641358,0.08517888747155666,"[""y@t"", ""throughput_2@t"", ""data_quality_1@t""]",3,20,4000.0,547,0.10999668684678172,4.902623414957381,7.62306211368933,,
exog=none,persistence,2,66758,33201,0.8684678172344207,3.6343685194198962,9.960226829045615,4.902623414957387,33108,0.8704844750513471,3.578646204696799,9.612924391597936,4.54464177842214,93,0.15053763440860216,23.471512560842527,133.59989456041953,132.34408602150538,4367,0.0,27.631021115928547,34.401296563651044,27.813144034806502,28834,1.0,0.0,6.258549936105965,1.4327529999306452,19738,0.782754078427399,6.002726646321897,11.758325629862272,7.62306211368933,0.7626047187682191,0.08517888747155666,"[""y@t"", ""throughput_2@t"", ""data_quality_1@t""]",3,20,4000.0,547,0.10999668684678172,4.902623414957381,7.62306211368933,,
exog=none,model,3,99959,33201,0.9171109303936629,0.310909066878074,9.09561195905713,5.836296713261079,33108,0.9191736136281261,0.28866559774687484,8.69331999140584,5.425402356899121,93,0.1827956989247312,8.229584077584954,152.31155244291742,152.11468757811787,3573,0.3322138259165967,2.2605525859225306,31.170363585448104,30.787146231971697,29628,0.9876468205751316,0.07579106048054994,6.433498837648498,2.8273394657130484,18433,0.8656756903379808,0.4587279131051005,9.809934138810386,7.508548993244603,0.7822254272828963,0.23687848076224327,"[""y@t"", ""throughput_2@t"", ""buffer_size_3@t"", ""data_quality_1@t""]",4,20,80000.0,1326,0.19734345351043645,4.688894912803831,7.6735745673520315,,
exog=none,ar,3,99959,33201,0.8925634770037048,0.4319739097995062,9.609222363733878,5.773449984125006,33108,0.8945270025371511,0.41501823570537455,9.207312154040748,5.36200070706736,93,0.1935483870967742,6.468193887310355,152.68925701448777,152.24939261664642,3573,0.011474951021550517,3.047328471810701,36.64845547219517,31.069313193702868,29628,0.9988186850276766,0.11657422537713544,6.348415697859292,2.7228856784742113,18433,0.8107199045190691,0.6504801301619253,11.002593193631258,7.465522463291521,0.7581009007981645,0.23687848076224327,"[""y@t"", ""throughput_2@t"", ""buffer_size_3@t"", ""data_quality_1@t""]",4,20,80000.0,1326,0.19734345351043645,4.688894912803831,7.6735745673520315,,
exog=none,persistence,3,99959,33201,0.8923827595554351,2.973574243161733,9.329639287342522,4.688894912803838,33108,0.8943457774555998,2.919334054111334,8.924678899107837,4.272290685030815,93,0.1935483870967742,22.283081545103663,153.4955374988903,153.0,3573,0.0,27.631021115928547,39.205393036369564,33.52504897844948,29628,1.0,0.0,5.726761329151836,1.2113878763332064,18433,0.8102316497585852,5.243493292655458,11.48355310837272,7.6735745673520315,0.7693282577853836,0.23687848076224327,"[""y@t"", ""throughput_2@t"", ""buffer_size_3@t"", ""data_quality_1@t""]",4,20,80000.0,1326,0.19734345351043645,4.688894912803831,7.6735745673520315,,
exog=none,model,4,133160,33558,0.9297633947195899,0.2597708985209865,7.040279621893166,4.527702415589884,33464,0.9316280181687784,0.2408029966928781,6.750478473058238,4.230831103191468,94,0.26595744680851063,7.012343949327562,110.20948860712728,110.213889629426,3738,0.43686463349384697,1.8225092408281378,21.01678324828088,22.722830547595805,29820,0.9915492957746479,0.06387834575290692,5.288295364500903,2.2469046638313968,17046,0.8746333450662912,0.4214434800507546,7.543174617302164,6.683549204915176,0.762866079918198,0.29891733452677727,"[""y@t"", ""throughput_2@t"", ""buffer_size_3@t"", ""avg_p_latency_2@t""]",4,20,112000.0,1857,0.1192562131235473,3.4797365754812564,6.237240408306934,,
exog=none,ar,4,133160,33558,0.8886107634543179,0.45696023717246426,8.508271460689382,4.690388717980491,33464,0.8904195553430552,0.4427906971390249,8.22224218945182,4.3933392386895775,94,0.24468085106382978,5.501316489076857,110.33469202126078,110.44000334554535,3738,0.0,3.141641454115752,27.84610834711612,21.224180173606694,29820,1.0,0.12042977476689717,6.084232752390816,2.617843028472418,17046,0.78487621729438,0.7524249355876457,9.567198350087114,6.157485842814768,0.7394748373264483,0.29891733452677727,"[""y@t"", ""throughput_2@t"", ""buffer_size_3@t"", ""avg_p_latency_2@t""]",4,20,112000.0,1857,0.1192562131235473,3.4797365754812564,6.237240408306934,,
exog=none,persistence,4,133160,33558,0.8886107634543179,3.077798347080902,8.178235962801633,3.4797365754812626,33464,0.8904195553430552,3.0278195802088805,7.888623211158364,3.177145589289989,94,0.24468085106382978,20.870239353520496,111.28037554780612,111.20212765957447,3738,0.0,27.631021115928547,29.672995689107662,22.419208132691278,29820,1.0,0.0,5.483822419644963,1.1056338028169082,17046,0.78487621729438,5.944089782477413,9.79507236652644,6.237240408306934,0.7394748373264483,0.29891733452677727,"[""y@t"", ""throughput_2@t"", ""buffer_size_3@t"", ""avg_p_latency_2@t""]",4,20,112000.0,1857,0.1192562131235473,3.4797365754812564,6.237240408306934,,
exog=none,model,5,166718,33201,0.9285262492093611,0.27918718684488125,8.294749460686155,5.536755157405999,33108,0.9305001812250816,0.2585175062190892,7.980061240706962,5.21494885190925,93,0.22580645161290322,7.637593489626875,120.32375577327872,120.09979991424863,3337,0.42103685945459995,2.1274606637227684,31.686902917678776,32.877342360565656,29864,0.9852330565229038,0.07266131648787923,5.680912865254049,2.48172101941565,18670,0.8881092662024639,0.4090544730661516,9.44266588573603,7.855973021526849,0.7060795696935301,0.35671989619731903,"[""y@t"", ""throughput_2@t"", ""buffer_size_3@t""]",3,20,8000.0,917,0.05078160296376615,4.876780819854823,8.07123727905731,,
exog=none,ar,5,166718,33201,0.8995210987620855,0.43980100166609887,10.265829303389747,6.4406367979635535,33108,0.9014135556361,0.4246930884468797,9.959790895435876,6.1244522121795875,93,0.22580645161290322,5.81821810770813,119.21550253496788,119.00234933705568,3337,0.00029967036260113877,3.2669967260021817,41.18023455812651,35.44465731633126,29864,1.0,0.12389046951670465,6.811457138406607,3.1997308084848153,18670,0.8251740760578468,0.6621837791390752,12.095901398735837,8.611769401247129,0.689302047179812,0.35671989619731903,"[""y@t"", ""throughput_2@t"", ""buffer_size_3@t""]",3,20,8000.0,917,0.05078160296376615,4.876780819854823,8.07123727905731,,
exog=none,persistence,5,166718,33201,0.8994909791873739,2.7771668764149746,9.591855277699558,4.876780819854831,33108,0.9013833514558415,2.7248786983057482,9.278621368473416,4.551467923160573,93,0.22580645161290322,21.391758283299517,121.10312696220682,120.68817204301075,3337,0.0,27.631021115928547,43.39065382393359,37.13964638897213,29864,1.0,0.0,5.815181330847731,1.271731851058139,18670,0.825120514193894,4.832098765051243,11.866004617462789,8.07123727905731,0.6895036600830379,0.35671989619731903,"[""y@t"", ""throughput_2@t"", ""buffer_size_3@t""]",3,20,8000.0,917,0.05078160296376615,4.876780819854823,8.07123727905731,,
"exog=none,pool=local",model,1,33200,33558,0.9085165981286132,0.39575763023917226,10.233411924028845,6.419884451063274,33464,0.9105606024384413,0.3723690898592801,9.915623004262898,6.090671937126979,94,0.18085106382978725,8.722078005480805,123.36626736070595,123.61953941238411,3694,0.2636708175419599,3.061669583227182,38.34665146073229,37.17952993961792,29864,0.9882802035896062,0.06600010431037147,6.75597062853653,2.615098406503909,18713,0.8454550312616897,0.6293357693205213,12.681177460757988,9.536700534606785,0.7514409891081286,0.01516658253967762,"[""y@t"", ""throughput_2@t"", ""buffer_size_3@t""]",3,20,8000.0,358,0.17074915072411945,5.184546158889088,8.675573130978464,,
"exog=none,pool=local",ar,1,33200,33558,0.8856606472376185,0.5576372039854111,11.487186815944714,7.077786139463065,33464,0.8877002151565861,0.5402474176521279,11.172550032185619,6.7507304392704155,94,0.1595744680851064,6.748401138634215,123.49788183418326,123.50961540804602,3694,0.004872766648619383,4.0583061636338496,42.90464030387504,37.64494866652446,29864,0.9946088936512189,0.1246251782373086,7.601033816198711,3.2968090977082847,18713,0.7998717469139102,0.8748493576805083,14.154713683099247,9.718863562364737,0.7218339023363998,0.01516658253967762,"[""y@t"", ""throughput_2@t"", ""buffer_size_3@t""]",3,20,8000.0,358,0.17074915072411945,5.184546158889088,8.675573130978464,,
"exog=none,pool=local",persistence,1,33200,33558,0.8899219262172954,3.0415695810906507,10.024628822031769,5.1845461588890895,33464,0.8919734640210375,2.984883496715327,9.70548658753815,4.851362658379156,94,0.1595744680851064,23.221815618705897,123.63926430175924,123.79787234042553,3694,0.0,27.63102111592855,42.1496400137932,36.3264753654575,29864,1.0,0.0,6.050955123184769,1.3324738815965729,18713,0.8068187890771121,5.337794118210961,12.858127756401132,8.675573130978464,0.7735241456423483,0.01516658253967762,"[""y@t"", ""throughput_2@t"", ""buffer_size_3@t""]",3,20,8000.0,358,0.17074915072411945,5.184546158889088,8.675573130978464,,
"exog=none,pool=local",model,2,66758,33201,0.9082557754284509,0.357238404181894,8.98137800321367,6.073852837891621,33108,0.9103539929926302,0.3346645806803684,8.62919711892833,5.71777552298441,93,0.16129032258064516,8.393519570724989,134.35777280879486,132.83737694485862,4367,0.45202656285779713,2.135920456424295,26.196784856651615,27.408623001886305,28834,0.977353124783242,0.08785141236173151,6.374050482614257,2.842634786072075,19738,0.866146519404195,0.5049000509487213,9.837478022338919,8.13198136741715,0.7902166027924282,0.03064202331006527,"[""y@t"", ""throughput_2@t"", ""buffer_size_3@t""]",3,20,8000.0,618,0.06840155417005511,4.902623414957381,7.62306211368933,,
"exog=none,pool=local",ar,2,66758,33201,0.8701545134182705,0.5050236978555155,10.454689521086923,6.380662534734873,33108,0.8721759091458258,0.48812108193588344,10.111391585326679,6.028314798432174,93,0.15053763440860216,6.522354965244533,132.66875465173356,131.81645665849618,4367,0.034119532860087017,3.038713986816946,33.02808938132045,27.472451613798878,28834,0.9967746410487619,0.12128833363637949,7.035877105548329,3.186244732547439,19738,0.7858952274799879,0.7343481992221773,11.827036475823242,8.090460684569663,0.7505324110641358,0.03064202331006527,"[""y@t"", ""throughput_2@t"", ""buffer_size_3@t""]",3,20,8000.0,618,0.06840155417005511,4.902623414957381,7.62306211368933,,
"exog=none,pool=local",persistence,2,66758,33201,0.8684678172344207,3.6343685194198962,9.960226829045615,4.902623414957387,33108,0.8704844750513471,3.578646204696799,9.612924391597936,4.54464177842214,93,0.15053763440860216,23.471512560842527,133.59989456041953,132.34408602150538,4367,0.0,27.631021115928547,34.401296563651044,27.813144034806502,28834,1.0,0.0,6.258549936105965,1.4327529999306452,19738,0.782754078427399,6.002726646321897,11.758325629862272,7.62306211368933,0.7626047187682191,0.03064202331006527,"[""y@t"", ""throughput_2@t"", ""buffer_size_3@t""]",3,20,8000.0,618,0.06840155417005511,4.902623414957381,7.62306211368933,,
"exog=none,pool=local",model,3,99959,33201,0.9264781181289721,0.283299039399983,8.630433300922911,5.615043920094037,33108,0.9285671136885345,0.2610123388319934,8.226471850750427,5.203313721620586,93,0.1827956989247312,8.217364441604278,152.44070956232684,152.19099457664288,3573,0.4819479429051218,2.0493840835077224,28.740957012238187,29.562969031745293,29628,0.9800864047522614,0.0703173375437337,6.205196996733309,2.7270347252806877,18433,0.8858026365757066,0.42037014679684664,9.423523392820039,7.50488855556075,0.8191521798449972,0.08450333960354328,"[""y@t"", ""throughput_2@t"", ""buffer_size_3@t""]",3,20,8000.0,773,0.04647450378000663,4.688894912803831,7.6735745673520315,,
"exog=none,pool=local",ar,3,99959,33201,0.8925634770037048,0.4319739097995062,9.609222363733878,5.773449984125006,33108,0.8945270025371511,0.41501823570537455,9.207312154040748,5.36200070706736,93,0.1935483870967742,6.468193887310355,152.68925701448777,152.24939261664642,3573,0.011474951021550517,3.047328471810701,36.64845547219517,31.069313193702868,29628,0.9988186850276766,0.11657422537713544,6.348415697859292,2.7228856784742113,18433,0.8107199045190691,0.6504801301619253,11.002593193631258,7.465522463291521,0.7581009007981645,0.08450333960354328,"[""y@t"", ""throughput_2@t"", ""buffer_size_3@t""]",3,20,8000.0,773,0.04647450378000663,4.688894912803831,7.6735745673520315,,
"exog=none,pool=local",persistence,3,99959,33201,0.8923827595554351,2.973574243161733,9.329639287342522,4.688894912803838,33108,0.8943457774555998,2.919334054111334,8.924678899107837,4.272290685030815,93,0.1935483870967742,22.283081545103663,153.4955374988903,153.0,3573,0.0,27.631021115928547,39.205393036369564,33.52504897844948,29628,1.0,0.0,5.726761329151836,1.2113878763332064,18433,0.8102316497585852,5.243493292655458,11.48355310837272,7.6735745673520315,0.7693282577853836,0.08450333960354328,"[""y@t"", ""throughput_2@t"", ""buffer_size_3@t""]",3,20,8000.0,773,0.04647450378000663,4.688894912803831,7.6735745673520315,,
"exog=none,pool=local",model,4,133160,33558,0.9356338279992849,0.2430800786816313,6.855214877988624,4.349318402561803,33464,0.937514941429596,0.22396389907605174,6.564595926188359,4.051528854376881,94,0.26595744680851063,7.048440018267952,110.31556171888289,110.36239755639421,3738,0.49625468164794007,1.712335383630113,19.731741585138426,22.22791516212655,29820,0.990710932260228,0.05890582214583572,5.241115051317734,2.108198527067066,17046,0.8867769564707263,0.3890479449933268,7.301085186377792,6.545581890227474,0.763051338048726,0.10090742073953152,"[""y@t"", ""throughput_2@t"", ""buffer_size_3@t""]",3,20,8000.0,849,0.053489480898742475,3.4797365754812564,6.237240408306934,,
"exog=none,pool=local",ar,4,133160,33558,0.8886107634543179,0.45696023717246426,8.508271460689382,4.690388717980491,33464,0.8904195553430552,0.4427906971390249,8.22224218945182,4.3933392386895775,94,0.24468085106382978,5.501316489076857,110.33469202126078,110.44000334554535,3738,0.0,3.141641454115752,27.84610834711612,21.224180173606694,29820,1.0,0.12042977476689717,6.084232752390816,2.617843028472418,17046,0.78487621729438,0.7524249355876457,9.567198350087114,6.157485842814768,0.7394748373264483,0.10090742073953152,"[""y@t"", ""throughput_2@t"", ""buffer_size_3@t""]",3,20,8000.0,849,0.053489480898742475,3.4797365754812564,6.237240408306934,,
"exog=none,pool=local",persistence,4,133160,33558,0.8886107634543179,3.077798347080902,8.178235962801633,3.4797365754812626,33464,0.8904195553430552,3.0278195802088805,7.888623211158364,3.177145589289989,94,0.24468085106382978,20.870239353520496,111.28037554780612,111.20212765957447,3738,0.0,27.631021115928547,29.672995689107662,22.419208132691278,29820,1.0,0.0,5.483822419644963,1.1056338028169082,17046,0.78487621729438,5.944089782477413,9.79507236652644,6.237240408306934,0.7394748373264483,0.10090742073953152,"[""y@t"", ""throughput_2@t"", ""buffer_size_3@t""]",3,20,8000.0,849,0.053489480898742475,3.4797365754812564,6.237240408306934,,
"exog=none,pool=local",model,5,166718,33201,0.9285262492093611,0.27918718684488125,8.294749460686155,5.536755157405999,33108,0.9305001812250816,0.2585175062190892,7.980061240706962,5.21494885190925,93,0.22580645161290322,7.637593489626875,120.32375577327872,120.09979991424863,3337,0.42103685945459995,2.1274606637227684,31.686902917678776,32.877342360565656,29864,0.9852330565229038,0.07266131648787923,5.680912865254049,2.48172101941565,18670,0.8881092662024639,0.4090544730661516,9.44266588573603,7.855973021526849,0.7060795696935301,0.12691648676991463,"[""y@t"", ""throughput_2@t"", ""buffer_size_3@t""]",3,20,8000.0,917,0.05078160296376615,4.876780819854823,8.07123727905731,,
"exog=none,pool=local",ar,5,166718,33201,0.8995210987620855,0.43980100166609887,10.265829303389747,6.4406367979635535,33108,0.9014135556361,0.4246930884468797,9.959790895435876,6.1244522121795875,93,0.22580645161290322,5.81821810770813,119.21550253496788,119.00234933705568,3337,0.00029967036260113877,3.2669967260021817,41.18023455812651,35.44465731633126,29864,1.0,0.12389046951670465,6.811457138406607,3.1997308084848153,18670,0.8251740760578468,0.6621837791390752,12.095901398735837,8.611769401247129,0.689302047179812,0.12691648676991463,"[""y@t"", ""throughput_2@t"", ""buffer_size_3@t""]",3,20,8000.0,917,0.05078160296376615,4.876780819854823,8.07123727905731,,
"exog=none,pool=local",persistence,5,166718,33201,0.8994909791873739,2.7771668764149746,9.591855277699558,4.876780819854831,33108,0.9013833514558415,2.7248786983057482,9.278621368473416,4.551467923160573,93,0.22580645161290322,21.391758283299517,121.10312696220682,120.68817204301075,3337,0.0,27.631021115928547,43.39065382393359,37.13964638897213,29864,1.0,0.0,5.815181330847731,1.271731851058139,18670,0.825120514193894,4.832098765051243,11.866004617462789,8.07123727905731,0.6895036600830379,0.12691648676991463,"[""y@t"", ""throughput_2@t"", ""buffer_size_3@t""]",3,20,8000.0,917,0.05078160296376615,4.876780819854823,8.07123727905731,,
"engine=hc-bic,pool=local",model,1,33200,33558,0.8856606472376185,0.5576372039854111,11.487186815944714,7.077786139463065,33464,0.8877002151565861,0.5402474176521279,11.172550032185619,6.7507304392704155,94,0.1595744680851064,6.748401138634215,123.49788183418326,123.50961540804602,3694,0.004872766648619383,4.0583061636338496,42.90464030387504,37.64494866652446,29864,0.9946088936512189,0.1246251782373086,7.601033816198711,3.2968090977082847,18713,0.7998717469139102,0.8748493576805083,14.154713683099247,9.718863562364737,0.7218339023363998,0.006817333400249481,"[""y@t""]",1,20,20.0,20,0.0,5.184546158889088,8.675573130978464,,
"engine=hc-bic,pool=local",ar,1,33200,33558,0.8856606472376185,0.5576372039854111,11.487186815944714,7.077786139463065,33464,0.8877002151565861,0.5402474176521279,11.172550032185619,6.7507304392704155,94,0.1595744680851064,6.748401138634215,123.49788183418326,123.50961540804602,3694,0.004872766648619383,4.0583061636338496,42.90464030387504,37.64494866652446,29864,0.9946088936512189,0.1246251782373086,7.601033816198711,3.2968090977082847,18713,0.7998717469139102,0.8748493576805083,14.154713683099247,9.718863562364737,0.7218339023363998,0.006817333400249481,"[""y@t""]",1,20,20.0,20,0.0,5.184546158889088,8.675573130978464,,
"engine=hc-bic,pool=local",persistence,1,33200,33558,0.8899219262172954,3.0415695810906507,10.024628822031769,5.1845461588890895,33464,0.8919734640210375,2.984883496715327,9.70548658753815,4.851362658379156,94,0.1595744680851064,23.221815618705897,123.63926430175924,123.79787234042553,3694,0.0,27.63102111592855,42.1496400137932,36.3264753654575,29864,1.0,0.0,6.050955123184769,1.3324738815965729,18713,0.8068187890771121,5.337794118210961,12.858127756401132,8.675573130978464,0.7735241456423483,0.006817333400249481,"[""y@t""]",1,20,20.0,20,0.0,5.184546158889088,8.675573130978464,,
"engine=hc-bic,pool=local",model,2,66758,33201,0.8701545134182705,0.5050236978555155,10.454689521086923,6.380662534734873,33108,0.8721759091458258,0.48812108193588344,10.111391585326679,6.028314798432174,93,0.15053763440860216,6.522354965244533,132.66875465173356,131.81645665849618,4367,0.034119532860087017,3.038713986816946,33.02808938132045,27.472451613798878,28834,0.9967746410487619,0.12128833363637949,7.035877105548329,3.186244732547439,19738,0.7858952274799879,0.7343481992221773,11.827036475823242,8.090460684569663,0.7505324110641358,0.01273476891219616,"[""y@t""]",1,20,20.0,20,0.0,4.902623414957381,7.62306211368933,,
"engine=hc-bic,pool=local",ar,2,66758,33201,0.8701545134182705,0.5050236978555155,10.454689521086923,6.380662534734873,33108,0.8721759091458258,0.48812108193588344,10.111391585326679,6.028314798432174,93,0.15053763440860216,6.522354965244533,132.66875465173356,131.81645665849618,4367,0.034119532860087017,3.038713986816946,33.02808938132045,27.472451613798878,28834,0.9967746410487619,0.12128833363637949,7.035877105548329,3.186244732547439,19738,0.7858952274799879,0.7343481992221773,11.827036475823242,8.090460684569663,0.7505324110641358,0.01273476891219616,"[""y@t""]",1,20,20.0,20,0.0,4.902623414957381,7.62306211368933,,
"engine=hc-bic,pool=local",persistence,2,66758,33201,0.8684678172344207,3.6343685194198962,9.960226829045615,4.902623414957387,33108,0.8704844750513471,3.578646204696799,9.612924391597936,4.54464177842214,93,0.15053763440860216,23.471512560842527,133.59989456041953,132.34408602150538,4367,0.0,27.631021115928547,34.401296563651044,27.813144034806502,28834,1.0,0.0,6.258549936105965,1.4327529999306452,19738,0.782754078427399,6.002726646321897,11.758325629862272,7.62306211368933,0.7626047187682191,0.01273476891219616,"[""y@t""]",1,20,20.0,20,0.0,4.902623414957381,7.62306211368933,,
"engine=hc-bic,pool=local",model,3,99959,33201,0.8925634770037048,0.4319739097995062,9.609222363733878,5.773449984125006,33108,0.8945270025371511,0.41501823570537455,9.207312154040748,5.36200070706736,93,0.1935483870967742,6.468193887310355,152.68925701448777,152.24939261664642,3573,0.011474951021550517,3.047328471810701,36.64845547219517,31.069313193702868,29628,0.9988186850276766,0.11657422537713544,6.348415697859292,2.7228856784742113,18433,0.8107199045190691,0.6504801301619253,11.002593193631258,7.465522463291521,0.7581009007981645,0.020443249493837357,"[""y@t""]",1,20,20.0,20,0.0,4.688894912803831,7.6735745673520315,,
"engine=hc-bic,pool=local",ar,3,99959,33201,0.8925634770037048,0.4319739097995062,9.609222363733878,5.773449984125006,33108,0.8945270025371511,0.41501823570537455,9.207312154040748,5.36200070706736,93,0.1935483870967742,6.468193887310355,152.68925701448777,152.24939261664642,3573,0.011474951021550517,3.047328471810701,36.64845547219517,31.069313193702868,29628,0.9988186850276766,0.11657422537713544,6.348415697859292,2.7228856784742113,18433,0.8107199045190691,0.6504801301619253,11.002593193631258,7.465522463291521,0.7581009007981645,0.020443249493837357,"[""y@t""]",1,20,20.0,20,0.0,4.688894912803831,7.6735745673520315,,
"engine=hc-bic,pool=local",persistence,3,99959,33201,0.8923827595554351,2.973574243161733,9.329639287342522,4.688894912803838,33108,0.8943457774555998,2.919334054111334,8.924678899107837,4.272290685030815,93,0.1935483870967742,22.283081545103663,153.4955374988903,153.0,3573,0.0,27.631021115928547,39.205393036369564,33.52504897844948,29628,1.0,0.0,5.726761329151836,1.2113878763332064,18433,0.8102316497585852,5.243493292655458,11.48355310837272,7.6735745673520315,0.7693282577853836,0.020443249493837357,"[""y@t""]",1,20,20.0,20,0.0,4.688894912803831,7.6735745673520315,,
"engine=hc-bic,pool=local",model,4,133160,33558,0.8886107634543179,0.45696023717246426,8.508271460689382,4.690388717980491,33464,0.8904195553430552,0.4427906971390249,8.22224218945182,4.3933392386895775,94,0.24468085106382978,5.501316489076857,110.33469202126078,110.44000334554535,3738,0.0,3.141641454115752,27.84610834711612,21.224180173606694,29820,1.0,0.12042977476689717,6.084232752390816,2.617843028472418,17046,0.78487621729438,0.7524249355876457,9.567198350087114,6.157485842814768,0.7394748373264483,0.02675480954349041,"[""y@t""]",1,20,20.0,20,0.0,3.4797365754812564,6.237240408306934,,
"engine=hc-bic,pool=local",ar,4,133160,33558,0.8886107634543179,0.45696023717246426,8.508271460689382,4.690388717980491,33464,0.8904195553430552,0.4427906971390249,8.22224218945182,4.3933392386895775,94,0.24468085106382978,5.501316489076857,110.33469202126078,110.44000334554535,3738,0.0,3.141641454115752,27.84610834711612,21.224180173606694,29820,1.0,0.12042977476689717,6.084232752390816,2.617843028472418,17046,0.78487621729438,0.7524249355876457,9.567198350087114,6.157485842814768,0.7394748373264483,0.02675480954349041,"[""y@t""]",1,20,20.0,20,0.0,3.4797365754812564,6.237240408306934,,
"engine=hc-bic,pool=local",persistence,4,133160,33558,0.8886107634543179,3.077798347080902,8.178235962801633,3.4797365754812626,33464,0.8904195553430552,3.0278195802088805,7.888623211158364,3.177145589289989,94,0.24468085106382978,20.870239353520496,111.28037554780612,111.20212765957447,3738,0.0,27.631021115928547,29.672995689107662,22.419208132691278,29820,1.0,0.0,5.483822419644963,1.1056338028169082,17046,0.78487621729438,5.944089782477413,9.79507236652644,6.237240408306934,0.7394748373264483,0.02675480954349041,"[""y@t""]",1,20,20.0,20,0.0,3.4797365754812564,6.237240408306934,,
"engine=hc-bic,pool=local",model,5,166718,33201,0.8995210987620855,0.43980100166609887,10.265829303389747,6.4406367979635535,33108,0.9014135556361,0.4246930884468797,9.959790895435876,6.1244522121795875,93,0.22580645161290322,5.81821810770813,119.21550253496788,119.00234933705568,3337,0.00029967036260113877,3.2669967260021817,41.18023455812651,35.44465731633126,29864,1.0,0.12389046951670465,6.811457138406607,3.1997308084848153,18670,0.8251740760578468,0.6621837791390752,12.095901398735837,8.611769401247129,0.689302047179812,0.03378034755587578,"[""y@t""]",1,20,20.0,20,0.0,4.876780819854823,8.07123727905731,,
"engine=hc-bic,pool=local",ar,5,166718,33201,0.8995210987620855,0.43980100166609887,10.265829303389747,6.4406367979635535,33108,0.9014135556361,0.4246930884468797,9.959790895435876,6.1244522121795875,93,0.22580645161290322,5.81821810770813,119.21550253496788,119.00234933705568,3337,0.00029967036260113877,3.2669967260021817,41.18023455812651,35.44465731633126,29864,1.0,0.12389046951670465,6.811457138406607,3.1997308084848153,18670,0.8251740760578468,0.6621837791390752,12.095901398735837,8.611769401247129,0.689302047179812,0.03378034755587578,"[""y@t""]",1,20,20.0,20,0.0,4.876780819854823,8.07123727905731,,
"engine=hc-bic,pool=local",persistence,5,166718,33201,0.8994909791873739,2.7771668764149746,9.591855277699558,4.876780819854831,33108,0.9013833514558415,2.7248786983057482,9.278621368473416,4.551467923160573,93,0.22580645161290322,21.391758283299517,121.10312696220682,120.68817204301075,3337,0.0,27.631021115928547,43.39065382393359,37.13964638897213,29864,1.0,0.0,5.815181330847731,1.271731851058139,18670,0.825120514193894,4.832098765051243,11.866004617462789,8.07123727905731,0.6895036600830379,0.03378034755587578,"[""y@t""]",1,20,20.0,20,0.0,4.876780819854823,8.07123727905731,,
"engine=hc-aic,pool=local",model,1,33200,33558,0.8902795160617438,0.637559938722757,12.294984656988879,8.94282702233829,33464,0.8923320583313411,0.615968653534236,11.982201743607966,8.61912122280902,94,0.1595744680851064,8.324057465836244,123.64570182059367,124.18209165475875,3694,0.061180292365998916,4.784782663353012,40.22461227088055,35.57132729367337,29864,0.9928341816233592,0.12457303995554014,8.840255069334317,5.649039184061042,18713,0.8087960241543312,1.0065444437062856,13.191180940059603,9.965787596745297,0.7411856132234156,0.01052357628941536,"[""y@t"", ""data_quality_3@t+h""]",2,20,160.0,93,0.023094344120626973,5.184546158889088,8.675573130978464,,
"engine=hc-aic,pool=local",ar,1,33200,33558,0.8856606472376185,0.5576372039854111,11.487186815944714,7.077786139463065,33464,0.8877002151565861,0.5402474176521279,11.172550032185619,6.7507304392704155,94,0.1595744680851064,6.748401138634215,123.49788183418326,123.50961540804602,3694,0.004872766648619383,4.0583061636338496,42.90464030387504,37.64494866652446,29864,0.9946088936512189,0.1246251782373086,7.601033816198711,3.2968090977082847,18713,0.7998717469139102,0.8748493576805083,14.154713683099247,9.718863562364737,0.7218339023363998,0.01052357628941536,"[""y@t"", ""data_quality_3@t+h""]",2,20,160.0,93,0.023094344120626973,5.184546158889088,8.675573130978464,,
"engine=hc-aic,pool=local",persistence,1,33200,33558,0.8899219262172954,3.0415695810906507,10.024628822031769,5.1845461588890895,33464,0.8919734640210375,2.984883496715327,9.70548658753815,4.851362658379156,94,0.1595744680851064,23.221815618705897,123.63926430175924,123.79787234042553,3694,0.0,27.63102111592855,42.1496400137932,36.3264753654575,29864,1.0,0.0,6.050955123184769,1.3324738815965729,18713,0.8068187890771121,5.337794118210961,12.858127756401132,8.675573130978464,0.7735241456423483,0.01052357628941536,"[""y@t"", ""data_quality_3@t+h""]",2,20,160.0,93,0.023094344120626973,5.184546158889088,8.675573130978464,,
"engine=hc-aic,pool=local",model,2,66758,33201,0.8970814132104454,0.39218832821450794,9.600670919530035,6.192243606787734,33108,0.8991180379364504,0.37094326769818076,9.252004054586012,5.838328095999161,93,0.17204301075268819,7.9554298720269765,133.72607483960263,132.18616544751995,4367,0.45317151362491415,2.2891830350664293,26.11302462372706,27.163493120178103,28834,0.9643129638621072,0.10488251269039266,7.099823009901527,3.0160819009898656,19738,0.8551018340257371,0.5545701710181041,10.308711208068967,8.100726432292394,0.7843194832769,0.02064107172191143,"[""y@t"", ""throughput_2@t""]",2,20,400.0,243,0.03930604499864462,4.902623414957381,7.62306211368933,,
"engine=hc-aic,pool=local",ar,2,66758,33201,0.8701545134182705,0.5050236978555155,10.454689521086923,6.380662534734873,33108,0.8721759091458258,0.48812108193588344,10.111391585326679,6.028314798432174,93,0.15053763440860216,6.522354965244533,132.66875465173356,131.81645665849618,4367,0.034119532860087017,3.038713986816946,33.02808938132045,27.472451613798878,28834,0.9967746410487619,0.12128833363637949,7.035877105548329,3.186244732547439,19738,0.7858952274799879,0.7343481992221773,11.827036475823242,8.090460684569663,0.7505324110641358,0.02064107172191143,"[""y@t"", ""throughput_2@t""]",2,20,400.0,243,0.03930604499864462,4.902623414957381,7.62306211368933,,
"engine=hc-aic,pool=local",persistence,2,66758,33201,0.8684678172344207,3.6343685194198962,9.960226829045615,4.902623414957387,33108,0.8704844750513471,3.578646204696799,9.612924391597936,4.54464177842214,93,0.15053763440860216,23.471512560842527,133.59989456041953,132.34408602150538,4367,0.0,27.631021115928547,34.401296563651044,27.813144034806502,28834,1.0,0.0,6.258549936105965,1.4327529999306452,19738,0.782754078427399,6.002726646321897,11.758325629862272,7.62306211368933,0.7626047187682191,0.02064107172191143,"[""y@t"", ""throughput_2@t""]",2,20,400.0,243,0.03930604499864462,4.902623414957381,7.62306211368933,,
"engine=hc-aic,pool=local",model,3,99959,33201,0.921448149152134,0.30767248023175464,9.221293109552423,5.968577485717331,33108,0.923523015585357,0.28617990246772096,8.818392972746647,5.5573517822109855,93,0.1827956989247312,7.959030164227764,152.65374181240884,152.36492793397645,3573,0.4626364399664148,2.156089146610922,27.60244631905426,28.177810045874235,29628,0.9767787228297556,0.08476196487557917,7.004610902938746,3.2902465846291515,18433,0.8779363098790213,0.454171468515138,9.285769660200266,7.203651308363713,0.8173764657288165,0.031076651066541672,"[""y@t"", ""throughput_2@t""]",2,20,400.0,289,0.00207825065510075,4.688894912803831,7.6735745673520315,,
"engine=hc-aic,pool=local",ar,3,99959,33201,0.8925634770037048,0.4319739097995062,9.609222363733878,5.773449984125006,33108,0.8945270025371511,0.41501823570537455,9.207312154040748,5.36200070706736,93,0.1935483870967742,6.468193887310355,152.68925701448777,152.24939261664642,3573,0.011474951021550517,3.047328471810701,36.64845547219517,31.069313193702868,29628,0.9988186850276766,0.11657422537713544,6.348415697859292,2.7228856784742113,18433,0.8107199045190691,0.6504801301619253,11.002593193631258,7.465522463291521,0.7581009007981645,0.031076651066541672,"[""y@t"", ""throughput_2@t""]",2,20,400.0,289,0.00207825065510075,4.688894912803831,7.6735745673520315,,
"engine=hc-aic,pool=local",persistence,3,99959,33201,0.8923827595554351,2.973574243161733,9.329639287342522,4.688894912803838,33108,0.8943457774555998,2.919334054111334,8.924678899107837,4.272290685030815,93,0.1935483870967742,22.283081545103663,153.4955374988903,153.0,3573,0.0,27.631021115928547,39.205393036369564,33.52504897844948,29628,1.0,0.0,5.726761329151836,1.2113878763332064,18433,0.8102316497585852,5.243493292655458,11.48355310837272,7.6735745673520315,0.7693282577853836,0.031076651066541672,"[""y@t"", ""throughput_2@t""]",2,20,400.0,289,0.00207825065510075,4.688894912803831,7.6735745673520315,,
"engine=hc-aic,pool=local",model,4,133160,33558,0.9365874009178139,0.2910264967474137,7.568386692115304,4.543497910137425,33464,0.9384711929237389,0.2736146485715197,7.278994012570022,4.246218116426291,94,0.26595744680851063,6.4896444473656905,110.59218061023502,110.37510447130154,3738,0.5339753879079722,2.095861153348854,19.644962559846235,21.76961382400505,29820,0.9870556673373575,0.06478665951145854,6.054562393202553,2.384167887131484,17046,0.8902968438343306,0.4837706543609664,7.921775304706113,6.7713259684687115,0.7636260235194354,0.041949424892663956,"[""y@t"", ""throughput_2@t""]",2,20,400.0,307,0.027802610405864472,3.4797365754812564,6.237240408306934,,
"engine=hc-aic,pool=local",ar,4,133160,33558,0.8886107634543179,0.45696023717246426,8.508271460689382,4.690388717980491,33464,0.8904195553430552,0.4427906971390249,8.22224218945182,4.3933392386895775,94,0.24468085106382978,5.501316489076857,110.33469202126078,110.44000334554535,3738,0.0,3.141641454115752,27.84610834711612,21.224180173606694,29820,1.0,0.12042977476689717,6.084232752390816,2.617843028472418,17046,0.78487621729438,0.7524249355876457,9.567198350087114,6.157485842814768,0.7394748373264483,0.041949424892663956,"[""y@t"", ""throughput_2@t""]",2,20,400.0,307,0.027802610405864472,3.4797365754812564,6.237240408306934,,
"engine=hc-aic,pool=local",persistence,4,133160,33558,0.8886107634543179,3.077798347080902,8.178235962801633,3.4797365754812626,33464,0.8904195553430552,3.0278195802088805,7.888623211158364,3.177145589289989,94,0.24468085106382978,20.870239353520496,111.28037554780612,111.20212765957447,3738,0.0,27.631021115928547,29.672995689107662,22.419208132691278,29820,1.0,0.0,5.483822419644963,1.1056338028169082,17046,0.78487621729438,5.944089782477413,9.79507236652644,6.237240408306934,0.7394748373264483,0.041949424892663956,"[""y@t"", ""throughput_2@t""]",2,20,400.0,307,0.027802610405864472,3.4797365754812564,6.237240408306934,,
"engine=hc-aic,pool=local",model,5,166718,33201,0.9180747567844342,0.3132286226480971,8.959046782465489,5.675097800637878,33108,0.9200193306753655,0.2941085567387873,8.645435787551081,5.353390358598336,93,0.22580645161290322,7.119972086362372,120.60456097199416,120.20294716671525,3337,0.41863949655379085,2.3741496339844304,32.203214110598665,33.107015879652366,29864,0.9738815965711224,0.082941540715692,6.361746140422212,2.609858360855151,18670,0.8768612747723621,0.4655959965743236,10.11896862239009,8.01216118874136,0.7022135613832078,0.05304192379117012,"[""y@t"", ""throughput_2@t""]",2,20,400.0,316,0.0003915544712508659,4.876780819854823,8.07123727905731,,
"engine=hc-aic,pool=local",ar,5,166718,33201,0.8995210987620855,0.43980100166609887,10.265829303389747,6.4406367979635535,33108,0.9014135556361,0.4246930884468797,9.959790895435876,6.1244522121795875,93,0.22580645161290322,5.81821810770813,119.21550253496788,119.00234933705568,3337,0.00029967036260113877,3.2669967260021817,41.18023455812651,35.44465731633126,29864,1.0,0.12389046951670465,6.811457138406607,3.1997308084848153,18670,0.8251740760578468,0.6621837791390752,12.095901398735837,8.611769401247129,0.689302047179812,0.05304192379117012,"[""y@t"", ""throughput_2@t""]",2,20,400.0,316,0.0003915544712508659,4.876780819854823,8.07123727905731,,
"engine=hc-aic,pool=local",persistence,5,166718,33201,0.8994909791873739,2.7771668764149746,9.591855277699558,4.876780819854831,33108,0.9013833514558415,2.7248786983057482,9.278621368473416,4.551467923160573,93,0.22580645161290322,21.391758283299517,121.10312696220682,120.68817204301075,3337,0.0,27.631021115928547,43.39065382393359,37.13964638897213,29864,1.0,0.0,5.815181330847731,1.271731851058139,18670,0.825120514193894,4.832098765051243,11.866004617462789,8.07123727905731,0.6895036600830379,0.05304192379117012,"[""y@t"", ""throughput_2@t""]",2,20,400.0,316,0.0003915544712508659,4.876780819854823,8.07123727905731,,
"engine=hc-bdeu,pool=local",model,1,33200,33558,0.896418141724775,0.4970304328913355,10.809523895263542,7.077120526653806,33464,0.8985178101840784,0.4750714371187427,10.494257577037402,6.7511095607513045,94,0.14893617021276595,8.31443292793443,123.04433318376911,123.13702438794412,3694,0.17758527341635083,3.810149278563155,39.86605254232955,36.52493533212184,29864,0.9853335119207072,0.08721724591331194,7.215403321252631,3.434600171329705,18713,0.8227969860524769,0.8069514473817184,13.089828879234128,9.86617626882657,0.7437832930457281,0.015059160068631172,"[""y@t"", ""throughput_2@t"", ""data_quality_3@t+h""]",3,20,3200.0,330,0.15927647654806604,5.184546158889088,8.675573130978464,,
"engine=hc-bdeu,pool=local",ar,1,33200,33558,0.8856606472376185,0.5576372039854111,11.487186815944714,7.077786139463065,33464,0.8877002151565861,0.5402474176521279,11.172550032185619,6.7507304392704155,94,0.1595744680851064,6.748401138634215,123.49788183418326,123.50961540804602,3694,0.004872766648619383,4.0583061636338496,42.90464030387504,37.64494866652446,29864,0.9946088936512189,0.1246251782373086,7.601033816198711,3.2968090977082847,18713,0.7998717469139102,0.8748493576805083,14.154713683099247,9.718863562364737,0.7218339023363998,0.015059160068631172,"[""y@t"", ""throughput_2@t"", ""data_quality_3@t+h""]",3,20,3200.0,330,0.15927647654806604,5.184546158889088,8.675573130978464,,
"engine=hc-bdeu,pool=local",persistence,1,33200,33558,0.8899219262172954,3.0415695810906507,10.024628822031769,5.1845461588890895,33464,0.8919734640210375,2.984883496715327,9.70548658753815,4.851362658379156,94,0.1595744680851064,23.221815618705897,123.63926430175924,123.79787234042553,3694,0.0,27.63102111592855,42.1496400137932,36.3264753654575,29864,1.0,0.0,6.050955123184769,1.3324738815965729,18713,0.8068187890771121,5.337794118210961,12.858127756401132,8.675573130978464,0.7735241456423483,0.015059160068631172,"[""y@t"", ""throughput_2@t"", ""data_quality_3@t+h""]",3,20,3200.0,330,0.15927647654806604,5.184546158889088,8.675573130978464,,
"engine=hc-bdeu,pool=local",model,2,66758,33201,0.8970814132104454,0.39218832821450794,9.600670919530035,6.192243606787734,33108,0.8991180379364504,0.37094326769818076,9.252004054586012,5.838328095999161,93,0.17204301075268819,7.9554298720269765,133.72607483960263,132.18616544751995,4367,0.45317151362491415,2.2891830350664293,26.11302462372706,27.163493120178103,28834,0.9643129638621072,0.10488251269039266,7.099823009901527,3.0160819009898656,19738,0.8551018340257371,0.5545701710181041,10.308711208068967,8.100726432292394,0.7843194832769,0.020598242059350014,"[""y@t"", ""throughput_2@t""]",2,20,400.0,243,0.03930604499864462,4.902623414957381,7.62306211368933,,
"engine=hc-bdeu,pool=local",ar,2,66758,33201,0.8701545134182705,0.5050236978555155,10.454689521086923,6.380662534734873,33108,0.8721759091458258,0.48812108193588344,10.111391585326679,6.028314798432174,93,0.15053763440860216,6.522354965244533,132.66875465173356,131.81645665849618,4367,0.034119532860087017,3.038713986816946,33.02808938132045,27.472451613798878,28834,0.9967746410487619,0.12128833363637949,7.035877105548329,3.186244732547439,19738,0.7858952274799879,0.7343481992221773,11.827036475823242,8.090460684569663,0.7505324110641358,0.020598242059350014,"[""y@t"", ""throughput_2@t""]",2,20,400.0,243,0.03930604499864462,4.902623414957381,7.62306211368933,,
"engine=hc-bdeu,pool=local",persistence,2,66758,33201,0.8684678172344207,3.6343685194198962,9.960226829045615,4.902623414957387,33108,0.8704844750513471,3.578646204696799,9.612924391597936,4.54464177842214,93,0.15053763440860216,23.471512560842527,133.59989456041953,132.34408602150538,4367,0.0,27.631021115928547,34.401296563651044,27.813144034806502,28834,1.0,0.0,6.258549936105965,1.4327529999306452,19738,0.782754078427399,6.002726646321897,11.758325629862272,7.62306211368933,0.7626047187682191,0.020598242059350014,"[""y@t"", ""throughput_2@t""]",2,20,400.0,243,0.03930604499864462,4.902623414957381,7.62306211368933,,
"engine=hc-bdeu,pool=local",model,3,99959,33201,0.9264781181289721,0.283299039399983,8.630433300922911,5.615043920094037,33108,0.9285671136885345,0.2610123388319934,8.226471850750427,5.203313721620586,93,0.1827956989247312,8.217364441604278,152.44070956232684,152.19099457664288,3573,0.4819479429051218,2.0493840835077224,28.740957012238187,29.562969031745293,29628,0.9800864047522614,0.0703173375437337,6.205196996733309,2.7270347252806877,18433,0.8858026365757066,0.42037014679684664,9.423523392820039,7.50488855556075,0.8191521798449972,0.0445407722145319,"[""y@t"", ""throughput_2@t"", ""buffer_size_3@t""]",3,20,8000.0,773,0.04647450378000663,4.688894912803831,7.6735745673520315,,
"engine=hc-bdeu,pool=local",ar,3,99959,33201,0.8925634770037048,0.4319739097995062,9.609222363733878,5.773449984125006,33108,0.8945270025371511,0.41501823570537455,9.207312154040748,5.36200070706736,93,0.1935483870967742,6.468193887310355,152.68925701448777,152.24939261664642,3573,0.011474951021550517,3.047328471810701,36.64845547219517,31.069313193702868,29628,0.9988186850276766,0.11657422537713544,6.348415697859292,2.7228856784742113,18433,0.8107199045190691,0.6504801301619253,11.002593193631258,7.465522463291521,0.7581009007981645,0.0445407722145319,"[""y@t"", ""throughput_2@t"", ""buffer_size_3@t""]",3,20,8000.0,773,0.04647450378000663,4.688894912803831,7.6735745673520315,,
"engine=hc-bdeu,pool=local",persistence,3,99959,33201,0.8923827595554351,2.973574243161733,9.329639287342522,4.688894912803838,33108,0.8943457774555998,2.919334054111334,8.924678899107837,4.272290685030815,93,0.1935483870967742,22.283081545103663,153.4955374988903,153.0,3573,0.0,27.631021115928547,39.205393036369564,33.52504897844948,29628,1.0,0.0,5.726761329151836,1.2113878763332064,18433,0.8102316497585852,5.243493292655458,11.48355310837272,7.6735745673520315,0.7693282577853836,0.0445407722145319,"[""y@t"", ""throughput_2@t"", ""buffer_size_3@t""]",3,20,8000.0,773,0.04647450378000663,4.688894912803831,7.6735745673520315,,
"engine=hc-bdeu,pool=local",model,4,133160,33558,0.9356338279992849,0.2430800786816313,6.855214877988624,4.349318402561803,33464,0.937514941429596,0.22396389907605174,6.564595926188359,4.051528854376881,94,0.26595744680851063,7.048440018267952,110.31556171888289,110.36239755639421,3738,0.49625468164794007,1.712335383630113,19.731741585138426,22.22791516212655,29820,0.990710932260228,0.05890582214583572,5.241115051317734,2.108198527067066,17046,0.8867769564707263,0.3890479449933268,7.301085186377792,6.545581890227474,0.763051338048726,0.059650858864188194,"[""y@t"", ""throughput_2@t"", ""buffer_size_3@t""]",3,20,8000.0,849,0.053489480898742475,3.4797365754812564,6.237240408306934,,
"engine=hc-bdeu,pool=local",ar,4,133160,33558,0.8886107634543179,0.45696023717246426,8.508271460689382,4.690388717980491,33464,0.8904195553430552,0.4427906971390249,8.22224218945182,4.3933392386895775,94,0.24468085106382978,5.501316489076857,110.33469202126078,110.44000334554535,3738,0.0,3.141641454115752,27.84610834711612,21.224180173606694,29820,1.0,0.12042977476689717,6.084232752390816,2.617843028472418,17046,0.78487621729438,0.7524249355876457,9.567198350087114,6.157485842814768,0.7394748373264483,0.059650858864188194,"[""y@t"", ""throughput_2@t"", ""buffer_size_3@t""]",3,20,8000.0,849,0.053489480898742475,3.4797365754812564,6.237240408306934,,
"engine=hc-bdeu,pool=local",persistence,4,133160,33558,0.8886107634543179,3.077798347080902,8.178235962801633,3.4797365754812626,33464,0.8904195553430552,3.0278195802088805,7.888623211158364,3.177145589289989,94,0.24468085106382978,20.870239353520496,111.28037554780612,111.20212765957447,3738,0.0,27.631021115928547,29.672995689107662,22.419208132691278,29820,1.0,0.0,5.483822419644963,1.1056338028169082,17046,0.78487621729438,5.944089782477413,9.79507236652644,6.237240408306934,0.7394748373264483,0.059650858864188194,"[""y@t"", ""throughput_2@t"", ""buffer_size_3@t""]",3,20,8000.0,849,0.053489480898742475,3.4797365754812564,6.237240408306934,,
"engine=hc-bdeu,pool=local",model,5,166718,33201,0.9285262492093611,0.27918718684488125,8.294749460686155,5.536755157405999,33108,0.9305001812250816,0.2585175062190892,7.980061240706962,5.21494885190925,93,0.22580645161290322,7.637593489626875,120.32375577327872,120.09979991424863,3337,0.42103685945459995,2.1274606637227684,31.686902917678776,32.877342360565656,29864,0.9852330565229038,0.07266131648787923,5.680912865254049,2.48172101941565,18670,0.8881092662024639,0.4090544730661516,9.44266588573603,7.855973021526849,0.7060795696935301,0.07461120188236237,"[""y@t"", ""throughput_2@t"", ""buffer_size_3@t""]",3,20,8000.0,917,0.05078160296376615,4.876780819854823,8.07123727905731,,
"engine=hc-bdeu,pool=local",ar,5,166718,33201,0.8995210987620855,0.43980100166609887,10.265829303389747,6.4406367979635535,33108,0.9014135556361,0.4246930884468797,9.959790895435876,6.1244522121795875,93,0.22580645161290322,5.81821810770813,119.21550253496788,119.00234933705568,3337,0.00029967036260113877,3.2669967260021817,41.18023455812651,35.44465731633126,29864,1.0,0.12389046951670465,6.811457138406607,3.1997308084848153,18670,0.8251740760578468,0.6621837791390752,12.095901398735837,8.611769401247129,0.689302047179812,0.07461120188236237,"[""y@t"", ""throughput_2@t"", ""buffer_size_3@t""]",3,20,8000.0,917,0.05078160296376615,4.876780819854823,8.07123727905731,,
"engine=hc-bdeu,pool=local",persistence,5,166718,33201,0.8994909791873739,2.7771668764149746,9.591855277699558,4.876780819854831,33108,0.9013833514558415,2.7248786983057482,9.278621368473416,4.551467923160573,93,0.22580645161290322,21.391758283299517,121.10312696220682,120.68817204301075,3337,0.0,27.631021115928547,43.39065382393359,37.13964638897213,29864,1.0,0.0,5.815181330847731,1.271731851058139,18670,0.825120514193894,4.832098765051243,11.866004617462789,8.07123727905731,0.6895036600830379,0.07461120188236237,"[""y@t"", ""throughput_2@t"", ""buffer_size_3@t""]",3,20,8000.0,917,0.05078160296376615,4.876780819854823,8.07123727905731,,
"engine=dynotears,pool=local",model,1,33200,33558,0.9108409321175278,0.3962893002090228,10.5055925114135,6.6338250182128595,33464,0.9129213483146067,0.3731366456201947,10.188575069396475,6.305911527966664,94,0.1702127659574468,8.63863433383182,123.36380186947426,123.3710275458581,3694,0.37845154304277207,2.8607552863225902,37.63934122043101,37.016994143020696,29864,0.9766943477096169,0.09144944778792995,7.149308432552308,2.875606871044357,18713,0.8546999412173355,0.6211399745652241,12.814683905428101,9.771474028628107,0.7714103730592705,0.04874688573181629,"[""y@t"", ""throughput_2@t""]",2,20,400.0,157,0.07273973419154896,5.184546158889088,8.675573130978464,"{""throughput_2@t"": 0.0587}",{}
"engine=dynotears,pool=local",ar,1,33200,33558,0.8856606472376185,0.5576372039854111,11.487186815944714,7.077786139463065,33464,0.8877002151565861,0.5402474176521279,11.172550032185619,6.7507304392704155,94,0.1595744680851064,6.748401138634215,123.49788183418326,123.50961540804602,3694,0.004872766648619383,4.0583061636338496,42.90464030387504,37.64494866652446,29864,0.9946088936512189,0.1246251782373086,7.601033816198711,3.2968090977082847,18713,0.7998717469139102,0.8748493576805083,14.154713683099247,9.718863562364737,0.7218339023363998,0.04874688573181629,"[""y@t"", ""throughput_2@t""]",2,20,400.0,157,0.07273973419154896,5.184546158889088,8.675573130978464,"{""throughput_2@t"": 0.0587}",{}
"engine=dynotears,pool=local",persistence,1,33200,33558,0.8899219262172954,3.0415695810906507,10.024628822031769,5.1845461588890895,33464,0.8919734640210375,2.984883496715327,9.70548658753815,4.851362658379156,94,0.1595744680851064,23.221815618705897,123.63926430175924,123.79787234042553,3694,0.0,27.63102111592855,42.1496400137932,36.3264753654575,29864,1.0,0.0,6.050955123184769,1.3324738815965729,18713,0.8068187890771121,5.337794118210961,12.858127756401132,8.675573130978464,0.7735241456423483,0.04874688573181629,"[""y@t"", ""throughput_2@t""]",2,20,400.0,157,0.07273973419154896,5.184546158889088,8.675573130978464,"{""throughput_2@t"": 0.0587}",{}
"engine=dynotears,pool=local",model,2,66758,33201,0.8970814132104454,0.39218832821450794,9.600670919530035,6.192243606787734,33108,0.8991180379364504,0.37094326769818076,9.252004054586012,5.838328095999161,93,0.17204301075268819,7.9554298720269765,133.72607483960263,132.18616544751995,4367,0.45317151362491415,2.2891830350664293,26.11302462372706,27.163493120178103,28834,0.9643129638621072,0.10488251269039266,7.099823009901527,3.0160819009898656,19738,0.8551018340257371,0.5545701710181041,10.308711208068967,8.100726432292394,0.7843194832769,0.014817638322710991,"[""y@t"", ""throughput_2@t""]",2,20,400.0,243,0.03930604499864462,4.902623414957381,7.62306211368933,"{""throughput_2@t"": 0.0863}","{""throughput_2"": 0.0014}"
"engine=dynotears,pool=local",ar,2,66758,33201,0.8701545134182705,0.5050236978555155,10.454689521086923,6.380662534734873,33108,0.8721759091458258,0.48812108193588344,10.111391585326679,6.028314798432174,93,0.15053763440860216,6.522354965244533,132.66875465173356,131.81645665849618,4367,0.034119532860087017,3.038713986816946,33.02808938132045,27.472451613798878,28834,0.9967746410487619,0.12128833363637949,7.035877105548329,3.186244732547439,19738,0.7858952274799879,0.7343481992221773,11.827036475823242,8.090460684569663,0.7505324110641358,0.014817638322710991,"[""y@t"", ""throughput_2@t""]",2,20,400.0,243,0.03930604499864462,4.902623414957381,7.62306211368933,"{""throughput_2@t"": 0.0863}","{""throughput_2"": 0.0014}"
"engine=dynotears,pool=local",persistence,2,66758,33201,0.8684678172344207,3.6343685194198962,9.960226829045615,4.902623414957387,33108,0.8704844750513471,3.578646204696799,9.612924391597936,4.54464177842214,93,0.15053763440860216,23.471512560842527,133.59989456041953,132.34408602150538,4367,0.0,27.631021115928547,34.401296563651044,27.813144034806502,28834,1.0,0.0,6.258549936105965,1.4327529999306452,19738,0.782754078427399,6.002726646321897,11.758325629862272,7.62306211368933,0.7626047187682191,0.014817638322710991,"[""y@t"", ""throughput_2@t""]",2,20,400.0,243,0.03930604499864462,4.902623414957381,7.62306211368933,"{""throughput_2@t"": 0.0863}","{""throughput_2"": 0.0014}"
"engine=dynotears,pool=local",model,3,99959,33201,0.9209361163820367,0.3058958683286678,8.688271709548697,5.455707930007505,33108,0.9230095445209617,0.2837621794182352,8.284463424899556,5.043567606595559,93,0.1827956989247312,8.185489120442641,152.4440210446427,152.17766306466032,3573,0.3968653792331374,2.204628808502015,28.656046244441683,28.53140427092394,29628,0.9841366275145133,0.07691744267592814,6.280250296926426,2.6728854976430383,18433,0.8719687516953291,0.4588366475494601,9.345585659622433,7.171040148537012,0.7915480122370866,0.023388680070638657,"[""y@t"", ""throughput_2@t"", ""avg_p_latency_3@t""]",3,20,5200.0,760,0.018162103551097857,4.688894912803831,7.6735745673520315,"{""throughput_2@t"": 0.0849, ""avg_p_latency_3@t"": 0.0016}","{""throughput_2"": 0.0014}"
"engine=dynotears,pool=local",ar,3,99959,33201,0.8925634770037048,0.4319739097995062,9.609222363733878,5.773449984125006,33108,0.8945270025371511,0.41501823570537455,9.207312154040748,5.36200070706736,93,0.1935483870967742,6.468193887310355,152.68925701448777,152.24939261664642,3573,0.011474951021550517,3.047328471810701,36.64845547219517,31.069313193702868,29628,0.9988186850276766,0.11657422537713544,6.348415697859292,2.7228856784742113,18433,0.8107199045190691,0.6504801301619253,11.002593193631258,7.465522463291521,0.7581009007981645,0.023388680070638657,"[""y@t"", ""throughput_2@t"", ""avg_p_latency_3@t""]",3,20,5200.0,760,0.018162103551097857,4.688894912803831,7.6735745673520315,"{""throughput_2@t"": 0.0849, ""avg_p_latency_3@t"": 0.0016}","{""throughput_2"": 0.0014}"
"engine=dynotears,pool=local",persistence,3,99959,33201,0.8923827595554351,2.973574243161733,9.329639287342522,4.688894912803838,33108,0.8943457774555998,2.919334054111334,8.924678899107837,4.272290685030815,93,0.1935483870967742,22.283081545103663,153.4955374988903,153.0,3573,0.0,27.631021115928547,39.205393036369564,33.52504897844948,29628,1.0,0.0,5.726761329151836,1.2113878763332064,18433,0.8102316497585852,5.243493292655458,11.48355310837272,7.6735745673520315,0.7693282577853836,0.023388680070638657,"[""y@t"", ""throughput_2@t"", ""avg_p_latency_3@t""]",3,20,5200.0,760,0.018162103551097857,4.688894912803831,7.6735745673520315,"{""throughput_2@t"": 0.0849, ""avg_p_latency_3@t"": 0.0016}","{""throughput_2"": 0.0014}"
"engine=dynotears,pool=local",model,4,133160,33558,0.9290184158769891,0.2921167591423424,7.808325014889411,4.78389068803758,33464,0.9308809466889792,0.2734922940964082,7.519498877363062,4.487210246742022,94,0.26595744680851063,6.922426315494909,110.6304299742696,110.40212778925641,3738,0.43927233814874267,2.0338620346251415,20.091986702666414,21.898084554066013,29820,0.9904091213950369,0.07378530911703374,6.268542070928633,2.6385903301833116,17046,0.8730493957526693,0.47552732543076787,7.786478351991145,6.523658965241349,0.7647282483164293,0.018476327881217003,"[""y@t"", ""throughput_2@t"", ""avg_p_latency_3@t""]",3,20,4800.0,776,0.05712497765063472,3.4797365754812564,6.237240408306934,"{""throughput_2@t"": 0.09, ""avg_p_latency_3@t"": 0.0014}","{""throughput_2"": 0.0014}"
"engine=dynotears,pool=local",ar,4,133160,33558,0.8886107634543179,0.45696023717246426,8.508271460689382,4.690388717980491,33464,0.8904195553430552,0.4427906971390249,8.22224218945182,4.3933392386895775,94,0.24468085106382978,5.501316489076857,110.33469202126078,110.44000334554535,3738,0.0,3.141641454115752,27.84610834711612,21.224180173606694,29820,1.0,0.12042977476689717,6.084232752390816,2.617843028472418,17046,0.78487621729438,0.7524249355876457,9.567198350087114,6.157485842814768,0.7394748373264483,0.018476327881217003,"[""y@t"", ""throughput_2@t"", ""avg_p_latency_3@t""]",3,20,4800.0,776,0.05712497765063472,3.4797365754812564,6.237240408306934,"{""throughput_2@t"": 0.09, ""avg_p_latency_3@t"": 0.0014}","{""throughput_2"": 0.0014}"
"engine=dynotears,pool=local",persistence,4,133160,33558,0.8886107634543179,3.077798347080902,8.178235962801633,3.4797365754812626,33464,0.8904195553430552,3.0278195802088805,7.888623211158364,3.177145589289989,94,0.24468085106382978,20.870239353520496,111.28037554780612,111.20212765957447,3738,0.0,27.631021115928547,29.672995689107662,22.419208132691278,29820,1.0,0.0,5.483822419644963,1.1056338028169082,17046,0.78487621729438,5.944089782477413,9.79507236652644,6.237240408306934,0.7394748373264483,0.018476327881217003,"[""y@t"", ""throughput_2@t"", ""avg_p_latency_3@t""]",3,20,4800.0,776,0.05712497765063472,3.4797365754812564,6.237240408306934,"{""throughput_2@t"": 0.09, ""avg_p_latency_3@t"": 0.0014}","{""throughput_2"": 0.0014}"
"engine=dynotears,pool=local",model,5,166718,33201,0.9180747567844342,0.3132286226480971,8.959046782465489,5.675097800637878,33108,0.9200193306753655,0.2941085567387873,8.645435787551081,5.353390358598336,93,0.22580645161290322,7.119972086362372,120.60456097199416,120.20294716671525,3337,0.41863949655379085,2.3741496339844304,32.203214110598665,33.107015879652366,29864,0.9738815965711224,0.082941540715692,6.361746140422212,2.609858360855151,18670,0.8768612747723621,0.4655959965743236,10.11896862239009,8.01216118874136,0.7022135613832078,0.01772119663655758,"[""y@t"", ""throughput_2@t""]",2,20,400.0,316,0.0003915544712508659,4.876780819854823,8.07123727905731,"{""throughput_2@t"": 0.0834}","{""throughput_2"": 0.0031}"
"engine=dynotears,pool=local",ar,5,166718,33201,0.8995210987620855,0.43980100166609887,10.265829303389747,6.4406367979635535,33108,0.9014135556361,0.4246930884468797,9.959790895435876,6.1244522121795875,93,0.22580645161290322,5.81821810770813,119.21550253496788,119.00234933705568,3337,0.00029967036260113877,3.2669967260021817,41.18023455812651,35.44465731633126,29864,1.0,0.12389046951670465,6.811457138406607,3.1997308084848153,18670,0.8251740760578468,0.6621837791390752,12.095901398735837,8.611769401247129,0.689302047179812,0.01772119663655758,"[""y@t"", ""throughput_2@t""]",2,20,400.0,316,0.0003915544712508659,4.876780819854823,8.07123727905731,"{""throughput_2@t"": 0.0834}","{""throughput_2"": 0.0031}"
"engine=dynotears,pool=local",persistence,5,166718,33201,0.8994909791873739,2.7771668764149746,9.591855277699558,4.876780819854831,33108,0.9013833514558415,2.7248786983057482,9.278621368473416,4.551467923160573,93,0.22580645161290322,21.391758283299517,121.10312696220682,120.68817204301075,3337,0.0,27.631021115928547,43.39065382393359,37.13964638897213,29864,1.0,0.0,5.815181330847731,1.271731851058139,18670,0.825120514193894,4.832098765051243,11.866004617462789,8.07123727905731,0.6895036600830379,0.01772119663655758,"[""y@t"", ""throughput_2@t""]",2,20,400.0,316,0.0003915544712508659,4.876780819854823,8.07123727905731,"{""throughput_2@t"": 0.0834}","{""throughput_2"": 0.0031}"
