config,model,fold,n_train,n_all,acc_all,logloss_all,mae_all,maeh_all,n_within,acc_within,logloss_within,mae_within,maeh_within,n_xrun,acc_xrun,logloss_xrun,mae_xrun,maeh_xrun,n_change,acc_change,logloss_change,mae_change,maeh_change,n_stay,acc_stay,logloss_stay,mae_stay,maeh_stay,n_event,acc_event,logloss_event,mae_event,maeh_event,f1_all,search_sec,parents,n_parents,n_y,cpt_configs_possible,cpt_configs_seen,test_unseen_config_frac,mae_persistence_continuous,mae_persistence_continuous_event,dynotears_weights,dynotears_unobservable_same_slice_parents
"ar_order=2,other_lags=2",model,1,33200,33558,0.9172477501638954,0.3062750227098301,7.7920353893530185,5.461881403131161,33464,0.9193461630408798,0.28232466475644885,7.507570350419853,5.171197254270624,94,0.1702127659574468,8.832602454113573,109.06158924955965,108.9454383974825,3874,0.38100154878678366,2.136704315945992,28.766374472115473,29.537450341463828,29684,0.9872321789516237,0.06738932394965998,5.054715971261732,2.319826623886425,18060,0.8580287929125139,0.49460235565782795,11.730991569407546,8.816711383682565,0.5035628419896546,0.24821608400088735,"[""y@t"", ""throughput_2@t"", ""throughput_2@t-1"", ""buffer_size_3@t""]",4,20,144000.0,369,0.16654747005185053,3.7463794028249597,6.396179401993355,,
"ar_order=2,other_lags=2",ar,1,33200,33558,0.8819059538709101,0.4777335028605528,8.61029794053164,5.300609188820495,33464,0.8838752091800144,0.45982356174265077,8.329286451148281,5.0107707895337406,94,0.18085106382978725,6.853672540833671,108.65038816100729,108.4830793349049,3874,0.003355704697986577,3.3405799227169575,32.63938423751866,27.516653811619506,29684,0.9965638054170597,0.10410909137545254,5.474309518670445,2.4012372420234533,18060,0.7851605758582503,0.8039818816755522,13.10891175372398,8.392361032128361,0.4691937073063387,0.24821608400088735,"[""y@t"", ""throughput_2@t"", ""throughput_2@t-1"", ""buffer_size_3@t""]",4,20,144000.0,369,0.16654747005185053,3.7463794028249597,6.396179401993355,,
"ar_order=2,other_lags=2",persistence,1,33200,33558,0.8845580785505691,3.1897781692325884,7.394205022466637,3.746379402824963,33464,0.8865347836480995,3.135159788942765,7.10952680694479,3.451918479560127,94,0.18085106382978725,22.63392155240955,108.73964974824423,108.57446808510639,3874,0.0,27.631021115928547,29.16372546845772,23.207279297883325,29684,1.0,0.0,4.553108060878932,1.2065759331626495,18060,0.7897563676633444,5.809246244583649,10.902174354985323,6.396179401993355,0.55425458897833,0.24821608400088735,"[""y@t"", ""throughput_2@t"", ""throughput_2@t-1"", ""buffer_size_3@t""]",4,20,144000.0,369,0.16654747005185053,3.7463794028249597,6.396179401993355,,
"ar_order=2,other_lags=2",model,2,66758,33201,0.8853347790729195,0.3508628326010283,9.726703400568777,8.1557286408743,33108,0.8873082034553582,0.3355606156976086,9.433800359055457,7.859680037890145,93,0.1827956989247312,5.79845205021844,114.00018617931033,113.54903130323308,4981,0.5344308371812889,1.5242286650862702,28.52975007399931,31.207618969949383,28220,0.9472714386959603,0.14375669469851268,6.407852391342783,4.086931130983335,19603,0.8332908228332399,0.516444711830118,13.022878834348903,11.748469285976984,0.5578299505225526,0.6809102909974172,"[""y@t"", ""throughput_2@t"", ""throughput_2@t-1"", ""data_quality_1@t+h""]",4,20,80000.0,565,0.07671455679045812,5.354266437757899,8.484364638065601,,
"ar_order=2,other_lags=2",ar,2,66758,33201,0.8436191680973465,0.5434225234202867,10.096753486991439,7.181684186221462,33108,0.8455056179775281,0.5273837167019639,9.779584889827792,6.857337189192314,93,0.17204301075268819,6.253237715143258,123.0087740772498,122.64921512859874,4981,0.05641437462356957,2.75909409598661,34.326933551813134,28.85991928823819,28220,0.9825655563430191,0.15234314344321906,5.8199807406102595,3.355345098937787,19603,0.7404989032290976,0.839777662211623,14.206275315741317,10.386683043277893,0.5198786733587312,0.6809102909974172,"[""y@t"", ""throughput_2@t"", ""throughput_2@t-1"", ""data_quality_1@t+h""]",4,20,80000.0,565,0.07671455679045812,5.354266437757899,8.484364638065601,,
"ar_order=2,other_lags=2",persistence,2,66758,33201,0.8499743983614951,4.145360566803412,8.940786293295337,5.354266437757899,33108,0.8518787000120817,4.092742767684959,8.618797791596613,5.023529056421409,93,0.17204301075268819,22.87729705297309,123.56869289804204,123.09677419354838,4981,0.0,27.63102111592855,34.24393720648847,27.862678177072876,28220,1.0,0.0,4.47462772849679,1.3813961729270023,19603,0.7498342090496353,6.912336252232495,12.565382889758968,8.484364638065601,0.5637764253923089,0.6809102909974172,"[""y@t"", ""throughput_2@t"", ""throughput_2@t-1"", ""data_quality_1@t+h""]",4,20,80000.0,565,0.07671455679045812,5.354266437757899,8.484364638065601,,
"ar_order=2,other_lags=2",model,3,99959,33201,0.9346104033011053,0.21212980725288813,7.029607632085714,5.31395606466209,33108,0.9367524465386009,0.19145637304261806,6.686863010484412,4.967957998802794,93,0.17204301075268819,7.5718723861090265,129.0466929221496,128.48926751057127,3984,0.6157128514056225,1.2122919293234358,23.84750986897599,26.613027999886388,29217,0.9780949447239621,0.07574873136114486,4.7363358207508455,2.409636572930098,19017,0.8994057948151654,0.3016637783749147,9.229176464355348,7.493745701035458,0.6540600774702002,0.822280790998775,"[""y@t"", ""throughput_2@t"", ""throughput_2@t-1"", ""buffer_size_3@t""]",4,20,136000.0,840,0.022318604861299357,5.404445649227433,8.803070936530473,,
"ar_order=2,other_lags=2",ar,3,99959,33201,0.8807264841420439,0.4152101620236462,8.60458532095995,5.924907938176801,33108,0.8827171680560589,0.3986396842253607,8.267278403133488,5.5815259174402705,93,0.17204301075268819,6.314300258213269,128.6858480671795,128.16890732038203,3984,0.011295180722891566,2.57649336844285,37.154802077166856,32.31748213838682,29217,0.999281240373755,0.12049981207758359,4.711507196692284,2.326043728516783,19017,0.7959194405006047,0.6411637119877113,12.113813805183918,8.570354382658012,0.5368343911084472,0.822280790998775,"[""y@t"", ""throughput_2@t"", ""throughput_2@t-1"", ""buffer_size_3@t""]",4,20,136000.0,840,0.022318604861299357,5.404445649227433,8.803070936530473,,
"ar_order=2,other_lags=2",persistence,3,99959,33201,0.8800036143489653,3.3156226657588426,8.698165932516215,5.404445649227441,33108,0.8819922677298538,3.260674142199252,8.358654937640674,5.056421408722975,93,0.17204301075268819,22.8772970529731,129.56408010820866,129.30107526881721,3984,0.0,27.631021115928544,40.84398394812176,35.76355421686747,29217,1.0,0.0,4.314795327246251,1.2647089023513796,19017,0.7945522427301888,5.676731319342316,12.653398150782726,8.803070936530473,0.5476702659365773,0.822280790998775,"[""y@t"", ""throughput_2@t"", ""throughput_2@t-1"", ""buffer_size_3@t""]",4,20,136000.0,840,0.022318604861299357,5.404445649227433,8.803070936530473,,
"ar_order=2,other_lags=2",model,4,133160,33558,0.9268132785028905,0.2643933048206558,5.873445660176777,4.911614934055713,33464,0.9288489122639254,0.2448346260165134,5.598267742513394,4.634474177424716,94,0.20212765957446807,7.227282959095368,103.83678434834081,103.57372429469116,4459,0.6023772146221126,1.5550032165895604,19.885649506312546,22.509847429134222,29099,0.9765284030379051,0.06662604145842539,3.726278508387389,2.2149408663710832,17285,0.8796644489441713,0.43514624565157384,8.655689556397466,7.672861601505818,0.6331553380966759,1.1533933750033611,"[""y@t"", ""throughput_2@t"", ""throughput_2@t-1"", ""buffer_size_3@t""]",4,20,136000.0,970,0.051701531676500385,4.437451576375231,8.05467168064796,,
"ar_order=2,other_lags=2",ar,4,133160,33558,0.867334167709637,0.47419353471077536,7.717485375344566,5.118505375471822,33464,0.8691728424575663,0.45908865377896074,7.450292960902962,4.845216536025585,94,0.2127659574468085,5.851531146436788,102.83798491655541,102.40933221833271,4459,0.002018389773491814,2.8090103091552914,30.454341535153254,23.642509962068555,29099,0.9999312691157771,0.1164167039864172,4.233391708325529,2.27997015255575,17285,0.7467746601099219,0.826318302543131,11.860660526984304,7.828933864776468,0.549607530671871,1.1533933750033611,"[""y@t"", ""throughput_2@t"", ""throughput_2@t-1"", ""buffer_size_3@t""]",4,20,136000.0,970,0.051701531676500385,4.437451576375231,8.05467168064796,,
"ar_order=2,other_lags=2",persistence,4,133160,33558,0.8671255736337088,3.6714560806938854,7.540421038515548,4.437451576375232,33464,0.8689636624432225,3.6206678099852585,7.270699220351675,4.160441071001675,94,0.2127659574468085,21.752080452965025,103.56138830485425,103.05319148936171,4459,0.0,27.631021115928547,33.87988368484494,26.414218434626598,29099,1.0,0.0,3.5042801422654106,1.0698305783703927,17285,0.7463118310673995,7.009663152637933,12.215279465613198,8.05467168064796,0.5626144568700057,1.1533933750033611,"[""y@t"", ""throughput_2@t"", ""throughput_2@t-1"", ""buffer_size_3@t""]",4,20,136000.0,970,0.051701531676500385,4.437451576375231,8.05467168064796,,
"ar_order=2,other_lags=2",model,5,166718,33201,0.9368994909791873,0.20168582530774773,5.729376086325522,4.268806886173324,33108,0.9389271475172164,0.18316397564615114,5.446183845032422,3.979395557623447,93,0.21505376344086022,6.7954643048361385,106.54581398666903,107.29923984992915,3717,0.6265805757331181,1.2167886715024072,16.97471711763503,20.376641990663224,29484,0.9760208926875593,0.0737134579456005,4.311694204173255,2.238118272573101,19062,0.9078270905466372,0.2782642584945544,7.406538667560459,5.9144810171495905,0.5652994044753084,1.3879323750006733,"[""y@t"", ""throughput_2@t"", ""throughput_2@t-1"", ""buffer_size_3@t""]",4,20,136000.0,1103,0.05427547363031234,3.5060389747296767,5.571555975238695,,
"ar_order=2,other_lags=2",ar,5,166718,33201,0.8880756603716755,0.4188306893803547,7.490666278589065,4.644157801557399,33108,0.889996375498369,0.4045165282709333,7.212334517092494,4.355604578102423,93,0.20430107526881722,5.514672044334366,106.57677337136778,107.36910535152882,3717,0.0005380683346785041,2.57538609934103,25.419625740610602,19.677613170107133,29484,0.9999660832994166,0.14695725094514134,5.2303914746162645,2.7489144965479246,19062,0.8089392508655965,0.6366688187201611,9.830079468064495,5.970080386144894,0.5252212425942933,1.3879323750006733,"[""y@t"", ""throughput_2@t"", ""throughput_2@t-1"", ""buffer_size_3@t""]",4,20,136000.0,1103,0.05427547363031234,3.5060389747296767,5.571555975238695,,
"ar_order=2,other_lags=2",persistence,5,166718,33201,0.888045540796964,3.0934160262614503,6.951378449275671,3.5060389747296843,33108,0.8899661713181104,3.040347043775755,6.66442668412336,3.207834964359075,93,0.20430107526881722,21.98597379116895,109.10620684349799,109.66666666666667,3717,0.0,27.631021115928544,27.795989945530664,21.478880817863864,29484,1.0,0.0,4.3235321281666,1.240231990231999,19062,0.8088867904731928,5.280653127968089,9.624750764470537,5.571555975238694,0.5719162200398573,1.3879323750006733,"[""y@t"", ""throughput_2@t"", ""throughput_2@t-1"", ""buffer_size_3@t""]",4,20,136000.0,1103,0.05427547363031234,3.5060389747296767,5.571555975238695,,
"ar_order=2,level=True,other_lags=2",model,1,33200,33558,0.9172477501638954,0.3062750227098301,7.7920353893530185,5.461881403131161,33464,0.9193461630408798,0.28232466475644885,7.507570350419853,5.171197254270624,94,0.1702127659574468,8.832602454113573,109.06158924955965,108.9454383974825,3874,0.38100154878678366,2.136704315945992,28.766374472115473,29.537450341463828,29684,0.9872321789516237,0.06738932394965998,5.054715971261732,2.319826623886425,18060,0.8580287929125139,0.49460235565782795,11.730991569407546,8.816711383682565,0.5035628419896546,0.228161375001946,"[""y@t"", ""throughput_2@t"", ""throughput_2@t-1"", ""buffer_size_3@t""]",4,20,144000.0,369,0.16654747005185053,3.7463794028249597,6.396179401993355,,
"ar_order=2,level=True,other_lags=2",ar,1,33200,33558,0.8819059538709101,0.4777335028605528,8.61029794053164,5.300609188820495,33464,0.8838752091800144,0.45982356174265077,8.329286451148281,5.0107707895337406,94,0.18085106382978725,6.853672540833671,108.65038816100729,108.4830793349049,3874,0.003355704697986577,3.3405799227169575,32.63938423751866,27.516653811619506,29684,0.9965638054170597,0.10410909137545254,5.474309518670445,2.4012372420234533,18060,0.7851605758582503,0.8039818816755522,13.10891175372398,8.392361032128361,0.4691937073063387,0.228161375001946,"[""y@t"", ""throughput_2@t"", ""throughput_2@t-1"", ""buffer_size_3@t""]",4,20,144000.0,369,0.16654747005185053,3.7463794028249597,6.396179401993355,,
"ar_order=2,level=True,other_lags=2",persistence,1,33200,33558,0.8845580785505691,3.1897781692325884,7.394205022466637,3.746379402824963,33464,0.8865347836480995,3.135159788942765,7.10952680694479,3.451918479560127,94,0.18085106382978725,22.63392155240955,108.73964974824423,108.57446808510639,3874,0.0,27.631021115928547,29.16372546845772,23.207279297883325,29684,1.0,0.0,4.553108060878932,1.2065759331626495,18060,0.7897563676633444,5.809246244583649,10.902174354985323,6.396179401993355,0.55425458897833,0.228161375001946,"[""y@t"", ""throughput_2@t"", ""throughput_2@t-1"", ""buffer_size_3@t""]",4,20,144000.0,369,0.16654747005185053,3.7463794028249597,6.396179401993355,,
"ar_order=2,level=True,other_lags=2",model,2,66758,33201,0.8844010722568597,0.36304214760184306,9.07124923062198,7.355877923985389,33108,0.8863416696870847,0.3428045983265572,8.75168078542676,7.032726403725456,93,0.1935483870967742,7.56760968960363,122.83761572012116,122.39781913652165,4981,0.5300140534029312,1.6874508401867,27.93778275918549,30.050043281637222,28220,0.9469525159461375,0.12927603499499785,5.7411924090140865,3.350221026520337,19603,0.8314033566290874,0.5349087091515471,12.397594425568156,10.854137859690711,0.5581390236900917,0.6146602910012007,"[""y@t"", ""throughput_2@t"", ""throughput_2@t-1"", ""level_throughput_2@t""]",4,20,160000.0,542,0.0641245745610072,5.354266437757899,8.484364638065601,,
"ar_order=2,level=True,other_lags=2",ar,2,66758,33201,0.8436191680973465,0.5434225234202867,10.096753486991439,7.181684186221462,33108,0.8455056179775281,0.5273837167019639,9.779584889827792,6.857337189192314,93,0.17204301075268819,6.253237715143258,123.0087740772498,122.64921512859874,4981,0.05641437462356957,2.75909409598661,34.326933551813134,28.85991928823819,28220,0.9825655563430191,0.15234314344321906,5.8199807406102595,3.355345098937787,19603,0.7404989032290976,0.839777662211623,14.206275315741317,10.386683043277893,0.5198786733587312,0.6146602910012007,"[""y@t"", ""throughput_2@t"", ""throughput_2@t-1"", ""level_throughput_2@t""]",4,20,160000.0,542,0.0641245745610072,5.354266437757899,8.484364638065601,,
"ar_order=2,level=True,other_lags=2",persistence,2,66758,33201,0.8499743983614951,4.145360566803412,8.940786293295337,5.354266437757899,33108,0.8518787000120817,4.092742767684959,8.618797791596613,5.023529056421409,93,0.17204301075268819,22.87729705297309,123.56869289804204,123.09677419354838,4981,0.0,27.63102111592855,34.24393720648847,27.862678177072876,28220,1.0,0.0,4.47462772849679,1.3813961729270023,19603,0.7498342090496353,6.912336252232495,12.565382889758968,8.484364638065601,0.5637764253923089,0.6146602910012007,"[""y@t"", ""throughput_2@t"", ""throughput_2@t-1"", ""level_throughput_2@t""]",4,20,160000.0,542,0.0641245745610072,5.354266437757899,8.484364638065601,,
"ar_order=2,level=True,other_lags=2",model,3,99959,33201,0.9346104033011053,0.21212980725288813,7.029607632085714,5.31395606466209,33108,0.9367524465386009,0.19145637304261806,6.686863010484412,4.967957998802794,93,0.17204301075268819,7.5718723861090265,129.0466929221496,128.48926751057127,3984,0.6157128514056225,1.2122919293234358,23.84750986897599,26.613027999886388,29217,0.9780949447239621,0.07574873136114486,4.7363358207508455,2.409636572930098,19017,0.8994057948151654,0.3016637783749147,9.229176464355348,7.493745701035458,0.6540600774702002,0.7935137090025819,"[""y@t"", ""throughput_2@t"", ""throughput_2@t-1"", ""buffer_size_3@t""]",4,20,136000.0,840,0.022318604861299357,5.404445649227433,8.803070936530473,,
"ar_order=2,level=True,other_lags=2",ar,3,99959,33201,0.8807264841420439,0.4152101620236462,8.60458532095995,5.924907938176801,33108,0.8827171680560589,0.3986396842253607,8.267278403133488,5.5815259174402705,93,0.17204301075268819,6.314300258213269,128.6858480671795,128.16890732038203,3984,0.011295180722891566,2.57649336844285,37.154802077166856,32.31748213838682,29217,0.999281240373755,0.12049981207758359,4.711507196692284,2.326043728516783,19017,0.7959194405006047,0.6411637119877113,12.113813805183918,8.570354382658012,0.5368343911084472,0.7935137090025819,"[""y@t"", ""throughput_2@t"", ""throughput_2@t-1"", ""buffer_size_3@t""]",4,20,136000.0,840,0.022318604861299357,5.404445649227433,8.803070936530473,,
"ar_order=2,level=True,other_lags=2",persistence,3,99959,33201,0.8800036143489653,3.3156226657588426,8.698165932516215,5.404445649227441,33108,0.8819922677298538,3.260674142199252,8.358654937640674,5.056421408722975,93,0.17204301075268819,22.8772970529731,129.56408010820866,129.30107526881721,3984,0.0,27.631021115928544,40.84398394812176,35.76355421686747,29217,1.0,0.0,4.314795327246251,1.2647089023513796,19017,0.7945522427301888,5.676731319342316,12.653398150782726,8.803070936530473,0.5476702659365773,0.7935137090025819,"[""y@t"", ""throughput_2@t"", ""throughput_2@t-1"", ""buffer_size_3@t""]",4,20,136000.0,840,0.022318604861299357,5.404445649227433,8.803070936530473,,
"ar_order=2,level=True,other_lags=2",model,4,133160,33558,0.9268132785028905,0.2643933048206558,5.873445660176777,4.911614934055713,33464,0.9288489122639254,0.2448346260165134,5.598267742513394,4.634474177424716,94,0.20212765957446807,7.227282959095368,103.83678434834081,103.57372429469116,4459,0.6023772146221126,1.5550032165895604,19.885649506312546,22.509847429134222,29099,0.9765284030379051,0.06662604145842539,3.726278508387389,2.2149408663710832,17285,0.8796644489441713,0.43514624565157384,8.655689556397466,7.672861601505818,0.6331553380966759,1.3231123340010527,"[""y@t"", ""throughput_2@t"", ""throughput_2@t-1"", ""buffer_size_3@t""]",4,20,136000.0,970,0.051701531676500385,4.437451576375231,8.05467168064796,,
"ar_order=2,level=True,other_lags=2",ar,4,133160,33558,0.867334167709637,0.47419353471077536,7.717485375344566,5.118505375471822,33464,0.8691728424575663,0.45908865377896074,7.450292960902962,4.845216536025585,94,0.2127659574468085,5.851531146436788,102.83798491655541,102.40933221833271,4459,0.002018389773491814,2.8090103091552914,30.454341535153254,23.642509962068555,29099,0.9999312691157771,0.1164167039864172,4.233391708325529,2.27997015255575,17285,0.7467746601099219,0.826318302543131,11.860660526984304,7.828933864776468,0.549607530671871,1.3231123340010527,"[""y@t"", ""throughput_2@t"", ""throughput_2@t-1"", ""buffer_size_3@t""]",4,20,136000.0,970,0.051701531676500385,4.437451576375231,8.05467168064796,,
"ar_order=2,level=True,other_lags=2",persistence,4,133160,33558,0.8671255736337088,3.6714560806938854,7.540421038515548,4.437451576375232,33464,0.8689636624432225,3.6206678099852585,7.270699220351675,4.160441071001675,94,0.2127659574468085,21.752080452965025,103.56138830485425,103.05319148936171,4459,0.0,27.631021115928547,33.87988368484494,26.414218434626598,29099,1.0,0.0,3.5042801422654106,1.0698305783703927,17285,0.7463118310673995,7.009663152637933,12.215279465613198,8.05467168064796,0.5626144568700057,1.3231123340010527,"[""y@t"", ""throughput_2@t"", ""throughput_2@t-1"", ""buffer_size_3@t""]",4,20,136000.0,970,0.051701531676500385,4.437451576375231,8.05467168064796,,
"ar_order=2,level=True,other_lags=2",model,5,166718,33201,0.9290081624047468,0.21529283497858315,5.993701788671147,4.364610949645197,33108,0.9309834481092183,0.19715972193856166,5.710543409176274,4.074937418366702,93,0.22580645161290322,6.670681077226228,106.79808488884579,107.4883880847892,3717,0.6198547215496368,1.2893585172820654,16.795159745206274,20.526480039155164,29484,0.9679826346493013,0.07988711861981085,4.631979524919923,2.327110359300992,19062,0.8982268387367538,0.29800161958642496,7.586814324135962,5.966603709211024,0.571768983029805,1.6423782920028316,"[""y@t"", ""throughput_2@t"", ""throughput_2@t-1"", ""level_throughput_3@t""]",4,20,160000.0,1109,0.02144513719466281,3.5060389747296767,5.571555975238695,,
"ar_order=2,level=True,other_lags=2",ar,5,166718,33201,0.8880756603716755,0.4188306893803547,7.490666278589065,4.644157801557399,33108,0.889996375498369,0.4045165282709333,7.212334517092494,4.355604578102423,93,0.20430107526881722,5.514672044334366,106.57677337136778,107.36910535152882,3717,0.0005380683346785041,2.57538609934103,25.419625740610602,19.677613170107133,29484,0.9999660832994166,0.14695725094514134,5.2303914746162645,2.7489144965479246,19062,0.8089392508655965,0.6366688187201611,9.830079468064495,5.970080386144894,0.5252212425942933,1.6423782920028316,"[""y@t"", ""throughput_2@t"", ""throughput_2@t-1"", ""level_throughput_3@t""]",4,20,160000.0,1109,0.02144513719466281,3.5060389747296767,5.571555975238695,,
"ar_order=2,level=True,other_lags=2",persistence,5,166718,33201,0.888045540796964,3.0934160262614503,6.951378449275671,3.5060389747296843,33108,0.8899661713181104,3.040347043775755,6.66442668412336,3.207834964359075,93,0.20430107526881722,21.98597379116895,109.10620684349799,109.66666666666667,3717,0.0,27.631021115928544,27.795989945530664,21.478880817863864,29484,1.0,0.0,4.3235321281666,1.240231990231999,19062,0.8088867904731928,5.280653127968089,9.624750764470537,5.571555975238694,0.5719162200398573,1.6423782920028316,"[""y@t"", ""throughput_2@t"", ""throughput_2@t-1"", ""level_throughput_3@t""]",4,20,160000.0,1109,0.02144513719466281,3.5060389747296767,5.571555975238695,,
"ar_order=2,forced=('y@t', 'level_throughput_3@t'),level=True,other_lags=2",model,1,33200,33558,0.9122116931879135,0.3083980655050294,7.8065727150637505,5.697805620624659,33464,0.9142959598374373,0.2847592050971104,7.5230123056962945,5.408627554914618,94,0.1702127659574468,8.723832370724221,108.75407844987787,108.64519701339921,3874,0.4775425916365514,2.0303326107709445,28.699545872195845,30.64358152031009,29684,0.9689394960247945,0.08367180124279545,5.079872202641916,2.4421818557890123,18060,0.8570874861572536,0.488937517177592,11.66835950432355,9.200630199562895,0.4999773856944833,0.18130474999634316,"[""y@t"", ""level_throughput_3@t"", ""throughput_2@t"", ""throughput_2@t-1""]",4,20,160000.0,349,0.08161988199535133,3.7463794028249597,6.396179401993355,,
"ar_order=2,forced=('y@t', 'level_throughput_3@t'),level=True,other_lags=2",ar,1,33200,33558,0.8819059538709101,0.4777335028605528,8.61029794053164,5.300609188820495,33464,0.8838752091800144,0.45982356174265077,8.329286451148281,5.0107707895337406,94,0.18085106382978725,6.853672540833671,108.65038816100729,108.4830793349049,3874,0.003355704697986577,3.3405799227169575,32.63938423751866,27.516653811619506,29684,0.9965638054170597,0.10410909137545254,5.474309518670445,2.4012372420234533,18060,0.7851605758582503,0.8039818816755522,13.10891175372398,8.392361032128361,0.4691937073063387,0.18130474999634316,"[""y@t"", ""level_throughput_3@t"", ""throughput_2@t"", ""throughput_2@t-1""]",4,20,160000.0,349,0.08161988199535133,3.7463794028249597,6.396179401993355,,
"ar_order=2,forced=('y@t', 'level_throughput_3@t'),level=True,other_lags=2",persistence,1,33200,33558,0.8845580785505691,3.1897781692325884,7.394205022466637,3.746379402824963,33464,0.8865347836480995,3.135159788942765,7.10952680694479,3.451918479560127,94,0.18085106382978725,22.63392155240955,108.73964974824423,108.57446808510639,3874,0.0,27.631021115928547,29.16372546845772,23.207279297883325,29684,1.0,0.0,4.553108060878932,1.2065759331626495,18060,0.7897563676633444,5.809246244583649,10.902174354985323,6.396179401993355,0.55425458897833,0.18130474999634316,"[""y@t"", ""level_throughput_3@t"", ""throughput_2@t"", ""throughput_2@t-1""]",4,20,160000.0,349,0.08161988199535133,3.7463794028249597,6.396179401993355,,
"ar_order=2,forced=('y@t', 'level_throughput_3@t'),level=True,other_lags=2",model,2,66758,33201,0.8791301466823288,0.38044274711239867,9.727477032992018,8.309672241705593,33108,0.8810861423220974,0.3644432795639342,9.427875714317338,8.007332082507016,93,0.1827956989247312,6.076253194365742,116.38554648117787,115.94276891639882,4981,0.4356554908652881,1.6538281087428468,27.616708071064146,29.20601589791502,28220,0.9574060949681077,0.15568255978847018,6.569919988320249,4.621341704796339,19603,0.8180380553996838,0.5568403379620096,12.617667404367086,11.310529979302173,0.5585563440103295,0.3982826669962378,"[""y@t"", ""level_throughput_3@t"", ""data_quality_1@t+h"", ""throughput_2@t""]",4,20,80000.0,670,0.0813529712960453,5.354266437757899,8.484364638065601,,
"ar_order=2,forced=('y@t', 'level_throughput_3@t'),level=True,other_lags=2",ar,2,66758,33201,0.8436191680973465,0.5434225234202867,10.096753486991439,7.181684186221462,33108,0.8455056179775281,0.5273837167019639,9.779584889827792,6.857337189192314,93,0.17204301075268819,6.253237715143258,123.0087740772498,122.64921512859874,4981,0.05641437462356957,2.75909409598661,34.326933551813134,28.85991928823819,28220,0.9825655563430191,0.15234314344321906,5.8199807406102595,3.355345098937787,19603,0.7404989032290976,0.839777662211623,14.206275315741317,10.386683043277893,0.5198786733587312,0.3982826669962378,"[""y@t"", ""level_throughput_3@t"", ""data_quality_1@t+h"", ""throughput_2@t""]",4,20,80000.0,670,0.0813529712960453,5.354266437757899,8.484364638065601,,
"ar_order=2,forced=('y@t', 'level_throughput_3@t'),level=True,other_lags=2",persistence,2,66758,33201,0.8499743983614951,4.145360566803412,8.940786293295337,5.354266437757899,33108,0.8518787000120817,4.092742767684959,8.618797791596613,5.023529056421409,93,0.17204301075268819,22.87729705297309,123.56869289804204,123.09677419354838,4981,0.0,27.63102111592855,34.24393720648847,27.862678177072876,28220,1.0,0.0,4.47462772849679,1.3813961729270023,19603,0.7498342090496353,6.912336252232495,12.565382889758968,8.484364638065601,0.5637764253923089,0.3982826669962378,"[""y@t"", ""level_throughput_3@t"", ""data_quality_1@t+h"", ""throughput_2@t""]",4,20,80000.0,670,0.0813529712960453,5.354266437757899,8.484364638065601,,
"ar_order=2,forced=('y@t', 'level_throughput_3@t'),level=True,other_lags=2",model,3,99959,33201,0.9103641456582633,0.27890507501599376,7.8533955461008125,5.828223072832409,33108,0.91243808143047,0.26355769418639174,7.54286624073312,5.5133332472756065,93,0.17204301075268819,5.7425726503543295,118.40182825699972,117.92900097105426,3984,0.3770080321285141,1.7204191806950546,29.171549363501605,29.387063219545553,29217,0.9830920354588082,0.08234169763209478,4.946474068586873,2.615763917391906,19017,0.8564442341063259,0.42744636792846613,10.751644198805717,8.491185012344735,0.5780397068478202,0.6576046249974752,"[""y@t"", ""level_throughput_3@t"", ""data_quality_1@t+h"", ""throughput_2@t""]",4,20,80000.0,936,0.11535797114544742,5.404445649227433,8.803070936530473,,
"ar_order=2,forced=('y@t', 'level_throughput_3@t'),level=True,other_lags=2",ar,3,99959,33201,0.8807264841420439,0.4152101620236462,8.60458532095995,5.924907938176801,33108,0.8827171680560589,0.3986396842253607,8.267278403133488,5.5815259174402705,93,0.17204301075268819,6.314300258213269,128.6858480671795,128.16890732038203,3984,0.011295180722891566,2.57649336844285,37.154802077166856,32.31748213838682,29217,0.999281240373755,0.12049981207758359,4.711507196692284,2.326043728516783,19017,0.7959194405006047,0.6411637119877113,12.113813805183918,8.570354382658012,0.5368343911084472,0.6576046249974752,"[""y@t"", ""level_throughput_3@t"", ""data_quality_1@t+h"", ""throughput_2@t""]",4,20,80000.0,936,0.11535797114544742,5.404445649227433,8.803070936530473,,
"ar_order=2,forced=('y@t', 'level_throughput_3@t'),level=True,other_lags=2",persistence,3,99959,33201,0.8800036143489653,3.3156226657588426,8.698165932516215,5.404445649227441,33108,0.8819922677298538,3.260674142199252,8.358654937640674,5.056421408722975,93,0.17204301075268819,22.8772970529731,129.56408010820866,129.30107526881721,3984,0.0,27.631021115928544,40.84398394812176,35.76355421686747,29217,1.0,0.0,4.314795327246251,1.2647089023513796,19017,0.7945522427301888,5.676731319342316,12.653398150782726,8.803070936530473,0.5476702659365773,0.6576046249974752,"[""y@t"", ""level_throughput_3@t"", ""data_quality_1@t+h"", ""throughput_2@t""]",4,20,80000.0,936,0.11535797114544742,5.404445649227433,8.803070936530473,,
"ar_order=2,forced=('y@t', 'level_throughput_3@t'),level=True,other_lags=2",model,4,133160,33558,0.919512485845402,0.26233091537488196,5.869236535108714,4.813764189190802,33464,0.9215276117618934,0.24457858503919783,5.595097989498452,4.537516146493088,94,0.20212765957446807,6.582160514878433,103.46255877236165,103.15806738957694,4459,0.5494505494505495,1.5445310962792225,20.303071550653936,22.532217278713794,29099,0.9762191140589024,0.06585232138015867,3.657460517571473,2.098668057839792,17285,0.8643332369106161,0.43492691291766095,8.733753084439558,7.6750731663520435,0.6147196545038814,0.8347697089993744,"[""y@t"", ""level_throughput_3@t"", ""throughput_2@t"", ""throughput_2@t-1""]",4,20,160000.0,960,0.045831098396805534,4.437451576375231,8.05467168064796,,
"ar_order=2,forced=('y@t', 'level_throughput_3@t'),level=True,other_lags=2",ar,4,133160,33558,0.867334167709637,0.47419353471077536,7.717485375344566,5.118505375471822,33464,0.8691728424575663,0.45908865377896074,7.450292960902962,4.845216536025585,94,0.2127659574468085,5.851531146436788,102.83798491655541,102.40933221833271,4459,0.002018389773491814,2.8090103091552914,30.454341535153254,23.642509962068555,29099,0.9999312691157771,0.1164167039864172,4.233391708325529,2.27997015255575,17285,0.7467746601099219,0.826318302543131,11.860660526984304,7.828933864776468,0.549607530671871,0.8347697089993744,"[""y@t"", ""level_throughput_3@t"", ""throughput_2@t"", ""throughput_2@t-1""]",4,20,160000.0,960,0.045831098396805534,4.437451576375231,8.05467168064796,,
"ar_order=2,forced=('y@t', 'level_throughput_3@t'),level=True,other_lags=2",persistence,4,133160,33558,0.8671255736337088,3.6714560806938854,7.540421038515548,4.437451576375232,33464,0.8689636624432225,3.6206678099852585,7.270699220351675,4.160441071001675,94,0.2127659574468085,21.752080452965025,103.56138830485425,103.05319148936171,4459,0.0,27.631021115928547,33.87988368484494,26.414218434626598,29099,1.0,0.0,3.5042801422654106,1.0698305783703927,17285,0.7463118310673995,7.009663152637933,12.215279465613198,8.05467168064796,0.5626144568700057,0.8347697089993744,"[""y@t"", ""level_throughput_3@t"", ""throughput_2@t"", ""throughput_2@t-1""]",4,20,160000.0,960,0.045831098396805534,4.437451576375231,8.05467168064796,,
"ar_order=2,forced=('y@t', 'level_throughput_3@t'),level=True,other_lags=2",model,5,166718,33201,0.9290081624047468,0.21529283497858315,5.993701788671147,4.364610949645197,33108,0.9309834481092183,0.19715972193856166,5.710543409176274,4.074937418366702,93,0.22580645161290322,6.670681077226228,106.79808488884579,107.4883880847892,3717,0.6198547215496368,1.2893585172820654,16.795159745206274,20.526480039155164,29484,0.9679826346493013,0.07988711861981085,4.631979524919923,2.327110359300992,19062,0.8982268387367538,0.29800161958642496,7.586814324135962,5.966603709211024,0.571768983029805,0.9370276249974268,"[""y@t"", ""level_throughput_3@t"", ""throughput_2@t"", ""throughput_2@t-1""]",4,20,160000.0,1109,0.02144513719466281,3.5060389747296767,5.571555975238695,,
"ar_order=2,forced=('y@t', 'level_throughput_3@t'),level=True,other_lags=2",ar,5,166718,33201,0.8880756603716755,0.4188306893803547,7.490666278589065,4.644157801557399,33108,0.889996375498369,0.4045165282709333,7.212334517092494,4.355604578102423,93,0.20430107526881722,5.514672044334366,106.57677337136778,107.36910535152882,3717,0.0005380683346785041,2.57538609934103,25.419625740610602,19.677613170107133,29484,0.9999660832994166,0.14695725094514134,5.2303914746162645,2.7489144965479246,19062,0.8089392508655965,0.6366688187201611,9.830079468064495,5.970080386144894,0.5252212425942933,0.9370276249974268,"[""y@t"", ""level_throughput_3@t"", ""throughput_2@t"", ""throughput_2@t-1""]",4,20,160000.0,1109,0.02144513719466281,3.5060389747296767,5.571555975238695,,
"ar_order=2,forced=('y@t', 'level_throughput_3@t'),level=True,other_lags=2",persistence,5,166718,33201,0.888045540796964,3.0934160262614503,6.951378449275671,3.5060389747296843,33108,0.8899661713181104,3.040347043775755,6.66442668412336,3.207834964359075,93,0.20430107526881722,21.98597379116895,109.10620684349799,109.66666666666667,3717,0.0,27.631021115928544,27.795989945530664,21.478880817863864,29484,1.0,0.0,4.3235321281666,1.240231990231999,19062,0.8088867904731928,5.280653127968089,9.624750764470537,5.571555975238694,0.5719162200398573,0.9370276249974268,"[""y@t"", ""level_throughput_3@t"", ""throughput_2@t"", ""throughput_2@t-1""]",4,20,160000.0,1109,0.02144513719466281,3.5060389747296767,5.571555975238695,,
"ar_order=2,horizon=5,other_lags=2",model,1,32828,33182,0.8727623410282683,0.433578281027621,8.694347258388717,6.69014118836659,33088,0.8747279980657641,0.41067535976502534,8.410313550161867,6.400473234752115,94,0.18085106382978725,8.495406565461309,108.67421255423972,108.65326086066166,4394,0.1838871187983614,2.5326460973550216,29.96624617752498,28.773921344384433,28788,0.9779074614422676,0.11319117581216331,5.447552626921273,3.319426654340524,18217,0.7819619037163089,0.6945415612976296,12.528150225852135,9.657722330580492,0.42830196799510434,0.22614074999728473,"[""y@t"", ""buffer_size_3@t-1"", ""throughput_2@t"", ""y@t-1""]",4,20,144000.0,384,0.1663552528479296,4.606533662829245,7.830488005708953,,
"ar_order=2,horizon=5,other_lags=2",ar,1,32828,33182,0.8638117051413416,0.5231945800532584,9.660519904207298,6.574278080914353,33088,0.8657519342359767,0.5059324584256916,9.37968560499156,6.2850533217475375,94,0.18085106382978725,6.599461392956772,108.51419322814769,108.38139330763359,4394,0.010696404187528447,3.139442243503574,33.98324839391639,29.57975588632978,28788,0.9940252883145755,0.1238687417456063,5.94806787614763,3.062882031275776,18217,0.7570401273535708,0.8619450858834156,14.289382404073939,9.752519766357997,0.4169190338596271,0.22614074999728473,"[""y@t"", ""buffer_size_3@t-1"", ""throughput_2@t"", ""y@t-1""]",4,20,144000.0,384,0.1663552528479296,4.606533662829245,7.830488005708953,,
"ar_order=2,horizon=5,other_lags=2",persistence,1,32828,33182,0.8675788077873546,3.6589327582240383,8.111658086590305,4.606533662829246,33088,0.8695297388781431,3.6050265400587387,7.825793073555703,4.311170212765959,94,0.18085106382978725,22.63392155240955,108.73614267477004,108.57446808510639,4394,0.0,27.631021115928544,31.560622099289816,26.574192080109235,28788,1.0,0.0,4.5325713882506635,1.253543142976242,18217,0.7630235494318494,6.547901309626367,12.103096183221053,7.830488005708953,0.5292323261757802,0.22614074999728473,"[""y@t"", ""buffer_size_3@t-1"", ""throughput_2@t"", ""y@t-1""]",4,20,144000.0,384,0.1663552528479296,4.606533662829245,7.830488005708953,,
"ar_order=2,horizon=5,other_lags=2",model,2,66010,32829,0.8481220871790186,0.45408826347000414,8.997842559916146,8.140851658707138,32736,0.8500427663734116,0.4400835068677877,8.683741440149092,7.825511622514058,93,0.17204301075268819,5.3837625874501684,119.56143671791928,119.1405443986712,5411,0.3175013860654223,1.8928216173503267,28.640878198641882,29.13581532724508,27418,0.9528411992121963,0.17015120832935113,5.121248138691222,3.997451395724468,19599,0.7696821266391143,0.6693735714711668,12.191892171280566,11.251791523902043,0.5042210749549587,0.45070633300201735,"[""y@t"", ""data_quality_1@t+h"", ""y@t-1"", ""avg_p_latency_1@t""]",4,20,72000.0,610,0.04654421395717201,6.319534557860428,10.001326598295831,,
"ar_order=2,horizon=5,other_lags=2",ar,2,66010,32829,0.8298151025008377,0.600347266839507,11.023704109542123,8.199249275209576,32736,0.8316837732160313,0.5847076037570379,10.705754869482131,7.874132549974879,93,0.17204301075268819,6.105508671868648,122.9418366106597,122.64033655782292,5411,0.028830160783588986,2.7830774937906106,36.19202545081511,31.155909831690867,27418,0.987891166387045,0.16958086308896275,6.056682927193735,3.6687040030846854,19599,0.7200367365681922,0.9160687947021429,15.15253133246936,11.486592747978445,0.49042808404366356,0.45070633300201735,"[""y@t"", ""data_quality_1@t+h"", ""y@t-1"", ""avg_p_latency_1@t""]",4,20,72000.0,610,0.04654421395717201,6.319534557860428,10.001326598295831,,
"ar_order=2,horizon=5,other_lags=2",persistence,2,66010,32829,0.8351762161503549,4.554249451956788,9.79501003050544,6.319534557860434,32736,0.8370601173020528,4.5021953394539,9.471802562477398,5.987781036168139,93,0.17204301075268819,22.87729705297309,123.5640387763764,123.09677419354838,5411,0.0,27.631021115928544,36.766061433818386,31.05636666050637,27418,1.0,0.0,4.472216276645701,1.4376686848056106,19599,0.7278432573090464,7.5199687041360725,13.891631082692516,10.00132659829583,0.5528867078253823,0.45070633300201735,"[""y@t"", ""data_quality_1@t+h"", ""y@t-1"", ""avg_p_latency_1@t""]",4,20,72000.0,610,0.04654421395717201,6.319534557860428,10.001326598295831,,
"ar_order=2,horizon=5,other_lags=2",model,3,98839,32829,0.8748667336805873,0.3894231069005704,8.892406170447696,7.082772038665893,32736,0.8768633919843597,0.37414928810314685,8.559117095071212,6.745930312472146,93,0.17204301075268819,5.765807323593646,126.21016070297055,125.65105965886485,4549,0.25675972741261816,2.099412012785371,33.90693466789184,33.067472023232995,28280,0.9742927864214993,0.11436159583727622,4.86867596765868,2.9029841946137087,19244,0.8007171066306381,0.5890012178889567,12.018859725717302,9.877102644113979,0.5091934149647662,0.6628150420001475,"[""y@t"", ""avg_p_latency_1@t-1"", ""buffer_size_3@t-1"", ""data_quality_1@t+h""]",4,20,61200.0,1051,0.13177373663529196,6.636053489293003,10.695801288713366,,
"ar_order=2,horizon=5,other_lags=2",ar,3,98839,32829,0.8624386974930701,0.4678467509374249,9.806880286266836,7.281659712771596,32736,0.8644000488758553,0.4516888773526371,9.469322926897048,6.938396453146247,93,0.17204301075268819,6.155418252782728,128.62707078443322,128.11032710089484,4549,0.02374148164431743,2.5292590234529015,40.076950582559526,36.09668735571447,28280,0.9973479490806223,0.13625677824743532,4.937766079129799,2.646597451535843,19244,0.7700062357098316,0.7100508023568635,13.642641444795592,10.34086513115164,0.48977966421265556,0.6628150420001475,"[""y@t"", ""avg_p_latency_1@t-1"", ""buffer_size_3@t-1"", ""data_quality_1@t+h""]",4,20,61200.0,1051,0.13177373663529196,6.636053489293003,10.695801288713366,,
"ar_order=2,horizon=5,other_lags=2",persistence,3,98839,32829,0.8614334886837857,3.8287342001388702,9.796265443278912,6.636053489293003,32736,0.8633919843597263,3.7746189647615,9.45601969732353,6.287573313782992,93,0.17204301075268819,22.8772970529731,129.5627680195736,129.30107526881721,4549,0.0,27.63102111592855,44.00195578951136,39.761266212354364,28280,1.0,0.0,4.294084206185157,1.3076732673267333,19244,0.7676158802743712,6.421010519145316,14.344961976687706,10.695801288713366,0.5153503820107239,0.6628150420001475,"[""y@t"", ""avg_p_latency_1@t-1"", ""buffer_size_3@t-1"", ""data_quality_1@t+h""]",4,20,61200.0,1051,0.13177373663529196,6.636053489293003,10.695801288713366,,
"ar_order=2,horizon=5,other_lags=2",model,4,131668,33182,0.8748719185100355,0.3802817205184704,7.028042789541421,6.276619491813178,33088,0.8767226789168279,0.36188561114883966,6.754303655960376,6.001733211517752,94,0.22340425531914893,6.855712218628462,103.38421781006926,103.03659015580311,4729,0.25459928103193064,1.967639907900602,25.66939849838596,25.285788835407562,28453,0.9779636593680807,0.11645657490535047,3.9297764855620225,3.117221121663884,17337,0.7786814327738363,0.6197379933868213,10.520124833421356,9.378294222212418,0.5285937001736014,0.8905994160013506,"[""y@t"", ""y@t-1"", ""throughput_2@t"", ""avg_p_latency_2@t""]",4,20,112000.0,1195,0.06214212524862878,5.233530227231632,9.457922362577147,,
"ar_order=2,horizon=5,other_lags=2",ar,4,131668,33182,0.8591404978602857,0.5100828515138404,8.924618111916237,6.386867595700018,33088,0.8609767891682786,0.495467722379698,8.657800134002251,6.114104499302006,94,0.2127659574468085,5.654608306731936,102.84454633763963,102.3994775277996,4729,0.012264749418481708,2.776993497132977,33.6611130482174,27.363776387093385,28453,0.9998945629634837,0.1333134267384951,4.813315804469986,2.9004232251767252,17337,0.7348445521139759,0.8727619387306338,13.355254112727938,9.44400237527057,0.518358577751314,0.8905994160013506,"[""y@t"", ""y@t-1"", ""throughput_2@t"", ""avg_p_latency_2@t""]",4,20,112000.0,1195,0.06214212524862878,5.233530227231632,9.457922362577147,,
"ar_order=2,horizon=5,other_lags=2",persistence,4,131668,33182,0.85748297269604,3.937890990815083,8.253244326067568,5.233530227231632,33088,0.8593145551257253,3.8872824980248852,7.982489580105429,4.955633462282399,94,0.2127659574468085,21.752080452965025,103.55891490474033,103.05319148936171,4729,0.0,27.631021115928547,36.892530665390254,30.12518502854726,28453,1.0,0.0,3.493282807118529,1.0964397427336319,17337,0.731499105958355,7.418953872910388,13.457272201806903,9.457922362577147,0.5179067763969096,0.8905994160013506,"[""y@t"", ""y@t-1"", ""throughput_2@t"", ""avg_p_latency_2@t""]",4,20,112000.0,1195,0.06214212524862878,5.233530227231632,9.457922362577147,,
"ar_order=2,horizon=5,other_lags=2",model,5,164850,32829,0.8748667336805873,0.3748249257242001,7.061273085905415,5.459514340197041,32736,0.8767106549364614,0.36179781482316387,6.79478943599163,5.186133047203016,93,0.22580645161290322,4.96036796288896,100.86351785555722,101.68972947409372,4182,0.26374940219990434,2.0973636276213257,23.461492658829474,22.700113677787723,28647,0.9640800083778406,0.12336205522000152,4.667105520227737,2.9426648819709005,19133,0.7988815136152198,0.5636883032421952,9.153118466909802,7.2055804348787245,0.48871739909942374,1.3854858749982668,"[""y@t"", ""y@t-1"", ""data_quality_2@t+h"", ""data_quality_2@t""]",4,20,40000.0,646,0.02223643729629291,4.441865423863048,7.088433596404118,,
"ar_order=2,horizon=5,other_lags=2",ar,5,164850,32829,0.8730086204270614,0.4706696314764692,8.613201407594275,5.844339142396319,32736,0.8748778103616813,0.4566530916728743,8.333923712767147,5.554989040808757,93,0.21505376344086022,5.4044916423418705,106.91894998674293,107.69557490121858,4182,0.003586800573888092,2.545398104589891,29.06193247563796,23.872204939966313,28647,0.9999301846615701,0.16779273425999522,5.628016455363372,3.2125614775295728,19133,0.7860241467621387,0.7078092385895769,11.109327125757464,7.369404543913168,0.4856427778809973,1.3854858749982668,"[""y@t"", ""y@t-1"", ""data_quality_2@t+h"", ""data_quality_2@t""]",4,20,40000.0,646,0.02223643729629291,4.441865423863048,7.088433596404118,,
"ar_order=2,horizon=5,other_lags=2",persistence,5,164850,32829,0.8726126290779493,3.5198431358498032,7.800347992486206,4.441865423863055,32736,0.8745112414467253,3.467382537397192,7.512557105118739,4.142931329423272,93,0.20430107526881722,21.98597379116895,109.10274034583428,109.66666666666667,4182,0.0,27.631021115928547,31.73067013142621,26.1934481109517,28647,1.0,0.0,4.306906892718443,1.2664851467867577,19133,0.7852924266973292,5.932589491675873,10.980354993956746,7.088433596404118,0.5222121093481654,1.3854858749982668,"[""y@t"", ""y@t-1"", ""data_quality_2@t+h"", ""data_quality_2@t""]",4,20,40000.0,646,0.02223643729629291,4.441865423863048,7.088433596404118,,
"ar_order=2,horizon=5,level=True,other_lags=2",model,1,32828,33182,0.8605569284551865,0.42574546752007275,9.095962844208266,7.1527856754395085,33088,0.8624879110251451,0.40317395849513554,8.81394526090254,6.865308542088107,94,0.18085106382978725,8.370916644297983,108.36615216782299,108.34473661513306,4394,0.22553482020937643,2.361508789192018,29.745165919597856,29.036689049146766,28788,0.9574822842851188,0.13028402402186073,5.944212173329363,3.812578942631753,18217,0.7649448317505627,0.6579880272875726,12.444049800369724,9.742150912397038,0.4115371867258145,0.27405666699633,"[""y@t"", ""buffer_size_3@t-1"", ""level_throughput_2@t"", ""buffer_size_3@t""]",4,20,129600.0,473,0.16982098728226147,4.606533662829245,7.830488005708953,,
"ar_order=2,horizon=5,level=True,other_lags=2",ar,1,32828,33182,0.8638117051413416,0.5231945800532584,9.660519904207298,6.574278080914353,33088,0.8657519342359767,0.5059324584256916,9.37968560499156,6.2850533217475375,94,0.18085106382978725,6.599461392956772,108.51419322814769,108.38139330763359,4394,0.010696404187528447,3.139442243503574,33.98324839391639,29.57975588632978,28788,0.9940252883145755,0.1238687417456063,5.94806787614763,3.062882031275776,18217,0.7570401273535708,0.8619450858834156,14.289382404073939,9.752519766357997,0.4169190338596271,0.27405666699633,"[""y@t"", ""buffer_size_3@t-1"", ""level_throughput_2@t"", ""buffer_size_3@t""]",4,20,129600.0,473,0.16982098728226147,4.606533662829245,7.830488005708953,,
"ar_order=2,horizon=5,level=True,other_lags=2",persistence,1,32828,33182,0.8675788077873546,3.6589327582240383,8.111658086590305,4.606533662829246,33088,0.8695297388781431,3.6050265400587387,7.825793073555703,4.311170212765959,94,0.18085106382978725,22.63392155240955,108.73614267477004,108.57446808510639,4394,0.0,27.631021115928544,31.560622099289816,26.574192080109235,28788,1.0,0.0,4.5325713882506635,1.253543142976242,18217,0.7630235494318494,6.547901309626367,12.103096183221053,7.830488005708953,0.5292323261757802,0.27405666699633,"[""y@t"", ""buffer_size_3@t-1"", ""level_throughput_2@t"", ""buffer_size_3@t""]",4,20,129600.0,473,0.16982098728226147,4.606533662829245,7.830488005708953,,
"ar_order=2,horizon=5,level=True,other_lags=2",model,2,66010,32829,0.8526302963842943,0.4473230542694829,9.252541024968409,8.55997288593017,32736,0.8545637829912024,0.432253842368164,8.96041680362906,8.266998734145803,93,0.17204301075268819,5.751685643533723,112.08026693641887,111.68687431402665,5411,0.2988357050452781,1.826621632606774,28.696269673289972,29.86203265105697,27418,0.9619228244219126,0.17511557716017215,5.415280257732726,4.355966562015183,19599,0.7715699780601051,0.6531546353844789,12.588302845471905,11.868069574802277,0.5080709587490774,0.4932472090004012,"[""y@t"", ""data_quality_1@t+h"", ""level_throughput_3@t"", ""y@t-1""]",4,20,80000.0,659,0.03210576015108593,6.319534557860428,10.001326598295831,,
"ar_order=2,horizon=5,level=True,other_lags=2",ar,2,66010,32829,0.8298151025008377,0.600347266839507,11.023704109542123,8.199249275209576,32736,0.8316837732160313,0.5847076037570379,10.705754869482131,7.874132549974879,93,0.17204301075268819,6.105508671868648,122.9418366106597,122.64033655782292,5411,0.028830160783588986,2.7830774937906106,36.19202545081511,31.155909831690867,27418,0.987891166387045,0.16958086308896275,6.056682927193735,3.6687040030846854,19599,0.7200367365681922,0.9160687947021429,15.15253133246936,11.486592747978445,0.49042808404366356,0.4932472090004012,"[""y@t"", ""data_quality_1@t+h"", ""level_throughput_3@t"", ""y@t-1""]",4,20,80000.0,659,0.03210576015108593,6.319534557860428,10.001326598295831,,
"ar_order=2,horizon=5,level=True,other_lags=2",persistence,2,66010,32829,0.8351762161503549,4.554249451956788,9.79501003050544,6.319534557860434,32736,0.8370601173020528,4.5021953394539,9.471802562477398,5.987781036168139,93,0.17204301075268819,22.87729705297309,123.5640387763764,123.09677419354838,5411,0.0,27.631021115928544,36.766061433818386,31.05636666050637,27418,1.0,0.0,4.472216276645701,1.4376686848056106,19599,0.7278432573090464,7.5199687041360725,13.891631082692516,10.00132659829583,0.5528867078253823,0.4932472090004012,"[""y@t"", ""data_quality_1@t+h"", ""level_throughput_3@t"", ""y@t-1""]",4,20,80000.0,659,0.03210576015108593,6.319534557860428,10.001326598295831,,
"ar_order=2,horizon=5,level=True,other_lags=2",model,3,98839,32829,0.8748667336805873,0.3894231069005704,8.892406170447696,7.082772038665893,32736,0.8768633919843597,0.37414928810314685,8.559117095071212,6.745930312472146,93,0.17204301075268819,5.765807323593646,126.21016070297055,125.65105965886485,4549,0.25675972741261816,2.099412012785371,33.90693466789184,33.067472023232995,28280,0.9742927864214993,0.11436159583727622,4.86867596765868,2.9029841946137087,19244,0.8007171066306381,0.5890012178889567,12.018859725717302,9.877102644113979,0.5091934149647662,0.7547469999990426,"[""y@t"", ""avg_p_latency_1@t-1"", ""buffer_size_3@t-1"", ""data_quality_1@t+h""]",4,20,61200.0,1051,0.13177373663529196,6.636053489293003,10.695801288713366,,
"ar_order=2,horizon=5,level=True,other_lags=2",ar,3,98839,32829,0.8624386974930701,0.4678467509374249,9.806880286266836,7.281659712771596,32736,0.8644000488758553,0.4516888773526371,9.469322926897048,6.938396453146247,93,0.17204301075268819,6.155418252782728,128.62707078443322,128.11032710089484,4549,0.02374148164431743,2.5292590234529015,40.076950582559526,36.09668735571447,28280,0.9973479490806223,0.13625677824743532,4.937766079129799,2.646597451535843,19244,0.7700062357098316,0.7100508023568635,13.642641444795592,10.34086513115164,0.48977966421265556,0.7547469999990426,"[""y@t"", ""avg_p_latency_1@t-1"", ""buffer_size_3@t-1"", ""data_quality_1@t+h""]",4,20,61200.0,1051,0.13177373663529196,6.636053489293003,10.695801288713366,,
"ar_order=2,horizon=5,level=True,other_lags=2",persistence,3,98839,32829,0.8614334886837857,3.8287342001388702,9.796265443278912,6.636053489293003,32736,0.8633919843597263,3.7746189647615,9.45601969732353,6.287573313782992,93,0.17204301075268819,22.8772970529731,129.5627680195736,129.30107526881721,4549,0.0,27.63102111592855,44.00195578951136,39.761266212354364,28280,1.0,0.0,4.294084206185157,1.3076732673267333,19244,0.7676158802743712,6.421010519145316,14.344961976687706,10.695801288713366,0.5153503820107239,0.7547469999990426,"[""y@t"", ""avg_p_latency_1@t-1"", ""buffer_size_3@t-1"", ""data_quality_1@t+h""]",4,20,61200.0,1051,0.13177373663529196,6.636053489293003,10.695801288713366,,
"ar_order=2,horizon=5,level=True,other_lags=2",model,4,131668,33182,0.8820746187692122,0.39040284034876394,7.107392912200988,6.134065457525861,33088,0.8839458413926499,0.3732568396112803,6.834765643526485,5.859819598077393,94,0.22340425531914893,6.425795099942999,103.07219148562602,102.66860798338705,4729,0.31867202368365405,2.111617612911733,25.343408725967265,24.69253281810376,28453,0.9757143359223983,0.10433020619945522,4.076495685781956,3.049575521555212,17337,0.7947165022783642,0.6522337155054959,10.462848993708635,9.093193570319034,0.5365056538592873,1.0364990410016617,"[""y@t"", ""level_throughput_3@t"", ""y@t-1"", ""level_throughput_1@t""]",4,20,160000.0,940,0.05264902658067627,5.233530227231632,9.457922362577147,,
"ar_order=2,horizon=5,level=True,other_lags=2",ar,4,131668,33182,0.8591404978602857,0.5100828515138404,8.924618111916237,6.386867595700018,33088,0.8609767891682786,0.495467722379698,8.657800134002251,6.114104499302006,94,0.2127659574468085,5.654608306731936,102.84454633763963,102.3994775277996,4729,0.012264749418481708,2.776993497132977,33.6611130482174,27.363776387093385,28453,0.9998945629634837,0.1333134267384951,4.813315804469986,2.9004232251767252,17337,0.7348445521139759,0.8727619387306338,13.355254112727938,9.44400237527057,0.518358577751314,1.0364990410016617,"[""y@t"", ""level_throughput_3@t"", ""y@t-1"", ""level_throughput_1@t""]",4,20,160000.0,940,0.05264902658067627,5.233530227231632,9.457922362577147,,
"ar_order=2,horizon=5,level=True,other_lags=2",persistence,4,131668,33182,0.85748297269604,3.937890990815083,8.253244326067568,5.233530227231632,33088,0.8593145551257253,3.8872824980248852,7.982489580105429,4.955633462282399,94,0.2127659574468085,21.752080452965025,103.55891490474033,103.05319148936171,4729,0.0,27.631021115928547,36.892530665390254,30.12518502854726,28453,1.0,0.0,3.493282807118529,1.0964397427336319,17337,0.731499105958355,7.418953872910388,13.457272201806903,9.457922362577147,0.5179067763969096,1.0364990410016617,"[""y@t"", ""level_throughput_3@t"", ""y@t-1"", ""level_throughput_1@t""]",4,20,160000.0,940,0.05264902658067627,5.233530227231632,9.457922362577147,,
"ar_order=2,horizon=5,level=True,other_lags=2",model,5,164850,32829,0.8862286393128027,0.3621589522554197,7.260882762431593,5.897318421211831,32736,0.8880742913000977,0.3476250596923724,6.983737669285121,5.614081108517121,93,0.23655913978494625,5.478089134448083,104.81595554998962,105.59685248974972,4182,0.26374940219990434,1.9784082210738902,23.235127858675543,23.509801152238246,28647,0.9771005689950082,0.12621262481454135,4.928900600512641,3.326179985035182,19133,0.8172267809543721,0.5376209573160742,9.478114483642006,7.83705800456293,0.49892156029403917,1.2836829169973498,"[""y@t"", ""level_throughput_3@t"", ""data_quality_2@t+h"", ""y@t-1""]",4,20,80000.0,1194,0.013768314599896433,4.441865423863048,7.088433596404118,,
"ar_order=2,horizon=5,level=True,other_lags=2",ar,5,164850,32829,0.8730086204270614,0.4706696314764692,8.613201407594275,5.844339142396319,32736,0.8748778103616813,0.4566530916728743,8.333923712767147,5.554989040808757,93,0.21505376344086022,5.4044916423418705,106.91894998674293,107.69557490121858,4182,0.003586800573888092,2.545398104589891,29.06193247563796,23.872204939966313,28647,0.9999301846615701,0.16779273425999522,5.628016455363372,3.2125614775295728,19133,0.7860241467621387,0.7078092385895769,11.109327125757464,7.369404543913168,0.4856427778809973,1.2836829169973498,"[""y@t"", ""level_throughput_3@t"", ""data_quality_2@t+h"", ""y@t-1""]",4,20,80000.0,1194,0.013768314599896433,4.441865423863048,7.088433596404118,,
"ar_order=2,horizon=5,level=True,other_lags=2",persistence,5,164850,32829,0.8726126290779493,3.5198431358498032,7.800347992486206,4.441865423863055,32736,0.8745112414467253,3.467382537397192,7.512557105118739,4.142931329423272,93,0.20430107526881722,21.98597379116895,109.10274034583428,109.66666666666667,4182,0.0,27.631021115928547,31.73067013142621,26.1934481109517,28647,1.0,0.0,4.306906892718443,1.2664851467867577,19133,0.7852924266973292,5.932589491675873,10.980354993956746,7.088433596404118,0.5222121093481654,1.2836829169973498,"[""y@t"", ""level_throughput_3@t"", ""data_quality_2@t+h"", ""y@t-1""]",4,20,80000.0,1194,0.013768314599896433,4.441865423863048,7.088433596404118,,
"ar_order=2,forced=('y@t', 'level_throughput_3@t'),horizon=5,level=True,other_lags=2",model,1,32828,33182,0.8592007715026219,0.43379149940130135,9.04848358497409,6.799396388799767,33088,0.8611279013539652,0.4166712495109803,8.769343216018449,6.514293556105265,94,0.18085106382978725,6.460119460794343,107.30589345735955,107.15559349726422,4394,0.2610377787892581,2.4511962779614405,30.72492443395621,30.14400307521545,28788,0.950500208420175,0.12586887202207214,5.739942488321753,3.236238066578338,18217,0.7649997255310973,0.6960026616049836,13.044489554245695,10.077006034888248,0.4100340541379829,0.19174366600054782,"[""y@t"", ""level_throughput_3@t"", ""data_quality_1@t+h"", ""avg_p_latency_1@t""]",4,20,76000.0,459,0.20309203785184737,4.606533662829245,7.830488005708953,,
"ar_order=2,forced=('y@t', 'level_throughput_3@t'),horizon=5,level=True,other_lags=2",ar,1,32828,33182,0.8638117051413416,0.5231945800532584,9.660519904207298,6.574278080914353,33088,0.8657519342359767,0.5059324584256916,9.37968560499156,6.2850533217475375,94,0.18085106382978725,6.599461392956772,108.51419322814769,108.38139330763359,4394,0.010696404187528447,3.139442243503574,33.98324839391639,29.57975588632978,28788,0.9940252883145755,0.1238687417456063,5.94806787614763,3.062882031275776,18217,0.7570401273535708,0.8619450858834156,14.289382404073939,9.752519766357997,0.4169190338596271,0.19174366600054782,"[""y@t"", ""level_throughput_3@t"", ""data_quality_1@t+h"", ""avg_p_latency_1@t""]",4,20,76000.0,459,0.20309203785184737,4.606533662829245,7.830488005708953,,
"ar_order=2,forced=('y@t', 'level_throughput_3@t'),horizon=5,level=True,other_lags=2",persistence,1,32828,33182,0.8675788077873546,3.6589327582240383,8.111658086590305,4.606533662829246,33088,0.8695297388781431,3.6050265400587387,7.825793073555703,4.311170212765959,94,0.18085106382978725,22.63392155240955,108.73614267477004,108.57446808510639,4394,0.0,27.631021115928544,31.560622099289816,26.574192080109235,28788,1.0,0.0,4.5325713882506635,1.253543142976242,18217,0.7630235494318494,6.547901309626367,12.103096183221053,7.830488005708953,0.5292323261757802,0.19174366600054782,"[""y@t"", ""level_throughput_3@t"", ""data_quality_1@t+h"", ""avg_p_latency_1@t""]",4,20,76000.0,459,0.20309203785184737,4.606533662829245,7.830488005708953,,
"ar_order=2,forced=('y@t', 'level_throughput_3@t'),horizon=5,level=True,other_lags=2",model,2,66010,32829,0.8526302963842943,0.4473230542694829,9.252541024968409,8.55997288593017,32736,0.8545637829912024,0.432253842368164,8.96041680362906,8.266998734145803,93,0.17204301075268819,5.751685643533723,112.08026693641887,111.68687431402665,5411,0.2988357050452781,1.826621632606774,28.696269673289972,29.86203265105697,27418,0.9619228244219126,0.17511557716017215,5.415280257732726,4.355966562015183,19599,0.7715699780601051,0.6531546353844789,12.588302845471905,11.868069574802277,0.5080709587490774,0.37951116600015666,"[""y@t"", ""level_throughput_3@t"", ""data_quality_1@t+h"", ""y@t-1""]",4,20,80000.0,659,0.03210576015108593,6.319534557860428,10.001326598295831,,
"ar_order=2,forced=('y@t', 'level_throughput_3@t'),horizon=5,level=True,other_lags=2",ar,2,66010,32829,0.8298151025008377,0.600347266839507,11.023704109542123,8.199249275209576,32736,0.8316837732160313,0.5847076037570379,10.705754869482131,7.874132549974879,93,0.17204301075268819,6.105508671868648,122.9418366106597,122.64033655782292,5411,0.028830160783588986,2.7830774937906106,36.19202545081511,31.155909831690867,27418,0.987891166387045,0.16958086308896275,6.056682927193735,3.6687040030846854,19599,0.7200367365681922,0.9160687947021429,15.15253133246936,11.486592747978445,0.49042808404366356,0.37951116600015666,"[""y@t"", ""level_throughput_3@t"", ""data_quality_1@t+h"", ""y@t-1""]",4,20,80000.0,659,0.03210576015108593,6.319534557860428,10.001326598295831,,
"ar_order=2,forced=('y@t', 'level_throughput_3@t'),horizon=5,level=True,other_lags=2",persistence,2,66010,32829,0.8351762161503549,4.554249451956788,9.79501003050544,6.319534557860434,32736,0.8370601173020528,4.5021953394539,9.471802562477398,5.987781036168139,93,0.17204301075268819,22.87729705297309,123.5640387763764,123.09677419354838,5411,0.0,27.631021115928544,36.766061433818386,31.05636666050637,27418,1.0,0.0,4.472216276645701,1.4376686848056106,19599,0.7278432573090464,7.5199687041360725,13.891631082692516,10.00132659829583,0.5528867078253823,0.37951116600015666,"[""y@t"", ""level_throughput_3@t"", ""data_quality_1@t+h"", ""y@t-1""]",4,20,80000.0,659,0.03210576015108593,6.319534557860428,10.001326598295831,,
"ar_order=2,forced=('y@t', 'level_throughput_3@t'),horizon=5,level=True,other_lags=2",model,3,98839,32829,0.8787961862986993,0.3828604795392686,9.329642367511724,7.579086117026975,32736,0.8808040078201369,0.36783344930574824,9.010635119109825,7.256599610479525,93,0.17204301075268819,5.672375121738423,121.62019380498043,121.09433642172958,4549,0.254781270608925,2.026108867905545,33.44634357128571,33.05278672224002,28280,0.9791725601131541,0.11853456303721085,5.450332828050343,3.4814954503680573,19244,0.8063812097277073,0.5738515725452724,12.159307005613686,10.10863371966216,0.5070890528075682,0.5634371250052936,"[""y@t"", ""level_throughput_3@t"", ""data_quality_1@t+h"", ""buffer_size_3@t""]",4,20,68000.0,981,0.11684790886106795,6.636053489293003,10.695801288713366,,
"ar_order=2,forced=('y@t', 'level_throughput_3@t'),horizon=5,level=True,other_lags=2",ar,3,98839,32829,0.8624386974930701,0.4678467509374249,9.806880286266836,7.281659712771596,32736,0.8644000488758553,0.4516888773526371,9.469322926897048,6.938396453146247,93,0.17204301075268819,6.155418252782728,128.62707078443322,128.11032710089484,4549,0.02374148164431743,2.5292590234529015,40.076950582559526,36.09668735571447,28280,0.9973479490806223,0.13625677824743532,4.937766079129799,2.646597451535843,19244,0.7700062357098316,0.7100508023568635,13.642641444795592,10.34086513115164,0.48977966421265556,0.5634371250052936,"[""y@t"", ""level_throughput_3@t"", ""data_quality_1@t+h"", ""buffer_size_3@t""]",4,20,68000.0,981,0.11684790886106795,6.636053489293003,10.695801288713366,,
"ar_order=2,forced=('y@t', 'level_throughput_3@t'),horizon=5,level=True,other_lags=2",persistence,3,98839,32829,0.8614334886837857,3.8287342001388702,9.796265443278912,6.636053489293003,32736,0.8633919843597263,3.7746189647615,9.45601969732353,6.287573313782992,93,0.17204301075268819,22.8772970529731,129.5627680195736,129.30107526881721,4549,0.0,27.63102111592855,44.00195578951136,39.761266212354364,28280,1.0,0.0,4.294084206185157,1.3076732673267333,19244,0.7676158802743712,6.421010519145316,14.344961976687706,10.695801288713366,0.5153503820107239,0.5634371250052936,"[""y@t"", ""level_throughput_3@t"", ""data_quality_1@t+h"", ""buffer_size_3@t""]",4,20,68000.0,981,0.11684790886106795,6.636053489293003,10.695801288713366,,
"ar_order=2,forced=('y@t', 'level_throughput_3@t'),horizon=5,level=True,other_lags=2",model,4,131668,33182,0.8820746187692122,0.39040284034876394,7.107392912200988,6.134065457525861,33088,0.8839458413926499,0.3732568396112803,6.834765643526485,5.859819598077393,94,0.22340425531914893,6.425795099942999,103.07219148562602,102.66860798338705,4729,0.31867202368365405,2.111617612911733,25.343408725967265,24.69253281810376,28453,0.9757143359223983,0.10433020619945522,4.076495685781956,3.049575521555212,17337,0.7947165022783642,0.6522337155054959,10.462848993708635,9.093193570319034,0.5365056538592873,0.7216513749954174,"[""y@t"", ""level_throughput_3@t"", ""y@t-1"", ""level_throughput_1@t""]",4,20,160000.0,940,0.05264902658067627,5.233530227231632,9.457922362577147,,
"ar_order=2,forced=('y@t', 'level_throughput_3@t'),horizon=5,level=True,other_lags=2",ar,4,131668,33182,0.8591404978602857,0.5100828515138404,8.924618111916237,6.386867595700018,33088,0.8609767891682786,0.495467722379698,8.657800134002251,6.114104499302006,94,0.2127659574468085,5.654608306731936,102.84454633763963,102.3994775277996,4729,0.012264749418481708,2.776993497132977,33.6611130482174,27.363776387093385,28453,0.9998945629634837,0.1333134267384951,4.813315804469986,2.9004232251767252,17337,0.7348445521139759,0.8727619387306338,13.355254112727938,9.44400237527057,0.518358577751314,0.7216513749954174,"[""y@t"", ""level_throughput_3@t"", ""y@t-1"", ""level_throughput_1@t""]",4,20,160000.0,940,0.05264902658067627,5.233530227231632,9.457922362577147,,
"ar_order=2,forced=('y@t', 'level_throughput_3@t'),horizon=5,level=True,other_lags=2",persistence,4,131668,33182,0.85748297269604,3.937890990815083,8.253244326067568,5.233530227231632,33088,0.8593145551257253,3.8872824980248852,7.982489580105429,4.955633462282399,94,0.2127659574468085,21.752080452965025,103.55891490474033,103.05319148936171,4729,0.0,27.631021115928547,36.892530665390254,30.12518502854726,28453,1.0,0.0,3.493282807118529,1.0964397427336319,17337,0.731499105958355,7.418953872910388,13.457272201806903,9.457922362577147,0.5179067763969096,0.7216513749954174,"[""y@t"", ""level_throughput_3@t"", ""y@t-1"", ""level_throughput_1@t""]",4,20,160000.0,940,0.05264902658067627,5.233530227231632,9.457922362577147,,
"ar_order=2,forced=('y@t', 'level_throughput_3@t'),horizon=5,level=True,other_lags=2",model,5,164850,32829,0.8862286393128027,0.3621589522554197,7.260882762431593,5.897318421211831,32736,0.8880742913000977,0.3476250596923724,6.983737669285121,5.614081108517121,93,0.23655913978494625,5.478089134448083,104.81595554998962,105.59685248974972,4182,0.26374940219990434,1.9784082210738902,23.235127858675543,23.509801152238246,28647,0.9771005689950082,0.12621262481454135,4.928900600512641,3.326179985035182,19133,0.8172267809543721,0.5376209573160742,9.478114483642006,7.83705800456293,0.49892156029403917,0.878932250001526,"[""y@t"", ""level_throughput_3@t"", ""data_quality_2@t+h"", ""y@t-1""]",4,20,80000.0,1194,0.013768314599896433,4.441865423863048,7.088433596404118,,
"ar_order=2,forced=('y@t', 'level_throughput_3@t'),horizon=5,level=True,other_lags=2",ar,5,164850,32829,0.8730086204270614,0.4706696314764692,8.613201407594275,5.844339142396319,32736,0.8748778103616813,0.4566530916728743,8.333923712767147,5.554989040808757,93,0.21505376344086022,5.4044916423418705,106.91894998674293,107.69557490121858,4182,0.003586800573888092,2.545398104589891,29.06193247563796,23.872204939966313,28647,0.9999301846615701,0.16779273425999522,5.628016455363372,3.2125614775295728,19133,0.7860241467621387,0.7078092385895769,11.109327125757464,7.369404543913168,0.4856427778809973,0.878932250001526,"[""y@t"", ""level_throughput_3@t"", ""data_quality_2@t+h"", ""y@t-1""]",4,20,80000.0,1194,0.013768314599896433,4.441865423863048,7.088433596404118,,
"ar_order=2,forced=('y@t', 'level_throughput_3@t'),horizon=5,level=True,other_lags=2",persistence,5,164850,32829,0.8726126290779493,3.5198431358498032,7.800347992486206,4.441865423863055,32736,0.8745112414467253,3.467382537397192,7.512557105118739,4.142931329423272,93,0.20430107526881722,21.98597379116895,109.10274034583428,109.66666666666667,4182,0.0,27.631021115928547,31.73067013142621,26.1934481109517,28647,1.0,0.0,4.306906892718443,1.2664851467867577,19133,0.7852924266973292,5.932589491675873,10.980354993956746,7.088433596404118,0.5222121093481654,0.878932250001526,"[""y@t"", ""level_throughput_3@t"", ""data_quality_2@t+h"", ""y@t-1""]",4,20,80000.0,1194,0.013768314599896433,4.441865423863048,7.088433596404118,,
"ar_order=2,horizon=10,other_lags=2",model,1,32363,32712,0.8730129616043042,0.4427964946834479,9.85184281571449,7.5542579162823955,32618,0.8750076644797351,0.4264972035435036,9.569512021544238,7.265753914992996,94,0.18085106382978725,6.098650520244099,107.82062839279216,107.66514636370363,4394,0.20801092398725535,2.4704523648522194,33.66747760632833,32.28765269453606,28318,0.9761988841019846,0.12817258432531592,6.156458280438085,3.7164679362115365,18001,0.7835675795789123,0.7091396077981875,14.03203665769643,10.931812911415356,0.41110159705497096,0.2191129579950939,"[""y@t"", ""buffer_size_3@t-1"", ""avg_p_latency_1@t"", ""data_quality_1@t+h""]",4,20,68400.0,553,0.31434947419907067,5.172169234531671,8.83206488528415,,
"ar_order=2,horizon=10,other_lags=2",ar,1,32363,32712,0.8630166299828809,0.5313649867153881,10.428664220135222,7.352986694206062,32618,0.864982524986204,0.5150096238664246,10.146037246636672,7.061865601764474,94,0.18085106382978725,6.206675895305714,108.50022402413128,108.3720057714369,4394,0.015475648611743286,3.1588872017529983,36.64423484111903,32.2972606374461,28318,0.9945264496080232,0.12366201994954085,6.360890461091403,3.4824753690207824,18001,0.7556802399866674,0.874772761990702,15.287880805405887,10.764113888728284,0.39930623836096224,0.2191129579950939,"[""y@t"", ""buffer_size_3@t-1"", ""avg_p_latency_1@t"", ""data_quality_1@t+h""]",4,20,68400.0,553,0.31434947419907067,5.172169234531671,8.83206488528415,,
"ar_order=2,horizon=10,other_lags=2",persistence,1,32363,32712,0.865676204450966,3.711503631187027,8.658648902299305,5.172169234531678,32618,0.8676497639340242,3.6569721674371065,8.370258228929691,4.8741799006683495,94,0.18085106382978725,22.63392155240955,108.73021256155536,108.57446808510639,4394,0.0,27.631021115928544,35.2449709767451,30.35184342284934,28318,1.0,0.0,4.533347002620132,1.2651317183417001,18001,0.7601799900005555,6.6264717603168455,13.084208337861451,8.83206488528415,0.5194360206928083,0.2191129579950939,"[""y@t"", ""buffer_size_3@t-1"", ""avg_p_latency_1@t"", ""data_quality_1@t+h""]",4,20,68400.0,553,0.31434947419907067,5.172169234531671,8.83206488528415,,
"ar_order=2,horizon=10,other_lags=2",model,2,65075,32364,0.8490297861821777,0.4589160151560428,10.20281117392423,9.298423897028332,32271,0.8509807567165567,0.44467878364635094,9.887720385062561,8.981938229772302,93,0.17204301075268819,5.399235349019095,119.5393149089234,119.11895043487087,5454,0.2992299229922992,1.9060959577299619,32.800328576063905,33.2406019058956,26910,0.9604607952434039,0.1656079732832016,5.62284610847385,4.445928956100719,19544,0.7729226361031518,0.6734253439047619,13.728793565958629,12.75777684312207,0.4987853945332333,0.3902175420007552,"[""y@t"", ""data_quality_1@t+h"", ""y@t-1"", ""avg_p_latency_1@t""]",4,20,72000.0,609,0.04696576442961315,7.223705351625263,11.376381498158002,,
"ar_order=2,horizon=10,other_lags=2",ar,2,65075,32364,0.8255469039673712,0.6069369852545313,12.181113702468906,9.394706195797394,32271,0.8274302004896037,0.5910789085540527,11.86193576148977,9.068339375483289,93,0.17204301075268819,6.1096896003206735,122.93585922223023,122.6439928447915,5454,0.04565456545654566,2.759891993956211,40.38208501182939,35.65354467132251,26910,0.9836120401337792,0.1705855687751944,6.465465336759058,4.0726807388849435,19544,0.716741711011052,0.9172988735375235,16.66645525988261,13.085700695257147,0.43770116091948136,0.3902175420007552,"[""y@t"", ""data_quality_1@t+h"", ""y@t-1"", ""avg_p_latency_1@t""]",4,20,72000.0,609,0.04696576442961315,7.223705351625263,11.376381498158002,,
"ar_order=2,horizon=10,other_lags=2",persistence,2,65075,32364,0.8314794215795328,4.656395660804422,10.656870550591968,7.223705351625269,32271,0.8333798146943076,4.603885858521515,10.331496753662957,6.8897771993430705,93,0.17204301075268819,22.87729705297309,123.56157808495894,123.09677419354838,5454,0.0,27.631021115928547,41.161270044641924,35.705170517051705,26910,1.0,0.0,4.474373529389867,1.4512077294686077,19544,0.7248772001637331,7.601923891749274,15.206251439950845,11.376381498158002,0.539785985817393,0.3902175420007552,"[""y@t"", ""data_quality_1@t+h"", ""y@t-1"", ""avg_p_latency_1@t""]",4,20,72000.0,609,0.04696576442961315,7.223705351625263,11.376381498158002,,
"ar_order=2,horizon=10,other_lags=2",model,3,97439,32364,0.8773328389568656,0.3948175407520079,9.898054106330129,8.185883328714445,32271,0.8793653744848315,0.37885421726953805,9.573354835799702,7.857605170924792,93,0.17204301075268819,5.934090789169049,122.56870098038765,122.09840408172464,4601,0.26711584438165614,2.035613541107196,36.7012306418913,36.11559681781511,27763,0.9784605410078162,0.1228979932378984,5.456120048767294,3.5572548748963375,18988,0.8024015167474194,0.5912735171612176,13.183339854710816,11.166116363684138,0.4966368520298383,0.6170434590021614,"[""y@t"", ""data_quality_1@t+h"", ""buffer_size_3@t-1"", ""y@t-1""]",4,20,68000.0,812,0.0925410950438759,7.401989865282412,11.982989256372445,,
"ar_order=2,horizon=10,other_lags=2",ar,3,97439,32364,0.8591336052403905,0.4823948132277933,10.71044493994269,8.15754529736043,32271,0.8611136934089431,0.46618350627274513,10.37063558140177,7.811879825548322,93,0.17204301075268819,6.107718326629503,128.62429235364215,128.103464016162,4601,0.024994566398609,2.5551339122893064,43.91844550469068,39.96471523570916,27763,0.997370601159817,0.13889185624252431,5.207076766531836,2.8863286101745165,18988,0.7642195070570887,0.7318809871631818,14.838041596719357,11.506227988912926,0.4755683021115499,0.6170434590021614,"[""y@t"", ""data_quality_1@t+h"", ""buffer_size_3@t-1"", ""y@t-1""]",4,20,68000.0,812,0.0925410950438759,7.401989865282412,11.982989256372445,,
"ar_order=2,horizon=10,other_lags=2",persistence,3,97439,32364,0.8578358670127302,3.928140160498926,10.554032445689014,7.401989865282412,32271,0.8598122153016641,3.873531639194966,10.211064052979092,7.050695671035916,93,0.17204301075268819,22.8772970529731,129.56406471603194,129.30107526881721,4601,0.0,27.631021115928547,48.353199248926344,44.22951532275592,27763,1.0,0.0,4.289797079853371,1.2987789504016152,18988,0.7617442595323363,6.58324939585321,15.613980416671602,11.982989256372445,0.5119716489337977,0.6170434590021614,"[""y@t"", ""data_quality_1@t+h"", ""buffer_size_3@t-1"", ""y@t-1""]",4,20,68000.0,812,0.0925410950438759,7.401989865282412,11.982989256372445,,
"ar_order=2,horizon=10,other_lags=2",model,4,129803,32712,0.8762533626803619,0.4190846593472435,8.234007237742519,6.923765911465928,32618,0.8781654301306028,0.4065030796413621,7.993231185434379,6.680297700278561,94,0.2127659574468085,4.784892817288097,91.78329738866728,91.40723519348221,4796,0.2735613010842369,2.2677834981726823,29.044129494872543,27.250396395081125,27916,0.9797965324545064,0.10147613265979533,4.658804975771049,3.4316280765533844,17102,0.7802011460647877,0.7143707523713538,12.196803907147139,10.367284655219018,0.5325752388985492,0.8486361250033951,"[""y@t"", ""y@t-1"", ""throughput_2@t"", ""data_quality_1@t+h""]",4,20,80000.0,1070,0.09950476889214967,5.689410613842015,10.316044907028418,,
"ar_order=2,horizon=10,other_lags=2",ar,4,129803,32712,0.8551296160430423,0.5254213052331956,9.71707078642684,7.16278744152416,32618,0.8569808081427432,0.5107075178579717,9.44839981529354,6.888058169052692,94,0.2127659574468085,5.631105524435891,102.94589776968118,102.49384498912336,4796,0.013135946622185155,2.776045876416193,35.57552385554109,29.303348000282266,27916,0.9997850694941969,0.13876148851899398,5.274559648746942,3.3590143923837426,17102,0.7275757221377617,0.8971427942873196,14.343487990239147,10.421245901182525,0.518890570196421,0.8486361250033951,"[""y@t"", ""y@t-1"", ""throughput_2@t"", ""data_quality_1@t+h""]",4,20,80000.0,1070,0.09950476889214967,5.689410613842015,10.316044907028418,,
"ar_order=2,horizon=10,other_lags=2",persistence,4,129803,32712,0.8533871362191244,4.051063134996127,8.711440707019028,5.689410613842015,32618,0.8552333067631369,4.000051557710914,8.438106002822494,5.408823349071065,94,0.2127659574468085,21.752080452965025,103.55858306321572,103.05319148936171,4796,0.0,27.631021115928547,39.13154491902892,32.41784820683903,27916,1.0,0.0,3.485232804712128,1.0974351626307504,17102,0.7238919424628698,7.629147568086458,14.314225311489544,10.316044907028418,0.5209305326756604,0.8486361250033951,"[""y@t"", ""y@t-1"", ""throughput_2@t"", ""data_quality_1@t+h""]",4,20,80000.0,1070,0.09950476889214967,5.689410613842015,10.316044907028418,,
"ar_order=2,horizon=10,other_lags=2",model,5,162515,32364,0.875046347793845,0.3843174731377418,7.696498478922952,6.140027237386291,32271,0.8769173561401877,0.3711865410296392,7.42842492941239,5.865079041987949,93,0.22580645161290322,4.940750914649347,100.71802015908764,101.54705104061063,4134,0.2985002418964683,2.141771796996063,26.44990420078421,25.756351394842156,28230,0.9594757350336521,0.12695593665774538,4.950250542182802,3.2674135616185773,18960,0.8052742616033756,0.5733172068800223,9.751879201911759,7.8648620978496995,0.48542300902392604,0.9208337909949478,"[""y@t"", ""y@t-1"", ""data_quality_2@t+h"", ""data_quality_2@t""]",4,20,40000.0,646,0.02224694104560623,4.902484241750093,7.830432489451477,,
"ar_order=2,horizon=10,other_lags=2",ar,5,162515,32364,0.8726671610431344,0.47651613457174835,9.271227537087698,6.5088460280075084,32271,0.8745623005174925,0.4623803451531386,8.990231438702029,6.217640648815955,93,0.21505376344086022,5.381635062829364,106.77687367691605,107.5571126074763,4134,0.00362844702467344,2.559382994420139,32.001846165488764,26.902085297264914,28230,0.999929153382926,0.17150120015399248,5.942556711377109,3.522460936292662,18960,0.7866033755274262,0.7116084854008181,11.698425749825782,7.987561010835002,0.4836516756970108,0.9208337909949478,"[""y@t"", ""y@t-1"", ""data_quality_2@t+h"", ""data_quality_2@t""]",4,20,40000.0,646,0.02224694104560623,4.902484241750093,7.830432489451477,,
"ar_order=2,horizon=10,other_lags=2",persistence,5,162515,32364,0.8722654801631442,3.5294352148451558,8.251988743973877,4.9024842417501,32271,0.8741904496296985,3.4762463428672774,7.961353250088324,4.600570171361292,93,0.20430107526881722,21.98597379116895,109.10250512226122,109.66666666666667,4134,0.0,27.631021115928544,35.04778436936336,29.64562167392356,28230,1.0,0.0,4.328013571626725,1.279100247963168,18960,0.7858649789029536,5.9167692895922945,11.702228940868128,7.830432489451477,0.5200958824452623,0.9208337909949478,"[""y@t"", ""y@t-1"", ""data_quality_2@t+h"", ""data_quality_2@t""]",4,20,40000.0,646,0.02224694104560623,4.902484241750093,7.830432489451477,,
"ar_order=2,horizon=10,level=True,other_lags=2",model,1,32363,32712,0.8730129616043042,0.4427964946834479,9.85184281571449,7.5542579162823955,32618,0.8750076644797351,0.4264972035435036,9.569512021544238,7.265753914992996,94,0.18085106382978725,6.098650520244099,107.82062839279216,107.66514636370363,4394,0.20801092398725535,2.4704523648522194,33.66747760632833,32.28765269453606,28318,0.9761988841019846,0.12817258432531592,6.156458280438085,3.7164679362115365,18001,0.7835675795789123,0.7091396077981875,14.03203665769643,10.931812911415356,0.41110159705497096,0.20641491700371262,"[""y@t"", ""buffer_size_3@t-1"", ""avg_p_latency_1@t"", ""data_quality_1@t+h""]",4,20,68400.0,553,0.31434947419907067,5.172169234531671,8.83206488528415,,
"ar_order=2,horizon=10,level=True,other_lags=2",ar,1,32363,32712,0.8630166299828809,0.5313649867153881,10.428664220135222,7.352986694206062,32618,0.864982524986204,0.5150096238664246,10.146037246636672,7.061865601764474,94,0.18085106382978725,6.206675895305714,108.50022402413128,108.3720057714369,4394,0.015475648611743286,3.1588872017529983,36.64423484111903,32.2972606374461,28318,0.9945264496080232,0.12366201994954085,6.360890461091403,3.4824753690207824,18001,0.7556802399866674,0.874772761990702,15.287880805405887,10.764113888728284,0.39930623836096224,0.20641491700371262,"[""y@t"", ""buffer_size_3@t-1"", ""avg_p_latency_1@t"", ""data_quality_1@t+h""]",4,20,68400.0,553,0.31434947419907067,5.172169234531671,8.83206488528415,,
"ar_order=2,horizon=10,level=True,other_lags=2",persistence,1,32363,32712,0.865676204450966,3.711503631187027,8.658648902299305,5.172169234531678,32618,0.8676497639340242,3.6569721674371065,8.370258228929691,4.8741799006683495,94,0.18085106382978725,22.63392155240955,108.73021256155536,108.57446808510639,4394,0.0,27.631021115928544,35.2449709767451,30.35184342284934,28318,1.0,0.0,4.533347002620132,1.2651317183417001,18001,0.7601799900005555,6.6264717603168455,13.084208337861451,8.83206488528415,0.5194360206928083,0.20641491700371262,"[""y@t"", ""buffer_size_3@t-1"", ""avg_p_latency_1@t"", ""data_quality_1@t+h""]",4,20,68400.0,553,0.31434947419907067,5.172169234531671,8.83206488528415,,
"ar_order=2,horizon=10,level=True,other_lags=2",model,2,65075,32364,0.8520578420467185,0.4519714673492485,10.3094430975198,9.663773072361444,32271,0.8540175389668743,0.4368370101515305,10.016006988762518,9.369600835576676,93,0.17204301075268819,5.7036281149573895,112.13177283629666,111.7415392366757,5454,0.30766409974330766,1.8200060407943728,32.54942748675928,33.87280677878089,26910,0.9623931623931624,0.17470425948712626,5.801941244717418,4.757192996745995,19544,0.7743041342611543,0.6561654445396106,13.983058480417448,13.36563731081185,0.5030266120448106,0.3060232089992496,"[""y@t"", ""data_quality_1@t+h"", ""level_throughput_3@t"", ""y@t-1""]",4,20,80000.0,659,0.03253615127919911,7.223705351625263,11.376381498158002,,
"ar_order=2,horizon=10,level=True,other_lags=2",ar,2,65075,32364,0.8255469039673712,0.6069369852545313,12.181113702468906,9.394706195797394,32271,0.8274302004896037,0.5910789085540527,11.86193576148977,9.068339375483289,93,0.17204301075268819,6.1096896003206735,122.93585922223023,122.6439928447915,5454,0.04565456545654566,2.759891993956211,40.38208501182939,35.65354467132251,26910,0.9836120401337792,0.1705855687751944,6.465465336759058,4.0726807388849435,19544,0.716741711011052,0.9172988735375235,16.66645525988261,13.085700695257147,0.43770116091948136,0.3060232089992496,"[""y@t"", ""data_quality_1@t+h"", ""level_throughput_3@t"", ""y@t-1""]",4,20,80000.0,659,0.03253615127919911,7.223705351625263,11.376381498158002,,
"ar_order=2,horizon=10,level=True,other_lags=2",persistence,2,65075,32364,0.8314794215795328,4.656395660804422,10.656870550591968,7.223705351625269,32271,0.8333798146943076,4.603885858521515,10.331496753662957,6.8897771993430705,93,0.17204301075268819,22.87729705297309,123.56157808495894,123.09677419354838,5454,0.0,27.631021115928547,41.161270044641924,35.705170517051705,26910,1.0,0.0,4.474373529389867,1.4512077294686077,19544,0.7248772001637331,7.601923891749274,15.206251439950845,11.376381498158002,0.539785985817393,0.3060232089992496,"[""y@t"", ""data_quality_1@t+h"", ""level_throughput_3@t"", ""y@t-1""]",4,20,80000.0,659,0.03253615127919911,7.223705351625263,11.376381498158002,,
"ar_order=2,horizon=10,level=True,other_lags=2",model,3,97439,32364,0.8744592757384748,0.3914766269889474,10.130527674668805,8.35833566613906,32271,0.8764835301044281,0.3763491167504917,9.808944375276248,8.032903028187423,93,0.17204301075268819,5.640722679733114,121.71993256388605,121.28346103535743,4601,0.2447294066507281,2.02304045083587,36.476067587264545,36.046816274969025,27763,0.978820732629759,0.12108707422016554,5.764435064437454,3.7696853300360917,18988,0.7971876974931535,0.5874189854483699,13.171833389525913,11.119686673151609,0.49223665533960986,0.42995683300250676,"[""y@t"", ""data_quality_1@t+h"", ""level_throughput_3@t"", ""buffer_size_3@t""]",4,20,68000.0,979,0.11685823754789272,7.401989865282412,11.982989256372445,,
"ar_order=2,horizon=10,level=True,other_lags=2",ar,3,97439,32364,0.8591336052403905,0.4823948132277933,10.71044493994269,8.15754529736043,32271,0.8611136934089431,0.46618350627274513,10.37063558140177,7.811879825548322,93,0.17204301075268819,6.107718326629503,128.62429235364215,128.103464016162,4601,0.024994566398609,2.5551339122893064,43.91844550469068,39.96471523570916,27763,0.997370601159817,0.13889185624252431,5.207076766531836,2.8863286101745165,18988,0.7642195070570887,0.7318809871631818,14.838041596719357,11.506227988912926,0.4755683021115499,0.42995683300250676,"[""y@t"", ""data_quality_1@t+h"", ""level_throughput_3@t"", ""buffer_size_3@t""]",4,20,68000.0,979,0.11685823754789272,7.401989865282412,11.982989256372445,,
"ar_order=2,horizon=10,level=True,other_lags=2",persistence,3,97439,32364,0.8578358670127302,3.928140160498926,10.554032445689014,7.401989865282412,32271,0.8598122153016641,3.873531639194966,10.211064052979092,7.050695671035916,93,0.17204301075268819,22.8772970529731,129.56406471603194,129.30107526881721,4601,0.0,27.631021115928547,48.353199248926344,44.22951532275592,27763,1.0,0.0,4.289797079853371,1.2987789504016152,18988,0.7617442595323363,6.58324939585321,15.613980416671602,11.982989256372445,0.5119716489337977,0.42995683300250676,"[""y@t"", ""data_quality_1@t+h"", ""level_throughput_3@t"", ""buffer_size_3@t""]",4,20,68000.0,979,0.11685823754789272,7.401989865282412,11.982989256372445,,
"ar_order=2,horizon=10,level=True,other_lags=2",model,4,129803,32712,0.8809916850085595,0.39841344129808665,7.8530048074996435,6.8950007946026535,32618,0.8828560917284934,0.3811342125793062,7.57789081888025,6.618289883687635,94,0.23404255319148937,6.3943058067149,103.3175588584291,102.91368688211385,4796,0.3267306088407006,2.0887584716219973,27.179702732421468,26.77597937765462,27916,0.9762143573577876,0.1080102758935345,4.53265650373388,3.4794264542846554,17102,0.7920126301017425,0.664496239854039,11.344792453441984,10.048295558184513,0.5348553986127045,0.5886304590021609,"[""y@t"", ""level_throughput_3@t"", ""y@t-1"", ""level_throughput_1@t""]",4,20,160000.0,940,0.05279408168256297,5.689410613842015,10.316044907028418,,
"ar_order=2,horizon=10,level=True,other_lags=2",ar,4,129803,32712,0.8551296160430423,0.5254213052331956,9.71707078642684,7.16278744152416,32618,0.8569808081427432,0.5107075178579717,9.44839981529354,6.888058169052692,94,0.2127659574468085,5.631105524435891,102.94589776968118,102.49384498912336,4796,0.013135946622185155,2.776045876416193,35.57552385554109,29.303348000282266,27916,0.9997850694941969,0.13876148851899398,5.274559648746942,3.3590143923837426,17102,0.7275757221377617,0.8971427942873196,14.343487990239147,10.421245901182525,0.518890570196421,0.5886304590021609,"[""y@t"", ""level_throughput_3@t"", ""y@t-1"", ""level_throughput_1@t""]",4,20,160000.0,940,0.05279408168256297,5.689410613842015,10.316044907028418,,
"ar_order=2,horizon=10,level=True,other_lags=2",persistence,4,129803,32712,0.8533871362191244,4.051063134996127,8.711440707019028,5.689410613842015,32618,0.8552333067631369,4.000051557710914,8.438106002822494,5.408823349071065,94,0.2127659574468085,21.752080452965025,103.55858306321572,103.05319148936171,4796,0.0,27.631021115928547,39.13154491902892,32.41784820683903,27916,1.0,0.0,3.485232804712128,1.0974351626307504,17102,0.7238919424628698,7.629147568086458,14.314225311489544,10.316044907028418,0.5209305326756604,0.5886304590021609,"[""y@t"", ""level_throughput_3@t"", ""y@t-1"", ""level_throughput_1@t""]",4,20,160000.0,940,0.05279408168256297,5.689410613842015,10.316044907028418,,
"ar_order=2,horizon=10,level=True,other_lags=2",model,5,162515,32364,0.878476084538376,0.37243518099703116,7.930220386308765,6.612339217490527,32271,0.8803259892782994,0.35778697425975753,7.651443125122802,6.327462202443777,93,0.23655913978494625,5.455362918830975,104.66593001783802,105.46466343871252,4134,0.32051282051282054,2.0307486406895032,26.17234736160675,26.43548246114511,28230,0.9601842012043925,0.12959182845120473,5.2588440874819185,3.7094389635313325,18960,0.8084915611814346,0.5498814625135326,10.085388200326957,8.498426800070057,0.49116785183686235,0.7856893329953891,"[""y@t"", ""level_throughput_3@t"", ""data_quality_2@t+h"", ""y@t-1""]",4,20,80000.0,1193,0.01399703374119392,4.902484241750093,7.830432489451477,,
"ar_order=2,horizon=10,level=True,other_lags=2",ar,5,162515,32364,0.8726671610431344,0.47651613457174835,9.271227537087698,6.5088460280075084,32271,0.8745623005174925,0.4623803451531386,8.990231438702029,6.217640648815955,93,0.21505376344086022,5.381635062829364,106.77687367691605,107.5571126074763,4134,0.00362844702467344,2.559382994420139,32.001846165488764,26.902085297264914,28230,0.999929153382926,0.17150120015399248,5.942556711377109,3.522460936292662,18960,0.7866033755274262,0.7116084854008181,11.698425749825782,7.987561010835002,0.4836516756970108,0.7856893329953891,"[""y@t"", ""level_throughput_3@t"", ""data_quality_2@t+h"", ""y@t-1""]",4,20,80000.0,1193,0.01399703374119392,4.902484241750093,7.830432489451477,,
"ar_order=2,horizon=10,level=True,other_lags=2",persistence,5,162515,32364,0.8722654801631442,3.5294352148451558,8.251988743973877,4.9024842417501,32271,0.8741904496296985,3.4762463428672774,7.961353250088324,4.600570171361292,93,0.20430107526881722,21.98597379116895,109.10250512226122,109.66666666666667,4134,0.0,27.631021115928544,35.04778436936336,29.64562167392356,28230,1.0,0.0,4.328013571626725,1.279100247963168,18960,0.7858649789029536,5.9167692895922945,11.702228940868128,7.830432489451477,0.5200958824452623,0.7856893329953891,"[""y@t"", ""level_throughput_3@t"", ""data_quality_2@t+h"", ""y@t-1""]",4,20,80000.0,1193,0.01399703374119392,4.902484241750093,7.830432489451477,,
"ar_order=2,forced=('y@t', 'level_throughput_3@t'),horizon=10,level=True,other_lags=2",model,1,32363,32712,0.8764062117877232,0.44373985726606324,9.819415542622044,8.032960173366508,32618,0.8784106934821264,0.42718982458255,9.540327702156162,7.749238046679751,94,0.18085106382978725,6.18660119844516,106.66289618428291,106.48453813367107,4394,0.21096950386891214,2.418868855708107,33.665198448535094,33.293648843655674,28318,0.9796595804788474,0.13726634857355885,6.119353035079775,4.113351937712485,18001,0.7895672462640965,0.7030710613288079,13.924183842312571,11.521533522884846,0.4143007163534469,0.11309908399562119,"[""y@t"", ""level_throughput_3@t"", ""data_quality_1@t+h"", ""buffer_size_3@t""]",4,20,72000.0,469,0.2803558327219369,5.172169234531671,8.83206488528415,,
"ar_order=2,forced=('y@t', 'level_throughput_3@t'),horizon=10,level=True,other_lags=2",ar,1,32363,32712,0.8630166299828809,0.5313649867153881,10.428664220135222,7.352986694206062,32618,0.864982524986204,0.5150096238664246,10.146037246636672,7.061865601764474,94,0.18085106382978725,6.206675895305714,108.50022402413128,108.3720057714369,4394,0.015475648611743286,3.1588872017529983,36.64423484111903,32.2972606374461,28318,0.9945264496080232,0.12366201994954085,6.360890461091403,3.4824753690207824,18001,0.7556802399866674,0.874772761990702,15.287880805405887,10.764113888728284,0.39930623836096224,0.11309908399562119,"[""y@t"", ""level_throughput_3@t"", ""data_quality_1@t+h"", ""buffer_size_3@t""]",4,20,72000.0,469,0.2803558327219369,5.172169234531671,8.83206488528415,,
"ar_order=2,forced=('y@t', 'level_throughput_3@t'),horizon=10,level=True,other_lags=2",persistence,1,32363,32712,0.865676204450966,3.711503631187027,8.658648902299305,5.172169234531678,32618,0.8676497639340242,3.6569721674371065,8.370258228929691,4.8741799006683495,94,0.18085106382978725,22.63392155240955,108.73021256155536,108.57446808510639,4394,0.0,27.631021115928544,35.2449709767451,30.35184342284934,28318,1.0,0.0,4.533347002620132,1.2651317183417001,18001,0.7601799900005555,6.6264717603168455,13.084208337861451,8.83206488528415,0.5194360206928083,0.11309908399562119,"[""y@t"", ""level_throughput_3@t"", ""data_quality_1@t+h"", ""buffer_size_3@t""]",4,20,72000.0,469,0.2803558327219369,5.172169234531671,8.83206488528415,,
"ar_order=2,forced=('y@t', 'level_throughput_3@t'),horizon=10,level=True,other_lags=2",model,2,65075,32364,0.8520578420467185,0.4519714673492485,10.3094430975198,9.663773072361444,32271,0.8540175389668743,0.4368370101515305,10.016006988762518,9.369600835576676,93,0.17204301075268819,5.7036281149573895,112.13177283629666,111.7415392366757,5454,0.30766409974330766,1.8200060407943728,32.54942748675928,33.87280677878089,26910,0.9623931623931624,0.17470425948712626,5.801941244717418,4.757192996745995,19544,0.7743041342611543,0.6561654445396106,13.983058480417448,13.36563731081185,0.5030266120448106,0.22117250000155764,"[""y@t"", ""level_throughput_3@t"", ""data_quality_1@t+h"", ""y@t-1""]",4,20,80000.0,659,0.03253615127919911,7.223705351625263,11.376381498158002,,
"ar_order=2,forced=('y@t', 'level_throughput_3@t'),horizon=10,level=True,other_lags=2",ar,2,65075,32364,0.8255469039673712,0.6069369852545313,12.181113702468906,9.394706195797394,32271,0.8274302004896037,0.5910789085540527,11.86193576148977,9.068339375483289,93,0.17204301075268819,6.1096896003206735,122.93585922223023,122.6439928447915,5454,0.04565456545654566,2.759891993956211,40.38208501182939,35.65354467132251,26910,0.9836120401337792,0.1705855687751944,6.465465336759058,4.0726807388849435,19544,0.716741711011052,0.9172988735375235,16.66645525988261,13.085700695257147,0.43770116091948136,0.22117250000155764,"[""y@t"", ""level_throughput_3@t"", ""data_quality_1@t+h"", ""y@t-1""]",4,20,80000.0,659,0.03253615127919911,7.223705351625263,11.376381498158002,,
"ar_order=2,forced=('y@t', 'level_throughput_3@t'),horizon=10,level=True,other_lags=2",persistence,2,65075,32364,0.8314794215795328,4.656395660804422,10.656870550591968,7.223705351625269,32271,0.8333798146943076,4.603885858521515,10.331496753662957,6.8897771993430705,93,0.17204301075268819,22.87729705297309,123.56157808495894,123.09677419354838,5454,0.0,27.631021115928547,41.161270044641924,35.705170517051705,26910,1.0,0.0,4.474373529389867,1.4512077294686077,19544,0.7248772001637331,7.601923891749274,15.206251439950845,11.376381498158002,0.539785985817393,0.22117250000155764,"[""y@t"", ""level_throughput_3@t"", ""data_quality_1@t+h"", ""y@t-1""]",4,20,80000.0,659,0.03253615127919911,7.223705351625263,11.376381498158002,,
"ar_order=2,forced=('y@t', 'level_throughput_3@t'),horizon=10,level=True,other_lags=2",model,3,97439,32364,0.8744592757384748,0.3914766269889474,10.130527674668805,8.35833566613906,32271,0.8764835301044281,0.3763491167504917,9.808944375276248,8.032903028187423,93,0.17204301075268819,5.640722679733114,121.71993256388605,121.28346103535743,4601,0.2447294066507281,2.02304045083587,36.476067587264545,36.046816274969025,27763,0.978820732629759,0.12108707422016554,5.764435064437454,3.7696853300360917,18988,0.7971876974931535,0.5874189854483699,13.171833389525913,11.119686673151609,0.49223665533960986,0.3466109159999178,"[""y@t"", ""level_throughput_3@t"", ""data_quality_1@t+h"", ""buffer_size_3@t""]",4,20,68000.0,979,0.11685823754789272,7.401989865282412,11.982989256372445,,
"ar_order=2,forced=('y@t', 'level_throughput_3@t'),horizon=10,level=True,other_lags=2",ar,3,97439,32364,0.8591336052403905,0.4823948132277933,10.71044493994269,8.15754529736043,32271,0.8611136934089431,0.46618350627274513,10.37063558140177,7.811879825548322,93,0.17204301075268819,6.107718326629503,128.62429235364215,128.103464016162,4601,0.024994566398609,2.5551339122893064,43.91844550469068,39.96471523570916,27763,0.997370601159817,0.13889185624252431,5.207076766531836,2.8863286101745165,18988,0.7642195070570887,0.7318809871631818,14.838041596719357,11.506227988912926,0.4755683021115499,0.3466109159999178,"[""y@t"", ""level_throughput_3@t"", ""data_quality_1@t+h"", ""buffer_size_3@t""]",4,20,68000.0,979,0.11685823754789272,7.401989865282412,11.982989256372445,,
"ar_order=2,forced=('y@t', 'level_throughput_3@t'),horizon=10,level=True,other_lags=2",persistence,3,97439,32364,0.8578358670127302,3.928140160498926,10.554032445689014,7.401989865282412,32271,0.8598122153016641,3.873531639194966,10.211064052979092,7.050695671035916,93,0.17204301075268819,22.8772970529731,129.56406471603194,129.30107526881721,4601,0.0,27.631021115928547,48.353199248926344,44.22951532275592,27763,1.0,0.0,4.289797079853371,1.2987789504016152,18988,0.7617442595323363,6.58324939585321,15.613980416671602,11.982989256372445,0.5119716489337977,0.3466109159999178,"[""y@t"", ""level_throughput_3@t"", ""data_quality_1@t+h"", ""buffer_size_3@t""]",4,20,68000.0,979,0.11685823754789272,7.401989865282412,11.982989256372445,,
"ar_order=2,forced=('y@t', 'level_throughput_3@t'),horizon=10,level=True,other_lags=2",model,4,129803,32712,0.8809916850085595,0.39841344129808665,7.8530048074996435,6.8950007946026535,32618,0.8828560917284934,0.3811342125793062,7.57789081888025,6.618289883687635,94,0.23404255319148937,6.3943058067149,103.3175588584291,102.91368688211385,4796,0.3267306088407006,2.0887584716219973,27.179702732421468,26.77597937765462,27916,0.9762143573577876,0.1080102758935345,4.53265650373388,3.4794264542846554,17102,0.7920126301017425,0.664496239854039,11.344792453441984,10.048295558184513,0.5348553986127045,0.44979566700203577,"[""y@t"", ""level_throughput_3@t"", ""y@t-1"", ""level_throughput_1@t""]",4,20,160000.0,940,0.05279408168256297,5.689410613842015,10.316044907028418,,
"ar_order=2,forced=('y@t', 'level_throughput_3@t'),horizon=10,level=True,other_lags=2",ar,4,129803,32712,0.8551296160430423,0.5254213052331956,9.71707078642684,7.16278744152416,32618,0.8569808081427432,0.5107075178579717,9.44839981529354,6.888058169052692,94,0.2127659574468085,5.631105524435891,102.94589776968118,102.49384498912336,4796,0.013135946622185155,2.776045876416193,35.57552385554109,29.303348000282266,27916,0.9997850694941969,0.13876148851899398,5.274559648746942,3.3590143923837426,17102,0.7275757221377617,0.8971427942873196,14.343487990239147,10.421245901182525,0.518890570196421,0.44979566700203577,"[""y@t"", ""level_throughput_3@t"", ""y@t-1"", ""level_throughput_1@t""]",4,20,160000.0,940,0.05279408168256297,5.689410613842015,10.316044907028418,,
"ar_order=2,forced=('y@t', 'level_throughput_3@t'),horizon=10,level=True,other_lags=2",persistence,4,129803,32712,0.8533871362191244,4.051063134996127,8.711440707019028,5.689410613842015,32618,0.8552333067631369,4.000051557710914,8.438106002822494,5.408823349071065,94,0.2127659574468085,21.752080452965025,103.55858306321572,103.05319148936171,4796,0.0,27.631021115928547,39.13154491902892,32.41784820683903,27916,1.0,0.0,3.485232804712128,1.0974351626307504,17102,0.7238919424628698,7.629147568086458,14.314225311489544,10.316044907028418,0.5209305326756604,0.44979566700203577,"[""y@t"", ""level_throughput_3@t"", ""y@t-1"", ""level_throughput_1@t""]",4,20,160000.0,940,0.05279408168256297,5.689410613842015,10.316044907028418,,
"ar_order=2,forced=('y@t', 'level_throughput_3@t'),horizon=10,level=True,other_lags=2",model,5,162515,32364,0.878476084538376,0.37243518099703116,7.930220386308765,6.612339217490527,32271,0.8803259892782994,0.35778697425975753,7.651443125122802,6.327462202443777,93,0.23655913978494625,5.455362918830975,104.66593001783802,105.46466343871252,4134,0.32051282051282054,2.0307486406895032,26.17234736160675,26.43548246114511,28230,0.9601842012043925,0.12959182845120473,5.2588440874819185,3.7094389635313325,18960,0.8084915611814346,0.5498814625135326,10.085388200326957,8.498426800070057,0.49116785183686235,0.5838181250001071,"[""y@t"", ""level_throughput_3@t"", ""data_quality_2@t+h"", ""y@t-1""]",4,20,80000.0,1193,0.01399703374119392,4.902484241750093,7.830432489451477,,
"ar_order=2,forced=('y@t', 'level_throughput_3@t'),horizon=10,level=True,other_lags=2",ar,5,162515,32364,0.8726671610431344,0.47651613457174835,9.271227537087698,6.5088460280075084,32271,0.8745623005174925,0.4623803451531386,8.990231438702029,6.217640648815955,93,0.21505376344086022,5.381635062829364,106.77687367691605,107.5571126074763,4134,0.00362844702467344,2.559382994420139,32.001846165488764,26.902085297264914,28230,0.999929153382926,0.17150120015399248,5.942556711377109,3.522460936292662,18960,0.7866033755274262,0.7116084854008181,11.698425749825782,7.987561010835002,0.4836516756970108,0.5838181250001071,"[""y@t"", ""level_throughput_3@t"", ""data_quality_2@t+h"", ""y@t-1""]",4,20,80000.0,1193,0.01399703374119392,4.902484241750093,7.830432489451477,,
"ar_order=2,forced=('y@t', 'level_throughput_3@t'),horizon=10,level=True,other_lags=2",persistence,5,162515,32364,0.8722654801631442,3.5294352148451558,8.251988743973877,4.9024842417501,32271,0.8741904496296985,3.4762463428672774,7.961353250088324,4.600570171361292,93,0.20430107526881722,21.98597379116895,109.10250512226122,109.66666666666667,4134,0.0,27.631021115928544,35.04778436936336,29.64562167392356,28230,1.0,0.0,4.328013571626725,1.279100247963168,18960,0.7858649789029536,5.9167692895922945,11.702228940868128,7.830432489451477,0.5200958824452623,0.5838181250001071,"[""y@t"", ""level_throughput_3@t"", ""data_quality_2@t+h"", ""y@t-1""]",4,20,80000.0,1193,0.01399703374119392,4.902484241750093,7.830432489451477,,
"ar_order=2,n_bins=50,other_lags=2",model,1,33200,33558,0.861314738661422,0.4929811885293124,5.022006804617516,4.833917622244471,33464,0.8633755677743247,0.4618117648398701,4.7329726751462475,4.543562951757592,94,0.1276595744680851,11.58929602197075,107.91815689638894,108.20018031557356,5662,0.4750971388202049,2.179878415445334,20.112302080099976,19.702803584586835,27896,0.9397046171494121,0.15059474965640895,1.9591572258326828,1.8160070860105142,18060,0.7727574750830565,0.7919928542505822,7.693183920372993,7.65267952238395,0.3343845148268049,0.25734120800188975,"[""y@t"", ""throughput_2@t"", ""throughput_2@t-1""]",3,50,125000.0,425,0.09899278860480362,3.7463794028249597,6.396179401993355,,
"ar_order=2,n_bins=50,other_lags=2",ar,1,33200,33558,0.8226652363072888,0.6262125359390323,5.423546957971852,4.944761812367939,33464,0.8246174994023429,0.6023600748300642,5.134588609350483,4.65367631487884,94,0.1276595744680851,9.117688690731677,108.29271906717909,108.57119891848727,5662,0.10332038149063935,2.737450754497241,21.792141036429467,20.26692489884151,27896,0.9686693432750215,0.19769838360620395,2.1012434136562885,1.834850448888826,18060,0.6833333333333333,1.0378885207355504,8.290640936475798,7.748062587152942,0.29155619232551033,0.25734120800188975,"[""y@t"", ""throughput_2@t"", ""throughput_2@t-1""]",3,50,125000.0,425,0.09899278860480362,3.7463794028249597,6.396179401993355,,
"ar_order=2,n_bins=50,other_lags=2",persistence,1,33200,33558,0.8312771917277549,4.661983478109168,4.21012960982245,3.746379402824968,33464,0.8332536457088214,4.607372036423658,3.9177170569520148,3.4519184795601325,94,0.1276595744680851,24.103656718150432,108.30899843169747,108.57446808510639,5662,0.0,27.63102111592855,19.40512614406771,17.778523489932887,27896,1.0,0.0,1.126029008413765,0.8983008316604633,18060,0.6910299003322259,8.537159348110812,6.7841887217777765,6.396179401993355,0.3890544823821687,0.25734120800188975,"[""y@t"", ""throughput_2@t"", ""throughput_2@t-1""]",3,50,125000.0,425,0.09899278860480362,3.7463794028249597,6.396179401993355,,
"ar_order=2,n_bins=50,other_lags=2",model,2,66758,33201,0.8501551158097648,0.48743461004869587,5.630073839122279,5.538789814658762,33108,0.8522109459949258,0.46079427758936065,5.300396026689787,5.209302320651388,93,0.11827956989247312,9.971392965572058,122.9953750650894,122.8363376812839,7329,0.49774866966844045,1.6875927994038413,17.827832250106628,17.607461130426415,25872,0.9499845392702535,0.1474547333563698,2.1747023412054465,2.1199860084875675,19603,0.7711064632964342,0.7219399553549918,7.899295493593778,7.997624365632073,0.37555469710856754,0.5182980000026873,"[""y@t"", ""throughput_2@t"", ""buffer_size_3@t"", ""throughput_2@t-1""]",4,50,4875000.0,1634,0.1234902563175808,5.354266437757899,8.484364638065601,,
"ar_order=2,n_bins=50,other_lags=2",ar,2,66758,33201,0.7831691816511551,0.6672474930068854,6.477564559429991,5.983886858544231,33108,0.7850368490999154,0.6465383937862207,6.149934016150453,5.655298396303648,93,0.11827956989247312,8.03968681556354,123.11403796694559,122.96137941619187,7329,0.11420384772820302,2.3287224077554503,21.154464064490274,19.763201106485216,25872,0.9726731601731602,0.19658617381268967,2.3199039041815825,2.080493455515494,19603,0.6429628118145182,1.0247712632037005,9.23088024461816,8.72746563633754,0.29443269422687585,0.5182980000026873,"[""y@t"", ""throughput_2@t"", ""buffer_size_3@t"", ""throughput_2@t-1""]",4,50,4875000.0,1634,0.1234902563175808,5.354266437757899,8.484364638065601,,
"ar_order=2,n_bins=50,other_lags=2",persistence,2,66758,33201,0.7792536369386465,6.09944741901269,5.907414903652184,5.354266437757902,33108,0.7811103056663042,6.048145766193494,5.577782582493081,5.0235290564214115,93,0.11827956989247312,24.362835822646673,123.25652123629257,123.09677419354838,7329,0.0,27.631021115928547,22.445914647674158,20.907217901487243,25872,1.0,0.0,1.2224015833082984,0.9484384662956117,19603,0.6303116869866857,10.21486558318289,8.930137163227748,8.484364638065601,0.378094914475604,0.5182980000026873,"[""y@t"", ""throughput_2@t"", ""buffer_size_3@t"", ""throughput_2@t-1""]",4,50,4875000.0,1634,0.1234902563175808,5.354266437757899,8.484364638065601,,
"ar_order=2,n_bins=50,other_lags=2",model,3,99959,33201,0.8849432246016686,0.3694541684663166,4.741927832294341,4.531457981428209,33108,0.8871269783738069,0.3433011612639905,4.392654007601671,4.181811973264971,93,0.10752688172043011,9.679924732494456,129.08340942288473,129.00543688754135,6186,0.527643064985451,1.477793719713496,15.48535662951505,15.315073010005998,27015,0.9667592078474921,0.11566225789755667,2.2818556301989372,2.0621837794373823,19017,0.8191092180680444,0.5441243357168744,6.054917913196111,6.002074245962515,0.4854244162229479,0.8473226249989239,"[""y@t"", ""throughput_2@t"", ""throughput_2@t-1"", ""buffer_size_3@t""]",4,50,4875000.0,2394,0.05707659407849161,5.404445649227433,8.803070936530473,,
"ar_order=2,n_bins=50,other_lags=2",ar,3,99959,33201,0.8240414445348032,0.5870673702750755,5.981702271192725,5.321288416818622,33108,0.8260239217107648,0.5658244834137037,5.637375221428711,4.975318724757281,93,0.11827956989247312,8.149535092923415,128.56213198718154,128.486498790656,6186,0.14468153895893954,2.2953512158595735,21.473116955698977,20.126837880536513,27015,0.979603923746067,0.19589787670536582,2.4344177537633094,1.9310559910344696,19017,0.7025819004049009,0.9043099339356591,8.235188725201313,7.510312053227611,0.3492314358579245,0.8473226249989239,"[""y@t"", ""throughput_2@t"", ""throughput_2@t-1"", ""buffer_size_3@t""]",4,50,4875000.0,2394,0.05707659407849161,5.404445649227433,8.803070936530473,,
"ar_order=2,n_bins=50,other_lags=2",persistence,3,99959,33201,0.813680310834011,5.148203265658685,6.090757293848053,5.404445649227434,33108,0.8156336837018243,5.094229578700853,5.744448357509619,5.056421408722969,93,0.11827956989247312,24.36283582264667,129.37673863033103,129.30107526881721,6186,0.0,27.63102111592855,26.40035520737669,24.869059165858395,27015,1.0,0.0,1.4401864001560987,0.9473625763464752,19017,0.6790240311300415,8.868893773551445,9.399620804735388,8.803070936530474,0.39498327207597644,0.8473226249989239,"[""y@t"", ""throughput_2@t"", ""throughput_2@t-1"", ""buffer_size_3@t""]",4,50,4875000.0,2394,0.05707659407849161,5.404445649227433,8.803070936530473,,
"ar_order=2,n_bins=50,other_lags=2",model,4,133160,33558,0.8995768520174027,0.31467565716956364,3.711127167243254,3.653031805181081,33464,0.9017152761176189,0.288993267187775,3.430618916892372,3.3723170319969884,94,0.13829787234042554,9.457606490686336,103.57206429215746,103.587491058718,5747,0.5757786671306768,1.3174817541911374,12.816350891029092,12.998719917131906,27811,0.9664880802560138,0.10745093890761749,1.8295795515301483,1.721793461382534,17285,0.8310673994793173,0.49924042004610697,5.206500250599793,5.38528685023924,0.502722457218381,1.390719999995781,"[""y@t"", ""throughput_2@t"", ""throughput_2@t-1"", ""buffer_size_3@t""]",4,50,5000000.0,2826,0.08579176351391621,4.437451576375231,8.05467168064796,,
"ar_order=2,n_bins=50,other_lags=2",ar,4,133160,33558,0.8349126884796472,0.5089836243720439,4.855489848342195,4.2696683655513175,33464,0.8368097059526656,0.4885373242887623,4.57959875299232,3.9923334699886386,94,0.1595744680851064,7.787866454020281,103.07271979289789,103.00089118586536,5747,0.11571254567600488,2.2061432237477585,18.344467039702383,16.60293740526579,27811,0.9835316960914746,0.15827432885544135,2.0680621428031287,1.7210618008381082,17285,0.689962395140295,0.867738926533697,7.227924356100169,6.4738688199307886,0.3831284090157935,1.390719999995781,"[""y@t"", ""throughput_2@t"", ""throughput_2@t-1"", ""buffer_size_3@t""]",4,50,5000000.0,2826,0.08579176351391621,4.437451576375231,8.05467168064796,,
"ar_order=2,n_bins=50,other_lags=2",persistence,4,133160,33558,0.828744263662912,4.731970866953971,5.068153471280747,4.437451576375241,33464,0.8306239540999283,4.680033100797365,4.792694654319463,4.160441071001684,94,0.1595744680851064,23.221815618705904,103.13149230949769,103.05319148936171,5747,0.0,27.631021115928544,23.733788188295378,21.822690099182182,27811,1.0,0.0,1.21099613358404,0.8448815217000589,17285,0.6720856233728667,9.060609064800868,8.70032663676736,8.05467168064796,0.43718663568926586,1.390719999995781,"[""y@t"", ""throughput_2@t"", ""throughput_2@t-1"", ""buffer_size_3@t""]",4,50,5000000.0,2826,0.08579176351391621,4.437451576375231,8.05467168064796,,
"ar_order=2,n_bins=50,other_lags=2",model,5,166718,33201,0.9122616788650945,0.2737997522275655,3.3375697802360422,3.151137549404561,33108,0.914371148967017,0.24853119817645308,3.045042278888053,2.8589327639674353,93,0.16129032258064516,9.269404994423583,107.47736026012014,107.17604116502132,5146,0.6113486202876021,1.2852448997698764,11.045099882759295,11.22258304663127,28055,0.9674567813224024,0.08827500693251177,1.9238128774527712,1.6706293145541369,19062,0.8670653656489351,0.38961885267965923,4.147892595326513,4.1990455335563786,0.5432008203802625,1.9749577909969958,"[""y@t"", ""throughput_2@t"", ""throughput_2@t-1"", ""buffer_size_3@t""]",4,50,4750000.0,3200,0.07198578356073612,3.5060389747296767,5.571555975238695,,
"ar_order=2,n_bins=50,other_lags=2",ar,5,166718,33201,0.8490105719707238,0.5011406997555955,4.384406301373558,3.703634401593813,33108,0.8510027787845837,0.4815239667314583,4.09321269060375,3.4114824141904454,93,0.13978494623655913,7.484697656348431,108.04933173542553,107.70974191719269,5146,0.10338126700349787,2.230862412179207,15.687304643217495,14.055294700784385,28055,0.9857779361967564,0.18386577791877842,2.311167489499422,1.8048768218527798,19062,0.7458293988039031,0.7629626378737273,5.655512801050511,4.897112825157512,0.42891734230931083,1.9749577909969958,"[""y@t"", ""throughput_2@t"", ""throughput_2@t-1"", ""buffer_size_3@t""]",4,50,4750000.0,3200,0.07198578356073612,3.5060389747296767,5.571555975238695,,
"ar_order=2,n_bins=50,other_lags=2",persistence,5,166718,33201,0.8450046685340803,4.282679276605172,4.160537602634632,3.5060389747296794,33108,0.846985622810197,4.227943487172103,3.8631730130993187,3.2078349643590696,93,0.13978494623655913,23.76862031477724,110.02233147720611,109.66666666666667,5146,0.0,27.631021115928547,18.989816020180402,17.21278663039254,28055,1.0,0.0,1.4404710641676728,0.9918731063981491,19062,0.7342356520826776,7.343340309164516,6.132453917963369,5.571555975238695,0.48216281813939893,1.9749577909969958,"[""y@t"", ""throughput_2@t"", ""throughput_2@t-1"", ""buffer_size_3@t""]",4,50,4750000.0,3200,0.07198578356073612,3.5060389747296767,5.571555975238695,,
"ar_order=2,level=True,n_bins=50,other_lags=2",model,1,33200,33558,0.8588712080576911,0.5005543917326427,5.025287187666072,4.835587370336569,33464,0.8609251733205833,0.4691193982478473,4.7358452655975265,4.544820341843493,94,0.1276595744680851,11.691412072319823,108.06661144406822,108.34864951387162,5662,0.4484281172730484,2.189899596994229,20.2373852891622,19.784233557587143,27896,0.9421780900487525,0.15767109118091122,1.9377155124914562,1.8014880474152626,18060,0.7674972314507198,0.8039816609472684,7.741406757212741,7.680710057511706,0.3285597885504818,0.24265512499550823,"[""y@t"", ""throughput_2@t"", ""throughput_2@t-1"", ""level_throughput_2@t""]",4,50,6250000.0,722,0.12664640324214793,3.7463794028249597,6.396179401993355,,
"ar_order=2,level=True,n_bins=50,other_lags=2",ar,1,33200,33558,0.8226652363072888,0.6262125359390323,5.423546957971852,4.944761812367939,33464,0.8246174994023429,0.6023600748300642,5.134588609350483,4.65367631487884,94,0.1276595744680851,9.117688690731677,108.29271906717909,108.57119891848727,5662,0.10332038149063935,2.737450754497241,21.792141036429467,20.26692489884151,27896,0.9686693432750215,0.19769838360620395,2.1012434136562885,1.834850448888826,18060,0.6833333333333333,1.0378885207355504,8.290640936475798,7.748062587152942,0.29155619232551033,0.24265512499550823,"[""y@t"", ""throughput_2@t"", ""throughput_2@t-1"", ""level_throughput_2@t""]",4,50,6250000.0,722,0.12664640324214793,3.7463794028249597,6.396179401993355,,
"ar_order=2,level=True,n_bins=50,other_lags=2",persistence,1,33200,33558,0.8312771917277549,4.661983478109168,4.21012960982245,3.746379402824968,33464,0.8332536457088214,4.607372036423658,3.9177170569520148,3.4519184795601325,94,0.1276595744680851,24.103656718150432,108.30899843169747,108.57446808510639,5662,0.0,27.63102111592855,19.40512614406771,17.778523489932887,27896,1.0,0.0,1.126029008413765,0.8983008316604633,18060,0.6910299003322259,8.537159348110812,6.7841887217777765,6.396179401993355,0.3890544823821687,0.24265512499550823,"[""y@t"", ""throughput_2@t"", ""throughput_2@t-1"", ""level_throughput_2@t""]",4,50,6250000.0,722,0.12664640324214793,3.7463794028249597,6.396179401993355,,
"ar_order=2,level=True,n_bins=50,other_lags=2",model,2,66758,33201,0.8501551158097648,0.48743461004869587,5.630073839122279,5.538789814658762,33108,0.8522109459949258,0.46079427758936065,5.300396026689787,5.209302320651388,93,0.11827956989247312,9.971392965572058,122.9953750650894,122.8363376812839,7329,0.49774866966844045,1.6875927994038413,17.827832250106628,17.607461130426415,25872,0.9499845392702535,0.1474547333563698,2.1747023412054465,2.1199860084875675,19603,0.7711064632964342,0.7219399553549918,7.899295493593778,7.997624365632073,0.37555469710856754,0.5234718330029864,"[""y@t"", ""throughput_2@t"", ""buffer_size_3@t"", ""throughput_2@t-1""]",4,50,4875000.0,1634,0.1234902563175808,5.354266437757899,8.484364638065601,,
"ar_order=2,level=True,n_bins=50,other_lags=2",ar,2,66758,33201,0.7831691816511551,0.6672474930068854,6.477564559429991,5.983886858544231,33108,0.7850368490999154,0.6465383937862207,6.149934016150453,5.655298396303648,93,0.11827956989247312,8.03968681556354,123.11403796694559,122.96137941619187,7329,0.11420384772820302,2.3287224077554503,21.154464064490274,19.763201106485216,25872,0.9726731601731602,0.19658617381268967,2.3199039041815825,2.080493455515494,19603,0.6429628118145182,1.0247712632037005,9.23088024461816,8.72746563633754,0.29443269422687585,0.5234718330029864,"[""y@t"", ""throughput_2@t"", ""buffer_size_3@t"", ""throughput_2@t-1""]",4,50,4875000.0,1634,0.1234902563175808,5.354266437757899,8.484364638065601,,
"ar_order=2,level=True,n_bins=50,other_lags=2",persistence,2,66758,33201,0.7792536369386465,6.09944741901269,5.907414903652184,5.354266437757902,33108,0.7811103056663042,6.048145766193494,5.577782582493081,5.0235290564214115,93,0.11827956989247312,24.362835822646673,123.25652123629257,123.09677419354838,7329,0.0,27.631021115928547,22.445914647674158,20.907217901487243,25872,1.0,0.0,1.2224015833082984,0.9484384662956117,19603,0.6303116869866857,10.21486558318289,8.930137163227748,8.484364638065601,0.378094914475604,0.5234718330029864,"[""y@t"", ""throughput_2@t"", ""buffer_size_3@t"", ""throughput_2@t-1""]",4,50,4875000.0,1634,0.1234902563175808,5.354266437757899,8.484364638065601,,
"ar_order=2,level=True,n_bins=50,other_lags=2",model,3,99959,33201,0.8849432246016686,0.3694541684663166,4.741927832294341,4.531457981428209,33108,0.8871269783738069,0.3433011612639905,4.392654007601671,4.181811973264971,93,0.10752688172043011,9.679924732494456,129.08340942288473,129.00543688754135,6186,0.527643064985451,1.477793719713496,15.48535662951505,15.315073010005998,27015,0.9667592078474921,0.11566225789755667,2.2818556301989372,2.0621837794373823,19017,0.8191092180680444,0.5441243357168744,6.054917913196111,6.002074245962515,0.4854244162229479,0.7573119579974446,"[""y@t"", ""throughput_2@t"", ""throughput_2@t-1"", ""buffer_size_3@t""]",4,50,4875000.0,2394,0.05707659407849161,5.404445649227433,8.803070936530473,,
"ar_order=2,level=True,n_bins=50,other_lags=2",ar,3,99959,33201,0.8240414445348032,0.5870673702750755,5.981702271192725,5.321288416818622,33108,0.8260239217107648,0.5658244834137037,5.637375221428711,4.975318724757281,93,0.11827956989247312,8.149535092923415,128.56213198718154,128.486498790656,6186,0.14468153895893954,2.2953512158595735,21.473116955698977,20.126837880536513,27015,0.979603923746067,0.19589787670536582,2.4344177537633094,1.9310559910344696,19017,0.7025819004049009,0.9043099339356591,8.235188725201313,7.510312053227611,0.3492314358579245,0.7573119579974446,"[""y@t"", ""throughput_2@t"", ""throughput_2@t-1"", ""buffer_size_3@t""]",4,50,4875000.0,2394,0.05707659407849161,5.404445649227433,8.803070936530473,,
"ar_order=2,level=True,n_bins=50,other_lags=2",persistence,3,99959,33201,0.813680310834011,5.148203265658685,6.090757293848053,5.404445649227434,33108,0.8156336837018243,5.094229578700853,5.744448357509619,5.056421408722969,93,0.11827956989247312,24.36283582264667,129.37673863033103,129.30107526881721,6186,0.0,27.63102111592855,26.40035520737669,24.869059165858395,27015,1.0,0.0,1.4401864001560987,0.9473625763464752,19017,0.6790240311300415,8.868893773551445,9.399620804735388,8.803070936530474,0.39498327207597644,0.7573119579974446,"[""y@t"", ""throughput_2@t"", ""throughput_2@t-1"", ""buffer_size_3@t""]",4,50,4875000.0,2394,0.05707659407849161,5.404445649227433,8.803070936530473,,
"ar_order=2,level=True,n_bins=50,other_lags=2",model,4,133160,33558,0.8995768520174027,0.31467565716956364,3.711127167243254,3.653031805181081,33464,0.9017152761176189,0.288993267187775,3.430618916892372,3.3723170319969884,94,0.13829787234042554,9.457606490686336,103.57206429215746,103.587491058718,5747,0.5757786671306768,1.3174817541911374,12.816350891029092,12.998719917131906,27811,0.9664880802560138,0.10745093890761749,1.8295795515301483,1.721793461382534,17285,0.8310673994793173,0.49924042004610697,5.206500250599793,5.38528685023924,0.502722457218381,1.3507859160017688,"[""y@t"", ""throughput_2@t"", ""throughput_2@t-1"", ""buffer_size_3@t""]",4,50,5000000.0,2826,0.08579176351391621,4.437451576375231,8.05467168064796,,
"ar_order=2,level=True,n_bins=50,other_lags=2",ar,4,133160,33558,0.8349126884796472,0.5089836243720439,4.855489848342195,4.2696683655513175,33464,0.8368097059526656,0.4885373242887623,4.57959875299232,3.9923334699886386,94,0.1595744680851064,7.787866454020281,103.07271979289789,103.00089118586536,5747,0.11571254567600488,2.2061432237477585,18.344467039702383,16.60293740526579,27811,0.9835316960914746,0.15827432885544135,2.0680621428031287,1.7210618008381082,17285,0.689962395140295,0.867738926533697,7.227924356100169,6.4738688199307886,0.3831284090157935,1.3507859160017688,"[""y@t"", ""throughput_2@t"", ""throughput_2@t-1"", ""buffer_size_3@t""]",4,50,5000000.0,2826,0.08579176351391621,4.437451576375231,8.05467168064796,,
"ar_order=2,level=True,n_bins=50,other_lags=2",persistence,4,133160,33558,0.828744263662912,4.731970866953971,5.068153471280747,4.437451576375241,33464,0.8306239540999283,4.680033100797365,4.792694654319463,4.160441071001684,94,0.1595744680851064,23.221815618705904,103.13149230949769,103.05319148936171,5747,0.0,27.631021115928544,23.733788188295378,21.822690099182182,27811,1.0,0.0,1.21099613358404,0.8448815217000589,17285,0.6720856233728667,9.060609064800868,8.70032663676736,8.05467168064796,0.43718663568926586,1.3507859160017688,"[""y@t"", ""throughput_2@t"", ""throughput_2@t-1"", ""buffer_size_3@t""]",4,50,5000000.0,2826,0.08579176351391621,4.437451576375231,8.05467168064796,,
"ar_order=2,level=True,n_bins=50,other_lags=2",model,5,166718,33201,0.9122616788650945,0.2737997522275655,3.3375697802360422,3.151137549404561,33108,0.914371148967017,0.24853119817645308,3.045042278888053,2.8589327639674353,93,0.16129032258064516,9.269404994423583,107.47736026012014,107.17604116502132,5146,0.6113486202876021,1.2852448997698764,11.045099882759295,11.22258304663127,28055,0.9674567813224024,0.08827500693251177,1.9238128774527712,1.6706293145541369,19062,0.8670653656489351,0.38961885267965923,4.147892595326513,4.1990455335563786,0.5432008203802625,1.9498510420016828,"[""y@t"", ""throughput_2@t"", ""throughput_2@t-1"", ""buffer_size_3@t""]",4,50,4750000.0,3200,0.07198578356073612,3.5060389747296767,5.571555975238695,,
"ar_order=2,level=True,n_bins=50,other_lags=2",ar,5,166718,33201,0.8490105719707238,0.5011406997555955,4.384406301373558,3.703634401593813,33108,0.8510027787845837,0.4815239667314583,4.09321269060375,3.4114824141904454,93,0.13978494623655913,7.484697656348431,108.04933173542553,107.70974191719269,5146,0.10338126700349787,2.230862412179207,15.687304643217495,14.055294700784385,28055,0.9857779361967564,0.18386577791877842,2.311167489499422,1.8048768218527798,19062,0.7458293988039031,0.7629626378737273,5.655512801050511,4.897112825157512,0.42891734230931083,1.9498510420016828,"[""y@t"", ""throughput_2@t"", ""throughput_2@t-1"", ""buffer_size_3@t""]",4,50,4750000.0,3200,0.07198578356073612,3.5060389747296767,5.571555975238695,,
"ar_order=2,level=True,n_bins=50,other_lags=2",persistence,5,166718,33201,0.8450046685340803,4.282679276605172,4.160537602634632,3.5060389747296794,33108,0.846985622810197,4.227943487172103,3.8631730130993187,3.2078349643590696,93,0.13978494623655913,23.76862031477724,110.02233147720611,109.66666666666667,5146,0.0,27.631021115928547,18.989816020180402,17.21278663039254,28055,1.0,0.0,1.4404710641676728,0.9918731063981491,19062,0.7342356520826776,7.343340309164516,6.132453917963369,5.571555975238695,0.48216281813939893,1.9498510420016828,"[""y@t"", ""throughput_2@t"", ""throughput_2@t-1"", ""buffer_size_3@t""]",4,50,4750000.0,3200,0.07198578356073612,3.5060389747296767,5.571555975238695,,
"ar_order=2,forced=('y@t', 'level_throughput_3@t'),level=True,n_bins=50,other_lags=2",model,1,33200,33558,0.8574110495261934,0.5054589125155624,5.049227505799695,4.857282269559106,33464,0.8594609132201769,0.4745629316138266,4.759046081710496,4.5657694523116295,94,0.1276595744680851,11.504428113533509,108.35381448155465,108.63584520966094,5662,0.4267043447545037,2.2265630997186974,20.39976017083383,19.932435126834797,27896,0.9448308001147118,0.15612954959814948,1.933558020947986,1.7975061196489053,18060,0.7636766334440753,0.8149235230412082,7.789592847830463,7.721165965364269,0.3268223305824041,0.2001830420049373,"[""y@t"", ""level_throughput_3@t"", ""throughput_2@t"", ""throughput_2@t-1""]",4,50,6250000.0,860,0.1243220692532332,3.7463794028249597,6.396179401993355,,
"ar_order=2,forced=('y@t', 'level_throughput_3@t'),level=True,n_bins=50,other_lags=2",ar,1,33200,33558,0.8226652363072888,0.6262125359390323,5.423546957971852,4.944761812367939,33464,0.8246174994023429,0.6023600748300642,5.134588609350483,4.65367631487884,94,0.1276595744680851,9.117688690731677,108.29271906717909,108.57119891848727,5662,0.10332038149063935,2.737450754497241,21.792141036429467,20.26692489884151,27896,0.9686693432750215,0.19769838360620395,2.1012434136562885,1.834850448888826,18060,0.6833333333333333,1.0378885207355504,8.290640936475798,7.748062587152942,0.29155619232551033,0.2001830420049373,"[""y@t"", ""level_throughput_3@t"", ""throughput_2@t"", ""throughput_2@t-1""]",4,50,6250000.0,860,0.1243220692532332,3.7463794028249597,6.396179401993355,,
"ar_order=2,forced=('y@t', 'level_throughput_3@t'),level=True,n_bins=50,other_lags=2",persistence,1,33200,33558,0.8312771917277549,4.661983478109168,4.21012960982245,3.746379402824968,33464,0.8332536457088214,4.607372036423658,3.9177170569520148,3.4519184795601325,94,0.1276595744680851,24.103656718150432,108.30899843169747,108.57446808510639,5662,0.0,27.63102111592855,19.40512614406771,17.778523489932887,27896,1.0,0.0,1.126029008413765,0.8983008316604633,18060,0.6910299003322259,8.537159348110812,6.7841887217777765,6.396179401993355,0.3890544823821687,0.2001830420049373,"[""y@t"", ""level_throughput_3@t"", ""throughput_2@t"", ""throughput_2@t-1""]",4,50,6250000.0,860,0.1243220692532332,3.7463794028249597,6.396179401993355,,
"ar_order=2,forced=('y@t', 'level_throughput_3@t'),level=True,n_bins=50,other_lags=2",model,2,66758,33201,0.8414505587181109,0.5017060859232896,5.767307949121313,5.643502485166783,33108,0.8434819379002054,0.47505315897791517,5.438571081282723,5.314856479410099,93,0.11827956989247312,9.990148078476567,122.79763289965896,122.64148053454632,7329,0.46827670896438806,1.7146862265374079,18.462075279415203,18.27847097084822,25872,0.9471629560915276,0.15809401686945249,2.1711441518221495,2.0642784579729354,19603,0.7581492628679284,0.7427911765134273,8.160134089347602,8.236017553589456,0.363587898669841,0.4016156249999767,"[""y@t"", ""level_throughput_3@t"", ""throughput_2@t"", ""throughput_2@t-1""]",4,50,6250000.0,1418,0.09882232462877624,5.354266437757899,8.484364638065601,,
"ar_order=2,forced=('y@t', 'level_throughput_3@t'),level=True,n_bins=50,other_lags=2",ar,2,66758,33201,0.7831691816511551,0.6672474930068854,6.477564559429991,5.983886858544231,33108,0.7850368490999154,0.6465383937862207,6.149934016150453,5.655298396303648,93,0.11827956989247312,8.03968681556354,123.11403796694559,122.96137941619187,7329,0.11420384772820302,2.3287224077554503,21.154464064490274,19.763201106485216,25872,0.9726731601731602,0.19658617381268967,2.3199039041815825,2.080493455515494,19603,0.6429628118145182,1.0247712632037005,9.23088024461816,8.72746563633754,0.29443269422687585,0.4016156249999767,"[""y@t"", ""level_throughput_3@t"", ""throughput_2@t"", ""throughput_2@t-1""]",4,50,6250000.0,1418,0.09882232462877624,5.354266437757899,8.484364638065601,,
"ar_order=2,forced=('y@t', 'level_throughput_3@t'),level=True,n_bins=50,other_lags=2",persistence,2,66758,33201,0.7792536369386465,6.09944741901269,5.907414903652184,5.354266437757902,33108,0.7811103056663042,6.048145766193494,5.577782582493081,5.0235290564214115,93,0.11827956989247312,24.362835822646673,123.25652123629257,123.09677419354838,7329,0.0,27.631021115928547,22.445914647674158,20.907217901487243,25872,1.0,0.0,1.2224015833082984,0.9484384662956117,19603,0.6303116869866857,10.21486558318289,8.930137163227748,8.484364638065601,0.378094914475604,0.4016156249999767,"[""y@t"", ""level_throughput_3@t"", ""throughput_2@t"", ""throughput_2@t-1""]",4,50,6250000.0,1418,0.09882232462877624,5.354266437757899,8.484364638065601,,
"ar_order=2,forced=('y@t', 'level_throughput_3@t'),level=True,n_bins=50,other_lags=2",model,3,99959,33201,0.8766302219812656,0.3873014072980964,4.918231574743838,4.673557426360957,33108,0.8787906246224477,0.3610036051218965,4.569620311579109,4.324477900238251,93,0.10752688172043011,9.749318982025242,129.0238412613876,128.94586872604427,6186,0.51454898157129,1.5316833646835621,17.02017664836573,16.8230570799108,27015,0.9595409957431057,0.12525636608445614,2.147081020406432,1.8915176389517643,19017,0.8078561287269286,0.5708497088545482,6.56573450035251,6.473920279601611,0.47074156048591903,0.5622202500017011,"[""y@t"", ""level_throughput_3@t"", ""throughput_2@t"", ""throughput_2@t-1""]",4,50,6250000.0,2071,0.05017921146953405,5.404445649227433,8.803070936530473,,
"ar_order=2,forced=('y@t', 'level_throughput_3@t'),level=True,n_bins=50,other_lags=2",ar,3,99959,33201,0.8240414445348032,0.5870673702750755,5.981702271192725,5.321288416818622,33108,0.8260239217107648,0.5658244834137037,5.637375221428711,4.975318724757281,93,0.11827956989247312,8.149535092923415,128.56213198718154,128.486498790656,6186,0.14468153895893954,2.2953512158595735,21.473116955698977,20.126837880536513,27015,0.979603923746067,0.19589787670536582,2.4344177537633094,1.9310559910344696,19017,0.7025819004049009,0.9043099339356591,8.235188725201313,7.510312053227611,0.3492314358579245,0.5622202500017011,"[""y@t"", ""level_throughput_3@t"", ""throughput_2@t"", ""throughput_2@t-1""]",4,50,6250000.0,2071,0.05017921146953405,5.404445649227433,8.803070936530473,,
"ar_order=2,forced=('y@t', 'level_throughput_3@t'),level=True,n_bins=50,other_lags=2",persistence,3,99959,33201,0.813680310834011,5.148203265658685,6.090757293848053,5.404445649227434,33108,0.8156336837018243,5.094229578700853,5.744448357509619,5.056421408722969,93,0.11827956989247312,24.36283582264667,129.37673863033103,129.30107526881721,6186,0.0,27.63102111592855,26.40035520737669,24.869059165858395,27015,1.0,0.0,1.4401864001560987,0.9473625763464752,19017,0.6790240311300415,8.868893773551445,9.399620804735388,8.803070936530474,0.39498327207597644,0.5622202500017011,"[""y@t"", ""level_throughput_3@t"", ""throughput_2@t"", ""throughput_2@t-1""]",4,50,6250000.0,2071,0.05017921146953405,5.404445649227433,8.803070936530473,,
"ar_order=2,forced=('y@t', 'level_throughput_3@t'),level=True,n_bins=50,other_lags=2",model,4,133160,33558,0.8966863341081114,0.3165883493571954,3.843941906070685,3.7151576359472194,33464,0.898816638775998,0.29194419568805957,3.5659953249640406,3.4368265894045016,94,0.13829787234042554,9.089907055569546,102.792924780036,102.80101020515501,5747,0.571080563772403,1.3446014715010333,13.73293127655151,13.929856094312084,27811,0.9639710905756715,0.10415472910043956,1.8004331537010005,1.6043427770704126,17285,0.8247613537749494,0.508598415742308,5.5814045437388025,5.692142132720441,0.49690543719830305,0.9557877500046743,"[""y@t"", ""level_throughput_3@t"", ""throughput_2@t"", ""throughput_2@t-1""]",4,50,6250000.0,2483,0.08045771500089398,4.437451576375231,8.05467168064796,,
"ar_order=2,forced=('y@t', 'level_throughput_3@t'),level=True,n_bins=50,other_lags=2",ar,4,133160,33558,0.8349126884796472,0.5089836243720439,4.855489848342195,4.2696683655513175,33464,0.8368097059526656,0.4885373242887623,4.57959875299232,3.9923334699886386,94,0.1595744680851064,7.787866454020281,103.07271979289789,103.00089118586536,5747,0.11571254567600488,2.2061432237477585,18.344467039702383,16.60293740526579,27811,0.9835316960914746,0.15827432885544135,2.0680621428031287,1.7210618008381082,17285,0.689962395140295,0.867738926533697,7.227924356100169,6.4738688199307886,0.3831284090157935,0.9557877500046743,"[""y@t"", ""level_throughput_3@t"", ""throughput_2@t"", ""throughput_2@t-1""]",4,50,6250000.0,2483,0.08045771500089398,4.437451576375231,8.05467168064796,,
"ar_order=2,forced=('y@t', 'level_throughput_3@t'),level=True,n_bins=50,other_lags=2",persistence,4,133160,33558,0.828744263662912,4.731970866953971,5.068153471280747,4.437451576375241,33464,0.8306239540999283,4.680033100797365,4.792694654319463,4.160441071001684,94,0.1595744680851064,23.221815618705904,103.13149230949769,103.05319148936171,5747,0.0,27.631021115928544,23.733788188295378,21.822690099182182,27811,1.0,0.0,1.21099613358404,0.8448815217000589,17285,0.6720856233728667,9.060609064800868,8.70032663676736,8.05467168064796,0.43718663568926586,0.9557877500046743,"[""y@t"", ""level_throughput_3@t"", ""throughput_2@t"", ""throughput_2@t-1""]",4,50,6250000.0,2483,0.08045771500089398,4.437451576375231,8.05467168064796,,
"ar_order=2,forced=('y@t', 'level_throughput_3@t'),level=True,n_bins=50,other_lags=2",model,5,166718,33201,0.9125929941869221,0.2840264384404643,3.354155537837648,3.162847576274056,33108,0.9147033949498611,0.2588871362610065,3.060803501649838,2.869842473592044,93,0.16129032258064516,9.233618014327423,107.78748042069807,107.4726641310703,5146,0.6457442673921493,1.3056737949608546,11.063696291063819,11.436887324619454,28055,0.9615398324719301,0.09663034873617173,1.9400298306160526,1.645178406964293,19062,0.8720491029272899,0.4027420714300847,4.199668512311428,4.249317427066939,0.5516869093914551,1.5125186250006664,"[""y@t"", ""level_throughput_3@t"", ""throughput_2@t"", ""throughput_2@t-1""]",4,50,6250000.0,2798,0.03273997771151471,3.5060389747296767,5.571555975238695,,
"ar_order=2,forced=('y@t', 'level_throughput_3@t'),level=True,n_bins=50,other_lags=2",ar,5,166718,33201,0.8490105719707238,0.5011406997555955,4.384406301373558,3.703634401593813,33108,0.8510027787845837,0.4815239667314583,4.09321269060375,3.4114824141904454,93,0.13978494623655913,7.484697656348431,108.04933173542553,107.70974191719269,5146,0.10338126700349787,2.230862412179207,15.687304643217495,14.055294700784385,28055,0.9857779361967564,0.18386577791877842,2.311167489499422,1.8048768218527798,19062,0.7458293988039031,0.7629626378737273,5.655512801050511,4.897112825157512,0.42891734230931083,1.5125186250006664,"[""y@t"", ""level_throughput_3@t"", ""throughput_2@t"", ""throughput_2@t-1""]",4,50,6250000.0,2798,0.03273997771151471,3.5060389747296767,5.571555975238695,,
"ar_order=2,forced=('y@t', 'level_throughput_3@t'),level=True,n_bins=50,other_lags=2",persistence,5,166718,33201,0.8450046685340803,4.282679276605172,4.160537602634632,3.5060389747296794,33108,0.846985622810197,4.227943487172103,3.8631730130993187,3.2078349643590696,93,0.13978494623655913,23.76862031477724,110.02233147720611,109.66666666666667,5146,0.0,27.631021115928547,18.989816020180402,17.21278663039254,28055,1.0,0.0,1.4404710641676728,0.9918731063981491,19062,0.7342356520826776,7.343340309164516,6.132453917963369,5.571555975238695,0.48216281813939893,1.5125186250006664,"[""y@t"", ""level_throughput_3@t"", ""throughput_2@t"", ""throughput_2@t-1""]",4,50,6250000.0,2798,0.03273997771151471,3.5060389747296767,5.571555975238695,,
"ar_order=2,horizon=5,n_bins=50,other_lags=2",model,1,32828,33182,0.7927189440057862,0.7787169129356827,7.829770023399746,7.604600700663322,33088,0.7945780947775629,0.7549643451964133,7.54305913997698,7.316473218611361,94,0.13829787234042554,9.139620757158516,108.75200098821371,109.02547438295306,6200,0.25983870967741934,2.6203754797192493,22.59499765543951,21.909861825814225,26982,0.9151656659995553,0.35553541734387656,4.43697440711309,4.317497484595735,18217,0.6573530219026185,1.2422795137796465,9.31075802826478,9.110415258055061,0.2555505789266296,0.29478799999924377,"[""y@t"", ""avg_p_latency_2@t"", ""cores_2@t+h"", ""data_quality_2@t+h""]",4,50,117500.0,596,0.48212886504731484,4.606533662829245,7.830488005708953,,
"ar_order=2,horizon=5,n_bins=50,other_lags=2",ar,1,32828,33182,0.8108010367066482,0.7619561377543973,6.516141089332077,6.073578760712446,33088,0.8127115570599613,0.7384757248422753,6.227124299428987,5.782527778413449,94,0.13829787234042554,9.027061482821388,108.25005113522029,108.52352452995964,6200,0.12435483870967742,2.755038013273346,23.5503959741221,22.28232012059837,26982,0.9685345786079609,0.30398016754398,2.6019619963924097,2.349088491966886,18217,0.6676730526431355,1.2389034840540636,9.489607255712627,9.010382526665802,0.26070010431154556,0.29478799999924377,"[""y@t"", ""avg_p_latency_2@t"", ""cores_2@t+h"", ""data_quality_2@t+h""]",4,50,117500.0,596,0.48212886504731484,4.606533662829245,7.830488005708953,,
"ar_order=2,horizon=5,n_bins=50,other_lags=2",persistence,1,32828,33182,0.8131517087577602,5.162809080789494,5.025581367481726,4.606533662829253,33088,0.8150991295938105,5.108999854546992,4.732164177138956,4.3111702127659655,94,0.1276595744680851,24.103656718150432,108.30843236813658,108.57446808510639,6200,0.0,27.63102111592855,22.032326809482278,20.69258064516129,26982,1.0,0.0,1.117723471832647,0.9102364539322614,18217,0.6641598506889169,9.279606257191132,8.14911514256398,7.830488005708953,0.35815685638498146,0.29478799999924377,"[""y@t"", ""avg_p_latency_2@t"", ""cores_2@t+h"", ""data_quality_2@t+h""]",4,50,117500.0,596,0.48212886504731484,4.606533662829245,7.830488005708953,,
"ar_order=2,horizon=5,n_bins=50,other_lags=2",model,2,66010,32829,0.7865606628285967,0.6478295113229081,6.817080314810425,6.751127058848984,32736,0.7884286412512219,0.6288742479902306,6.496270241776011,6.430442493968709,93,0.12903225806451613,7.32008220442536,119.74222602292403,119.6320938967054,7760,0.289819587628866,2.0157831027792863,20.828252451721887,20.321550780612235,25069,0.9403247038174638,0.22438542222077018,2.4799828724540105,2.550461372906871,19599,0.6698811163834889,0.9701251725610893,9.33090129804195,9.345011875666264,0.2918818212282107,0.5346750000026077,"[""y@t"", ""avg_p_latency_1@t"", ""y@t-1"", ""data_quality_1@t+h""]",4,50,1125000.0,1356,0.06631332053976667,6.319534557860428,10.001326598295831,,
"ar_order=2,horizon=5,n_bins=50,other_lags=2",ar,2,66010,32829,0.7728837308477261,0.7327147475168061,7.366886179551643,6.912611454904654,32736,0.7747434017595308,0.7125306037152902,7.03819811952224,6.583059109970858,93,0.11827956989247312,7.8375333656504385,123.06508330990168,122.91503687160079,7760,0.13054123711340207,2.3922340938561955,23.146906172739936,21.993560395695237,25069,0.9717180581594799,0.2190177461368684,2.4822495707064096,2.244369252162823,19599,0.6310015817133527,1.1168901236719213,10.32001805959546,9.893495435849042,0.28295851648309744,0.5346750000026077,"[""y@t"", ""avg_p_latency_1@t"", ""y@t-1"", ""data_quality_1@t+h""]",4,50,1125000.0,1356,0.06631332053976667,6.319534557860428,10.001326598295831,,
"ar_order=2,horizon=5,n_bins=50,other_lags=2",persistence,2,66010,32829,0.7636236254531055,6.531320596411878,6.840004768492591,6.319534557860435,32736,0.7654569892473119,6.480662882700983,6.509278279604602,5.98778103616814,93,0.11827956989247312,24.362835822646673,123.2557288570647,123.09677419354838,7760,0.0,27.631021115928544,24.95302809018863,23.60180412371134,25069,1.0,0.0,1.2331971185519741,0.9698831225816859,19599,0.608245318638706,10.824581872957772,10.38724530927967,10.001326598295831,0.36966373325137475,0.5346750000026077,"[""y@t"", ""avg_p_latency_1@t"", ""y@t-1"", ""data_quality_1@t+h""]",4,50,1125000.0,1356,0.06631332053976667,6.319534557860428,10.001326598295831,,
"ar_order=2,horizon=5,n_bins=50,other_lags=2",model,3,98839,32829,0.8216515885345274,0.5698058578633916,7.585923011885637,7.238894287379185,32736,0.8236498044965787,0.5499569500355014,7.255623711900326,6.9077562147268265,93,0.11827956989247312,7.556621413280697,123.85127660671533,123.79949586100899,6674,0.2529217860353611,2.127565760733211,22.963445433382766,22.317498362081487,26155,0.9667749952207991,0.1723105570890396,3.662023771164098,3.391270368642302,19244,0.7150280606942424,0.8587966039443289,9.323847795291819,8.990204316157879,0.32902248408862506,0.7713873329994385,"[""y@t"", ""buffer_size_3@t-1"", ""data_quality_1@t+h"", ""buffer_size_3@t""]",4,50,760500.0,1968,0.14928873861524872,6.636053489293003,10.695801288713366,,
"ar_order=2,horizon=5,n_bins=50,other_lags=2",ar,3,98839,32829,0.8149501964726309,0.6390660932294404,7.1443606774979385,6.5277220270019365,32736,0.8169293743890518,0.6183013745129912,6.799403633930641,6.181228619279935,93,0.11827956989247312,7.948247081419519,128.5692400131866,128.4934015451465,6674,0.16257117171111776,2.3362301095805518,24.917524934423597,23.849445026707052,26155,0.9814184668323457,0.20599889211579797,2.609162885461164,2.1077189950756527,19244,0.6941903970068592,0.9689830379311181,9.8773610113183,9.232842876643396,0.3265026954267442,0.7713873329994385,"[""y@t"", ""buffer_size_3@t-1"", ""data_quality_1@t+h"", ""buffer_size_3@t""]",4,50,760500.0,1968,0.14928873861524872,6.636053489293003,10.695801288713366,,
"ar_order=2,horizon=5,n_bins=50,other_lags=2",persistence,3,98839,32829,0.7967041335404673,5.617272378924338,7.278058847649919,6.63605348929301,32736,0.7986314760508308,5.5640179373228555,6.931187233218132,6.287573313782998,93,0.11827956989247312,24.36283582264667,129.37686712763903,129.30107526881721,6674,0.0,27.631021115928547,30.148139818923212,28.87923284387174,26155,1.0,0.0,1.4422752344869303,0.9602370483655235,19244,0.6574516732488048,9.464960049688264,11.231809028549044,10.695801288713366,0.3708240679628271,0.7713873329994385,"[""y@t"", ""buffer_size_3@t-1"", ""data_quality_1@t+h"", ""buffer_size_3@t""]",4,50,760500.0,1968,0.14928873861524872,6.636053489293003,10.695801288713366,,
"ar_order=2,horizon=5,n_bins=50,other_lags=2",model,4,131668,33182,0.8527213549514797,0.4560444884974802,5.333487618829358,5.127135624619313,33088,0.8546905222437138,0.4372562547988155,5.078450772807488,4.8716550613024445,94,0.1595744680851064,7.069502750427466,95.10645741852798,95.05629391215692,5999,0.29321553592265376,1.9188607745622395,19.41614556761665,18.58065046880897,27183,0.9761983592686606,0.1332164378738371,2.2255942650871328,2.1580874860660346,17337,0.7334025494606911,0.7645396018199535,7.8614431546972305,7.651164018527471,0.3677374599025674,1.3203762499979348,"[""y@t"", ""y@t-1"", ""buffer_size_2@t"", ""data_quality_1@t+h""]",4,50,950000.0,4481,0.1190705804351757,5.233530227231632,9.457922362577147,,
"ar_order=2,horizon=5,n_bins=50,other_lags=2",ar,4,131668,33182,0.832951600265204,0.5447510756783777,6.046887315465182,5.4745756549628,33088,0.8348646034816247,0.5247598830583974,5.771190091959911,5.1974719389083575,94,0.1595744680851064,7.581650877911395,103.09230998932033,103.01508370612639,5999,0.14202367061176863,2.251200174303836,22.092945380815788,20.52550043348344,27183,0.9854320715152853,0.16815584547368634,2.505692365163954,2.1529960741091285,17337,0.6897963892253561,0.917924335972256,8.869177658836678,8.15147811377262,0.3585953082972091,1.3203762499979348,"[""y@t"", ""y@t-1"", ""buffer_size_2@t"", ""data_quality_1@t+h""]",4,50,950000.0,4481,0.1190705804351757,5.233530227231632,9.457922362577147,,
"ar_order=2,horizon=5,n_bins=50,other_lags=2",persistence,4,131668,33182,0.819209209812549,4.995434141234867,5.837644942700026,5.233530227231641,33088,0.8210831721470019,4.943654648401142,5.561242449816216,4.955633462282408,94,0.1595744680851064,23.221815618705904,103.13132243780129,103.05319148936171,5999,0.0,27.631021115928547,26.795432921477843,25.04367394565761,27183,1.0,0.0,1.212483257650984,0.8616414670934162,17337,0.6585337717021399,9.43506056447465,10.062721964633994,9.457922362577147,0.3962125472833915,1.3203762499979348,"[""y@t"", ""y@t-1"", ""buffer_size_2@t"", ""data_quality_1@t+h""]",4,50,950000.0,4481,0.1190705804351757,5.233530227231632,9.457922362577147,,
"ar_order=2,horizon=5,n_bins=50,other_lags=2",model,5,164850,32829,0.8596362971762771,0.4498082736079683,4.545159041247814,4.285714807226441,32736,0.8616202346041055,0.42585674563745574,4.250747274143878,3.991416077576197,93,0.16129032258064516,8.880746119228409,108.17810106183319,107.87886764411223,5648,0.30417847025495753,1.9551032989845518,16.041567063683292,15.496437702633237,27181,0.9750561053677201,0.13701969690634055,2.1562950365858975,1.9562139458432102,19133,0.7720169340929285,0.6748610922516597,5.840702124080953,5.674809732494483,0.4205750463911735,1.9168474580001202,"[""y@t"", ""buffer_size_3@t-1"", ""buffer_size_2@t""]",3,50,70300.0,4278,0.09838861981784398,4.441865423863048,7.088433596404118,,
"ar_order=2,horizon=5,n_bins=50,other_lags=2",ar,5,164850,32829,0.837247555514941,0.5586157145334762,5.489755173532309,4.817728977922736,32736,0.8391984359726296,0.5391928274928764,5.196690011019723,4.52370891969318,93,0.15053763440860216,7.395471952824599,108.6486923779628,108.31278947472622,5648,0.1395184135977337,2.307518194750048,19.436093379168103,18.068490777786106,27181,0.9822302343548802,0.19520740695600666,2.59181476716643,2.0643239286004773,19133,0.7289499817069984,0.849097922849777,7.134930306222433,6.406408965745754,0.40658782449648234,1.9168474580001202,"[""y@t"", ""buffer_size_3@t-1"", ""buffer_size_2@t""]",3,50,70300.0,4278,0.09838861981784398,4.441865423863048,7.088433596404118,,
"ar_order=2,horizon=5,n_bins=50,other_lags=2",persistence,5,164850,32829,0.8279569892473119,4.753724062955448,5.074378517177291,4.4418654238630495,32736,0.8299120234604106,4.699704471330955,4.776231927734454,4.142931329423266,93,0.13978494623655913,23.76862031477724,110.02197800105563,109.66666666666667,5648,0.0,27.631021115928547,22.594305238826614,21.043909348441925,27181,1.0,0.0,1.43387426332808,0.9920900629115953,19133,0.7089844770814823,8.041056058824552,7.613327011459542,7.088433596404118,0.44197324479692185,1.9168474580001202,"[""y@t"", ""buffer_size_3@t-1"", ""buffer_size_2@t""]",3,50,70300.0,4278,0.09838861981784398,4.441865423863048,7.088433596404118,,
"ar_order=2,horizon=5,level=True,n_bins=50,other_lags=2",model,1,32828,33182,0.7927189440057862,0.7787169129356827,7.829770023399746,7.604600700663322,33088,0.7945780947775629,0.7549643451964133,7.54305913997698,7.316473218611361,94,0.13829787234042554,9.139620757158516,108.75200098821371,109.02547438295306,6200,0.25983870967741934,2.6203754797192493,22.59499765543951,21.909861825814225,26982,0.9151656659995553,0.35553541734387656,4.43697440711309,4.317497484595735,18217,0.6573530219026185,1.2422795137796465,9.31075802826478,9.110415258055061,0.2555505789266296,0.29551962499681395,"[""y@t"", ""avg_p_latency_2@t"", ""cores_2@t+h"", ""data_quality_2@t+h""]",4,50,117500.0,596,0.48212886504731484,4.606533662829245,7.830488005708953,,
"ar_order=2,horizon=5,level=True,n_bins=50,other_lags=2",ar,1,32828,33182,0.8108010367066482,0.7619561377543973,6.516141089332077,6.073578760712446,33088,0.8127115570599613,0.7384757248422753,6.227124299428987,5.782527778413449,94,0.13829787234042554,9.027061482821388,108.25005113522029,108.52352452995964,6200,0.12435483870967742,2.755038013273346,23.5503959741221,22.28232012059837,26982,0.9685345786079609,0.30398016754398,2.6019619963924097,2.349088491966886,18217,0.6676730526431355,1.2389034840540636,9.489607255712627,9.010382526665802,0.26070010431154556,0.29551962499681395,"[""y@t"", ""avg_p_latency_2@t"", ""cores_2@t+h"", ""data_quality_2@t+h""]",4,50,117500.0,596,0.48212886504731484,4.606533662829245,7.830488005708953,,
"ar_order=2,horizon=5,level=True,n_bins=50,other_lags=2",persistence,1,32828,33182,0.8131517087577602,5.162809080789494,5.025581367481726,4.606533662829253,33088,0.8150991295938105,5.108999854546992,4.732164177138956,4.3111702127659655,94,0.1276595744680851,24.103656718150432,108.30843236813658,108.57446808510639,6200,0.0,27.63102111592855,22.032326809482278,20.69258064516129,26982,1.0,0.0,1.117723471832647,0.9102364539322614,18217,0.6641598506889169,9.279606257191132,8.14911514256398,7.830488005708953,0.35815685638498146,0.29551962499681395,"[""y@t"", ""avg_p_latency_2@t"", ""cores_2@t+h"", ""data_quality_2@t+h""]",4,50,117500.0,596,0.48212886504731484,4.606533662829245,7.830488005708953,,
"ar_order=2,horizon=5,level=True,n_bins=50,other_lags=2",model,2,66010,32829,0.7966432117944501,0.6378117437124775,6.669043080989045,6.698283515970668,32736,0.7985398338220919,0.6184503847693801,6.358768648710197,6.38850474192156,93,0.12903225806451613,7.453010091682779,115.8856432431431,115.74041198125705,7760,0.3588917525773196,1.9660113814975506,20.297701773501274,20.11225740488475,25069,0.9321472735250708,0.22667331819840955,2.450351012941061,2.5460461958552547,19599,0.6878412163885913,0.9480487814122351,9.149497639846217,9.306290177856914,0.2906588733888026,0.5511123329997645,"[""y@t"", ""level_throughput_3@t"", ""data_quality_1@t+h"", ""rps@t""]",4,50,1250000.0,789,0.04934661427396509,6.319534557860428,10.001326598295831,,
"ar_order=2,horizon=5,level=True,n_bins=50,other_lags=2",ar,2,66010,32829,0.7728837308477261,0.7327147475168061,7.366886179551643,6.912611454904654,32736,0.7747434017595308,0.7125306037152902,7.03819811952224,6.583059109970858,93,0.11827956989247312,7.8375333656504385,123.06508330990168,122.91503687160079,7760,0.13054123711340207,2.3922340938561955,23.146906172739936,21.993560395695237,25069,0.9717180581594799,0.2190177461368684,2.4822495707064096,2.244369252162823,19599,0.6310015817133527,1.1168901236719213,10.32001805959546,9.893495435849042,0.28295851648309744,0.5511123329997645,"[""y@t"", ""level_throughput_3@t"", ""data_quality_1@t+h"", ""rps@t""]",4,50,1250000.0,789,0.04934661427396509,6.319534557860428,10.001326598295831,,
"ar_order=2,horizon=5,level=True,n_bins=50,other_lags=2",persistence,2,66010,32829,0.7636236254531055,6.531320596411878,6.840004768492591,6.319534557860435,32736,0.7654569892473119,6.480662882700983,6.509278279604602,5.98778103616814,93,0.11827956989247312,24.362835822646673,123.2557288570647,123.09677419354838,7760,0.0,27.631021115928544,24.95302809018863,23.60180412371134,25069,1.0,0.0,1.2331971185519741,0.9698831225816859,19599,0.608245318638706,10.824581872957772,10.38724530927967,10.001326598295831,0.36966373325137475,0.5511123329997645,"[""y@t"", ""level_throughput_3@t"", ""data_quality_1@t+h"", ""rps@t""]",4,50,1250000.0,789,0.04934661427396509,6.319534557860428,10.001326598295831,,
"ar_order=2,horizon=5,level=True,n_bins=50,other_lags=2",model,3,98839,32829,0.8313686070242773,0.5623722143715834,6.814064942170034,6.548108255889132,32736,0.8333944281524927,0.5425885794512583,6.49215576797633,6.225866530204018,93,0.11827956989247312,7.526211706325995,120.12609425835393,119.97719569704932,6674,0.29472580161822,2.1228388046906703,22.311793576411457,21.884075699385587,26155,0.9683043395144332,0.16418624519591574,2.8594925504695086,2.6348126444230524,19244,0.729058407815423,0.8543116609958036,9.112712784743017,8.883644316975337,0.33316253142603813,1.069391375000123,"[""y@t"", ""level_throughput_3@t"", ""data_quality_1@t+h"", ""rps@t+h""]",4,50,1250000.0,1086,0.0729233299826373,6.636053489293003,10.695801288713366,,
"ar_order=2,horizon=5,level=True,n_bins=50,other_lags=2",ar,3,98839,32829,0.8149501964726309,0.6390660932294404,7.1443606774979385,6.5277220270019365,32736,0.8169293743890518,0.6183013745129912,6.799403633930641,6.181228619279935,93,0.11827956989247312,7.948247081419519,128.5692400131866,128.4934015451465,6674,0.16257117171111776,2.3362301095805518,24.917524934423597,23.849445026707052,26155,0.9814184668323457,0.20599889211579797,2.609162885461164,2.1077189950756527,19244,0.6941903970068592,0.9689830379311181,9.8773610113183,9.232842876643396,0.3265026954267442,1.069391375000123,"[""y@t"", ""level_throughput_3@t"", ""data_quality_1@t+h"", ""rps@t+h""]",4,50,1250000.0,1086,0.0729233299826373,6.636053489293003,10.695801288713366,,
"ar_order=2,horizon=5,level=True,n_bins=50,other_lags=2",persistence,3,98839,32829,0.7967041335404673,5.617272378924338,7.278058847649919,6.63605348929301,32736,0.7986314760508308,5.5640179373228555,6.931187233218132,6.287573313782998,93,0.11827956989247312,24.36283582264667,129.37686712763903,129.30107526881721,6674,0.0,27.631021115928547,30.148139818923212,28.87923284387174,26155,1.0,0.0,1.4422752344869303,0.9602370483655235,19244,0.6574516732488048,9.464960049688264,11.231809028549044,10.695801288713366,0.3708240679628271,1.069391375000123,"[""y@t"", ""level_throughput_3@t"", ""data_quality_1@t+h"", ""rps@t+h""]",4,50,1250000.0,1086,0.0729233299826373,6.636053489293003,10.695801288713366,,
"ar_order=2,horizon=5,level=True,n_bins=50,other_lags=2",model,4,131668,33182,0.859532276535471,0.4454886068026525,5.193264202762682,5.222413163930002,33088,0.8615207930367504,0.4268352291590826,4.940456289432656,4.969518439719193,94,0.1595744680851064,7.011477537339235,94.18164969493206,94.24135608613453,5999,0.3555592598766461,1.7830905392692444,18.67856005541064,18.599671473526385,27183,0.9707537799359894,0.1502940369293093,2.2172023324748156,2.270194034353844,17337,0.7503605006633213,0.7339147227858188,7.623379205031462,7.764014370879236,0.379830527296524,1.718838250002591,"[""y@t"", ""level_throughput_3@t"", ""y@t-1"", ""data_quality_1@t+h""]",4,50,1250000.0,2450,0.03167379904767645,5.233530227231632,9.457922362577147,,
"ar_order=2,horizon=5,level=True,n_bins=50,other_lags=2",ar,4,131668,33182,0.832951600265204,0.5447510756783777,6.046887315465182,5.4745756549628,33088,0.8348646034816247,0.5247598830583974,5.771190091959911,5.1974719389083575,94,0.1595744680851064,7.581650877911395,103.09230998932033,103.01508370612639,5999,0.14202367061176863,2.251200174303836,22.092945380815788,20.52550043348344,27183,0.9854320715152853,0.16815584547368634,2.505692365163954,2.1529960741091285,17337,0.6897963892253561,0.917924335972256,8.869177658836678,8.15147811377262,0.3585953082972091,1.718838250002591,"[""y@t"", ""level_throughput_3@t"", ""y@t-1"", ""data_quality_1@t+h""]",4,50,1250000.0,2450,0.03167379904767645,5.233530227231632,9.457922362577147,,
"ar_order=2,horizon=5,level=True,n_bins=50,other_lags=2",persistence,4,131668,33182,0.819209209812549,4.995434141234867,5.837644942700026,5.233530227231641,33088,0.8210831721470019,4.943654648401142,5.561242449816216,4.955633462282408,94,0.1595744680851064,23.221815618705904,103.13132243780129,103.05319148936171,5999,0.0,27.631021115928547,26.795432921477843,25.04367394565761,27183,1.0,0.0,1.212483257650984,0.8616414670934162,17337,0.6585337717021399,9.43506056447465,10.062721964633994,9.457922362577147,0.3962125472833915,1.718838250002591,"[""y@t"", ""level_throughput_3@t"", ""y@t-1"", ""data_quality_1@t+h""]",4,50,1250000.0,2450,0.03167379904767645,5.233530227231632,9.457922362577147,,
"ar_order=2,horizon=5,level=True,n_bins=50,other_lags=2",model,5,164850,32829,0.8692010113009839,0.43698906616750277,4.322232596652216,4.161679895240197,32736,0.8712121212121212,0.4121915112541842,4.028321716625488,3.8682042796690963,93,0.16129032258064516,9.16572839565565,107.7788623660605,107.46509657626756,5648,0.40173512747875356,1.8244312600697055,15.185539614686197,15.03708590278804,27181,0.9663367793679408,0.14868938951249952,2.06492204745035,1.9018552702951907,19133,0.7932890816913186,0.6461406591837436,5.627619675656341,5.603423863116033,0.4265220854172589,2.511548540998774,"[""y@t"", ""level_throughput_3@t"", ""buffer_size_3@t-1"", ""buffer_size_3@t""]",4,50,3610000.0,2965,0.02555667245423254,4.441865423863048,7.088433596404118,,
"ar_order=2,horizon=5,level=True,n_bins=50,other_lags=2",ar,5,164850,32829,0.837247555514941,0.5586157145334762,5.489755173532309,4.817728977922736,32736,0.8391984359726296,0.5391928274928764,5.196690011019723,4.52370891969318,93,0.15053763440860216,7.395471952824599,108.6486923779628,108.31278947472622,5648,0.1395184135977337,2.307518194750048,19.436093379168103,18.068490777786106,27181,0.9822302343548802,0.19520740695600666,2.59181476716643,2.0643239286004773,19133,0.7289499817069984,0.849097922849777,7.134930306222433,6.406408965745754,0.40658782449648234,2.511548540998774,"[""y@t"", ""level_throughput_3@t"", ""buffer_size_3@t-1"", ""buffer_size_3@t""]",4,50,3610000.0,2965,0.02555667245423254,4.441865423863048,7.088433596404118,,
"ar_order=2,horizon=5,level=True,n_bins=50,other_lags=2",persistence,5,164850,32829,0.8279569892473119,4.753724062955448,5.074378517177291,4.4418654238630495,32736,0.8299120234604106,4.699704471330955,4.776231927734454,4.142931329423266,93,0.13978494623655913,23.76862031477724,110.02197800105563,109.66666666666667,5648,0.0,27.631021115928547,22.594305238826614,21.043909348441925,27181,1.0,0.0,1.43387426332808,0.9920900629115953,19133,0.7089844770814823,8.041056058824552,7.613327011459542,7.088433596404118,0.44197324479692185,2.511548540998774,"[""y@t"", ""level_throughput_3@t"", ""buffer_size_3@t-1"", ""buffer_size_3@t""]",4,50,3610000.0,2965,0.02555667245423254,4.441865423863048,7.088433596404118,,
"ar_order=2,forced=('y@t', 'level_throughput_3@t'),horizon=5,level=True,n_bins=50,other_lags=2",model,1,32828,33182,0.8211078295461395,0.7465816787869346,6.925546053281345,6.616083532577029,33088,0.8230476305609284,0.7213926008115505,6.641798557181824,6.330663669142061,94,0.13829787234042554,9.613137126122103,106.8046646803132,107.08387546168551,6200,0.22951612903225807,2.5650146017413835,22.800292375213456,21.92435909604578,26982,0.9570454376992069,0.3287370370881137,3.2778021056133064,3.098504832202472,18217,0.6952297304715376,1.1806428418773758,9.487425567563001,9.163031067260007,0.2659561125349479,0.2357690829958301,"[""y@t"", ""level_throughput_3@t"", ""buffer_size_3@t"", ""data_quality_2@t+h""]",4,50,975000.0,940,0.38719787836778974,4.606533662829245,7.830488005708953,,
"ar_order=2,forced=('y@t', 'level_throughput_3@t'),horizon=5,level=True,n_bins=50,other_lags=2",ar,1,32828,33182,0.8108010367066482,0.7619561377543973,6.516141089332077,6.073578760712446,33088,0.8127115570599613,0.7384757248422753,6.227124299428987,5.782527778413449,94,0.13829787234042554,9.027061482821388,108.25005113522029,108.52352452995964,6200,0.12435483870967742,2.755038013273346,23.5503959741221,22.28232012059837,26982,0.9685345786079609,0.30398016754398,2.6019619963924097,2.349088491966886,18217,0.6676730526431355,1.2389034840540636,9.489607255712627,9.010382526665802,0.26070010431154556,0.2357690829958301,"[""y@t"", ""level_throughput_3@t"", ""buffer_size_3@t"", ""data_quality_2@t+h""]",4,50,975000.0,940,0.38719787836778974,4.606533662829245,7.830488005708953,,
"ar_order=2,forced=('y@t', 'level_throughput_3@t'),horizon=5,level=True,n_bins=50,other_lags=2",persistence,1,32828,33182,0.8131517087577602,5.162809080789494,5.025581367481726,4.606533662829253,33088,0.8150991295938105,5.108999854546992,4.732164177138956,4.3111702127659655,94,0.1276595744680851,24.103656718150432,108.30843236813658,108.57446808510639,6200,0.0,27.63102111592855,22.032326809482278,20.69258064516129,26982,1.0,0.0,1.117723471832647,0.9102364539322614,18217,0.6641598506889169,9.279606257191132,8.14911514256398,7.830488005708953,0.35815685638498146,0.2357690829958301,"[""y@t"", ""level_throughput_3@t"", ""buffer_size_3@t"", ""data_quality_2@t+h""]",4,50,975000.0,940,0.38719787836778974,4.606533662829245,7.830488005708953,,
"ar_order=2,forced=('y@t', 'level_throughput_3@t'),horizon=5,level=True,n_bins=50,other_lags=2",model,2,66010,32829,0.7966432117944501,0.6378117437124775,6.669043080989045,6.698283515970668,32736,0.7985398338220919,0.6184503847693801,6.358768648710197,6.38850474192156,93,0.12903225806451613,7.453010091682779,115.8856432431431,115.74041198125705,7760,0.3588917525773196,1.9660113814975506,20.297701773501274,20.11225740488475,25069,0.9321472735250708,0.22667331819840955,2.450351012941061,2.5460461958552547,19599,0.6878412163885913,0.9480487814122351,9.149497639846217,9.306290177856914,0.2906588733888026,0.4062144170020474,"[""y@t"", ""level_throughput_3@t"", ""data_quality_1@t+h"", ""rps@t""]",4,50,1250000.0,789,0.04934661427396509,6.319534557860428,10.001326598295831,,
"ar_order=2,forced=('y@t', 'level_throughput_3@t'),horizon=5,level=True,n_bins=50,other_lags=2",ar,2,66010,32829,0.7728837308477261,0.7327147475168061,7.366886179551643,6.912611454904654,32736,0.7747434017595308,0.7125306037152902,7.03819811952224,6.583059109970858,93,0.11827956989247312,7.8375333656504385,123.06508330990168,122.91503687160079,7760,0.13054123711340207,2.3922340938561955,23.146906172739936,21.993560395695237,25069,0.9717180581594799,0.2190177461368684,2.4822495707064096,2.244369252162823,19599,0.6310015817133527,1.1168901236719213,10.32001805959546,9.893495435849042,0.28295851648309744,0.4062144170020474,"[""y@t"", ""level_throughput_3@t"", ""data_quality_1@t+h"", ""rps@t""]",4,50,1250000.0,789,0.04934661427396509,6.319534557860428,10.001326598295831,,
"ar_order=2,forced=('y@t', 'level_throughput_3@t'),horizon=5,level=True,n_bins=50,other_lags=2",persistence,2,66010,32829,0.7636236254531055,6.531320596411878,6.840004768492591,6.319534557860435,32736,0.7654569892473119,6.480662882700983,6.509278279604602,5.98778103616814,93,0.11827956989247312,24.362835822646673,123.2557288570647,123.09677419354838,7760,0.0,27.631021115928544,24.95302809018863,23.60180412371134,25069,1.0,0.0,1.2331971185519741,0.9698831225816859,19599,0.608245318638706,10.824581872957772,10.38724530927967,10.001326598295831,0.36966373325137475,0.4062144170020474,"[""y@t"", ""level_throughput_3@t"", ""data_quality_1@t+h"", ""rps@t""]",4,50,1250000.0,789,0.04934661427396509,6.319534557860428,10.001326598295831,,
"ar_order=2,forced=('y@t', 'level_throughput_3@t'),horizon=5,level=True,n_bins=50,other_lags=2",model,3,98839,32829,0.8313686070242773,0.5623722143715834,6.814064942170034,6.548108255889132,32736,0.8333944281524927,0.5425885794512583,6.49215576797633,6.225866530204018,93,0.11827956989247312,7.526211706325995,120.12609425835393,119.97719569704932,6674,0.29472580161822,2.1228388046906703,22.311793576411457,21.884075699385587,26155,0.9683043395144332,0.16418624519591574,2.8594925504695086,2.6348126444230524,19244,0.729058407815423,0.8543116609958036,9.112712784743017,8.883644316975337,0.33316253142603813,0.5945805829978781,"[""y@t"", ""level_throughput_3@t"", ""data_quality_1@t+h"", ""rps@t+h""]",4,50,1250000.0,1086,0.0729233299826373,6.636053489293003,10.695801288713366,,
"ar_order=2,forced=('y@t', 'level_throughput_3@t'),horizon=5,level=True,n_bins=50,other_lags=2",ar,3,98839,32829,0.8149501964726309,0.6390660932294404,7.1443606774979385,6.5277220270019365,32736,0.8169293743890518,0.6183013745129912,6.799403633930641,6.181228619279935,93,0.11827956989247312,7.948247081419519,128.5692400131866,128.4934015451465,6674,0.16257117171111776,2.3362301095805518,24.917524934423597,23.849445026707052,26155,0.9814184668323457,0.20599889211579797,2.609162885461164,2.1077189950756527,19244,0.6941903970068592,0.9689830379311181,9.8773610113183,9.232842876643396,0.3265026954267442,0.5945805829978781,"[""y@t"", ""level_throughput_3@t"", ""data_quality_1@t+h"", ""rps@t+h""]",4,50,1250000.0,1086,0.0729233299826373,6.636053489293003,10.695801288713366,,
"ar_order=2,forced=('y@t', 'level_throughput_3@t'),horizon=5,level=True,n_bins=50,other_lags=2",persistence,3,98839,32829,0.7967041335404673,5.617272378924338,7.278058847649919,6.63605348929301,32736,0.7986314760508308,5.5640179373228555,6.931187233218132,6.287573313782998,93,0.11827956989247312,24.36283582264667,129.37686712763903,129.30107526881721,6674,0.0,27.631021115928547,30.148139818923212,28.87923284387174,26155,1.0,0.0,1.4422752344869303,0.9602370483655235,19244,0.6574516732488048,9.464960049688264,11.231809028549044,10.695801288713366,0.3708240679628271,0.5945805829978781,"[""y@t"", ""level_throughput_3@t"", ""data_quality_1@t+h"", ""rps@t+h""]",4,50,1250000.0,1086,0.0729233299826373,6.636053489293003,10.695801288713366,,
"ar_order=2,forced=('y@t', 'level_throughput_3@t'),horizon=5,level=True,n_bins=50,other_lags=2",model,4,131668,33182,0.859532276535471,0.4454886068026525,5.193264202762682,5.222413163930002,33088,0.8615207930367504,0.4268352291590826,4.940456289432656,4.969518439719193,94,0.1595744680851064,7.011477537339235,94.18164969493206,94.24135608613453,5999,0.3555592598766461,1.7830905392692444,18.67856005541064,18.599671473526385,27183,0.9707537799359894,0.1502940369293093,2.2172023324748156,2.270194034353844,17337,0.7503605006633213,0.7339147227858188,7.623379205031462,7.764014370879236,0.379830527296524,0.9614781670024968,"[""y@t"", ""level_throughput_3@t"", ""y@t-1"", ""data_quality_1@t+h""]",4,50,1250000.0,2450,0.03167379904767645,5.233530227231632,9.457922362577147,,
"ar_order=2,forced=('y@t', 'level_throughput_3@t'),horizon=5,level=True,n_bins=50,other_lags=2",ar,4,131668,33182,0.832951600265204,0.5447510756783777,6.046887315465182,5.4745756549628,33088,0.8348646034816247,0.5247598830583974,5.771190091959911,5.1974719389083575,94,0.1595744680851064,7.581650877911395,103.09230998932033,103.01508370612639,5999,0.14202367061176863,2.251200174303836,22.092945380815788,20.52550043348344,27183,0.9854320715152853,0.16815584547368634,2.505692365163954,2.1529960741091285,17337,0.6897963892253561,0.917924335972256,8.869177658836678,8.15147811377262,0.3585953082972091,0.9614781670024968,"[""y@t"", ""level_throughput_3@t"", ""y@t-1"", ""data_quality_1@t+h""]",4,50,1250000.0,2450,0.03167379904767645,5.233530227231632,9.457922362577147,,
"ar_order=2,forced=('y@t', 'level_throughput_3@t'),horizon=5,level=True,n_bins=50,other_lags=2",persistence,4,131668,33182,0.819209209812549,4.995434141234867,5.837644942700026,5.233530227231641,33088,0.8210831721470019,4.943654648401142,5.561242449816216,4.955633462282408,94,0.1595744680851064,23.221815618705904,103.13132243780129,103.05319148936171,5999,0.0,27.631021115928547,26.795432921477843,25.04367394565761,27183,1.0,0.0,1.212483257650984,0.8616414670934162,17337,0.6585337717021399,9.43506056447465,10.062721964633994,9.457922362577147,0.3962125472833915,0.9614781670024968,"[""y@t"", ""level_throughput_3@t"", ""y@t-1"", ""data_quality_1@t+h""]",4,50,1250000.0,2450,0.03167379904767645,5.233530227231632,9.457922362577147,,
"ar_order=2,forced=('y@t', 'level_throughput_3@t'),horizon=5,level=True,n_bins=50,other_lags=2",model,5,164850,32829,0.8692010113009839,0.43698906616750277,4.322232596652216,4.161679895240197,32736,0.8712121212121212,0.4121915112541842,4.028321716625488,3.8682042796690963,93,0.16129032258064516,9.16572839565565,107.7788623660605,107.46509657626756,5648,0.40173512747875356,1.8244312600697055,15.185539614686197,15.03708590278804,27181,0.9663367793679408,0.14868938951249952,2.06492204745035,1.9018552702951907,19133,0.7932890816913186,0.6461406591837436,5.627619675656341,5.603423863116033,0.4265220854172589,1.4115797909980756,"[""y@t"", ""level_throughput_3@t"", ""buffer_size_3@t-1"", ""buffer_size_3@t""]",4,50,3610000.0,2965,0.02555667245423254,4.441865423863048,7.088433596404118,,
"ar_order=2,forced=('y@t', 'level_throughput_3@t'),horizon=5,level=True,n_bins=50,other_lags=2",ar,5,164850,32829,0.837247555514941,0.5586157145334762,5.489755173532309,4.817728977922736,32736,0.8391984359726296,0.5391928274928764,5.196690011019723,4.52370891969318,93,0.15053763440860216,7.395471952824599,108.6486923779628,108.31278947472622,5648,0.1395184135977337,2.307518194750048,19.436093379168103,18.068490777786106,27181,0.9822302343548802,0.19520740695600666,2.59181476716643,2.0643239286004773,19133,0.7289499817069984,0.849097922849777,7.134930306222433,6.406408965745754,0.40658782449648234,1.4115797909980756,"[""y@t"", ""level_throughput_3@t"", ""buffer_size_3@t-1"", ""buffer_size_3@t""]",4,50,3610000.0,2965,0.02555667245423254,4.441865423863048,7.088433596404118,,
"ar_order=2,forced=('y@t', 'level_throughput_3@t'),horizon=5,level=True,n_bins=50,other_lags=2",persistence,5,164850,32829,0.8279569892473119,4.753724062955448,5.074378517177291,4.4418654238630495,32736,0.8299120234604106,4.699704471330955,4.776231927734454,4.142931329423266,93,0.13978494623655913,23.76862031477724,110.02197800105563,109.66666666666667,5648,0.0,27.631021115928547,22.594305238826614,21.043909348441925,27181,1.0,0.0,1.43387426332808,0.9920900629115953,19133,0.7089844770814823,8.041056058824552,7.613327011459542,7.088433596404118,0.44197324479692185,1.4115797909980756,"[""y@t"", ""level_throughput_3@t"", ""buffer_size_3@t-1"", ""buffer_size_3@t""]",4,50,3610000.0,2965,0.02555667245423254,4.441865423863048,7.088433596404118,,
"ar_order=2,horizon=10,n_bins=50,other_lags=2",model,1,32363,32712,0.8196380533137686,0.7273721850259107,7.209702154119881,7.0150805833650836,32618,0.8216015696854497,0.7041016389727369,6.921896643707076,6.725919605980224,94,0.13829787234042554,8.80225166547721,107.0782142673632,107.35393973591106,6192,0.24031007751937986,2.5607256969601493,25.10171509348057,24.307836810893303,26520,0.9549019607843138,0.29931317499963606,3.0322004904501463,2.977495871417319,18001,0.6917949002833176,1.1695450404046983,10.462580590775255,10.2662319716469,0.2623470746622591,0.25081474999751663,"[""y@t"", ""buffer_size_3@t-1"", ""data_quality_1@t+h"", ""data_quality_1@t""]",4,50,195000.0,586,0.2994314013206163,5.172169234531671,8.83206488528415,,
"ar_order=2,horizon=10,n_bins=50,other_lags=2",ar,1,32363,32712,0.8108950843727073,0.7735267710782402,7.4956277171004935,7.045984710987607,32618,0.8128334048684775,0.7499316704188455,7.205232821092244,6.753499415916935,94,0.13829787234042554,8.9610266998882,108.26265663196297,108.53838210051086,6192,0.13065245478036175,2.8130213324722577,26.296208774569404,24.997060590478302,26520,0.9697209653092006,0.29733709068036085,3.105989786940331,2.8546927861834455,18001,0.6672962613188156,1.2597890802394887,10.875593953480989,10.390129074158514,0.25545047109229757,0.25081474999751663,"[""y@t"", ""buffer_size_3@t-1"", ""data_quality_1@t+h"", ""data_quality_1@t""]",4,50,195000.0,586,0.2994314013206163,5.172169234531671,8.83206488528415,,
"ar_order=2,horizon=10,n_bins=50,other_lags=2",persistence,1,32363,32712,0.8107116654438739,5.23022996911927,5.586978365087088,5.1721692345316725,32618,0.8126801152737753,5.175839690303618,5.290949686944865,4.874179900668344,94,0.1276595744680851,24.103656718150432,108.30892968043825,108.57446808510639,6192,0.0,27.63102111592855,24.71969806358756,23.38969638242894,26520,1.0,0.0,1.1197913223602802,0.9186651583710418,18001,0.660574412532637,9.378675574597157,9.139966790761797,8.83206488528415,0.34751625452881396,0.25081474999751663,"[""y@t"", ""buffer_size_3@t-1"", ""data_quality_1@t+h"", ""data_quality_1@t""]",4,50,195000.0,586,0.2994314013206163,5.172169234531671,8.83206488528415,,
"ar_order=2,horizon=10,n_bins=50,other_lags=2",model,2,65075,32364,0.7874799159560005,0.6621408146465412,7.975285871254652,7.881881756467375,32271,0.7893774596386849,0.6428307512489589,7.6532340906330365,7.559879941774467,93,0.12903225806451613,7.362732813607613,119.72725374695521,119.61651145490642,7790,0.2847240051347882,2.059868023148757,24.146042259971367,23.601046668996503,24574,0.9468543989582485,0.21905890066297082,2.849128458212283,2.8988796132020576,19544,0.6724314367580844,0.9813439682647628,10.841320165460235,10.823478518617954,0.2915921098113458,0.4744507089999388,"[""y@t"", ""avg_p_latency_1@t"", ""y@t-1"", ""data_quality_1@t+h""]",4,50,1125000.0,1354,0.06689531578296873,7.223705351625263,11.376381498158002,,
"ar_order=2,horizon=10,n_bins=50,other_lags=2",ar,2,65075,32364,0.7725250278086763,0.7450099258603528,8.484571476193961,8.052658934411088,32271,0.7744104614049766,0.7246182016440772,8.154431173486131,7.721700858324873,93,0.11827956989247312,7.820938228907942,123.04325651581155,122.89511133632787,7790,0.13953786906290117,2.4252202265534035,26.508960615904517,25.434735097813203,24574,0.9731830389842924,0.21238038885380645,2.770809312999317,2.5425110824983967,19544,0.6327773229635694,1.1252154103977536,11.83915418448644,11.449711238466907,0.28029317771383827,0.4744507089999388,"[""y@t"", ""avg_p_latency_1@t"", ""y@t-1"", ""data_quality_1@t+h""]",4,50,1125000.0,1354,0.06689531578296873,7.223705351625263,11.376381498158002,,
"ar_order=2,horizon=10,n_bins=50,other_lags=2",persistence,2,65075,32364,0.7593004572982326,6.650774146986881,7.738349852779278,7.223705351625269,32271,0.7611477797403241,6.599730741581521,7.4054452408974125,6.88977719934307,93,0.11827956989247312,24.362835822646673,123.25625017578646,123.09677419354838,7790,0.0,27.631021115928544,28.275316734288428,26.950577663671375,24574,1.0,0.0,1.2280962511289055,0.9702531130463189,19544,0.6056078591895211,10.897457570690609,11.764700639917274,11.376381498158002,0.36475547520067014,0.4744507089999388,"[""y@t"", ""avg_p_latency_1@t"", ""y@t-1"", ""data_quality_1@t+h""]",4,50,1125000.0,1354,0.06689531578296873,7.223705351625263,11.376381498158002,,
"ar_order=2,horizon=10,n_bins=50,other_lags=2",model,3,97439,32364,0.8196143863552094,0.5843936243849975,8.31160478615413,7.989431817382402,32271,0.8216355241548139,0.5642745716456168,7.978726577332417,7.655786927651918,93,0.11827956989247312,7.565704924950102,123.8203432472883,123.76420855386021,6698,0.25111973723499553,2.144840953230331,25.203049155521427,24.586082339519866,25666,0.9679731941089379,0.177167090892983,3.903481417260567,3.6582401553674133,18988,0.7116073309458606,0.8807209499019478,10.313820564671861,10.020496096895993,0.32628569636798543,0.6871390000014799,"[""y@t"", ""buffer_size_3@t-1"", ""data_quality_1@t+h"", ""buffer_size_3@t""]",4,50,760500.0,1971,0.15782968730688418,7.401989865282412,11.982989256372445,,
"ar_order=2,horizon=10,n_bins=50,other_lags=2",ar,3,97439,32364,0.8139290569768879,0.6538497457118749,7.979911645826812,7.373912666438257,32271,0.8159338105419727,0.6328105098055898,7.632399476551577,7.024872331852912,93,0.11827956989247312,7.954464605192851,128.56663438433333,128.4909087675534,6698,0.16736339205733056,2.3622840942243877,27.631337567561967,26.620698414966558,25666,0.9826618873217486,0.20800336270179143,2.851521915296848,2.3511209987205555,18988,0.6922266694754582,0.9916186074665639,11.01243432408224,10.394866722332566,0.3301581833050527,0.6871390000014799,"[""y@t"", ""buffer_size_3@t-1"", ""data_quality_1@t+h"", ""buffer_size_3@t""]",4,50,760500.0,1971,0.15782968730688418,7.401989865282412,11.982989256372445,,
"ar_order=2,horizon=10,n_bins=50,other_lags=2",persistence,3,97439,32364,0.793041651217402,5.71847050532967,8.039611880070689,7.4019898652824185,32271,0.7949862105295776,5.66474034591377,7.6899371111974615,7.050695671035921,93,0.11827956989247312,24.36283582264667,129.37675667908022,129.30107526881721,6698,0.0,27.63102111592855,33.30966856991634,32.08375634517766,25666,1.0,0.0,1.444940341514382,0.9608431387828351,18988,0.651569412260375,9.627492927268973,12.507917616247278,11.982989256372445,0.3679411949499018,0.6871390000014799,"[""y@t"", ""buffer_size_3@t-1"", ""data_quality_1@t+h"", ""buffer_size_3@t""]",4,50,760500.0,1971,0.15782968730688418,7.401989865282412,11.982989256372445,,
"ar_order=2,horizon=10,n_bins=50,other_lags=2",model,4,129803,32712,0.8525311812179017,0.4626269844356042,5.89208283366084,5.658269762830541,32618,0.8545281746275063,0.4438388895349989,5.635549461333291,5.401207552738329,94,0.1595744680851064,6.982095914945656,94.90916303132026,94.85885666482756,6017,0.2966594648495928,1.915723947842346,21.020774965067044,20.113517525987877,26695,0.9778235624648811,0.13510181384866413,2.482105663603857,2.4000856163267867,17102,0.732779791837212,0.7729289725079022,8.712238371379629,8.452713795909576,0.37060087767457556,1.2664331249980023,"[""y@t"", ""y@t-1"", ""buffer_size_2@t"", ""data_quality_1@t+h""]",4,50,925000.0,4441,0.11986426999266324,5.689410613842015,10.316044907028418,,
"ar_order=2,horizon=10,n_bins=50,other_lags=2",ar,4,129803,32712,0.8307960381511372,0.5546280272583572,6.856896218584102,6.271347601700605,32618,0.8327303942608376,0.5344287426445996,6.579390791226314,5.9923733493313005,94,0.1595744680851064,7.563779788232313,103.15127951173716,103.07541317384944,6017,0.1425959780621572,2.2562739608734073,24.252449820268826,22.700447076133184,26695,0.9859149653493163,0.17108041225323428,2.9359729737316225,2.568261198341894,17102,0.6859431645421588,0.9319223159222578,9.913216150272723,9.177744447301281,0.36087018365876256,1.2664331249980023,"[""y@t"", ""y@t-1"", ""buffer_size_2@t"", ""data_quality_1@t+h""]",4,50,925000.0,4441,0.11986426999266324,5.689410613842015,10.316044907028418,,
"ar_order=2,horizon=10,n_bins=50,other_lags=2",persistence,4,129803,32712,0.8160613842015163,5.082411777162573,6.297285703981765,5.689410613842017,32618,0.8179532773315348,5.030136838137952,6.018225098120195,5.408823349071067,94,0.1595744680851064,23.221815618705904,103.13131593794652,103.05319148936171,6017,0.0,27.63102111592855,28.83027018413088,27.09938507561908,26695,1.0,0.0,1.218395738929986,0.8636448773178509,17102,0.6527891474681324,9.593790397987586,10.926536055753484,10.316044907028418,0.39898295907998427,1.2664331249980023,"[""y@t"", ""y@t-1"", ""buffer_size_2@t"", ""data_quality_1@t+h""]",4,50,925000.0,4441,0.11986426999266324,5.689410613842015,10.316044907028418,,
"ar_order=2,horizon=10,n_bins=50,other_lags=2",model,5,162515,32364,0.8587937214188605,0.46201314869418386,4.940253632442295,4.660319088545291,32271,0.8608038176691147,0.43826413106881185,4.64375124956407,4.363783763342383,93,0.16129032258064516,8.702922264698257,107.82658049118643,107.55807693395457,5561,0.2936522208235929,2.012501326170039,17.473080583966546,16.80924265772962,26803,0.9760474573741745,0.14032286197466637,2.3399831150589288,2.13969960683675,18960,0.7723628691983122,0.6900497571268296,6.243242838850107,6.032890645212123,0.4196669672980719,2.007528417001595,"[""y@t"", ""buffer_size_3@t-1"", ""buffer_size_2@t"", ""y@t-1""]",4,50,3515000.0,6734,0.10592015820046966,4.902484241750093,7.830432489451477,,
"ar_order=2,horizon=10,n_bins=50,other_lags=2",ar,5,162515,32364,0.8380608083055247,0.5664234911354826,6.172753366762005,5.515539076302235,32271,0.8400421431006166,0.5471507703910458,5.8776582829258865,5.2195171048423,93,0.15053763440860216,7.254057589455053,108.5707474578952,108.23516317289986,5561,0.14260025175328178,2.331240306068148,21.698608791098174,20.38668170253819,26803,0.9823527217102563,0.20026498992888062,2.951498954392739,2.430122363826089,18960,0.7321729957805907,0.855020655055372,7.769266975370497,7.060080377626345,0.40703805254100606,2.007528417001595,"[""y@t"", ""buffer_size_3@t-1"", ""buffer_size_2@t"", ""y@t-1""]",4,50,3515000.0,6734,0.10592015820046966,4.902484241750093,7.830432489451477,,
"ar_order=2,horizon=10,n_bins=50,other_lags=2",persistence,5,162515,32364,0.8281732789519219,4.7477477575602105,5.527692832431969,4.902484241750095,32271,0.8301571070000929,4.6929325628708245,5.2265585510663515,4.600570171361286,93,0.13978494623655913,23.76862031477724,110.0212884663008,109.66666666666667,5561,0.0,27.631021115928554,25.214567808741524,23.732961697536414,26803,1.0,0.0,1.4431235027577742,0.9955975077416729,18960,0.7109177215189874,7.987638540949598,8.341710472135828,7.830432489451477,0.4417490206365514,2.007528417001595,"[""y@t"", ""buffer_size_3@t-1"", ""buffer_size_2@t"", ""y@t-1""]",4,50,3515000.0,6734,0.10592015820046966,4.902484241750093,7.830432489451477,,
"ar_order=2,horizon=10,level=True,n_bins=50,other_lags=2",model,1,32363,32712,0.8308266079726094,0.7307869192260137,7.747271590036271,7.53563230929956,32618,0.832822368017659,0.7011311763162669,7.458833480407139,7.2458477486229915,94,0.13829787234042554,11.021329708908132,107.83529563134508,108.09087486406878,6192,0.29780361757105944,2.5748882907874626,25.029649120347564,24.258390397090437,26520,0.9552790346907994,0.3002184541917569,3.712110139520151,3.6311331358606047,18001,0.713182600966613,1.1484972626789398,10.423495997920346,10.233205525628597,0.2625125768016155,0.32292420800513355,"[""y@t"", ""buffer_size_3@t-1"", ""level_throughput_2@t""]",3,50,97500.0,682,0.1961054047444363,5.172169234531671,8.83206488528415,,
"ar_order=2,horizon=10,level=True,n_bins=50,other_lags=2",ar,1,32363,32712,0.8108950843727073,0.7735267710782402,7.4956277171004935,7.045984710987607,32618,0.8128334048684775,0.7499316704188455,7.205232821092244,6.753499415916935,94,0.13829787234042554,8.9610266998882,108.26265663196297,108.53838210051086,6192,0.13065245478036175,2.8130213324722577,26.296208774569404,24.997060590478302,26520,0.9697209653092006,0.29733709068036085,3.105989786940331,2.8546927861834455,18001,0.6672962613188156,1.2597890802394887,10.875593953480989,10.390129074158514,0.25545047109229757,0.32292420800513355,"[""y@t"", ""buffer_size_3@t-1"", ""level_throughput_2@t""]",3,50,97500.0,682,0.1961054047444363,5.172169234531671,8.83206488528415,,
"ar_order=2,horizon=10,level=True,n_bins=50,other_lags=2",persistence,1,32363,32712,0.8107116654438739,5.23022996911927,5.586978365087088,5.1721692345316725,32618,0.8126801152737753,5.175839690303618,5.290949686944865,4.874179900668344,94,0.1276595744680851,24.103656718150432,108.30892968043825,108.57446808510639,6192,0.0,27.63102111592855,24.71969806358756,23.38969638242894,26520,1.0,0.0,1.1197913223602802,0.9186651583710418,18001,0.660574412532637,9.378675574597157,9.139966790761797,8.83206488528415,0.34751625452881396,0.32292420800513355,"[""y@t"", ""buffer_size_3@t-1"", ""level_throughput_2@t""]",3,50,97500.0,682,0.1961054047444363,5.172169234531671,8.83206488528415,,
"ar_order=2,horizon=10,level=True,n_bins=50,other_lags=2",model,2,65075,32364,0.7951118526758126,0.6476811992524093,7.921311411735761,7.924506641025433,32271,0.7970623779864274,0.6282963738069254,7.610552956385095,7.614199019449212,93,0.11827956989247312,7.374215628835356,115.7544954184167,115.60125132797373,7790,0.33709884467265727,2.007855806409012,24.07144234058493,23.79785062112263,24574,0.9403027590135916,0.21650352407743018,2.80169230472286,2.8926294698299753,19544,0.6859905853458862,0.9560880383000572,10.821440785958629,10.93998956469585,0.2922918915782688,0.556619959003001,"[""y@t"", ""level_throughput_3@t"", ""data_quality_1@t+h"", ""y@t-1""]",4,50,1250000.0,1310,0.0621369422815474,7.223705351625263,11.376381498158002,,
"ar_order=2,horizon=10,level=True,n_bins=50,other_lags=2",ar,2,65075,32364,0.7725250278086763,0.7450099258603528,8.484571476193961,8.052658934411088,32271,0.7744104614049766,0.7246182016440772,8.154431173486131,7.721700858324873,93,0.11827956989247312,7.820938228907942,123.04325651581155,122.89511133632787,7790,0.13953786906290117,2.4252202265534035,26.508960615904517,25.434735097813203,24574,0.9731830389842924,0.21238038885380645,2.770809312999317,2.5425110824983967,19544,0.6327773229635694,1.1252154103977536,11.83915418448644,11.449711238466907,0.28029317771383827,0.556619959003001,"[""y@t"", ""level_throughput_3@t"", ""data_quality_1@t+h"", ""y@t-1""]",4,50,1250000.0,1310,0.0621369422815474,7.223705351625263,11.376381498158002,,
"ar_order=2,horizon=10,level=True,n_bins=50,other_lags=2",persistence,2,65075,32364,0.7593004572982326,6.650774146986881,7.738349852779278,7.223705351625269,32271,0.7611477797403241,6.599730741581521,7.4054452408974125,6.88977719934307,93,0.11827956989247312,24.362835822646673,123.25625017578646,123.09677419354838,7790,0.0,27.631021115928544,28.275316734288428,26.950577663671375,24574,1.0,0.0,1.2280962511289055,0.9702531130463189,19544,0.6056078591895211,10.897457570690609,11.764700639917274,11.376381498158002,0.36475547520067014,0.556619959003001,"[""y@t"", ""level_throughput_3@t"", ""data_quality_1@t+h"", ""y@t-1""]",4,50,1250000.0,1310,0.0621369422815474,7.223705351625263,11.376381498158002,,
"ar_order=2,horizon=10,level=True,n_bins=50,other_lags=2",model,3,97439,32364,0.8263811642565814,0.5794913779132901,7.69226909851595,7.416034726608084,32271,0.8284218028570544,0.5594496285923447,7.3678993334897145,7.091297288894303,93,0.11827956989247312,7.533978392281394,120.24857756261903,120.09992561329027,6698,0.29098238280083605,2.1541772735777815,24.837745927506706,24.386445496117126,25666,0.9661030156627445,0.16854903671634622,3.2178514330994408,2.987303668625869,18988,0.7200337054982094,0.8808720808433594,10.228500013691955,9.995129981421437,0.3176674212795687,0.8529829999970389,"[""y@t"", ""level_throughput_3@t"", ""data_quality_1@t+h"", ""rps@t+h""]",4,50,1250000.0,1084,0.07316771721666049,7.401989865282412,11.982989256372445,,
"ar_order=2,horizon=10,level=True,n_bins=50,other_lags=2",ar,3,97439,32364,0.8139290569768879,0.6538497457118749,7.979911645826812,7.373912666438257,32271,0.8159338105419727,0.6328105098055898,7.632399476551577,7.024872331852912,93,0.11827956989247312,7.954464605192851,128.56663438433333,128.4909087675534,6698,0.16736339205733056,2.3622840942243877,27.631337567561967,26.620698414966558,25666,0.9826618873217486,0.20800336270179143,2.851521915296848,2.3511209987205555,18988,0.6922266694754582,0.9916186074665639,11.01243432408224,10.394866722332566,0.3301581833050527,0.8529829999970389,"[""y@t"", ""level_throughput_3@t"", ""data_quality_1@t+h"", ""rps@t+h""]",4,50,1250000.0,1084,0.07316771721666049,7.401989865282412,11.982989256372445,,
"ar_order=2,horizon=10,level=True,n_bins=50,other_lags=2",persistence,3,97439,32364,0.793041651217402,5.71847050532967,8.039611880070689,7.4019898652824185,32271,0.7949862105295776,5.66474034591377,7.6899371111974615,7.050695671035921,93,0.11827956989247312,24.36283582264667,129.37675667908022,129.30107526881721,6698,0.0,27.63102111592855,33.30966856991634,32.08375634517766,25666,1.0,0.0,1.444940341514382,0.9608431387828351,18988,0.651569412260375,9.627492927268973,12.507917616247278,11.982989256372445,0.3679411949499018,0.8529829999970389,"[""y@t"", ""level_throughput_3@t"", ""data_quality_1@t+h"", ""rps@t+h""]",4,50,1250000.0,1084,0.07316771721666049,7.401989865282412,11.982989256372445,,
"ar_order=2,horizon=10,level=True,n_bins=50,other_lags=2",model,4,129803,32712,0.854457079970653,0.4606149908739324,5.944268602601022,5.834585529166642,32618,0.8564596235207554,0.436488246486709,5.664428488559198,5.554436286051389,94,0.1595744680851064,8.832595293240443,103.04878817511444,103.04637289015969,6017,0.378095396376932,1.8398751425520423,20.28669631297333,20.088983261967062,26695,0.9618280576887057,0.14973249105571976,2.7115138720031515,2.6216725807395913,17102,0.7464624020582388,0.7491295934400397,8.352148030996931,8.344283403031042,0.3762391999984284,1.3732180829974823,"[""y@t"", ""level_throughput_3@t"", ""y@t-1""]",3,50,125000.0,1358,0.004065786255808266,5.689410613842015,10.316044907028418,,
"ar_order=2,horizon=10,level=True,n_bins=50,other_lags=2",ar,4,129803,32712,0.8307960381511372,0.5546280272583572,6.856896218584102,6.271347601700605,32618,0.8327303942608376,0.5344287426445996,6.579390791226314,5.9923733493313005,94,0.1595744680851064,7.563779788232313,103.15127951173716,103.07541317384944,6017,0.1425959780621572,2.2562739608734073,24.252449820268826,22.700447076133184,26695,0.9859149653493163,0.17108041225323428,2.9359729737316225,2.568261198341894,17102,0.6859431645421588,0.9319223159222578,9.913216150272723,9.177744447301281,0.36087018365876256,1.3732180829974823,"[""y@t"", ""level_throughput_3@t"", ""y@t-1""]",3,50,125000.0,1358,0.004065786255808266,5.689410613842015,10.316044907028418,,
"ar_order=2,horizon=10,level=True,n_bins=50,other_lags=2",persistence,4,129803,32712,0.8160613842015163,5.082411777162573,6.297285703981765,5.689410613842017,32618,0.8179532773315348,5.030136838137952,6.018225098120195,5.408823349071067,94,0.1595744680851064,23.221815618705904,103.13131593794652,103.05319148936171,6017,0.0,27.63102111592855,28.83027018413088,27.09938507561908,26695,1.0,0.0,1.218395738929986,0.8636448773178509,17102,0.6527891474681324,9.593790397987586,10.926536055753484,10.316044907028418,0.39898295907998427,1.3732180829974823,"[""y@t"", ""level_throughput_3@t"", ""y@t-1""]",3,50,125000.0,1358,0.004065786255808266,5.689410613842015,10.316044907028418,,
"ar_order=2,horizon=10,level=True,n_bins=50,other_lags=2",model,5,162515,32364,0.8683104684217031,0.44877069152899773,4.791840661667963,4.635713300225912,32271,0.8703479904558272,0.42406605869303476,4.494899642232427,4.339161039636009,93,0.16129032258064516,9.021278285608167,107.83037440579866,107.53934772492258,5561,0.3891386441287538,1.8651829538692444,16.9079289931085,16.692628122141315,26803,0.9677274931910607,0.15489804328536416,2.2780337291924626,2.134183496671401,18960,0.7927742616033755,0.6595351895210421,6.095767103728651,6.076088754550889,0.42525203788557026,2.098327125000651,"[""y@t"", ""level_throughput_3@t"", ""buffer_size_3@t-1"", ""buffer_size_3@t""]",4,50,3610000.0,2945,0.025985663082437275,4.902484241750093,7.830432489451477,,
"ar_order=2,horizon=10,level=True,n_bins=50,other_lags=2",ar,5,162515,32364,0.8380608083055247,0.5664234911354826,6.172753366762005,5.515539076302235,32271,0.8400421431006166,0.5471507703910458,5.8776582829258865,5.2195171048423,93,0.15053763440860216,7.254057589455053,108.5707474578952,108.23516317289986,5561,0.14260025175328178,2.331240306068148,21.698608791098174,20.38668170253819,26803,0.9823527217102563,0.20026498992888062,2.951498954392739,2.430122363826089,18960,0.7321729957805907,0.855020655055372,7.769266975370497,7.060080377626345,0.40703805254100606,2.098327125000651,"[""y@t"", ""level_throughput_3@t"", ""buffer_size_3@t-1"", ""buffer_size_3@t""]",4,50,3610000.0,2945,0.025985663082437275,4.902484241750093,7.830432489451477,,
"ar_order=2,horizon=10,level=True,n_bins=50,other_lags=2",persistence,5,162515,32364,0.8281732789519219,4.7477477575602105,5.527692832431969,4.902484241750095,32271,0.8301571070000929,4.6929325628708245,5.2265585510663515,4.600570171361286,93,0.13978494623655913,23.76862031477724,110.0212884663008,109.66666666666667,5561,0.0,27.631021115928554,25.214567808741524,23.732961697536414,26803,1.0,0.0,1.4431235027577742,0.9955975077416729,18960,0.7109177215189874,7.987638540949598,8.341710472135828,7.830432489451477,0.4417490206365514,2.098327125000651,"[""y@t"", ""level_throughput_3@t"", ""buffer_size_3@t-1"", ""buffer_size_3@t""]",4,50,3610000.0,2945,0.025985663082437275,4.902484241750093,7.830432489451477,,
"ar_order=2,forced=('y@t', 'level_throughput_3@t'),horizon=10,level=True,n_bins=50,other_lags=2",model,1,32363,32712,0.8206468574223527,0.7658751727199257,7.932881763080352,7.617479153644362,32618,0.822613281010485,0.740544480570749,7.6474833746727064,7.3303680763296715,94,0.13829787234042554,9.55562534848421,106.96612254053363,107.24502298184163,6192,0.2172157622739018,2.638719941044873,25.643242039965042,24.702602267592102,26520,0.9615384615384616,0.3285955797535577,3.797793119246643,3.628373485410408,18001,0.6913504805288595,1.2083374415732837,10.901067778111015,10.567127326180941,0.2626725165051645,0.187817834004818,"[""y@t"", ""level_throughput_3@t"", ""buffer_size_3@t"", ""data_quality_2@t+h""]",4,50,975000.0,941,0.38744191733920275,5.172169234531671,8.83206488528415,,
"ar_order=2,forced=('y@t', 'level_throughput_3@t'),horizon=10,level=True,n_bins=50,other_lags=2",ar,1,32363,32712,0.8108950843727073,0.7735267710782402,7.4956277171004935,7.045984710987607,32618,0.8128334048684775,0.7499316704188455,7.205232821092244,6.753499415916935,94,0.13829787234042554,8.9610266998882,108.26265663196297,108.53838210051086,6192,0.13065245478036175,2.8130213324722577,26.296208774569404,24.997060590478302,26520,0.9697209653092006,0.29733709068036085,3.105989786940331,2.8546927861834455,18001,0.6672962613188156,1.2597890802394887,10.875593953480989,10.390129074158514,0.25545047109229757,0.187817834004818,"[""y@t"", ""level_throughput_3@t"", ""buffer_size_3@t"", ""data_quality_2@t+h""]",4,50,975000.0,941,0.38744191733920275,5.172169234531671,8.83206488528415,,
"ar_order=2,forced=('y@t', 'level_throughput_3@t'),horizon=10,level=True,n_bins=50,other_lags=2",persistence,1,32363,32712,0.8107116654438739,5.23022996911927,5.586978365087088,5.1721692345316725,32618,0.8126801152737753,5.175839690303618,5.290949686944865,4.874179900668344,94,0.1276595744680851,24.103656718150432,108.30892968043825,108.57446808510639,6192,0.0,27.63102111592855,24.71969806358756,23.38969638242894,26520,1.0,0.0,1.1197913223602802,0.9186651583710418,18001,0.660574412532637,9.378675574597157,9.139966790761797,8.83206488528415,0.34751625452881396,0.187817834004818,"[""y@t"", ""level_throughput_3@t"", ""buffer_size_3@t"", ""data_quality_2@t+h""]",4,50,975000.0,941,0.38744191733920275,5.172169234531671,8.83206488528415,,
"ar_order=2,forced=('y@t', 'level_throughput_3@t'),horizon=10,level=True,n_bins=50,other_lags=2",model,2,65075,32364,0.7951118526758126,0.6476811992524093,7.921311411735761,7.924506641025433,32271,0.7970623779864274,0.6282963738069254,7.610552956385095,7.614199019449212,93,0.11827956989247312,7.374215628835356,115.7544954184167,115.60125132797373,7790,0.33709884467265727,2.007855806409012,24.07144234058493,23.79785062112263,24574,0.9403027590135916,0.21650352407743018,2.80169230472286,2.8926294698299753,19544,0.6859905853458862,0.9560880383000572,10.821440785958629,10.93998956469585,0.2922918915782688,0.3501118749991292,"[""y@t"", ""level_throughput_3@t"", ""data_quality_1@t+h"", ""y@t-1""]",4,50,1250000.0,1310,0.0621369422815474,7.223705351625263,11.376381498158002,,
"ar_order=2,forced=('y@t', 'level_throughput_3@t'),horizon=10,level=True,n_bins=50,other_lags=2",ar,2,65075,32364,0.7725250278086763,0.7450099258603528,8.484571476193961,8.052658934411088,32271,0.7744104614049766,0.7246182016440772,8.154431173486131,7.721700858324873,93,0.11827956989247312,7.820938228907942,123.04325651581155,122.89511133632787,7790,0.13953786906290117,2.4252202265534035,26.508960615904517,25.434735097813203,24574,0.9731830389842924,0.21238038885380645,2.770809312999317,2.5425110824983967,19544,0.6327773229635694,1.1252154103977536,11.83915418448644,11.449711238466907,0.28029317771383827,0.3501118749991292,"[""y@t"", ""level_throughput_3@t"", ""data_quality_1@t+h"", ""y@t-1""]",4,50,1250000.0,1310,0.0621369422815474,7.223705351625263,11.376381498158002,,
"ar_order=2,forced=('y@t', 'level_throughput_3@t'),horizon=10,level=True,n_bins=50,other_lags=2",persistence,2,65075,32364,0.7593004572982326,6.650774146986881,7.738349852779278,7.223705351625269,32271,0.7611477797403241,6.599730741581521,7.4054452408974125,6.88977719934307,93,0.11827956989247312,24.362835822646673,123.25625017578646,123.09677419354838,7790,0.0,27.631021115928544,28.275316734288428,26.950577663671375,24574,1.0,0.0,1.2280962511289055,0.9702531130463189,19544,0.6056078591895211,10.897457570690609,11.764700639917274,11.376381498158002,0.36475547520067014,0.3501118749991292,"[""y@t"", ""level_throughput_3@t"", ""data_quality_1@t+h"", ""y@t-1""]",4,50,1250000.0,1310,0.0621369422815474,7.223705351625263,11.376381498158002,,
"ar_order=2,forced=('y@t', 'level_throughput_3@t'),horizon=10,level=True,n_bins=50,other_lags=2",model,3,97439,32364,0.8263811642565814,0.5794913779132901,7.69226909851595,7.416034726608084,32271,0.8284218028570544,0.5594496285923447,7.3678993334897145,7.091297288894303,93,0.11827956989247312,7.533978392281394,120.24857756261903,120.09992561329027,6698,0.29098238280083605,2.1541772735777815,24.837745927506706,24.386445496117126,25666,0.9661030156627445,0.16854903671634622,3.2178514330994408,2.987303668625869,18988,0.7200337054982094,0.8808720808433594,10.228500013691955,9.995129981421437,0.3176674212795687,0.5215345000033267,"[""y@t"", ""level_throughput_3@t"", ""data_quality_1@t+h"", ""rps@t+h""]",4,50,1250000.0,1084,0.07316771721666049,7.401989865282412,11.982989256372445,,
"ar_order=2,forced=('y@t', 'level_throughput_3@t'),horizon=10,level=True,n_bins=50,other_lags=2",ar,3,97439,32364,0.8139290569768879,0.6538497457118749,7.979911645826812,7.373912666438257,32271,0.8159338105419727,0.6328105098055898,7.632399476551577,7.024872331852912,93,0.11827956989247312,7.954464605192851,128.56663438433333,128.4909087675534,6698,0.16736339205733056,2.3622840942243877,27.631337567561967,26.620698414966558,25666,0.9826618873217486,0.20800336270179143,2.851521915296848,2.3511209987205555,18988,0.6922266694754582,0.9916186074665639,11.01243432408224,10.394866722332566,0.3301581833050527,0.5215345000033267,"[""y@t"", ""level_throughput_3@t"", ""data_quality_1@t+h"", ""rps@t+h""]",4,50,1250000.0,1084,0.07316771721666049,7.401989865282412,11.982989256372445,,
"ar_order=2,forced=('y@t', 'level_throughput_3@t'),horizon=10,level=True,n_bins=50,other_lags=2",persistence,3,97439,32364,0.793041651217402,5.71847050532967,8.039611880070689,7.4019898652824185,32271,0.7949862105295776,5.66474034591377,7.6899371111974615,7.050695671035921,93,0.11827956989247312,24.36283582264667,129.37675667908022,129.30107526881721,6698,0.0,27.63102111592855,33.30966856991634,32.08375634517766,25666,1.0,0.0,1.444940341514382,0.9608431387828351,18988,0.651569412260375,9.627492927268973,12.507917616247278,11.982989256372445,0.3679411949499018,0.5215345000033267,"[""y@t"", ""level_throughput_3@t"", ""data_quality_1@t+h"", ""rps@t+h""]",4,50,1250000.0,1084,0.07316771721666049,7.401989865282412,11.982989256372445,,
"ar_order=2,forced=('y@t', 'level_throughput_3@t'),horizon=10,level=True,n_bins=50,other_lags=2",model,4,129803,32712,0.854457079970653,0.4606149908739324,5.944268602601022,5.834585529166642,32618,0.8564596235207554,0.436488246486709,5.664428488559198,5.554436286051389,94,0.1595744680851064,8.832595293240443,103.04878817511444,103.04637289015969,6017,0.378095396376932,1.8398751425520423,20.28669631297333,20.088983261967062,26695,0.9618280576887057,0.14973249105571976,2.7115138720031515,2.6216725807395913,17102,0.7464624020582388,0.7491295934400397,8.352148030996931,8.344283403031042,0.3762391999984284,0.882013458001893,"[""y@t"", ""level_throughput_3@t"", ""y@t-1""]",3,50,125000.0,1358,0.004065786255808266,5.689410613842015,10.316044907028418,,
"ar_order=2,forced=('y@t', 'level_throughput_3@t'),horizon=10,level=True,n_bins=50,other_lags=2",ar,4,129803,32712,0.8307960381511372,0.5546280272583572,6.856896218584102,6.271347601700605,32618,0.8327303942608376,0.5344287426445996,6.579390791226314,5.9923733493313005,94,0.1595744680851064,7.563779788232313,103.15127951173716,103.07541317384944,6017,0.1425959780621572,2.2562739608734073,24.252449820268826,22.700447076133184,26695,0.9859149653493163,0.17108041225323428,2.9359729737316225,2.568261198341894,17102,0.6859431645421588,0.9319223159222578,9.913216150272723,9.177744447301281,0.36087018365876256,0.882013458001893,"[""y@t"", ""level_throughput_3@t"", ""y@t-1""]",3,50,125000.0,1358,0.004065786255808266,5.689410613842015,10.316044907028418,,
"ar_order=2,forced=('y@t', 'level_throughput_3@t'),horizon=10,level=True,n_bins=50,other_lags=2",persistence,4,129803,32712,0.8160613842015163,5.082411777162573,6.297285703981765,5.689410613842017,32618,0.8179532773315348,5.030136838137952,6.018225098120195,5.408823349071067,94,0.1595744680851064,23.221815618705904,103.13131593794652,103.05319148936171,6017,0.0,27.63102111592855,28.83027018413088,27.09938507561908,26695,1.0,0.0,1.218395738929986,0.8636448773178509,17102,0.6527891474681324,9.593790397987586,10.926536055753484,10.316044907028418,0.39898295907998427,0.882013458001893,"[""y@t"", ""level_throughput_3@t"", ""y@t-1""]",3,50,125000.0,1358,0.004065786255808266,5.689410613842015,10.316044907028418,,
"ar_order=2,forced=('y@t', 'level_throughput_3@t'),horizon=10,level=True,n_bins=50,other_lags=2",model,5,162515,32364,0.8683104684217031,0.44877069152899773,4.791840661667963,4.635713300225912,32271,0.8703479904558272,0.42406605869303476,4.494899642232427,4.339161039636009,93,0.16129032258064516,9.021278285608167,107.83037440579866,107.53934772492258,5561,0.3891386441287538,1.8651829538692444,16.9079289931085,16.692628122141315,26803,0.9677274931910607,0.15489804328536416,2.2780337291924626,2.134183496671401,18960,0.7927742616033755,0.6595351895210421,6.095767103728651,6.076088754550889,0.42525203788557026,1.4299807499992312,"[""y@t"", ""level_throughput_3@t"", ""buffer_size_3@t-1"", ""buffer_size_3@t""]",4,50,3610000.0,2945,0.025985663082437275,4.902484241750093,7.830432489451477,,
"ar_order=2,forced=('y@t', 'level_throughput_3@t'),horizon=10,level=True,n_bins=50,other_lags=2",ar,5,162515,32364,0.8380608083055247,0.5664234911354826,6.172753366762005,5.515539076302235,32271,0.8400421431006166,0.5471507703910458,5.8776582829258865,5.2195171048423,93,0.15053763440860216,7.254057589455053,108.5707474578952,108.23516317289986,5561,0.14260025175328178,2.331240306068148,21.698608791098174,20.38668170253819,26803,0.9823527217102563,0.20026498992888062,2.951498954392739,2.430122363826089,18960,0.7321729957805907,0.855020655055372,7.769266975370497,7.060080377626345,0.40703805254100606,1.4299807499992312,"[""y@t"", ""level_throughput_3@t"", ""buffer_size_3@t-1"", ""buffer_size_3@t""]",4,50,3610000.0,2945,0.025985663082437275,4.902484241750093,7.830432489451477,,
"ar_order=2,forced=('y@t', 'level_throughput_3@t'),horizon=10,level=True,n_bins=50,other_lags=2",persistence,5,162515,32364,0.8281732789519219,4.7477477575602105,5.527692832431969,4.902484241750095,32271,0.8301571070000929,4.6929325628708245,5.2265585510663515,4.600570171361286,93,0.13978494623655913,23.76862031477724,110.0212884663008,109.66666666666667,5561,0.0,27.631021115928554,25.214567808741524,23.732961697536414,26803,1.0,0.0,1.4431235027577742,0.9955975077416729,18960,0.7109177215189874,7.987638540949598,8.341710472135828,7.830432489451477,0.4417490206365514,1.4299807499992312,"[""y@t"", ""level_throughput_3@t"", ""buffer_size_3@t-1"", ""buffer_size_3@t""]",4,50,3610000.0,2945,0.025985663082437275,4.902484241750093,7.830432489451477,,
"ar_order=2,dynotears_lambda=0.002,engine=dynotears,other_lags=2",model,1,33200,33558,0.8856010489302104,0.4102191474071156,8.051062926353433,5.536895782122674,33464,0.8875806837198184,0.3869825079304984,7.770626751697672,5.249733498737347,94,0.18085106382978725,8.682462801082872,107.8863411038041,107.76666866729897,3874,0.13242127000516263,2.8212400000443147,30.53025886323382,28.149562151526087,29684,0.9838970489152405,0.09556159508544375,5.117347623177493,2.585761517364931,18060,0.799390919158361,0.6743687259918539,12.21658884597097,8.683850804095837,0.4724995713909841,0.4897421670029871,"[""y@t"", ""y@t-1"", ""throughput_2@t-1"", ""avg_p_latency_2@t""]",4,20,128000.0,532,0.2065975326300733,3.7463794028249597,6.396179401993355,"{""y@t-1"": 0.228, ""throughput_2@t-1"": 0.1533, ""avg_p_latency_2@t"": 0.0357, ""data_quality_2@t+h"": 0.0106, ""avg_p_latency_3@t"": 0.0051, ""buffer_size_3@t-1"": 0.003, ""data_quality_1@t+h"": 0.0025}","{""avg_p_latency_2"": 0.0247, ""buffer_size_2"": 0.0036, ""throughput_1"": 0.0033, ""throughput_2"": 0.1917}"
"ar_order=2,dynotears_lambda=0.002,engine=dynotears,other_lags=2",ar,1,33200,33558,0.8819059538709101,0.4777335028605528,8.61029794053164,5.300609188820495,33464,0.8838752091800144,0.45982356174265077,8.329286451148281,5.0107707895337406,94,0.18085106382978725,6.853672540833671,108.65038816100729,108.4830793349049,3874,0.003355704697986577,3.3405799227169575,32.63938423751866,27.516653811619506,29684,0.9965638054170597,0.10410909137545254,5.474309518670445,2.4012372420234533,18060,0.7851605758582503,0.8039818816755522,13.10891175372398,8.392361032128361,0.4691937073063387,0.4897421670029871,"[""y@t"", ""y@t-1"", ""throughput_2@t-1"", ""avg_p_latency_2@t""]",4,20,128000.0,532,0.2065975326300733,3.7463794028249597,6.396179401993355,"{""y@t-1"": 0.228, ""throughput_2@t-1"": 0.1533, ""avg_p_latency_2@t"": 0.0357, ""data_quality_2@t+h"": 0.0106, ""avg_p_latency_3@t"": 0.0051, ""buffer_size_3@t-1"": 0.003, ""data_quality_1@t+h"": 0.0025}","{""avg_p_latency_2"": 0.0247, ""buffer_size_2"": 0.0036, ""throughput_1"": 0.0033, ""throughput_2"": 0.1917}"
"ar_order=2,dynotears_lambda=0.002,engine=dynotears,other_lags=2",persistence,1,33200,33558,0.8845580785505691,3.1897781692325884,7.394205022466637,3.746379402824963,33464,0.8865347836480995,3.135159788942765,7.10952680694479,3.451918479560127,94,0.18085106382978725,22.63392155240955,108.73964974824423,108.57446808510639,3874,0.0,27.631021115928547,29.16372546845772,23.207279297883325,29684,1.0,0.0,4.553108060878932,1.2065759331626495,18060,0.7897563676633444,5.809246244583649,10.902174354985323,6.396179401993355,0.55425458897833,0.4897421670029871,"[""y@t"", ""y@t-1"", ""throughput_2@t-1"", ""avg_p_latency_2@t""]",4,20,128000.0,532,0.2065975326300733,3.7463794028249597,6.396179401993355,"{""y@t-1"": 0.228, ""throughput_2@t-1"": 0.1533, ""avg_p_latency_2@t"": 0.0357, ""data_quality_2@t+h"": 0.0106, ""avg_p_latency_3@t"": 0.0051, ""buffer_size_3@t-1"": 0.003, ""data_quality_1@t+h"": 0.0025}","{""avg_p_latency_2"": 0.0247, ""buffer_size_2"": 0.0036, ""throughput_1"": 0.0033, ""throughput_2"": 0.1917}"
"ar_order=2,dynotears_lambda=0.002,engine=dynotears,other_lags=2",model,2,66758,33201,0.8894611608084094,0.3510408228414175,8.915733879637576,7.210980684181786,33108,0.8914159719705207,0.3310044117131528,8.595346600578784,6.8869949891341005,93,0.1935483870967742,7.484003184503639,122.97360522456776,122.54988812115835,4981,0.5470788998193133,1.6395423097385102,27.48088793815232,29.570345449365963,28220,0.9498936924167257,0.12361254834693061,5.638872350032261,3.2644181081583143,19603,0.8390552466459216,0.5180640777849116,12.246615564591751,10.671562890710225,0.5700637838522394,0.2580411250019097,"[""y@t"", ""y@t-1"", ""throughput_2@t-1"", ""throughput_2@t""]",4,20,160000.0,563,0.059998192825517306,5.354266437757899,8.484364638065601,"{""y@t-1"": 0.3893, ""throughput_2@t-1"": 0.1157, ""throughput_2@t"": 0.0537, ""avg_p_latency_2@t"": 0.0219, ""data_quality_2@t+h"": 0.0108, ""avg_p_latency_3@t-1"": 0.0055, ""buffer_size_3@t-1"": 0.0034, ""cores_3@t+h"": 0.0023, ""data_quality_1@t+h"": 0.0013}","{""avg_p_latency_2"": 0.0134, ""buffer_size_2"": 0.0018, ""throughput_1"": 0.0036, ""throughput_2"": 0.1033}"
"ar_order=2,dynotears_lambda=0.002,engine=dynotears,other_lags=2",ar,2,66758,33201,0.8436191680973465,0.5434225234202867,10.096753486991439,7.181684186221462,33108,0.8455056179775281,0.5273837167019639,9.779584889827792,6.857337189192314,93,0.17204301075268819,6.253237715143258,123.0087740772498,122.64921512859874,4981,0.05641437462356957,2.75909409598661,34.326933551813134,28.85991928823819,28220,0.9825655563430191,0.15234314344321906,5.8199807406102595,3.355345098937787,19603,0.7404989032290976,0.839777662211623,14.206275315741317,10.386683043277893,0.5198786733587312,0.2580411250019097,"[""y@t"", ""y@t-1"", ""throughput_2@t-1"", ""throughput_2@t""]",4,20,160000.0,563,0.059998192825517306,5.354266437757899,8.484364638065601,"{""y@t-1"": 0.3893, ""throughput_2@t-1"": 0.1157, ""throughput_2@t"": 0.0537, ""avg_p_latency_2@t"": 0.0219, ""data_quality_2@t+h"": 0.0108, ""avg_p_latency_3@t-1"": 0.0055, ""buffer_size_3@t-1"": 0.0034, ""cores_3@t+h"": 0.0023, ""data_quality_1@t+h"": 0.0013}","{""avg_p_latency_2"": 0.0134, ""buffer_size_2"": 0.0018, ""throughput_1"": 0.0036, ""throughput_2"": 0.1033}"
"ar_order=2,dynotears_lambda=0.002,engine=dynotears,other_lags=2",persistence,2,66758,33201,0.8499743983614951,4.145360566803412,8.940786293295337,5.354266437757899,33108,0.8518787000120817,4.092742767684959,8.618797791596613,5.023529056421409,93,0.17204301075268819,22.87729705297309,123.56869289804204,123.09677419354838,4981,0.0,27.63102111592855,34.24393720648847,27.862678177072876,28220,1.0,0.0,4.47462772849679,1.3813961729270023,19603,0.7498342090496353,6.912336252232495,12.565382889758968,8.484364638065601,0.5637764253923089,0.2580411250019097,"[""y@t"", ""y@t-1"", ""throughput_2@t-1"", ""throughput_2@t""]",4,20,160000.0,563,0.059998192825517306,5.354266437757899,8.484364638065601,"{""y@t-1"": 0.3893, ""throughput_2@t-1"": 0.1157, ""throughput_2@t"": 0.0537, ""avg_p_latency_2@t"": 0.0219, ""data_quality_2@t+h"": 0.0108, ""avg_p_latency_3@t-1"": 0.0055, ""buffer_size_3@t-1"": 0.0034, ""cores_3@t+h"": 0.0023, ""data_quality_1@t+h"": 0.0013}","{""avg_p_latency_2"": 0.0134, ""buffer_size_2"": 0.0018, ""throughput_1"": 0.0036, ""throughput_2"": 0.1033}"
"ar_order=2,dynotears_lambda=0.002,engine=dynotears,other_lags=2",model,3,99959,33201,0.8848227463028222,0.35603849292917356,7.593682513093334,5.877984499087666,33108,0.8868249365712214,0.33669250396435857,7.253590855141921,5.534712447058866,93,0.17204301075268819,7.243210564403305,128.66631274379614,128.0828350213402,3984,0.2033132530120482,2.0425438890810876,27.63782459916667,26.238802123686426,29217,0.977752678235274,0.1260683557395502,4.860483961876023,3.10160439789995,19017,0.8115896303307567,0.5240161127274552,9.935555004212084,7.789241292162879,0.5444217371930047,0.2480731250034296,"[""y@t"", ""y@t-1"", ""avg_p_latency_3@t-1"", ""avg_p_latency_2@t""]",4,20,72800.0,1319,0.11117135026053432,5.404445649227433,8.803070936530473,"{""y@t-1"": 0.4773, ""avg_p_latency_3@t-1"": 0.0549, ""avg_p_latency_2@t"": 0.0385, ""data_quality_2@t+h"": 0.0213, ""avg_p_latency_3@t"": 0.021, ""buffer_size_3@t-1"": 0.0032, ""data_quality_1@t+h"": 0.0029, ""throughput_2@t"": 0.002, ""cores_3@t+h"": 0.0017}","{""avg_p_latency_2"": 0.0219, ""avg_p_latency_3"": 0.0712, ""throughput_2"": 0.0434}"
"ar_order=2,dynotears_lambda=0.002,engine=dynotears,other_lags=2",ar,3,99959,33201,0.8807264841420439,0.4152101620236462,8.60458532095995,5.924907938176801,33108,0.8827171680560589,0.3986396842253607,8.267278403133488,5.5815259174402705,93,0.17204301075268819,6.314300258213269,128.6858480671795,128.16890732038203,3984,0.011295180722891566,2.57649336844285,37.154802077166856,32.31748213838682,29217,0.999281240373755,0.12049981207758359,4.711507196692284,2.326043728516783,19017,0.7959194405006047,0.6411637119877113,12.113813805183918,8.570354382658012,0.5368343911084472,0.2480731250034296,"[""y@t"", ""y@t-1"", ""avg_p_latency_3@t-1"", ""avg_p_latency_2@t""]",4,20,72800.0,1319,0.11117135026053432,5.404445649227433,8.803070936530473,"{""y@t-1"": 0.4773, ""avg_p_latency_3@t-1"": 0.0549, ""avg_p_latency_2@t"": 0.0385, ""data_quality_2@t+h"": 0.0213, ""avg_p_latency_3@t"": 0.021, ""buffer_size_3@t-1"": 0.0032, ""data_quality_1@t+h"": 0.0029, ""throughput_2@t"": 0.002, ""cores_3@t+h"": 0.0017}","{""avg_p_latency_2"": 0.0219, ""avg_p_latency_3"": 0.0712, ""throughput_2"": 0.0434}"
"ar_order=2,dynotears_lambda=0.002,engine=dynotears,other_lags=2",persistence,3,99959,33201,0.8800036143489653,3.3156226657588426,8.698165932516215,5.404445649227441,33108,0.8819922677298538,3.260674142199252,8.358654937640674,5.056421408722975,93,0.17204301075268819,22.8772970529731,129.56408010820866,129.30107526881721,3984,0.0,27.631021115928544,40.84398394812176,35.76355421686747,29217,1.0,0.0,4.314795327246251,1.2647089023513796,19017,0.7945522427301888,5.676731319342316,12.653398150782726,8.803070936530473,0.5476702659365773,0.2480731250034296,"[""y@t"", ""y@t-1"", ""avg_p_latency_3@t-1"", ""avg_p_latency_2@t""]",4,20,72800.0,1319,0.11117135026053432,5.404445649227433,8.803070936530473,"{""y@t-1"": 0.4773, ""avg_p_latency_3@t-1"": 0.0549, ""avg_p_latency_2@t"": 0.0385, ""data_quality_2@t+h"": 0.0213, ""avg_p_latency_3@t"": 0.021, ""buffer_size_3@t-1"": 0.0032, ""data_quality_1@t+h"": 0.0029, ""throughput_2@t"": 0.002, ""cores_3@t+h"": 0.0017}","{""avg_p_latency_2"": 0.0219, ""avg_p_latency_3"": 0.0712, ""throughput_2"": 0.0434}"
"ar_order=2,dynotears_lambda=0.002,engine=dynotears,other_lags=2",model,4,133160,33558,0.8743667679837892,0.3931187027850399,6.355717091285843,5.248455299026405,33464,0.8762251972268706,0.37408686896557636,6.08334012205971,4.974071931974555,94,0.2127659574468085,7.168451542514079,103.32191813578898,102.92893396948489,4459,0.15698587127158556,2.1835137174369894,22.393911586824878,20.661159911887538,29099,0.9842949929550844,0.11876661610394978,3.898096236424556,2.8866817030695753,17285,0.7692218686722592,0.6560621210085503,9.459658785362715,7.768520204532818,0.5582565081360272,0.43278095799905714,"[""y@t"", ""y@t-1"", ""avg_p_latency_3@t-1"", ""avg_p_latency_2@t""]",4,20,67200.0,1404,0.10140652005483045,4.437451576375231,8.05467168064796,"{""y@t-1"": 0.4637, ""avg_p_latency_3@t-1"": 0.0674, ""avg_p_latency_2@t"": 0.0435, ""data_quality_2@t+h"": 0.0353, ""avg_p_latency_3@t"": 0.0266, ""throughput_2@t-1"": 0.0097, ""data_quality_2@t-1"": 0.008, ""data_quality_2@t"": 0.008, ""avg_p_latency_2@t-1"": 0.0055, ""data_quality_1@t+h"": 0.0032, ""data_quality_3@t+h"": 0.003, ""buffer_size_3@t-1"": 0.0026}","{""avg_p_latency_2"": 0.0337, ""avg_p_latency_3"": 0.0904, ""throughput_2"": 0.0537}"
"ar_order=2,dynotears_lambda=0.002,engine=dynotears,other_lags=2",ar,4,133160,33558,0.867334167709637,0.47419353471077536,7.717485375344566,5.118505375471822,33464,0.8691728424575663,0.45908865377896074,7.450292960902962,4.845216536025585,94,0.2127659574468085,5.851531146436788,102.83798491655541,102.40933221833271,4459,0.002018389773491814,2.8090103091552914,30.454341535153254,23.642509962068555,29099,0.9999312691157771,0.1164167039864172,4.233391708325529,2.27997015255575,17285,0.7467746601099219,0.826318302543131,11.860660526984304,7.828933864776468,0.549607530671871,0.43278095799905714,"[""y@t"", ""y@t-1"", ""avg_p_latency_3@t-1"", ""avg_p_latency_2@t""]",4,20,67200.0,1404,0.10140652005483045,4.437451576375231,8.05467168064796,"{""y@t-1"": 0.4637, ""avg_p_latency_3@t-1"": 0.0674, ""avg_p_latency_2@t"": 0.0435, ""data_quality_2@t+h"": 0.0353, ""avg_p_latency_3@t"": 0.0266, ""throughput_2@t-1"": 0.0097, ""data_quality_2@t-1"": 0.008, ""data_quality_2@t"": 0.008, ""avg_p_latency_2@t-1"": 0.0055, ""data_quality_1@t+h"": 0.0032, ""data_quality_3@t+h"": 0.003, ""buffer_size_3@t-1"": 0.0026}","{""avg_p_latency_2"": 0.0337, ""avg_p_latency_3"": 0.0904, ""throughput_2"": 0.0537}"
"ar_order=2,dynotears_lambda=0.002,engine=dynotears,other_lags=2",persistence,4,133160,33558,0.8671255736337088,3.6714560806938854,7.540421038515548,4.437451576375232,33464,0.8689636624432225,3.6206678099852585,7.270699220351675,4.160441071001675,94,0.2127659574468085,21.752080452965025,103.56138830485425,103.05319148936171,4459,0.0,27.631021115928547,33.87988368484494,26.414218434626598,29099,1.0,0.0,3.5042801422654106,1.0698305783703927,17285,0.7463118310673995,7.009663152637933,12.215279465613198,8.05467168064796,0.5626144568700057,0.43278095799905714,"[""y@t"", ""y@t-1"", ""avg_p_latency_3@t-1"", ""avg_p_latency_2@t""]",4,20,67200.0,1404,0.10140652005483045,4.437451576375231,8.05467168064796,"{""y@t-1"": 0.4637, ""avg_p_latency_3@t-1"": 0.0674, ""avg_p_latency_2@t"": 0.0435, ""data_quality_2@t+h"": 0.0353, ""avg_p_latency_3@t"": 0.0266, ""throughput_2@t-1"": 0.0097, ""data_quality_2@t-1"": 0.008, ""data_quality_2@t"": 0.008, ""avg_p_latency_2@t-1"": 0.0055, ""data_quality_1@t+h"": 0.0032, ""data_quality_3@t+h"": 0.003, ""buffer_size_3@t-1"": 0.0026}","{""avg_p_latency_2"": 0.0337, ""avg_p_latency_3"": 0.0904, ""throughput_2"": 0.0537}"
"ar_order=2,dynotears_lambda=0.002,engine=dynotears,other_lags=2",model,5,166718,33201,0.9091292430950875,0.2967940442184752,6.005683760601955,4.216856940492378,33108,0.9110788933188353,0.2785279828897817,5.7235334343199,3.9271680712499712,93,0.21505376344086022,6.799511877233363,106.45119991701338,107.34609439078928,3717,0.2932472423997848,1.8464682663372787,18.57289634349205,18.527245491375034,29484,0.9867724867724867,0.10142913160093378,4.421355678570938,2.4127694949751204,19062,0.8528485993075228,0.436628517489495,7.82138761931141,5.645437275060877,0.5420501255256961,0.4064906669955235,"[""y@t"", ""y@t-1"", ""avg_p_latency_3@t-1"", ""throughput_2@t-1""]",4,20,88000.0,1158,0.05478750640040963,3.5060389747296767,5.571555975238695,"{""y@t-1"": 0.4699, ""avg_p_latency_3@t-1"": 0.0714, ""throughput_2@t-1"": 0.049, ""avg_p_latency_2@t"": 0.0465, ""data_quality_2@t+h"": 0.0435, ""avg_p_latency_3@t"": 0.031, ""data_quality_2@t-1"": 0.0123, ""data_quality_2@t"": 0.0123, ""data_quality_1@t+h"": 0.0033, ""buffer_size_3@t-1"": 0.0032, ""cores_3@t+h"": 0.003, ""data_quality_3@t+h"": 0.0024}","{""avg_p_latency_2"": 0.0315, ""avg_p_latency_3"": 0.0977, ""throughput_1"": 0.0033, ""throughput_2"": 0.0152}"
"ar_order=2,dynotears_lambda=0.002,engine=dynotears,other_lags=2",ar,5,166718,33201,0.8880756603716755,0.4188306893803547,7.490666278589065,4.644157801557399,33108,0.889996375498369,0.4045165282709333,7.212334517092494,4.355604578102423,93,0.20430107526881722,5.514672044334366,106.57677337136778,107.36910535152882,3717,0.0005380683346785041,2.57538609934103,25.419625740610602,19.677613170107133,29484,0.9999660832994166,0.14695725094514134,5.2303914746162645,2.7489144965479246,19062,0.8089392508655965,0.6366688187201611,9.830079468064495,5.970080386144894,0.5252212425942933,0.4064906669955235,"[""y@t"", ""y@t-1"", ""avg_p_latency_3@t-1"", ""throughput_2@t-1""]",4,20,88000.0,1158,0.05478750640040963,3.5060389747296767,5.571555975238695,"{""y@t-1"": 0.4699, ""avg_p_latency_3@t-1"": 0.0714, ""throughput_2@t-1"": 0.049, ""avg_p_latency_2@t"": 0.0465, ""data_quality_2@t+h"": 0.0435, ""avg_p_latency_3@t"": 0.031, ""data_quality_2@t-1"": 0.0123, ""data_quality_2@t"": 0.0123, ""data_quality_1@t+h"": 0.0033, ""buffer_size_3@t-1"": 0.0032, ""cores_3@t+h"": 0.003, ""data_quality_3@t+h"": 0.0024}","{""avg_p_latency_2"": 0.0315, ""avg_p_latency_3"": 0.0977, ""throughput_1"": 0.0033, ""throughput_2"": 0.0152}"
"ar_order=2,dynotears_lambda=0.002,engine=dynotears,other_lags=2",persistence,5,166718,33201,0.888045540796964,3.0934160262614503,6.951378449275671,3.5060389747296843,33108,0.8899661713181104,3.040347043775755,6.66442668412336,3.207834964359075,93,0.20430107526881722,21.98597379116895,109.10620684349799,109.66666666666667,3717,0.0,27.631021115928544,27.795989945530664,21.478880817863864,29484,1.0,0.0,4.3235321281666,1.240231990231999,19062,0.8088867904731928,5.280653127968089,9.624750764470537,5.571555975238694,0.5719162200398573,0.4064906669955235,"[""y@t"", ""y@t-1"", ""avg_p_latency_3@t-1"", ""throughput_2@t-1""]",4,20,88000.0,1158,0.05478750640040963,3.5060389747296767,5.571555975238695,"{""y@t-1"": 0.4699, ""avg_p_latency_3@t-1"": 0.0714, ""throughput_2@t-1"": 0.049, ""avg_p_latency_2@t"": 0.0465, ""data_quality_2@t+h"": 0.0435, ""avg_p_latency_3@t"": 0.031, ""data_quality_2@t-1"": 0.0123, ""data_quality_2@t"": 0.0123, ""data_quality_1@t+h"": 0.0033, ""buffer_size_3@t-1"": 0.0032, ""cores_3@t+h"": 0.003, ""data_quality_3@t+h"": 0.0024}","{""avg_p_latency_2"": 0.0315, ""avg_p_latency_3"": 0.0977, ""throughput_1"": 0.0033, ""throughput_2"": 0.0152}"
"ar_order=2,dynotears_lambda=0.005,engine=dynotears,other_lags=2",model,1,33200,33558,0.8859884379283628,0.43092147217818005,8.301700772981897,5.780826979113086,33464,0.887939278030122,0.4131612187963589,8.026294413267443,5.498393368022152,94,0.19148936170212766,6.753571676106512,106.34636483132789,106.32719252748505,3874,0.05291688177594218,2.9394947235664715,30.485738530104125,27.400760474989415,29684,0.9947109553968468,0.10353254966510089,5.406505978779918,2.9592523138717133,18060,0.7945182724252492,0.7208543421961019,12.51988413299826,9.003377648369595,0.4740126383931302,0.13663445899874205,"[""y@t"", ""y@t-1"", ""avg_p_latency_3@t"", ""data_quality_1@t+h""]",4,20,48000.0,424,0.3344061028666786,3.7463794028249597,6.396179401993355,"{""y@t-1"": 0.239, ""avg_p_latency_3@t"": 0.0031, ""data_quality_1@t+h"": 0.0019}","{""throughput_1"": 0.0014, ""throughput_2"": 0.0462}"
"ar_order=2,dynotears_lambda=0.005,engine=dynotears,other_lags=2",ar,1,33200,33558,0.8819059538709101,0.4777335028605528,8.61029794053164,5.300609188820495,33464,0.8838752091800144,0.45982356174265077,8.329286451148281,5.0107707895337406,94,0.18085106382978725,6.853672540833671,108.65038816100729,108.4830793349049,3874,0.003355704697986577,3.3405799227169575,32.63938423751866,27.516653811619506,29684,0.9965638054170597,0.10410909137545254,5.474309518670445,2.4012372420234533,18060,0.7851605758582503,0.8039818816755522,13.10891175372398,8.392361032128361,0.4691937073063387,0.13663445899874205,"[""y@t"", ""y@t-1"", ""avg_p_latency_3@t"", ""data_quality_1@t+h""]",4,20,48000.0,424,0.3344061028666786,3.7463794028249597,6.396179401993355,"{""y@t-1"": 0.239, ""avg_p_latency_3@t"": 0.0031, ""data_quality_1@t+h"": 0.0019}","{""throughput_1"": 0.0014, ""throughput_2"": 0.0462}"
"ar_order=2,dynotears_lambda=0.005,engine=dynotears,other_lags=2",persistence,1,33200,33558,0.8845580785505691,3.1897781692325884,7.394205022466637,3.746379402824963,33464,0.8865347836480995,3.135159788942765,7.10952680694479,3.451918479560127,94,0.18085106382978725,22.63392155240955,108.73964974824423,108.57446808510639,3874,0.0,27.631021115928547,29.16372546845772,23.207279297883325,29684,1.0,0.0,4.553108060878932,1.2065759331626495,18060,0.7897563676633444,5.809246244583649,10.902174354985323,6.396179401993355,0.55425458897833,0.13663445899874205,"[""y@t"", ""y@t-1"", ""avg_p_latency_3@t"", ""data_quality_1@t+h""]",4,20,48000.0,424,0.3344061028666786,3.7463794028249597,6.396179401993355,"{""y@t-1"": 0.239, ""avg_p_latency_3@t"": 0.0031, ""data_quality_1@t+h"": 0.0019}","{""throughput_1"": 0.0014, ""throughput_2"": 0.0462}"
"ar_order=2,dynotears_lambda=0.005,engine=dynotears,other_lags=2",model,2,66758,33201,0.8500948766603416,0.4870357191859158,9.18629421782679,7.285720440395706,33108,0.8519995167331159,0.4712686129569571,8.88431229490178,6.979055407962967,93,0.17204301075268819,6.100125536695203,116.6918587791299,116.45847198645092,4981,0.16221642240513953,2.3501250790968182,28.536626501463207,26.26043883075818,28220,0.9715095676824946,0.1581892237317625,5.770844001498194,3.936568338964258,19603,0.7608019180737642,0.734885696850373,12.492347938525649,10.079089559060632,0.520449697608984,0.11780795799859334,"[""y@t"", ""y@t-1"", ""data_quality_2@t+h"", ""avg_p_latency_3@t-1""]",4,20,48000.0,700,0.1763501099364477,5.354266437757899,8.484364638065601,"{""y@t-1"": 0.4027, ""data_quality_2@t+h"": 0.0033, ""avg_p_latency_3@t-1"": 0.003}","{""throughput_1"": 0.0011, ""throughput_2"": 0.0454}"
"ar_order=2,dynotears_lambda=0.005,engine=dynotears,other_lags=2",ar,2,66758,33201,0.8436191680973465,0.5434225234202867,10.096753486991439,7.181684186221462,33108,0.8455056179775281,0.5273837167019639,9.779584889827792,6.857337189192314,93,0.17204301075268819,6.253237715143258,123.0087740772498,122.64921512859874,4981,0.05641437462356957,2.75909409598661,34.326933551813134,28.85991928823819,28220,0.9825655563430191,0.15234314344321906,5.8199807406102595,3.355345098937787,19603,0.7404989032290976,0.839777662211623,14.206275315741317,10.386683043277893,0.5198786733587312,0.11780795799859334,"[""y@t"", ""y@t-1"", ""data_quality_2@t+h"", ""avg_p_latency_3@t-1""]",4,20,48000.0,700,0.1763501099364477,5.354266437757899,8.484364638065601,"{""y@t-1"": 0.4027, ""data_quality_2@t+h"": 0.0033, ""avg_p_latency_3@t-1"": 0.003}","{""throughput_1"": 0.0011, ""throughput_2"": 0.0454}"
"ar_order=2,dynotears_lambda=0.005,engine=dynotears,other_lags=2",persistence,2,66758,33201,0.8499743983614951,4.145360566803412,8.940786293295337,5.354266437757899,33108,0.8518787000120817,4.092742767684959,8.618797791596613,5.023529056421409,93,0.17204301075268819,22.87729705297309,123.56869289804204,123.09677419354838,4981,0.0,27.63102111592855,34.24393720648847,27.862678177072876,28220,1.0,0.0,4.47462772849679,1.3813961729270023,19603,0.7498342090496353,6.912336252232495,12.565382889758968,8.484364638065601,0.5637764253923089,0.11780795799859334,"[""y@t"", ""y@t-1"", ""data_quality_2@t+h"", ""avg_p_latency_3@t-1""]",4,20,48000.0,700,0.1763501099364477,5.354266437757899,8.484364638065601,"{""y@t-1"": 0.4027, ""data_quality_2@t+h"": 0.0033, ""avg_p_latency_3@t-1"": 0.003}","{""throughput_1"": 0.0011, ""throughput_2"": 0.0454}"
"ar_order=2,dynotears_lambda=0.005,engine=dynotears,other_lags=2",model,3,99959,33201,0.9100930694858589,0.2852081610125376,7.429347734348346,5.637170467503073,33108,0.912166243808143,0.26431050869511596,7.0893912956842335,5.2937834569849205,93,0.17204301075268819,7.7247723860146476,128.4538398987723,127.88294621196532,3984,0.38755020080321284,1.6728009055254323,26.860049918515518,27.59999801435222,29217,0.981346476366499,0.09599744484936645,4.779797215755677,2.6423419448399983,19017,0.8534469159173371,0.4209504035466889,9.954057020027486,7.9276672010413005,0.5798100454394401,0.6073927909965278,"[""y@t"", ""y@t-1"", ""throughput_2@t"", ""avg_p_latency_3@t-1""]",4,20,104000.0,1046,0.025932953826691967,5.404445649227433,8.803070936530473,"{""y@t-1"": 0.4707, ""throughput_2@t"": 0.0095, ""avg_p_latency_3@t-1"": 0.0048, ""data_quality_2@t+h"": 0.0033, ""data_quality_1@t+h"": 0.0017}","{""throughput_2"": 0.0359}"
"ar_order=2,dynotears_lambda=0.005,engine=dynotears,other_lags=2",ar,3,99959,33201,0.8807264841420439,0.4152101620236462,8.60458532095995,5.924907938176801,33108,0.8827171680560589,0.3986396842253607,8.267278403133488,5.5815259174402705,93,0.17204301075268819,6.314300258213269,128.6858480671795,128.16890732038203,3984,0.011295180722891566,2.57649336844285,37.154802077166856,32.31748213838682,29217,0.999281240373755,0.12049981207758359,4.711507196692284,2.326043728516783,19017,0.7959194405006047,0.6411637119877113,12.113813805183918,8.570354382658012,0.5368343911084472,0.6073927909965278,"[""y@t"", ""y@t-1"", ""throughput_2@t"", ""avg_p_latency_3@t-1""]",4,20,104000.0,1046,0.025932953826691967,5.404445649227433,8.803070936530473,"{""y@t-1"": 0.4707, ""throughput_2@t"": 0.0095, ""avg_p_latency_3@t-1"": 0.0048, ""data_quality_2@t+h"": 0.0033, ""data_quality_1@t+h"": 0.0017}","{""throughput_2"": 0.0359}"
"ar_order=2,dynotears_lambda=0.005,engine=dynotears,other_lags=2",persistence,3,99959,33201,0.8800036143489653,3.3156226657588426,8.698165932516215,5.404445649227441,33108,0.8819922677298538,3.260674142199252,8.358654937640674,5.056421408722975,93,0.17204301075268819,22.8772970529731,129.56408010820866,129.30107526881721,3984,0.0,27.631021115928544,40.84398394812176,35.76355421686747,29217,1.0,0.0,4.314795327246251,1.2647089023513796,19017,0.7945522427301888,5.676731319342316,12.653398150782726,8.803070936530473,0.5476702659365773,0.6073927909965278,"[""y@t"", ""y@t-1"", ""throughput_2@t"", ""avg_p_latency_3@t-1""]",4,20,104000.0,1046,0.025932953826691967,5.404445649227433,8.803070936530473,"{""y@t-1"": 0.4707, ""throughput_2@t"": 0.0095, ""avg_p_latency_3@t-1"": 0.0048, ""data_quality_2@t+h"": 0.0033, ""data_quality_1@t+h"": 0.0017}","{""throughput_2"": 0.0359}"
"ar_order=2,dynotears_lambda=0.005,engine=dynotears,other_lags=2",model,4,133160,33558,0.8823529411764706,0.38318394356606195,5.945465140186655,4.777857474203605,33464,0.8842636863495099,0.3643815242030616,5.672055264128781,4.502149599229832,94,0.20212765957446807,7.076845236794184,103.27938101679011,102.92986096486673,4459,0.2783135232114824,2.21301452672397,20.972393304050776,20.31183722853956,29099,0.9749132272586687,0.10278892757578352,3.6428061937393506,2.3975002205322067,17285,0.7914955163436506,0.6444466383708187,8.94041105254009,7.312943787551022,0.5645895618391998,0.1901491669996176,"[""y@t"", ""y@t-1"", ""throughput_2@t-1"", ""avg_p_latency_3@t-1""]",4,20,96000.0,1016,0.06034328625067048,4.437451576375231,8.05467168064796,"{""y@t-1"": 0.4569, ""throughput_2@t-1"": 0.0149, ""avg_p_latency_3@t-1"": 0.0068, ""data_quality_2@t+h"": 0.0028, ""data_quality_1@t+h"": 0.0023}","{""throughput_2"": 0.0488}"
"ar_order=2,dynotears_lambda=0.005,engine=dynotears,other_lags=2",ar,4,133160,33558,0.867334167709637,0.47419353471077536,7.717485375344566,5.118505375471822,33464,0.8691728424575663,0.45908865377896074,7.450292960902962,4.845216536025585,94,0.2127659574468085,5.851531146436788,102.83798491655541,102.40933221833271,4459,0.002018389773491814,2.8090103091552914,30.454341535153254,23.642509962068555,29099,0.9999312691157771,0.1164167039864172,4.233391708325529,2.27997015255575,17285,0.7467746601099219,0.826318302543131,11.860660526984304,7.828933864776468,0.549607530671871,0.1901491669996176,"[""y@t"", ""y@t-1"", ""throughput_2@t-1"", ""avg_p_latency_3@t-1""]",4,20,96000.0,1016,0.06034328625067048,4.437451576375231,8.05467168064796,"{""y@t-1"": 0.4569, ""throughput_2@t-1"": 0.0149, ""avg_p_latency_3@t-1"": 0.0068, ""data_quality_2@t+h"": 0.0028, ""data_quality_1@t+h"": 0.0023}","{""throughput_2"": 0.0488}"
"ar_order=2,dynotears_lambda=0.005,engine=dynotears,other_lags=2",persistence,4,133160,33558,0.8671255736337088,3.6714560806938854,7.540421038515548,4.437451576375232,33464,0.8689636624432225,3.6206678099852585,7.270699220351675,4.160441071001675,94,0.2127659574468085,21.752080452965025,103.56138830485425,103.05319148936171,4459,0.0,27.631021115928547,33.87988368484494,26.414218434626598,29099,1.0,0.0,3.5042801422654106,1.0698305783703927,17285,0.7463118310673995,7.009663152637933,12.215279465613198,8.05467168064796,0.5626144568700057,0.1901491669996176,"[""y@t"", ""y@t-1"", ""throughput_2@t-1"", ""avg_p_latency_3@t-1""]",4,20,96000.0,1016,0.06034328625067048,4.437451576375231,8.05467168064796,"{""y@t-1"": 0.4569, ""throughput_2@t-1"": 0.0149, ""avg_p_latency_3@t-1"": 0.0068, ""data_quality_2@t+h"": 0.0028, ""data_quality_1@t+h"": 0.0023}","{""throughput_2"": 0.0488}"
"ar_order=2,dynotears_lambda=0.005,engine=dynotears,other_lags=2",model,5,166718,33201,0.9332249028643715,0.2146434021222903,6.015427262440729,4.3571213403086455,33108,0.935212033345415,0.1970284172817949,5.73186749167391,4.067447559260831,93,0.22580645161290322,6.485578005338642,106.96270565542842,107.48098739333057,3717,0.6513317191283293,1.2804286661537208,16.920041428686396,20.792346662434582,29484,0.9687627187627188,0.08028158464824244,4.640700262849929,2.285159173630375,19062,0.9055188332808729,0.2989991353851302,7.630254012467746,5.971648099210128,0.563037863723382,0.30306770899915136,"[""y@t"", ""y@t-1"", ""throughput_2@t-1"", ""throughput_2@t""]",4,20,160000.0,1056,0.02084274570043071,3.5060389747296767,5.571555975238695,"{""y@t-1"": 0.463, ""throughput_2@t-1"": 0.0484, ""throughput_2@t"": 0.0087, ""avg_p_latency_3@t-1"": 0.0074, ""data_quality_1@t+h"": 0.003, ""data_quality_2@t+h"": 0.0025}","{""throughput_1"": 0.0019, ""throughput_2"": 0.0081}"
"ar_order=2,dynotears_lambda=0.005,engine=dynotears,other_lags=2",ar,5,166718,33201,0.8880756603716755,0.4188306893803547,7.490666278589065,4.644157801557399,33108,0.889996375498369,0.4045165282709333,7.212334517092494,4.355604578102423,93,0.20430107526881722,5.514672044334366,106.57677337136778,107.36910535152882,3717,0.0005380683346785041,2.57538609934103,25.419625740610602,19.677613170107133,29484,0.9999660832994166,0.14695725094514134,5.2303914746162645,2.7489144965479246,19062,0.8089392508655965,0.6366688187201611,9.830079468064495,5.970080386144894,0.5252212425942933,0.30306770899915136,"[""y@t"", ""y@t-1"", ""throughput_2@t-1"", ""throughput_2@t""]",4,20,160000.0,1056,0.02084274570043071,3.5060389747296767,5.571555975238695,"{""y@t-1"": 0.463, ""throughput_2@t-1"": 0.0484, ""throughput_2@t"": 0.0087, ""avg_p_latency_3@t-1"": 0.0074, ""data_quality_1@t+h"": 0.003, ""data_quality_2@t+h"": 0.0025}","{""throughput_1"": 0.0019, ""throughput_2"": 0.0081}"
"ar_order=2,dynotears_lambda=0.005,engine=dynotears,other_lags=2",persistence,5,166718,33201,0.888045540796964,3.0934160262614503,6.951378449275671,3.5060389747296843,33108,0.8899661713181104,3.040347043775755,6.66442668412336,3.207834964359075,93,0.20430107526881722,21.98597379116895,109.10620684349799,109.66666666666667,3717,0.0,27.631021115928544,27.795989945530664,21.478880817863864,29484,1.0,0.0,4.3235321281666,1.240231990231999,19062,0.8088867904731928,5.280653127968089,9.624750764470537,5.571555975238694,0.5719162200398573,0.30306770899915136,"[""y@t"", ""y@t-1"", ""throughput_2@t-1"", ""throughput_2@t""]",4,20,160000.0,1056,0.02084274570043071,3.5060389747296767,5.571555975238695,"{""y@t-1"": 0.463, ""throughput_2@t-1"": 0.0484, ""throughput_2@t"": 0.0087, ""avg_p_latency_3@t-1"": 0.0074, ""data_quality_1@t+h"": 0.003, ""data_quality_2@t+h"": 0.0025}","{""throughput_1"": 0.0019, ""throughput_2"": 0.0081}"
"ar_order=2,engine=dynotears,other_lags=2",model,1,33200,33558,0.893885213659932,0.4063230317488209,7.815210438165955,5.535961450674487,33464,0.8958881185751852,0.3825851982479477,7.533281500923823,5.247987738505471,94,0.18085106382978725,8.856991758059685,108.18191209636461,108.05460298284407,3874,0.20779556014455344,2.750889533998187,28.748094747522465,28.466440444581032,29684,0.9834254143646409,0.10033830496961174,5.083301200379702,2.543350090265043,18060,0.8193244739756368,0.6591684557893338,11.859704516223644,8.703015551074726,0.5089539391298138,0.10013016699667787,"[""y@t"", ""y@t-1""]",2,20,400.0,76,0.00819476726860957,3.7463794028249597,6.396179401993355,"{""y@t-1"": 0.2361}","{""throughput_2"": 0.0393}"
"ar_order=2,engine=dynotears,other_lags=2",ar,1,33200,33558,0.8819059538709101,0.4777335028605528,8.61029794053164,5.300609188820495,33464,0.8838752091800144,0.45982356174265077,8.329286451148281,5.0107707895337406,94,0.18085106382978725,6.853672540833671,108.65038816100729,108.4830793349049,3874,0.003355704697986577,3.3405799227169575,32.63938423751866,27.516653811619506,29684,0.9965638054170597,0.10410909137545254,5.474309518670445,2.4012372420234533,18060,0.7851605758582503,0.8039818816755522,13.10891175372398,8.392361032128361,0.4691937073063387,0.10013016699667787,"[""y@t"", ""y@t-1""]",2,20,400.0,76,0.00819476726860957,3.7463794028249597,6.396179401993355,"{""y@t-1"": 0.2361}","{""throughput_2"": 0.0393}"
"ar_order=2,engine=dynotears,other_lags=2",persistence,1,33200,33558,0.8845580785505691,3.1897781692325884,7.394205022466637,3.746379402824963,33464,0.8865347836480995,3.135159788942765,7.10952680694479,3.451918479560127,94,0.18085106382978725,22.63392155240955,108.73964974824423,108.57446808510639,3874,0.0,27.631021115928547,29.16372546845772,23.207279297883325,29684,1.0,0.0,4.553108060878932,1.2065759331626495,18060,0.7897563676633444,5.809246244583649,10.902174354985323,6.396179401993355,0.55425458897833,0.10013016699667787,"[""y@t"", ""y@t-1""]",2,20,400.0,76,0.00819476726860957,3.7463794028249597,6.396179401993355,"{""y@t-1"": 0.2361}","{""throughput_2"": 0.0393}"
"ar_order=2,engine=dynotears,other_lags=2",model,2,66758,33201,0.855395921809584,0.4547265592481507,8.338634768283878,6.776018536495897,33108,0.8573154524586203,0.43635338251087175,8.016635344780681,6.450847616541406,93,0.17204301075268819,6.995577477719412,122.97042953542159,122.53686604029458,4981,0.23408954025296125,2.171413859139322,25.74662794480755,25.610824121704557,28220,0.9650602409638555,0.15172090932760052,5.2660191051986756,3.451561888022321,19603,0.7781462021119216,0.6795923992214733,11.500234877680796,9.576154281440726,0.5187312213660092,0.09616658300365089,"[""y@t"", ""y@t-1""]",2,20,400.0,112,0.008222643896268185,5.354266437757899,8.484364638065601,"{""y@t-1"": 0.3992}","{""throughput_2"": 0.0384}"
"ar_order=2,engine=dynotears,other_lags=2",ar,2,66758,33201,0.8436191680973465,0.5434225234202867,10.096753486991439,7.181684186221462,33108,0.8455056179775281,0.5273837167019639,9.779584889827792,6.857337189192314,93,0.17204301075268819,6.253237715143258,123.0087740772498,122.64921512859874,4981,0.05641437462356957,2.75909409598661,34.326933551813134,28.85991928823819,28220,0.9825655563430191,0.15234314344321906,5.8199807406102595,3.355345098937787,19603,0.7404989032290976,0.839777662211623,14.206275315741317,10.386683043277893,0.5198786733587312,0.09616658300365089,"[""y@t"", ""y@t-1""]",2,20,400.0,112,0.008222643896268185,5.354266437757899,8.484364638065601,"{""y@t-1"": 0.3992}","{""throughput_2"": 0.0384}"
"ar_order=2,engine=dynotears,other_lags=2",persistence,2,66758,33201,0.8499743983614951,4.145360566803412,8.940786293295337,5.354266437757899,33108,0.8518787000120817,4.092742767684959,8.618797791596613,5.023529056421409,93,0.17204301075268819,22.87729705297309,123.56869289804204,123.09677419354838,4981,0.0,27.63102111592855,34.24393720648847,27.862678177072876,28220,1.0,0.0,4.47462772849679,1.3813961729270023,19603,0.7498342090496353,6.912336252232495,12.565382889758968,8.484364638065601,0.5637764253923089,0.09616658300365089,"[""y@t"", ""y@t-1""]",2,20,400.0,112,0.008222643896268185,5.354266437757899,8.484364638065601,"{""y@t-1"": 0.3992}","{""throughput_2"": 0.0384}"
"ar_order=2,engine=dynotears,other_lags=2",model,3,99959,33201,0.9083762537272974,0.2709934644341922,7.340663114782907,5.682474939138892,33108,0.9104446055334058,0.25108359316208945,6.999155765903667,5.3375331713885075,93,0.17204301075268819,7.358907637302809,128.91727931579206,128.48174425827585,3984,0.473644578313253,1.4921520938102726,25.505552332841933,27.212236410667874,29217,0.9676558168189753,0.10447753263303865,4.863717547313721,2.7466988600557727,19017,0.8567071567544828,0.39313453205484333,9.607348391965655,7.8795058709763115,0.6325591224123907,0.14637458299694117,"[""y@t"", ""y@t-1"", ""throughput_2@t""]",3,20,8000.0,447,0.006325110689437065,5.404445649227433,8.803070936530473,"{""y@t-1"": 0.4677, ""throughput_2@t"": 0.0062}","{""throughput_2"": 0.0319}"
"ar_order=2,engine=dynotears,other_lags=2",ar,3,99959,33201,0.8807264841420439,0.4152101620236462,8.60458532095995,5.924907938176801,33108,0.8827171680560589,0.3986396842253607,8.267278403133488,5.5815259174402705,93,0.17204301075268819,6.314300258213269,128.6858480671795,128.16890732038203,3984,0.011295180722891566,2.57649336844285,37.154802077166856,32.31748213838682,29217,0.999281240373755,0.12049981207758359,4.711507196692284,2.326043728516783,19017,0.7959194405006047,0.6411637119877113,12.113813805183918,8.570354382658012,0.5368343911084472,0.14637458299694117,"[""y@t"", ""y@t-1"", ""throughput_2@t""]",3,20,8000.0,447,0.006325110689437065,5.404445649227433,8.803070936530473,"{""y@t-1"": 0.4677, ""throughput_2@t"": 0.0062}","{""throughput_2"": 0.0319}"
"ar_order=2,engine=dynotears,other_lags=2",persistence,3,99959,33201,0.8800036143489653,3.3156226657588426,8.698165932516215,5.404445649227441,33108,0.8819922677298538,3.260674142199252,8.358654937640674,5.056421408722975,93,0.17204301075268819,22.8772970529731,129.56408010820866,129.30107526881721,3984,0.0,27.631021115928544,40.84398394812176,35.76355421686747,29217,1.0,0.0,4.314795327246251,1.2647089023513796,19017,0.7945522427301888,5.676731319342316,12.653398150782726,8.803070936530473,0.5476702659365773,0.14637458299694117,"[""y@t"", ""y@t-1"", ""throughput_2@t""]",3,20,8000.0,447,0.006325110689437065,5.404445649227433,8.803070936530473,"{""y@t-1"": 0.4677, ""throughput_2@t"": 0.0062}","{""throughput_2"": 0.0319}"
"ar_order=2,engine=dynotears,other_lags=2",model,4,133160,33558,0.883574706478336,0.35987934450574227,5.941060445908125,4.682597480958515,33464,0.8854590007171886,0.3425026602077801,5.668012185703959,4.407011563840453,94,0.2127659574468085,6.545978954580258,103.14624107859072,102.79118397498858,4459,0.26665171563130746,2.1163402968815976,20.53543196454354,19.940512225506122,29099,0.9781092133750301,0.09072716104088302,3.704684536028219,2.344543188854396,17285,0.7943881978594157,0.6096883672913096,8.88997822426319,7.0983191294932615,0.5742705328724125,0.15435087500372902,"[""y@t"", ""y@t-1"", ""throughput_2@t-1""]",3,20,8000.0,459,0.0357887835985458,4.437451576375231,8.05467168064796,"{""y@t-1"": 0.454, ""throughput_2@t-1"": 0.0121}","{""throughput_2"": 0.0445}"
"ar_order=2,engine=dynotears,other_lags=2",ar,4,133160,33558,0.867334167709637,0.47419353471077536,7.717485375344566,5.118505375471822,33464,0.8691728424575663,0.45908865377896074,7.450292960902962,4.845216536025585,94,0.2127659574468085,5.851531146436788,102.83798491655541,102.40933221833271,4459,0.002018389773491814,2.8090103091552914,30.454341535153254,23.642509962068555,29099,0.9999312691157771,0.1164167039864172,4.233391708325529,2.27997015255575,17285,0.7467746601099219,0.826318302543131,11.860660526984304,7.828933864776468,0.549607530671871,0.15435087500372902,"[""y@t"", ""y@t-1"", ""throughput_2@t-1""]",3,20,8000.0,459,0.0357887835985458,4.437451576375231,8.05467168064796,"{""y@t-1"": 0.454, ""throughput_2@t-1"": 0.0121}","{""throughput_2"": 0.0445}"
"ar_order=2,engine=dynotears,other_lags=2",persistence,4,133160,33558,0.8671255736337088,3.6714560806938854,7.540421038515548,4.437451576375232,33464,0.8689636624432225,3.6206678099852585,7.270699220351675,4.160441071001675,94,0.2127659574468085,21.752080452965025,103.56138830485425,103.05319148936171,4459,0.0,27.631021115928547,33.87988368484494,26.414218434626598,29099,1.0,0.0,3.5042801422654106,1.0698305783703927,17285,0.7463118310673995,7.009663152637933,12.215279465613198,8.05467168064796,0.5626144568700057,0.15435087500372902,"[""y@t"", ""y@t-1"", ""throughput_2@t-1""]",3,20,8000.0,459,0.0357887835985458,4.437451576375231,8.05467168064796,"{""y@t-1"": 0.454, ""throughput_2@t-1"": 0.0121}","{""throughput_2"": 0.0445}"
"ar_order=2,engine=dynotears,other_lags=2",model,5,166718,33201,0.9332249028643715,0.2146434021222903,6.015427262440729,4.3571213403086455,33108,0.935212033345415,0.1970284172817949,5.73186749167391,4.067447559260831,93,0.22580645161290322,6.485578005338642,106.96270565542842,107.48098739333057,3717,0.6513317191283293,1.2804286661537208,16.920041428686396,20.792346662434582,29484,0.9687627187627188,0.08028158464824244,4.640700262849929,2.285159173630375,19062,0.9055188332808729,0.2989991353851302,7.630254012467746,5.971648099210128,0.563037863723382,0.11165949999849545,"[""y@t"", ""y@t-1"", ""throughput_2@t-1"", ""throughput_2@t""]",4,20,160000.0,1056,0.02084274570043071,3.5060389747296767,5.571555975238695,"{""y@t-1"": 0.4608, ""throughput_2@t-1"": 0.0461, ""throughput_2@t"": 0.0068}","{""throughput_2"": 0.0059}"
"ar_order=2,engine=dynotears,other_lags=2",ar,5,166718,33201,0.8880756603716755,0.4188306893803547,7.490666278589065,4.644157801557399,33108,0.889996375498369,0.4045165282709333,7.212334517092494,4.355604578102423,93,0.20430107526881722,5.514672044334366,106.57677337136778,107.36910535152882,3717,0.0005380683346785041,2.57538609934103,25.419625740610602,19.677613170107133,29484,0.9999660832994166,0.14695725094514134,5.2303914746162645,2.7489144965479246,19062,0.8089392508655965,0.6366688187201611,9.830079468064495,5.970080386144894,0.5252212425942933,0.11165949999849545,"[""y@t"", ""y@t-1"", ""throughput_2@t-1"", ""throughput_2@t""]",4,20,160000.0,1056,0.02084274570043071,3.5060389747296767,5.571555975238695,"{""y@t-1"": 0.4608, ""throughput_2@t-1"": 0.0461, ""throughput_2@t"": 0.0068}","{""throughput_2"": 0.0059}"
"ar_order=2,engine=dynotears,other_lags=2",persistence,5,166718,33201,0.888045540796964,3.0934160262614503,6.951378449275671,3.5060389747296843,33108,0.8899661713181104,3.040347043775755,6.66442668412336,3.207834964359075,93,0.20430107526881722,21.98597379116895,109.10620684349799,109.66666666666667,3717,0.0,27.631021115928544,27.795989945530664,21.478880817863864,29484,1.0,0.0,4.3235321281666,1.240231990231999,19062,0.8088867904731928,5.280653127968089,9.624750764470537,5.571555975238694,0.5719162200398573,0.11165949999849545,"[""y@t"", ""y@t-1"", ""throughput_2@t-1"", ""throughput_2@t""]",4,20,160000.0,1056,0.02084274570043071,3.5060389747296767,5.571555975238695,"{""y@t-1"": 0.4608, ""throughput_2@t-1"": 0.0461, ""throughput_2@t"": 0.0068}","{""throughput_2"": 0.0059}"
"ar_order=2,dynotears_lambda=0.05,engine=dynotears,other_lags=2",model,1,33200,33558,0.893885213659932,0.4063230317488209,7.815210438165955,5.535961450674487,33464,0.8958881185751852,0.3825851982479477,7.533281500923823,5.247987738505471,94,0.18085106382978725,8.856991758059685,108.18191209636461,108.05460298284407,3874,0.20779556014455344,2.750889533998187,28.748094747522465,28.466440444581032,29684,0.9834254143646409,0.10033830496961174,5.083301200379702,2.543350090265043,18060,0.8193244739756368,0.6591684557893338,11.859704516223644,8.703015551074726,0.5089539391298138,0.04288812499726191,"[""y@t"", ""y@t-1""]",2,20,400.0,76,0.00819476726860957,3.7463794028249597,6.396179401993355,"{""y@t-1"": 0.2245}","{""throughput_2"": 0.0236}"
"ar_order=2,dynotears_lambda=0.05,engine=dynotears,other_lags=2",ar,1,33200,33558,0.8819059538709101,0.4777335028605528,8.61029794053164,5.300609188820495,33464,0.8838752091800144,0.45982356174265077,8.329286451148281,5.0107707895337406,94,0.18085106382978725,6.853672540833671,108.65038816100729,108.4830793349049,3874,0.003355704697986577,3.3405799227169575,32.63938423751866,27.516653811619506,29684,0.9965638054170597,0.10410909137545254,5.474309518670445,2.4012372420234533,18060,0.7851605758582503,0.8039818816755522,13.10891175372398,8.392361032128361,0.4691937073063387,0.04288812499726191,"[""y@t"", ""y@t-1""]",2,20,400.0,76,0.00819476726860957,3.7463794028249597,6.396179401993355,"{""y@t-1"": 0.2245}","{""throughput_2"": 0.0236}"
"ar_order=2,dynotears_lambda=0.05,engine=dynotears,other_lags=2",persistence,1,33200,33558,0.8845580785505691,3.1897781692325884,7.394205022466637,3.746379402824963,33464,0.8865347836480995,3.135159788942765,7.10952680694479,3.451918479560127,94,0.18085106382978725,22.63392155240955,108.73964974824423,108.57446808510639,3874,0.0,27.631021115928547,29.16372546845772,23.207279297883325,29684,1.0,0.0,4.553108060878932,1.2065759331626495,18060,0.7897563676633444,5.809246244583649,10.902174354985323,6.396179401993355,0.55425458897833,0.04288812499726191,"[""y@t"", ""y@t-1""]",2,20,400.0,76,0.00819476726860957,3.7463794028249597,6.396179401993355,"{""y@t-1"": 0.2245}","{""throughput_2"": 0.0236}"
"ar_order=2,dynotears_lambda=0.05,engine=dynotears,other_lags=2",model,2,66758,33201,0.855395921809584,0.4547265592481507,8.338634768283878,6.776018536495897,33108,0.8573154524586203,0.43635338251087175,8.016635344780681,6.450847616541406,93,0.17204301075268819,6.995577477719412,122.97042953542159,122.53686604029458,4981,0.23408954025296125,2.171413859139322,25.74662794480755,25.610824121704557,28220,0.9650602409638555,0.15172090932760052,5.2660191051986756,3.451561888022321,19603,0.7781462021119216,0.6795923992214733,11.500234877680796,9.576154281440726,0.5187312213660092,0.05750845800503157,"[""y@t"", ""y@t-1""]",2,20,400.0,112,0.008222643896268185,5.354266437757899,8.484364638065601,"{""y@t-1"": 0.3897}","{""throughput_2"": 0.0226}"
"ar_order=2,dynotears_lambda=0.05,engine=dynotears,other_lags=2",ar,2,66758,33201,0.8436191680973465,0.5434225234202867,10.096753486991439,7.181684186221462,33108,0.8455056179775281,0.5273837167019639,9.779584889827792,6.857337189192314,93,0.17204301075268819,6.253237715143258,123.0087740772498,122.64921512859874,4981,0.05641437462356957,2.75909409598661,34.326933551813134,28.85991928823819,28220,0.9825655563430191,0.15234314344321906,5.8199807406102595,3.355345098937787,19603,0.7404989032290976,0.839777662211623,14.206275315741317,10.386683043277893,0.5198786733587312,0.05750845800503157,"[""y@t"", ""y@t-1""]",2,20,400.0,112,0.008222643896268185,5.354266437757899,8.484364638065601,"{""y@t-1"": 0.3897}","{""throughput_2"": 0.0226}"
"ar_order=2,dynotears_lambda=0.05,engine=dynotears,other_lags=2",persistence,2,66758,33201,0.8499743983614951,4.145360566803412,8.940786293295337,5.354266437757899,33108,0.8518787000120817,4.092742767684959,8.618797791596613,5.023529056421409,93,0.17204301075268819,22.87729705297309,123.56869289804204,123.09677419354838,4981,0.0,27.63102111592855,34.24393720648847,27.862678177072876,28220,1.0,0.0,4.47462772849679,1.3813961729270023,19603,0.7498342090496353,6.912336252232495,12.565382889758968,8.484364638065601,0.5637764253923089,0.05750845800503157,"[""y@t"", ""y@t-1""]",2,20,400.0,112,0.008222643896268185,5.354266437757899,8.484364638065601,"{""y@t-1"": 0.3897}","{""throughput_2"": 0.0226}"
"ar_order=2,dynotears_lambda=0.05,engine=dynotears,other_lags=2",model,3,99959,33201,0.8875636276015783,0.35183287218803644,7.399107747927033,5.562692720492703,33108,0.8895735169747493,0.33318391735400404,7.056661995337144,5.216221715814057,93,0.17204301075268819,6.99086079310356,129.30979566992679,128.9063703860909,3984,0.1774598393574297,2.136583963689127,27.79030553712658,27.28044808943354,29217,0.9843926481158229,0.10846605326274135,4.618585038813468,2.6012819873626647,19017,0.8184256191828364,0.5298633131301377,9.767225636148511,7.533547650949859,0.534877155857662,0.07520012500026496,"[""y@t"", ""y@t-1""]",2,20,400.0,137,0.0003313153218276558,5.404445649227433,8.803070936530473,"{""y@t-1"": 0.4589}","{""throughput_2"": 0.0217}"
"ar_order=2,dynotears_lambda=0.05,engine=dynotears,other_lags=2",ar,3,99959,33201,0.8807264841420439,0.4152101620236462,8.60458532095995,5.924907938176801,33108,0.8827171680560589,0.3986396842253607,8.267278403133488,5.5815259174402705,93,0.17204301075268819,6.314300258213269,128.6858480671795,128.16890732038203,3984,0.011295180722891566,2.57649336844285,37.154802077166856,32.31748213838682,29217,0.999281240373755,0.12049981207758359,4.711507196692284,2.326043728516783,19017,0.7959194405006047,0.6411637119877113,12.113813805183918,8.570354382658012,0.5368343911084472,0.07520012500026496,"[""y@t"", ""y@t-1""]",2,20,400.0,137,0.0003313153218276558,5.404445649227433,8.803070936530473,"{""y@t-1"": 0.4589}","{""throughput_2"": 0.0217}"
"ar_order=2,dynotears_lambda=0.05,engine=dynotears,other_lags=2",persistence,3,99959,33201,0.8800036143489653,3.3156226657588426,8.698165932516215,5.404445649227441,33108,0.8819922677298538,3.260674142199252,8.358654937640674,5.056421408722975,93,0.17204301075268819,22.8772970529731,129.56408010820866,129.30107526881721,3984,0.0,27.631021115928544,40.84398394812176,35.76355421686747,29217,1.0,0.0,4.314795327246251,1.2647089023513796,19017,0.7945522427301888,5.676731319342316,12.653398150782726,8.803070936530473,0.5476702659365773,0.07520012500026496,"[""y@t"", ""y@t-1""]",2,20,400.0,137,0.0003313153218276558,5.404445649227433,8.803070936530473,"{""y@t-1"": 0.4589}","{""throughput_2"": 0.0217}"
"ar_order=2,dynotears_lambda=0.05,engine=dynotears,other_lags=2",model,4,133160,33558,0.883574706478336,0.35987934450574227,5.941060445908125,4.682597480958515,33464,0.8854590007171886,0.3425026602077801,5.668012185703959,4.407011563840453,94,0.2127659574468085,6.545978954580258,103.14624107859072,102.79118397498858,4459,0.26665171563130746,2.1163402968815976,20.53543196454354,19.940512225506122,29099,0.9781092133750301,0.09072716104088302,3.704684536028219,2.344543188854396,17285,0.7943881978594157,0.6096883672913096,8.88997822426319,7.0983191294932615,0.5742705328724125,0.1480708750023041,"[""y@t"", ""y@t-1"", ""throughput_2@t-1""]",3,20,8000.0,459,0.0357887835985458,4.437451576375231,8.05467168064796,"{""y@t-1"": 0.4448, ""throughput_2@t-1"": 0.0054}","{""throughput_2"": 0.0345}"
"ar_order=2,dynotears_lambda=0.05,engine=dynotears,other_lags=2",ar,4,133160,33558,0.867334167709637,0.47419353471077536,7.717485375344566,5.118505375471822,33464,0.8691728424575663,0.45908865377896074,7.450292960902962,4.845216536025585,94,0.2127659574468085,5.851531146436788,102.83798491655541,102.40933221833271,4459,0.002018389773491814,2.8090103091552914,30.454341535153254,23.642509962068555,29099,0.9999312691157771,0.1164167039864172,4.233391708325529,2.27997015255575,17285,0.7467746601099219,0.826318302543131,11.860660526984304,7.828933864776468,0.549607530671871,0.1480708750023041,"[""y@t"", ""y@t-1"", ""throughput_2@t-1""]",3,20,8000.0,459,0.0357887835985458,4.437451576375231,8.05467168064796,"{""y@t-1"": 0.4448, ""throughput_2@t-1"": 0.0054}","{""throughput_2"": 0.0345}"
"ar_order=2,dynotears_lambda=0.05,engine=dynotears,other_lags=2",persistence,4,133160,33558,0.8671255736337088,3.6714560806938854,7.540421038515548,4.437451576375232,33464,0.8689636624432225,3.6206678099852585,7.270699220351675,4.160441071001675,94,0.2127659574468085,21.752080452965025,103.56138830485425,103.05319148936171,4459,0.0,27.631021115928547,33.87988368484494,26.414218434626598,29099,1.0,0.0,3.5042801422654106,1.0698305783703927,17285,0.7463118310673995,7.009663152637933,12.215279465613198,8.05467168064796,0.5626144568700057,0.1480708750023041,"[""y@t"", ""y@t-1"", ""throughput_2@t-1""]",3,20,8000.0,459,0.0357887835985458,4.437451576375231,8.05467168064796,"{""y@t-1"": 0.4448, ""throughput_2@t-1"": 0.0054}","{""throughput_2"": 0.0345}"
"ar_order=2,dynotears_lambda=0.05,engine=dynotears,other_lags=2",model,5,166718,33201,0.9061775247733502,0.28932765202963817,6.015345608097873,4.319396047829755,33108,0.9080886794732391,0.27214526557539703,5.7326932517445695,4.030064398011741,93,0.22580645161290322,6.4062572297394675,106.63958446987411,107.3214633830423,3717,0.3672316384180791,1.743874470732922,18.2556864872983,19.08054384285305,29484,0.9741215574548908,0.10595529668029254,4.472225710933717,2.458482116405877,19062,0.8546847130416535,0.4228931204707589,7.8094513940599395,5.76388155371921,0.5404861296675341,0.11710362500161864,"[""y@t"", ""y@t-1"", ""throughput_2@t-1""]",3,20,8000.0,538,0.008644317942230655,3.5060389747296767,5.571555975238695,"{""y@t-1"": 0.4521, ""throughput_2@t-1"": 0.0418}",{}
"ar_order=2,dynotears_lambda=0.05,engine=dynotears,other_lags=2",ar,5,166718,33201,0.8880756603716755,0.4188306893803547,7.490666278589065,4.644157801557399,33108,0.889996375498369,0.4045165282709333,7.212334517092494,4.355604578102423,93,0.20430107526881722,5.514672044334366,106.57677337136778,107.36910535152882,3717,0.0005380683346785041,2.57538609934103,25.419625740610602,19.677613170107133,29484,0.9999660832994166,0.14695725094514134,5.2303914746162645,2.7489144965479246,19062,0.8089392508655965,0.6366688187201611,9.830079468064495,5.970080386144894,0.5252212425942933,0.11710362500161864,"[""y@t"", ""y@t-1"", ""throughput_2@t-1""]",3,20,8000.0,538,0.008644317942230655,3.5060389747296767,5.571555975238695,"{""y@t-1"": 0.4521, ""throughput_2@t-1"": 0.0418}",{}
"ar_order=2,dynotears_lambda=0.05,engine=dynotears,other_lags=2",persistence,5,166718,33201,0.888045540796964,3.0934160262614503,6.951378449275671,3.5060389747296843,33108,0.8899661713181104,3.040347043775755,6.66442668412336,3.207834964359075,93,0.20430107526881722,21.98597379116895,109.10620684349799,109.66666666666667,3717,0.0,27.631021115928544,27.795989945530664,21.478880817863864,29484,1.0,0.0,4.3235321281666,1.240231990231999,19062,0.8088867904731928,5.280653127968089,9.624750764470537,5.571555975238694,0.5719162200398573,0.11710362500161864,"[""y@t"", ""y@t-1"", ""throughput_2@t-1""]",3,20,8000.0,538,0.008644317942230655,3.5060389747296767,5.571555975238695,"{""y@t-1"": 0.4521, ""throughput_2@t-1"": 0.0418}",{}
"ar_order=2,dynotears_lambda=0.1,engine=dynotears,other_lags=2",model,1,33200,33558,0.893885213659932,0.4063230317488209,7.815210438165955,5.535961450674487,33464,0.8958881185751852,0.3825851982479477,7.533281500923823,5.247987738505471,94,0.18085106382978725,8.856991758059685,108.18191209636461,108.05460298284407,3874,0.20779556014455344,2.750889533998187,28.748094747522465,28.466440444581032,29684,0.9834254143646409,0.10033830496961174,5.083301200379702,2.543350090265043,18060,0.8193244739756368,0.6591684557893338,11.859704516223644,8.703015551074726,0.5089539391298138,0.0330076249956619,"[""y@t"", ""y@t-1""]",2,20,400.0,76,0.00819476726860957,3.7463794028249597,6.396179401993355,"{""y@t-1"": 0.2129}",{}
"ar_order=2,dynotears_lambda=0.1,engine=dynotears,other_lags=2",ar,1,33200,33558,0.8819059538709101,0.4777335028605528,8.61029794053164,5.300609188820495,33464,0.8838752091800144,0.45982356174265077,8.329286451148281,5.0107707895337406,94,0.18085106382978725,6.853672540833671,108.65038816100729,108.4830793349049,3874,0.003355704697986577,3.3405799227169575,32.63938423751866,27.516653811619506,29684,0.9965638054170597,0.10410909137545254,5.474309518670445,2.4012372420234533,18060,0.7851605758582503,0.8039818816755522,13.10891175372398,8.392361032128361,0.4691937073063387,0.0330076249956619,"[""y@t"", ""y@t-1""]",2,20,400.0,76,0.00819476726860957,3.7463794028249597,6.396179401993355,"{""y@t-1"": 0.2129}",{}
"ar_order=2,dynotears_lambda=0.1,engine=dynotears,other_lags=2",persistence,1,33200,33558,0.8845580785505691,3.1897781692325884,7.394205022466637,3.746379402824963,33464,0.8865347836480995,3.135159788942765,7.10952680694479,3.451918479560127,94,0.18085106382978725,22.63392155240955,108.73964974824423,108.57446808510639,3874,0.0,27.631021115928547,29.16372546845772,23.207279297883325,29684,1.0,0.0,4.553108060878932,1.2065759331626495,18060,0.7897563676633444,5.809246244583649,10.902174354985323,6.396179401993355,0.55425458897833,0.0330076249956619,"[""y@t"", ""y@t-1""]",2,20,400.0,76,0.00819476726860957,3.7463794028249597,6.396179401993355,"{""y@t-1"": 0.2129}",{}
"ar_order=2,dynotears_lambda=0.1,engine=dynotears,other_lags=2",model,2,66758,33201,0.855395921809584,0.4547265592481507,8.338634768283878,6.776018536495897,33108,0.8573154524586203,0.43635338251087175,8.016635344780681,6.450847616541406,93,0.17204301075268819,6.995577477719412,122.97042953542159,122.53686604029458,4981,0.23408954025296125,2.171413859139322,25.74662794480755,25.610824121704557,28220,0.9650602409638555,0.15172090932760052,5.2660191051986756,3.451561888022321,19603,0.7781462021119216,0.6795923992214733,11.500234877680796,9.576154281440726,0.5187312213660092,0.05350866699882317,"[""y@t"", ""y@t-1""]",2,20,400.0,112,0.008222643896268185,5.354266437757899,8.484364638065601,"{""y@t-1"": 0.3728}",{}
"ar_order=2,dynotears_lambda=0.1,engine=dynotears,other_lags=2",ar,2,66758,33201,0.8436191680973465,0.5434225234202867,10.096753486991439,7.181684186221462,33108,0.8455056179775281,0.5273837167019639,9.779584889827792,6.857337189192314,93,0.17204301075268819,6.253237715143258,123.0087740772498,122.64921512859874,4981,0.05641437462356957,2.75909409598661,34.326933551813134,28.85991928823819,28220,0.9825655563430191,0.15234314344321906,5.8199807406102595,3.355345098937787,19603,0.7404989032290976,0.839777662211623,14.206275315741317,10.386683043277893,0.5198786733587312,0.05350866699882317,"[""y@t"", ""y@t-1""]",2,20,400.0,112,0.008222643896268185,5.354266437757899,8.484364638065601,"{""y@t-1"": 0.3728}",{}
"ar_order=2,dynotears_lambda=0.1,engine=dynotears,other_lags=2",persistence,2,66758,33201,0.8499743983614951,4.145360566803412,8.940786293295337,5.354266437757899,33108,0.8518787000120817,4.092742767684959,8.618797791596613,5.023529056421409,93,0.17204301075268819,22.87729705297309,123.56869289804204,123.09677419354838,4981,0.0,27.63102111592855,34.24393720648847,27.862678177072876,28220,1.0,0.0,4.47462772849679,1.3813961729270023,19603,0.7498342090496353,6.912336252232495,12.565382889758968,8.484364638065601,0.5637764253923089,0.05350866699882317,"[""y@t"", ""y@t-1""]",2,20,400.0,112,0.008222643896268185,5.354266437757899,8.484364638065601,"{""y@t-1"": 0.3728}",{}
"ar_order=2,dynotears_lambda=0.1,engine=dynotears,other_lags=2",model,3,99959,33201,0.8875636276015783,0.35183287218803644,7.399107747927033,5.562692720492703,33108,0.8895735169747493,0.33318391735400404,7.056661995337144,5.216221715814057,93,0.17204301075268819,6.99086079310356,129.30979566992679,128.9063703860909,3984,0.1774598393574297,2.136583963689127,27.79030553712658,27.28044808943354,29217,0.9843926481158229,0.10846605326274135,4.618585038813468,2.6012819873626647,19017,0.8184256191828364,0.5298633131301377,9.767225636148511,7.533547650949859,0.534877155857662,0.0758264579999377,"[""y@t"", ""y@t-1""]",2,20,400.0,137,0.0003313153218276558,5.404445649227433,8.803070936530473,"{""y@t-1"": 0.4419}",{}
"ar_order=2,dynotears_lambda=0.1,engine=dynotears,other_lags=2",ar,3,99959,33201,0.8807264841420439,0.4152101620236462,8.60458532095995,5.924907938176801,33108,0.8827171680560589,0.3986396842253607,8.267278403133488,5.5815259174402705,93,0.17204301075268819,6.314300258213269,128.6858480671795,128.16890732038203,3984,0.011295180722891566,2.57649336844285,37.154802077166856,32.31748213838682,29217,0.999281240373755,0.12049981207758359,4.711507196692284,2.326043728516783,19017,0.7959194405006047,0.6411637119877113,12.113813805183918,8.570354382658012,0.5368343911084472,0.0758264579999377,"[""y@t"", ""y@t-1""]",2,20,400.0,137,0.0003313153218276558,5.404445649227433,8.803070936530473,"{""y@t-1"": 0.4419}",{}
"ar_order=2,dynotears_lambda=0.1,engine=dynotears,other_lags=2",persistence,3,99959,33201,0.8800036143489653,3.3156226657588426,8.698165932516215,5.404445649227441,33108,0.8819922677298538,3.260674142199252,8.358654937640674,5.056421408722975,93,0.17204301075268819,22.8772970529731,129.56408010820866,129.30107526881721,3984,0.0,27.631021115928544,40.84398394812176,35.76355421686747,29217,1.0,0.0,4.314795327246251,1.2647089023513796,19017,0.7945522427301888,5.676731319342316,12.653398150782726,8.803070936530473,0.5476702659365773,0.0758264579999377,"[""y@t"", ""y@t-1""]",2,20,400.0,137,0.0003313153218276558,5.404445649227433,8.803070936530473,"{""y@t-1"": 0.4419}",{}
"ar_order=2,dynotears_lambda=0.1,engine=dynotears,other_lags=2",model,4,133160,33558,0.881846355563502,0.3767257032677466,6.222527250115597,5.208580674822184,33464,0.8836959120248625,0.3595006424864066,5.950456835336166,4.9346590920691495,94,0.22340425531914893,6.508847341424782,103.07959491159282,102.72466413490265,4459,0.2879569410181655,2.137327682671329,21.71406181989049,21.93269757612173,29099,0.9728513007319839,0.10693896742938189,3.8486741057935845,2.645852152780373,17285,0.7972230257448655,0.6313035345696311,9.162816272123596,7.685411081313648,0.5552092325336541,0.09693995799898403,"[""y@t"", ""y@t-1""]",2,20,400.0,148,0.00038738899815245247,4.437451576375231,8.05467168064796,"{""y@t-1"": 0.4298}","{""throughput_2"": 0.0129}"
"ar_order=2,dynotears_lambda=0.1,engine=dynotears,other_lags=2",ar,4,133160,33558,0.867334167709637,0.47419353471077536,7.717485375344566,5.118505375471822,33464,0.8691728424575663,0.45908865377896074,7.450292960902962,4.845216536025585,94,0.2127659574468085,5.851531146436788,102.83798491655541,102.40933221833271,4459,0.002018389773491814,2.8090103091552914,30.454341535153254,23.642509962068555,29099,0.9999312691157771,0.1164167039864172,4.233391708325529,2.27997015255575,17285,0.7467746601099219,0.826318302543131,11.860660526984304,7.828933864776468,0.549607530671871,0.09693995799898403,"[""y@t"", ""y@t-1""]",2,20,400.0,148,0.00038738899815245247,4.437451576375231,8.05467168064796,"{""y@t-1"": 0.4298}","{""throughput_2"": 0.0129}"
"ar_order=2,dynotears_lambda=0.1,engine=dynotears,other_lags=2",persistence,4,133160,33558,0.8671255736337088,3.6714560806938854,7.540421038515548,4.437451576375232,33464,0.8689636624432225,3.6206678099852585,7.270699220351675,4.160441071001675,94,0.2127659574468085,21.752080452965025,103.56138830485425,103.05319148936171,4459,0.0,27.631021115928547,33.87988368484494,26.414218434626598,29099,1.0,0.0,3.5042801422654106,1.0698305783703927,17285,0.7463118310673995,7.009663152637933,12.215279465613198,8.05467168064796,0.5626144568700057,0.09693995799898403,"[""y@t"", ""y@t-1""]",2,20,400.0,148,0.00038738899815245247,4.437451576375231,8.05467168064796,"{""y@t-1"": 0.4298}","{""throughput_2"": 0.0129}"
"ar_order=2,dynotears_lambda=0.1,engine=dynotears,other_lags=2",model,5,166718,33201,0.9061775247733502,0.28932765202963817,6.015345608097873,4.319396047829755,33108,0.9080886794732391,0.27214526557539703,5.7326932517445695,4.030064398011741,93,0.22580645161290322,6.4062572297394675,106.63958446987411,107.3214633830423,3717,0.3672316384180791,1.743874470732922,18.2556864872983,19.08054384285305,29484,0.9741215574548908,0.10595529668029254,4.472225710933717,2.458482116405877,19062,0.8546847130416535,0.4228931204707589,7.8094513940599395,5.76388155371921,0.5404861296675341,0.13886774999991758,"[""y@t"", ""y@t-1"", ""throughput_2@t-1""]",3,20,8000.0,538,0.008644317942230655,3.5060389747296767,5.571555975238695,"{""y@t-1"": 0.434, ""throughput_2@t-1"": 0.0155}",{}
"ar_order=2,dynotears_lambda=0.1,engine=dynotears,other_lags=2",ar,5,166718,33201,0.8880756603716755,0.4188306893803547,7.490666278589065,4.644157801557399,33108,0.889996375498369,0.4045165282709333,7.212334517092494,4.355604578102423,93,0.20430107526881722,5.514672044334366,106.57677337136778,107.36910535152882,3717,0.0005380683346785041,2.57538609934103,25.419625740610602,19.677613170107133,29484,0.9999660832994166,0.14695725094514134,5.2303914746162645,2.7489144965479246,19062,0.8089392508655965,0.6366688187201611,9.830079468064495,5.970080386144894,0.5252212425942933,0.13886774999991758,"[""y@t"", ""y@t-1"", ""throughput_2@t-1""]",3,20,8000.0,538,0.008644317942230655,3.5060389747296767,5.571555975238695,"{""y@t-1"": 0.434, ""throughput_2@t-1"": 0.0155}",{}
"ar_order=2,dynotears_lambda=0.1,engine=dynotears,other_lags=2",persistence,5,166718,33201,0.888045540796964,3.0934160262614503,6.951378449275671,3.5060389747296843,33108,0.8899661713181104,3.040347043775755,6.66442668412336,3.207834964359075,93,0.20430107526881722,21.98597379116895,109.10620684349799,109.66666666666667,3717,0.0,27.631021115928544,27.795989945530664,21.478880817863864,29484,1.0,0.0,4.3235321281666,1.240231990231999,19062,0.8088867904731928,5.280653127968089,9.624750764470537,5.571555975238694,0.5719162200398573,0.13886774999991758,"[""y@t"", ""y@t-1"", ""throughput_2@t-1""]",3,20,8000.0,538,0.008644317942230655,3.5060389747296767,5.571555975238695,"{""y@t-1"": 0.434, ""throughput_2@t-1"": 0.0155}",{}
