config,model,fold,n_train,n_all,acc_all,logloss_all,mae_all,maeh_all,n_within,acc_within,logloss_within,mae_within,maeh_within,n_xrun,acc_xrun,logloss_xrun,mae_xrun,maeh_xrun,n_change,acc_change,logloss_change,mae_change,maeh_change,n_stay,acc_stay,logloss_stay,mae_stay,maeh_stay,n_event,acc_event,logloss_event,mae_event,maeh_event,f1_all,search_sec,parents,n_parents,n_y,cpt_configs_possible,cpt_configs_seen,test_unseen_config_frac,mae_persistence_continuous,mae_persistence_continuous_event,dynotears_weights,dynotears_unobservable_same_slice_parents
"ar_order=2,other_lags=2",model,1,33200,33558,0.9081888074378688,0.36551297246968595,10.335400577841236,6.419482291605135,33464,0.9102318909873297,0.3421460959999523,10.017481100393615,6.089933978816395,94,0.18085106382978725,8.684120995694853,123.51473454919505,123.7386816443967,3694,0.2596101786681104,2.8522083518562003,39.31462107425537,38.280752504836094,29864,0.9884141441200107,0.05792347570254878,6.750842564388457,2.4784317904105486,18713,0.8453481536899482,0.5827597090736906,12.88740637137555,9.716864269684597,0.7526012405743326,0.1023773793131113,"[""y@t"", ""throughput_2@t"", ""throughput_2@t-1"", ""buffer_size_3@t""]",4,20,160000.0,588,0.1846057571964956,5.184546158889088,8.675573130978464,,
"ar_order=2,other_lags=2",ar,1,33200,33558,0.8856606472376185,0.5576372039854111,11.487186815944714,7.077786139463065,33464,0.8877002151565861,0.5402474176521279,11.172550032185619,6.7507304392704155,94,0.1595744680851064,6.748401138634215,123.49788183418326,123.50961540804602,3694,0.004872766648619383,4.0583061636338496,42.90464030387504,37.64494866652446,29864,0.9946088936512189,0.1246251782373086,7.601033816198711,3.2968090977082847,18713,0.7998717469139102,0.8748493576805083,14.154713683099247,9.718863562364737,0.7218339023363998,0.1023773793131113,"[""y@t"", ""throughput_2@t"", ""throughput_2@t-1"", ""buffer_size_3@t""]",4,20,160000.0,588,0.1846057571964956,5.184546158889088,8.675573130978464,,
"ar_order=2,other_lags=2",persistence,1,33200,33558,0.8899219262172954,3.0415695810906507,10.024628822031769,5.1845461588890895,33464,0.8919734640210375,2.984883496715327,9.70548658753815,4.851362658379156,94,0.1595744680851064,23.221815618705897,123.63926430175924,123.79787234042553,3694,0.0,27.63102111592855,42.1496400137932,36.3264753654575,29864,1.0,0.0,6.050955123184769,1.3324738815965729,18713,0.8068187890771121,5.337794118210961,12.858127756401132,8.675573130978464,0.7735241456423483,0.1023773793131113,"[""y@t"", ""throughput_2@t"", ""throughput_2@t-1"", ""buffer_size_3@t""]",4,20,160000.0,588,0.1846057571964956,5.184546158889088,8.675573130978464,,
"ar_order=2,other_lags=2",model,2,66758,33201,0.8944007710611126,0.34251445481989756,9.813426278016701,6.6536040856847976,33108,0.8964600700736982,0.3240919269604918,9.484191979282022,6.318920252688669,93,0.16129032258064516,6.900934372768332,127.02083662756262,125.80104863230648,4367,0.4128692466223952,1.9248977607368636,28.21096619050335,30.097728637699046,28834,0.9673302351390719,0.1028575256064901,7.027060987116056,3.10291767663138,19738,0.8485155537541798,0.4790452192949052,10.971980143011201,9.253575652546129,0.7665861652891456,0.20772367529571056,"[""y@t"", ""throughput_2@t"", ""data_quality_1@t+h"", ""throughput_2@t-1""]",4,20,80000.0,1067,0.12309870184632993,4.902623414957381,7.62306211368933,,
"ar_order=2,other_lags=2",ar,2,66758,33201,0.8701545134182705,0.5050236978555155,10.454689521086923,6.380662534734873,33108,0.8721759091458258,0.48812108193588344,10.111391585326679,6.028314798432174,93,0.15053763440860216,6.522354965244533,132.66875465173356,131.81645665849618,4367,0.034119532860087017,3.038713986816946,33.02808938132045,27.472451613798878,28834,0.9967746410487619,0.12128833363637949,7.035877105548329,3.186244732547439,19738,0.7858952274799879,0.7343481992221773,11.827036475823242,8.090460684569663,0.7505324110641358,0.20772367529571056,"[""y@t"", ""throughput_2@t"", ""data_quality_1@t+h"", ""throughput_2@t-1""]",4,20,80000.0,1067,0.12309870184632993,4.902623414957381,7.62306211368933,,
"ar_order=2,other_lags=2",persistence,2,66758,33201,0.8684678172344207,3.6343685194198962,9.960226829045615,4.902623414957387,33108,0.8704844750513471,3.578646204696799,9.612924391597936,4.54464177842214,93,0.15053763440860216,23.471512560842527,133.59989456041953,132.34408602150538,4367,0.0,27.631021115928547,34.401296563651044,27.813144034806502,28834,1.0,0.0,6.258549936105965,1.4327529999306452,19738,0.782754078427399,6.002726646321897,11.758325629862272,7.62306211368933,0.7626047187682191,0.20772367529571056,"[""y@t"", ""throughput_2@t"", ""data_quality_1@t+h"", ""throughput_2@t-1""]",4,20,80000.0,1067,0.12309870184632993,4.902623414957381,7.62306211368933,,
"ar_order=2,other_lags=2",model,3,99959,33201,0.9342790879792777,0.23511192679941245,8.582396459305166,5.385119412500838,33108,0.9363899963754984,0.21272113192343653,8.178038146739961,4.972594920660839,93,0.1827956989247312,8.206234902646843,152.5339557325184,152.24383850754103,3573,0.572348166806605,1.7063349225018658,28.952522760348412,31.073422239352126,29628,0.9779262859457271,0.057689226527883296,6.125853281445456,2.287228701000244,18433,0.9005045299191667,0.34626807947789573,9.564088080658072,7.680117047145025,0.8210113894444475,0.6677710469812155,"[""y@t"", ""throughput_2@t"", ""throughput_2@t-1"", ""buffer_size_3@t""]",4,20,160000.0,1445,0.05807054004397458,4.688894912803831,7.6735745673520315,,
"ar_order=2,other_lags=2",ar,3,99959,33201,0.8925634770037048,0.4319739097995062,9.609222363733878,5.773449984125006,33108,0.8945270025371511,0.41501823570537455,9.207312154040748,5.36200070706736,93,0.1935483870967742,6.468193887310355,152.68925701448777,152.24939261664642,3573,0.011474951021550517,3.047328471810701,36.64845547219517,31.069313193702868,29628,0.9988186850276766,0.11657422537713544,6.348415697859292,2.7228856784742113,18433,0.8107199045190691,0.6504801301619253,11.002593193631258,7.465522463291521,0.7581009007981645,0.6677710469812155,"[""y@t"", ""throughput_2@t"", ""throughput_2@t-1"", ""buffer_size_3@t""]",4,20,160000.0,1445,0.05807054004397458,4.688894912803831,7.6735745673520315,,
"ar_order=2,other_lags=2",persistence,3,99959,33201,0.8923827595554351,2.973574243161733,9.329639287342522,4.688894912803838,33108,0.8943457774555998,2.919334054111334,8.924678899107837,4.272290685030815,93,0.1935483870967742,22.283081545103663,153.4955374988903,153.0,3573,0.0,27.631021115928547,39.205393036369564,33.52504897844948,29628,1.0,0.0,5.726761329151836,1.2113878763332064,18433,0.8102316497585852,5.243493292655458,11.48355310837272,7.6735745673520315,0.7693282577853836,0.6677710469812155,"[""y@t"", ""throughput_2@t"", ""throughput_2@t-1"", ""buffer_size_3@t""]",4,20,160000.0,1445,0.05807054004397458,4.688894912803831,7.6735745673520315,,
"ar_order=2,other_lags=2",model,4,133160,33558,0.9364384051492938,0.23573708279268193,7.541713868318217,4.874948341628649,33464,0.938351661486971,0.21813067292299543,7.254673129138939,4.579054307209587,94,0.2553191489361702,6.503618996401084,109.72821701614164,110.21322459481449,3738,0.5481540930979133,1.6444796939181054,20.608712708461553,25.148938966375265,29820,0.9851106639839035,0.05914822027132604,5.903737957370673,2.3335607844421005,17046,0.8918221283585592,0.38346348413936143,7.908256898326092,7.366938455841299,0.7723547811912218,0.7509692888706923,"[""y@t"", ""throughput_2@t"", ""throughput_2@t-1"", ""data_quality_3@t+h""]",4,20,72000.0,1558,0.06555813814887657,3.4797365754812564,6.237240408306934,,
"ar_order=2,other_lags=2",ar,4,133160,33558,0.8886107634543179,0.45696023717246426,8.508271460689382,4.690388717980491,33464,0.8904195553430552,0.4427906971390249,8.22224218945182,4.3933392386895775,94,0.24468085106382978,5.501316489076857,110.33469202126078,110.44000334554535,3738,0.0,3.141641454115752,27.84610834711612,21.224180173606694,29820,1.0,0.12042977476689717,6.084232752390816,2.617843028472418,17046,0.78487621729438,0.7524249355876457,9.567198350087114,6.157485842814768,0.7394748373264483,0.7509692888706923,"[""y@t"", ""throughput_2@t"", ""throughput_2@t-1"", ""data_quality_3@t+h""]",4,20,72000.0,1558,0.06555813814887657,3.4797365754812564,6.237240408306934,,
"ar_order=2,other_lags=2",persistence,4,133160,33558,0.8886107634543179,3.077798347080902,8.178235962801633,3.4797365754812626,33464,0.8904195553430552,3.0278195802088805,7.888623211158364,3.177145589289989,94,0.24468085106382978,20.870239353520496,111.28037554780612,111.20212765957447,3738,0.0,27.631021115928547,29.672995689107662,22.419208132691278,29820,1.0,0.0,5.483822419644963,1.1056338028169082,17046,0.78487621729438,5.944089782477413,9.79507236652644,6.237240408306934,0.7394748373264483,0.7509692888706923,"[""y@t"", ""throughput_2@t"", ""throughput_2@t-1"", ""data_quality_3@t+h""]",4,20,72000.0,1558,0.06555813814887657,3.4797365754812564,6.237240408306934,,
"ar_order=2,other_lags=2",model,5,166718,33201,0.9390078612089997,0.22496449617392444,8.556849435000048,5.567448926655835,33108,0.9410112359550562,0.20407417125118335,8.242583405612455,5.24584106610416,93,0.22580645161290322,7.661920168669746,120.43555589698222,120.05984728305239,3337,0.5777644590949955,1.7093160121266764,31.65888159865891,35.547713814871784,29864,0.979373158317707,0.05910322478582056,5.975430960243497,2.2174575011275532,18670,0.9078200321371184,0.32593321719821444,9.773156813566628,8.287155964647077,0.7124065231040783,0.9110227823257446,"[""y@t"", ""throughput_2@t"", ""throughput_2@t-1"", ""buffer_size_3@t""]",4,20,160000.0,1807,0.05517906087166049,4.876780819854823,8.07123727905731,,
"ar_order=2,other_lags=2",ar,5,166718,33201,0.8995210987620855,0.43980100166609887,10.265829303389747,6.4406367979635535,33108,0.9014135556361,0.4246930884468797,9.959790895435876,6.1244522121795875,93,0.22580645161290322,5.81821810770813,119.21550253496788,119.00234933705568,3337,0.00029967036260113877,3.2669967260021817,41.18023455812651,35.44465731633126,29864,1.0,0.12389046951670465,6.811457138406607,3.1997308084848153,18670,0.8251740760578468,0.6621837791390752,12.095901398735837,8.611769401247129,0.689302047179812,0.9110227823257446,"[""y@t"", ""throughput_2@t"", ""throughput_2@t-1"", ""buffer_size_3@t""]",4,20,160000.0,1807,0.05517906087166049,4.876780819854823,8.07123727905731,,
"ar_order=2,other_lags=2",persistence,5,166718,33201,0.8994909791873739,2.7771668764149746,9.591855277699558,4.876780819854831,33108,0.9013833514558415,2.7248786983057482,9.278621368473416,4.551467923160573,93,0.22580645161290322,21.391758283299517,121.10312696220682,120.68817204301075,3337,0.0,27.631021115928547,43.39065382393359,37.13964638897213,29864,1.0,0.0,5.815181330847731,1.271731851058139,18670,0.825120514193894,4.832098765051243,11.866004617462789,8.07123727905731,0.6895036600830379,0.9110227823257446,"[""y@t"", ""throughput_2@t"", ""throughput_2@t-1"", ""buffer_size_3@t""]",4,20,160000.0,1807,0.05517906087166049,4.876780819854823,8.07123727905731,,
"ar_order=2,level=True,other_lags=2",model,1,33200,33558,0.9081888074378688,0.36551297246968595,10.335400577841236,6.419482291605135,33464,0.9102318909873297,0.3421460959999523,10.017481100393615,6.089933978816395,94,0.18085106382978725,8.684120995694853,123.51473454919505,123.7386816443967,3694,0.2596101786681104,2.8522083518562003,39.31462107425537,38.280752504836094,29864,0.9884141441200107,0.05792347570254878,6.750842564388457,2.4784317904105486,18713,0.8453481536899482,0.5827597090736906,12.88740637137555,9.716864269684597,0.7526012405743326,0.10924739949405193,"[""y@t"", ""throughput_2@t"", ""throughput_2@t-1"", ""buffer_size_3@t""]",4,20,160000.0,588,0.1846057571964956,5.184546158889088,8.675573130978464,,
"ar_order=2,level=True,other_lags=2",ar,1,33200,33558,0.8856606472376185,0.5576372039854111,11.487186815944714,7.077786139463065,33464,0.8877002151565861,0.5402474176521279,11.172550032185619,6.7507304392704155,94,0.1595744680851064,6.748401138634215,123.49788183418326,123.50961540804602,3694,0.004872766648619383,4.0583061636338496,42.90464030387504,37.64494866652446,29864,0.9946088936512189,0.1246251782373086,7.601033816198711,3.2968090977082847,18713,0.7998717469139102,0.8748493576805083,14.154713683099247,9.718863562364737,0.7218339023363998,0.10924739949405193,"[""y@t"", ""throughput_2@t"", ""throughput_2@t-1"", ""buffer_size_3@t""]",4,20,160000.0,588,0.1846057571964956,5.184546158889088,8.675573130978464,,
"ar_order=2,level=True,other_lags=2",persistence,1,33200,33558,0.8899219262172954,3.0415695810906507,10.024628822031769,5.1845461588890895,33464,0.8919734640210375,2.984883496715327,9.70548658753815,4.851362658379156,94,0.1595744680851064,23.221815618705897,123.63926430175924,123.79787234042553,3694,0.0,27.63102111592855,42.1496400137932,36.3264753654575,29864,1.0,0.0,6.050955123184769,1.3324738815965729,18713,0.8068187890771121,5.337794118210961,12.858127756401132,8.675573130978464,0.7735241456423483,0.10924739949405193,"[""y@t"", ""throughput_2@t"", ""throughput_2@t-1"", ""buffer_size_3@t""]",4,20,160000.0,588,0.1846057571964956,5.184546158889088,8.675573130978464,,
"ar_order=2,level=True,other_lags=2",model,2,66758,33201,0.8944007710611126,0.34251445481989756,9.813426278016701,6.6536040856847976,33108,0.8964600700736982,0.3240919269604918,9.484191979282022,6.318920252688669,93,0.16129032258064516,6.900934372768332,127.02083662756262,125.80104863230648,4367,0.4128692466223952,1.9248977607368636,28.21096619050335,30.097728637699046,28834,0.9673302351390719,0.1028575256064901,7.027060987116056,3.10291767663138,19738,0.8485155537541798,0.4790452192949052,10.971980143011201,9.253575652546129,0.7665861652891456,0.22036566957831383,"[""y@t"", ""throughput_2@t"", ""data_quality_1@t+h"", ""throughput_2@t-1""]",4,20,80000.0,1067,0.12309870184632993,4.902623414957381,7.62306211368933,,
"ar_order=2,level=True,other_lags=2",ar,2,66758,33201,0.8701545134182705,0.5050236978555155,10.454689521086923,6.380662534734873,33108,0.8721759091458258,0.48812108193588344,10.111391585326679,6.028314798432174,93,0.15053763440860216,6.522354965244533,132.66875465173356,131.81645665849618,4367,0.034119532860087017,3.038713986816946,33.02808938132045,27.472451613798878,28834,0.9967746410487619,0.12128833363637949,7.035877105548329,3.186244732547439,19738,0.7858952274799879,0.7343481992221773,11.827036475823242,8.090460684569663,0.7505324110641358,0.22036566957831383,"[""y@t"", ""throughput_2@t"", ""data_quality_1@t+h"", ""throughput_2@t-1""]",4,20,80000.0,1067,0.12309870184632993,4.902623414957381,7.62306211368933,,
"ar_order=2,level=True,other_lags=2",persistence,2,66758,33201,0.8684678172344207,3.6343685194198962,9.960226829045615,4.902623414957387,33108,0.8704844750513471,3.578646204696799,9.612924391597936,4.54464177842214,93,0.15053763440860216,23.471512560842527,133.59989456041953,132.34408602150538,4367,0.0,27.631021115928547,34.401296563651044,27.813144034806502,28834,1.0,0.0,6.258549936105965,1.4327529999306452,19738,0.782754078427399,6.002726646321897,11.758325629862272,7.62306211368933,0.7626047187682191,0.22036566957831383,"[""y@t"", ""throughput_2@t"", ""data_quality_1@t+h"", ""throughput_2@t-1""]",4,20,80000.0,1067,0.12309870184632993,4.902623414957381,7.62306211368933,,
"ar_order=2,level=True,other_lags=2",model,3,99959,33201,0.9342790879792777,0.23511192679941245,8.582396459305166,5.385119412500838,33108,0.9363899963754984,0.21272113192343653,8.178038146739961,4.972594920660839,93,0.1827956989247312,8.206234902646843,152.5339557325184,152.24383850754103,3573,0.572348166806605,1.7063349225018658,28.952522760348412,31.073422239352126,29628,0.9779262859457271,0.057689226527883296,6.125853281445456,2.287228701000244,18433,0.9005045299191667,0.34626807947789573,9.564088080658072,7.680117047145025,0.8210113894444475,0.6277849152684212,"[""y@t"", ""throughput_2@t"", ""throughput_2@t-1"", ""buffer_size_3@t""]",4,20,160000.0,1445,0.05807054004397458,4.688894912803831,7.6735745673520315,,
"ar_order=2,level=True,other_lags=2",ar,3,99959,33201,0.8925634770037048,0.4319739097995062,9.609222363733878,5.773449984125006,33108,0.8945270025371511,0.41501823570537455,9.207312154040748,5.36200070706736,93,0.1935483870967742,6.468193887310355,152.68925701448777,152.24939261664642,3573,0.011474951021550517,3.047328471810701,36.64845547219517,31.069313193702868,29628,0.9988186850276766,0.11657422537713544,6.348415697859292,2.7228856784742113,18433,0.8107199045190691,0.6504801301619253,11.002593193631258,7.465522463291521,0.7581009007981645,0.6277849152684212,"[""y@t"", ""throughput_2@t"", ""throughput_2@t-1"", ""buffer_size_3@t""]",4,20,160000.0,1445,0.05807054004397458,4.688894912803831,7.6735745673520315,,
"ar_order=2,level=True,other_lags=2",persistence,3,99959,33201,0.8923827595554351,2.973574243161733,9.329639287342522,4.688894912803838,33108,0.8943457774555998,2.919334054111334,8.924678899107837,4.272290685030815,93,0.1935483870967742,22.283081545103663,153.4955374988903,153.0,3573,0.0,27.631021115928547,39.205393036369564,33.52504897844948,29628,1.0,0.0,5.726761329151836,1.2113878763332064,18433,0.8102316497585852,5.243493292655458,11.48355310837272,7.6735745673520315,0.7693282577853836,0.6277849152684212,"[""y@t"", ""throughput_2@t"", ""throughput_2@t-1"", ""buffer_size_3@t""]",4,20,160000.0,1445,0.05807054004397458,4.688894912803831,7.6735745673520315,,
"ar_order=2,level=True,other_lags=2",model,4,133160,33558,0.9364384051492938,0.23573708279268193,7.541713868318217,4.874948341628649,33464,0.938351661486971,0.21813067292299543,7.254673129138939,4.579054307209587,94,0.2553191489361702,6.503618996401084,109.72821701614164,110.21322459481449,3738,0.5481540930979133,1.6444796939181054,20.608712708461553,25.148938966375265,29820,0.9851106639839035,0.05914822027132604,5.903737957370673,2.3335607844421005,17046,0.8918221283585592,0.38346348413936143,7.908256898326092,7.366938455841299,0.7723547811912218,0.797611964866519,"[""y@t"", ""throughput_2@t"", ""throughput_2@t-1"", ""data_quality_3@t+h""]",4,20,72000.0,1558,0.06555813814887657,3.4797365754812564,6.237240408306934,,
"ar_order=2,level=True,other_lags=2",ar,4,133160,33558,0.8886107634543179,0.45696023717246426,8.508271460689382,4.690388717980491,33464,0.8904195553430552,0.4427906971390249,8.22224218945182,4.3933392386895775,94,0.24468085106382978,5.501316489076857,110.33469202126078,110.44000334554535,3738,0.0,3.141641454115752,27.84610834711612,21.224180173606694,29820,1.0,0.12042977476689717,6.084232752390816,2.617843028472418,17046,0.78487621729438,0.7524249355876457,9.567198350087114,6.157485842814768,0.7394748373264483,0.797611964866519,"[""y@t"", ""throughput_2@t"", ""throughput_2@t-1"", ""data_quality_3@t+h""]",4,20,72000.0,1558,0.06555813814887657,3.4797365754812564,6.237240408306934,,
"ar_order=2,level=True,other_lags=2",persistence,4,133160,33558,0.8886107634543179,3.077798347080902,8.178235962801633,3.4797365754812626,33464,0.8904195553430552,3.0278195802088805,7.888623211158364,3.177145589289989,94,0.24468085106382978,20.870239353520496,111.28037554780612,111.20212765957447,3738,0.0,27.631021115928547,29.672995689107662,22.419208132691278,29820,1.0,0.0,5.483822419644963,1.1056338028169082,17046,0.78487621729438,5.944089782477413,9.79507236652644,6.237240408306934,0.7394748373264483,0.797611964866519,"[""y@t"", ""throughput_2@t"", ""throughput_2@t-1"", ""data_quality_3@t+h""]",4,20,72000.0,1558,0.06555813814887657,3.4797365754812564,6.237240408306934,,
"ar_order=2,level=True,other_lags=2",model,5,166718,33201,0.9390078612089997,0.22496449617392444,8.556849435000048,5.567448926655835,33108,0.9410112359550562,0.20407417125118335,8.242583405612455,5.24584106610416,93,0.22580645161290322,7.661920168669746,120.43555589698222,120.05984728305239,3337,0.5777644590949955,1.7093160121266764,31.65888159865891,35.547713814871784,29864,0.979373158317707,0.05910322478582056,5.975430960243497,2.2174575011275532,18670,0.9078200321371184,0.32593321719821444,9.773156813566628,8.287155964647077,0.7124065231040783,0.944595592096448,"[""y@t"", ""throughput_2@t"", ""throughput_2@t-1"", ""buffer_size_3@t""]",4,20,160000.0,1807,0.05517906087166049,4.876780819854823,8.07123727905731,,
"ar_order=2,level=True,other_lags=2",ar,5,166718,33201,0.8995210987620855,0.43980100166609887,10.265829303389747,6.4406367979635535,33108,0.9014135556361,0.4246930884468797,9.959790895435876,6.1244522121795875,93,0.22580645161290322,5.81821810770813,119.21550253496788,119.00234933705568,3337,0.00029967036260113877,3.2669967260021817,41.18023455812651,35.44465731633126,29864,1.0,0.12389046951670465,6.811457138406607,3.1997308084848153,18670,0.8251740760578468,0.6621837791390752,12.095901398735837,8.611769401247129,0.689302047179812,0.944595592096448,"[""y@t"", ""throughput_2@t"", ""throughput_2@t-1"", ""buffer_size_3@t""]",4,20,160000.0,1807,0.05517906087166049,4.876780819854823,8.07123727905731,,
"ar_order=2,level=True,other_lags=2",persistence,5,166718,33201,0.8994909791873739,2.7771668764149746,9.591855277699558,4.876780819854831,33108,0.9013833514558415,2.7248786983057482,9.278621368473416,4.551467923160573,93,0.22580645161290322,21.391758283299517,121.10312696220682,120.68817204301075,3337,0.0,27.631021115928547,43.39065382393359,37.13964638897213,29864,1.0,0.0,5.815181330847731,1.271731851058139,18670,0.825120514193894,4.832098765051243,11.866004617462789,8.07123727905731,0.6895036600830379,0.944595592096448,"[""y@t"", ""throughput_2@t"", ""throughput_2@t-1"", ""buffer_size_3@t""]",4,20,160000.0,1807,0.05517906087166049,4.876780819854823,8.07123727905731,,
"ar_order=2,forced=('y@t', 'level_throughput_3@t'),level=True,other_lags=2",model,1,33200,33558,0.9146850229453484,0.36564520501343944,10.330448885389702,6.568188863016833,33464,0.9167762371503706,0.3419307226358324,10.013345684346472,6.239980352550972,94,0.1702127659574468,8.808000931441512,123.21918845677979,123.41041858886337,3694,0.4106659447753113,2.764952834727934,38.831162953966235,39.572084512012665,29864,0.9770291990356281,0.06886505553027095,6.805079284220342,2.4858023599566055,18713,0.8627691978838241,0.5763797927212604,12.896972546110801,10.107494698784512,0.7538193501806169,0.07930902764201164,"[""y@t"", ""level_throughput_3@t"", ""throughput_2@t"", ""throughput_2@t-1""]",4,20,160000.0,590,0.12086536742356517,5.184546158889088,8.675573130978464,,
"ar_order=2,forced=('y@t', 'level_throughput_3@t'),level=True,other_lags=2",ar,1,33200,33558,0.8856606472376185,0.5576372039854111,11.487186815944714,7.077786139463065,33464,0.8877002151565861,0.5402474176521279,11.172550032185619,6.7507304392704155,94,0.1595744680851064,6.748401138634215,123.49788183418326,123.50961540804602,3694,0.004872766648619383,4.0583061636338496,42.90464030387504,37.64494866652446,29864,0.9946088936512189,0.1246251782373086,7.601033816198711,3.2968090977082847,18713,0.7998717469139102,0.8748493576805083,14.154713683099247,9.718863562364737,0.7218339023363998,0.07930902764201164,"[""y@t"", ""level_throughput_3@t"", ""throughput_2@t"", ""throughput_2@t-1""]",4,20,160000.0,590,0.12086536742356517,5.184546158889088,8.675573130978464,,
"ar_order=2,forced=('y@t', 'level_throughput_3@t'),level=True,other_lags=2",persistence,1,33200,33558,0.8899219262172954,3.0415695810906507,10.024628822031769,5.1845461588890895,33464,0.8919734640210375,2.984883496715327,9.70548658753815,4.851362658379156,94,0.1595744680851064,23.221815618705897,123.63926430175924,123.79787234042553,3694,0.0,27.63102111592855,42.1496400137932,36.3264753654575,29864,1.0,0.0,6.050955123184769,1.3324738815965729,18713,0.8068187890771121,5.337794118210961,12.858127756401132,8.675573130978464,0.7735241456423483,0.07930902764201164,"[""y@t"", ""level_throughput_3@t"", ""throughput_2@t"", ""throughput_2@t-1""]",4,20,160000.0,590,0.12086536742356517,5.184546158889088,8.675573130978464,,
"ar_order=2,forced=('y@t', 'level_throughput_3@t'),level=True,other_lags=2",model,2,66758,33201,0.8879853016475407,0.3860578376788408,9.813757116469644,6.786590769968907,33108,0.8900265796786275,0.36771251899416674,9.482055598695274,6.44979289874545,93,0.16129032258064516,6.916991289422798,127.89949744414459,126.68663292551972,4367,0.3533318067323105,2.2235651805474124,28.558563051272785,29.080053750370627,28834,0.9689602552542138,0.10776157055298065,6.974797294131939,3.4101756754480523,19738,0.8358496301550309,0.5497899153109912,10.843215288783144,9.081516058817666,0.766251762593844,0.15772190131247044,"[""y@t"", ""level_throughput_3@t"", ""throughput_2@t"", ""data_quality_1@t+h""]",4,20,80000.0,1213,0.11002680642149333,4.902623414957381,7.62306211368933,,
"ar_order=2,forced=('y@t', 'level_throughput_3@t'),level=True,other_lags=2",ar,2,66758,33201,0.8701545134182705,0.5050236978555155,10.454689521086923,6.380662534734873,33108,0.8721759091458258,0.48812108193588344,10.111391585326679,6.028314798432174,93,0.15053763440860216,6.522354965244533,132.66875465173356,131.81645665849618,4367,0.034119532860087017,3.038713986816946,33.02808938132045,27.472451613798878,28834,0.9967746410487619,0.12128833363637949,7.035877105548329,3.186244732547439,19738,0.7858952274799879,0.7343481992221773,11.827036475823242,8.090460684569663,0.7505324110641358,0.15772190131247044,"[""y@t"", ""level_throughput_3@t"", ""throughput_2@t"", ""data_quality_1@t+h""]",4,20,80000.0,1213,0.11002680642149333,4.902623414957381,7.62306211368933,,
"ar_order=2,forced=('y@t', 'level_throughput_3@t'),level=True,other_lags=2",persistence,2,66758,33201,0.8684678172344207,3.6343685194198962,9.960226829045615,4.902623414957387,33108,0.8704844750513471,3.578646204696799,9.612924391597936,4.54464177842214,93,0.15053763440860216,23.471512560842527,133.59989456041953,132.34408602150538,4367,0.0,27.631021115928547,34.401296563651044,27.813144034806502,28834,1.0,0.0,6.258549936105965,1.4327529999306452,19738,0.782754078427399,6.002726646321897,11.758325629862272,7.62306211368933,0.7626047187682191,0.15772190131247044,"[""y@t"", ""level_throughput_3@t"", ""throughput_2@t"", ""data_quality_1@t+h""]",4,20,80000.0,1213,0.11002680642149333,4.902623414957381,7.62306211368933,,
"ar_order=2,forced=('y@t', 'level_throughput_3@t'),level=True,other_lags=2",model,3,99959,33201,0.9342790879792777,0.22869651385228076,8.364680947459904,5.285306816981154,33108,0.9363597921952398,0.20705577123174054,7.9599053756763745,4.872594044585938,93,0.1935483870967742,7.932800886764601,152.46478450239613,152.21105378967823,3573,0.5586342009515813,1.6540537682343,28.503994775187444,31.301475969092674,29628,0.9795801269069799,0.05680501021022073,5.935972688162263,2.1478769404962588,18433,0.8997992730429122,0.33356343463075355,9.348538669682219,7.662480038734734,0.8285955486679392,0.467212675139308,"[""y@t"", ""level_throughput_3@t"", ""throughput_2@t"", ""throughput_2@t-1""]",4,20,160000.0,1545,0.031083401102376434,4.688894912803831,7.6735745673520315,,
"ar_order=2,forced=('y@t', 'level_throughput_3@t'),level=True,other_lags=2",ar,3,99959,33201,0.8925634770037048,0.4319739097995062,9.609222363733878,5.773449984125006,33108,0.8945270025371511,0.41501823570537455,9.207312154040748,5.36200070706736,93,0.1935483870967742,6.468193887310355,152.68925701448777,152.24939261664642,3573,0.011474951021550517,3.047328471810701,36.64845547219517,31.069313193702868,29628,0.9988186850276766,0.11657422537713544,6.348415697859292,2.7228856784742113,18433,0.8107199045190691,0.6504801301619253,11.002593193631258,7.465522463291521,0.7581009007981645,0.467212675139308,"[""y@t"", ""level_throughput_3@t"", ""throughput_2@t"", ""throughput_2@t-1""]",4,20,160000.0,1545,0.031083401102376434,4.688894912803831,7.6735745673520315,,
"ar_order=2,forced=('y@t', 'level_throughput_3@t'),level=True,other_lags=2",persistence,3,99959,33201,0.8923827595554351,2.973574243161733,9.329639287342522,4.688894912803838,33108,0.8943457774555998,2.919334054111334,8.924678899107837,4.272290685030815,93,0.1935483870967742,22.283081545103663,153.4955374988903,153.0,3573,0.0,27.631021115928547,39.205393036369564,33.52504897844948,29628,1.0,0.0,5.726761329151836,1.2113878763332064,18433,0.8102316497585852,5.243493292655458,11.48355310837272,7.6735745673520315,0.7693282577853836,0.467212675139308,"[""y@t"", ""level_throughput_3@t"", ""throughput_2@t"", ""throughput_2@t-1""]",4,20,160000.0,1545,0.031083401102376434,4.688894912803831,7.6735745673520315,,
"ar_order=2,forced=('y@t', 'level_throughput_3@t'),level=True,other_lags=2",model,4,133160,33558,0.9416830562012038,0.2230233296602629,7.31461907673948,4.454711457750339,33464,0.9436110447047573,0.20467423761640768,7.025664627637227,4.157272733523513,94,0.2553191489361702,6.755300097272727,110.18240295714136,110.34289728250046,3738,0.5917602996254682,1.607219396471511,20.63899131358428,24.673691853300447,29820,0.9855466130114018,0.049511428327585316,5.644380866768793,1.9202195490123677,17046,0.9027337791857327,0.3617224006909793,7.973052307174758,7.271169653602155,0.7738088779406224,0.5311791431158781,"[""y@t"", ""level_throughput_3@t"", ""throughput_2@t"", ""throughput_2@t-1""]",4,20,160000.0,1786,0.05655879373025806,3.4797365754812564,6.237240408306934,,
"ar_order=2,forced=('y@t', 'level_throughput_3@t'),level=True,other_lags=2",ar,4,133160,33558,0.8886107634543179,0.45696023717246426,8.508271460689382,4.690388717980491,33464,0.8904195553430552,0.4427906971390249,8.22224218945182,4.3933392386895775,94,0.24468085106382978,5.501316489076857,110.33469202126078,110.44000334554535,3738,0.0,3.141641454115752,27.84610834711612,21.224180173606694,29820,1.0,0.12042977476689717,6.084232752390816,2.617843028472418,17046,0.78487621729438,0.7524249355876457,9.567198350087114,6.157485842814768,0.7394748373264483,0.5311791431158781,"[""y@t"", ""level_throughput_3@t"", ""throughput_2@t"", ""throughput_2@t-1""]",4,20,160000.0,1786,0.05655879373025806,3.4797365754812564,6.237240408306934,,
"ar_order=2,forced=('y@t', 'level_throughput_3@t'),level=True,other_lags=2",persistence,4,133160,33558,0.8886107634543179,3.077798347080902,8.178235962801633,3.4797365754812626,33464,0.8904195553430552,3.0278195802088805,7.888623211158364,3.177145589289989,94,0.24468085106382978,20.870239353520496,111.28037554780612,111.20212765957447,3738,0.0,27.631021115928547,29.672995689107662,22.419208132691278,29820,1.0,0.0,5.483822419644963,1.1056338028169082,17046,0.78487621729438,5.944089782477413,9.79507236652644,6.237240408306934,0.7394748373264483,0.5311791431158781,"[""y@t"", ""level_throughput_3@t"", ""throughput_2@t"", ""throughput_2@t-1""]",4,20,160000.0,1786,0.05655879373025806,3.4797365754812564,6.237240408306934,,
"ar_order=2,forced=('y@t', 'level_throughput_3@t'),level=True,other_lags=2",model,5,166718,33201,0.9362067407608204,0.2275109544545643,8.688331757236808,5.660909857090438,33108,0.9382022471910112,0.20762579693636388,8.373580856898396,5.338798443866294,93,0.22580645161290322,7.306627030933909,120.73965227771099,120.33257296488564,3337,0.5738687443811807,1.738759470667612,32.373158155657556,36.48763415329223,29864,0.9766943477096169,0.058644215283557746,6.04179192025817,2.216335152549004,18670,0.9048741296197108,0.33101137804326897,9.980763181097473,8.505370456363256,0.7110961057744609,0.6780558731406927,"[""y@t"", ""level_throughput_3@t"", ""throughput_2@t"", ""throughput_2@t-1""]",4,20,160000.0,1928,0.015391102677630192,4.876780819854823,8.07123727905731,,
"ar_order=2,forced=('y@t', 'level_throughput_3@t'),level=True,other_lags=2",ar,5,166718,33201,0.8995210987620855,0.43980100166609887,10.265829303389747,6.4406367979635535,33108,0.9014135556361,0.4246930884468797,9.959790895435876,6.1244522121795875,93,0.22580645161290322,5.81821810770813,119.21550253496788,119.00234933705568,3337,0.00029967036260113877,3.2669967260021817,41.18023455812651,35.44465731633126,29864,1.0,0.12389046951670465,6.811457138406607,3.1997308084848153,18670,0.8251740760578468,0.6621837791390752,12.095901398735837,8.611769401247129,0.689302047179812,0.6780558731406927,"[""y@t"", ""level_throughput_3@t"", ""throughput_2@t"", ""throughput_2@t-1""]",4,20,160000.0,1928,0.015391102677630192,4.876780819854823,8.07123727905731,,
"ar_order=2,forced=('y@t', 'level_throughput_3@t'),level=True,other_lags=2",persistence,5,166718,33201,0.8994909791873739,2.7771668764149746,9.591855277699558,4.876780819854831,33108,0.9013833514558415,2.7248786983057482,9.278621368473416,4.551467923160573,93,0.22580645161290322,21.391758283299517,121.10312696220682,120.68817204301075,3337,0.0,27.631021115928547,43.39065382393359,37.13964638897213,29864,1.0,0.0,5.815181330847731,1.271731851058139,18670,0.825120514193894,4.832098765051243,11.866004617462789,8.07123727905731,0.6895036600830379,0.6780558731406927,"[""y@t"", ""level_throughput_3@t"", ""throughput_2@t"", ""throughput_2@t-1""]",4,20,160000.0,1928,0.015391102677630192,4.876780819854823,8.07123727905731,,
"ar_order=2,horizon=5,other_lags=2",model,1,32828,33182,0.8714061840757037,0.5869017478955072,11.96910268367377,8.60586224943156,33088,0.8733679883945842,0.565828410684696,11.652753037491019,8.279220566689427,94,0.18085106382978725,8.004716446101055,123.32417814000245,123.58373457466264,4348,0.11177552897884084,3.7281588275388216,44.10892231826954,41.90175430212291,28834,0.9859540819865437,0.11321839552368466,7.122604252265623,3.5850348011031286,19274,0.7890422330600809,0.9052677873715985,15.03919316634445,12.050694279502066,0.6857290491039667,0.10089678131043911,"[""y@t"", ""y@t-1"", ""throughput_2@t"", ""buffer_size_3@t""]",4,20,160000.0,656,0.19170031945030439,6.8297570972213855,11.154301131057384,,
"ar_order=2,horizon=5,other_lags=2",ar,1,32828,33182,0.8658007353384365,0.6624156183527106,13.482738679279612,9.426938163270458,33088,0.8678070599613152,0.6466463630355351,13.170966843283264,9.103583134303431,94,0.1595744680851064,6.213193489998441,123.22642494999347,123.24790835966444,4348,0.011959521619135235,4.032356056469807,47.34378361935689,42.865404656037576,28834,0.9945550391898453,0.15424814159148664,8.376689452691,4.3846113161264135,19274,0.7736328733008198,1.0058277188044193,16.43764364867969,12.319277488343332,0.6699037007544891,0.10089678131043911,"[""y@t"", ""y@t-1"", ""throughput_2@t"", ""buffer_size_3@t""]",4,20,160000.0,656,0.19170031945030439,6.8297570972213855,11.154301131057384,,
"ar_order=2,horizon=5,other_lags=2",persistence,1,32828,33182,0.8689651015610873,3.6206280456891484,11.361704816778238,6.82975709722139,33088,0.870980415860735,3.5649428537203507,11.042732238701419,6.49746131528047,94,0.1595744680851064,23.221815618705897,123.64005229981773,123.79787234042553,4348,0.0,27.631021115928547,46.6951955449368,42.11085556577737,28834,1.0,0.0,6.0336193036328725,1.5095720330165834,19274,0.7785099097229429,6.119997361414287,14.920879332389076,11.154301131057384,0.7243495647428507,0.10089678131043911,"[""y@t"", ""y@t-1"", ""throughput_2@t"", ""buffer_size_3@t""]",4,20,160000.0,656,0.19170031945030439,6.8297570972213855,11.154301131057384,,
"ar_order=2,horizon=5,other_lags=2",model,2,66010,32829,0.8615857930488288,0.4437828852368891,10.571454173933645,8.218675569507134,32736,0.863605816226784,0.42649527516311025,10.231419186235524,7.875358723838054,93,0.15053763440860216,6.529021631207061,130.26376984367243,129.06620524502372,4810,0.22702702702702704,2.36700792169113,35.05522902602739,34.53786243894841,28019,0.970520004282808,0.11362433477666929,6.368343533347939,3.700481171348296,20241,0.7933896546613309,0.6333777216440994,12.427869079911842,11.057457112011537,0.7109354421722439,0.20194386132061481,"[""y@t"", ""throughput_1@t"", ""y@t-1"", ""data_quality_1@t+h""]",4,20,80000.0,1082,0.1514819214718694,6.746443693076244,10.334024998764884,,
"ar_order=2,horizon=5,other_lags=2",ar,2,66010,32829,0.8544884096378202,0.5761608017205141,12.422016503364613,8.716037262297075,32736,0.8564882697947214,0.5596997200633126,12.079623502582075,8.365551449562478,93,0.15053763440860216,6.370461545055511,132.94435277881823,132.08704334487524,4810,0.028482328482328484,3.0856483267251225,41.09498163765902,36.089235430827564,28019,0.9962882329847603,0.1453590245238917,7.499750815939791,4.016901561856957,20241,0.7684402944518551,0.8073267483088703,14.532342224188477,11.072870309738509,0.7045037409070389,0.20194386132061481,"[""y@t"", ""throughput_1@t"", ""y@t-1"", ""data_quality_1@t+h""]",4,20,80000.0,1082,0.1514819214718694,6.746443693076244,10.334024998764884,,
"ar_order=2,horizon=5,other_lags=2",persistence,2,66010,32829,0.8534832008285358,4.048408771744991,11.536155135569047,6.746443693076249,32736,0.8554802052785924,3.993229499616873,11.189379180737449,6.389632209188666,93,0.15053763440860216,23.471512560842527,133.6012912362921,132.34408602150538,4810,0.0,27.63102111592855,42.33243918946463,36.611642411642414,28019,1.0,0.0,6.249380935946015,1.6195081908704876,20241,0.7662664888098414,6.458295583195393,14.095520524059545,10.334024998764884,0.7290060831961971,0.20194386132061481,"[""y@t"", ""throughput_1@t"", ""y@t-1"", ""data_quality_1@t+h""]",4,20,80000.0,1082,0.1514819214718694,6.746443693076244,10.334024998764884,,
"ar_order=2,horizon=5,other_lags=2",model,3,98839,32829,0.8741052118553718,0.4309201259626464,10.310670476025694,7.72801712462882,32736,0.8760691593352884,0.413808442957464,9.91602532604145,7.326832683024469,93,0.1827956989247312,6.45423254378686,149.22576327048043,148.94494056936048,4189,0.15851038433993794,2.526351331526044,37.370379326117146,35.447037833838465,28640,0.9787709497206704,0.12443404635003916,6.352810127805264,3.6737232087461655,19124,0.7985777034093285,0.6347813552135887,11.984035139779623,10.16032317943506,0.7019684941243043,0.6157714799046516,"[""y@t"", ""y@t-1"", ""buffer_size_2@t"", ""data_quality_1@t+h""]",4,20,80000.0,2155,0.1507508605196625,6.479636906393737,10.379157080108763,,
"ar_order=2,horizon=5,other_lags=2",ar,3,98839,32829,0.8710895854275184,0.5076781581343178,11.446700479200175,7.918775093649062,32736,0.8730144183773216,0.49111717155275575,11.046509435698187,7.509850788543697,93,0.1935483870967742,6.337145434844157,152.31394779189975,151.86013049073753,4189,0.014323227500596801,3.053395205324629,42.95431445201767,37.89384078078635,28640,0.9964036312849162,0.13533148527537178,6.838271885201134,3.5345030907364197,19124,0.7828906086592763,0.7369150386331302,13.323732544377997,9.946505993046133,0.6949525551372026,0.6157714799046516,"[""y@t"", ""y@t-1"", ""buffer_size_2@t"", ""data_quality_1@t+h""]",4,20,80000.0,2155,0.1507508605196625,6.479636906393737,10.379157080108763,,
"ar_order=2,horizon=5,other_lags=2",persistence,3,98839,32829,0.872399402966889,3.525734791026979,10.877815429489475,6.479636906393741,32736,0.8743279569892473,3.4724468741119883,10.472652641946919,6.063385874877814,93,0.1935483870967742,22.283081545103663,153.49511664446982,153.0,4189,0.0,27.631021115928547,46.28078628009473,41.416805920267365,28640,1.0,0.0,5.699636487688309,1.3695879888268194,19124,0.7848776406609496,5.944050453405671,13.943319322349844,10.379157080108763,0.731644115488066,0.6157714799046516,"[""y@t"", ""y@t-1"", ""buffer_size_2@t"", ""data_quality_1@t+h""]",4,20,80000.0,2155,0.1507508605196625,6.479636906393737,10.379157080108763,,
"ar_order=2,horizon=5,other_lags=2",model,4,131668,33182,0.8954252305466819,0.3904460548989346,8.246727013335132,5.5084636930341055,33088,0.8972134912959381,0.3727256854459221,7.952985211789237,5.206806678524854,94,0.26595744680851063,6.628016102359344,111.64384115749128,111.6917328002902,4080,0.2482843137254902,2.5421625196606183,24.956584302717616,23.107171058582942,29102,0.9861521544911003,0.08878282982066955,5.90406266928041,3.0411856347755917,17679,0.8187114655806323,0.6297048843495303,9.240048610496464,7.5109657862197485,0.7436831118483269,0.6998582165688276,"[""y@t"", ""y@t-1"", ""throughput_1@t"", ""throughput_1@t-1""]",4,20,160000.0,1216,0.030317642095111806,4.229612440479778,7.347361276090276,,
"ar_order=2,horizon=5,other_lags=2",ar,4,131668,33182,0.877041769634139,0.5129597145723537,9.446949738118821,5.8760960883829165,33088,0.878838249516441,0.49916916316360804,9.16068311663897,5.579332082744748,94,0.24468085106382978,5.367233810450842,110.21280049902673,110.33702607301876,4080,0.0,3.1419064834924004,30.234784086063996,23.746591738367872,29102,1.0,0.1443904472644782,6.532567079208219,3.3707142502982976,17679,0.7732337801911873,0.7994591680603367,10.605832005794017,7.231027744617221,0.722860308966344,0.6998582165688276,"[""y@t"", ""y@t-1"", ""throughput_1@t"", ""throughput_1@t-1""]",4,20,160000.0,1216,0.030317642095111806,4.229612440479778,7.347361276090276,,
"ar_order=2,horizon=5,other_lags=2",persistence,4,131668,33182,0.877041769634139,3.397461459616312,8.773569149246894,4.229612440479788,33088,0.878838249516441,3.3478228860540846,8.482358755366393,3.925713249516451,94,0.24468085106382978,20.870239353520496,111.27962779518303,111.20212765957447,4080,0.0,27.631021115928547,32.29838136673804,25.52843137254902,29102,1.0,0.0,5.475471635420908,1.2435915057384486,17679,0.7732337801911873,6.265782207916598,10.75867900208183,7.347361276090276,0.722860308966344,0.6998582165688276,"[""y@t"", ""y@t-1"", ""throughput_1@t"", ""throughput_1@t-1""]",4,20,160000.0,1216,0.030317642095111806,4.229612440479778,7.347361276090276,,
"ar_order=2,horizon=5,other_lags=2",model,5,164850,32829,0.8938133966919491,0.36476552528052253,9.284532257932607,7.148373697528362,32736,0.8957416911045943,0.34649506862112905,8.97153849261809,6.828617723750337,93,0.21505376344086022,6.7959662693870575,119.45833764864297,119.7024764673928,3729,0.19737194958433896,2.4057402463084276,37.242179893199065,36.29650211736988,29100,0.9830584192439863,0.10322618731787452,5.701918236217535,3.413206313418772,19149,0.8310616742388637,0.5313027390422964,10.819676203871554,9.56444825838186,0.6744984576108449,0.9180633742362261,"[""y@t"", ""buffer_size_3@t-1"", ""buffer_size_2@t"", ""throughput_2@t""]",4,20,160000.0,3021,0.10737457735538701,5.962594047945414,9.63611676849966,,
"ar_order=2,horizon=5,other_lags=2",ar,5,164850,32829,0.8863809436778458,0.49338715552434514,11.466642399265984,7.87624840262164,32736,0.8882575757575758,0.4789312289642009,11.16077422241962,7.560529248384413,93,0.22580645161290322,5.581873304695126,119.13224064918667,119.00939069412587,3729,0.0,3.2179662839316863,44.29939146221132,39.02416933423585,29100,0.9999656357388316,0.14424778886348683,7.259311771921546,3.884818947158088,19149,0.8089717478719516,0.7152171272144222,13.377843291264625,10.050565057529118,0.6676824556750004,0.9180633742362261,"[""y@t"", ""buffer_size_3@t-1"", ""buffer_size_2@t"", ""throughput_2@t""]",4,20,160000.0,3021,0.10737457735538701,5.962594047945414,9.63611676849966,,
"ar_order=2,horizon=5,other_lags=2",persistence,5,164850,32829,0.8864114045508544,3.1385688793840063,10.490463564286353,5.962594047945424,32736,0.8882881231671554,3.0867132276683376,10.176227764285759,5.636669110459444,93,0.22580645161290322,21.391758283299517,121.10146516449485,120.68817204301075,3729,0.0,27.631021115928544,46.99332537377919,41.5124698310539,29100,1.0,0.0,5.812828798389486,1.4070790378006988,19149,0.8090239699201003,5.276862719773915,13.165002606354474,9.63611676849966,0.674156619808739,0.9180633742362261,"[""y@t"", ""buffer_size_3@t-1"", ""buffer_size_2@t"", ""throughput_2@t""]",4,20,160000.0,3021,0.10737457735538701,5.962594047945414,9.63611676849966,,
"ar_order=2,horizon=5,level=True,other_lags=2",model,1,32828,33182,0.8757458863239106,0.5701133080282819,12.088028690454422,8.715086914618743,33088,0.8777200193423598,0.549237468740715,11.772030153390189,8.388567554893303,94,0.18085106382978725,7.918408737251832,123.31951373706474,123.64990153797407,4348,0.21159153633854647,3.565428816948765,43.77122364114874,42.62947364191888,28834,0.975896511063328,0.11843709824863768,7.310386613544564,3.6009940558304736,19274,0.8030507419321365,0.873008879418836,15.061009592331754,12.195648369885767,0.6931752426309153,0.10860081017017365,"[""y@t"", ""y@t-1"", ""throughput_2@t"", ""level_throughput_3@t""]",4,20,160000.0,614,0.1116267856066542,6.8297570972213855,11.154301131057384,,
"ar_order=2,horizon=5,level=True,other_lags=2",ar,1,32828,33182,0.8658007353384365,0.6624156183527106,13.482738679279612,9.426938163270458,33088,0.8678070599613152,0.6466463630355351,13.170966843283264,9.103583134303431,94,0.1595744680851064,6.213193489998441,123.22642494999347,123.24790835966444,4348,0.011959521619135235,4.032356056469807,47.34378361935689,42.865404656037576,28834,0.9945550391898453,0.15424814159148664,8.376689452691,4.3846113161264135,19274,0.7736328733008198,1.0058277188044193,16.43764364867969,12.319277488343332,0.6699037007544891,0.10860081017017365,"[""y@t"", ""y@t-1"", ""throughput_2@t"", ""level_throughput_3@t""]",4,20,160000.0,614,0.1116267856066542,6.8297570972213855,11.154301131057384,,
"ar_order=2,horizon=5,level=True,other_lags=2",persistence,1,32828,33182,0.8689651015610873,3.6206280456891484,11.361704816778238,6.82975709722139,33088,0.870980415860735,3.5649428537203507,11.042732238701419,6.49746131528047,94,0.1595744680851064,23.221815618705897,123.64005229981773,123.79787234042553,4348,0.0,27.631021115928547,46.6951955449368,42.11085556577737,28834,1.0,0.0,6.0336193036328725,1.5095720330165834,19274,0.7785099097229429,6.119997361414287,14.920879332389076,11.154301131057384,0.7243495647428507,0.10860081017017365,"[""y@t"", ""y@t-1"", ""throughput_2@t"", ""level_throughput_3@t""]",4,20,160000.0,614,0.1116267856066542,6.8297570972213855,11.154301131057384,,
"ar_order=2,horizon=5,level=True,other_lags=2",model,2,66010,32829,0.855950531542234,0.4654173572734877,11.361264248095093,8.937949994273652,32736,0.8579545454545454,0.4476302313674849,11.030009484293569,8.6033498715534,93,0.15053763440860216,6.726485676186495,127.96294110623131,126.71719319180228,4810,0.20540540540540542,2.449275056276984,36.11140178123482,35.140586222769436,28019,0.9676291088190156,0.12485004465680562,7.112427332630512,4.4397637542556385,20241,0.7881527592510251,0.6524705797641146,12.919241176344427,11.370674854451366,0.7184690545511787,0.21568282693624496,"[""y@t"", ""level_throughput_3@t"", ""data_quality_1@t+h"", ""throughput_2@t""]",4,20,80000.0,1203,0.11032928203722318,6.746443693076244,10.334024998764884,,
"ar_order=2,horizon=5,level=True,other_lags=2",ar,2,66010,32829,0.8544884096378202,0.5761608017205141,12.422016503364613,8.716037262297075,32736,0.8564882697947214,0.5596997200633126,12.079623502582075,8.365551449562478,93,0.15053763440860216,6.370461545055511,132.94435277881823,132.08704334487524,4810,0.028482328482328484,3.0856483267251225,41.09498163765902,36.089235430827564,28019,0.9962882329847603,0.1453590245238917,7.499750815939791,4.016901561856957,20241,0.7684402944518551,0.8073267483088703,14.532342224188477,11.072870309738509,0.7045037409070389,0.21568282693624496,"[""y@t"", ""level_throughput_3@t"", ""data_quality_1@t+h"", ""throughput_2@t""]",4,20,80000.0,1203,0.11032928203722318,6.746443693076244,10.334024998764884,,
"ar_order=2,horizon=5,level=True,other_lags=2",persistence,2,66010,32829,0.8534832008285358,4.048408771744991,11.536155135569047,6.746443693076249,32736,0.8554802052785924,3.993229499616873,11.189379180737449,6.389632209188666,93,0.15053763440860216,23.471512560842527,133.6012912362921,132.34408602150538,4810,0.0,27.63102111592855,42.33243918946463,36.611642411642414,28019,1.0,0.0,6.249380935946015,1.6195081908704876,20241,0.7662664888098414,6.458295583195393,14.095520524059545,10.334024998764884,0.7290060831961971,0.21568282693624496,"[""y@t"", ""level_throughput_3@t"", ""data_quality_1@t+h"", ""throughput_2@t""]",4,20,80000.0,1203,0.11032928203722318,6.746443693076244,10.334024998764884,,
"ar_order=2,horizon=5,level=True,other_lags=2",model,3,98839,32829,0.8741052118553718,0.4309201259626464,10.310670476025694,7.72801712462882,32736,0.8760691593352884,0.413808442957464,9.91602532604145,7.326832683024469,93,0.1827956989247312,6.45423254378686,149.22576327048043,148.94494056936048,4189,0.15851038433993794,2.526351331526044,37.370379326117146,35.447037833838465,28640,0.9787709497206704,0.12443404635003916,6.352810127805264,3.6737232087461655,19124,0.7985777034093285,0.6347813552135887,11.984035139779623,10.16032317943506,0.7019684941243043,0.6843642238527536,"[""y@t"", ""y@t-1"", ""buffer_size_2@t"", ""data_quality_1@t+h""]",4,20,80000.0,2155,0.1507508605196625,6.479636906393737,10.379157080108763,,
"ar_order=2,horizon=5,level=True,other_lags=2",ar,3,98839,32829,0.8710895854275184,0.5076781581343178,11.446700479200175,7.918775093649062,32736,0.8730144183773216,0.49111717155275575,11.046509435698187,7.509850788543697,93,0.1935483870967742,6.337145434844157,152.31394779189975,151.86013049073753,4189,0.014323227500596801,3.053395205324629,42.95431445201767,37.89384078078635,28640,0.9964036312849162,0.13533148527537178,6.838271885201134,3.5345030907364197,19124,0.7828906086592763,0.7369150386331302,13.323732544377997,9.946505993046133,0.6949525551372026,0.6843642238527536,"[""y@t"", ""y@t-1"", ""buffer_size_2@t"", ""data_quality_1@t+h""]",4,20,80000.0,2155,0.1507508605196625,6.479636906393737,10.379157080108763,,
"ar_order=2,horizon=5,level=True,other_lags=2",persistence,3,98839,32829,0.872399402966889,3.525734791026979,10.877815429489475,6.479636906393741,32736,0.8743279569892473,3.4724468741119883,10.472652641946919,6.063385874877814,93,0.1935483870967742,22.283081545103663,153.49511664446982,153.0,4189,0.0,27.631021115928547,46.28078628009473,41.416805920267365,28640,1.0,0.0,5.699636487688309,1.3695879888268194,19124,0.7848776406609496,5.944050453405671,13.943319322349844,10.379157080108763,0.731644115488066,0.6843642238527536,"[""y@t"", ""y@t-1"", ""buffer_size_2@t"", ""data_quality_1@t+h""]",4,20,80000.0,2155,0.1507508605196625,6.479636906393737,10.379157080108763,,
"ar_order=2,horizon=5,level=True,other_lags=2",model,4,131668,33182,0.8958170092218672,0.3725592138910093,7.914952226809891,5.305365553167806,33088,0.8976063829787234,0.3545562226819402,7.621981999066479,5.0049221188733295,94,0.26595744680851063,6.709612119483315,111.0404723924912,111.0614544248234,4080,0.2568627450980392,2.435799557522458,24.549487261577685,23.123758381512474,29102,0.9853961927015326,0.08330003575836172,5.582847802995288,2.8072883509258206,17679,0.8212002941342836,0.5952151111380303,8.794484178994523,7.26109991437694,0.7439250480070198,0.7977253179997206,"[""y@t"", ""level_throughput_3@t"", ""throughput_1@t"", ""y@t-1""]",4,20,160000.0,1809,0.047013441022240976,4.229612440479778,7.347361276090276,,
"ar_order=2,horizon=5,level=True,other_lags=2",ar,4,131668,33182,0.877041769634139,0.5129597145723537,9.446949738118821,5.8760960883829165,33088,0.878838249516441,0.49916916316360804,9.16068311663897,5.579332082744748,94,0.24468085106382978,5.367233810450842,110.21280049902673,110.33702607301876,4080,0.0,3.1419064834924004,30.234784086063996,23.746591738367872,29102,1.0,0.1443904472644782,6.532567079208219,3.3707142502982976,17679,0.7732337801911873,0.7994591680603367,10.605832005794017,7.231027744617221,0.722860308966344,0.7977253179997206,"[""y@t"", ""level_throughput_3@t"", ""throughput_1@t"", ""y@t-1""]",4,20,160000.0,1809,0.047013441022240976,4.229612440479778,7.347361276090276,,
"ar_order=2,horizon=5,level=True,other_lags=2",persistence,4,131668,33182,0.877041769634139,3.397461459616312,8.773569149246894,4.229612440479788,33088,0.878838249516441,3.3478228860540846,8.482358755366393,3.925713249516451,94,0.24468085106382978,20.870239353520496,111.27962779518303,111.20212765957447,4080,0.0,27.631021115928547,32.29838136673804,25.52843137254902,29102,1.0,0.0,5.475471635420908,1.2435915057384486,17679,0.7732337801911873,6.265782207916598,10.75867900208183,7.347361276090276,0.722860308966344,0.7977253179997206,"[""y@t"", ""level_throughput_3@t"", ""throughput_1@t"", ""y@t-1""]",4,20,160000.0,1809,0.047013441022240976,4.229612440479778,7.347361276090276,,
"ar_order=2,horizon=5,level=True,other_lags=2",model,5,164850,32829,0.9008193974839319,0.3697388967746595,8.790826218966918,6.828342227453316,32736,0.9027370478983382,0.35018677637876255,8.474664525990958,6.507371495266899,93,0.22580645161290322,7.252085276130408,120.07974214650473,119.81003995707239,3729,0.28130866183963527,2.4460364690361485,36.04867080812315,36.00142769247495,29100,0.9802061855670103,0.10367313571063576,5.297887989655454,3.089976739512915,19149,0.8455794036242101,0.5296891281587489,10.439993299276201,9.302871792774797,0.6788869985445763,0.9187909923493862,"[""y@t"", ""level_throughput_3@t"", ""buffer_size_3@t-1"", ""y@t-1""]",4,20,160000.0,1600,0.021292150233025678,5.962594047945414,9.63611676849966,,
"ar_order=2,horizon=5,level=True,other_lags=2",ar,5,164850,32829,0.8863809436778458,0.49338715552434514,11.466642399265984,7.87624840262164,32736,0.8882575757575758,0.4789312289642009,11.16077422241962,7.560529248384413,93,0.22580645161290322,5.581873304695126,119.13224064918667,119.00939069412587,3729,0.0,3.2179662839316863,44.29939146221132,39.02416933423585,29100,0.9999656357388316,0.14424778886348683,7.259311771921546,3.884818947158088,19149,0.8089717478719516,0.7152171272144222,13.377843291264625,10.050565057529118,0.6676824556750004,0.9187909923493862,"[""y@t"", ""level_throughput_3@t"", ""buffer_size_3@t-1"", ""y@t-1""]",4,20,160000.0,1600,0.021292150233025678,5.962594047945414,9.63611676849966,,
"ar_order=2,horizon=5,level=True,other_lags=2",persistence,5,164850,32829,0.8864114045508544,3.1385688793840063,10.490463564286353,5.962594047945424,32736,0.8882881231671554,3.0867132276683376,10.176227764285759,5.636669110459444,93,0.22580645161290322,21.391758283299517,121.10146516449485,120.68817204301075,3729,0.0,27.631021115928544,46.99332537377919,41.5124698310539,29100,1.0,0.0,5.812828798389486,1.4070790378006988,19149,0.8090239699201003,5.276862719773915,13.165002606354474,9.63611676849966,0.674156619808739,0.9187909923493862,"[""y@t"", ""level_throughput_3@t"", ""buffer_size_3@t-1"", ""y@t-1""]",4,20,160000.0,1600,0.021292150233025678,5.962594047945414,9.63611676849966,,
"ar_order=2,forced=('y@t', 'level_throughput_3@t'),horizon=5,level=True,other_lags=2",model,1,32828,33182,0.8757458863239106,0.5701133080282819,12.088028690454422,8.715086914618743,33088,0.8777200193423598,0.549237468740715,11.772030153390189,8.388567554893303,94,0.18085106382978725,7.918408737251832,123.31951373706474,123.64990153797407,4348,0.21159153633854647,3.565428816948765,43.77122364114874,42.62947364191888,28834,0.975896511063328,0.11843709824863768,7.310386613544564,3.6009940558304736,19274,0.8030507419321365,0.873008879418836,15.061009592331754,12.195648369885767,0.6931752426309153,0.07896318845450878,"[""y@t"", ""level_throughput_3@t"", ""y@t-1"", ""throughput_2@t""]",4,20,160000.0,614,0.1116267856066542,6.8297570972213855,11.154301131057384,,
"ar_order=2,forced=('y@t', 'level_throughput_3@t'),horizon=5,level=True,other_lags=2",ar,1,32828,33182,0.8658007353384365,0.6624156183527106,13.482738679279612,9.426938163270458,33088,0.8678070599613152,0.6466463630355351,13.170966843283264,9.103583134303431,94,0.1595744680851064,6.213193489998441,123.22642494999347,123.24790835966444,4348,0.011959521619135235,4.032356056469807,47.34378361935689,42.865404656037576,28834,0.9945550391898453,0.15424814159148664,8.376689452691,4.3846113161264135,19274,0.7736328733008198,1.0058277188044193,16.43764364867969,12.319277488343332,0.6699037007544891,0.07896318845450878,"[""y@t"", ""level_throughput_3@t"", ""y@t-1"", ""throughput_2@t""]",4,20,160000.0,614,0.1116267856066542,6.8297570972213855,11.154301131057384,,
"ar_order=2,forced=('y@t', 'level_throughput_3@t'),horizon=5,level=True,other_lags=2",persistence,1,32828,33182,0.8689651015610873,3.6206280456891484,11.361704816778238,6.82975709722139,33088,0.870980415860735,3.5649428537203507,11.042732238701419,6.49746131528047,94,0.1595744680851064,23.221815618705897,123.64005229981773,123.79787234042553,4348,0.0,27.631021115928547,46.6951955449368,42.11085556577737,28834,1.0,0.0,6.0336193036328725,1.5095720330165834,19274,0.7785099097229429,6.119997361414287,14.920879332389076,11.154301131057384,0.7243495647428507,0.07896318845450878,"[""y@t"", ""level_throughput_3@t"", ""y@t-1"", ""throughput_2@t""]",4,20,160000.0,614,0.1116267856066542,6.8297570972213855,11.154301131057384,,
"ar_order=2,forced=('y@t', 'level_throughput_3@t'),horizon=5,level=True,other_lags=2",model,2,66010,32829,0.855950531542234,0.4654173572734877,11.361264248095093,8.937949994273652,32736,0.8579545454545454,0.4476302313674849,11.030009484293569,8.6033498715534,93,0.15053763440860216,6.726485676186495,127.96294110623131,126.71719319180228,4810,0.20540540540540542,2.449275056276984,36.11140178123482,35.140586222769436,28019,0.9676291088190156,0.12485004465680562,7.112427332630512,4.4397637542556385,20241,0.7881527592510251,0.6524705797641146,12.919241176344427,11.370674854451366,0.7184690545511787,0.15606414899230003,"[""y@t"", ""level_throughput_3@t"", ""data_quality_1@t+h"", ""throughput_2@t""]",4,20,80000.0,1203,0.11032928203722318,6.746443693076244,10.334024998764884,,
"ar_order=2,forced=('y@t', 'level_throughput_3@t'),horizon=5,level=True,other_lags=2",ar,2,66010,32829,0.8544884096378202,0.5761608017205141,12.422016503364613,8.716037262297075,32736,0.8564882697947214,0.5596997200633126,12.079623502582075,8.365551449562478,93,0.15053763440860216,6.370461545055511,132.94435277881823,132.08704334487524,4810,0.028482328482328484,3.0856483267251225,41.09498163765902,36.089235430827564,28019,0.9962882329847603,0.1453590245238917,7.499750815939791,4.016901561856957,20241,0.7684402944518551,0.8073267483088703,14.532342224188477,11.072870309738509,0.7045037409070389,0.15606414899230003,"[""y@t"", ""level_throughput_3@t"", ""data_quality_1@t+h"", ""throughput_2@t""]",4,20,80000.0,1203,0.11032928203722318,6.746443693076244,10.334024998764884,,
"ar_order=2,forced=('y@t', 'level_throughput_3@t'),horizon=5,level=True,other_lags=2",persistence,2,66010,32829,0.8534832008285358,4.048408771744991,11.536155135569047,6.746443693076249,32736,0.8554802052785924,3.993229499616873,11.189379180737449,6.389632209188666,93,0.15053763440860216,23.471512560842527,133.6012912362921,132.34408602150538,4810,0.0,27.63102111592855,42.33243918946463,36.611642411642414,28019,1.0,0.0,6.249380935946015,1.6195081908704876,20241,0.7662664888098414,6.458295583195393,14.095520524059545,10.334024998764884,0.7290060831961971,0.15606414899230003,"[""y@t"", ""level_throughput_3@t"", ""data_quality_1@t+h"", ""throughput_2@t""]",4,20,80000.0,1203,0.11032928203722318,6.746443693076244,10.334024998764884,,
"ar_order=2,forced=('y@t', 'level_throughput_3@t'),horizon=5,level=True,other_lags=2",model,3,98839,32829,0.8752627250296994,0.4259184909923001,10.34480046997101,7.7927148849619865,32736,0.8771994134897361,0.40862094326557863,9.951279013181551,7.391863452744446,93,0.1935483870967742,6.5146552907982915,148.8643532598611,148.8924190255357,4189,0.14394843638099786,2.5065920403764674,37.42535056699712,35.48742766392644,28640,0.982227653631285,0.1215909247084218,6.383891798307522,3.741976343373924,19124,0.8003555741476679,0.6225326006118432,12.033619342546725,10.18104662095684,0.7020711656348764,0.45128410682082176,"[""y@t"", ""level_throughput_3@t"", ""buffer_size_2@t"", ""data_quality_1@t+h""]",4,20,80000.0,2121,0.16454963599256756,6.479636906393737,10.379157080108763,,
"ar_order=2,forced=('y@t', 'level_throughput_3@t'),horizon=5,level=True,other_lags=2",ar,3,98839,32829,0.8710895854275184,0.5076781581343178,11.446700479200175,7.918775093649062,32736,0.8730144183773216,0.49111717155275575,11.046509435698187,7.509850788543697,93,0.1935483870967742,6.337145434844157,152.31394779189975,151.86013049073753,4189,0.014323227500596801,3.053395205324629,42.95431445201767,37.89384078078635,28640,0.9964036312849162,0.13533148527537178,6.838271885201134,3.5345030907364197,19124,0.7828906086592763,0.7369150386331302,13.323732544377997,9.946505993046133,0.6949525551372026,0.45128410682082176,"[""y@t"", ""level_throughput_3@t"", ""buffer_size_2@t"", ""data_quality_1@t+h""]",4,20,80000.0,2121,0.16454963599256756,6.479636906393737,10.379157080108763,,
"ar_order=2,forced=('y@t', 'level_throughput_3@t'),horizon=5,level=True,other_lags=2",persistence,3,98839,32829,0.872399402966889,3.525734791026979,10.877815429489475,6.479636906393741,32736,0.8743279569892473,3.4724468741119883,10.472652641946919,6.063385874877814,93,0.1935483870967742,22.283081545103663,153.49511664446982,153.0,4189,0.0,27.631021115928547,46.28078628009473,41.416805920267365,28640,1.0,0.0,5.699636487688309,1.3695879888268194,19124,0.7848776406609496,5.944050453405671,13.943319322349844,10.379157080108763,0.731644115488066,0.45128410682082176,"[""y@t"", ""level_throughput_3@t"", ""buffer_size_2@t"", ""data_quality_1@t+h""]",4,20,80000.0,2121,0.16454963599256756,6.479636906393737,10.379157080108763,,
"ar_order=2,forced=('y@t', 'level_throughput_3@t'),horizon=5,level=True,other_lags=2",model,4,131668,33182,0.8958170092218672,0.3725592138910093,7.914952226809891,5.305365553167806,33088,0.8976063829787234,0.3545562226819402,7.621981999066479,5.0049221188733295,94,0.26595744680851063,6.709612119483315,111.0404723924912,111.0614544248234,4080,0.2568627450980392,2.435799557522458,24.549487261577685,23.123758381512474,29102,0.9853961927015326,0.08330003575836172,5.582847802995288,2.8072883509258206,17679,0.8212002941342836,0.5952151111380303,8.794484178994523,7.26109991437694,0.7439250480070198,0.5332565791904926,"[""y@t"", ""level_throughput_3@t"", ""throughput_1@t"", ""y@t-1""]",4,20,160000.0,1809,0.047013441022240976,4.229612440479778,7.347361276090276,,
"ar_order=2,forced=('y@t', 'level_throughput_3@t'),horizon=5,level=True,other_lags=2",ar,4,131668,33182,0.877041769634139,0.5129597145723537,9.446949738118821,5.8760960883829165,33088,0.878838249516441,0.49916916316360804,9.16068311663897,5.579332082744748,94,0.24468085106382978,5.367233810450842,110.21280049902673,110.33702607301876,4080,0.0,3.1419064834924004,30.234784086063996,23.746591738367872,29102,1.0,0.1443904472644782,6.532567079208219,3.3707142502982976,17679,0.7732337801911873,0.7994591680603367,10.605832005794017,7.231027744617221,0.722860308966344,0.5332565791904926,"[""y@t"", ""level_throughput_3@t"", ""throughput_1@t"", ""y@t-1""]",4,20,160000.0,1809,0.047013441022240976,4.229612440479778,7.347361276090276,,
"ar_order=2,forced=('y@t', 'level_throughput_3@t'),horizon=5,level=True,other_lags=2",persistence,4,131668,33182,0.877041769634139,3.397461459616312,8.773569149246894,4.229612440479788,33088,0.878838249516441,3.3478228860540846,8.482358755366393,3.925713249516451,94,0.24468085106382978,20.870239353520496,111.27962779518303,111.20212765957447,4080,0.0,27.631021115928547,32.29838136673804,25.52843137254902,29102,1.0,0.0,5.475471635420908,1.2435915057384486,17679,0.7732337801911873,6.265782207916598,10.75867900208183,7.347361276090276,0.722860308966344,0.5332565791904926,"[""y@t"", ""level_throughput_3@t"", ""throughput_1@t"", ""y@t-1""]",4,20,160000.0,1809,0.047013441022240976,4.229612440479778,7.347361276090276,,
"ar_order=2,forced=('y@t', 'level_throughput_3@t'),horizon=5,level=True,other_lags=2",model,5,164850,32829,0.9008193974839319,0.3697388967746595,8.790826218966918,6.828342227453316,32736,0.9027370478983382,0.35018677637876255,8.474664525990958,6.507371495266899,93,0.22580645161290322,7.252085276130408,120.07974214650473,119.81003995707239,3729,0.28130866183963527,2.4460364690361485,36.04867080812315,36.00142769247495,29100,0.9802061855670103,0.10367313571063576,5.297887989655454,3.089976739512915,19149,0.8455794036242101,0.5296891281587489,10.439993299276201,9.302871792774797,0.6788869985445763,0.6641669515520334,"[""y@t"", ""level_throughput_3@t"", ""buffer_size_3@t-1"", ""y@t-1""]",4,20,160000.0,1600,0.021292150233025678,5.962594047945414,9.63611676849966,,
"ar_order=2,forced=('y@t', 'level_throughput_3@t'),horizon=5,level=True,other_lags=2",ar,5,164850,32829,0.8863809436778458,0.49338715552434514,11.466642399265984,7.87624840262164,32736,0.8882575757575758,0.4789312289642009,11.16077422241962,7.560529248384413,93,0.22580645161290322,5.581873304695126,119.13224064918667,119.00939069412587,3729,0.0,3.2179662839316863,44.29939146221132,39.02416933423585,29100,0.9999656357388316,0.14424778886348683,7.259311771921546,3.884818947158088,19149,0.8089717478719516,0.7152171272144222,13.377843291264625,10.050565057529118,0.6676824556750004,0.6641669515520334,"[""y@t"", ""level_throughput_3@t"", ""buffer_size_3@t-1"", ""y@t-1""]",4,20,160000.0,1600,0.021292150233025678,5.962594047945414,9.63611676849966,,
"ar_order=2,forced=('y@t', 'level_throughput_3@t'),horizon=5,level=True,other_lags=2",persistence,5,164850,32829,0.8864114045508544,3.1385688793840063,10.490463564286353,5.962594047945424,32736,0.8882881231671554,3.0867132276683376,10.176227764285759,5.636669110459444,93,0.22580645161290322,21.391758283299517,121.10146516449485,120.68817204301075,3729,0.0,27.631021115928544,46.99332537377919,41.5124698310539,29100,1.0,0.0,5.812828798389486,1.4070790378006988,19149,0.8090239699201003,5.276862719773915,13.165002606354474,9.63611676849966,0.674156619808739,0.6641669515520334,"[""y@t"", ""level_throughput_3@t"", ""buffer_size_3@t-1"", ""y@t-1""]",4,20,160000.0,1600,0.021292150233025678,5.962594047945414,9.63611676849966,,
"ar_order=2,horizon=10,other_lags=2",model,1,32363,32712,0.8598985081927122,0.6299296903121547,13.017964356097343,9.871065145927217,32618,0.8618554172542768,0.6090735287572687,12.700652067638096,9.543986063685482,94,0.18085106382978725,7.867017749857553,123.12532845145611,123.36750668380901,4630,0.11339092872570194,3.784372168026307,44.33144453694059,42.002609230380365,28082,0.9829784203404316,0.10984320531049802,7.855176333972699,4.573399413037176,19780,0.7791708796764408,0.9352120001553657,15.254403117828907,12.402164642805518,0.6629721467893746,0.0987607091665268,"[""y@t"", ""y@t-1"", ""throughput_2@t"", ""buffer_size_3@t""]",4,20,160000.0,654,0.19219246759598924,7.517394228417706,11.843882709807886,,
"ar_order=2,horizon=10,other_lags=2",ar,1,32363,32712,0.8548239178283199,0.6964327023509085,14.51287540294694,10.49145874380517,32618,0.856827518548041,0.6809121821713872,14.199754490037767,10.166958198439787,94,0.1595744680851064,6.082053204644802,123.16583218242914,123.09314798559285,4630,0.008855291576673866,4.000345208041964,47.47280227982396,42.88057484973132,28082,0.994302400113952,0.15170245160845464,9.07863063975555,5.151326005024522,19780,0.7642062689585439,1.0194240831446497,16.667197165852148,12.615362311718386,0.6505948118104163,0.0987607091665268,"[""y@t"", ""y@t-1"", ""throughput_2@t"", ""buffer_size_3@t""]",4,20,160000.0,654,0.19219246759598924,7.517394228417706,11.843882709807886,,
"ar_order=2,horizon=10,other_lags=2",persistence,1,32363,32712,0.8584617265835167,3.9108470214829167,11.930780953008174,7.51739422841771,32618,0.860475810901956,3.855195815150862,11.608834194866903,7.182291986019994,94,0.1595744680851064,23.221815618705897,123.64630602802919,123.79787234042553,4630,0.0,27.631021115928547,47.68382521137451,43.0377969762419,28082,1.0,0.0,6.036022925936166,1.6609928067801494,19780,0.7699191102123357,6.357369924094581,15.501828490192908,11.843882709807886,0.7112926126937611,0.0987607091665268,"[""y@t"", ""y@t-1"", ""throughput_2@t"", ""buffer_size_3@t""]",4,20,160000.0,654,0.19219246759598924,7.517394228417706,11.843882709807886,,
"ar_order=2,horizon=10,other_lags=2",model,2,65075,32364,0.846403411197627,0.5135143521828196,11.813932391420629,9.571723536630488,32271,0.8483778005019987,0.4961789590861898,11.472086356298217,9.22617684310653,93,0.16129032258064516,6.528895756713323,130.43450657889693,129.47642618944468,5105,0.19823702252693437,2.536096930828674,38.810581221275456,37.17789681544528,27259,0.9677904545287794,0.13472994835336558,6.758064887975567,4.401705759443157,20721,0.7798851406785386,0.7105897971165318,13.773697519591675,12.21753827500694,0.6921788177705606,0.19837435893714428,"[""y@t"", ""y@t-1"", ""data_quality_1@t+h"", ""rps@t+h""]",4,20,80000.0,1327,0.1503522432332221,7.691169200346064,11.418802181361903,,
"ar_order=2,horizon=10,other_lags=2",ar,2,65075,32364,0.8435916450376962,0.6156695959697608,13.2496469122952,9.655469826934864,32271,0.8455889188435437,0.5992324030237327,12.90505220264965,9.302849070054764,93,0.15053763440860216,6.319375548241523,132.82401115930097,132.0148724643301,5105,0.02703232125367287,3.0748091059554437,43.43334910687613,38.45879550214685,27259,0.9965149125059614,0.1551278593515094,7.59691571513699,4.261252226437517,20721,0.7597123690941557,0.8365902386454278,15.37989629898518,11.980115728572692,0.6846509871833508,0.19837435893714428,"[""y@t"", ""y@t-1"", ""data_quality_1@t+h"", ""rps@t+h""]",4,20,80000.0,1327,0.1503522432332221,7.691169200346064,11.418802181361903,,
"ar_order=2,horizon=10,other_lags=2",persistence,2,65075,32364,0.8422630082808058,4.3584341489561,12.376434691735227,7.691169200346067,32271,0.8442564531622819,4.303353231342595,12.02707801728085,7.33193889250411,93,0.15053763440860216,23.471512560842527,133.60320072740393,132.34408602150538,5105,0.0,27.631021115928547,45.11215461865657,39.41900097943193,27259,1.0,0.0,6.24576774771918,1.7492571260868024,20721,0.7574441387963902,6.702066122709178,15.116049804514917,11.418802181361903,0.7056693004846475,0.19837435893714428,"[""y@t"", ""y@t-1"", ""data_quality_1@t+h"", ""rps@t+h""]",4,20,80000.0,1327,0.1503522432332221,7.691169200346064,11.418802181361903,,
"ar_order=2,horizon=10,other_lags=2",model,3,97439,32364,0.8682177728340131,0.4609698713679317,11.355259234550314,8.894229511294391,32271,0.8701620650119302,0.4440090711621042,10.959291805979193,8.491775210155936,93,0.1935483870967742,6.346367542790098,148.7559569487294,148.54587200633722,4312,0.19782003710575138,2.5918759202125132,39.59886375154102,37.707868771599074,28052,0.9712676458006559,0.13341864925835542,7.013806836244885,4.465154490246557,19661,0.797721377346015,0.6529372628595487,12.572181130406776,10.755919588169059,0.6884795801041508,0.5733778420835733,"[""y@t"", ""y@t-1"", ""data_quality_1@t+h"", ""buffer_size_2@t""]",4,20,80000.0,2132,0.1506612285255222,7.195340501792114,11.120543207364834,,
"ar_order=2,horizon=10,other_lags=2",ar,3,97439,32364,0.8657458904956125,0.5321585726509586,12.563726041012918,9.11106445869676,32271,0.8676830590933036,0.5157767271234157,12.161532075268035,8.700238640969257,93,0.1935483870967742,6.2166589707083295,152.12503215448754,151.66762321014085,4312,0.013914656771799629,3.0493727578065446,45.429018343904985,40.45018201088997,28052,0.9966847283616141,0.14522617687201633,7.511853076159412,4.293786728586354,19661,0.7832256751945476,0.7429767348588253,13.946807113697822,10.627741782696473,0.6842128098699677,0.5733778420835733,"[""y@t"", ""y@t-1"", ""data_quality_1@t+h"", ""buffer_size_2@t""]",4,20,80000.0,2132,0.1506612285255222,7.195340501792114,11.120543207364834,,
"ar_order=2,horizon=10,other_lags=2",persistence,3,97439,32364,0.8667655419602027,3.6814041234669355,11.486272335983836,7.195340501792118,32271,0.868705649034737,3.627796983923314,11.077021453704557,6.775154163180568,93,0.1935483870967742,22.283081545103663,153.49632848689433,153.0,4312,0.0,27.63102111592855,49.11249490876099,44.256493506493506,28052,1.0,0.0,5.702575211578623,1.4985027805504116,19661,0.7844972280148518,5.954561643262767,14.599222002062401,11.120543207364834,0.7170341419132304,0.5733778420835733,"[""y@t"", ""y@t-1"", ""data_quality_1@t+h"", ""buffer_size_2@t""]",4,20,80000.0,2132,0.1506612285255222,7.195340501792114,11.120543207364834,,
"ar_order=2,horizon=10,other_lags=2",model,4,129803,32712,0.8846600635852286,0.4451731113610806,9.157784650478607,6.41234967599462,32618,0.886473726163468,0.43248086713869915,8.891176682548299,6.1357422906964025,94,0.2553191489361702,4.849381856527444,101.6707495222963,102.39511237447658,4325,0.17942196531791907,2.774606850182576,28.01392688540145,25.59457154910164,28387,0.9921090640081728,0.09026414174812518,6.284891594994008,3.4897756244503273,18349,0.8059294784456918,0.6996050307741476,10.108528489613752,8.260314867582451,0.7164520804910378,0.7833500392735004,"[""y@t"", ""y@t-1"", ""throughput_1@t"", ""data_quality_1@t+h""]",4,20,80000.0,1648,0.1298911714355588,4.889734653949621,8.147582974549021,,
"ar_order=2,horizon=10,other_lags=2",ar,4,129803,32712,0.8677855221325508,0.5467069221627848,10.342757790494948,6.852962973240349,32618,0.8695812128272733,0.5328857645665892,10.05460313155073,6.554426673279218,94,0.24468085106382978,5.342648608042671,110.33242444413897,110.44505905975294,4325,0.0,3.1105817820845285,32.1024276261178,25.685931985421796,28387,1.0,0.15607886110802233,7.0274877006979,3.983600554609118,18349,0.7681617526840699,0.8136571190614794,11.310449359526801,8.024331845253757,0.701854353571912,0.7833500392735004,"[""y@t"", ""y@t-1"", ""throughput_1@t"", ""data_quality_1@t+h""]",4,20,80000.0,1648,0.1298911714355588,4.889734653949621,8.147582974549021,,
"ar_order=2,horizon=10,other_lags=2",persistence,4,129803,32712,0.8677855221325508,3.653221029786958,9.294613615227819,4.889734653949629,32618,0.8695812128272733,3.603604262283403,9.000710116725593,4.583358881599125,94,0.24468085106382978,20.870239353520496,111.27912759550034,111.20212765957447,4325,0.0,27.631021115928544,34.380501185534335,27.65387283236994,28387,1.0,0.0,5.472566067351125,1.4214253003135333,18349,0.7681617526840699,6.405927507066327,11.436565607568491,8.147582974549021,0.701854353571912,0.7833500392735004,"[""y@t"", ""y@t-1"", ""throughput_1@t"", ""data_quality_1@t+h""]",4,20,80000.0,1648,0.1298911714355588,4.889734653949621,8.147582974549021,,
"ar_order=2,horizon=10,other_lags=2",model,5,162515,32364,0.8848102830305278,0.41958862314317863,11.50761161279902,9.723753241626774,32271,0.886709429518763,0.4017205703896699,11.1984851116845,9.40884122046212,93,0.22580645161290322,6.619802928610697,118.77450749953724,118.99822458576065,3901,0.22635221738015893,2.4990259758547224,39.96974361018266,38.82727957933044,28463,0.975055334996311,0.13459107850882063,7.606730577005408,5.73496582486178,19660,0.8280773143438453,0.5926862756582177,12.234618370729619,11.33594822783784,0.6677910407798515,0.8933892957866192,"[""y@t"", ""buffer_size_3@t-1"", ""y@t-1"", ""rps@t+h""]",4,20,160000.0,2192,0.05431961438635521,6.6548634285008035,10.384231943031535,,
"ar_order=2,horizon=10,other_lags=2",ar,5,162515,32364,0.8794648374737363,0.5184470145627539,12.275948237613516,8.767853801975278,32271,0.8813485792197329,0.5039662140812405,11.967531979709547,8.449673453077441,93,0.22580645161290322,5.543284781647887,119.29638973029117,119.17643486952412,3901,0.0,3.17955383770894,46.322163948013106,41.057767802282,28463,1.0,0.15372868841676535,7.609739915009828,4.342355628374585,19660,0.8052390640895218,0.7244108704955096,13.968545366969536,10.715966212887723,0.6607627336513058,0.8933892957866192,"[""y@t"", ""buffer_size_3@t-1"", ""y@t-1"", ""rps@t+h""]",4,20,160000.0,2192,0.05431961438635521,6.6548634285008035,10.384231943031535,,
"ar_order=2,horizon=10,other_lags=2",persistence,5,162515,32364,0.8794648374737363,3.330509620975073,11.06659153231685,6.654863428500809,32271,0.8813485792197329,3.278459913014484,10.74949254077124,6.326237178891269,93,0.22580645161290322,21.391758283299517,121.09994159864357,120.68817204301075,3901,0.0,27.631021115928544,49.4539754762644,44.0225583183799,28463,1.0,0.0,5.805403858307106,1.533429364438048,19660,0.8052390640895218,5.381443532700428,13.830434776052776,10.384231943031535,0.6631740811690362,0.8933892957866192,"[""y@t"", ""buffer_size_3@t-1"", ""y@t-1"", ""rps@t+h""]",4,20,160000.0,2192,0.05431961438635521,6.6548634285008035,10.384231943031535,,
"ar_order=2,horizon=10,level=True,other_lags=2",model,1,32363,32712,0.8668989973098558,0.6120029601608571,13.296289475972126,9.993350416890044,32618,0.8688760806916427,0.5915604864697807,12.979742826204163,9.666538747971616,94,0.18085106382978725,7.705541330964359,123.13797694545464,123.3969995315848,4630,0.20539956803455722,3.601178342573922,44.088708156736736,42.59433345209896,28082,0.975963250480735,0.11916477126503452,8.219411102211703,4.618286267149382,19780,0.7953993933265925,0.8997115088778509,15.332261271648225,12.505443350037194,0.6709299852795454,0.10683406889438629,"[""y@t"", ""y@t-1"", ""throughput_2@t"", ""level_throughput_3@t""]",4,20,160000.0,605,0.11234409391049156,7.517394228417706,11.843882709807886,,
"ar_order=2,horizon=10,level=True,other_lags=2",ar,1,32363,32712,0.8548239178283199,0.6964327023509085,14.51287540294694,10.49145874380517,32618,0.856827518548041,0.6809121821713872,14.199754490037767,10.166958198439787,94,0.1595744680851064,6.082053204644802,123.16583218242914,123.09314798559285,4630,0.008855291576673866,4.000345208041964,47.47280227982396,42.88057484973132,28082,0.994302400113952,0.15170245160845464,9.07863063975555,5.151326005024522,19780,0.7642062689585439,1.0194240831446497,16.667197165852148,12.615362311718386,0.6505948118104163,0.10683406889438629,"[""y@t"", ""y@t-1"", ""throughput_2@t"", ""level_throughput_3@t""]",4,20,160000.0,605,0.11234409391049156,7.517394228417706,11.843882709807886,,
"ar_order=2,horizon=10,level=True,other_lags=2",persistence,1,32363,32712,0.8584617265835167,3.9108470214829167,11.930780953008174,7.51739422841771,32618,0.860475810901956,3.855195815150862,11.608834194866903,7.182291986019994,94,0.1595744680851064,23.221815618705897,123.64630602802919,123.79787234042553,4630,0.0,27.631021115928547,47.68382521137451,43.0377969762419,28082,1.0,0.0,6.036022925936166,1.6609928067801494,19780,0.7699191102123357,6.357369924094581,15.501828490192908,11.843882709807886,0.7112926126937611,0.10683406889438629,"[""y@t"", ""y@t-1"", ""throughput_2@t"", ""level_throughput_3@t""]",4,20,160000.0,605,0.11234409391049156,7.517394228417706,11.843882709807886,,
"ar_order=2,horizon=10,level=True,other_lags=2",model,2,65075,32364,0.8421703126931158,0.5131236072558176,11.614183775264417,9.347176099709998,32271,0.8441015152923678,0.4960318485417852,11.271974166508123,9.001248242427657,93,0.17204301075268819,6.443963881025054,130.36091801369753,129.3841425766825,5105,0.20274240940254654,2.5372777344651216,37.98201109682633,36.67081645979672,27259,0.9619208334861881,0.13404488758879032,6.676080452450903,4.230070408443162,20721,0.7784855943245982,0.7082952254388659,13.40731632799559,11.846159678110322,0.700957995531166,0.2156430408358574,"[""y@t"", ""level_throughput_3@t"", ""data_quality_1@t+h"", ""rps@t+h""]",4,20,80000.0,1261,0.17343344456803855,7.691169200346064,11.418802181361903,,
"ar_order=2,horizon=10,level=True,other_lags=2",ar,2,65075,32364,0.8435916450376962,0.6156695959697608,13.2496469122952,9.655469826934864,32271,0.8455889188435437,0.5992324030237327,12.90505220264965,9.302849070054764,93,0.15053763440860216,6.319375548241523,132.82401115930097,132.0148724643301,5105,0.02703232125367287,3.0748091059554437,43.43334910687613,38.45879550214685,27259,0.9965149125059614,0.1551278593515094,7.59691571513699,4.261252226437517,20721,0.7597123690941557,0.8365902386454278,15.37989629898518,11.980115728572692,0.6846509871833508,0.2156430408358574,"[""y@t"", ""level_throughput_3@t"", ""data_quality_1@t+h"", ""rps@t+h""]",4,20,80000.0,1261,0.17343344456803855,7.691169200346064,11.418802181361903,,
"ar_order=2,horizon=10,level=True,other_lags=2",persistence,2,65075,32364,0.8422630082808058,4.3584341489561,12.376434691735227,7.691169200346067,32271,0.8442564531622819,4.303353231342595,12.02707801728085,7.33193889250411,93,0.15053763440860216,23.471512560842527,133.60320072740393,132.34408602150538,5105,0.0,27.631021115928547,45.11215461865657,39.41900097943193,27259,1.0,0.0,6.24576774771918,1.7492571260868024,20721,0.7574441387963902,6.702066122709178,15.116049804514917,11.418802181361903,0.7056693004846475,0.2156430408358574,"[""y@t"", ""level_throughput_3@t"", ""data_quality_1@t+h"", ""rps@t+h""]",4,20,80000.0,1261,0.17343344456803855,7.691169200346064,11.418802181361903,,
"ar_order=2,horizon=10,level=True,other_lags=2",model,3,97439,32364,0.8796502286491164,0.44492188430605895,11.528259633097406,9.108710185670867,32271,0.8816274673855784,0.4280203951605505,11.135790591169876,8.71039260338303,93,0.1935483870967742,6.309738617797467,147.71501718195015,147.32491123954998,4312,0.22495361781076068,2.5150797569376055,39.33370982032777,38.082669025366506,28052,0.9802866105803508,0.1267085395610415,7.2541579217279,4.6549917158017795,19661,0.8143024261227811,0.6260797510323848,12.326578743055732,10.636985616341784,0.7026488132126711,0.5695232842117548,"[""y@t"", ""level_throughput_3@t"", ""throughput_1@t"", ""data_quality_1@t+h""]",4,20,80000.0,1406,0.16691385490050673,7.195340501792114,11.120543207364834,,
"ar_order=2,horizon=10,level=True,other_lags=2",ar,3,97439,32364,0.8657458904956125,0.5321585726509586,12.563726041012918,9.11106445869676,32271,0.8676830590933036,0.5157767271234157,12.161532075268035,8.700238640969257,93,0.1935483870967742,6.2166589707083295,152.12503215448754,151.66762321014085,4312,0.013914656771799629,3.0493727578065446,45.429018343904985,40.45018201088997,28052,0.9966847283616141,0.14522617687201633,7.511853076159412,4.293786728586354,19661,0.7832256751945476,0.7429767348588253,13.946807113697822,10.627741782696473,0.6842128098699677,0.5695232842117548,"[""y@t"", ""level_throughput_3@t"", ""throughput_1@t"", ""data_quality_1@t+h""]",4,20,80000.0,1406,0.16691385490050673,7.195340501792114,11.120543207364834,,
"ar_order=2,horizon=10,level=True,other_lags=2",persistence,3,97439,32364,0.8667655419602027,3.6814041234669355,11.486272335983836,7.195340501792118,32271,0.868705649034737,3.627796983923314,11.077021453704557,6.775154163180568,93,0.1935483870967742,22.283081545103663,153.49632848689433,153.0,4312,0.0,27.63102111592855,49.11249490876099,44.256493506493506,28052,1.0,0.0,5.702575211578623,1.4985027805504116,19661,0.7844972280148518,5.954561643262767,14.599222002062401,11.120543207364834,0.7170341419132304,0.5695232842117548,"[""y@t"", ""level_throughput_3@t"", ""throughput_1@t"", ""data_quality_1@t+h""]",4,20,80000.0,1406,0.16691385490050673,7.195340501792114,11.120543207364834,,
"ar_order=2,horizon=10,level=True,other_lags=2",model,4,129803,32712,0.8853020298361458,0.4001621759375939,8.232964431458596,6.503336916469712,32618,0.8870868845422772,0.38214163587091843,7.937768488241642,6.202941776135399,94,0.26595744680851063,6.653289579073995,110.66595672774157,110.7404506124765,4325,0.21595375722543353,2.2917028318433,25.69306589599219,24.98370167610864,28387,0.9872829111917427,0.11196992819066116,5.57277001732157,3.6876967436639077,18349,0.8087634203498828,0.584314578748068,9.092898223385493,8.11318800825207,0.7156003802018717,0.9297663159668446,"[""y@t"", ""level_throughput_3@t"", ""buffer_size_3@t-1"", ""throughput_2@t""]",4,20,160000.0,2101,0.06120078258742969,4.889734653949621,8.147582974549021,,
"ar_order=2,horizon=10,level=True,other_lags=2",ar,4,129803,32712,0.8677855221325508,0.5467069221627848,10.342757790494948,6.852962973240349,32618,0.8695812128272733,0.5328857645665892,10.05460313155073,6.554426673279218,94,0.24468085106382978,5.342648608042671,110.33242444413897,110.44505905975294,4325,0.0,3.1105817820845285,32.1024276261178,25.685931985421796,28387,1.0,0.15607886110802233,7.0274877006979,3.983600554609118,18349,0.7681617526840699,0.8136571190614794,11.310449359526801,8.024331845253757,0.701854353571912,0.9297663159668446,"[""y@t"", ""level_throughput_3@t"", ""buffer_size_3@t-1"", ""throughput_2@t""]",4,20,160000.0,2101,0.06120078258742969,4.889734653949621,8.147582974549021,,
"ar_order=2,horizon=10,level=True,other_lags=2",persistence,4,129803,32712,0.8677855221325508,3.653221029786958,9.294613615227819,4.889734653949629,32618,0.8695812128272733,3.603604262283403,9.000710116725593,4.583358881599125,94,0.24468085106382978,20.870239353520496,111.27912759550034,111.20212765957447,4325,0.0,27.631021115928544,34.380501185534335,27.65387283236994,28387,1.0,0.0,5.472566067351125,1.4214253003135333,18349,0.7681617526840699,6.405927507066327,11.436565607568491,8.147582974549021,0.701854353571912,0.9297663159668446,"[""y@t"", ""level_throughput_3@t"", ""buffer_size_3@t-1"", ""throughput_2@t""]",4,20,160000.0,2101,0.06120078258742969,4.889734653949621,8.147582974549021,,
"ar_order=2,horizon=10,level=True,other_lags=2",model,5,162515,32364,0.8891360771227289,0.40016077644415116,10.695468526241498,8.591989010582797,32271,0.8910476898763596,0.38174417709779446,10.381470114845675,8.272007894768121,93,0.22580645161290322,6.790720749629895,119.65291728059252,119.62543619827555,3901,0.21148423481158676,2.486250840616773,39.43075346340029,38.16606682228033,28463,0.9820117345325511,0.11425144361425263,6.75715048036241,4.538710103108812,19660,0.8307731434384538,0.5685379411062934,11.47735156971482,10.241219735185725,0.671301266305968,0.967272961512208,"[""y@t"", ""buffer_size_3@t-1"", ""level_throughput_3@t"", ""rps@t+h""]",4,20,160000.0,2782,0.07900753924113212,6.6548634285008035,10.384231943031535,,
"ar_order=2,horizon=10,level=True,other_lags=2",ar,5,162515,32364,0.8794648374737363,0.5184470145627539,12.275948237613516,8.767853801975278,32271,0.8813485792197329,0.5039662140812405,11.967531979709547,8.449673453077441,93,0.22580645161290322,5.543284781647887,119.29638973029117,119.17643486952412,3901,0.0,3.17955383770894,46.322163948013106,41.057767802282,28463,1.0,0.15372868841676535,7.609739915009828,4.342355628374585,19660,0.8052390640895218,0.7244108704955096,13.968545366969536,10.715966212887723,0.6607627336513058,0.967272961512208,"[""y@t"", ""buffer_size_3@t-1"", ""level_throughput_3@t"", ""rps@t+h""]",4,20,160000.0,2782,0.07900753924113212,6.6548634285008035,10.384231943031535,,
"ar_order=2,horizon=10,level=True,other_lags=2",persistence,5,162515,32364,0.8794648374737363,3.330509620975073,11.06659153231685,6.654863428500809,32271,0.8813485792197329,3.278459913014484,10.74949254077124,6.326237178891269,93,0.22580645161290322,21.391758283299517,121.09994159864357,120.68817204301075,3901,0.0,27.631021115928544,49.4539754762644,44.0225583183799,28463,1.0,0.0,5.805403858307106,1.533429364438048,19660,0.8052390640895218,5.381443532700428,13.830434776052776,10.384231943031535,0.6631740811690362,0.967272961512208,"[""y@t"", ""buffer_size_3@t-1"", ""level_throughput_3@t"", ""rps@t+h""]",4,20,160000.0,2782,0.07900753924113212,6.6548634285008035,10.384231943031535,,
"ar_order=2,forced=('y@t', 'level_throughput_3@t'),horizon=10,level=True,other_lags=2",model,1,32363,32712,0.8668989973098558,0.6120029601608571,13.296289475972126,9.993350416890044,32618,0.8688760806916427,0.5915604864697807,12.979742826204163,9.666538747971616,94,0.18085106382978725,7.705541330964359,123.13797694545464,123.3969995315848,4630,0.20539956803455722,3.601178342573922,44.088708156736736,42.59433345209896,28082,0.975963250480735,0.11916477126503452,8.219411102211703,4.618286267149382,19780,0.7953993933265925,0.8997115088778509,15.332261271648225,12.505443350037194,0.6709299852795454,0.0772443525493145,"[""y@t"", ""level_throughput_3@t"", ""y@t-1"", ""throughput_2@t""]",4,20,160000.0,605,0.11234409391049156,7.517394228417706,11.843882709807886,,
"ar_order=2,forced=('y@t', 'level_throughput_3@t'),horizon=10,level=True,other_lags=2",ar,1,32363,32712,0.8548239178283199,0.6964327023509085,14.51287540294694,10.49145874380517,32618,0.856827518548041,0.6809121821713872,14.199754490037767,10.166958198439787,94,0.1595744680851064,6.082053204644802,123.16583218242914,123.09314798559285,4630,0.008855291576673866,4.000345208041964,47.47280227982396,42.88057484973132,28082,0.994302400113952,0.15170245160845464,9.07863063975555,5.151326005024522,19780,0.7642062689585439,1.0194240831446497,16.667197165852148,12.615362311718386,0.6505948118104163,0.0772443525493145,"[""y@t"", ""level_throughput_3@t"", ""y@t-1"", ""throughput_2@t""]",4,20,160000.0,605,0.11234409391049156,7.517394228417706,11.843882709807886,,
"ar_order=2,forced=('y@t', 'level_throughput_3@t'),horizon=10,level=True,other_lags=2",persistence,1,32363,32712,0.8584617265835167,3.9108470214829167,11.930780953008174,7.51739422841771,32618,0.860475810901956,3.855195815150862,11.608834194866903,7.182291986019994,94,0.1595744680851064,23.221815618705897,123.64630602802919,123.79787234042553,4630,0.0,27.631021115928547,47.68382521137451,43.0377969762419,28082,1.0,0.0,6.036022925936166,1.6609928067801494,19780,0.7699191102123357,6.357369924094581,15.501828490192908,11.843882709807886,0.7112926126937611,0.0772443525493145,"[""y@t"", ""level_throughput_3@t"", ""y@t-1"", ""throughput_2@t""]",4,20,160000.0,605,0.11234409391049156,7.517394228417706,11.843882709807886,,
"ar_order=2,forced=('y@t', 'level_throughput_3@t'),horizon=10,level=True,other_lags=2",model,2,65075,32364,0.8421703126931158,0.5131236072558176,11.614183775264417,9.347176099709998,32271,0.8441015152923678,0.4960318485417852,11.271974166508123,9.001248242427657,93,0.17204301075268819,6.443963881025054,130.36091801369753,129.3841425766825,5105,0.20274240940254654,2.5372777344651216,37.98201109682633,36.67081645979672,27259,0.9619208334861881,0.13404488758879032,6.676080452450903,4.230070408443162,20721,0.7784855943245982,0.7082952254388659,13.40731632799559,11.846159678110322,0.700957995531166,0.15414365008473396,"[""y@t"", ""level_throughput_3@t"", ""data_quality_1@t+h"", ""rps@t+h""]",4,20,80000.0,1261,0.17343344456803855,7.691169200346064,11.418802181361903,,
"ar_order=2,forced=('y@t', 'level_throughput_3@t'),horizon=10,level=True,other_lags=2",ar,2,65075,32364,0.8435916450376962,0.6156695959697608,13.2496469122952,9.655469826934864,32271,0.8455889188435437,0.5992324030237327,12.90505220264965,9.302849070054764,93,0.15053763440860216,6.319375548241523,132.82401115930097,132.0148724643301,5105,0.02703232125367287,3.0748091059554437,43.43334910687613,38.45879550214685,27259,0.9965149125059614,0.1551278593515094,7.59691571513699,4.261252226437517,20721,0.7597123690941557,0.8365902386454278,15.37989629898518,11.980115728572692,0.6846509871833508,0.15414365008473396,"[""y@t"", ""level_throughput_3@t"", ""data_quality_1@t+h"", ""rps@t+h""]",4,20,80000.0,1261,0.17343344456803855,7.691169200346064,11.418802181361903,,
"ar_order=2,forced=('y@t', 'level_throughput_3@t'),horizon=10,level=True,other_lags=2",persistence,2,65075,32364,0.8422630082808058,4.3584341489561,12.376434691735227,7.691169200346067,32271,0.8442564531622819,4.303353231342595,12.02707801728085,7.33193889250411,93,0.15053763440860216,23.471512560842527,133.60320072740393,132.34408602150538,5105,0.0,27.631021115928547,45.11215461865657,39.41900097943193,27259,1.0,0.0,6.24576774771918,1.7492571260868024,20721,0.7574441387963902,6.702066122709178,15.116049804514917,11.418802181361903,0.7056693004846475,0.15414365008473396,"[""y@t"", ""level_throughput_3@t"", ""data_quality_1@t+h"", ""rps@t+h""]",4,20,80000.0,1261,0.17343344456803855,7.691169200346064,11.418802181361903,,
"ar_order=2,forced=('y@t', 'level_throughput_3@t'),horizon=10,level=True,other_lags=2",model,3,97439,32364,0.8796502286491164,0.44492188430605895,11.528259633097406,9.108710185670867,32271,0.8816274673855784,0.4280203951605505,11.135790591169876,8.71039260338303,93,0.1935483870967742,6.309738617797467,147.71501718195015,147.32491123954998,4312,0.22495361781076068,2.5150797569376055,39.33370982032777,38.082669025366506,28052,0.9802866105803508,0.1267085395610415,7.2541579217279,4.6549917158017795,19661,0.8143024261227811,0.6260797510323848,12.326578743055732,10.636985616341784,0.7026488132126711,0.4703823197633028,"[""y@t"", ""level_throughput_3@t"", ""throughput_1@t"", ""data_quality_1@t+h""]",4,20,80000.0,1406,0.16691385490050673,7.195340501792114,11.120543207364834,,
"ar_order=2,forced=('y@t', 'level_throughput_3@t'),horizon=10,level=True,other_lags=2",ar,3,97439,32364,0.8657458904956125,0.5321585726509586,12.563726041012918,9.11106445869676,32271,0.8676830590933036,0.5157767271234157,12.161532075268035,8.700238640969257,93,0.1935483870967742,6.2166589707083295,152.12503215448754,151.66762321014085,4312,0.013914656771799629,3.0493727578065446,45.429018343904985,40.45018201088997,28052,0.9966847283616141,0.14522617687201633,7.511853076159412,4.293786728586354,19661,0.7832256751945476,0.7429767348588253,13.946807113697822,10.627741782696473,0.6842128098699677,0.4703823197633028,"[""y@t"", ""level_throughput_3@t"", ""throughput_1@t"", ""data_quality_1@t+h""]",4,20,80000.0,1406,0.16691385490050673,7.195340501792114,11.120543207364834,,
"ar_order=2,forced=('y@t', 'level_throughput_3@t'),horizon=10,level=True,other_lags=2",persistence,3,97439,32364,0.8667655419602027,3.6814041234669355,11.486272335983836,7.195340501792118,32271,0.868705649034737,3.627796983923314,11.077021453704557,6.775154163180568,93,0.1935483870967742,22.283081545103663,153.49632848689433,153.0,4312,0.0,27.63102111592855,49.11249490876099,44.256493506493506,28052,1.0,0.0,5.702575211578623,1.4985027805504116,19661,0.7844972280148518,5.954561643262767,14.599222002062401,11.120543207364834,0.7170341419132304,0.4703823197633028,"[""y@t"", ""level_throughput_3@t"", ""throughput_1@t"", ""data_quality_1@t+h""]",4,20,80000.0,1406,0.16691385490050673,7.195340501792114,11.120543207364834,,
"ar_order=2,forced=('y@t', 'level_throughput_3@t'),horizon=10,level=True,other_lags=2",model,4,129803,32712,0.8853020298361458,0.4001621759375939,8.232964431458596,6.503336916469712,32618,0.8870868845422772,0.38214163587091843,7.937768488241642,6.202941776135399,94,0.26595744680851063,6.653289579073995,110.66595672774157,110.7404506124765,4325,0.21595375722543353,2.2917028318433,25.69306589599219,24.98370167610864,28387,0.9872829111917427,0.11196992819066116,5.57277001732157,3.6876967436639077,18349,0.8087634203498828,0.584314578748068,9.092898223385493,8.11318800825207,0.7156003802018717,0.5686267782002687,"[""y@t"", ""level_throughput_3@t"", ""buffer_size_3@t-1"", ""throughput_2@t""]",4,20,160000.0,2101,0.06120078258742969,4.889734653949621,8.147582974549021,,
"ar_order=2,forced=('y@t', 'level_throughput_3@t'),horizon=10,level=True,other_lags=2",ar,4,129803,32712,0.8677855221325508,0.5467069221627848,10.342757790494948,6.852962973240349,32618,0.8695812128272733,0.5328857645665892,10.05460313155073,6.554426673279218,94,0.24468085106382978,5.342648608042671,110.33242444413897,110.44505905975294,4325,0.0,3.1105817820845285,32.1024276261178,25.685931985421796,28387,1.0,0.15607886110802233,7.0274877006979,3.983600554609118,18349,0.7681617526840699,0.8136571190614794,11.310449359526801,8.024331845253757,0.701854353571912,0.5686267782002687,"[""y@t"", ""level_throughput_3@t"", ""buffer_size_3@t-1"", ""throughput_2@t""]",4,20,160000.0,2101,0.06120078258742969,4.889734653949621,8.147582974549021,,
"ar_order=2,forced=('y@t', 'level_throughput_3@t'),horizon=10,level=True,other_lags=2",persistence,4,129803,32712,0.8677855221325508,3.653221029786958,9.294613615227819,4.889734653949629,32618,0.8695812128272733,3.603604262283403,9.000710116725593,4.583358881599125,94,0.24468085106382978,20.870239353520496,111.27912759550034,111.20212765957447,4325,0.0,27.631021115928544,34.380501185534335,27.65387283236994,28387,1.0,0.0,5.472566067351125,1.4214253003135333,18349,0.7681617526840699,6.405927507066327,11.436565607568491,8.147582974549021,0.701854353571912,0.5686267782002687,"[""y@t"", ""level_throughput_3@t"", ""buffer_size_3@t-1"", ""throughput_2@t""]",4,20,160000.0,2101,0.06120078258742969,4.889734653949621,8.147582974549021,,
"ar_order=2,forced=('y@t', 'level_throughput_3@t'),horizon=10,level=True,other_lags=2",model,5,162515,32364,0.8891360771227289,0.40016077644415116,10.695468526241498,8.591989010582797,32271,0.8910476898763596,0.38174417709779446,10.381470114845675,8.272007894768121,93,0.22580645161290322,6.790720749629895,119.65291728059252,119.62543619827555,3901,0.21148423481158676,2.486250840616773,39.43075346340029,38.16606682228033,28463,0.9820117345325511,0.11425144361425263,6.75715048036241,4.538710103108812,19660,0.8307731434384538,0.5685379411062934,11.47735156971482,10.241219735185725,0.671301266305968,0.6712195556610823,"[""y@t"", ""level_throughput_3@t"", ""buffer_size_3@t-1"", ""rps@t+h""]",4,20,160000.0,2782,0.07900753924113212,6.6548634285008035,10.384231943031535,,
"ar_order=2,forced=('y@t', 'level_throughput_3@t'),horizon=10,level=True,other_lags=2",ar,5,162515,32364,0.8794648374737363,0.5184470145627539,12.275948237613516,8.767853801975278,32271,0.8813485792197329,0.5039662140812405,11.967531979709547,8.449673453077441,93,0.22580645161290322,5.543284781647887,119.29638973029117,119.17643486952412,3901,0.0,3.17955383770894,46.322163948013106,41.057767802282,28463,1.0,0.15372868841676535,7.609739915009828,4.342355628374585,19660,0.8052390640895218,0.7244108704955096,13.968545366969536,10.715966212887723,0.6607627336513058,0.6712195556610823,"[""y@t"", ""level_throughput_3@t"", ""buffer_size_3@t-1"", ""rps@t+h""]",4,20,160000.0,2782,0.07900753924113212,6.6548634285008035,10.384231943031535,,
"ar_order=2,forced=('y@t', 'level_throughput_3@t'),horizon=10,level=True,other_lags=2",persistence,5,162515,32364,0.8794648374737363,3.330509620975073,11.06659153231685,6.654863428500809,32271,0.8813485792197329,3.278459913014484,10.74949254077124,6.326237178891269,93,0.22580645161290322,21.391758283299517,121.09994159864357,120.68817204301075,3901,0.0,27.631021115928544,49.4539754762644,44.0225583183799,28463,1.0,0.0,5.805403858307106,1.533429364438048,19660,0.8052390640895218,5.381443532700428,13.830434776052776,10.384231943031535,0.6631740811690362,0.6712195556610823,"[""y@t"", ""level_throughput_3@t"", ""buffer_size_3@t-1"", ""rps@t+h""]",4,20,160000.0,2782,0.07900753924113212,6.6548634285008035,10.384231943031535,,
"ar_order=2,n_bins=50,other_lags=2",model,1,33200,33558,0.8568448656058167,0.5561676896842415,6.252771161817873,5.762870177712405,33464,0.8589827874731054,0.5237759998250493,5.922405463097291,5.430780000184154,94,0.09574468085106383,12.087609279556608,123.86295990634494,123.98697337776953,6407,0.41782425472139845,2.3406806247908163,22.20923220279949,21.904915498012098,27151,0.9604434459135943,0.13506443841438673,2.48742012909093,1.95372560229492,18713,0.7677015978196975,0.872108355965321,8.672697714651614,8.57907425307265,0.6275605210681984,0.3873926177620888,"[""y@t"", ""throughput_2@t"", ""throughput_2@t-1""]",3,50,125000.0,827,0.11913701650873115,5.184546158889088,8.675573130978464,,
"ar_order=2,n_bins=50,other_lags=2",ar,1,33200,33558,0.8065140949997021,0.788055586925237,7.113747901240445,6.440994547980389,33464,0.8085405211570643,0.7630795033219351,6.786196140645751,6.111266420390359,94,0.0851063829787234,9.679541349700713,123.7221746729516,123.82420797003104,6407,0.0051506165131887,3.11640736133884,24.217319097430387,22.745143173670886,27151,0.9956171043423815,0.23861910875986705,3.077705742425337,2.593597389687913,18713,0.6588467910009085,1.1965894433097917,9.352591256671055,8.745967448135403,0.5467259011334336,0.3873926177620888,"[""y@t"", ""throughput_2@t"", ""throughput_2@t-1""]",3,50,125000.0,827,0.11913701650873115,5.184546158889088,8.675573130978464,,
"ar_order=2,n_bins=50,other_lags=2",persistence,1,33200,33558,0.809076822218249,5.275402356807741,6.0747025454140555,5.18454615888909,33464,0.8111104470475735,5.2192112262068,5.744168900216286,4.8513626583791565,94,0.0851063829787234,25.279444850743133,123.7446802358203,123.79787234042553,6407,0.0,27.631021115928544,24.77230736745187,23.266895582956142,27151,1.0,0.0,1.6625057904217428,0.9175352657360722,18713,0.6622134345107679,9.333387723709953,9.145791032411166,8.675573130978464,0.5767997398236249,0.3873926177620888,"[""y@t"", ""throughput_2@t"", ""throughput_2@t-1""]",3,50,125000.0,827,0.11913701650873115,5.184546158889088,8.675573130978464,,
"ar_order=2,n_bins=50,other_lags=2",model,2,66758,33201,0.8680762627631697,0.4586133494008646,5.304675175640917,4.869737055868381,33108,0.8701824332487617,0.4283186607928478,4.945287966877216,4.50860542139178,93,0.11827956989247312,11.243522493854835,133.24652149551866,133.43259892953782,7033,0.557088013649936,1.6628603274935077,16.171774501584157,16.292755558772917,26168,0.9516585142158361,0.13495586709707524,2.383996883094342,1.7996480490307303,19738,0.8006890262437937,0.667707083743052,6.594368145861237,6.703350376524545,0.6121061013774843,0.3103551957756281,"[""y@t"", ""throughput_2@t"", ""throughput_2@t-1""]",3,50,125000.0,1535,0.10587030511129183,4.902623414957381,7.62306211368933,,
"ar_order=2,n_bins=50,other_lags=2",ar,2,66758,33201,0.7866630523177013,0.7256308754413617,6.173138376716704,5.5097216467465975,33108,0.7886009423704241,0.7024272014098536,5.818246682666832,5.152478800788724,93,0.0967741935483871,8.986138830658296,132.51458145847116,132.6881748077493,7033,0.036684203042798236,2.522141336582933,18.916545241697968,17.609237436971636,26168,0.988229899113421,0.24279466047618808,2.748177337225217,2.2578149457127874,19738,0.647380686999696,1.0449497987110725,7.636927459803809,7.114567662467509,0.5573563447545538,0.3103551957756281,"[""y@t"", ""throughput_2@t"", ""throughput_2@t-1""]",3,50,125000.0,1535,0.10587030511129183,4.902623414957381,7.62306211368933,,
"ar_order=2,n_bins=50,other_lags=2",persistence,2,66758,33201,0.7881690310532815,5.853105975974382,5.831207999560039,4.902623414957386,33108,0.7901111513833514,5.799443208124545,5.476139387467016,4.544641778422139,93,0.0967741935483871,24.957051330516098,132.23563390467646,132.34408602150538,7033,0.0,27.631021115928547,21.00427883188823,19.578700412341817,26168,1.0,0.0,1.7532422718099572,0.9582314276979587,19738,0.6479379876380585,9.7278328976891,8.075706466801048,7.62306211368933,0.5939957033297487,0.3103551957756281,"[""y@t"", ""throughput_2@t"", ""throughput_2@t-1""]",3,50,125000.0,1535,0.10587030511129183,4.902623414957381,7.62306211368933,,
"ar_order=2,n_bins=50,other_lags=2",model,3,99959,33201,0.9028041324056504,0.3618292024504564,5.389674757097819,4.6688117666556765,33108,0.9050682614473843,0.32976952109558055,4.977325043870496,4.2558163137360445,93,0.0967741935483871,11.77507576478626,152.18617266602445,151.6951930060451,5662,0.6084422465559873,1.6535630891108293,17.604981155049508,17.58811959641616,27539,0.9633247394604016,0.09624957841650345,2.878215923254816,2.0126107088066685,18433,0.8467422557369935,0.5410200174358855,6.400533807616277,6.213694502998789,0.6990825914254879,0.8349105753004551,"[""y@t"", ""throughput_2@t"", ""throughput_2@t-1""]",3,50,125000.0,1966,0.04490828589500316,4.688894912803831,7.6735745673520315,,
"ar_order=2,n_bins=50,other_lags=2",ar,3,99959,33201,0.8312701424655884,0.6272566955720869,6.342931974377443,5.40144670796323,33108,0.8333031291530748,0.6039283273361515,5.933552706206231,4.990654599743978,93,0.10752688172043011,8.932155787565039,152.08195144332905,151.64343723401709,5662,0.03302719886965737,2.6654476984118824,21.759316838064173,20.322599951998644,27539,0.9953883583281891,0.2082059871920105,3.173333546758638,2.3336675704590175,18433,0.702490099278468,0.9431669245262999,7.784774346817663,6.939343279930709,0.5940689055826124,0.8349105753004551,"[""y@t"", ""throughput_2@t"", ""throughput_2@t-1""]",3,50,125000.0,1966,0.04490828589500316,4.688894912803831,7.6735745673520315,,
"ar_order=2,n_bins=50,other_lags=2",persistence,3,99959,33201,0.8294629679828921,4.712112332712492,5.8224676635054005,4.68889491280384,33108,0.831490878337562,4.656079098881398,5.407605595155496,4.272290685030817,93,0.10752688172043011,24.659943576581387,153.5133639960713,153.0,5662,0.0,27.63102111592855,24.556981614566087,23.078417520310843,27539,1.0,0.0,1.9706641125084285,0.9080213515378298,18433,0.6973362990289156,8.362907112557117,8.335943860506402,7.6735745673520315,0.6144954798776907,0.8349105753004551,"[""y@t"", ""throughput_2@t"", ""throughput_2@t-1""]",3,50,125000.0,1966,0.04490828589500316,4.688894912803831,7.6735745673520315,,
"ar_order=2,n_bins=50,other_lags=2",model,4,133160,33558,0.9282734370343882,0.2720524539245864,3.925597625120832,3.3617151578326716,33464,0.9303729380827157,0.24196059888533358,3.6272616642343913,3.0614788059186746,94,0.18085106382978725,10.984752847898609,110.13319970069342,110.24585643921557,4945,0.6677451971688574,1.36881839814606,13.664149521110756,14.273097009504317,28613,0.9732988501729983,0.08250547897700365,2.242546594971243,1.4759715008754741,17046,0.8822011028980405,0.4226490860773537,4.988844224331058,5.180363325497191,0.744219551045653,1.0775663517415524,"[""y@t"", ""throughput_2@t"", ""throughput_2@t-1""]",3,50,125000.0,2258,0.07229274688598844,3.4797365754812564,6.237240408306934,,
"ar_order=2,n_bins=50,other_lags=2",ar,4,133160,33558,0.8564276774539603,0.5502232312147218,4.971237442609081,4.130007705956516,33464,0.8583552474300741,0.5274813016525789,4.675759470749978,3.8322749347773506,94,0.1702127659574468,8.64635015533764,110.1613954244496,110.1228742457398,4945,0.0339737108190091,2.5941685762083306,17.60123800718542,15.791674248533404,28613,0.9985670848914829,0.19698135755612622,2.7884760127754395,2.1145971913987034,17046,0.7224568813797958,0.8726866021805371,6.224705592607275,5.4970666819507725,0.6753143972536071,1.0775663517415524,"[""y@t"", ""throughput_2@t"", ""throughput_2@t-1""]",3,50,125000.0,2258,0.07229274688598844,3.4797365754812564,6.237240408306934,,
"ar_order=2,n_bins=50,other_lags=2",persistence,4,133160,33558,0.8526431849335478,4.071619268677116,4.592909234457533,3.479736575481264,33464,0.8545601243126942,4.0186522762139685,4.29318995220557,3.177145589289991,94,0.1702127659574468,22.92786858555773,111.29297371615647,111.20212765957447,4945,0.0,27.631021115928547,20.468967960208058,18.578361981799798,28613,1.0,0.0,1.8491525364937993,0.8703386572537046,17046,0.7144784700222926,7.889251423866258,6.806875662131926,6.237240408306935,0.6977537517208655,1.0775663517415524,"[""y@t"", ""throughput_2@t"", ""throughput_2@t-1""]",3,50,125000.0,2258,0.07229274688598844,3.4797365754812564,6.237240408306934,,
"ar_order=2,n_bins=50,other_lags=2",model,5,166718,33201,0.9013282732447818,0.3433775461852496,5.199580452431601,4.558170249532737,33108,0.9034674398936813,0.3154347106341477,4.876270809279764,4.23429489405911,93,0.13978494623655913,10.291027002377522,120.29781341448567,119.85779679814408,5233,0.5371679724823237,1.708229302378505,20.189914979332347,19.977181666424976,27968,0.9694651029748284,0.08800464715209368,2.394788526685333,1.6731700083786651,18670,0.8443492233529727,0.5120346862689342,6.7437001962352685,6.622683900777334,0.6306841988890239,1.3119970634579659,"[""y@t"", ""throughput_2@t"", ""throughput_2@t-1"", ""buffer_size_3@t""]",4,50,6250000.0,4966,0.07891328574440529,4.876780819854823,8.07123727905731,,
"ar_order=2,n_bins=50,other_lags=2",ar,5,166718,33201,0.8441613204421553,0.5895382479779903,6.152825078041283,5.240686862300149,33108,0.8461399057629576,0.5682370444068457,5.833004881056036,4.919602953082891,93,0.13978494623655913,8.17276671930548,120.0088152047886,119.54655854364376,5233,0.01758073762660042,2.7968802435643916,24.435743671694468,22.632100987283373,27968,0.9988200800915332,0.17652978606066916,2.7319686349424868,1.9866368724532806,18670,0.7277986073915372,0.8937672940145978,8.003581521955224,7.231071547679541,0.570902264773216,1.3119970634579659,"[""y@t"", ""throughput_2@t"", ""throughput_2@t-1"", ""buffer_size_3@t""]",4,50,6250000.0,4966,0.07891328574440529,4.876780819854823,8.07123727905731,,
"ar_order=2,n_bins=50,other_lags=2",persistence,5,166718,33201,0.8423842655341707,4.355083687227918,6.0032307001824865,4.87678081985483,33108,0.8443578591277032,4.3005512809707565,5.679746453449299,4.551467923160573,93,0.13978494623655913,23.76862031477724,121.16362253719775,120.68817204301075,5233,0.0,27.631021115928544,27.755977626530186,25.884387540607683,27968,1.0,0.0,1.9331461512130395,0.9461169908466905,18670,0.7239957150508838,7.62628022551579,8.743171593653088,8.07123727905731,0.5776054072504856,1.3119970634579659,"[""y@t"", ""throughput_2@t"", ""throughput_2@t-1"", ""buffer_size_3@t""]",4,50,6250000.0,4966,0.07891328574440529,4.876780819854823,8.07123727905731,,
"ar_order=2,level=True,n_bins=50,other_lags=2",model,1,33200,33558,0.8568448656058167,0.5561676896842415,6.252771161817873,5.762870177712405,33464,0.8589827874731054,0.5237759998250493,5.922405463097291,5.430780000184154,94,0.09574468085106383,12.087609279556608,123.86295990634494,123.98697337776953,6407,0.41782425472139845,2.3406806247908163,22.20923220279949,21.904915498012098,27151,0.9604434459135943,0.13506443841438673,2.48742012909093,1.95372560229492,18713,0.7677015978196975,0.872108355965321,8.672697714651614,8.57907425307265,0.6275605210681984,0.15755552239716053,"[""y@t"", ""throughput_2@t"", ""throughput_2@t-1""]",3,50,125000.0,827,0.11913701650873115,5.184546158889088,8.675573130978464,,
"ar_order=2,level=True,n_bins=50,other_lags=2",ar,1,33200,33558,0.8065140949997021,0.788055586925237,7.113747901240445,6.440994547980389,33464,0.8085405211570643,0.7630795033219351,6.786196140645751,6.111266420390359,94,0.0851063829787234,9.679541349700713,123.7221746729516,123.82420797003104,6407,0.0051506165131887,3.11640736133884,24.217319097430387,22.745143173670886,27151,0.9956171043423815,0.23861910875986705,3.077705742425337,2.593597389687913,18713,0.6588467910009085,1.1965894433097917,9.352591256671055,8.745967448135403,0.5467259011334336,0.15755552239716053,"[""y@t"", ""throughput_2@t"", ""throughput_2@t-1""]",3,50,125000.0,827,0.11913701650873115,5.184546158889088,8.675573130978464,,
"ar_order=2,level=True,n_bins=50,other_lags=2",persistence,1,33200,33558,0.809076822218249,5.275402356807741,6.0747025454140555,5.18454615888909,33464,0.8111104470475735,5.2192112262068,5.744168900216286,4.8513626583791565,94,0.0851063829787234,25.279444850743133,123.7446802358203,123.79787234042553,6407,0.0,27.631021115928544,24.77230736745187,23.266895582956142,27151,1.0,0.0,1.6625057904217428,0.9175352657360722,18713,0.6622134345107679,9.333387723709953,9.145791032411166,8.675573130978464,0.5767997398236249,0.15755552239716053,"[""y@t"", ""throughput_2@t"", ""throughput_2@t-1""]",3,50,125000.0,827,0.11913701650873115,5.184546158889088,8.675573130978464,,
"ar_order=2,level=True,n_bins=50,other_lags=2",model,2,66758,33201,0.8680762627631697,0.4586133494008646,5.304675175640917,4.869737055868381,33108,0.8701824332487617,0.4283186607928478,4.945287966877216,4.50860542139178,93,0.11827956989247312,11.243522493854835,133.24652149551866,133.43259892953782,7033,0.557088013649936,1.6628603274935077,16.171774501584157,16.292755558772917,26168,0.9516585142158361,0.13495586709707524,2.383996883094342,1.7996480490307303,19738,0.8006890262437937,0.667707083743052,6.594368145861237,6.703350376524545,0.6121061013774843,0.33794669806957245,"[""y@t"", ""throughput_2@t"", ""throughput_2@t-1""]",3,50,125000.0,1535,0.10587030511129183,4.902623414957381,7.62306211368933,,
"ar_order=2,level=True,n_bins=50,other_lags=2",ar,2,66758,33201,0.7866630523177013,0.7256308754413617,6.173138376716704,5.5097216467465975,33108,0.7886009423704241,0.7024272014098536,5.818246682666832,5.152478800788724,93,0.0967741935483871,8.986138830658296,132.51458145847116,132.6881748077493,7033,0.036684203042798236,2.522141336582933,18.916545241697968,17.609237436971636,26168,0.988229899113421,0.24279466047618808,2.748177337225217,2.2578149457127874,19738,0.647380686999696,1.0449497987110725,7.636927459803809,7.114567662467509,0.5573563447545538,0.33794669806957245,"[""y@t"", ""throughput_2@t"", ""throughput_2@t-1""]",3,50,125000.0,1535,0.10587030511129183,4.902623414957381,7.62306211368933,,
"ar_order=2,level=True,n_bins=50,other_lags=2",persistence,2,66758,33201,0.7881690310532815,5.853105975974382,5.831207999560039,4.902623414957386,33108,0.7901111513833514,5.799443208124545,5.476139387467016,4.544641778422139,93,0.0967741935483871,24.957051330516098,132.23563390467646,132.34408602150538,7033,0.0,27.631021115928547,21.00427883188823,19.578700412341817,26168,1.0,0.0,1.7532422718099572,0.9582314276979587,19738,0.6479379876380585,9.7278328976891,8.075706466801048,7.62306211368933,0.5939957033297487,0.33794669806957245,"[""y@t"", ""throughput_2@t"", ""throughput_2@t-1""]",3,50,125000.0,1535,0.10587030511129183,4.902623414957381,7.62306211368933,,
"ar_order=2,level=True,n_bins=50,other_lags=2",model,3,99959,33201,0.9028041324056504,0.3618292024504564,5.389674757097819,4.6688117666556765,33108,0.9050682614473843,0.32976952109558055,4.977325043870496,4.2558163137360445,93,0.0967741935483871,11.77507576478626,152.18617266602445,151.6951930060451,5662,0.6084422465559873,1.6535630891108293,17.604981155049508,17.58811959641616,27539,0.9633247394604016,0.09624957841650345,2.878215923254816,2.0126107088066685,18433,0.8467422557369935,0.5410200174358855,6.400533807616277,6.213694502998789,0.6990825914254879,0.9441966880112886,"[""y@t"", ""throughput_2@t"", ""throughput_2@t-1""]",3,50,125000.0,1966,0.04490828589500316,4.688894912803831,7.6735745673520315,,
"ar_order=2,level=True,n_bins=50,other_lags=2",ar,3,99959,33201,0.8312701424655884,0.6272566955720869,6.342931974377443,5.40144670796323,33108,0.8333031291530748,0.6039283273361515,5.933552706206231,4.990654599743978,93,0.10752688172043011,8.932155787565039,152.08195144332905,151.64343723401709,5662,0.03302719886965737,2.6654476984118824,21.759316838064173,20.322599951998644,27539,0.9953883583281891,0.2082059871920105,3.173333546758638,2.3336675704590175,18433,0.702490099278468,0.9431669245262999,7.784774346817663,6.939343279930709,0.5940689055826124,0.9441966880112886,"[""y@t"", ""throughput_2@t"", ""throughput_2@t-1""]",3,50,125000.0,1966,0.04490828589500316,4.688894912803831,7.6735745673520315,,
"ar_order=2,level=True,n_bins=50,other_lags=2",persistence,3,99959,33201,0.8294629679828921,4.712112332712492,5.8224676635054005,4.68889491280384,33108,0.831490878337562,4.656079098881398,5.407605595155496,4.272290685030817,93,0.10752688172043011,24.659943576581387,153.5133639960713,153.0,5662,0.0,27.63102111592855,24.556981614566087,23.078417520310843,27539,1.0,0.0,1.9706641125084285,0.9080213515378298,18433,0.6973362990289156,8.362907112557117,8.335943860506402,7.6735745673520315,0.6144954798776907,0.9441966880112886,"[""y@t"", ""throughput_2@t"", ""throughput_2@t-1""]",3,50,125000.0,1966,0.04490828589500316,4.688894912803831,7.6735745673520315,,
"ar_order=2,level=True,n_bins=50,other_lags=2",model,4,133160,33558,0.9282734370343882,0.2720524539245864,3.925597625120832,3.3617151578326716,33464,0.9303729380827157,0.24196059888533358,3.6272616642343913,3.0614788059186746,94,0.18085106382978725,10.984752847898609,110.13319970069342,110.24585643921557,4945,0.6677451971688574,1.36881839814606,13.664149521110756,14.273097009504317,28613,0.9732988501729983,0.08250547897700365,2.242546594971243,1.4759715008754741,17046,0.8822011028980405,0.4226490860773537,4.988844224331058,5.180363325497191,0.744219551045653,1.2094010785222054,"[""y@t"", ""throughput_2@t"", ""throughput_2@t-1""]",3,50,125000.0,2258,0.07229274688598844,3.4797365754812564,6.237240408306934,,
"ar_order=2,level=True,n_bins=50,other_lags=2",ar,4,133160,33558,0.8564276774539603,0.5502232312147218,4.971237442609081,4.130007705956516,33464,0.8583552474300741,0.5274813016525789,4.675759470749978,3.8322749347773506,94,0.1702127659574468,8.64635015533764,110.1613954244496,110.1228742457398,4945,0.0339737108190091,2.5941685762083306,17.60123800718542,15.791674248533404,28613,0.9985670848914829,0.19698135755612622,2.7884760127754395,2.1145971913987034,17046,0.7224568813797958,0.8726866021805371,6.224705592607275,5.4970666819507725,0.6753143972536071,1.2094010785222054,"[""y@t"", ""throughput_2@t"", ""throughput_2@t-1""]",3,50,125000.0,2258,0.07229274688598844,3.4797365754812564,6.237240408306934,,
"ar_order=2,level=True,n_bins=50,other_lags=2",persistence,4,133160,33558,0.8526431849335478,4.071619268677116,4.592909234457533,3.479736575481264,33464,0.8545601243126942,4.0186522762139685,4.29318995220557,3.177145589289991,94,0.1702127659574468,22.92786858555773,111.29297371615647,111.20212765957447,4945,0.0,27.631021115928547,20.468967960208058,18.578361981799798,28613,1.0,0.0,1.8491525364937993,0.8703386572537046,17046,0.7144784700222926,7.889251423866258,6.806875662131926,6.237240408306935,0.6977537517208655,1.2094010785222054,"[""y@t"", ""throughput_2@t"", ""throughput_2@t-1""]",3,50,125000.0,2258,0.07229274688598844,3.4797365754812564,6.237240408306934,,
"ar_order=2,level=True,n_bins=50,other_lags=2",model,5,166718,33201,0.9013282732447818,0.3433775461852496,5.199580452431601,4.558170249532737,33108,0.9034674398936813,0.3154347106341477,4.876270809279764,4.23429489405911,93,0.13978494623655913,10.291027002377522,120.29781341448567,119.85779679814408,5233,0.5371679724823237,1.708229302378505,20.189914979332347,19.977181666424976,27968,0.9694651029748284,0.08800464715209368,2.394788526685333,1.6731700083786651,18670,0.8443492233529727,0.5120346862689342,6.7437001962352685,6.622683900777334,0.6306841988890239,1.4412733539938927,"[""y@t"", ""throughput_2@t"", ""throughput_2@t-1"", ""buffer_size_3@t""]",4,50,6250000.0,4966,0.07891328574440529,4.876780819854823,8.07123727905731,,
"ar_order=2,level=True,n_bins=50,other_lags=2",ar,5,166718,33201,0.8441613204421553,0.5895382479779903,6.152825078041283,5.240686862300149,33108,0.8461399057629576,0.5682370444068457,5.833004881056036,4.919602953082891,93,0.13978494623655913,8.17276671930548,120.0088152047886,119.54655854364376,5233,0.01758073762660042,2.7968802435643916,24.435743671694468,22.632100987283373,27968,0.9988200800915332,0.17652978606066916,2.7319686349424868,1.9866368724532806,18670,0.7277986073915372,0.8937672940145978,8.003581521955224,7.231071547679541,0.570902264773216,1.4412733539938927,"[""y@t"", ""throughput_2@t"", ""throughput_2@t-1"", ""buffer_size_3@t""]",4,50,6250000.0,4966,0.07891328574440529,4.876780819854823,8.07123727905731,,
"ar_order=2,level=True,n_bins=50,other_lags=2",persistence,5,166718,33201,0.8423842655341707,4.355083687227918,6.0032307001824865,4.87678081985483,33108,0.8443578591277032,4.3005512809707565,5.679746453449299,4.551467923160573,93,0.13978494623655913,23.76862031477724,121.16362253719775,120.68817204301075,5233,0.0,27.631021115928544,27.755977626530186,25.884387540607683,27968,1.0,0.0,1.9331461512130395,0.9461169908466905,18670,0.7239957150508838,7.62628022551579,8.743171593653088,8.07123727905731,0.5776054072504856,1.4412733539938927,"[""y@t"", ""throughput_2@t"", ""throughput_2@t-1"", ""buffer_size_3@t""]",4,50,6250000.0,4966,0.07891328574440529,4.876780819854823,8.07123727905731,,
"ar_order=2,forced=('y@t', 'level_throughput_3@t'),level=True,n_bins=50,other_lags=2",model,1,33200,33558,0.8501400560224089,0.5853225312965382,6.3788926651001185,5.8417985885315895,33464,0.8522591441549128,0.5534321945240807,6.049052457756362,5.510198353181392,94,0.09574468085106383,11.938282422291447,123.80200647947743,123.89148237320185,6407,0.3525831122210083,2.5142111682486727,22.737767563536142,22.266234995726045,27151,0.9675518397112445,0.13014999632720653,2.5185813883780974,1.966016331491521,18713,0.7522043499171699,0.9223844012343201,8.785946973875582,8.646318002102555,0.6062979903667342,0.11098155938088894,"[""y@t"", ""level_throughput_3@t"", ""throughput_2@t"", ""throughput_2@t-1""]",4,50,6250000.0,1552,0.15662435186840692,5.184546158889088,8.675573130978464,,
"ar_order=2,forced=('y@t', 'level_throughput_3@t'),level=True,n_bins=50,other_lags=2",ar,1,33200,33558,0.8065140949997021,0.788055586925237,7.113747901240445,6.440994547980389,33464,0.8085405211570643,0.7630795033219351,6.786196140645751,6.111266420390359,94,0.0851063829787234,9.679541349700713,123.7221746729516,123.82420797003104,6407,0.0051506165131887,3.11640736133884,24.217319097430387,22.745143173670886,27151,0.9956171043423815,0.23861910875986705,3.077705742425337,2.593597389687913,18713,0.6588467910009085,1.1965894433097917,9.352591256671055,8.745967448135403,0.5467259011334336,0.11098155938088894,"[""y@t"", ""level_throughput_3@t"", ""throughput_2@t"", ""throughput_2@t-1""]",4,50,6250000.0,1552,0.15662435186840692,5.184546158889088,8.675573130978464,,
"ar_order=2,forced=('y@t', 'level_throughput_3@t'),level=True,n_bins=50,other_lags=2",persistence,1,33200,33558,0.809076822218249,5.275402356807741,6.0747025454140555,5.18454615888909,33464,0.8111104470475735,5.2192112262068,5.744168900216286,4.8513626583791565,94,0.0851063829787234,25.279444850743133,123.7446802358203,123.79787234042553,6407,0.0,27.631021115928544,24.77230736745187,23.266895582956142,27151,1.0,0.0,1.6625057904217428,0.9175352657360722,18713,0.6622134345107679,9.333387723709953,9.145791032411166,8.675573130978464,0.5767997398236249,0.11098155938088894,"[""y@t"", ""level_throughput_3@t"", ""throughput_2@t"", ""throughput_2@t-1""]",4,50,6250000.0,1552,0.15662435186840692,5.184546158889088,8.675573130978464,,
"ar_order=2,forced=('y@t', 'level_throughput_3@t'),level=True,n_bins=50,other_lags=2",model,2,66758,33201,0.859672901418632,0.4787769926935391,5.408170622063726,4.969419921680093,33108,0.8617856711368853,0.44870765579270533,5.050070931541858,4.609524834896494,93,0.10752688172043011,11.183460929390373,132.89166044784895,133.09207081664164,7033,0.49040238873880276,1.7629781471225026,16.699862363960737,16.762217320433304,26168,0.9589192907367777,0.13363075610308894,2.3733774387573345,1.7999478907479882,19738,0.783868679704124,0.7013238235667375,6.76960030832032,6.862593777280036,0.6008856799917369,0.2393008340150118,"[""y@t"", ""level_throughput_3@t"", ""throughput_2@t"", ""throughput_2@t-1""]",4,50,6250000.0,2895,0.13219481340923467,4.902623414957381,7.62306211368933,,
"ar_order=2,forced=('y@t', 'level_throughput_3@t'),level=True,n_bins=50,other_lags=2",ar,2,66758,33201,0.7866630523177013,0.7256308754413617,6.173138376716704,5.5097216467465975,33108,0.7886009423704241,0.7024272014098536,5.818246682666832,5.152478800788724,93,0.0967741935483871,8.986138830658296,132.51458145847116,132.6881748077493,7033,0.036684203042798236,2.522141336582933,18.916545241697968,17.609237436971636,26168,0.988229899113421,0.24279466047618808,2.748177337225217,2.2578149457127874,19738,0.647380686999696,1.0449497987110725,7.636927459803809,7.114567662467509,0.5573563447545538,0.2393008340150118,"[""y@t"", ""level_throughput_3@t"", ""throughput_2@t"", ""throughput_2@t-1""]",4,50,6250000.0,2895,0.13219481340923467,4.902623414957381,7.62306211368933,,
"ar_order=2,forced=('y@t', 'level_throughput_3@t'),level=True,n_bins=50,other_lags=2",persistence,2,66758,33201,0.7881690310532815,5.853105975974382,5.831207999560039,4.902623414957386,33108,0.7901111513833514,5.799443208124545,5.476139387467016,4.544641778422139,93,0.0967741935483871,24.957051330516098,132.23563390467646,132.34408602150538,7033,0.0,27.631021115928547,21.00427883188823,19.578700412341817,26168,1.0,0.0,1.7532422718099572,0.9582314276979587,19738,0.6479379876380585,9.7278328976891,8.075706466801048,7.62306211368933,0.5939957033297487,0.2393008340150118,"[""y@t"", ""level_throughput_3@t"", ""throughput_2@t"", ""throughput_2@t-1""]",4,50,6250000.0,2895,0.13219481340923467,4.902623414957381,7.62306211368933,,
"ar_order=2,forced=('y@t', 'level_throughput_3@t'),level=True,n_bins=50,other_lags=2",model,3,99959,33201,0.896509141290925,0.3836873663242307,5.339414992111016,4.612885966706548,33108,0.8987253835930893,0.3521596773943143,4.927489816209547,4.200237810422654,93,0.10752688172043011,11.60754462537446,151.98477761303423,151.51562960377262,5662,0.5158954433062523,1.8141191679152133,18.49578889805093,18.313317689167853,27539,0.9747630632920585,0.08959154365063526,2.634473307393641,1.7960863584209927,18433,0.8299788422937123,0.5825041669868536,6.656645492948822,6.413784445464691,0.6820332965361958,0.6427854113280773,"[""y@t"", ""level_throughput_3@t"", ""throughput_2@t"", ""throughput_2@t-1""]",4,50,6250000.0,3883,0.0682810758712087,4.688894912803831,7.6735745673520315,,
"ar_order=2,forced=('y@t', 'level_throughput_3@t'),level=True,n_bins=50,other_lags=2",ar,3,99959,33201,0.8312701424655884,0.6272566955720869,6.342931974377443,5.40144670796323,33108,0.8333031291530748,0.6039283273361515,5.933552706206231,4.990654599743978,93,0.10752688172043011,8.932155787565039,152.08195144332905,151.64343723401709,5662,0.03302719886965737,2.6654476984118824,21.759316838064173,20.322599951998644,27539,0.9953883583281891,0.2082059871920105,3.173333546758638,2.3336675704590175,18433,0.702490099278468,0.9431669245262999,7.784774346817663,6.939343279930709,0.5940689055826124,0.6427854113280773,"[""y@t"", ""level_throughput_3@t"", ""throughput_2@t"", ""throughput_2@t-1""]",4,50,6250000.0,3883,0.0682810758712087,4.688894912803831,7.6735745673520315,,
"ar_order=2,forced=('y@t', 'level_throughput_3@t'),level=True,n_bins=50,other_lags=2",persistence,3,99959,33201,0.8294629679828921,4.712112332712492,5.8224676635054005,4.68889491280384,33108,0.831490878337562,4.656079098881398,5.407605595155496,4.272290685030817,93,0.10752688172043011,24.659943576581387,153.5133639960713,153.0,5662,0.0,27.63102111592855,24.556981614566087,23.078417520310843,27539,1.0,0.0,1.9706641125084285,0.9080213515378298,18433,0.6973362990289156,8.362907112557117,8.335943860506402,7.6735745673520315,0.6144954798776907,0.6427854113280773,"[""y@t"", ""level_throughput_3@t"", ""throughput_2@t"", ""throughput_2@t-1""]",4,50,6250000.0,3883,0.0682810758712087,4.688894912803831,7.6735745673520315,,
"ar_order=2,forced=('y@t', 'level_throughput_3@t'),level=True,n_bins=50,other_lags=2",model,4,133160,33558,0.9266344835806664,0.27523057485148467,3.989878676704097,3.391709929092696,33464,0.9287293808271575,0.24526182098369825,3.692140403536501,3.092279516922824,94,0.18085106382978725,10.944106951783452,109.98470392436843,109.98893666156705,4945,0.6155712841253792,1.4372500778971269,14.372722447018205,14.754237604785098,28613,0.9803935274176074,0.07440624875632863,2.1954788429151457,1.427997652983972,17046,0.8741053619617506,0.43390256534448257,5.150254867744094,5.258422820272056,0.7403557571011664,0.8420508597046137,"[""y@t"", ""level_throughput_3@t"", ""throughput_2@t"", ""throughput_2@t-1""]",4,50,6250000.0,4549,0.0964896596936647,3.4797365754812564,6.237240408306934,,
"ar_order=2,forced=('y@t', 'level_throughput_3@t'),level=True,n_bins=50,other_lags=2",ar,4,133160,33558,0.8564276774539603,0.5502232312147218,4.971237442609081,4.130007705956516,33464,0.8583552474300741,0.5274813016525789,4.675759470749978,3.8322749347773506,94,0.1702127659574468,8.64635015533764,110.1613954244496,110.1228742457398,4945,0.0339737108190091,2.5941685762083306,17.60123800718542,15.791674248533404,28613,0.9985670848914829,0.19698135755612622,2.7884760127754395,2.1145971913987034,17046,0.7224568813797958,0.8726866021805371,6.224705592607275,5.4970666819507725,0.6753143972536071,0.8420508597046137,"[""y@t"", ""level_throughput_3@t"", ""throughput_2@t"", ""throughput_2@t-1""]",4,50,6250000.0,4549,0.0964896596936647,3.4797365754812564,6.237240408306934,,
"ar_order=2,forced=('y@t', 'level_throughput_3@t'),level=True,n_bins=50,other_lags=2",persistence,4,133160,33558,0.8526431849335478,4.071619268677116,4.592909234457533,3.479736575481264,33464,0.8545601243126942,4.0186522762139685,4.29318995220557,3.177145589289991,94,0.1702127659574468,22.92786858555773,111.29297371615647,111.20212765957447,4945,0.0,27.631021115928547,20.468967960208058,18.578361981799798,28613,1.0,0.0,1.8491525364937993,0.8703386572537046,17046,0.7144784700222926,7.889251423866258,6.806875662131926,6.237240408306935,0.6977537517208655,0.8420508597046137,"[""y@t"", ""level_throughput_3@t"", ""throughput_2@t"", ""throughput_2@t-1""]",4,50,6250000.0,4549,0.0964896596936647,3.4797365754812564,6.237240408306934,,
"ar_order=2,forced=('y@t', 'level_throughput_3@t'),level=True,n_bins=50,other_lags=2",model,5,166718,33201,0.9063281226469082,0.34125758836516973,5.215188462933517,4.589810890696752,33108,0.9084813338166002,0.31282220719161047,4.8907763904563435,4.264860566412785,93,0.13978494623655913,10.464253286152275,120.70588626480698,120.27212633578907,5233,0.5591438945155742,1.706427027159691,20.46326971218458,20.425852755183076,27968,0.9712886155606407,0.08582524879095177,2.362170400242912,1.626781461461307,18670,0.8533476164970542,0.5083382581586934,6.832383413484648,6.738979577206684,0.6384146357995197,0.9979818649590015,"[""y@t"", ""level_throughput_3@t"", ""throughput_2@t"", ""throughput_2@t-1""]",4,50,6250000.0,4918,0.04162525225143821,4.876780819854823,8.07123727905731,,
"ar_order=2,forced=('y@t', 'level_throughput_3@t'),level=True,n_bins=50,other_lags=2",ar,5,166718,33201,0.8441613204421553,0.5895382479779903,6.152825078041283,5.240686862300149,33108,0.8461399057629576,0.5682370444068457,5.833004881056036,4.919602953082891,93,0.13978494623655913,8.17276671930548,120.0088152047886,119.54655854364376,5233,0.01758073762660042,2.7968802435643916,24.435743671694468,22.632100987283373,27968,0.9988200800915332,0.17652978606066916,2.7319686349424868,1.9866368724532806,18670,0.7277986073915372,0.8937672940145978,8.003581521955224,7.231071547679541,0.570902264773216,0.9979818649590015,"[""y@t"", ""level_throughput_3@t"", ""throughput_2@t"", ""throughput_2@t-1""]",4,50,6250000.0,4918,0.04162525225143821,4.876780819854823,8.07123727905731,,
"ar_order=2,forced=('y@t', 'level_throughput_3@t'),level=True,n_bins=50,other_lags=2",persistence,5,166718,33201,0.8423842655341707,4.355083687227918,6.0032307001824865,4.87678081985483,33108,0.8443578591277032,4.3005512809707565,5.679746453449299,4.551467923160573,93,0.13978494623655913,23.76862031477724,121.16362253719775,120.68817204301075,5233,0.0,27.631021115928544,27.755977626530186,25.884387540607683,27968,1.0,0.0,1.9331461512130395,0.9461169908466905,18670,0.7239957150508838,7.62628022551579,8.743171593653088,8.07123727905731,0.5776054072504856,0.9979818649590015,"[""y@t"", ""level_throughput_3@t"", ""throughput_2@t"", ""throughput_2@t-1""]",4,50,6250000.0,4918,0.04162525225143821,4.876780819854823,8.07123727905731,,
"ar_order=2,horizon=5,n_bins=50,other_lags=2",model,1,32828,33182,0.7788560062684589,0.874049535875347,8.608931011988426,8.133718968793191,33088,0.7807966634429401,0.8461034968608047,8.282771901943615,7.80579499541161,94,0.09574468085106383,10.711055268994246,123.41693774776193,123.5629575991107,7371,0.10473477140143807,3.145053761342541,27.087038838413548,26.239060600528244,25811,0.971368796249661,0.2255054211212233,3.3320284205127146,2.963269425283874,19274,0.6357787693265539,1.3386359408911201,11.47710312274464,11.160258363388134,0.5039008413838356,0.14439310133457184,"[""y@t"", ""throughput_2@t"", ""y@t-1"", ""avg_p_latency_2@t""]",4,50,5750000.0,1893,0.3933759267072509,6.8297570972213855,11.154301131057384,,
"ar_order=2,horizon=5,n_bins=50,other_lags=2",ar,1,32828,33182,0.7761135555421614,0.9224784874692532,9.103433764968612,8.531464766702012,33088,0.7780766441005803,0.898042966341751,8.778626912526088,8.204735093494103,94,0.0851063829787234,9.523781924350097,123.43544582473724,123.54030973588623,7371,0.01085334418667752,3.210122165527994,27.66967720000038,26.549920103947546,25811,0.9946534423307892,0.26918254577885087,3.8013617662231494,3.38582785643752,19274,0.6207844764968351,1.3600913562943955,11.665732320109171,11.18327868820545,0.5027448929872075,0.14439310133457184,"[""y@t"", ""throughput_2@t"", ""y@t-1"", ""avg_p_latency_2@t""]",4,50,5750000.0,1893,0.3933759267072509,6.8297570972213855,11.154301131057384,,
"ar_order=2,horizon=5,n_bins=50,other_lags=2",persistence,1,32828,33182,0.7778614911699114,6.1379138281450585,7.655614649488137,6.8297570972213935,33088,0.7798295454545454,6.0835344786490415,7.325819781974969,6.497461315280472,94,0.0851063829787234,25.279444850743133,123.74340801412345,123.79787234042553,7371,0.0,27.631021115928547,28.613542540505772,27.381495048161714,25811,1.0,0.0,1.6705351684648915,0.9606756809112496,19274,0.6220296772854623,10.443705968119719,11.554868667346005,11.154301131057384,0.5383699270632466,0.14439310133457184,"[""y@t"", ""throughput_2@t"", ""y@t-1"", ""avg_p_latency_2@t""]",4,50,5750000.0,1893,0.3933759267072509,6.8297570972213855,11.154301131057384,,
"ar_order=2,horizon=5,n_bins=50,other_lags=2",model,2,66010,32829,0.7754729050534588,0.7522909349402739,7.500271526964483,7.143302530173783,32736,0.7774010263929618,0.7290836884728069,7.1466085312286625,6.788092699334164,93,0.0967741935483871,8.92124169148862,131.98964602597331,132.1771629857197,7950,0.23547169811320753,2.377572597672733,22.164586285365264,21.503683130981102,24879,0.9480284577354395,0.23293769651738505,2.8143395228933286,2.55449165447869,20241,0.6609851291932217,1.0852940316965018,9.654414842597228,9.529980559483374,0.5265742153724627,0.305839616805315,"[""y@t"", ""throughput_1@t"", ""data_quality_1@t+h"", ""data_quality_1@t""]",4,50,250000.0,1113,0.17618568948186056,6.746443693076244,10.334024998764884,,
"ar_order=2,horizon=5,n_bins=50,other_lags=2",ar,2,66010,32829,0.7586280422796917,0.8531765667049794,8.138024706331704,7.5643690125655425,32736,0.7605083088954057,0.830575741527995,7.782844282324569,7.2069839844874535,93,0.0967741935483871,8.8086670290035,133.16153395684304,133.36389889605263,7950,0.04817610062893082,2.653266461553817,24.204086157049254,23.142047350958432,24879,0.9856505486554926,0.2779639510834407,3.0041693048604015,2.586574776855767,20241,0.6153352107109332,1.194459378191995,10.548826427151635,10.090316198330894,0.5175850624426418,0.305839616805315,"[""y@t"", ""throughput_1@t"", ""data_quality_1@t+h"", ""data_quality_1@t""]",4,50,250000.0,1113,0.17618568948186056,6.746443693076244,10.334024998764884,,
"ar_order=2,horizon=5,n_bins=50,other_lags=2",persistence,2,66010,32829,0.7578360595814676,6.691236951220932,7.627845123752306,6.746443693076253,32736,0.7597140762463344,6.639345433097934,7.273847040507599,6.38963220918867,93,0.0967741935483871,24.957051330516098,132.23517042588873,132.34408602150538,7950,0.0,27.631021115928544,25.968165863392898,24.735723270440257,24879,1.0,0.0,1.7672578863174115,0.9980304674625294,20241,0.6113828368163629,10.73788904193933,10.748129114533217,10.334024998764885,0.5515515688840086,0.305839616805315,"[""y@t"", ""throughput_1@t"", ""data_quality_1@t+h"", ""data_quality_1@t""]",4,50,250000.0,1113,0.17618568948186056,6.746443693076244,10.334024998764884,,
"ar_order=2,horizon=5,n_bins=50,other_lags=2",model,3,98839,32829,0.8274391544061653,0.6397914863568973,7.574045012834791,6.8691508879331264,32736,0.8294843597262952,0.6102495223975325,7.16264866860321,6.457075003573476,93,0.10752688172043011,11.038562800053327,152.3855581823511,151.91986218252987,6555,0.25202135774218154,2.516084164814258,24.00840328469271,23.371936876882078,26274,0.9709979447362411,0.17168238582831402,3.473899680109333,2.751933785186671,19124,0.719305584605731,0.9559799900493494,9.238662849318798,8.818071953679071,0.5610200829618814,0.8729905746877193,"[""y@t"", ""throughput_2@t"", ""y@t-1""]",3,50,125000.0,2287,0.0329586645953273,6.479636906393737,10.379157080108763,,
"ar_order=2,horizon=5,n_bins=50,other_lags=2",ar,3,98839,32829,0.8031618386182948,0.7374420120659243,8.240906332219533,7.357105792397726,32736,0.8051380742913001,0.7151354537660254,7.833829246484152,6.948742787347256,93,0.10752688172043011,8.589350533630324,151.5320405110739,151.1008835701631,6555,0.035697940503432495,2.753988262009093,26.860729946253755,25.680776539824485,26274,0.9946334779630053,0.23434158318651976,3.595517590878499,2.7856030996451038,19124,0.66800878477306,1.0758045281378594,10.306816063595884,9.524681848125923,0.5358373986517991,0.8729905746877193,"[""y@t"", ""throughput_2@t"", ""y@t-1""]",3,50,125000.0,2287,0.0329586645953273,6.479636906393737,10.379157080108763,,
"ar_order=2,horizon=5,n_bins=50,other_lags=2",persistence,3,98839,32829,0.8003289774284931,5.517114240912353,7.550806231633524,6.4796369063937425,32736,0.802297165200391,5.462731203026929,7.136144577786394,6.063385874877816,93,0.10752688172043011,24.659943576581387,153.51170838582354,153.0,6555,0.0,27.63102111592855,29.84422669235313,28.59725400457666,26274,1.0,0.0,1.9889058312370484,0.9615970160615134,19124,0.6615770759255386,9.350970961215726,10.981197513955037,10.379157080108763,0.5684705876716735,0.8729905746877193,"[""y@t"", ""throughput_2@t"", ""y@t-1""]",3,50,125000.0,2287,0.0329586645953273,6.479636906393737,10.379157080108763,,
"ar_order=2,horizon=5,n_bins=50,other_lags=2",model,4,131668,33182,0.8614911699113977,0.5073852268390684,5.27042409980515,4.706123832093576,33088,0.8634550290135397,0.47998492014492866,4.970430558028183,4.404410137697522,94,0.1702127659574468,10.15229318317628,110.8681508052975,110.90934425950476,5535,0.27714543812104786,2.322995488952351,17.487323819336,16.654852297546608,27647,0.9784786776142077,0.14389541598085534,2.8245695786056246,2.3139578807685672,17679,0.7568867017365235,0.8075227946877921,6.48652868929629,6.231409021384613,0.6564549785558639,1.0997013039886951,"[""y@t"", ""throughput_1@t"", ""y@t-1""]",3,50,125000.0,2784,0.09092278946416732,4.229612440479778,7.347361276090276,,
"ar_order=2,horizon=5,n_bins=50,other_lags=2",ar,4,131668,33182,0.8375323970827557,0.6356950734430477,6.060051686812453,5.27111279614075,33088,0.8394281914893617,0.6145860656071018,5.764073402864729,4.972998152073754,94,0.1702127659574468,8.066065831695965,110.24440763641131,110.20746750772335,5535,0.03577235772357724,2.646902816287716,20.194630954323127,18.615748201980473,27647,0.9980468043549029,0.23304614746029215,3.2302728230778124,2.5994827107310177,17679,0.7006052378528197,0.9623152073134116,7.496063267746837,6.799942136260405,0.6307726741129771,1.0997013039886951,"[""y@t"", ""throughput_1@t"", ""y@t-1""]",3,50,125000.0,2784,0.09092278946416732,4.229612440479778,7.347361276090276,,
"ar_order=2,horizon=5,n_bins=50,other_lags=2",persistence,4,131668,33182,0.8331926948345488,4.609056171317717,5.2974380338573885,4.229612440479786,33088,0.8350761605415861,4.557014090595445,4.996317847039521,3.925713249516449,94,0.1702127659574468,22.92786858555773,111.29174379374689,111.20212765957447,5535,0.0,27.63102111592855,22.43985121582934,20.77542908762421,27647,1.0,0.0,1.8654831395753775,0.9170976959525542,17679,0.691328695061938,8.528903344624814,7.877262012256998,7.347361276090276,0.662515559665992,1.0997013039886951,"[""y@t"", ""throughput_1@t"", ""y@t-1""]",3,50,125000.0,2784,0.09092278946416732,4.229612440479778,7.347361276090276,,
"ar_order=2,horizon=5,n_bins=50,other_lags=2",model,5,164850,32829,0.8463248956715099,0.5434024276548525,6.560210375754022,6.081732486147943,32736,0.8483015640273704,0.517705946762623,6.238336307866319,5.759630152898425,93,0.15053763440860216,9.588563701719568,119.85988227222504,119.46175378997843,5881,0.24672674715184492,2.3490593000034132,23.841558855807136,23.155630220090412,26948,0.9771782692593143,0.14934468436103154,2.788813225271895,2.355608374031435,19149,0.751579716956499,0.8121910227403735,8.375093215484608,8.191993972392742,0.5288447829945828,1.3726493809372187,"[""y@t"", ""throughput_1@t"", ""buffer_size_3@t-1"", ""buffer_size_3@t""]",4,50,6250000.0,6849,0.14532882512412806,5.962594047945414,9.63611676849966,,
"ar_order=2,horizon=5,n_bins=50,other_lags=2",ar,5,164850,32829,0.8231441713119498,0.6717300928005454,7.2817330784765915,6.436186174539132,32736,0.8250855327468231,0.651387467938785,6.961794920390554,6.115140879740321,93,0.13978494623655913,7.83233404414017,119.89996472476169,119.44412994372054,5881,0.018874341098452645,2.8107727706864747,27.067772986746057,25.54364120778919,26948,0.9986640938103013,0.2049158583992112,2.9637242948736278,2.2662684422197166,19149,0.7019687712152071,0.9845400621867579,9.449397046152345,8.735041058992822,0.5255828339538853,1.3726493809372187,"[""y@t"", ""throughput_1@t"", ""buffer_size_3@t-1"", ""buffer_size_3@t""]",4,50,6250000.0,6849,0.14532882512412806,5.962594047945414,9.63611676849966,,
"ar_order=2,horizon=5,n_bins=50,other_lags=2",persistence,5,164850,32829,0.8208596058363032,4.949832013852867,7.039554110573006,5.962594047945419,32736,0.822794477028348,4.896369547088878,6.715341653245081,5.636669110459438,93,0.13978494623655913,23.76862031477724,121.16233909000256,120.68817204301075,5881,0.0,27.631021115928547,30.398038323477877,28.779459275633396,26948,1.0,0.0,1.941912517278753,0.9831527386076965,19149,0.6970598986892266,8.370544336179513,10.2634262056191,9.63611676849966,0.5496513402480139,1.3726493809372187,"[""y@t"", ""throughput_1@t"", ""buffer_size_3@t-1"", ""buffer_size_3@t""]",4,50,6250000.0,6849,0.14532882512412806,5.962594047945414,9.63611676849966,,
"ar_order=2,horizon=5,level=True,n_bins=50,other_lags=2",model,1,32828,33182,0.780392984148032,0.8909527875256812,9.052287645505725,8.604692002585466,33088,0.782338007736944,0.8652999814072132,8.728728376145238,8.279598274898241,94,0.09574468085106383,9.920740541226438,122.94515046039683,123.03768414848827,7371,0.08791208791208792,3.1544978745770385,27.5958155356076,26.7066978288622,25811,0.9781488512649645,0.24453882306651442,3.7567026593393242,3.4351950847796546,19274,0.6394624883262426,1.3454780790076761,11.78769573967956,11.484319535510037,0.5016152248512635,0.15688916109502316,"[""y@t"", ""level_throughput_2@t"", ""buffer_size_3@t-1"", ""data_quality_2@t+h""]",4,50,1250000.0,1540,0.5216683744198662,6.8297570972213855,11.154301131057384,,
"ar_order=2,horizon=5,level=True,n_bins=50,other_lags=2",ar,1,32828,33182,0.7761135555421614,0.9224784874692532,9.103433764968612,8.531464766702012,33088,0.7780766441005803,0.898042966341751,8.778626912526088,8.204735093494103,94,0.0851063829787234,9.523781924350097,123.43544582473724,123.54030973588623,7371,0.01085334418667752,3.210122165527994,27.66967720000038,26.549920103947546,25811,0.9946534423307892,0.26918254577885087,3.8013617662231494,3.38582785643752,19274,0.6207844764968351,1.3600913562943955,11.665732320109171,11.18327868820545,0.5027448929872075,0.15688916109502316,"[""y@t"", ""level_throughput_2@t"", ""buffer_size_3@t-1"", ""data_quality_2@t+h""]",4,50,1250000.0,1540,0.5216683744198662,6.8297570972213855,11.154301131057384,,
"ar_order=2,horizon=5,level=True,n_bins=50,other_lags=2",persistence,1,32828,33182,0.7778614911699114,6.1379138281450585,7.655614649488137,6.8297570972213935,33088,0.7798295454545454,6.0835344786490415,7.325819781974969,6.497461315280472,94,0.0851063829787234,25.279444850743133,123.74340801412345,123.79787234042553,7371,0.0,27.631021115928547,28.613542540505772,27.381495048161714,25811,1.0,0.0,1.6705351684648915,0.9606756809112496,19274,0.6220296772854623,10.443705968119719,11.554868667346005,11.154301131057384,0.5383699270632466,0.15688916109502316,"[""y@t"", ""level_throughput_2@t"", ""buffer_size_3@t-1"", ""data_quality_2@t+h""]",4,50,1250000.0,1540,0.5216683744198662,6.8297570972213855,11.154301131057384,,
"ar_order=2,horizon=5,level=True,n_bins=50,other_lags=2",model,2,66010,32829,0.7622833470407262,0.7768806325995281,7.798035122340713,7.313961675429397,32736,0.7641739980449658,0.7535494303364465,7.443820425690508,6.957861740485339,93,0.0967741935483871,8.989463829204245,132.48160834321286,132.66113877573747,7950,0.1571069182389937,2.4722748331839544,23.25616740379774,22.398203418918406,24879,0.9556654206358777,0.2351231706980775,2.8584414233341864,2.493843428685653,20241,0.6329232745417717,1.1304334845448991,10.164799695411741,9.901127382068893,0.5198966085534464,0.3298291675746441,"[""y@t"", ""level_throughput_3@t"", ""data_quality_1@t+h"", ""rps@t+h""]",4,50,1250000.0,3158,0.2720765177129977,6.746443693076244,10.334024998764884,,
"ar_order=2,horizon=5,level=True,n_bins=50,other_lags=2",ar,2,66010,32829,0.7586280422796917,0.8531765667049794,8.138024706331704,7.5643690125655425,32736,0.7605083088954057,0.830575741527995,7.782844282324569,7.2069839844874535,93,0.0967741935483871,8.8086670290035,133.16153395684304,133.36389889605263,7950,0.04817610062893082,2.653266461553817,24.204086157049254,23.142047350958432,24879,0.9856505486554926,0.2779639510834407,3.0041693048604015,2.586574776855767,20241,0.6153352107109332,1.194459378191995,10.548826427151635,10.090316198330894,0.5175850624426418,0.3298291675746441,"[""y@t"", ""level_throughput_3@t"", ""data_quality_1@t+h"", ""rps@t+h""]",4,50,1250000.0,3158,0.2720765177129977,6.746443693076244,10.334024998764884,,
"ar_order=2,horizon=5,level=True,n_bins=50,other_lags=2",persistence,2,66010,32829,0.7578360595814676,6.691236951220932,7.627845123752306,6.746443693076253,32736,0.7597140762463344,6.639345433097934,7.273847040507599,6.38963220918867,93,0.0967741935483871,24.957051330516098,132.23517042588873,132.34408602150538,7950,0.0,27.631021115928544,25.968165863392898,24.735723270440257,24879,1.0,0.0,1.7672578863174115,0.9980304674625294,20241,0.6113828368163629,10.73788904193933,10.748129114533217,10.334024998764885,0.5515515688840086,0.3298291675746441,"[""y@t"", ""level_throughput_3@t"", ""data_quality_1@t+h"", ""rps@t+h""]",4,50,1250000.0,3158,0.2720765177129977,6.746443693076244,10.334024998764884,,
"ar_order=2,horizon=5,level=True,n_bins=50,other_lags=2",model,3,98839,32829,0.8301501721039325,0.6401410436490801,7.429978258502217,6.751494182742504,32736,0.8322030791788856,0.6107879564314277,7.018240450182898,6.339155452684776,93,0.10752688172043011,10.972427744262713,152.36168678690268,151.89472716306278,6555,0.23920671243325706,2.552131465821462,24.473027615805574,23.851854987945227,26274,0.9775824008525539,0.16312584926147392,3.177972909597464,2.485190419398366,19124,0.7219723907132399,0.9586472019962969,9.373567205767664,8.967484767934184,0.5587656173885499,0.9682309869676828,"[""y@t"", ""level_throughput_2@t"", ""throughput_2@t"", ""y@t-1""]",4,50,6250000.0,4230,0.07073014712601663,6.479636906393737,10.379157080108763,,
"ar_order=2,horizon=5,level=True,n_bins=50,other_lags=2",ar,3,98839,32829,0.8031618386182948,0.7374420120659243,8.240906332219533,7.357105792397726,32736,0.8051380742913001,0.7151354537660254,7.833829246484152,6.948742787347256,93,0.10752688172043011,8.589350533630324,151.5320405110739,151.1008835701631,6555,0.035697940503432495,2.753988262009093,26.860729946253755,25.680776539824485,26274,0.9946334779630053,0.23434158318651976,3.595517590878499,2.7856030996451038,19124,0.66800878477306,1.0758045281378594,10.306816063595884,9.524681848125923,0.5358373986517991,0.9682309869676828,"[""y@t"", ""level_throughput_2@t"", ""throughput_2@t"", ""y@t-1""]",4,50,6250000.0,4230,0.07073014712601663,6.479636906393737,10.379157080108763,,
"ar_order=2,horizon=5,level=True,n_bins=50,other_lags=2",persistence,3,98839,32829,0.8003289774284931,5.517114240912353,7.550806231633524,6.4796369063937425,32736,0.802297165200391,5.462731203026929,7.136144577786394,6.063385874877816,93,0.10752688172043011,24.659943576581387,153.51170838582354,153.0,6555,0.0,27.63102111592855,29.84422669235313,28.59725400457666,26274,1.0,0.0,1.9889058312370484,0.9615970160615134,19124,0.6615770759255386,9.350970961215726,10.981197513955037,10.379157080108763,0.5684705876716735,0.9682309869676828,"[""y@t"", ""level_throughput_2@t"", ""throughput_2@t"", ""y@t-1""]",4,50,6250000.0,4230,0.07073014712601663,6.479636906393737,10.379157080108763,,
"ar_order=2,horizon=5,level=True,n_bins=50,other_lags=2",model,4,131668,33182,0.8614911699113977,0.5073852268390684,5.27042409980515,4.706123832093576,33088,0.8634550290135397,0.47998492014492866,4.970430558028183,4.404410137697522,94,0.1702127659574468,10.15229318317628,110.8681508052975,110.90934425950476,5535,0.27714543812104786,2.322995488952351,17.487323819336,16.654852297546608,27647,0.9784786776142077,0.14389541598085534,2.8245695786056246,2.3139578807685672,17679,0.7568867017365235,0.8075227946877921,6.48652868929629,6.231409021384613,0.6564549785558639,1.2334372736513615,"[""y@t"", ""throughput_1@t"", ""y@t-1""]",3,50,125000.0,2784,0.09092278946416732,4.229612440479778,7.347361276090276,,
"ar_order=2,horizon=5,level=True,n_bins=50,other_lags=2",ar,4,131668,33182,0.8375323970827557,0.6356950734430477,6.060051686812453,5.27111279614075,33088,0.8394281914893617,0.6145860656071018,5.764073402864729,4.972998152073754,94,0.1702127659574468,8.066065831695965,110.24440763641131,110.20746750772335,5535,0.03577235772357724,2.646902816287716,20.194630954323127,18.615748201980473,27647,0.9980468043549029,0.23304614746029215,3.2302728230778124,2.5994827107310177,17679,0.7006052378528197,0.9623152073134116,7.496063267746837,6.799942136260405,0.6307726741129771,1.2334372736513615,"[""y@t"", ""throughput_1@t"", ""y@t-1""]",3,50,125000.0,2784,0.09092278946416732,4.229612440479778,7.347361276090276,,
"ar_order=2,horizon=5,level=True,n_bins=50,other_lags=2",persistence,4,131668,33182,0.8331926948345488,4.609056171317717,5.2974380338573885,4.229612440479786,33088,0.8350761605415861,4.557014090595445,4.996317847039521,3.925713249516449,94,0.1702127659574468,22.92786858555773,111.29174379374689,111.20212765957447,5535,0.0,27.63102111592855,22.43985121582934,20.77542908762421,27647,1.0,0.0,1.8654831395753775,0.9170976959525542,17679,0.691328695061938,8.528903344624814,7.877262012256998,7.347361276090276,0.662515559665992,1.2334372736513615,"[""y@t"", ""throughput_1@t"", ""y@t-1""]",3,50,125000.0,2784,0.09092278946416732,4.229612440479778,7.347361276090276,,
"ar_order=2,horizon=5,level=True,n_bins=50,other_lags=2",model,5,164850,32829,0.8554936184471047,0.5399323780738511,6.814422178795323,6.31346199904075,32736,0.8574963343108505,0.5135594545006547,6.492155332356198,5.990961242722556,93,0.15053763440860216,9.823201475838983,120.25235212536742,119.83372822304501,5881,0.2735929263730658,2.3319632419507896,23.984862874869627,23.402371688291954,26948,0.9824847855128396,0.14884830836699797,3.067229001802114,2.5840617510636696,19149,0.7659930022455481,0.8023594439057127,8.4201553377486,8.22397941769011,0.542227426981744,1.4279827009886503,"[""y@t"", ""throughput_1@t"", ""level_throughput_3@t"", ""y@t-1""]",4,50,6250000.0,5937,0.0751469737122666,5.962594047945414,9.63611676849966,,
"ar_order=2,horizon=5,level=True,n_bins=50,other_lags=2",ar,5,164850,32829,0.8231441713119498,0.6717300928005454,7.2817330784765915,6.436186174539132,32736,0.8250855327468231,0.651387467938785,6.961794920390554,6.115140879740321,93,0.13978494623655913,7.83233404414017,119.89996472476169,119.44412994372054,5881,0.018874341098452645,2.8107727706864747,27.067772986746057,25.54364120778919,26948,0.9986640938103013,0.2049158583992112,2.9637242948736278,2.2662684422197166,19149,0.7019687712152071,0.9845400621867579,9.449397046152345,8.735041058992822,0.5255828339538853,1.4279827009886503,"[""y@t"", ""throughput_1@t"", ""level_throughput_3@t"", ""y@t-1""]",4,50,6250000.0,5937,0.0751469737122666,5.962594047945414,9.63611676849966,,
"ar_order=2,horizon=5,level=True,n_bins=50,other_lags=2",persistence,5,164850,32829,0.8208596058363032,4.949832013852867,7.039554110573006,5.962594047945419,32736,0.822794477028348,4.896369547088878,6.715341653245081,5.636669110459438,93,0.13978494623655913,23.76862031477724,121.16233909000256,120.68817204301075,5881,0.0,27.631021115928547,30.398038323477877,28.779459275633396,26948,1.0,0.0,1.941912517278753,0.9831527386076965,19149,0.6970598986892266,8.370544336179513,10.2634262056191,9.63611676849966,0.5496513402480139,1.4279827009886503,"[""y@t"", ""throughput_1@t"", ""level_throughput_3@t"", ""y@t-1""]",4,50,6250000.0,5937,0.0751469737122666,5.962594047945414,9.63611676849966,,
"ar_order=2,forced=('y@t', 'level_throughput_3@t'),horizon=5,level=True,n_bins=50,other_lags=2",model,1,32828,33182,0.7611958290639503,0.8876867617041314,8.782747377189244,8.397566010159895,33088,0.7631165377176016,0.862874908251013,8.45848439161767,8.07190346821299,94,0.0851063829787234,9.62145917720178,122.9233182983835,123.03078077546962,7371,0.14190747524080857,3.0682856147380653,26.642484929301343,25.861420407088584,25811,0.9380496687458836,0.2649602441064743,3.68243644399726,3.410309772131092,19274,0.6147660060184704,1.3379493524737327,11.300076431434526,11.073320640259398,0.49897201854309986,0.11151586472988129,"[""y@t"", ""level_throughput_3@t"", ""avg_p_latency_2@t-1"", ""data_quality_2@t+h""]",4,50,1150000.0,1316,0.34283647760834185,6.8297570972213855,11.154301131057384,,
"ar_order=2,forced=('y@t', 'level_throughput_3@t'),horizon=5,level=True,n_bins=50,other_lags=2",ar,1,32828,33182,0.7761135555421614,0.9224784874692532,9.103433764968612,8.531464766702012,33088,0.7780766441005803,0.898042966341751,8.778626912526088,8.204735093494103,94,0.0851063829787234,9.523781924350097,123.43544582473724,123.54030973588623,7371,0.01085334418667752,3.210122165527994,27.66967720000038,26.549920103947546,25811,0.9946534423307892,0.26918254577885087,3.8013617662231494,3.38582785643752,19274,0.6207844764968351,1.3600913562943955,11.665732320109171,11.18327868820545,0.5027448929872075,0.11151586472988129,"[""y@t"", ""level_throughput_3@t"", ""avg_p_latency_2@t-1"", ""data_quality_2@t+h""]",4,50,1150000.0,1316,0.34283647760834185,6.8297570972213855,11.154301131057384,,
"ar_order=2,forced=('y@t', 'level_throughput_3@t'),horizon=5,level=True,n_bins=50,other_lags=2",persistence,1,32828,33182,0.7778614911699114,6.1379138281450585,7.655614649488137,6.8297570972213935,33088,0.7798295454545454,6.0835344786490415,7.325819781974969,6.497461315280472,94,0.0851063829787234,25.279444850743133,123.74340801412345,123.79787234042553,7371,0.0,27.631021115928547,28.613542540505772,27.381495048161714,25811,1.0,0.0,1.6705351684648915,0.9606756809112496,19274,0.6220296772854623,10.443705968119719,11.554868667346005,11.154301131057384,0.5383699270632466,0.11151586472988129,"[""y@t"", ""level_throughput_3@t"", ""avg_p_latency_2@t-1"", ""data_quality_2@t+h""]",4,50,1150000.0,1316,0.34283647760834185,6.8297570972213855,11.154301131057384,,
"ar_order=2,forced=('y@t', 'level_throughput_3@t'),horizon=5,level=True,n_bins=50,other_lags=2",model,2,66010,32829,0.7622833470407262,0.7768806325995281,7.798035122340713,7.313961675429397,32736,0.7641739980449658,0.7535494303364465,7.443820425690508,6.957861740485339,93,0.0967741935483871,8.989463829204245,132.48160834321286,132.66113877573747,7950,0.1571069182389937,2.4722748331839544,23.25616740379774,22.398203418918406,24879,0.9556654206358777,0.2351231706980775,2.8584414233341864,2.493843428685653,20241,0.6329232745417717,1.1304334845448991,10.164799695411741,9.901127382068893,0.5198966085534464,0.2373189926147461,"[""y@t"", ""level_throughput_3@t"", ""data_quality_1@t+h"", ""rps@t+h""]",4,50,1250000.0,3158,0.2720765177129977,6.746443693076244,10.334024998764884,,
"ar_order=2,forced=('y@t', 'level_throughput_3@t'),horizon=5,level=True,n_bins=50,other_lags=2",ar,2,66010,32829,0.7586280422796917,0.8531765667049794,8.138024706331704,7.5643690125655425,32736,0.7605083088954057,0.830575741527995,7.782844282324569,7.2069839844874535,93,0.0967741935483871,8.8086670290035,133.16153395684304,133.36389889605263,7950,0.04817610062893082,2.653266461553817,24.204086157049254,23.142047350958432,24879,0.9856505486554926,0.2779639510834407,3.0041693048604015,2.586574776855767,20241,0.6153352107109332,1.194459378191995,10.548826427151635,10.090316198330894,0.5175850624426418,0.2373189926147461,"[""y@t"", ""level_throughput_3@t"", ""data_quality_1@t+h"", ""rps@t+h""]",4,50,1250000.0,3158,0.2720765177129977,6.746443693076244,10.334024998764884,,
"ar_order=2,forced=('y@t', 'level_throughput_3@t'),horizon=5,level=True,n_bins=50,other_lags=2",persistence,2,66010,32829,0.7578360595814676,6.691236951220932,7.627845123752306,6.746443693076253,32736,0.7597140762463344,6.639345433097934,7.273847040507599,6.38963220918867,93,0.0967741935483871,24.957051330516098,132.23517042588873,132.34408602150538,7950,0.0,27.631021115928544,25.968165863392898,24.735723270440257,24879,1.0,0.0,1.7672578863174115,0.9980304674625294,20241,0.6113828368163629,10.73788904193933,10.748129114533217,10.334024998764885,0.5515515688840086,0.2373189926147461,"[""y@t"", ""level_throughput_3@t"", ""data_quality_1@t+h"", ""rps@t+h""]",4,50,1250000.0,3158,0.2720765177129977,6.746443693076244,10.334024998764884,,
"ar_order=2,forced=('y@t', 'level_throughput_3@t'),horizon=5,level=True,n_bins=50,other_lags=2",model,3,98839,32829,0.83219105059551,0.6386218076171081,7.459799211131299,6.784872066057962,32736,0.8342497556207233,0.6093363532140106,7.049226621620772,6.373608071867837,93,0.10752688172043011,10.947101757507424,151.98135071883684,151.54979802098165,6555,0.2494279176201373,2.540519333558162,24.41101333473963,23.76267518957463,26274,0.9775824008525539,0.16412465139637247,3.2307054842434026,2.5491447510449543,19124,0.7253712612424179,0.9547870968324009,9.34697156509887,8.935894785365383,0.563158869745762,0.6452933792024851,"[""y@t"", ""level_throughput_3@t"", ""throughput_2@t"", ""y@t-1""]",4,50,6250000.0,4238,0.04931615340095647,6.479636906393737,10.379157080108763,,
"ar_order=2,forced=('y@t', 'level_throughput_3@t'),horizon=5,level=True,n_bins=50,other_lags=2",ar,3,98839,32829,0.8031618386182948,0.7374420120659243,8.240906332219533,7.357105792397726,32736,0.8051380742913001,0.7151354537660254,7.833829246484152,6.948742787347256,93,0.10752688172043011,8.589350533630324,151.5320405110739,151.1008835701631,6555,0.035697940503432495,2.753988262009093,26.860729946253755,25.680776539824485,26274,0.9946334779630053,0.23434158318651976,3.595517590878499,2.7856030996451038,19124,0.66800878477306,1.0758045281378594,10.306816063595884,9.524681848125923,0.5358373986517991,0.6452933792024851,"[""y@t"", ""level_throughput_3@t"", ""throughput_2@t"", ""y@t-1""]",4,50,6250000.0,4238,0.04931615340095647,6.479636906393737,10.379157080108763,,
"ar_order=2,forced=('y@t', 'level_throughput_3@t'),horizon=5,level=True,n_bins=50,other_lags=2",persistence,3,98839,32829,0.8003289774284931,5.517114240912353,7.550806231633524,6.4796369063937425,32736,0.802297165200391,5.462731203026929,7.136144577786394,6.063385874877816,93,0.10752688172043011,24.659943576581387,153.51170838582354,153.0,6555,0.0,27.63102111592855,29.84422669235313,28.59725400457666,26274,1.0,0.0,1.9889058312370484,0.9615970160615134,19124,0.6615770759255386,9.350970961215726,10.981197513955037,10.379157080108763,0.5684705876716735,0.6452933792024851,"[""y@t"", ""level_throughput_3@t"", ""throughput_2@t"", ""y@t-1""]",4,50,6250000.0,4238,0.04931615340095647,6.479636906393737,10.379157080108763,,
"ar_order=2,forced=('y@t', 'level_throughput_3@t'),horizon=5,level=True,n_bins=50,other_lags=2",model,4,131668,33182,0.8611596648785486,0.4980767370804323,5.185342514610814,4.64624626824064,33088,0.863122582205029,0.47093153867411214,4.884993991407823,4.344304938777173,94,0.1702127659574468,10.05318657610516,110.90802268206383,110.92959423938126,5535,0.2612466124661247,2.2947350931170756,17.80288077222394,16.976086264048092,27647,0.9812637899229573,0.13838114621477537,2.659279135007651,2.177780815323714,17679,0.7552463374625261,0.7925270334623874,6.579545894342638,6.349186553713258,0.6542071765241523,0.8309894483536482,"[""y@t"", ""level_throughput_3@t"", ""throughput_1@t"", ""y@t-1""]",4,50,6250000.0,5442,0.10810077752998613,4.229612440479778,7.347361276090276,,
"ar_order=2,forced=('y@t', 'level_throughput_3@t'),horizon=5,level=True,n_bins=50,other_lags=2",ar,4,131668,33182,0.8375323970827557,0.6356950734430477,6.060051686812453,5.27111279614075,33088,0.8394281914893617,0.6145860656071018,5.764073402864729,4.972998152073754,94,0.1702127659574468,8.066065831695965,110.24440763641131,110.20746750772335,5535,0.03577235772357724,2.646902816287716,20.194630954323127,18.615748201980473,27647,0.9980468043549029,0.23304614746029215,3.2302728230778124,2.5994827107310177,17679,0.7006052378528197,0.9623152073134116,7.496063267746837,6.799942136260405,0.6307726741129771,0.8309894483536482,"[""y@t"", ""level_throughput_3@t"", ""throughput_1@t"", ""y@t-1""]",4,50,6250000.0,5442,0.10810077752998613,4.229612440479778,7.347361276090276,,
"ar_order=2,forced=('y@t', 'level_throughput_3@t'),horizon=5,level=True,n_bins=50,other_lags=2",persistence,4,131668,33182,0.8331926948345488,4.609056171317717,5.2974380338573885,4.229612440479786,33088,0.8350761605415861,4.557014090595445,4.996317847039521,3.925713249516449,94,0.1702127659574468,22.92786858555773,111.29174379374689,111.20212765957447,5535,0.0,27.63102111592855,22.43985121582934,20.77542908762421,27647,1.0,0.0,1.8654831395753775,0.9170976959525542,17679,0.691328695061938,8.528903344624814,7.877262012256998,7.347361276090276,0.662515559665992,0.8309894483536482,"[""y@t"", ""level_throughput_3@t"", ""throughput_1@t"", ""y@t-1""]",4,50,6250000.0,5442,0.10810077752998613,4.229612440479778,7.347361276090276,,
"ar_order=2,forced=('y@t', 'level_throughput_3@t'),horizon=5,level=True,n_bins=50,other_lags=2",model,5,164850,32829,0.8554936184471047,0.5399323780738511,6.814422178795323,6.31346199904075,32736,0.8574963343108505,0.5135594545006547,6.492155332356198,5.990961242722556,93,0.15053763440860216,9.823201475838983,120.25235212536742,119.83372822304501,5881,0.2735929263730658,2.3319632419507896,23.984862874869627,23.402371688291954,26948,0.9824847855128396,0.14884830836699797,3.067229001802114,2.5840617510636696,19149,0.7659930022455481,0.8023594439057127,8.4201553377486,8.22397941769011,0.542227426981744,0.9889488164335489,"[""y@t"", ""level_throughput_3@t"", ""throughput_1@t"", ""y@t-1""]",4,50,6250000.0,5937,0.0751469737122666,5.962594047945414,9.63611676849966,,
"ar_order=2,forced=('y@t', 'level_throughput_3@t'),horizon=5,level=True,n_bins=50,other_lags=2",ar,5,164850,32829,0.8231441713119498,0.6717300928005454,7.2817330784765915,6.436186174539132,32736,0.8250855327468231,0.651387467938785,6.961794920390554,6.115140879740321,93,0.13978494623655913,7.83233404414017,119.89996472476169,119.44412994372054,5881,0.018874341098452645,2.8107727706864747,27.067772986746057,25.54364120778919,26948,0.9986640938103013,0.2049158583992112,2.9637242948736278,2.2662684422197166,19149,0.7019687712152071,0.9845400621867579,9.449397046152345,8.735041058992822,0.5255828339538853,0.9889488164335489,"[""y@t"", ""level_throughput_3@t"", ""throughput_1@t"", ""y@t-1""]",4,50,6250000.0,5937,0.0751469737122666,5.962594047945414,9.63611676849966,,
"ar_order=2,forced=('y@t', 'level_throughput_3@t'),horizon=5,level=True,n_bins=50,other_lags=2",persistence,5,164850,32829,0.8208596058363032,4.949832013852867,7.039554110573006,5.962594047945419,32736,0.822794477028348,4.896369547088878,6.715341653245081,5.636669110459438,93,0.13978494623655913,23.76862031477724,121.16233909000256,120.68817204301075,5881,0.0,27.631021115928547,30.398038323477877,28.779459275633396,26948,1.0,0.0,1.941912517278753,0.9831527386076965,19149,0.6970598986892266,8.370544336179513,10.2634262056191,9.63611676849966,0.5496513402480139,0.9889488164335489,"[""y@t"", ""level_throughput_3@t"", ""throughput_1@t"", ""y@t-1""]",4,50,6250000.0,5937,0.0751469737122666,5.962594047945414,9.63611676849966,,
"ar_order=2,horizon=10,n_bins=50,other_lags=2",model,1,32363,32712,0.7611885546588408,0.9669802496246483,9.951447206210654,9.481066243728842,32618,0.7631062603470476,0.93898181074046,9.624293478045054,9.15207883202317,94,0.09574468085106383,10.682438542437945,123.47379087967416,123.63969810559703,7926,0.11203633610900833,3.1967929742816446,27.167327930473533,26.275283452988617,24786,0.9687726942628904,0.2539367712242869,4.446199460688684,4.110656915858553,19780,0.6210313447927199,1.414054815824213,11.980351611033132,11.637469630465779,0.4791018256317656,0.14145133830606937,"[""y@t"", ""throughput_2@t"", ""y@t-1"", ""avg_p_latency_2@t""]",4,50,5750000.0,1880,0.3938004402054292,7.517394228417706,11.843882709807886,,
"ar_order=2,horizon=10,n_bins=50,other_lags=2",ar,1,32363,32712,0.7561445341159208,0.9932115838922142,10.25577756631846,9.67683703525913,32618,0.7580783616408118,0.9686602231946606,9.929630136753637,9.348713640851237,94,0.0851063829787234,9.512533745943283,123.42893562531228,123.53565489479737,7926,0.009714862477920767,3.2096716010845796,27.68067356974015,26.578075003728348,24786,0.9948357944000645,0.2844379981475725,4.683691480499034,4.27220489864624,19780,0.6022750252780587,1.412328198366898,12.145758759392733,11.65258420944427,0.4745000532196331,0.14145133830606937,"[""y@t"", ""throughput_2@t"", ""y@t-1"", ""avg_p_latency_2@t""]",4,50,5750000.0,1880,0.3938004402054292,7.517394228417706,11.843882709807886,,
"ar_order=2,horizon=10,n_bins=50,other_lags=2",persistence,1,32363,32712,0.7577035950110051,6.694897082564493,8.313438405520511,7.517394228417715,32618,0.7596419155067754,6.641339308016427,7.980791863752561,7.1822919860199965,94,0.0851063829787234,25.279444850743133,123.74178839899885,123.79787234042553,7926,0.0,27.63102111592855,29.05936554555855,27.88115064345193,24786,1.0,0.0,1.6793619707613119,1.0055273138061909,19780,0.6036400404448938,10.951830411975724,12.245880761206095,11.843882709807886,0.5063209894076448,0.14145133830606937,"[""y@t"", ""throughput_2@t"", ""y@t-1"", ""avg_p_latency_2@t""]",4,50,5750000.0,1880,0.3938004402054292,7.517394228417706,11.843882709807886,,
"ar_order=2,horizon=10,n_bins=50,other_lags=2",model,2,65075,32364,0.753367939686071,0.8111183435886422,8.551632225130119,8.116710720413138,32271,0.7551981655356202,0.7842034921762696,8.191688398952811,7.754933055076018,93,0.11827956989247312,10.150571783681876,133.4521399086567,133.65356059239346,8330,0.20936374549819928,2.470348522629623,24.383246615001145,23.63394928502523,24034,0.9419156195389864,0.2360418939168701,3.0645161450924387,2.7385548893729963,20721,0.6422469958013609,1.1433716381907408,10.883978436378811,10.64462266746674,0.5241956667672973,0.31576127745211124,"[""y@t"", ""rps@t+h"", ""throughput_1@t-1""]",3,50,125000.0,2379,0.20702014584105796,7.691169200346064,11.418802181361903,,
"ar_order=2,horizon=10,n_bins=50,other_lags=2",ar,2,65075,32364,0.7438820912124583,0.8958966315172312,8.997705815477028,8.477518500668891,32271,0.7457159678968733,0.8733343502967084,8.640634194346754,8.118339690084825,93,0.10752688172043011,8.725008215038647,132.90155834768143,133.1125657733401,8330,0.04549819927971188,2.629740215269886,25.77672864676171,24.828373920017498,24034,0.9859365898310727,0.29495974824105514,3.1822252386025403,2.8104374636723928,20721,0.6058587905989093,1.2081569259172478,11.385051058601501,10.972548948768091,0.4995897646765227,0.31576127745211124,"[""y@t"", ""rps@t+h"", ""throughput_1@t-1""]",3,50,125000.0,2379,0.20702014584105796,7.691169200346064,11.418802181361903,,
"ar_order=2,horizon=10,n_bins=50,other_lags=2",persistence,2,65075,32364,0.742615251514028,7.111803420333852,8.513948032416332,7.691169200346067,32271,0.74447646493756,7.060376192926987,8.157403652666636,7.33193889250411,93,0.0967741935483871,24.957051330516098,132.23484780556086,132.34408602150538,8330,0.0,27.631021115928547,27.920658674424903,26.822088835534213,24034,1.0,0.0,1.7877310211851,1.0605392360822234,20721,0.6020462332898991,10.9958689311301,11.779321120140983,11.418802181361903,0.5258369421110664,0.31576127745211124,"[""y@t"", ""rps@t+h"", ""throughput_1@t-1""]",3,50,125000.0,2379,0.20702014584105796,7.691169200346064,11.418802181361903,,
"ar_order=2,horizon=10,n_bins=50,other_lags=2",model,3,97439,32364,0.8020640217525645,0.7156497385936428,8.901093971003387,8.274352639059408,32271,0.8040965572805305,0.6924120990401752,8.506781419436564,7.879499972283883,93,0.0967741935483871,8.779110663646875,145.7275493646917,145.28822801016673,6907,0.16331258143911973,2.6503446465056903,26.049765222198356,25.297783817268424,25457,0.9753702321561849,0.19072780242879572,4.248311933371159,3.6555507712867055,19661,0.6944204262245054,1.0232481679210592,10.301377237395446,9.847274532471836,0.5267546991593091,0.8623560890555382,"[""y@t"", ""throughput_2@t"", ""y@t-1"", ""data_quality_1@t+h""]",4,50,1250000.0,3277,0.17986033864788037,7.195340501792114,11.120543207364834,,
"ar_order=2,horizon=10,n_bins=50,other_lags=2",ar,3,97439,32364,0.7890248424175009,0.78916433133639,9.420652614646878,8.573078168046596,32271,0.7909888134857922,0.7669021234142361,9.011871280039706,8.163052336817744,93,0.10752688172043011,8.514150480323742,151.26777572333523,150.85204160445835,6907,0.03156218329231215,2.7685644418706894,28.153052716166467,26.996485886893492,25457,0.9945398122323919,0.25211296772479364,4.338172844791993,3.5744342935101017,19661,0.6595798789481715,1.1031005880281834,10.964089886346427,10.205587735240778,0.5180824163694476,0.8623560890555382,"[""y@t"", ""throughput_2@t"", ""y@t-1"", ""data_quality_1@t+h""]",4,50,1250000.0,3277,0.17986033864788037,7.195340501792114,11.120543207364834,,
"ar_order=2,horizon=10,n_bins=50,other_lags=2",persistence,3,97439,32364,0.7865838586083302,5.896905909273219,8.233585783541372,7.195340501792118,32271,0.7885407951411484,5.842833754612389,7.814919421068011,6.775154163180568,93,0.10752688172043011,24.659943576581387,153.51081356179702,153.0,6907,0.0,27.631021115928547,31.214702012391417,29.968872158679602,25457,1.0,0.0,1.9983432257903706,1.0164198452292152,19661,0.6529169421697777,9.59025929988792,11.724062733475213,11.120543207364834,0.5414503037047772,0.8623560890555382,"[""y@t"", ""throughput_2@t"", ""y@t-1"", ""data_quality_1@t+h""]",4,50,1250000.0,3277,0.17986033864788037,7.195340501792114,11.120543207364834,,
"ar_order=2,horizon=10,n_bins=50,other_lags=2",model,4,129803,32712,0.8435130838835901,0.5789040498219784,6.163996969648874,5.62874289361866,32618,0.8454840885400698,0.5505874940238771,5.861982637517226,5.3250669026314315,94,0.1595744680851064,10.404748911763184,110.96297021933087,111.00431176618663,6093,0.23453142950927294,2.390474813634182,19.00074215155186,18.21034312489414,26619,0.9829069461662722,0.1642415657351324,3.2257089650906665,2.748856714229444,18349,0.7350809308409177,0.8664362932551655,7.328688382494115,7.117412634101025,0.62810047278671,1.092508601024747,"[""y@t"", ""throughput_1@t"", ""y@t-1""]",3,50,125000.0,2766,0.09097578870139399,4.889734653949621,8.147582974549021,,
"ar_order=2,horizon=10,n_bins=50,other_lags=2",ar,4,129803,32712,0.8182318415260454,0.6937293063911778,6.994219227121239,6.238904876735725,32618,0.8200993316573671,0.6719240927062784,6.6965193022194835,5.939135320252381,94,0.1702127659574468,8.26013845505127,110.29609316803068,110.25894097645569,6093,0.032660430001641226,2.621992780329543,21.32813954738862,19.836565716739994,26619,0.9980465081332882,0.2523562515541646,3.7132328447857215,3.1264458250002716,18349,0.6815630279579269,0.999682675579281,8.246047712113729,7.606146336382653,0.5980536357805275,1.092508601024747,"[""y@t"", ""throughput_1@t"", ""y@t-1""]",3,50,125000.0,2766,0.09097578870139399,4.889734653949621,8.147582974549021,,
"ar_order=2,horizon=10,n_bins=50,other_lags=2",persistence,4,129803,32712,0.8137380777696258,5.146607106240909,5.903887692800382,4.889734653949625,32618,0.8155926175731192,5.095364277770257,5.600180718804774,4.58335888159912,94,0.1702127659574468,22.92786858555773,111.29020766927653,111.20212765957447,6093,0.0,27.631021115928544,23.498894836090823,21.927785983915967,26619,1.0,0.0,1.8764494522928987,0.9897817348510515,18349,0.6721892201209875,9.057746580865999,8.631085216400527,8.147582974549021,0.6218993434654289,1.092508601024747,"[""y@t"", ""throughput_1@t"", ""y@t-1""]",3,50,125000.0,2766,0.09097578870139399,4.889734653949621,8.147582974549021,,
"ar_order=2,horizon=10,n_bins=50,other_lags=2",model,5,162515,32364,0.8320664936349029,0.5980627943083161,8.130625844602271,7.598456084797,32271,0.8339995661739642,0.5748573996046376,7.809349216125717,7.276907694603073,93,0.16129032258064516,8.650334756484746,119.61361592596595,119.1757474820896,6265,0.24581005586592178,2.3311342118555833,25.781181255370583,24.83663189060877,26099,0.9727958925629334,0.18204331344952343,3.893653943438874,3.4604748815550863,19660,0.7479654120040692,0.860030782904246,9.499058939846508,9.143710590675294,0.5296149126730267,1.383205808699131,"[""y@t"", ""rps@t+h"", ""buffer_size_3@t-1"", ""buffer_size_3@t""]",4,50,6250000.0,8802,0.14157706093189965,6.6548634285008035,10.384231943031535,,
"ar_order=2,horizon=10,n_bins=50,other_lags=2",ar,5,162515,32364,0.8091088864170065,0.7140892910198527,8.160606837061234,7.345564953156821,32271,0.811037773852685,0.6939315191639027,7.838218751859003,7.022131473248316,93,0.13978494623655913,7.70883612503448,120.02927240223502,119.57698248140827,6265,0.01979249800478851,2.7616181284927346,28.226556878110078,26.77863671515758,26099,0.9985823211617303,0.22258508906699623,3.34382546585272,2.680704437852221,19660,0.6908443540183113,1.0032108141957061,10.126196393700969,9.439063660282377,0.5115584628411338,1.383205808699131,"[""y@t"", ""rps@t+h"", ""buffer_size_3@t-1"", ""buffer_size_3@t""]",4,50,6250000.0,8802,0.14157706093189965,6.6548634285008035,10.384231943031535,,
"ar_order=2,horizon=10,n_bins=50,other_lags=2",persistence,5,162515,32364,0.8064207143739958,5.348793328738486,7.692775179218578,6.65486342850081,32271,0.8083418549161786,5.295710253850766,7.3657772773191175,6.3262371788912715,93,0.13978494623655913,23.76862031477724,121.16104713833151,120.68817204301075,6265,0.0,27.631021115928544,31.59284630806995,30.052354349561053,26099,1.0,0.0,1.9556225824810063,1.0383539599218445,19660,0.6854018311291964,8.69266864710163,10.98710550176496,10.384231943031535,0.5353284112628516,1.383205808699131,"[""y@t"", ""rps@t+h"", ""buffer_size_3@t-1"", ""buffer_size_3@t""]",4,50,6250000.0,8802,0.14157706093189965,6.6548634285008035,10.384231943031535,,
"ar_order=2,horizon=10,level=True,n_bins=50,other_lags=2",model,1,32363,32712,0.7648569332355099,0.9488128888175962,9.67126627801181,9.241273014210144,32618,0.7667852106199031,0.9194958041646212,9.342585038057528,8.91106663109046,94,0.09574468085106383,11.121841263399896,123.72365654214755,123.82288795674013,7926,0.12099419631592229,3.201222816255038,27.077787077753307,26.266616983776682,24786,0.9707496167191156,0.2285433380684165,4.105056165095199,3.796954596442679,19780,0.6280080889787665,1.388125936741986,11.828353561834248,11.592616379108097,0.47621369832453525,0.15371552854776382,"[""y@t"", ""level_throughput_2@t"", ""buffer_size_3@t-1"", ""throughput_2@t""]",4,50,6250000.0,1899,0.24764612374663733,7.517394228417706,11.843882709807886,,
"ar_order=2,horizon=10,level=True,n_bins=50,other_lags=2",ar,1,32363,32712,0.7561445341159208,0.9932115838922142,10.25577756631846,9.67683703525913,32618,0.7580783616408118,0.9686602231946606,9.929630136753637,9.348713640851237,94,0.0851063829787234,9.512533745943283,123.42893562531228,123.53565489479737,7926,0.009714862477920767,3.2096716010845796,27.68067356974015,26.578075003728348,24786,0.9948357944000645,0.2844379981475725,4.683691480499034,4.27220489864624,19780,0.6022750252780587,1.412328198366898,12.145758759392733,11.65258420944427,0.4745000532196331,0.15371552854776382,"[""y@t"", ""level_throughput_2@t"", ""buffer_size_3@t-1"", ""throughput_2@t""]",4,50,6250000.0,1899,0.24764612374663733,7.517394228417706,11.843882709807886,,
"ar_order=2,horizon=10,level=True,n_bins=50,other_lags=2",persistence,1,32363,32712,0.7577035950110051,6.694897082564493,8.313438405520511,7.517394228417715,32618,0.7596419155067754,6.641339308016427,7.980791863752561,7.1822919860199965,94,0.0851063829787234,25.279444850743133,123.74178839899885,123.79787234042553,7926,0.0,27.63102111592855,29.05936554555855,27.88115064345193,24786,1.0,0.0,1.6793619707613119,1.0055273138061909,19780,0.6036400404448938,10.951830411975724,12.245880761206095,11.843882709807886,0.5063209894076448,0.15371552854776382,"[""y@t"", ""level_throughput_2@t"", ""buffer_size_3@t-1"", ""throughput_2@t""]",4,50,6250000.0,1899,0.24764612374663733,7.517394228417706,11.843882709807886,,
"ar_order=2,horizon=10,level=True,n_bins=50,other_lags=2",model,2,65075,32364,0.7616487455197133,0.8055358537010031,8.522289690687087,8.09595494009576,32271,0.7635028353630194,0.7786354856557984,8.162760363627582,7.734576845783097,93,0.11827956989247312,10.139963565387017,133.27896618033495,133.4941536665899,8330,0.22304921968787514,2.457827319860008,24.284776315224722,23.553726475242158,24034,0.9483232087875509,0.23286430867709917,3.0591327637336674,2.738409925209785,20721,0.6546981323295208,1.1319138897302652,10.853448495433547,10.631550394444544,0.5294360853493678,0.33666172437369823,"[""y@t"", ""rps@t+h"", ""level_throughput_1@t""]",3,50,125000.0,1899,0.23405635891731555,7.691169200346064,11.418802181361903,,
"ar_order=2,horizon=10,level=True,n_bins=50,other_lags=2",ar,2,65075,32364,0.7438820912124583,0.8958966315172312,8.997705815477028,8.477518500668891,32271,0.7457159678968733,0.8733343502967084,8.640634194346754,8.118339690084825,93,0.10752688172043011,8.725008215038647,132.90155834768143,133.1125657733401,8330,0.04549819927971188,2.629740215269886,25.77672864676171,24.828373920017498,24034,0.9859365898310727,0.29495974824105514,3.1822252386025403,2.8104374636723928,20721,0.6058587905989093,1.2081569259172478,11.385051058601501,10.972548948768091,0.4995897646765227,0.33666172437369823,"[""y@t"", ""rps@t+h"", ""level_throughput_1@t""]",3,50,125000.0,1899,0.23405635891731555,7.691169200346064,11.418802181361903,,
"ar_order=2,horizon=10,level=True,n_bins=50,other_lags=2",persistence,2,65075,32364,0.742615251514028,7.111803420333852,8.513948032416332,7.691169200346067,32271,0.74447646493756,7.060376192926987,8.157403652666636,7.33193889250411,93,0.0967741935483871,24.957051330516098,132.23484780556086,132.34408602150538,8330,0.0,27.631021115928547,27.920658674424903,26.822088835534213,24034,1.0,0.0,1.7877310211851,1.0605392360822234,20721,0.6020462332898991,10.9958689311301,11.779321120140983,11.418802181361903,0.5258369421110664,0.33666172437369823,"[""y@t"", ""rps@t+h"", ""level_throughput_1@t""]",3,50,125000.0,1899,0.23405635891731555,7.691169200346064,11.418802181361903,,
"ar_order=2,horizon=10,level=True,n_bins=50,other_lags=2",model,3,97439,32364,0.814238042269188,0.7013023863794154,8.730007763848766,8.075933116361217,32271,0.8162746738557838,0.671956628685591,8.316710012616184,7.662023096129577,93,0.10752688172043011,10.884280306136516,152.14432744155454,151.70271013673994,6907,0.22064572173157665,2.604574228888405,25.903941158490593,25.25883248958395,25457,0.9752916683034136,0.18490616466398985,4.07037159474828,3.4138642955712797,19661,0.7096790600681552,0.9977828942368537,10.090216173665375,9.68402598392115,0.5416739546968768,0.9254042841494083,"[""y@t"", ""level_throughput_2@t"", ""throughput_2@t"", ""y@t-1""]",4,50,6250000.0,4184,0.07128290693362996,7.195340501792114,11.120543207364834,,
"ar_order=2,horizon=10,level=True,n_bins=50,other_lags=2",ar,3,97439,32364,0.7890248424175009,0.78916433133639,9.420652614646878,8.573078168046596,32271,0.7909888134857922,0.7669021234142361,9.011871280039706,8.163052336817744,93,0.10752688172043011,8.514150480323742,151.26777572333523,150.85204160445835,6907,0.03156218329231215,2.7685644418706894,28.153052716166467,26.996485886893492,25457,0.9945398122323919,0.25211296772479364,4.338172844791993,3.5744342935101017,19661,0.6595798789481715,1.1031005880281834,10.964089886346427,10.205587735240778,0.5180824163694476,0.9254042841494083,"[""y@t"", ""level_throughput_2@t"", ""throughput_2@t"", ""y@t-1""]",4,50,6250000.0,4184,0.07128290693362996,7.195340501792114,11.120543207364834,,
"ar_order=2,horizon=10,level=True,n_bins=50,other_lags=2",persistence,3,97439,32364,0.7865838586083302,5.896905909273219,8.233585783541372,7.195340501792118,32271,0.7885407951411484,5.842833754612389,7.814919421068011,6.775154163180568,93,0.10752688172043011,24.659943576581387,153.51081356179702,153.0,6907,0.0,27.631021115928547,31.214702012391417,29.968872158679602,25457,1.0,0.0,1.9983432257903706,1.0164198452292152,19661,0.6529169421697777,9.59025929988792,11.724062733475213,11.120543207364834,0.5414503037047772,0.9254042841494083,"[""y@t"", ""level_throughput_2@t"", ""throughput_2@t"", ""y@t-1""]",4,50,6250000.0,4184,0.07128290693362996,7.195340501792114,11.120543207364834,,
"ar_order=2,horizon=10,level=True,n_bins=50,other_lags=2",model,4,129803,32712,0.8435130838835901,0.5789040498219784,6.163996969648874,5.62874289361866,32618,0.8454840885400698,0.5505874940238771,5.861982637517226,5.3250669026314315,94,0.1595744680851064,10.404748911763184,110.96297021933087,111.00431176618663,6093,0.23453142950927294,2.390474813634182,19.00074215155186,18.21034312489414,26619,0.9829069461662722,0.1642415657351324,3.2257089650906665,2.748856714229444,18349,0.7350809308409177,0.8664362932551655,7.328688382494115,7.117412634101025,0.62810047278671,1.2147379480302334,"[""y@t"", ""throughput_1@t"", ""y@t-1""]",3,50,125000.0,2766,0.09097578870139399,4.889734653949621,8.147582974549021,,
"ar_order=2,horizon=10,level=True,n_bins=50,other_lags=2",ar,4,129803,32712,0.8182318415260454,0.6937293063911778,6.994219227121239,6.238904876735725,32618,0.8200993316573671,0.6719240927062784,6.6965193022194835,5.939135320252381,94,0.1702127659574468,8.26013845505127,110.29609316803068,110.25894097645569,6093,0.032660430001641226,2.621992780329543,21.32813954738862,19.836565716739994,26619,0.9980465081332882,0.2523562515541646,3.7132328447857215,3.1264458250002716,18349,0.6815630279579269,0.999682675579281,8.246047712113729,7.606146336382653,0.5980536357805275,1.2147379480302334,"[""y@t"", ""throughput_1@t"", ""y@t-1""]",3,50,125000.0,2766,0.09097578870139399,4.889734653949621,8.147582974549021,,
"ar_order=2,horizon=10,level=True,n_bins=50,other_lags=2",persistence,4,129803,32712,0.8137380777696258,5.146607106240909,5.903887692800382,4.889734653949625,32618,0.8155926175731192,5.095364277770257,5.600180718804774,4.58335888159912,94,0.1702127659574468,22.92786858555773,111.29020766927653,111.20212765957447,6093,0.0,27.631021115928544,23.498894836090823,21.927785983915967,26619,1.0,0.0,1.8764494522928987,0.9897817348510515,18349,0.6721892201209875,9.057746580865999,8.631085216400527,8.147582974549021,0.6218993434654289,1.2147379480302334,"[""y@t"", ""throughput_1@t"", ""y@t-1""]",3,50,125000.0,2766,0.09097578870139399,4.889734653949621,8.147582974549021,,
"ar_order=2,horizon=10,level=True,n_bins=50,other_lags=2",model,5,162515,32364,0.8326535656902732,0.5861535311142917,7.750621919022368,7.132466705072334,32271,0.8345883300796381,0.5632469273081,7.42784518770496,6.8091573640394545,93,0.16129032258064516,8.534745051862824,119.75414768616295,119.32080804348097,6265,0.21771747805267358,2.359196262729449,26.420751920319283,25.294942768644113,26099,0.9802674431970574,0.16053903578615797,3.2689036747170244,2.772609525169762,19660,0.7458290946083418,0.8510883279573694,9.617438084604391,9.162074336684569,0.530734429483358,1.4840140137821436,"[""y@t"", ""rps@t+h"", ""buffer_size_3@t-1"", ""level_throughput_1@t""]",4,50,6250000.0,9711,0.2903225806451613,6.6548634285008035,10.384231943031535,,
"ar_order=2,horizon=10,level=True,n_bins=50,other_lags=2",ar,5,162515,32364,0.8091088864170065,0.7140892910198527,8.160606837061234,7.345564953156821,32271,0.811037773852685,0.6939315191639027,7.838218751859003,7.022131473248316,93,0.13978494623655913,7.70883612503448,120.02927240223502,119.57698248140827,6265,0.01979249800478851,2.7616181284927346,28.226556878110078,26.77863671515758,26099,0.9985823211617303,0.22258508906699623,3.34382546585272,2.680704437852221,19660,0.6908443540183113,1.0032108141957061,10.126196393700969,9.439063660282377,0.5115584628411338,1.4840140137821436,"[""y@t"", ""rps@t+h"", ""buffer_size_3@t-1"", ""level_throughput_1@t""]",4,50,6250000.0,9711,0.2903225806451613,6.6548634285008035,10.384231943031535,,
"ar_order=2,horizon=10,level=True,n_bins=50,other_lags=2",persistence,5,162515,32364,0.8064207143739958,5.348793328738486,7.692775179218578,6.65486342850081,32271,0.8083418549161786,5.295710253850766,7.3657772773191175,6.3262371788912715,93,0.13978494623655913,23.76862031477724,121.16104713833151,120.68817204301075,6265,0.0,27.631021115928544,31.59284630806995,30.052354349561053,26099,1.0,0.0,1.9556225824810063,1.0383539599218445,19660,0.6854018311291964,8.69266864710163,10.98710550176496,10.384231943031535,0.5353284112628516,1.4840140137821436,"[""y@t"", ""rps@t+h"", ""buffer_size_3@t-1"", ""level_throughput_1@t""]",4,50,6250000.0,9711,0.2903225806451613,6.6548634285008035,10.384231943031535,,
"ar_order=2,forced=('y@t', 'level_throughput_3@t'),horizon=10,level=True,n_bins=50,other_lags=2",model,1,32363,32712,0.7399730985571045,0.975574809596105,10.190292102537118,9.807728882653066,32618,0.7418603225213073,0.9506885784391892,9.865170915598064,9.481137159615484,94,0.0851063829787234,9.611097021045898,123.0073439703878,123.13505677669417,7926,0.14080242240726723,3.1046599146393796,26.711806324696525,25.919500927680907,24786,0.9315742758008553,0.2947417367899647,4.907086997847556,4.655550022454136,19780,0.5995955510616785,1.4048016058796322,11.791122046796776,11.534420897739174,0.47054865995393846,0.11000693961977959,"[""y@t"", ""level_throughput_3@t"", ""avg_p_latency_2@t-1"", ""data_quality_2@t+h""]",4,50,1150000.0,1304,0.3431462460259232,7.517394228417706,11.843882709807886,,
"ar_order=2,forced=('y@t', 'level_throughput_3@t'),horizon=10,level=True,n_bins=50,other_lags=2",ar,1,32363,32712,0.7561445341159208,0.9932115838922142,10.25577756631846,9.67683703525913,32618,0.7580783616408118,0.9686602231946606,9.929630136753637,9.348713640851237,94,0.0851063829787234,9.512533745943283,123.42893562531228,123.53565489479737,7926,0.009714862477920767,3.2096716010845796,27.68067356974015,26.578075003728348,24786,0.9948357944000645,0.2844379981475725,4.683691480499034,4.27220489864624,19780,0.6022750252780587,1.412328198366898,12.145758759392733,11.65258420944427,0.4745000532196331,0.11000693961977959,"[""y@t"", ""level_throughput_3@t"", ""avg_p_latency_2@t-1"", ""data_quality_2@t+h""]",4,50,1150000.0,1304,0.3431462460259232,7.517394228417706,11.843882709807886,,
"ar_order=2,forced=('y@t', 'level_throughput_3@t'),horizon=10,level=True,n_bins=50,other_lags=2",persistence,1,32363,32712,0.7577035950110051,6.694897082564493,8.313438405520511,7.517394228417715,32618,0.7596419155067754,6.641339308016427,7.980791863752561,7.1822919860199965,94,0.0851063829787234,25.279444850743133,123.74178839899885,123.79787234042553,7926,0.0,27.63102111592855,29.05936554555855,27.88115064345193,24786,1.0,0.0,1.6793619707613119,1.0055273138061909,19780,0.6036400404448938,10.951830411975724,12.245880761206095,11.843882709807886,0.5063209894076448,0.11000693961977959,"[""y@t"", ""level_throughput_3@t"", ""avg_p_latency_2@t-1"", ""data_quality_2@t+h""]",4,50,1150000.0,1304,0.3431462460259232,7.517394228417706,11.843882709807886,,
"ar_order=2,forced=('y@t', 'level_throughput_3@t'),horizon=10,level=True,n_bins=50,other_lags=2",model,2,65075,32364,0.7561179087875417,0.7952545174993588,8.649728050706443,8.206828136024749,32271,0.7579250720461095,0.7719017261019093,8.293750402017562,7.849031052719405,93,0.12903225806451613,8.898673132414348,132.1739721457488,132.3624160429789,8330,0.21524609843937575,2.380322514479995,24.723444762550034,23.979958840369772,24034,0.9435799284347175,0.2458821111230292,3.0787011633944226,2.7399820526764085,20721,0.6450460885092418,1.1116985394996026,10.948914839910941,10.7264298587387,0.5165545092979648,0.24300657212734222,"[""y@t"", ""level_throughput_3@t"", ""rps@t+h"", ""data_quality_1@t+h""]",4,50,1250000.0,3132,0.27419354838709675,7.691169200346064,11.418802181361903,,
"ar_order=2,forced=('y@t', 'level_throughput_3@t'),horizon=10,level=True,n_bins=50,other_lags=2",ar,2,65075,32364,0.7438820912124583,0.8958966315172312,8.997705815477028,8.477518500668891,32271,0.7457159678968733,0.8733343502967084,8.640634194346754,8.118339690084825,93,0.10752688172043011,8.725008215038647,132.90155834768143,133.1125657733401,8330,0.04549819927971188,2.629740215269886,25.77672864676171,24.828373920017498,24034,0.9859365898310727,0.29495974824105514,3.1822252386025403,2.8104374636723928,20721,0.6058587905989093,1.2081569259172478,11.385051058601501,10.972548948768091,0.4995897646765227,0.24300657212734222,"[""y@t"", ""level_throughput_3@t"", ""rps@t+h"", ""data_quality_1@t+h""]",4,50,1250000.0,3132,0.27419354838709675,7.691169200346064,11.418802181361903,,
"ar_order=2,forced=('y@t', 'level_throughput_3@t'),horizon=10,level=True,n_bins=50,other_lags=2",persistence,2,65075,32364,0.742615251514028,7.111803420333852,8.513948032416332,7.691169200346067,32271,0.74447646493756,7.060376192926987,8.157403652666636,7.33193889250411,93,0.0967741935483871,24.957051330516098,132.23484780556086,132.34408602150538,8330,0.0,27.631021115928547,27.920658674424903,26.822088835534213,24034,1.0,0.0,1.7877310211851,1.0605392360822234,20721,0.6020462332898991,10.9958689311301,11.779321120140983,11.418802181361903,0.5258369421110664,0.24300657212734222,"[""y@t"", ""level_throughput_3@t"", ""rps@t+h"", ""data_quality_1@t+h""]",4,50,1250000.0,3132,0.27419354838709675,7.691169200346064,11.418802181361903,,
"ar_order=2,forced=('y@t', 'level_throughput_3@t'),horizon=10,level=True,n_bins=50,other_lags=2",model,3,97439,32364,0.8157211716722284,0.7003768418506431,8.70700777698335,8.063377216598576,32271,0.8177620774069598,0.6711041271395352,8.294571527361441,7.650312976729725,93,0.10752688172043011,10.858008846605085,151.82238639578534,151.39666845109042,6907,0.23078036774286956,2.5931378606263626,25.771479682715608,25.113734576985983,25457,0.9744274659229288,0.18683241962163358,4.077070728120847,3.4372697299270984,19661,0.7116118203550176,0.9954530054770103,10.04553495345073,9.63175561742363,0.5406242258250754,0.6238264199346304,"[""y@t"", ""level_throughput_3@t"", ""throughput_2@t"", ""y@t-1""]",4,50,6250000.0,4198,0.04987022617723396,7.195340501792114,11.120543207364834,,
"ar_order=2,forced=('y@t', 'level_throughput_3@t'),horizon=10,level=True,n_bins=50,other_lags=2",ar,3,97439,32364,0.7890248424175009,0.78916433133639,9.420652614646878,8.573078168046596,32271,0.7909888134857922,0.7669021234142361,9.011871280039706,8.163052336817744,93,0.10752688172043011,8.514150480323742,151.26777572333523,150.85204160445835,6907,0.03156218329231215,2.7685644418706894,28.153052716166467,26.996485886893492,25457,0.9945398122323919,0.25211296772479364,4.338172844791993,3.5744342935101017,19661,0.6595798789481715,1.1031005880281834,10.964089886346427,10.205587735240778,0.5180824163694476,0.6238264199346304,"[""y@t"", ""level_throughput_3@t"", ""throughput_2@t"", ""y@t-1""]",4,50,6250000.0,4198,0.04987022617723396,7.195340501792114,11.120543207364834,,
"ar_order=2,forced=('y@t', 'level_throughput_3@t'),horizon=10,level=True,n_bins=50,other_lags=2",persistence,3,97439,32364,0.7865838586083302,5.896905909273219,8.233585783541372,7.195340501792118,32271,0.7885407951411484,5.842833754612389,7.814919421068011,6.775154163180568,93,0.10752688172043011,24.659943576581387,153.51081356179702,153.0,6907,0.0,27.631021115928547,31.214702012391417,29.968872158679602,25457,1.0,0.0,1.9983432257903706,1.0164198452292152,19661,0.6529169421697777,9.59025929988792,11.724062733475213,11.120543207364834,0.5414503037047772,0.6238264199346304,"[""y@t"", ""level_throughput_3@t"", ""throughput_2@t"", ""y@t-1""]",4,50,6250000.0,4198,0.04987022617723396,7.195340501792114,11.120543207364834,,
"ar_order=2,forced=('y@t', 'level_throughput_3@t'),horizon=10,level=True,n_bins=50,other_lags=2",model,4,129803,32712,0.8443996087062852,0.5677042970957856,6.090898130705633,5.5834188720161135,32618,0.8463731681893433,0.5396603427411071,5.788689553760777,5.279512996164489,94,0.1595744680851064,10.298956458169242,110.95727433057034,111.03875779252967,6093,0.24421467257508617,2.349874545778152,19.233998613266674,18.44380638504132,26619,0.9817799316277847,0.1597714925117795,3.0824864232694242,2.6397192170004273,18349,0.7392228459316584,0.8479527963997725,7.390449637899849,7.1982084327008256,0.6271026290540204,0.8410103786736727,"[""y@t"", ""level_throughput_3@t"", ""y@t-1"", ""throughput_1@t""]",4,50,6250000.0,5405,0.10818659819026658,4.889734653949621,8.147582974549021,,
"ar_order=2,forced=('y@t', 'level_throughput_3@t'),horizon=10,level=True,n_bins=50,other_lags=2",ar,4,129803,32712,0.8182318415260454,0.6937293063911778,6.994219227121239,6.238904876735725,32618,0.8200993316573671,0.6719240927062784,6.6965193022194835,5.939135320252381,94,0.1702127659574468,8.26013845505127,110.29609316803068,110.25894097645569,6093,0.032660430001641226,2.621992780329543,21.32813954738862,19.836565716739994,26619,0.9980465081332882,0.2523562515541646,3.7132328447857215,3.1264458250002716,18349,0.6815630279579269,0.999682675579281,8.246047712113729,7.606146336382653,0.5980536357805275,0.8410103786736727,"[""y@t"", ""level_throughput_3@t"", ""y@t-1"", ""throughput_1@t""]",4,50,6250000.0,5405,0.10818659819026658,4.889734653949621,8.147582974549021,,
"ar_order=2,forced=('y@t', 'level_throughput_3@t'),horizon=10,level=True,n_bins=50,other_lags=2",persistence,4,129803,32712,0.8137380777696258,5.146607106240909,5.903887692800382,4.889734653949625,32618,0.8155926175731192,5.095364277770257,5.600180718804774,4.58335888159912,94,0.1702127659574468,22.92786858555773,111.29020766927653,111.20212765957447,6093,0.0,27.631021115928544,23.498894836090823,21.927785983915967,26619,1.0,0.0,1.8764494522928987,0.9897817348510515,18349,0.6721892201209875,9.057746580865999,8.631085216400527,8.147582974549021,0.6218993434654289,0.8410103786736727,"[""y@t"", ""level_throughput_3@t"", ""y@t-1"", ""throughput_1@t""]",4,50,6250000.0,5405,0.10818659819026658,4.889734653949621,8.147582974549021,,
"ar_order=2,forced=('y@t', 'level_throughput_3@t'),horizon=10,level=True,n_bins=50,other_lags=2",model,5,162515,32364,0.8407180818193054,0.5846190505147671,7.867952455288461,7.180980944507533,32271,0.8426760868891574,0.5591789602723704,7.5452941909553015,6.857690226908677,93,0.16129032258064516,9.412330364626445,119.83037017889482,119.36285995131078,6265,0.2908220271348763,2.3590523994773043,25.99266099615677,25.170070871873268,26099,0.9727192612743784,0.15867074095308678,3.517161275222559,2.8627446751122956,19660,0.7619023397761954,0.8426940603644609,9.499381606877078,9.05438375976223,0.5373194447517663,1.0039783231914043,"[""y@t"", ""level_throughput_3@t"", ""rps@t+h"", ""y@t-1""]",4,50,6250000.0,7259,0.0418057100482017,6.6548634285008035,10.384231943031535,,
"ar_order=2,forced=('y@t', 'level_throughput_3@t'),horizon=10,level=True,n_bins=50,other_lags=2",ar,5,162515,32364,0.8091088864170065,0.7140892910198527,8.160606837061234,7.345564953156821,32271,0.811037773852685,0.6939315191639027,7.838218751859003,7.022131473248316,93,0.13978494623655913,7.70883612503448,120.02927240223502,119.57698248140827,6265,0.01979249800478851,2.7616181284927346,28.226556878110078,26.77863671515758,26099,0.9985823211617303,0.22258508906699623,3.34382546585272,2.680704437852221,19660,0.6908443540183113,1.0032108141957061,10.126196393700969,9.439063660282377,0.5115584628411338,1.0039783231914043,"[""y@t"", ""level_throughput_3@t"", ""rps@t+h"", ""y@t-1""]",4,50,6250000.0,7259,0.0418057100482017,6.6548634285008035,10.384231943031535,,
"ar_order=2,forced=('y@t', 'level_throughput_3@t'),horizon=10,level=True,n_bins=50,other_lags=2",persistence,5,162515,32364,0.8064207143739958,5.348793328738486,7.692775179218578,6.65486342850081,32271,0.8083418549161786,5.295710253850766,7.3657772773191175,6.3262371788912715,93,0.13978494623655913,23.76862031477724,121.16104713833151,120.68817204301075,6265,0.0,27.631021115928544,31.59284630806995,30.052354349561053,26099,1.0,0.0,1.9556225824810063,1.0383539599218445,19660,0.6854018311291964,8.69266864710163,10.98710550176496,10.384231943031535,0.5353284112628516,1.0039783231914043,"[""y@t"", ""level_throughput_3@t"", ""rps@t+h"", ""y@t-1""]",4,50,6250000.0,7259,0.0418057100482017,6.6548634285008035,10.384231943031535,,
"ar_order=2,dynotears_lambda=0.002,engine=dynotears,other_lags=2",model,1,33200,33558,0.9114369151916085,0.3796868815235858,10.326436000833604,6.5245634355456925,33464,0.913548888357638,0.35598353635922636,10.009230807325602,6.19656126178933,94,0.1595744680851064,8.818077760035557,123.25148488968235,123.29333729281126,3694,0.38521927449918786,2.889631897663636,38.743970373980076,39.144201257325626,29864,0.9765269220466113,0.06922154233187193,6.811355235550888,2.489707350839858,18713,0.8568374926521669,0.6035983330757703,12.895135871008447,10.043000542358131,0.7533248067489987,0.15299047715961933,"[""y@t"", ""throughput_2@t"", ""throughput_2@t-1"", ""y@t-1""]",4,20,160000.0,570,0.12006079027355623,5.184546158889088,8.675573130978464,"{""throughput_2@t"": 0.3159, ""throughput_2@t-1"": 0.3148, ""y@t-1"": 0.1323, ""avg_p_latency_2@t-1"": 0.0129, ""data_quality_2@t+h"": 0.0101, ""avg_p_latency_3@t"": 0.0058, ""data_quality_1@t+h"": 0.005, ""cores_3@t-1"": 0.0013, ""cores_3@t"": 0.0013}","{""buffer_size_2"": 0.0055, ""buffer_size_3"": 0.0052, ""throughput_1"": 0.0021, ""throughput_2"": 0.0431}"
"ar_order=2,dynotears_lambda=0.002,engine=dynotears,other_lags=2",ar,1,33200,33558,0.8856606472376185,0.5576372039854111,11.487186815944714,7.077786139463065,33464,0.8877002151565861,0.5402474176521279,11.172550032185619,6.7507304392704155,94,0.1595744680851064,6.748401138634215,123.49788183418326,123.50961540804602,3694,0.004872766648619383,4.0583061636338496,42.90464030387504,37.64494866652446,29864,0.9946088936512189,0.1246251782373086,7.601033816198711,3.2968090977082847,18713,0.7998717469139102,0.8748493576805083,14.154713683099247,9.718863562364737,0.7218339023363998,0.15299047715961933,"[""y@t"", ""throughput_2@t"", ""throughput_2@t-1"", ""y@t-1""]",4,20,160000.0,570,0.12006079027355623,5.184546158889088,8.675573130978464,"{""throughput_2@t"": 0.3159, ""throughput_2@t-1"": 0.3148, ""y@t-1"": 0.1323, ""avg_p_latency_2@t-1"": 0.0129, ""data_quality_2@t+h"": 0.0101, ""avg_p_latency_3@t"": 0.0058, ""data_quality_1@t+h"": 0.005, ""cores_3@t-1"": 0.0013, ""cores_3@t"": 0.0013}","{""buffer_size_2"": 0.0055, ""buffer_size_3"": 0.0052, ""throughput_1"": 0.0021, ""throughput_2"": 0.0431}"
"ar_order=2,dynotears_lambda=0.002,engine=dynotears,other_lags=2",persistence,1,33200,33558,0.8899219262172954,3.0415695810906507,10.024628822031769,5.1845461588890895,33464,0.8919734640210375,2.984883496715327,9.70548658753815,4.851362658379156,94,0.1595744680851064,23.221815618705897,123.63926430175924,123.79787234042553,3694,0.0,27.63102111592855,42.1496400137932,36.3264753654575,29864,1.0,0.0,6.050955123184769,1.3324738815965729,18713,0.8068187890771121,5.337794118210961,12.858127756401132,8.675573130978464,0.7735241456423483,0.15299047715961933,"[""y@t"", ""throughput_2@t"", ""throughput_2@t-1"", ""y@t-1""]",4,20,160000.0,570,0.12006079027355623,5.184546158889088,8.675573130978464,"{""throughput_2@t"": 0.3159, ""throughput_2@t-1"": 0.3148, ""y@t-1"": 0.1323, ""avg_p_latency_2@t-1"": 0.0129, ""data_quality_2@t+h"": 0.0101, ""avg_p_latency_3@t"": 0.0058, ""data_quality_1@t+h"": 0.005, ""cores_3@t-1"": 0.0013, ""cores_3@t"": 0.0013}","{""buffer_size_2"": 0.0055, ""buffer_size_3"": 0.0052, ""throughput_1"": 0.0021, ""throughput_2"": 0.0431}"
"ar_order=2,dynotears_lambda=0.002,engine=dynotears,other_lags=2",model,2,66758,33201,0.8879853016475407,0.4028522090881563,9.628689621902065,6.005995279389909,33108,0.8900265796786275,0.38196154672741345,9.282126131268152,5.652633324850868,93,0.16129032258064516,7.839928009512606,133.00529228757566,131.8028510952879,4367,0.2299061140370964,2.587864683974617,29.262310713818476,27.01959837815942,28834,0.9876534646597767,0.07192519660882027,6.655115948169702,2.8234189898592694,19738,0.8234876887222616,0.6015786845259513,10.719927431301347,7.979375810338715,0.7771127200981179,0.14856550469994545,"[""y@t"", ""y@t-1"", ""throughput_2@t"", ""avg_p_latency_2@t""]",4,20,120000.0,1245,0.1616216379024728,4.902623414957381,7.62306211368933,"{""y@t-1"": 0.2941, ""throughput_2@t"": 0.0791, ""avg_p_latency_2@t"": 0.0109, ""data_quality_2@t+h"": 0.01, ""avg_p_latency_3@t-1"": 0.0064, ""data_quality_1@t+h"": 0.006, ""cores_3@t+h"": 0.003}","{""buffer_size_2"": 0.0047, ""buffer_size_3"": 0.0042, ""throughput_1"": 0.0022, ""throughput_2"": 0.0014}"
"ar_order=2,dynotears_lambda=0.002,engine=dynotears,other_lags=2",ar,2,66758,33201,0.8701545134182705,0.5050236978555155,10.454689521086923,6.380662534734873,33108,0.8721759091458258,0.48812108193588344,10.111391585326679,6.028314798432174,93,0.15053763440860216,6.522354965244533,132.66875465173356,131.81645665849618,4367,0.034119532860087017,3.038713986816946,33.02808938132045,27.472451613798878,28834,0.9967746410487619,0.12128833363637949,7.035877105548329,3.186244732547439,19738,0.7858952274799879,0.7343481992221773,11.827036475823242,8.090460684569663,0.7505324110641358,0.14856550469994545,"[""y@t"", ""y@t-1"", ""throughput_2@t"", ""avg_p_latency_2@t""]",4,20,120000.0,1245,0.1616216379024728,4.902623414957381,7.62306211368933,"{""y@t-1"": 0.2941, ""throughput_2@t"": 0.0791, ""avg_p_latency_2@t"": 0.0109, ""data_quality_2@t+h"": 0.01, ""avg_p_latency_3@t-1"": 0.0064, ""data_quality_1@t+h"": 0.006, ""cores_3@t+h"": 0.003}","{""buffer_size_2"": 0.0047, ""buffer_size_3"": 0.0042, ""throughput_1"": 0.0022, ""throughput_2"": 0.0014}"
"ar_order=2,dynotears_lambda=0.002,engine=dynotears,other_lags=2",persistence,2,66758,33201,0.8684678172344207,3.6343685194198962,9.960226829045615,4.902623414957387,33108,0.8704844750513471,3.578646204696799,9.612924391597936,4.54464177842214,93,0.15053763440860216,23.471512560842527,133.59989456041953,132.34408602150538,4367,0.0,27.631021115928547,34.401296563651044,27.813144034806502,28834,1.0,0.0,6.258549936105965,1.4327529999306452,19738,0.782754078427399,6.002726646321897,11.758325629862272,7.62306211368933,0.7626047187682191,0.14856550469994545,"[""y@t"", ""y@t-1"", ""throughput_2@t"", ""avg_p_latency_2@t""]",4,20,120000.0,1245,0.1616216379024728,4.902623414957381,7.62306211368933,"{""y@t-1"": 0.2941, ""throughput_2@t"": 0.0791, ""avg_p_latency_2@t"": 0.0109, ""data_quality_2@t+h"": 0.01, ""avg_p_latency_3@t-1"": 0.0064, ""data_quality_1@t+h"": 0.006, ""cores_3@t+h"": 0.003}","{""buffer_size_2"": 0.0047, ""buffer_size_3"": 0.0042, ""throughput_1"": 0.0022, ""throughput_2"": 0.0014}"
"ar_order=2,dynotears_lambda=0.002,engine=dynotears,other_lags=2",model,3,99959,33201,0.9199421704165537,0.2919576788905191,8.576040004626366,5.400526700957058,33108,0.9219826023921711,0.2700040612199208,8.17165937945362,4.988064343871253,93,0.1935483870967742,8.107445569623525,152.53554256612352,152.23712582350316,3573,0.3792331374195354,2.081720416112041,29.89784822533312,30.430884527750692,29628,0.9851491832050763,0.07612055657066975,6.004728381412337,2.381981118564264,18433,0.8694189768350241,0.4396257649578711,9.667231890727468,7.574097241327176,0.8163753850015771,0.15699767507612705,"[""y@t"", ""y@t-1"", ""throughput_2@t"", ""avg_p_latency_2@t""]",4,20,120000.0,1643,0.07752778530767146,4.688894912803831,7.6735745673520315,"{""y@t-1"": 0.2792, ""throughput_2@t"": 0.0736, ""avg_p_latency_2@t"": 0.0208, ""data_quality_2@t+h"": 0.0208, ""data_quality_1@t+h"": 0.0052, ""avg_p_latency_3@t-1"": 0.0051, ""avg_p_latency_3@t"": 0.0048, ""buffer_size_3@t-1"": 0.0034, ""cores_3@t+h"": 0.0019}","{""buffer_size_2"": 0.0022, ""throughput_2"": 0.0072}"
"ar_order=2,dynotears_lambda=0.002,engine=dynotears,other_lags=2",ar,3,99959,33201,0.8925634770037048,0.4319739097995062,9.609222363733878,5.773449984125006,33108,0.8945270025371511,0.41501823570537455,9.207312154040748,5.36200070706736,93,0.1935483870967742,6.468193887310355,152.68925701448777,152.24939261664642,3573,0.011474951021550517,3.047328471810701,36.64845547219517,31.069313193702868,29628,0.9988186850276766,0.11657422537713544,6.348415697859292,2.7228856784742113,18433,0.8107199045190691,0.6504801301619253,11.002593193631258,7.465522463291521,0.7581009007981645,0.15699767507612705,"[""y@t"", ""y@t-1"", ""throughput_2@t"", ""avg_p_latency_2@t""]",4,20,120000.0,1643,0.07752778530767146,4.688894912803831,7.6735745673520315,"{""y@t-1"": 0.2792, ""throughput_2@t"": 0.0736, ""avg_p_latency_2@t"": 0.0208, ""data_quality_2@t+h"": 0.0208, ""data_quality_1@t+h"": 0.0052, ""avg_p_latency_3@t-1"": 0.0051, ""avg_p_latency_3@t"": 0.0048, ""buffer_size_3@t-1"": 0.0034, ""cores_3@t+h"": 0.0019}","{""buffer_size_2"": 0.0022, ""throughput_2"": 0.0072}"
"ar_order=2,dynotears_lambda=0.002,engine=dynotears,other_lags=2",persistence,3,99959,33201,0.8923827595554351,2.973574243161733,9.329639287342522,4.688894912803838,33108,0.8943457774555998,2.919334054111334,8.924678899107837,4.272290685030815,93,0.1935483870967742,22.283081545103663,153.4955374988903,153.0,3573,0.0,27.631021115928547,39.205393036369564,33.52504897844948,29628,1.0,0.0,5.726761329151836,1.2113878763332064,18433,0.8102316497585852,5.243493292655458,11.48355310837272,7.6735745673520315,0.7693282577853836,0.15699767507612705,"[""y@t"", ""y@t-1"", ""throughput_2@t"", ""avg_p_latency_2@t""]",4,20,120000.0,1643,0.07752778530767146,4.688894912803831,7.6735745673520315,"{""y@t-1"": 0.2792, ""throughput_2@t"": 0.0736, ""avg_p_latency_2@t"": 0.0208, ""data_quality_2@t+h"": 0.0208, ""data_quality_1@t+h"": 0.0052, ""avg_p_latency_3@t-1"": 0.0051, ""avg_p_latency_3@t"": 0.0048, ""buffer_size_3@t-1"": 0.0034, ""cores_3@t+h"": 0.0019}","{""buffer_size_2"": 0.0022, ""throughput_2"": 0.0072}"
"ar_order=2,dynotears_lambda=0.002,engine=dynotears,other_lags=2",model,4,133160,33558,0.926425889504738,0.2710001323703256,7.454542480450035,4.587029659212747,33464,0.928281137939278,0.2523392435639987,7.167211105742478,4.290891238581693,94,0.26595744680851063,6.914276547422677,109.74451187634045,110.01230740386826,3738,0.40823970037453183,1.9375544946466292,21.66103892052078,23.21692206026317,29820,0.9913816230717639,0.06209402216949315,5.673728137962294,2.2517332878134697,17046,0.8678282294966561,0.44474082354171673,7.869709014237868,6.754790930507303,0.7602542513352658,0.178222069516778,"[""y@t"", ""y@t-1"", ""throughput_2@t"", ""avg_p_latency_2@t""]",4,20,112000.0,1866,0.07783538947493891,3.4797365754812564,6.237240408306934,"{""y@t-1"": 0.2654, ""throughput_2@t"": 0.0715, ""avg_p_latency_2@t"": 0.0274, ""data_quality_2@t+h"": 0.0198, ""avg_p_latency_3@t"": 0.0061, ""data_quality_1@t+h"": 0.0054, ""avg_p_latency_3@t-1"": 0.0041, ""buffer_size_3@t-1"": 0.0028}","{""avg_p_latency_2"": 0.0081, ""buffer_size_2"": 0.0016, ""throughput_2"": 0.0137}"
"ar_order=2,dynotears_lambda=0.002,engine=dynotears,other_lags=2",ar,4,133160,33558,0.8886107634543179,0.45696023717246426,8.508271460689382,4.690388717980491,33464,0.8904195553430552,0.4427906971390249,8.22224218945182,4.3933392386895775,94,0.24468085106382978,5.501316489076857,110.33469202126078,110.44000334554535,3738,0.0,3.141641454115752,27.84610834711612,21.224180173606694,29820,1.0,0.12042977476689717,6.084232752390816,2.617843028472418,17046,0.78487621729438,0.7524249355876457,9.567198350087114,6.157485842814768,0.7394748373264483,0.178222069516778,"[""y@t"", ""y@t-1"", ""throughput_2@t"", ""avg_p_latency_2@t""]",4,20,112000.0,1866,0.07783538947493891,3.4797365754812564,6.237240408306934,"{""y@t-1"": 0.2654, ""throughput_2@t"": 0.0715, ""avg_p_latency_2@t"": 0.0274, ""data_quality_2@t+h"": 0.0198, ""avg_p_latency_3@t"": 0.0061, ""data_quality_1@t+h"": 0.0054, ""avg_p_latency_3@t-1"": 0.0041, ""buffer_size_3@t-1"": 0.0028}","{""avg_p_latency_2"": 0.0081, ""buffer_size_2"": 0.0016, ""throughput_2"": 0.0137}"
"ar_order=2,dynotears_lambda=0.002,engine=dynotears,other_lags=2",persistence,4,133160,33558,0.8886107634543179,3.077798347080902,8.178235962801633,3.4797365754812626,33464,0.8904195553430552,3.0278195802088805,7.888623211158364,3.177145589289989,94,0.24468085106382978,20.870239353520496,111.28037554780612,111.20212765957447,3738,0.0,27.631021115928547,29.672995689107662,22.419208132691278,29820,1.0,0.0,5.483822419644963,1.1056338028169082,17046,0.78487621729438,5.944089782477413,9.79507236652644,6.237240408306934,0.7394748373264483,0.178222069516778,"[""y@t"", ""y@t-1"", ""throughput_2@t"", ""avg_p_latency_2@t""]",4,20,112000.0,1866,0.07783538947493891,3.4797365754812564,6.237240408306934,"{""y@t-1"": 0.2654, ""throughput_2@t"": 0.0715, ""avg_p_latency_2@t"": 0.0274, ""data_quality_2@t+h"": 0.0198, ""avg_p_latency_3@t"": 0.0061, ""data_quality_1@t+h"": 0.0054, ""avg_p_latency_3@t-1"": 0.0041, ""buffer_size_3@t-1"": 0.0028}","{""avg_p_latency_2"": 0.0081, ""buffer_size_2"": 0.0016, ""throughput_2"": 0.0137}"
"ar_order=2,dynotears_lambda=0.002,engine=dynotears,other_lags=2",model,5,166718,33201,0.9193397789223217,0.31432139624298533,9.334020950462877,5.86860908545366,33108,0.9212879062462245,0.2935157010072331,9.022038782397674,5.547967527410762,93,0.22580645161290322,7.721148900170781,120.3996727816743,120.01700374872556,3337,0.291579262810908,2.5885080203898663,35.179006437276726,33.90465176419402,29864,0.9894856683632467,0.060204038729653485,6.446105179986791,2.7358648308676514,18670,0.868130690948045,0.48095044527149194,10.456527651747004,8.021416625057874,0.7008619374686609,0.19387344643473625,"[""y@t"", ""y@t-1"", ""throughput_2@t"", ""avg_p_latency_2@t""]",4,20,120000.0,2092,0.09535857353694166,4.876780819854823,8.07123727905731,"{""y@t-1"": 0.2897, ""throughput_2@t"": 0.0785, ""avg_p_latency_2@t"": 0.0206, ""data_quality_2@t+h"": 0.0163, ""avg_p_latency_3@t-1"": 0.0078, ""data_quality_1@t+h"": 0.0051, ""buffer_size_3@t-1"": 0.0029, ""avg_p_latency_3@t"": 0.0022}","{""avg_p_latency_2"": 0.0038, ""buffer_size_2"": 0.0014, ""throughput_1"": 0.0015}"
"ar_order=2,dynotears_lambda=0.002,engine=dynotears,other_lags=2",ar,5,166718,33201,0.8995210987620855,0.43980100166609887,10.265829303389747,6.4406367979635535,33108,0.9014135556361,0.4246930884468797,9.959790895435876,6.1244522121795875,93,0.22580645161290322,5.81821810770813,119.21550253496788,119.00234933705568,3337,0.00029967036260113877,3.2669967260021817,41.18023455812651,35.44465731633126,29864,1.0,0.12389046951670465,6.811457138406607,3.1997308084848153,18670,0.8251740760578468,0.6621837791390752,12.095901398735837,8.611769401247129,0.689302047179812,0.19387344643473625,"[""y@t"", ""y@t-1"", ""throughput_2@t"", ""avg_p_latency_2@t""]",4,20,120000.0,2092,0.09535857353694166,4.876780819854823,8.07123727905731,"{""y@t-1"": 0.2897, ""throughput_2@t"": 0.0785, ""avg_p_latency_2@t"": 0.0206, ""data_quality_2@t+h"": 0.0163, ""avg_p_latency_3@t-1"": 0.0078, ""data_quality_1@t+h"": 0.0051, ""buffer_size_3@t-1"": 0.0029, ""avg_p_latency_3@t"": 0.0022}","{""avg_p_latency_2"": 0.0038, ""buffer_size_2"": 0.0014, ""throughput_1"": 0.0015}"
"ar_order=2,dynotears_lambda=0.002,engine=dynotears,other_lags=2",persistence,5,166718,33201,0.8994909791873739,2.7771668764149746,9.591855277699558,4.876780819854831,33108,0.9013833514558415,2.7248786983057482,9.278621368473416,4.551467923160573,93,0.22580645161290322,21.391758283299517,121.10312696220682,120.68817204301075,3337,0.0,27.631021115928547,43.39065382393359,37.13964638897213,29864,1.0,0.0,5.815181330847731,1.271731851058139,18670,0.825120514193894,4.832098765051243,11.866004617462789,8.07123727905731,0.6895036600830379,0.19387344643473625,"[""y@t"", ""y@t-1"", ""throughput_2@t"", ""avg_p_latency_2@t""]",4,20,120000.0,2092,0.09535857353694166,4.876780819854823,8.07123727905731,"{""y@t-1"": 0.2897, ""throughput_2@t"": 0.0785, ""avg_p_latency_2@t"": 0.0206, ""data_quality_2@t+h"": 0.0163, ""avg_p_latency_3@t-1"": 0.0078, ""data_quality_1@t+h"": 0.0051, ""buffer_size_3@t-1"": 0.0029, ""avg_p_latency_3@t"": 0.0022}","{""avg_p_latency_2"": 0.0038, ""buffer_size_2"": 0.0014, ""throughput_1"": 0.0015}"
"ar_order=2,dynotears_lambda=0.005,engine=dynotears,other_lags=2",model,1,33200,33558,0.9114369151916085,0.3796868815235858,10.326436000833604,6.5245634355456925,33464,0.913548888357638,0.35598353635922636,10.009230807325602,6.19656126178933,94,0.1595744680851064,8.818077760035557,123.25148488968235,123.29333729281126,3694,0.38521927449918786,2.889631897663636,38.743970373980076,39.144201257325626,29864,0.9765269220466113,0.06922154233187193,6.811355235550888,2.489707350839858,18713,0.8568374926521669,0.6035983330757703,12.895135871008447,10.043000542358131,0.7533248067489987,0.0740408506244421,"[""y@t"", ""y@t-1"", ""throughput_2@t"", ""throughput_2@t-1""]",4,20,160000.0,570,0.12006079027355623,5.184546158889088,8.675573130978464,"{""y@t-1"": 0.1856, ""throughput_2@t"": 0.1203, ""throughput_2@t-1"": 0.0626, ""data_quality_1@t+h"": 0.0029, ""avg_p_latency_3@t"": 0.0029}","{""buffer_size_2"": 0.0027}"
"ar_order=2,dynotears_lambda=0.005,engine=dynotears,other_lags=2",ar,1,33200,33558,0.8856606472376185,0.5576372039854111,11.487186815944714,7.077786139463065,33464,0.8877002151565861,0.5402474176521279,11.172550032185619,6.7507304392704155,94,0.1595744680851064,6.748401138634215,123.49788183418326,123.50961540804602,3694,0.004872766648619383,4.0583061636338496,42.90464030387504,37.64494866652446,29864,0.9946088936512189,0.1246251782373086,7.601033816198711,3.2968090977082847,18713,0.7998717469139102,0.8748493576805083,14.154713683099247,9.718863562364737,0.7218339023363998,0.0740408506244421,"[""y@t"", ""y@t-1"", ""throughput_2@t"", ""throughput_2@t-1""]",4,20,160000.0,570,0.12006079027355623,5.184546158889088,8.675573130978464,"{""y@t-1"": 0.1856, ""throughput_2@t"": 0.1203, ""throughput_2@t-1"": 0.0626, ""data_quality_1@t+h"": 0.0029, ""avg_p_latency_3@t"": 0.0029}","{""buffer_size_2"": 0.0027}"
"ar_order=2,dynotears_lambda=0.005,engine=dynotears,other_lags=2",persistence,1,33200,33558,0.8899219262172954,3.0415695810906507,10.024628822031769,5.1845461588890895,33464,0.8919734640210375,2.984883496715327,9.70548658753815,4.851362658379156,94,0.1595744680851064,23.221815618705897,123.63926430175924,123.79787234042553,3694,0.0,27.63102111592855,42.1496400137932,36.3264753654575,29864,1.0,0.0,6.050955123184769,1.3324738815965729,18713,0.8068187890771121,5.337794118210961,12.858127756401132,8.675573130978464,0.7735241456423483,0.0740408506244421,"[""y@t"", ""y@t-1"", ""throughput_2@t"", ""throughput_2@t-1""]",4,20,160000.0,570,0.12006079027355623,5.184546158889088,8.675573130978464,"{""y@t-1"": 0.1856, ""throughput_2@t"": 0.1203, ""throughput_2@t-1"": 0.0626, ""data_quality_1@t+h"": 0.0029, ""avg_p_latency_3@t"": 0.0029}","{""buffer_size_2"": 0.0027}"
"ar_order=2,dynotears_lambda=0.005,engine=dynotears,other_lags=2",model,2,66758,33201,0.8830155718201259,0.42745845903516655,9.781898761151869,6.005134336802338,33108,0.8850126857557086,0.4059800721192731,9.437317696137178,5.652820022241583,93,0.17204301075268819,8.073764201093224,132.4527579063809,131.42903032043137,4367,0.1962445614838562,2.782026605210444,29.759232773990455,26.774562649375813,28834,0.9870292016369564,0.0708517067861745,6.756268684365223,2.8595390867153454,19738,0.8143175600364778,0.6430684173324667,10.870270642369876,7.927566503198013,0.7646304592034497,0.031493933871388435,"[""y@t"", ""y@t-1"", ""throughput_2@t"", ""avg_p_latency_3@t-1""]",4,20,96000.0,1231,0.13333935724827564,4.902623414957381,7.62306211368933,"{""y@t-1"": 0.352, ""throughput_2@t"": 0.0763, ""avg_p_latency_3@t-1"": 0.0074, ""data_quality_1@t+h"": 0.0047, ""data_quality_2@t+h"": 0.0021}","{""avg_p_latency_1"": 0.0034, ""throughput_1"": 0.0021, ""throughput_2"": 0.0039}"
"ar_order=2,dynotears_lambda=0.005,engine=dynotears,other_lags=2",ar,2,66758,33201,0.8701545134182705,0.5050236978555155,10.454689521086923,6.380662534734873,33108,0.8721759091458258,0.48812108193588344,10.111391585326679,6.028314798432174,93,0.15053763440860216,6.522354965244533,132.66875465173356,131.81645665849618,4367,0.034119532860087017,3.038713986816946,33.02808938132045,27.472451613798878,28834,0.9967746410487619,0.12128833363637949,7.035877105548329,3.186244732547439,19738,0.7858952274799879,0.7343481992221773,11.827036475823242,8.090460684569663,0.7505324110641358,0.031493933871388435,"[""y@t"", ""y@t-1"", ""throughput_2@t"", ""avg_p_latency_3@t-1""]",4,20,96000.0,1231,0.13333935724827564,4.902623414957381,7.62306211368933,"{""y@t-1"": 0.352, ""throughput_2@t"": 0.0763, ""avg_p_latency_3@t-1"": 0.0074, ""data_quality_1@t+h"": 0.0047, ""data_quality_2@t+h"": 0.0021}","{""avg_p_latency_1"": 0.0034, ""throughput_1"": 0.0021, ""throughput_2"": 0.0039}"
"ar_order=2,dynotears_lambda=0.005,engine=dynotears,other_lags=2",persistence,2,66758,33201,0.8684678172344207,3.6343685194198962,9.960226829045615,4.902623414957387,33108,0.8704844750513471,3.578646204696799,9.612924391597936,4.54464177842214,93,0.15053763440860216,23.471512560842527,133.59989456041953,132.34408602150538,4367,0.0,27.631021115928547,34.401296563651044,27.813144034806502,28834,1.0,0.0,6.258549936105965,1.4327529999306452,19738,0.782754078427399,6.002726646321897,11.758325629862272,7.62306211368933,0.7626047187682191,0.031493933871388435,"[""y@t"", ""y@t-1"", ""throughput_2@t"", ""avg_p_latency_3@t-1""]",4,20,96000.0,1231,0.13333935724827564,4.902623414957381,7.62306211368933,"{""y@t-1"": 0.352, ""throughput_2@t"": 0.0763, ""avg_p_latency_3@t-1"": 0.0074, ""data_quality_1@t+h"": 0.0047, ""data_quality_2@t+h"": 0.0021}","{""avg_p_latency_1"": 0.0034, ""throughput_1"": 0.0021, ""throughput_2"": 0.0039}"
"ar_order=2,dynotears_lambda=0.005,engine=dynotears,other_lags=2",model,3,99959,33201,0.9157856691063522,0.30529131120298336,8.6690320549688,5.475641533088767,33108,0.9178446296967501,0.2878671649110162,8.2919373754005,5.090343731640722,93,0.1827956989247312,6.508287391143268,142.91473798128277,142.64165884859278,3573,0.32101875174923034,2.2544497258004954,30.467151224855165,30.603454987938342,29628,0.9875118131497232,0.07023180616191038,6.04027953053232,2.445343251929811,18433,0.8617696522541095,0.4690251047287912,9.712882617594344,7.678838980359767,0.7773970988517545,0.08350362628698349,"[""y@t"", ""y@t-1"", ""throughput_2@t"", ""data_quality_1@t+h""]",4,20,80000.0,1523,0.07978675341104184,4.688894912803831,7.6735745673520315,"{""y@t-1"": 0.2796, ""throughput_2@t"": 0.0727, ""data_quality_1@t+h"": 0.0034, ""avg_p_latency_3@t-1"": 0.0034, ""avg_p_latency_3@t"": 0.0033}","{""throughput_2"": 0.0063}"
"ar_order=2,dynotears_lambda=0.005,engine=dynotears,other_lags=2",ar,3,99959,33201,0.8925634770037048,0.4319739097995062,9.609222363733878,5.773449984125006,33108,0.8945270025371511,0.41501823570537455,9.207312154040748,5.36200070706736,93,0.1935483870967742,6.468193887310355,152.68925701448777,152.24939261664642,3573,0.011474951021550517,3.047328471810701,36.64845547219517,31.069313193702868,29628,0.9988186850276766,0.11657422537713544,6.348415697859292,2.7228856784742113,18433,0.8107199045190691,0.6504801301619253,11.002593193631258,7.465522463291521,0.7581009007981645,0.08350362628698349,"[""y@t"", ""y@t-1"", ""throughput_2@t"", ""data_quality_1@t+h""]",4,20,80000.0,1523,0.07978675341104184,4.688894912803831,7.6735745673520315,"{""y@t-1"": 0.2796, ""throughput_2@t"": 0.0727, ""data_quality_1@t+h"": 0.0034, ""avg_p_latency_3@t-1"": 0.0034, ""avg_p_latency_3@t"": 0.0033}","{""throughput_2"": 0.0063}"
"ar_order=2,dynotears_lambda=0.005,engine=dynotears,other_lags=2",persistence,3,99959,33201,0.8923827595554351,2.973574243161733,9.329639287342522,4.688894912803838,33108,0.8943457774555998,2.919334054111334,8.924678899107837,4.272290685030815,93,0.1935483870967742,22.283081545103663,153.4955374988903,153.0,3573,0.0,27.631021115928547,39.205393036369564,33.52504897844948,29628,1.0,0.0,5.726761329151836,1.2113878763332064,18433,0.8102316497585852,5.243493292655458,11.48355310837272,7.6735745673520315,0.7693282577853836,0.08350362628698349,"[""y@t"", ""y@t-1"", ""throughput_2@t"", ""data_quality_1@t+h""]",4,20,80000.0,1523,0.07978675341104184,4.688894912803831,7.6735745673520315,"{""y@t-1"": 0.2796, ""throughput_2@t"": 0.0727, ""data_quality_1@t+h"": 0.0034, ""avg_p_latency_3@t-1"": 0.0034, ""avg_p_latency_3@t"": 0.0033}","{""throughput_2"": 0.0063}"
"ar_order=2,dynotears_lambda=0.005,engine=dynotears,other_lags=2",model,4,133160,33558,0.9245485428213839,0.2753819636130195,7.398322247497029,4.5441105251853955,33464,0.926428400669376,0.25653123972507563,7.109762534507016,4.247694283767244,94,0.2553191489361702,6.986239667721013,110.12558007194173,110.06829247004738,3738,0.3884430176565008,1.9638179505997853,20.94607914795276,22.59996749909928,29820,0.9917505030181086,0.06373294552594597,5.7000822980032835,2.2807707073285846,17046,0.8634283702921507,0.45148106819495704,7.761670607200134,6.685854411889459,0.7613140602391009,0.1200198270380497,"[""y@t"", ""y@t-1"", ""throughput_2@t"", ""avg_p_latency_3@t""]",4,20,96000.0,1777,0.0680612670600155,3.4797365754812564,6.237240408306934,"{""y@t-1"": 0.2659, ""throughput_2@t"": 0.0712, ""avg_p_latency_3@t"": 0.0044, ""data_quality_1@t+h"": 0.0036, ""avg_p_latency_3@t-1"": 0.0026}","{""throughput_2"": 0.0125}"
"ar_order=2,dynotears_lambda=0.005,engine=dynotears,other_lags=2",ar,4,133160,33558,0.8886107634543179,0.45696023717246426,8.508271460689382,4.690388717980491,33464,0.8904195553430552,0.4427906971390249,8.22224218945182,4.3933392386895775,94,0.24468085106382978,5.501316489076857,110.33469202126078,110.44000334554535,3738,0.0,3.141641454115752,27.84610834711612,21.224180173606694,29820,1.0,0.12042977476689717,6.084232752390816,2.617843028472418,17046,0.78487621729438,0.7524249355876457,9.567198350087114,6.157485842814768,0.7394748373264483,0.1200198270380497,"[""y@t"", ""y@t-1"", ""throughput_2@t"", ""avg_p_latency_3@t""]",4,20,96000.0,1777,0.0680612670600155,3.4797365754812564,6.237240408306934,"{""y@t-1"": 0.2659, ""throughput_2@t"": 0.0712, ""avg_p_latency_3@t"": 0.0044, ""data_quality_1@t+h"": 0.0036, ""avg_p_latency_3@t-1"": 0.0026}","{""throughput_2"": 0.0125}"
"ar_order=2,dynotears_lambda=0.005,engine=dynotears,other_lags=2",persistence,4,133160,33558,0.8886107634543179,3.077798347080902,8.178235962801633,3.4797365754812626,33464,0.8904195553430552,3.0278195802088805,7.888623211158364,3.177145589289989,94,0.24468085106382978,20.870239353520496,111.28037554780612,111.20212765957447,3738,0.0,27.631021115928547,29.672995689107662,22.419208132691278,29820,1.0,0.0,5.483822419644963,1.1056338028169082,17046,0.78487621729438,5.944089782477413,9.79507236652644,6.237240408306934,0.7394748373264483,0.1200198270380497,"[""y@t"", ""y@t-1"", ""throughput_2@t"", ""avg_p_latency_3@t""]",4,20,96000.0,1777,0.0680612670600155,3.4797365754812564,6.237240408306934,"{""y@t-1"": 0.2659, ""throughput_2@t"": 0.0712, ""avg_p_latency_3@t"": 0.0044, ""data_quality_1@t+h"": 0.0036, ""avg_p_latency_3@t-1"": 0.0026}","{""throughput_2"": 0.0125}"
"ar_order=2,dynotears_lambda=0.005,engine=dynotears,other_lags=2",model,5,166718,33201,0.9243095087497365,0.3009204764578977,8.972680286609926,5.822739028396073,33108,0.9262715959888849,0.2803996026154727,8.661168077904664,5.5035179220202695,93,0.22580645161290322,7.606351564361204,119.87102658568398,119.4654528981822,3337,0.37908300869044054,2.4011070288993563,34.191727215801755,34.671686075633204,29864,0.9852330565229038,0.0662458673801737,6.154706820138151,2.599160931134142,18670,0.8793786823781468,0.45319837078115716,10.118945779627937,8.138455583891169,0.7040147171656586,0.10734940133988857,"[""y@t"", ""y@t-1"", ""throughput_2@t"", ""avg_p_latency_3@t-1""]",4,20,88000.0,1927,0.046655221228276256,4.876780819854823,8.07123727905731,"{""y@t-1"": 0.2901, ""throughput_2@t"": 0.0773, ""avg_p_latency_3@t-1"": 0.006, ""data_quality_1@t+h"": 0.0043}",{}
"ar_order=2,dynotears_lambda=0.005,engine=dynotears,other_lags=2",ar,5,166718,33201,0.8995210987620855,0.43980100166609887,10.265829303389747,6.4406367979635535,33108,0.9014135556361,0.4246930884468797,9.959790895435876,6.1244522121795875,93,0.22580645161290322,5.81821810770813,119.21550253496788,119.00234933705568,3337,0.00029967036260113877,3.2669967260021817,41.18023455812651,35.44465731633126,29864,1.0,0.12389046951670465,6.811457138406607,3.1997308084848153,18670,0.8251740760578468,0.6621837791390752,12.095901398735837,8.611769401247129,0.689302047179812,0.10734940133988857,"[""y@t"", ""y@t-1"", ""throughput_2@t"", ""avg_p_latency_3@t-1""]",4,20,88000.0,1927,0.046655221228276256,4.876780819854823,8.07123727905731,"{""y@t-1"": 0.2901, ""throughput_2@t"": 0.0773, ""avg_p_latency_3@t-1"": 0.006, ""data_quality_1@t+h"": 0.0043}",{}
"ar_order=2,dynotears_lambda=0.005,engine=dynotears,other_lags=2",persistence,5,166718,33201,0.8994909791873739,2.7771668764149746,9.591855277699558,4.876780819854831,33108,0.9013833514558415,2.7248786983057482,9.278621368473416,4.551467923160573,93,0.22580645161290322,21.391758283299517,121.10312696220682,120.68817204301075,3337,0.0,27.631021115928547,43.39065382393359,37.13964638897213,29864,1.0,0.0,5.815181330847731,1.271731851058139,18670,0.825120514193894,4.832098765051243,11.866004617462789,8.07123727905731,0.6895036600830379,0.10734940133988857,"[""y@t"", ""y@t-1"", ""throughput_2@t"", ""avg_p_latency_3@t-1""]",4,20,88000.0,1927,0.046655221228276256,4.876780819854823,8.07123727905731,"{""y@t-1"": 0.2901, ""throughput_2@t"": 0.0773, ""avg_p_latency_3@t-1"": 0.006, ""data_quality_1@t+h"": 0.0043}",{}
"ar_order=2,engine=dynotears,other_lags=2",model,1,33200,33558,0.9103939448119673,0.4010261715509524,10.288972347705473,6.635453943697632,33464,0.9124731054267272,0.3774883040402283,9.97163375953419,6.307592965713203,94,0.1702127659574468,8.780507005368719,123.26150973668112,123.35396210615426,3694,0.3643746616134272,2.955247134164129,38.48469038496412,38.38134177559372,29864,0.9779332976158586,0.08508415990170667,6.801328949981342,2.7086755599906898,18713,0.8534708491423075,0.6335920471353276,12.756269258321176,10.021836549306345,0.7562317162400726,0.0474813561886549,"[""y@t"", ""y@t-1"", ""throughput_2@t""]",3,20,8000.0,357,0.09565528338995173,5.184546158889088,8.675573130978464,"{""y@t-1"": 0.3371, ""throughput_2@t"": 0.0375}",{}
"ar_order=2,engine=dynotears,other_lags=2",ar,1,33200,33558,0.8856606472376185,0.5576372039854111,11.487186815944714,7.077786139463065,33464,0.8877002151565861,0.5402474176521279,11.172550032185619,6.7507304392704155,94,0.1595744680851064,6.748401138634215,123.49788183418326,123.50961540804602,3694,0.004872766648619383,4.0583061636338496,42.90464030387504,37.64494866652446,29864,0.9946088936512189,0.1246251782373086,7.601033816198711,3.2968090977082847,18713,0.7998717469139102,0.8748493576805083,14.154713683099247,9.718863562364737,0.7218339023363998,0.0474813561886549,"[""y@t"", ""y@t-1"", ""throughput_2@t""]",3,20,8000.0,357,0.09565528338995173,5.184546158889088,8.675573130978464,"{""y@t-1"": 0.3371, ""throughput_2@t"": 0.0375}",{}
"ar_order=2,engine=dynotears,other_lags=2",persistence,1,33200,33558,0.8899219262172954,3.0415695810906507,10.024628822031769,5.1845461588890895,33464,0.8919734640210375,2.984883496715327,9.70548658753815,4.851362658379156,94,0.1595744680851064,23.221815618705897,123.63926430175924,123.79787234042553,3694,0.0,27.63102111592855,42.1496400137932,36.3264753654575,29864,1.0,0.0,6.050955123184769,1.3324738815965729,18713,0.8068187890771121,5.337794118210961,12.858127756401132,8.675573130978464,0.7735241456423483,0.0474813561886549,"[""y@t"", ""y@t-1"", ""throughput_2@t""]",3,20,8000.0,357,0.09565528338995173,5.184546158889088,8.675573130978464,"{""y@t-1"": 0.3371, ""throughput_2@t"": 0.0375}",{}
"ar_order=2,engine=dynotears,other_lags=2",model,2,66758,33201,0.8972922502334267,0.37739603174155834,9.419330367857956,6.07697956907047,33108,0.8993294671982602,0.3561153987205449,9.070496325474048,5.723102000596164,93,0.17204301075268819,7.953301387222367,133.60424945652915,132.05739394592342,4367,0.4369132127318525,2.2322876155982763,27.310147637754486,28.15680875169125,28834,0.9670181036276618,0.0964668666343139,6.70970981512028,2.7329199852283064,19738,0.8535819231938393,0.5355650819629364,10.40366198450157,8.322485658283636,0.7845991761885952,0.08246252499520779,"[""y@t"", ""y@t-1"", ""throughput_2@t""]",3,20,8000.0,655,0.05397427788319629,4.902623414957381,7.62306211368933,"{""y@t-1"": 0.2909, ""throughput_2@t"": 0.0723}",{}
"ar_order=2,engine=dynotears,other_lags=2",ar,2,66758,33201,0.8701545134182705,0.5050236978555155,10.454689521086923,6.380662534734873,33108,0.8721759091458258,0.48812108193588344,10.111391585326679,6.028314798432174,93,0.15053763440860216,6.522354965244533,132.66875465173356,131.81645665849618,4367,0.034119532860087017,3.038713986816946,33.02808938132045,27.472451613798878,28834,0.9967746410487619,0.12128833363637949,7.035877105548329,3.186244732547439,19738,0.7858952274799879,0.7343481992221773,11.827036475823242,8.090460684569663,0.7505324110641358,0.08246252499520779,"[""y@t"", ""y@t-1"", ""throughput_2@t""]",3,20,8000.0,655,0.05397427788319629,4.902623414957381,7.62306211368933,"{""y@t-1"": 0.2909, ""throughput_2@t"": 0.0723}",{}
"ar_order=2,engine=dynotears,other_lags=2",persistence,2,66758,33201,0.8684678172344207,3.6343685194198962,9.960226829045615,4.902623414957387,33108,0.8704844750513471,3.578646204696799,9.612924391597936,4.54464177842214,93,0.15053763440860216,23.471512560842527,133.59989456041953,132.34408602150538,4367,0.0,27.631021115928547,34.401296563651044,27.813144034806502,28834,1.0,0.0,6.258549936105965,1.4327529999306452,19738,0.782754078427399,6.002726646321897,11.758325629862272,7.62306211368933,0.7626047187682191,0.08246252499520779,"[""y@t"", ""y@t-1"", ""throughput_2@t""]",3,20,8000.0,655,0.05397427788319629,4.902623414957381,7.62306211368933,"{""y@t-1"": 0.2909, ""throughput_2@t"": 0.0723}",{}
"ar_order=2,engine=dynotears,other_lags=2",model,3,99959,33201,0.9199120508418421,0.2876364762770298,8.550812133061667,5.508545817952658,33108,0.9219826023921711,0.2661507654737785,8.14600166631023,5.096011639762244,93,0.1827956989247312,7.936549522234503,152.66333829657285,152.3707132537402,3573,0.4741113909879653,2.0418825984976197,28.69411211368529,29.758785008754035,29628,0.9736735520453625,0.07608249373706194,6.121623162129838,2.5840789410546794,18433,0.8766885477133403,0.42758612924250816,9.338836046680438,7.566795415161707,0.8172778642979249,0.06984784081578255,"[""y@t"", ""y@t-1"", ""throughput_2@t""]",3,20,8000.0,862,0.005391403873377308,4.688894912803831,7.6735745673520315,"{""y@t-1"": 0.2783, ""throughput_2@t"": 0.0692}","{""throughput_2"": 0.0026}"
"ar_order=2,engine=dynotears,other_lags=2",ar,3,99959,33201,0.8925634770037048,0.4319739097995062,9.609222363733878,5.773449984125006,33108,0.8945270025371511,0.41501823570537455,9.207312154040748,5.36200070706736,93,0.1935483870967742,6.468193887310355,152.68925701448777,152.24939261664642,3573,0.011474951021550517,3.047328471810701,36.64845547219517,31.069313193702868,29628,0.9988186850276766,0.11657422537713544,6.348415697859292,2.7228856784742113,18433,0.8107199045190691,0.6504801301619253,11.002593193631258,7.465522463291521,0.7581009007981645,0.06984784081578255,"[""y@t"", ""y@t-1"", ""throughput_2@t""]",3,20,8000.0,862,0.005391403873377308,4.688894912803831,7.6735745673520315,"{""y@t-1"": 0.2783, ""throughput_2@t"": 0.0692}","{""throughput_2"": 0.0026}"
"ar_order=2,engine=dynotears,other_lags=2",persistence,3,99959,33201,0.8923827595554351,2.973574243161733,9.329639287342522,4.688894912803838,33108,0.8943457774555998,2.919334054111334,8.924678899107837,4.272290685030815,93,0.1935483870967742,22.283081545103663,153.4955374988903,153.0,3573,0.0,27.631021115928547,39.205393036369564,33.52504897844948,29628,1.0,0.0,5.726761329151836,1.2113878763332064,18433,0.8102316497585852,5.243493292655458,11.48355310837272,7.6735745673520315,0.7693282577853836,0.06984784081578255,"[""y@t"", ""y@t-1"", ""throughput_2@t""]",3,20,8000.0,862,0.005391403873377308,4.688894912803831,7.6735745673520315,"{""y@t-1"": 0.2783, ""throughput_2@t"": 0.0692}","{""throughput_2"": 0.0026}"
"ar_order=2,engine=dynotears,other_lags=2",model,4,133160,33558,0.9342630669288993,0.2600850180889326,7.254511419630242,4.355986562469415,33464,0.9361403299067654,0.24239928520356133,6.965686736879575,4.0592577969666745,94,0.26595744680851063,6.556205925281106,110.07609847886732,109.99142708144524,3738,0.5066880684858213,1.8494966723359618,20.845380550940533,22.6502613850001,29820,0.9878604963112005,0.06084890931712187,5.550867260916697,2.0627605635888084,17046,0.8852516719464977,0.42765200947919246,7.859725756826049,6.823080077577446,0.7661219422627092,0.09227357618510723,"[""y@t"", ""y@t-1"", ""throughput_2@t""]",3,20,8000.0,977,0.043864354252339234,3.4797365754812564,6.237240408306934,"{""y@t-1"": 0.2645, ""throughput_2@t"": 0.0679}","{""throughput_2"": 0.0086}"
"ar_order=2,engine=dynotears,other_lags=2",ar,4,133160,33558,0.8886107634543179,0.45696023717246426,8.508271460689382,4.690388717980491,33464,0.8904195553430552,0.4427906971390249,8.22224218945182,4.3933392386895775,94,0.24468085106382978,5.501316489076857,110.33469202126078,110.44000334554535,3738,0.0,3.141641454115752,27.84610834711612,21.224180173606694,29820,1.0,0.12042977476689717,6.084232752390816,2.617843028472418,17046,0.78487621729438,0.7524249355876457,9.567198350087114,6.157485842814768,0.7394748373264483,0.09227357618510723,"[""y@t"", ""y@t-1"", ""throughput_2@t""]",3,20,8000.0,977,0.043864354252339234,3.4797365754812564,6.237240408306934,"{""y@t-1"": 0.2645, ""throughput_2@t"": 0.0679}","{""throughput_2"": 0.0086}"
"ar_order=2,engine=dynotears,other_lags=2",persistence,4,133160,33558,0.8886107634543179,3.077798347080902,8.178235962801633,3.4797365754812626,33464,0.8904195553430552,3.0278195802088805,7.888623211158364,3.177145589289989,94,0.24468085106382978,20.870239353520496,111.28037554780612,111.20212765957447,3738,0.0,27.631021115928547,29.672995689107662,22.419208132691278,29820,1.0,0.0,5.483822419644963,1.1056338028169082,17046,0.78487621729438,5.944089782477413,9.79507236652644,6.237240408306934,0.7394748373264483,0.09227357618510723,"[""y@t"", ""y@t-1"", ""throughput_2@t""]",3,20,8000.0,977,0.043864354252339234,3.4797365754812564,6.237240408306934,"{""y@t-1"": 0.2645, ""throughput_2@t"": 0.0679}","{""throughput_2"": 0.0086}"
"ar_order=2,engine=dynotears,other_lags=2",model,5,166718,33201,0.9202132465889582,0.28171746605322945,8.697959104710785,5.6240887647321625,33108,0.9221638274737224,0.2616549740236193,8.383131611390514,5.301774021559836,93,0.22580645161290322,7.423964628594455,120.77654672672692,120.36813733408017,3337,0.44291279592448307,2.1677971208216564,32.66980901311966,34.419734910791256,29864,0.9735467452451112,0.07096713763231327,6.019347293019101,2.406466504170978,18670,0.8806641671130155,0.4166220572203513,9.941493229933572,8.184642401407466,0.7039692321923868,0.06861380115151405,"[""y@t"", ""y@t-1"", ""throughput_2@t""]",3,20,8000.0,1055,0.009999698804252884,4.876780819854823,8.07123727905731,"{""y@t-1"": 0.2866, ""throughput_2@t"": 0.0703}",{}
"ar_order=2,engine=dynotears,other_lags=2",ar,5,166718,33201,0.8995210987620855,0.43980100166609887,10.265829303389747,6.4406367979635535,33108,0.9014135556361,0.4246930884468797,9.959790895435876,6.1244522121795875,93,0.22580645161290322,5.81821810770813,119.21550253496788,119.00234933705568,3337,0.00029967036260113877,3.2669967260021817,41.18023455812651,35.44465731633126,29864,1.0,0.12389046951670465,6.811457138406607,3.1997308084848153,18670,0.8251740760578468,0.6621837791390752,12.095901398735837,8.611769401247129,0.689302047179812,0.06861380115151405,"[""y@t"", ""y@t-1"", ""throughput_2@t""]",3,20,8000.0,1055,0.009999698804252884,4.876780819854823,8.07123727905731,"{""y@t-1"": 0.2866, ""throughput_2@t"": 0.0703}",{}
"ar_order=2,engine=dynotears,other_lags=2",persistence,5,166718,33201,0.8994909791873739,2.7771668764149746,9.591855277699558,4.876780819854831,33108,0.9013833514558415,2.7248786983057482,9.278621368473416,4.551467923160573,93,0.22580645161290322,21.391758283299517,121.10312696220682,120.68817204301075,3337,0.0,27.631021115928547,43.39065382393359,37.13964638897213,29864,1.0,0.0,5.815181330847731,1.271731851058139,18670,0.825120514193894,4.832098765051243,11.866004617462789,8.07123727905731,0.6895036600830379,0.06861380115151405,"[""y@t"", ""y@t-1"", ""throughput_2@t""]",3,20,8000.0,1055,0.009999698804252884,4.876780819854823,8.07123727905731,"{""y@t-1"": 0.2866, ""throughput_2@t"": 0.0703}",{}
"ar_order=2,dynotears_lambda=0.05,engine=dynotears,other_lags=2",model,1,33200,33558,0.9103939448119673,0.4010261715509524,10.288972347705473,6.635453943697632,33464,0.9124731054267272,0.3774883040402283,9.97163375953419,6.307592965713203,94,0.1702127659574468,8.780507005368719,123.26150973668112,123.35396210615426,3694,0.3643746616134272,2.955247134164129,38.48469038496412,38.38134177559372,29864,0.9779332976158586,0.08508415990170667,6.801328949981342,2.7086755599906898,18713,0.8534708491423075,0.6335920471353276,12.756269258321176,10.021836549306345,0.7562317162400726,0.06901586428284645,"[""y@t"", ""y@t-1"", ""throughput_2@t""]",3,20,8000.0,357,0.09565528338995173,5.184546158889088,8.675573130978464,"{""y@t-1"": 0.1838, ""throughput_2@t"": 0.0371}",{}
"ar_order=2,dynotears_lambda=0.05,engine=dynotears,other_lags=2",ar,1,33200,33558,0.8856606472376185,0.5576372039854111,11.487186815944714,7.077786139463065,33464,0.8877002151565861,0.5402474176521279,11.172550032185619,6.7507304392704155,94,0.1595744680851064,6.748401138634215,123.49788183418326,123.50961540804602,3694,0.004872766648619383,4.0583061636338496,42.90464030387504,37.64494866652446,29864,0.9946088936512189,0.1246251782373086,7.601033816198711,3.2968090977082847,18713,0.7998717469139102,0.8748493576805083,14.154713683099247,9.718863562364737,0.7218339023363998,0.06901586428284645,"[""y@t"", ""y@t-1"", ""throughput_2@t""]",3,20,8000.0,357,0.09565528338995173,5.184546158889088,8.675573130978464,"{""y@t-1"": 0.1838, ""throughput_2@t"": 0.0371}",{}
"ar_order=2,dynotears_lambda=0.05,engine=dynotears,other_lags=2",persistence,1,33200,33558,0.8899219262172954,3.0415695810906507,10.024628822031769,5.1845461588890895,33464,0.8919734640210375,2.984883496715327,9.70548658753815,4.851362658379156,94,0.1595744680851064,23.221815618705897,123.63926430175924,123.79787234042553,3694,0.0,27.63102111592855,42.1496400137932,36.3264753654575,29864,1.0,0.0,6.050955123184769,1.3324738815965729,18713,0.8068187890771121,5.337794118210961,12.858127756401132,8.675573130978464,0.7735241456423483,0.06901586428284645,"[""y@t"", ""y@t-1"", ""throughput_2@t""]",3,20,8000.0,357,0.09565528338995173,5.184546158889088,8.675573130978464,"{""y@t-1"": 0.1838, ""throughput_2@t"": 0.0371}",{}
"ar_order=2,dynotears_lambda=0.05,engine=dynotears,other_lags=2",model,2,66758,33201,0.8972922502334267,0.37739603174155834,9.419330367857956,6.07697956907047,33108,0.8993294671982602,0.3561153987205449,9.070496325474048,5.723102000596164,93,0.17204301075268819,7.953301387222367,133.60424945652915,132.05739394592342,4367,0.4369132127318525,2.2322876155982763,27.310147637754486,28.15680875169125,28834,0.9670181036276618,0.0964668666343139,6.70970981512028,2.7329199852283064,19738,0.8535819231938393,0.5355650819629364,10.40366198450157,8.322485658283636,0.7845991761885952,0.07991213537752628,"[""y@t"", ""y@t-1"", ""throughput_2@t""]",3,20,8000.0,655,0.05397427788319629,4.902623414957381,7.62306211368933,"{""y@t-1"": 0.2811, ""throughput_2@t"": 0.0569}",{}
"ar_order=2,dynotears_lambda=0.05,engine=dynotears,other_lags=2",ar,2,66758,33201,0.8701545134182705,0.5050236978555155,10.454689521086923,6.380662534734873,33108,0.8721759091458258,0.48812108193588344,10.111391585326679,6.028314798432174,93,0.15053763440860216,6.522354965244533,132.66875465173356,131.81645665849618,4367,0.034119532860087017,3.038713986816946,33.02808938132045,27.472451613798878,28834,0.9967746410487619,0.12128833363637949,7.035877105548329,3.186244732547439,19738,0.7858952274799879,0.7343481992221773,11.827036475823242,8.090460684569663,0.7505324110641358,0.07991213537752628,"[""y@t"", ""y@t-1"", ""throughput_2@t""]",3,20,8000.0,655,0.05397427788319629,4.902623414957381,7.62306211368933,"{""y@t-1"": 0.2811, ""throughput_2@t"": 0.0569}",{}
"ar_order=2,dynotears_lambda=0.05,engine=dynotears,other_lags=2",persistence,2,66758,33201,0.8684678172344207,3.6343685194198962,9.960226829045615,4.902623414957387,33108,0.8704844750513471,3.578646204696799,9.612924391597936,4.54464177842214,93,0.15053763440860216,23.471512560842527,133.59989456041953,132.34408602150538,4367,0.0,27.631021115928547,34.401296563651044,27.813144034806502,28834,1.0,0.0,6.258549936105965,1.4327529999306452,19738,0.782754078427399,6.002726646321897,11.758325629862272,7.62306211368933,0.7626047187682191,0.07991213537752628,"[""y@t"", ""y@t-1"", ""throughput_2@t""]",3,20,8000.0,655,0.05397427788319629,4.902623414957381,7.62306211368933,"{""y@t-1"": 0.2811, ""throughput_2@t"": 0.0569}",{}
"ar_order=2,dynotears_lambda=0.05,engine=dynotears,other_lags=2",model,3,99959,33201,0.9199120508418421,0.2876364762770298,8.550812133061667,5.508545817952658,33108,0.9219826023921711,0.2661507654737785,8.14600166631023,5.096011639762244,93,0.1827956989247312,7.936549522234503,152.66333829657285,152.3707132537402,3573,0.4741113909879653,2.0418825984976197,28.69411211368529,29.758785008754035,29628,0.9736735520453625,0.07608249373706194,6.121623162129838,2.5840789410546794,18433,0.8766885477133403,0.42758612924250816,9.338836046680438,7.566795415161707,0.8172778642979249,0.07183855213224888,"[""y@t"", ""y@t-1"", ""throughput_2@t""]",3,20,8000.0,862,0.005391403873377308,4.688894912803831,7.6735745673520315,"{""y@t-1"": 0.2684, ""throughput_2@t"": 0.0558}",{}
"ar_order=2,dynotears_lambda=0.05,engine=dynotears,other_lags=2",ar,3,99959,33201,0.8925634770037048,0.4319739097995062,9.609222363733878,5.773449984125006,33108,0.8945270025371511,0.41501823570537455,9.207312154040748,5.36200070706736,93,0.1935483870967742,6.468193887310355,152.68925701448777,152.24939261664642,3573,0.011474951021550517,3.047328471810701,36.64845547219517,31.069313193702868,29628,0.9988186850276766,0.11657422537713544,6.348415697859292,2.7228856784742113,18433,0.8107199045190691,0.6504801301619253,11.002593193631258,7.465522463291521,0.7581009007981645,0.07183855213224888,"[""y@t"", ""y@t-1"", ""throughput_2@t""]",3,20,8000.0,862,0.005391403873377308,4.688894912803831,7.6735745673520315,"{""y@t-1"": 0.2684, ""throughput_2@t"": 0.0558}",{}
"ar_order=2,dynotears_lambda=0.05,engine=dynotears,other_lags=2",persistence,3,99959,33201,0.8923827595554351,2.973574243161733,9.329639287342522,4.688894912803838,33108,0.8943457774555998,2.919334054111334,8.924678899107837,4.272290685030815,93,0.1935483870967742,22.283081545103663,153.4955374988903,153.0,3573,0.0,27.631021115928547,39.205393036369564,33.52504897844948,29628,1.0,0.0,5.726761329151836,1.2113878763332064,18433,0.8102316497585852,5.243493292655458,11.48355310837272,7.6735745673520315,0.7693282577853836,0.07183855213224888,"[""y@t"", ""y@t-1"", ""throughput_2@t""]",3,20,8000.0,862,0.005391403873377308,4.688894912803831,7.6735745673520315,"{""y@t-1"": 0.2684, ""throughput_2@t"": 0.0558}",{}
"ar_order=2,dynotears_lambda=0.05,engine=dynotears,other_lags=2",model,4,133160,33558,0.9342630669288993,0.2600850180889326,7.254511419630242,4.355986562469415,33464,0.9361403299067654,0.24239928520356133,6.965686736879575,4.0592577969666745,94,0.26595744680851063,6.556205925281106,110.07609847886732,109.99142708144524,3738,0.5066880684858213,1.8494966723359618,20.845380550940533,22.6502613850001,29820,0.9878604963112005,0.06084890931712187,5.550867260916697,2.0627605635888084,17046,0.8852516719464977,0.42765200947919246,7.859725756826049,6.823080077577446,0.7661219422627092,0.06681378930807114,"[""y@t"", ""y@t-1"", ""throughput_2@t""]",3,20,8000.0,977,0.043864354252339234,3.4797365754812564,6.237240408306934,"{""y@t-1"": 0.2558, ""throughput_2@t"": 0.0609}",{}
"ar_order=2,dynotears_lambda=0.05,engine=dynotears,other_lags=2",ar,4,133160,33558,0.8886107634543179,0.45696023717246426,8.508271460689382,4.690388717980491,33464,0.8904195553430552,0.4427906971390249,8.22224218945182,4.3933392386895775,94,0.24468085106382978,5.501316489076857,110.33469202126078,110.44000334554535,3738,0.0,3.141641454115752,27.84610834711612,21.224180173606694,29820,1.0,0.12042977476689717,6.084232752390816,2.617843028472418,17046,0.78487621729438,0.7524249355876457,9.567198350087114,6.157485842814768,0.7394748373264483,0.06681378930807114,"[""y@t"", ""y@t-1"", ""throughput_2@t""]",3,20,8000.0,977,0.043864354252339234,3.4797365754812564,6.237240408306934,"{""y@t-1"": 0.2558, ""throughput_2@t"": 0.0609}",{}
"ar_order=2,dynotears_lambda=0.05,engine=dynotears,other_lags=2",persistence,4,133160,33558,0.8886107634543179,3.077798347080902,8.178235962801633,3.4797365754812626,33464,0.8904195553430552,3.0278195802088805,7.888623211158364,3.177145589289989,94,0.24468085106382978,20.870239353520496,111.28037554780612,111.20212765957447,3738,0.0,27.631021115928547,29.672995689107662,22.419208132691278,29820,1.0,0.0,5.483822419644963,1.1056338028169082,17046,0.78487621729438,5.944089782477413,9.79507236652644,6.237240408306934,0.7394748373264483,0.06681378930807114,"[""y@t"", ""y@t-1"", ""throughput_2@t""]",3,20,8000.0,977,0.043864354252339234,3.4797365754812564,6.237240408306934,"{""y@t-1"": 0.2558, ""throughput_2@t"": 0.0609}",{}
"ar_order=2,dynotears_lambda=0.05,engine=dynotears,other_lags=2",model,5,166718,33201,0.9202132465889582,0.28171746605322945,8.697959104710785,5.6240887647321625,33108,0.9221638274737224,0.2616549740236193,8.383131611390514,5.301774021559836,93,0.22580645161290322,7.423964628594455,120.77654672672692,120.36813733408017,3337,0.44291279592448307,2.1677971208216564,32.66980901311966,34.419734910791256,29864,0.9735467452451112,0.07096713763231327,6.019347293019101,2.406466504170978,18670,0.8806641671130155,0.4166220572203513,9.941493229933572,8.184642401407466,0.7039692321923868,0.07937311567366123,"[""y@t"", ""y@t-1"", ""throughput_2@t""]",3,20,8000.0,1055,0.009999698804252884,4.876780819854823,8.07123727905731,"{""y@t-1"": 0.2784, ""throughput_2@t"": 0.0552}",{}
"ar_order=2,dynotears_lambda=0.05,engine=dynotears,other_lags=2",ar,5,166718,33201,0.8995210987620855,0.43980100166609887,10.265829303389747,6.4406367979635535,33108,0.9014135556361,0.4246930884468797,9.959790895435876,6.1244522121795875,93,0.22580645161290322,5.81821810770813,119.21550253496788,119.00234933705568,3337,0.00029967036260113877,3.2669967260021817,41.18023455812651,35.44465731633126,29864,1.0,0.12389046951670465,6.811457138406607,3.1997308084848153,18670,0.8251740760578468,0.6621837791390752,12.095901398735837,8.611769401247129,0.689302047179812,0.07937311567366123,"[""y@t"", ""y@t-1"", ""throughput_2@t""]",3,20,8000.0,1055,0.009999698804252884,4.876780819854823,8.07123727905731,"{""y@t-1"": 0.2784, ""throughput_2@t"": 0.0552}",{}
"ar_order=2,dynotears_lambda=0.05,engine=dynotears,other_lags=2",persistence,5,166718,33201,0.8994909791873739,2.7771668764149746,9.591855277699558,4.876780819854831,33108,0.9013833514558415,2.7248786983057482,9.278621368473416,4.551467923160573,93,0.22580645161290322,21.391758283299517,121.10312696220682,120.68817204301075,3337,0.0,27.631021115928547,43.39065382393359,37.13964638897213,29864,1.0,0.0,5.815181330847731,1.271731851058139,18670,0.825120514193894,4.832098765051243,11.866004617462789,8.07123727905731,0.6895036600830379,0.07937311567366123,"[""y@t"", ""y@t-1"", ""throughput_2@t""]",3,20,8000.0,1055,0.009999698804252884,4.876780819854823,8.07123727905731,"{""y@t-1"": 0.2784, ""throughput_2@t"": 0.0552}",{}
"ar_order=2,dynotears_lambda=0.1,engine=dynotears,other_lags=2",model,1,33200,33558,0.9103939448119673,0.4010261715509524,10.288972347705473,6.635453943697632,33464,0.9124731054267272,0.3774883040402283,9.97163375953419,6.307592965713203,94,0.1702127659574468,8.780507005368719,123.26150973668112,123.35396210615426,3694,0.3643746616134272,2.955247134164129,38.48469038496412,38.38134177559372,29864,0.9779332976158586,0.08508415990170667,6.801328949981342,2.7086755599906898,18713,0.8534708491423075,0.6335920471353276,12.756269258321176,10.021836549306345,0.7562317162400726,0.055121101438999176,"[""y@t"", ""y@t-1"", ""throughput_2@t""]",3,20,8000.0,357,0.09565528338995173,5.184546158889088,8.675573130978464,"{""y@t-1"": 0.166, ""throughput_2@t"": 0.0102}",{}
"ar_order=2,dynotears_lambda=0.1,engine=dynotears,other_lags=2",ar,1,33200,33558,0.8856606472376185,0.5576372039854111,11.487186815944714,7.077786139463065,33464,0.8877002151565861,0.5402474176521279,11.172550032185619,6.7507304392704155,94,0.1595744680851064,6.748401138634215,123.49788183418326,123.50961540804602,3694,0.004872766648619383,4.0583061636338496,42.90464030387504,37.64494866652446,29864,0.9946088936512189,0.1246251782373086,7.601033816198711,3.2968090977082847,18713,0.7998717469139102,0.8748493576805083,14.154713683099247,9.718863562364737,0.7218339023363998,0.055121101438999176,"[""y@t"", ""y@t-1"", ""throughput_2@t""]",3,20,8000.0,357,0.09565528338995173,5.184546158889088,8.675573130978464,"{""y@t-1"": 0.166, ""throughput_2@t"": 0.0102}",{}
"ar_order=2,dynotears_lambda=0.1,engine=dynotears,other_lags=2",persistence,1,33200,33558,0.8899219262172954,3.0415695810906507,10.024628822031769,5.1845461588890895,33464,0.8919734640210375,2.984883496715327,9.70548658753815,4.851362658379156,94,0.1595744680851064,23.221815618705897,123.63926430175924,123.79787234042553,3694,0.0,27.63102111592855,42.1496400137932,36.3264753654575,29864,1.0,0.0,6.050955123184769,1.3324738815965729,18713,0.8068187890771121,5.337794118210961,12.858127756401132,8.675573130978464,0.7735241456423483,0.055121101438999176,"[""y@t"", ""y@t-1"", ""throughput_2@t""]",3,20,8000.0,357,0.09565528338995173,5.184546158889088,8.675573130978464,"{""y@t-1"": 0.166, ""throughput_2@t"": 0.0102}",{}
"ar_order=2,dynotears_lambda=0.1,engine=dynotears,other_lags=2",model,2,66758,33201,0.8972922502334267,0.37739603174155834,9.419330367857956,6.07697956907047,33108,0.8993294671982602,0.3561153987205449,9.070496325474048,5.723102000596164,93,0.17204301075268819,7.953301387222367,133.60424945652915,132.05739394592342,4367,0.4369132127318525,2.2322876155982763,27.310147637754486,28.15680875169125,28834,0.9670181036276618,0.0964668666343139,6.70970981512028,2.7329199852283064,19738,0.8535819231938393,0.5355650819629364,10.40366198450157,8.322485658283636,0.7845991761885952,0.06694702431559563,"[""y@t"", ""y@t-1"", ""throughput_2@t""]",3,20,8000.0,655,0.05397427788319629,4.902623414957381,7.62306211368933,"{""y@t-1"": 0.2637, ""throughput_2@t"": 0.0306}",{}
"ar_order=2,dynotears_lambda=0.1,engine=dynotears,other_lags=2",ar,2,66758,33201,0.8701545134182705,0.5050236978555155,10.454689521086923,6.380662534734873,33108,0.8721759091458258,0.48812108193588344,10.111391585326679,6.028314798432174,93,0.15053763440860216,6.522354965244533,132.66875465173356,131.81645665849618,4367,0.034119532860087017,3.038713986816946,33.02808938132045,27.472451613798878,28834,0.9967746410487619,0.12128833363637949,7.035877105548329,3.186244732547439,19738,0.7858952274799879,0.7343481992221773,11.827036475823242,8.090460684569663,0.7505324110641358,0.06694702431559563,"[""y@t"", ""y@t-1"", ""throughput_2@t""]",3,20,8000.0,655,0.05397427788319629,4.902623414957381,7.62306211368933,"{""y@t-1"": 0.2637, ""throughput_2@t"": 0.0306}",{}
"ar_order=2,dynotears_lambda=0.1,engine=dynotears,other_lags=2",persistence,2,66758,33201,0.8684678172344207,3.6343685194198962,9.960226829045615,4.902623414957387,33108,0.8704844750513471,3.578646204696799,9.612924391597936,4.54464177842214,93,0.15053763440860216,23.471512560842527,133.59989456041953,132.34408602150538,4367,0.0,27.631021115928547,34.401296563651044,27.813144034806502,28834,1.0,0.0,6.258549936105965,1.4327529999306452,19738,0.782754078427399,6.002726646321897,11.758325629862272,7.62306211368933,0.7626047187682191,0.06694702431559563,"[""y@t"", ""y@t-1"", ""throughput_2@t""]",3,20,8000.0,655,0.05397427788319629,4.902623414957381,7.62306211368933,"{""y@t-1"": 0.2637, ""throughput_2@t"": 0.0306}",{}
"ar_order=2,dynotears_lambda=0.1,engine=dynotears,other_lags=2",model,3,99959,33201,0.9199120508418421,0.2876364762770298,8.550812133061667,5.508545817952658,33108,0.9219826023921711,0.2661507654737785,8.14600166631023,5.096011639762244,93,0.1827956989247312,7.936549522234503,152.66333829657285,152.3707132537402,3573,0.4741113909879653,2.0418825984976197,28.69411211368529,29.758785008754035,29628,0.9736735520453625,0.07608249373706194,6.121623162129838,2.5840789410546794,18433,0.8766885477133403,0.42758612924250816,9.338836046680438,7.566795415161707,0.8172778642979249,0.07772785797715187,"[""y@t"", ""y@t-1"", ""throughput_2@t""]",3,20,8000.0,862,0.005391403873377308,4.688894912803831,7.6735745673520315,"{""y@t-1"": 0.2522, ""throughput_2@t"": 0.0299}",{}
"ar_order=2,dynotears_lambda=0.1,engine=dynotears,other_lags=2",ar,3,99959,33201,0.8925634770037048,0.4319739097995062,9.609222363733878,5.773449984125006,33108,0.8945270025371511,0.41501823570537455,9.207312154040748,5.36200070706736,93,0.1935483870967742,6.468193887310355,152.68925701448777,152.24939261664642,3573,0.011474951021550517,3.047328471810701,36.64845547219517,31.069313193702868,29628,0.9988186850276766,0.11657422537713544,6.348415697859292,2.7228856784742113,18433,0.8107199045190691,0.6504801301619253,11.002593193631258,7.465522463291521,0.7581009007981645,0.07772785797715187,"[""y@t"", ""y@t-1"", ""throughput_2@t""]",3,20,8000.0,862,0.005391403873377308,4.688894912803831,7.6735745673520315,"{""y@t-1"": 0.2522, ""throughput_2@t"": 0.0299}",{}
"ar_order=2,dynotears_lambda=0.1,engine=dynotears,other_lags=2",persistence,3,99959,33201,0.8923827595554351,2.973574243161733,9.329639287342522,4.688894912803838,33108,0.8943457774555998,2.919334054111334,8.924678899107837,4.272290685030815,93,0.1935483870967742,22.283081545103663,153.4955374988903,153.0,3573,0.0,27.631021115928547,39.205393036369564,33.52504897844948,29628,1.0,0.0,5.726761329151836,1.2113878763332064,18433,0.8102316497585852,5.243493292655458,11.48355310837272,7.6735745673520315,0.7693282577853836,0.07772785797715187,"[""y@t"", ""y@t-1"", ""throughput_2@t""]",3,20,8000.0,862,0.005391403873377308,4.688894912803831,7.6735745673520315,"{""y@t-1"": 0.2522, ""throughput_2@t"": 0.0299}",{}
"ar_order=2,dynotears_lambda=0.1,engine=dynotears,other_lags=2",model,4,133160,33558,0.9342630669288993,0.2600850180889326,7.254511419630242,4.355986562469415,33464,0.9361403299067654,0.24239928520356133,6.965686736879575,4.0592577969666745,94,0.26595744680851063,6.556205925281106,110.07609847886732,109.99142708144524,3738,0.5066880684858213,1.8494966723359618,20.845380550940533,22.6502613850001,29820,0.9878604963112005,0.06084890931712187,5.550867260916697,2.0627605635888084,17046,0.8852516719464977,0.42765200947919246,7.859725756826049,6.823080077577446,0.7661219422627092,0.06875710934400558,"[""y@t"", ""y@t-1"", ""throughput_2@t""]",3,20,8000.0,977,0.043864354252339234,3.4797365754812564,6.237240408306934,"{""y@t-1"": 0.2403, ""throughput_2@t"": 0.0345}",{}
"ar_order=2,dynotears_lambda=0.1,engine=dynotears,other_lags=2",ar,4,133160,33558,0.8886107634543179,0.45696023717246426,8.508271460689382,4.690388717980491,33464,0.8904195553430552,0.4427906971390249,8.22224218945182,4.3933392386895775,94,0.24468085106382978,5.501316489076857,110.33469202126078,110.44000334554535,3738,0.0,3.141641454115752,27.84610834711612,21.224180173606694,29820,1.0,0.12042977476689717,6.084232752390816,2.617843028472418,17046,0.78487621729438,0.7524249355876457,9.567198350087114,6.157485842814768,0.7394748373264483,0.06875710934400558,"[""y@t"", ""y@t-1"", ""throughput_2@t""]",3,20,8000.0,977,0.043864354252339234,3.4797365754812564,6.237240408306934,"{""y@t-1"": 0.2403, ""throughput_2@t"": 0.0345}",{}
"ar_order=2,dynotears_lambda=0.1,engine=dynotears,other_lags=2",persistence,4,133160,33558,0.8886107634543179,3.077798347080902,8.178235962801633,3.4797365754812626,33464,0.8904195553430552,3.0278195802088805,7.888623211158364,3.177145589289989,94,0.24468085106382978,20.870239353520496,111.28037554780612,111.20212765957447,3738,0.0,27.631021115928547,29.672995689107662,22.419208132691278,29820,1.0,0.0,5.483822419644963,1.1056338028169082,17046,0.78487621729438,5.944089782477413,9.79507236652644,6.237240408306934,0.7394748373264483,0.06875710934400558,"[""y@t"", ""y@t-1"", ""throughput_2@t""]",3,20,8000.0,977,0.043864354252339234,3.4797365754812564,6.237240408306934,"{""y@t-1"": 0.2403, ""throughput_2@t"": 0.0345}",{}
"ar_order=2,dynotears_lambda=0.1,engine=dynotears,other_lags=2",model,5,166718,33201,0.9202132465889582,0.28171746605322945,8.697959104710785,5.6240887647321625,33108,0.9221638274737224,0.2616549740236193,8.383131611390514,5.301774021559836,93,0.22580645161290322,7.423964628594455,120.77654672672692,120.36813733408017,3337,0.44291279592448307,2.1677971208216564,32.66980901311966,34.419734910791256,29864,0.9735467452451112,0.07096713763231327,6.019347293019101,2.406466504170978,18670,0.8806641671130155,0.4166220572203513,9.941493229933572,8.184642401407466,0.7039692321923868,0.08514568395912647,"[""y@t"", ""y@t-1"", ""throughput_2@t""]",3,20,8000.0,1055,0.009999698804252884,4.876780819854823,8.07123727905731,"{""y@t-1"": 0.2617, ""throughput_2@t"": 0.029}",{}
"ar_order=2,dynotears_lambda=0.1,engine=dynotears,other_lags=2",ar,5,166718,33201,0.8995210987620855,0.43980100166609887,10.265829303389747,6.4406367979635535,33108,0.9014135556361,0.4246930884468797,9.959790895435876,6.1244522121795875,93,0.22580645161290322,5.81821810770813,119.21550253496788,119.00234933705568,3337,0.00029967036260113877,3.2669967260021817,41.18023455812651,35.44465731633126,29864,1.0,0.12389046951670465,6.811457138406607,3.1997308084848153,18670,0.8251740760578468,0.6621837791390752,12.095901398735837,8.611769401247129,0.689302047179812,0.08514568395912647,"[""y@t"", ""y@t-1"", ""throughput_2@t""]",3,20,8000.0,1055,0.009999698804252884,4.876780819854823,8.07123727905731,"{""y@t-1"": 0.2617, ""throughput_2@t"": 0.029}",{}
"ar_order=2,dynotears_lambda=0.1,engine=dynotears,other_lags=2",persistence,5,166718,33201,0.8994909791873739,2.7771668764149746,9.591855277699558,4.876780819854831,33108,0.9013833514558415,2.7248786983057482,9.278621368473416,4.551467923160573,93,0.22580645161290322,21.391758283299517,121.10312696220682,120.68817204301075,3337,0.0,27.631021115928547,43.39065382393359,37.13964638897213,29864,1.0,0.0,5.815181330847731,1.271731851058139,18670,0.825120514193894,4.832098765051243,11.866004617462789,8.07123727905731,0.6895036600830379,0.08514568395912647,"[""y@t"", ""y@t-1"", ""throughput_2@t""]",3,20,8000.0,1055,0.009999698804252884,4.876780819854823,8.07123727905731,"{""y@t-1"": 0.2617, ""throughput_2@t"": 0.029}",{}
