config,model,fold,n_train,n_all,acc_all,logloss_all,mae_all,maeh_all,n_within,acc_within,logloss_within,mae_within,maeh_within,n_xrun,acc_xrun,logloss_xrun,mae_xrun,maeh_xrun,n_change,acc_change,logloss_change,mae_change,maeh_change,n_stay,acc_stay,logloss_stay,mae_stay,maeh_stay,n_event,acc_event,logloss_event,mae_event,maeh_event,f1_all,search_sec,parents,n_parents,n_y,cpt_configs_possible,cpt_configs_seen,test_unseen_config_frac,mae_persistence_continuous,mae_persistence_continuous_event,dynotears_weights,dynotears_unobservable_same_slice_parents
"ar_order=2,other_lags=2",model,1,33200,33558,0.9084867989749091,0.4068363562868905,9.667658819892441,6.502723749178693,33464,0.9105606024384413,0.38352883457513914,9.26909210216465,6.094379737265231,94,0.1702127659574468,8.70431408567037,151.55741033098568,151.8731919903713,4381,0.4786578406756448,2.4630387236423386,27.38373519849455,28.794053409994184,29177,0.9730266991123145,0.09809239455730151,7.007545353303833,3.1556244845513266,19299,0.8598891134255661,0.5898790831045653,10.678928360463956,8.626620615699967,0.7800631591573426,0.2986395000043558,"[""y@t"", ""throughput_2@t"", ""throughput_2@t-1""]",3,20,8000.0,310,0.09073842302878599,4.986888372370225,7.9259028965231355,,
"ar_order=2,other_lags=2",ar,1,33200,33558,0.8479051194946063,0.5873854569555976,10.530039868016596,6.378462004126458,33464,0.8498087497011714,0.5704202818279933,10.133059997284537,5.969205359771669,94,0.1702127659574468,6.62698780238272,151.85487384862944,152.07382739443122,4381,0.05820588906642319,3.466579123159004,31.894914064656206,26.985031377355455,29177,0.9664804469273743,0.15506727991076355,7.322050223588516,3.28433373788537,19299,0.7816985336027773,0.8497846832644308,11.889738104344254,7.934815242101224,0.6846330982901161,0.2986395000043558,"[""y@t"", ""throughput_2@t"", ""throughput_2@t-1""]",3,20,8000.0,310,0.09073842302878599,4.986888372370225,7.9259028965231355,,
"ar_order=2,other_lags=2",persistence,1,33200,33558,0.8694499076226235,3.607232359165712,9.999003984825238,4.98688837237023,33464,0.8713841740377719,3.5537866030049146,9.597365235822318,4.570941907721736,94,0.18085106382978725,22.63392155240955,152.9823986298647,153.06382978723406,4381,0.0,27.63102111592855,34.103755315723284,28.69139465875371,29177,1.0,0.0,6.3796148913384405,1.4275970798917015,19299,0.7769832633815223,6.1621801587106315,11.808682343600474,7.9259028965231355,0.7291569012797388,0.2986395000043558,"[""y@t"", ""throughput_2@t"", ""throughput_2@t-1""]",3,20,8000.0,310,0.09073842302878599,4.986888372370225,7.9259028965231355,,
"ar_order=2,other_lags=2",model,2,66758,33201,0.8916598897623566,0.34709393455478343,8.779436512988543,5.767888888872593,33108,0.8936812854899118,0.32356574752710765,8.368705331168618,5.3478338769883065,93,0.17204301075268819,8.723128516407371,154.9997372408812,155.30747311967852,4870,0.49075975359342916,1.814459270955686,20.74227301234427,23.052162412316076,28331,0.960573223677244,0.09485895561749233,6.72306667952476,2.7967826074434243,20321,0.8467102996899759,0.4794793638075286,9.166027620171189,7.674278556730739,0.8092701934165358,0.6285416670070845,"[""y@t"", ""throughput_2@t"", ""throughput_2@t-1""]",3,20,8000.0,526,0.057046474503780004,4.608656365772116,6.818069976871217,,
"ar_order=2,other_lags=2",ar,2,66758,33201,0.8533176711544833,0.5421609150774279,10.26133549347788,6.130292553015622,33108,0.855261568201039,0.5241901510660337,9.857821217114285,5.713478733909834,93,0.16129032258064516,6.939752903133789,153.91241787891764,154.51601215467613,4870,0.0,2.908141917411149,27.048125170420516,21.224542885026178,28331,1.0,0.13545704012189452,7.375744948607928,3.5356436130949893,20321,0.764184833423552,0.7585486588794662,10.932651074866357,7.213807660481873,0.765320789938897,0.6285416670070845,"[""y@t"", ""throughput_2@t"", ""throughput_2@t-1""]",3,20,8000.0,526,0.057046474503780004,4.608656365772116,6.818069976871217,,
"ar_order=2,other_lags=2",persistence,2,66758,33201,0.8533176711544833,4.0529825256640475,9.509566073772406,4.60865636577212,33108,0.855261568201039,3.9992706653234746,9.100182964346997,4.184789174821801,93,0.16129032258064516,23.174404806907813,155.24995302921795,155.50537634408602,4870,0.0,27.63102111592854,28.511997960823937,22.3258726899384,28331,1.0,0.0,6.243114367516328,1.563128728248215,20321,0.764184833423552,6.515813847130043,10.760368641163039,6.818069976871217,0.765320789938897,0.6285416670070845,"[""y@t"", ""throughput_2@t"", ""throughput_2@t-1""]",3,20,8000.0,526,0.057046474503780004,4.608656365772116,6.818069976871217,,
"ar_order=2,other_lags=2",model,3,99959,33201,0.9090388843709527,0.3215318729831484,9.391910085993997,6.207086375671777,33108,0.9112299142201281,0.303115323388703,8.990978972511884,5.798520997388837,93,0.12903225806451613,6.877823528605684,152.12338648562664,151.6563610443984,3981,0.341873901029892,2.13753917577653,27.829933539017617,28.141600297389555,29220,0.9863107460643394,0.0741148616066784,6.87987136708616,3.218677754098933,19992,0.8611944777911165,0.4597943315792952,9.627636048310883,7.7244732718123,0.7538057158131959,0.7731691250010044,"[""y@t"", ""data_quality_1@t+h"", ""throughput_2@t"", ""throughput_2@t-1""]",4,20,80000.0,1224,0.11023764344447456,4.94388723231228,7.444927971188475,,
"ar_order=2,other_lags=2",ar,3,99959,33201,0.8800939730731002,0.45797957704839704,9.28722842601863,5.802470914890759,33108,0.8822036969916637,0.44002564049123927,8.85115513096727,5.357819955408951,93,0.12903225806451613,6.849580991396546,164.52932146430308,164.09821249041468,3981,0.0,2.861720316759939,32.36884332134319,27.81317804559679,29220,1.0,0.1304884105599764,6.142536129704903,2.803681555296622,19992,0.804921968787515,0.6481891135367004,10.321836834743578,7.451671382987646,0.7133930791134014,0.7731691250010044,"[""y@t"", ""data_quality_1@t+h"", ""throughput_2@t"", ""throughput_2@t-1""]",4,20,80000.0,1224,0.11023764344447456,4.94388723231228,7.444927971188475,,
"ar_order=2,other_lags=2",persistence,3,99959,33201,0.8800939730731002,3.313125961944265,9.373593408642652,4.943887232312285,33108,0.8822036969916637,3.2548321358016596,8.936359646175632,4.495559985501998,93,0.12903225806451613,24.06572806871196,165.0288128469024,164.5483870967742,3981,0.0,27.631021115928544,34.83492889718861,30.203466465712133,29220,1.0,0.0,5.9046825058397285,1.5024640657084247,19992,0.804921968787515,5.390205199685941,10.72821257860503,7.444927971188475,0.7133930791134014,0.7731691250010044,"[""y@t"", ""data_quality_1@t+h"", ""throughput_2@t"", ""throughput_2@t-1""]",4,20,80000.0,1224,0.11023764344447456,4.94388723231228,7.444927971188475,,
"ar_order=2,other_lags=2",model,4,133160,33558,0.9134036593360748,0.33773156425170925,8.585343646845292,6.159194938566188,33464,0.9153119770499641,0.31864062384289193,8.211980371170554,5.781442265460415,94,0.23404255319148937,7.134106349790707,141.50266978705167,140.6391465642215,4795,0.5497393117831074,1.9734427260165668,25.14547061461178,27.38810031222555,28763,0.9740291346521572,0.06504669060631443,5.824650784124425,2.6201829694844982,18970,0.8630996309963099,0.5246194185710796,9.768143902214787,9.01189203818715,0.8863499839808581,1.201331083997502,"[""y@t"", ""throughput_2@t"", ""throughput_2@t-1""]",3,20,8000.0,806,0.03563978783002563,5.052863698670958,8.242224565102793,,
"ar_order=2,other_lags=2",ar,4,133160,33558,0.8571130579891532,0.538099604682822,9.510040671451186,6.077569935595533,33464,0.8588931388955295,0.5228619624646225,9.139417814143428,5.701058293949673,94,0.22340425531914893,5.96270023436185,141.4517778730127,140.11571436152144,4795,0.0,2.9389656115895284,31.132247659790067,25.183190965600055,28763,1.0,0.13785788778550054,5.905462480404184,2.8925248137768196,18970,0.7510806536636795,0.8192545513751086,11.396590774343078,8.209656210863855,0.8331044631028387,1.201331083997502,"[""y@t"", ""throughput_2@t"", ""throughput_2@t-1""]",3,20,8000.0,806,0.03563978783002563,5.052863698670958,8.242224565102793,,
"ar_order=2,other_lags=2",persistence,4,133160,33558,0.8571130579891532,3.9481121118921685,9.341591152950988,5.052863698670964,33464,0.8588931388955295,3.8989266587800198,8.969021453097389,4.6723344489600835,94,0.22340425531914893,21.45813341981685,141.976404300833,140.5212765957447,4795,0.0,27.631021115928547,33.23950694523515,27.01438998957247,28763,1.0,0.0,5.3576358553811065,1.3917185272746313,18970,0.7510806536636795,6.877895714782003,11.610501678806116,8.242224565102793,0.8331044631028387,1.201331083997502,"[""y@t"", ""throughput_2@t"", ""throughput_2@t-1""]",3,20,8000.0,806,0.03563978783002563,5.052863698670958,8.242224565102793,,
"ar_order=2,other_lags=2",model,5,166718,33201,0.9378331977952471,0.2248086966223249,8.455937736439441,5.472707979954379,33108,0.9397728645644557,0.20541512127417444,8.082980699265118,5.089023963496771,93,0.24731182795698925,7.128921520563891,141.22864297049892,142.0642178388627,3654,0.6447728516694033,1.5355790648778433,27.53055796549325,31.85758354762188,29547,0.9740752022201915,0.06270916280820962,6.097029477835773,2.209759615509358,18178,0.9062603146660799,0.3337370250405424,9.47880324799004,8.170342449350937,0.8273171083971904,1.4597854579988052,"[""y@t"", ""throughput_2@t"", ""throughput_2@t-1"", ""buffer_size_3@t""]",4,20,160000.0,1862,0.04876359145808861,4.627330502093311,7.7230718450874685,,
"ar_order=2,other_lags=2",ar,5,166718,33201,0.889943074003795,0.45556155304865315,9.892676142400664,5.976333186936724,33108,0.8917482179533648,0.4413446571379285,9.52711834076662,5.597362187118697,93,0.24731182795698925,5.516776497266618,140.03125352411914,140.89000912215428,3654,0.0,3.051038453774511,36.56034546345899,31.293184279757224,29547,1.0,0.1345857316369266,6.594755416129057,2.8454646082936765,18178,0.802838596105182,0.7007271872030886,11.744923189437491,8.15741009347683,0.7670290749812423,1.4597854579988052,"[""y@t"", ""throughput_2@t"", ""throughput_2@t-1"", ""buffer_size_3@t""]",4,20,160000.0,1862,0.04876359145808861,4.627330502093311,7.7230718450874685,,
"ar_order=2,other_lags=2",persistence,5,166718,33201,0.889943074003795,3.0409852461553237,9.44115106386959,4.627330502093316,33108,0.8917482179533648,2.9911072755674737,9.069772937424974,4.240364866497528,93,0.24731182795698925,20.797542775430088,141.6517640781532,142.38709677419354,3654,0.0,27.631021115928547,38.26535954946101,32.33771209633279,29547,1.0,0.0,5.87653679486255,1.2004602836159401,18178,0.802838596105182,5.44777091426383,11.612693711794495,7.7230718450874685,0.7670290749812423,1.4597854579988052,"[""y@t"", ""throughput_2@t"", ""throughput_2@t-1"", ""buffer_size_3@t""]",4,20,160000.0,1862,0.04876359145808861,4.627330502093311,7.7230718450874685,,
"ar_order=2,level=True,other_lags=2",model,1,33200,33558,0.9084867989749091,0.4068363562868905,9.667658819892441,6.502723749178693,33464,0.9105606024384413,0.38352883457513914,9.26909210216465,6.094379737265231,94,0.1702127659574468,8.70431408567037,151.55741033098568,151.8731919903713,4381,0.4786578406756448,2.4630387236423386,27.38373519849455,28.794053409994184,29177,0.9730266991123145,0.09809239455730151,7.007545353303833,3.1556244845513266,19299,0.8598891134255661,0.5898790831045653,10.678928360463956,8.626620615699967,0.7800631591573426,0.29020008399675135,"[""y@t"", ""throughput_2@t"", ""throughput_2@t-1""]",3,20,8000.0,310,0.09073842302878599,4.986888372370225,7.9259028965231355,,
"ar_order=2,level=True,other_lags=2",ar,1,33200,33558,0.8479051194946063,0.5873854569555976,10.530039868016596,6.378462004126458,33464,0.8498087497011714,0.5704202818279933,10.133059997284537,5.969205359771669,94,0.1702127659574468,6.62698780238272,151.85487384862944,152.07382739443122,4381,0.05820588906642319,3.466579123159004,31.894914064656206,26.985031377355455,29177,0.9664804469273743,0.15506727991076355,7.322050223588516,3.28433373788537,19299,0.7816985336027773,0.8497846832644308,11.889738104344254,7.934815242101224,0.6846330982901161,0.29020008399675135,"[""y@t"", ""throughput_2@t"", ""throughput_2@t-1""]",3,20,8000.0,310,0.09073842302878599,4.986888372370225,7.9259028965231355,,
"ar_order=2,level=True,other_lags=2",persistence,1,33200,33558,0.8694499076226235,3.607232359165712,9.999003984825238,4.98688837237023,33464,0.8713841740377719,3.5537866030049146,9.597365235822318,4.570941907721736,94,0.18085106382978725,22.63392155240955,152.9823986298647,153.06382978723406,4381,0.0,27.63102111592855,34.103755315723284,28.69139465875371,29177,1.0,0.0,6.3796148913384405,1.4275970798917015,19299,0.7769832633815223,6.1621801587106315,11.808682343600474,7.9259028965231355,0.7291569012797388,0.29020008399675135,"[""y@t"", ""throughput_2@t"", ""throughput_2@t-1""]",3,20,8000.0,310,0.09073842302878599,4.986888372370225,7.9259028965231355,,
"ar_order=2,level=True,other_lags=2",model,2,66758,33201,0.8916598897623566,0.34709393455478343,8.779436512988543,5.767888888872593,33108,0.8936812854899118,0.32356574752710765,8.368705331168618,5.3478338769883065,93,0.17204301075268819,8.723128516407371,154.9997372408812,155.30747311967852,4870,0.49075975359342916,1.814459270955686,20.74227301234427,23.052162412316076,28331,0.960573223677244,0.09485895561749233,6.72306667952476,2.7967826074434243,20321,0.8467102996899759,0.4794793638075286,9.166027620171189,7.674278556730739,0.8092701934165358,0.6262624999944819,"[""y@t"", ""throughput_2@t"", ""throughput_2@t-1""]",3,20,8000.0,526,0.057046474503780004,4.608656365772116,6.818069976871217,,
"ar_order=2,level=True,other_lags=2",ar,2,66758,33201,0.8533176711544833,0.5421609150774279,10.26133549347788,6.130292553015622,33108,0.855261568201039,0.5241901510660337,9.857821217114285,5.713478733909834,93,0.16129032258064516,6.939752903133789,153.91241787891764,154.51601215467613,4870,0.0,2.908141917411149,27.048125170420516,21.224542885026178,28331,1.0,0.13545704012189452,7.375744948607928,3.5356436130949893,20321,0.764184833423552,0.7585486588794662,10.932651074866357,7.213807660481873,0.765320789938897,0.6262624999944819,"[""y@t"", ""throughput_2@t"", ""throughput_2@t-1""]",3,20,8000.0,526,0.057046474503780004,4.608656365772116,6.818069976871217,,
"ar_order=2,level=True,other_lags=2",persistence,2,66758,33201,0.8533176711544833,4.0529825256640475,9.509566073772406,4.60865636577212,33108,0.855261568201039,3.9992706653234746,9.100182964346997,4.184789174821801,93,0.16129032258064516,23.174404806907813,155.24995302921795,155.50537634408602,4870,0.0,27.63102111592854,28.511997960823937,22.3258726899384,28331,1.0,0.0,6.243114367516328,1.563128728248215,20321,0.764184833423552,6.515813847130043,10.760368641163039,6.818069976871217,0.765320789938897,0.6262624999944819,"[""y@t"", ""throughput_2@t"", ""throughput_2@t-1""]",3,20,8000.0,526,0.057046474503780004,4.608656365772116,6.818069976871217,,
"ar_order=2,level=True,other_lags=2",model,3,99959,33201,0.8900936718773531,0.38067825739197925,8.548612882394675,5.75086244979245,33108,0.8922314848375015,0.36331818090845325,8.128081504117423,5.322924454027395,93,0.12903225806451613,6.560865485527211,158.25778354909676,158.09678894215196,3981,0.13941220798794274,2.485734403040692,27.51315441961879,26.716473515683738,29220,0.9923682409308693,0.09388056691191339,5.964840128811883,2.894459381575023,19992,0.8241796718687475,0.5557260090639291,8.989777986802416,7.36046827538505,0.7245460007843172,0.8849464160011848,"[""y@t"", ""data_quality_1@t+h"", ""level_throughput_3@t"", ""data_quality_1@t""]",4,20,40000.0,954,0.07867232914671245,4.94388723231228,7.444927971188475,,
"ar_order=2,level=True,other_lags=2",ar,3,99959,33201,0.8800939730731002,0.45797957704839704,9.28722842601863,5.802470914890759,33108,0.8822036969916637,0.44002564049123927,8.85115513096727,5.357819955408951,93,0.12903225806451613,6.849580991396546,164.52932146430308,164.09821249041468,3981,0.0,2.861720316759939,32.36884332134319,27.81317804559679,29220,1.0,0.1304884105599764,6.142536129704903,2.803681555296622,19992,0.804921968787515,0.6481891135367004,10.321836834743578,7.451671382987646,0.7133930791134014,0.8849464160011848,"[""y@t"", ""data_quality_1@t+h"", ""level_throughput_3@t"", ""data_quality_1@t""]",4,20,40000.0,954,0.07867232914671245,4.94388723231228,7.444927971188475,,
"ar_order=2,level=True,other_lags=2",persistence,3,99959,33201,0.8800939730731002,3.313125961944265,9.373593408642652,4.943887232312285,33108,0.8822036969916637,3.2548321358016596,8.936359646175632,4.495559985501998,93,0.12903225806451613,24.06572806871196,165.0288128469024,164.5483870967742,3981,0.0,27.631021115928544,34.83492889718861,30.203466465712133,29220,1.0,0.0,5.9046825058397285,1.5024640657084247,19992,0.804921968787515,5.390205199685941,10.72821257860503,7.444927971188475,0.7133930791134014,0.8849464160011848,"[""y@t"", ""data_quality_1@t+h"", ""level_throughput_3@t"", ""data_quality_1@t""]",4,20,40000.0,954,0.07867232914671245,4.94388723231228,7.444927971188475,,
"ar_order=2,level=True,other_lags=2",model,4,133160,33558,0.9125096847249539,0.3132078525349761,8.271956449520227,5.827748099058134,33464,0.9144154912742051,0.2942974362376454,7.897540782847983,5.4487232169638755,94,0.23404255319148937,7.045316054384693,141.56393378483872,140.7606061246144,4795,0.49113660062565173,1.8659288786549113,25.01227947427071,26.867982531271412,28763,0.9827556235441366,0.054358034357279414,5.481223601636538,2.320188939635867,18970,0.855983131259884,0.4899752076801898,9.494907743372853,8.692431680914659,0.8824777781536591,1.2889460000005784,"[""y@t"", ""throughput_2@t"", ""throughput_2@t-1"", ""level_throughput_3@t""]",4,20,160000.0,1616,0.06469396269145956,5.052863698670958,8.242224565102793,,
"ar_order=2,level=True,other_lags=2",ar,4,133160,33558,0.8571130579891532,0.538099604682822,9.510040671451186,6.077569935595533,33464,0.8588931388955295,0.5228619624646225,9.139417814143428,5.701058293949673,94,0.22340425531914893,5.96270023436185,141.4517778730127,140.11571436152144,4795,0.0,2.9389656115895284,31.132247659790067,25.183190965600055,28763,1.0,0.13785788778550054,5.905462480404184,2.8925248137768196,18970,0.7510806536636795,0.8192545513751086,11.396590774343078,8.209656210863855,0.8331044631028387,1.2889460000005784,"[""y@t"", ""throughput_2@t"", ""throughput_2@t-1"", ""level_throughput_3@t""]",4,20,160000.0,1616,0.06469396269145956,5.052863698670958,8.242224565102793,,
"ar_order=2,level=True,other_lags=2",persistence,4,133160,33558,0.8571130579891532,3.9481121118921685,9.341591152950988,5.052863698670964,33464,0.8588931388955295,3.8989266587800198,8.969021453097389,4.6723344489600835,94,0.22340425531914893,21.45813341981685,141.976404300833,140.5212765957447,4795,0.0,27.631021115928547,33.23950694523515,27.01438998957247,28763,1.0,0.0,5.3576358553811065,1.3917185272746313,18970,0.7510806536636795,6.877895714782003,11.610501678806116,8.242224565102793,0.8331044631028387,1.2889460000005784,"[""y@t"", ""throughput_2@t"", ""throughput_2@t-1"", ""level_throughput_3@t""]",4,20,160000.0,1616,0.06469396269145956,5.052863698670958,8.242224565102793,,
"ar_order=2,level=True,other_lags=2",model,5,166718,33201,0.9378331977952471,0.2248086966223249,8.455937736439441,5.472707979954379,33108,0.9397728645644557,0.20541512127417444,8.082980699265118,5.089023963496771,93,0.24731182795698925,7.128921520563891,141.22864297049892,142.0642178388627,3654,0.6447728516694033,1.5355790648778433,27.53055796549325,31.85758354762188,29547,0.9740752022201915,0.06270916280820962,6.097029477835773,2.209759615509358,18178,0.9062603146660799,0.3337370250405424,9.47880324799004,8.170342449350937,0.8273171083971904,1.640487791999476,"[""y@t"", ""throughput_2@t"", ""throughput_2@t-1"", ""buffer_size_3@t""]",4,20,160000.0,1862,0.04876359145808861,4.627330502093311,7.7230718450874685,,
"ar_order=2,level=True,other_lags=2",ar,5,166718,33201,0.889943074003795,0.45556155304865315,9.892676142400664,5.976333186936724,33108,0.8917482179533648,0.4413446571379285,9.52711834076662,5.597362187118697,93,0.24731182795698925,5.516776497266618,140.03125352411914,140.89000912215428,3654,0.0,3.051038453774511,36.56034546345899,31.293184279757224,29547,1.0,0.1345857316369266,6.594755416129057,2.8454646082936765,18178,0.802838596105182,0.7007271872030886,11.744923189437491,8.15741009347683,0.7670290749812423,1.640487791999476,"[""y@t"", ""throughput_2@t"", ""throughput_2@t-1"", ""buffer_size_3@t""]",4,20,160000.0,1862,0.04876359145808861,4.627330502093311,7.7230718450874685,,
"ar_order=2,level=True,other_lags=2",persistence,5,166718,33201,0.889943074003795,3.0409852461553237,9.44115106386959,4.627330502093316,33108,0.8917482179533648,2.9911072755674737,9.069772937424974,4.240364866497528,93,0.24731182795698925,20.797542775430088,141.6517640781532,142.38709677419354,3654,0.0,27.631021115928547,38.26535954946101,32.33771209633279,29547,1.0,0.0,5.87653679486255,1.2004602836159401,18178,0.802838596105182,5.44777091426383,11.612693711794495,7.7230718450874685,0.7670290749812423,1.640487791999476,"[""y@t"", ""throughput_2@t"", ""throughput_2@t-1"", ""buffer_size_3@t""]",4,20,160000.0,1862,0.04876359145808861,4.627330502093311,7.7230718450874685,,
"ar_order=2,forced=('y@t', 'level_throughput_3@t'),level=True,other_lags=2",model,1,33200,33558,0.8759163239763991,0.41680663268103063,9.72011842157279,6.525115083588661,33464,0.8778986373416209,0.3938556324912013,9.321295464117254,6.116418086097694,94,0.1702127659574468,8.587362700260245,151.7010912757438,152.02124619037284,4381,0.4261584113216161,2.521971453322626,27.972982272695337,28.848179299327573,29177,0.9434486067793125,0.10071083533274844,6.979404964679762,3.173250795651171,19299,0.8434633918855899,0.6007623863552576,10.73347462174204,8.590090668881551,0.7203818425243751,0.21584654100297485,"[""y@t"", ""level_throughput_3@t"", ""throughput_2@t"", ""throughput_2@t-1""]",4,20,160000.0,588,0.1219977352643185,4.986888372370225,7.9259028965231355,,
"ar_order=2,forced=('y@t', 'level_throughput_3@t'),level=True,other_lags=2",ar,1,33200,33558,0.8479051194946063,0.5873854569555976,10.530039868016596,6.378462004126458,33464,0.8498087497011714,0.5704202818279933,10.133059997284537,5.969205359771669,94,0.1702127659574468,6.62698780238272,151.85487384862944,152.07382739443122,4381,0.05820588906642319,3.466579123159004,31.894914064656206,26.985031377355455,29177,0.9664804469273743,0.15506727991076355,7.322050223588516,3.28433373788537,19299,0.7816985336027773,0.8497846832644308,11.889738104344254,7.934815242101224,0.6846330982901161,0.21584654100297485,"[""y@t"", ""level_throughput_3@t"", ""throughput_2@t"", ""throughput_2@t-1""]",4,20,160000.0,588,0.1219977352643185,4.986888372370225,7.9259028965231355,,
"ar_order=2,forced=('y@t', 'level_throughput_3@t'),level=True,other_lags=2",persistence,1,33200,33558,0.8694499076226235,3.607232359165712,9.999003984825238,4.98688837237023,33464,0.8713841740377719,3.5537866030049146,9.597365235822318,4.570941907721736,94,0.18085106382978725,22.63392155240955,152.9823986298647,153.06382978723406,4381,0.0,27.63102111592855,34.103755315723284,28.69139465875371,29177,1.0,0.0,6.3796148913384405,1.4275970798917015,19299,0.7769832633815223,6.1621801587106315,11.808682343600474,7.9259028965231355,0.7291569012797388,0.21584654100297485,"[""y@t"", ""level_throughput_3@t"", ""throughput_2@t"", ""throughput_2@t-1""]",4,20,160000.0,588,0.1219977352643185,4.986888372370225,7.9259028965231355,,
"ar_order=2,forced=('y@t', 'level_throughput_3@t'),level=True,other_lags=2",model,2,66758,33201,0.8881660190958104,0.35238428506338487,8.852660363736716,5.760879454739558,33108,0.8901776005799202,0.32923806522415555,8.442555723126775,5.341260276922444,93,0.17204301075268819,8.592438547829017,154.8499124208758,155.1453067576322,4870,0.44353182751540043,1.8882177233905306,21.30495644076945,23.257178067179762,28331,0.9645970844657795,0.08837987841860703,6.712154137512814,2.753326800665089,20321,0.8377048373603662,0.4903095461018824,9.258795879380424,7.670072688840676,0.7996611346186333,0.45625862500310177,"[""y@t"", ""level_throughput_3@t"", ""throughput_2@t"", ""throughput_2@t-1""]",4,20,160000.0,1011,0.08002771000873468,4.608656365772116,6.818069976871217,,
"ar_order=2,forced=('y@t', 'level_throughput_3@t'),level=True,other_lags=2",ar,2,66758,33201,0.8533176711544833,0.5421609150774279,10.26133549347788,6.130292553015622,33108,0.855261568201039,0.5241901510660337,9.857821217114285,5.713478733909834,93,0.16129032258064516,6.939752903133789,153.91241787891764,154.51601215467613,4870,0.0,2.908141917411149,27.048125170420516,21.224542885026178,28331,1.0,0.13545704012189452,7.375744948607928,3.5356436130949893,20321,0.764184833423552,0.7585486588794662,10.932651074866357,7.213807660481873,0.765320789938897,0.45625862500310177,"[""y@t"", ""level_throughput_3@t"", ""throughput_2@t"", ""throughput_2@t-1""]",4,20,160000.0,1011,0.08002771000873468,4.608656365772116,6.818069976871217,,
"ar_order=2,forced=('y@t', 'level_throughput_3@t'),level=True,other_lags=2",persistence,2,66758,33201,0.8533176711544833,4.0529825256640475,9.509566073772406,4.60865636577212,33108,0.855261568201039,3.9992706653234746,9.100182964346997,4.184789174821801,93,0.16129032258064516,23.174404806907813,155.24995302921795,155.50537634408602,4870,0.0,27.63102111592854,28.511997960823937,22.3258726899384,28331,1.0,0.0,6.243114367516328,1.563128728248215,20321,0.764184833423552,6.515813847130043,10.760368641163039,6.818069976871217,0.765320789938897,0.45625862500310177,"[""y@t"", ""level_throughput_3@t"", ""throughput_2@t"", ""throughput_2@t-1""]",4,20,160000.0,1011,0.08002771000873468,4.608656365772116,6.818069976871217,,
"ar_order=2,forced=('y@t', 'level_throughput_3@t'),level=True,other_lags=2",model,3,99959,33201,0.8900936718773531,0.38067825739197925,8.548612882394675,5.75086244979245,33108,0.8922314848375015,0.36331818090845325,8.128081504117423,5.322924454027395,93,0.12903225806451613,6.560865485527211,158.25778354909676,158.09678894215196,3981,0.13941220798794274,2.485734403040692,27.51315441961879,26.716473515683738,29220,0.9923682409308693,0.09388056691191339,5.964840128811883,2.894459381575023,19992,0.8241796718687475,0.5557260090639291,8.989777986802416,7.36046827538505,0.7245460007843172,0.6381892079953104,"[""y@t"", ""level_throughput_3@t"", ""data_quality_1@t+h"", ""data_quality_1@t""]",4,20,40000.0,954,0.07867232914671245,4.94388723231228,7.444927971188475,,
"ar_order=2,forced=('y@t', 'level_throughput_3@t'),level=True,other_lags=2",ar,3,99959,33201,0.8800939730731002,0.45797957704839704,9.28722842601863,5.802470914890759,33108,0.8822036969916637,0.44002564049123927,8.85115513096727,5.357819955408951,93,0.12903225806451613,6.849580991396546,164.52932146430308,164.09821249041468,3981,0.0,2.861720316759939,32.36884332134319,27.81317804559679,29220,1.0,0.1304884105599764,6.142536129704903,2.803681555296622,19992,0.804921968787515,0.6481891135367004,10.321836834743578,7.451671382987646,0.7133930791134014,0.6381892079953104,"[""y@t"", ""level_throughput_3@t"", ""data_quality_1@t+h"", ""data_quality_1@t""]",4,20,40000.0,954,0.07867232914671245,4.94388723231228,7.444927971188475,,
"ar_order=2,forced=('y@t', 'level_throughput_3@t'),level=True,other_lags=2",persistence,3,99959,33201,0.8800939730731002,3.313125961944265,9.373593408642652,4.943887232312285,33108,0.8822036969916637,3.2548321358016596,8.936359646175632,4.495559985501998,93,0.12903225806451613,24.06572806871196,165.0288128469024,164.5483870967742,3981,0.0,27.631021115928544,34.83492889718861,30.203466465712133,29220,1.0,0.0,5.9046825058397285,1.5024640657084247,19992,0.804921968787515,5.390205199685941,10.72821257860503,7.444927971188475,0.7133930791134014,0.6381892079953104,"[""y@t"", ""level_throughput_3@t"", ""data_quality_1@t+h"", ""data_quality_1@t""]",4,20,40000.0,954,0.07867232914671245,4.94388723231228,7.444927971188475,,
"ar_order=2,forced=('y@t', 'level_throughput_3@t'),level=True,other_lags=2",model,4,133160,33558,0.9125096847249539,0.3132078525349761,8.271956449520227,5.827748099058134,33464,0.9144154912742051,0.2942974362376454,7.897540782847983,5.4487232169638755,94,0.23404255319148937,7.045316054384693,141.56393378483872,140.7606061246144,4795,0.49113660062565173,1.8659288786549113,25.01227947427071,26.867982531271412,28763,0.9827556235441366,0.054358034357279414,5.481223601636538,2.320188939635867,18970,0.855983131259884,0.4899752076801898,9.494907743372853,8.692431680914659,0.8824777781536591,0.86314037500415,"[""y@t"", ""level_throughput_3@t"", ""throughput_2@t"", ""throughput_2@t-1""]",4,20,160000.0,1616,0.06469396269145956,5.052863698670958,8.242224565102793,,
"ar_order=2,forced=('y@t', 'level_throughput_3@t'),level=True,other_lags=2",ar,4,133160,33558,0.8571130579891532,0.538099604682822,9.510040671451186,6.077569935595533,33464,0.8588931388955295,0.5228619624646225,9.139417814143428,5.701058293949673,94,0.22340425531914893,5.96270023436185,141.4517778730127,140.11571436152144,4795,0.0,2.9389656115895284,31.132247659790067,25.183190965600055,28763,1.0,0.13785788778550054,5.905462480404184,2.8925248137768196,18970,0.7510806536636795,0.8192545513751086,11.396590774343078,8.209656210863855,0.8331044631028387,0.86314037500415,"[""y@t"", ""level_throughput_3@t"", ""throughput_2@t"", ""throughput_2@t-1""]",4,20,160000.0,1616,0.06469396269145956,5.052863698670958,8.242224565102793,,
"ar_order=2,forced=('y@t', 'level_throughput_3@t'),level=True,other_lags=2",persistence,4,133160,33558,0.8571130579891532,3.9481121118921685,9.341591152950988,5.052863698670964,33464,0.8588931388955295,3.8989266587800198,8.969021453097389,4.6723344489600835,94,0.22340425531914893,21.45813341981685,141.976404300833,140.5212765957447,4795,0.0,27.631021115928547,33.23950694523515,27.01438998957247,28763,1.0,0.0,5.3576358553811065,1.3917185272746313,18970,0.7510806536636795,6.877895714782003,11.610501678806116,8.242224565102793,0.8331044631028387,0.86314037500415,"[""y@t"", ""level_throughput_3@t"", ""throughput_2@t"", ""throughput_2@t-1""]",4,20,160000.0,1616,0.06469396269145956,5.052863698670958,8.242224565102793,,
"ar_order=2,forced=('y@t', 'level_throughput_3@t'),level=True,other_lags=2",model,5,166718,33201,0.9347610011746634,0.23696173503029222,8.515436628487437,5.604061883316844,33108,0.9366618339978253,0.21824085053499745,8.143141418056084,5.221167665130517,93,0.25806451612903225,6.901596615355239,141.052531542049,141.91440355764934,3654,0.6379310344827587,1.5657561425066047,27.593366647262233,32.439042495225955,29547,0.971469184688801,0.07263321555560968,6.156119056869231,2.285450208496527,18178,0.9014743096050171,0.34864463049573113,9.627695462017236,8.357313895209899,0.8237046162302057,1.0615045829981682,"[""y@t"", ""level_throughput_3@t"", ""throughput_2@t"", ""throughput_2@t-1""]",4,20,160000.0,1882,0.01002981837896449,4.627330502093311,7.7230718450874685,,
"ar_order=2,forced=('y@t', 'level_throughput_3@t'),level=True,other_lags=2",ar,5,166718,33201,0.889943074003795,0.45556155304865315,9.892676142400664,5.976333186936724,33108,0.8917482179533648,0.4413446571379285,9.52711834076662,5.597362187118697,93,0.24731182795698925,5.516776497266618,140.03125352411914,140.89000912215428,3654,0.0,3.051038453774511,36.56034546345899,31.293184279757224,29547,1.0,0.1345857316369266,6.594755416129057,2.8454646082936765,18178,0.802838596105182,0.7007271872030886,11.744923189437491,8.15741009347683,0.7670290749812423,1.0615045829981682,"[""y@t"", ""level_throughput_3@t"", ""throughput_2@t"", ""throughput_2@t-1""]",4,20,160000.0,1882,0.01002981837896449,4.627330502093311,7.7230718450874685,,
"ar_order=2,forced=('y@t', 'level_throughput_3@t'),level=True,other_lags=2",persistence,5,166718,33201,0.889943074003795,3.0409852461553237,9.44115106386959,4.627330502093316,33108,0.8917482179533648,2.9911072755674737,9.069772937424974,4.240364866497528,93,0.24731182795698925,20.797542775430088,141.6517640781532,142.38709677419354,3654,0.0,27.631021115928547,38.26535954946101,32.33771209633279,29547,1.0,0.0,5.87653679486255,1.2004602836159401,18178,0.802838596105182,5.44777091426383,11.612693711794495,7.7230718450874685,0.7670290749812423,1.0615045829981682,"[""y@t"", ""level_throughput_3@t"", ""throughput_2@t"", ""throughput_2@t-1""]",4,20,160000.0,1882,0.01002981837896449,4.627330502093311,7.7230718450874685,,
"ar_order=2,horizon=5,other_lags=2",model,1,32828,33182,0.8438309927068893,0.603300066145835,10.875135025885045,7.781812874894273,33088,0.8457446808510638,0.58359454023271,10.477350282054102,7.374437034602006,94,0.1702127659574468,7.539645187565845,150.8953648543768,151.1781086577722,4882,0.19233920524375256,3.305232097581674,32.7189802424271,31.75522142090569,28300,0.9562190812720848,0.13719292206563116,7.106878759201006,3.646188121479865,19582,0.7844959656827699,0.8815607610806246,12.398361773302234,9.982313573025909,0.6693805475354593,0.2575155829981668,"[""y@t"", ""y@t-1"", ""throughput_2@t"", ""throughput_2@t-1""]",4,20,160000.0,539,0.11539388825266711,6.218130311614731,9.801960984577674,,
"ar_order=2,horizon=5,other_lags=2",ar,1,32828,33182,0.8323187270206739,0.6754027342243268,11.758153047390959,7.866483178605508,33088,0.8341997098646035,0.6596126811126396,11.360968459285555,7.457518671910515,94,0.1702127659574468,6.233501429538287,151.56712806049254,151.8219895352437,4882,0.053461696026218766,3.5912245205752775,35.76328398675938,31.618496036863487,28300,0.9666784452296819,0.1723977179357989,7.6170559008893095,3.7690511371208655,19582,0.7600857930752732,0.965267954575635,13.472703594495526,9.725783464467716,0.6615209058180864,0.2575155829981668,"[""y@t"", ""y@t-1"", ""throughput_2@t"", ""throughput_2@t-1""]",4,20,160000.0,539,0.11539388825266711,6.218130311614731,9.801960984577674,,
"ar_order=2,horizon=5,other_lags=2",persistence,1,32828,33182,0.8528720390573202,4.0652957955506945,11.031066202766771,6.21813031161474,33088,0.8547811895551257,4.012544017832346,10.627791444039358,5.800955029013548,94,0.18085106382978725,22.63392155240955,152.9837812748163,153.06382978723406,4882,0.0,27.631021115928544,38.068312487690484,33.46825071691929,28300,1.0,0.0,6.366902373685586,1.5172438162544282,19582,0.7546215912572771,6.780055993363123,13.42676873130178,9.801960984577674,0.7044971463440193,0.2575155829981668,"[""y@t"", ""y@t-1"", ""throughput_2@t"", ""throughput_2@t-1""]",4,20,160000.0,539,0.11539388825266711,6.218130311614731,9.801960984577674,,
"ar_order=2,horizon=5,other_lags=2",model,2,66010,32829,0.849370982972372,0.5083936945163459,10.140348719123105,7.889083530876003,32736,0.8513257575757576,0.4918005861849795,9.742938247748302,7.483996986724368,93,0.16129032258064516,6.349167827157336,150.02883464305384,150.47954707225173,5353,0.23089856155426863,2.3641183218543933,29.515591122828248,28.42358898078886,27476,0.9698646091134081,0.14685293421133172,6.365575368306625,3.888457250726655,20458,0.777006550004888,0.7109296892641568,11.368302028773911,9.915170936860846,0.7401893908359278,0.42766995900456095,"[""y@t"", ""data_quality_1@t+h"", ""throughput_2@t"", ""data_quality_1@t""]",4,20,40000.0,606,0.20777361479179993,6.289682902311981,9.38615700459478,,
"ar_order=2,horizon=5,other_lags=2",ar,2,66010,32829,0.8369429467848548,0.6181080698664893,12.034329821516481,7.970782728630211,32736,0.8388624144672532,0.6010814100801832,11.631489057254397,7.554661396501522,93,0.16129032258064516,6.611492314646222,153.83427884177064,154.44549163792882,5353,0.0,3.019139406310911,33.967163108986504,28.77749855222059,27476,1.0,0.15032816216569614,7.761274915859654,3.9171231783434406,20458,0.7421546583243719,0.8576915558341425,13.195841516843629,9.61907879476609,0.7386062903809603,0.42766995900456095,"[""y@t"", ""data_quality_1@t+h"", ""throughput_2@t"", ""data_quality_1@t""]",4,20,40000.0,606,0.20777361479179993,6.289682902311981,9.38615700459478,,
"ar_order=2,horizon=5,other_lags=2",persistence,2,66010,32829,0.8369429467848548,4.50543288048876,11.056911130477843,6.289682902311986,32736,0.8388624144672532,4.45239602842507,10.647268789364356,5.865774682306945,93,0.16129032258064516,23.174404806907813,155.25101520242472,155.50537634408602,5353,0.0,27.63102111592855,35.69794111513459,30.265458621333842,27476,1.0,0.0,6.256232956512652,1.618612607366434,20458,0.7421546583243719,7.124530080483091,13.159580998109963,9.386157004594782,0.7386062903809603,0.42766995900456095,"[""y@t"", ""data_quality_1@t+h"", ""throughput_2@t"", ""data_quality_1@t""]",4,20,40000.0,606,0.20777361479179993,6.289682902311981,9.38615700459478,,
"ar_order=2,horizon=5,other_lags=2",model,3,98839,32829,0.8664290718571994,0.455127465092581,13.736320933114996,11.107518276106628,32736,0.8684628543499511,0.4371046871125416,13.31933591148447,10.683873030970567,93,0.15053763440860216,6.799145314066458,160.5150485470597,160.2306445639996,4533,0.17913081844253254,2.467456370868574,32.845008485524005,31.675755795108092,28296,0.976533785694091,0.13275373983520977,10.675122153249642,7.8125005819578535,20132,0.8004172461752433,0.629916460414568,12.265907716624941,10.612876662271843,0.6826222209586413,0.5716030409967061,"[""y@t"", ""data_quality_1@t+h"", ""y@t-1"", ""buffer_size_3@t""]",4,20,80000.0,1246,0.14788753845685218,6.239300618355722,9.414216173256508,,
"ar_order=2,horizon=5,other_lags=2",ar,3,98839,32829,0.8619208626519236,0.520753945537436,10.838435985447378,7.7069694712976835,32736,0.8640029325513197,0.5037558660774838,10.40238831466866,7.263202535884871,93,0.12903225806451613,6.504077915440664,164.32721609955627,163.91293073660768,4533,0.0,2.858803331980083,37.136534586126466,32.96477971926938,28296,1.0,0.146200020292012,6.625498433960301,3.6606854080358895,20132,0.7788595271210014,0.7286090000707109,12.191843824406215,9.3303136590949,0.6912692798230975,0.5716030409967061,"[""y@t"", ""data_quality_1@t+h"", ""y@t-1"", ""buffer_size_3@t""]",4,20,80000.0,1246,0.14788753845685218,6.239300618355722,9.414216173256508,,
"ar_order=2,horizon=5,other_lags=2",persistence,3,98839,32829,0.8619208626519236,3.815267559733897,10.576158670317131,6.239300618355731,32736,0.8640029325513197,3.757737842378846,10.13736205652198,5.789558895405679,93,0.12903225806451613,24.06572806871196,165.03256672621083,164.5483870967742,4533,0.0,27.631021115928547,39.76959231884426,35.647474078976394,28296,1.0,0.0,5.899390408768734,1.528131184619744,20132,0.7788595271210014,6.110337075706035,12.614961410748313,9.414216173256508,0.6912692798230975,0.5716030409967061,"[""y@t"", ""data_quality_1@t+h"", ""y@t-1"", ""buffer_size_3@t""]",4,20,80000.0,1246,0.14788753845685218,6.239300618355722,9.414216173256508,,
"ar_order=2,horizon=5,other_lags=2",model,4,131668,33182,0.8588692664697728,0.43942828335134987,9.598422753086755,7.758998505971757,33088,0.8606745647969052,0.42584126753916296,9.25197529840155,7.409556580608451,94,0.22340425531914893,5.222057849241125,131.54792680227848,130.7625562338553,5075,0.2575369458128079,2.1310640075252913,28.493130766622098,28.992025443219312,28107,0.9674458319991461,0.13398653217965759,6.186794220383445,3.9251631017474957,18936,0.7717574989438107,0.6702750114985974,10.7095438338912,10.199818224707712,0.8280570223627862,1.1272779170030844,"[""y@t"", ""y@t-1"", ""data_quality_2@t+h"", ""data_quality_2@t""]",4,20,40000.0,797,0.0321559881863661,6.158188174311373,10.093578369243769,,
"ar_order=2,horizon=5,other_lags=2",ar,4,131668,33182,0.8470556325718763,0.5950378718568559,11.059072326141685,7.8026508411138416,33088,0.8488273694390716,0.5806290191683162,10.688793323997727,7.426950650072841,94,0.22340425531914893,5.666954018222798,141.3972810808145,140.04911808754625,5075,0.0,3.0114764117979083,35.653291862410384,30.2624286152105,28107,1.0,0.1587257222072724,6.618339976671317,3.7473133022964467,18936,0.7358470637938318,0.8934645227481908,13.053013174582404,10.00138865059974,0.815878641698317,1.1272779170030844,"[""y@t"", ""y@t-1"", ""data_quality_2@t+h"", ""data_quality_2@t""]",4,20,40000.0,797,0.0321559881863661,6.158188174311373,10.093578369243769,,
"ar_order=2,horizon=5,other_lags=2",persistence,4,131668,33182,0.8470556325718763,4.226009045968819,10.354217148481869,6.158188174311386,33088,0.8488273694390716,4.177054147179479,9.980280438773901,5.776474854932314,94,0.22340425531914893,21.45813341981685,141.9799389656867,140.5212765957447,5075,0.0,27.631021115928544,38.00219418517967,32.3871921182266,28107,1.0,0.0,5.362098336042216,1.422279147543332,18936,0.7358470637938318,7.298815358147159,13.306085953518545,10.093578369243769,0.815878641698317,1.1272779170030844,"[""y@t"", ""y@t-1"", ""data_quality_2@t+h"", ""data_quality_2@t""]",4,20,40000.0,797,0.0321559881863661,6.158188174311373,10.093578369243769,,
"ar_order=2,horizon=5,other_lags=2",model,5,164850,32829,0.8883913612964147,0.4232933475325709,10.112999540847111,7.473698820201596,32736,0.8902126099706745,0.4101554753674508,9.75669946793506,7.106010052779659,93,0.24731182795698925,5.04782434965487,135.53062520588867,136.90014495272337,3928,0.25,2.624148683551612,37.842009449522344,37.787705946162745,28901,0.975156568976852,0.12417014211120861,6.344287353681397,3.353653839378255,18218,0.8195191568778132,0.6521212484833399,11.76988911617174,10.22700839715657,0.7618362346143023,1.443055749994528,"[""y@t"", ""y@t-1"", ""data_quality_2@t"", ""data_quality_2@t+h""]",4,20,40000.0,893,0.015961497456517103,6.035030003959913,10.14831485344165,,
"ar_order=2,horizon=5,other_lags=2",ar,5,164850,32829,0.880349690822139,0.504828245842566,11.344614726902234,7.5726815279690864,32736,0.8821480938416423,0.49091337855700945,10.97892084772465,7.193669721550349,93,0.24731182795698925,5.40286153035847,140.0688601974127,140.98483738736422,3928,0.0,3.1011515536615857,43.95925811197052,39.46734363311942,28901,1.0,0.1519560977122899,6.911885090676908,3.237806169018512,18218,0.7882314194752442,0.7670382846855788,13.793090805306793,10.384438056455696,0.7607926345402475,1.443055749994528,"[""y@t"", ""y@t-1"", ""data_quality_2@t"", ""data_quality_2@t+h""]",4,20,40000.0,893,0.015961497456517103,6.035030003959913,10.14831485344165,,
"ar_order=2,horizon=5,other_lags=2",persistence,5,164850,32829,0.880349690822139,3.3060602194208575,10.711193217035358,6.035030003959918,32736,0.8821480938416423,3.256368507614013,10.339192763928484,5.6476661779081185,93,0.24731182795698925,20.797542775430088,141.6553527106554,142.38709677419354,3928,0.0,27.631021115928547,46.214965954426596,41.36303462321792,28901,1.0,0.0,5.885795503721882,1.2335213314418245,18218,0.7882314194752442,5.851382120169741,13.789011299969845,10.14831485344165,0.7607926345402475,1.443055749994528,"[""y@t"", ""y@t-1"", ""data_quality_2@t"", ""data_quality_2@t+h""]",4,20,40000.0,893,0.015961497456517103,6.035030003959913,10.14831485344165,,
"ar_order=2,horizon=5,level=True,other_lags=2",model,1,32828,33182,0.8477186426375746,0.5793783987768986,10.786415005435499,7.960814682314799,33088,0.8496433752417795,0.559770328547316,10.387622995911105,7.553023786058757,94,0.1702127659574468,7.481419119589987,151.16120235802245,151.50321016444155,4882,0.21446128635804998,3.1466700443085194,32.28108984338391,31.850297070067697,28300,0.9569611307420495,0.1364979106678748,7.078393713602843,3.8396679325971443,19582,0.7917985905423348,0.8386941010241137,12.212377901906573,10.147618967040307,0.6742767365872387,0.27703625000140164,"[""y@t"", ""level_throughput_3@t"", ""throughput_2@t"", ""y@t-1""]",4,20,160000.0,605,0.10843228256283527,6.218130311614731,9.801960984577674,,
"ar_order=2,horizon=5,level=True,other_lags=2",ar,1,32828,33182,0.8323187270206739,0.6754027342243268,11.758153047390959,7.866483178605508,33088,0.8341997098646035,0.6596126811126396,11.360968459285555,7.457518671910515,94,0.1702127659574468,6.233501429538287,151.56712806049254,151.8219895352437,4882,0.053461696026218766,3.5912245205752775,35.76328398675938,31.618496036863487,28300,0.9666784452296819,0.1723977179357989,7.6170559008893095,3.7690511371208655,19582,0.7600857930752732,0.965267954575635,13.472703594495526,9.725783464467716,0.6615209058180864,0.27703625000140164,"[""y@t"", ""level_throughput_3@t"", ""throughput_2@t"", ""y@t-1""]",4,20,160000.0,605,0.10843228256283527,6.218130311614731,9.801960984577674,,
"ar_order=2,horizon=5,level=True,other_lags=2",persistence,1,32828,33182,0.8528720390573202,4.0652957955506945,11.031066202766771,6.21813031161474,33088,0.8547811895551257,4.012544017832346,10.627791444039358,5.800955029013548,94,0.18085106382978725,22.63392155240955,152.9837812748163,153.06382978723406,4882,0.0,27.631021115928544,38.068312487690484,33.46825071691929,28300,1.0,0.0,6.366902373685586,1.5172438162544282,19582,0.7546215912572771,6.780055993363123,13.42676873130178,9.801960984577674,0.7044971463440193,0.27703625000140164,"[""y@t"", ""level_throughput_3@t"", ""throughput_2@t"", ""y@t-1""]",4,20,160000.0,605,0.10843228256283527,6.218130311614731,9.801960984577674,,
"ar_order=2,horizon=5,level=True,other_lags=2",model,2,66010,32829,0.849370982972372,0.5083936945163459,10.140348719123105,7.889083530876003,32736,0.8513257575757576,0.4918005861849795,9.742938247748302,7.483996986724368,93,0.16129032258064516,6.349167827157336,150.02883464305384,150.47954707225173,5353,0.23089856155426863,2.3641183218543933,29.515591122828248,28.42358898078886,27476,0.9698646091134081,0.14685293421133172,6.365575368306625,3.888457250726655,20458,0.777006550004888,0.7109296892641568,11.368302028773911,9.915170936860846,0.7401893908359278,0.5061369169998216,"[""y@t"", ""data_quality_1@t+h"", ""throughput_2@t"", ""data_quality_1@t""]",4,20,40000.0,606,0.20777361479179993,6.289682902311981,9.38615700459478,,
"ar_order=2,horizon=5,level=True,other_lags=2",ar,2,66010,32829,0.8369429467848548,0.6181080698664893,12.034329821516481,7.970782728630211,32736,0.8388624144672532,0.6010814100801832,11.631489057254397,7.554661396501522,93,0.16129032258064516,6.611492314646222,153.83427884177064,154.44549163792882,5353,0.0,3.019139406310911,33.967163108986504,28.77749855222059,27476,1.0,0.15032816216569614,7.761274915859654,3.9171231783434406,20458,0.7421546583243719,0.8576915558341425,13.195841516843629,9.61907879476609,0.7386062903809603,0.5061369169998216,"[""y@t"", ""data_quality_1@t+h"", ""throughput_2@t"", ""data_quality_1@t""]",4,20,40000.0,606,0.20777361479179993,6.289682902311981,9.38615700459478,,
"ar_order=2,horizon=5,level=True,other_lags=2",persistence,2,66010,32829,0.8369429467848548,4.50543288048876,11.056911130477843,6.289682902311986,32736,0.8388624144672532,4.45239602842507,10.647268789364356,5.865774682306945,93,0.16129032258064516,23.174404806907813,155.25101520242472,155.50537634408602,5353,0.0,27.63102111592855,35.69794111513459,30.265458621333842,27476,1.0,0.0,6.256232956512652,1.618612607366434,20458,0.7421546583243719,7.124530080483091,13.159580998109963,9.386157004594782,0.7386062903809603,0.5061369169998216,"[""y@t"", ""data_quality_1@t+h"", ""throughput_2@t"", ""data_quality_1@t""]",4,20,40000.0,606,0.20777361479179993,6.289682902311981,9.38615700459478,,
"ar_order=2,horizon=5,level=True,other_lags=2",model,3,98839,32829,0.8729172378080355,0.433498312235477,11.157281002716665,8.81668531781962,32736,0.875,0.4170494517328945,10.740128698614567,8.393287352955952,93,0.13978494623655913,6.223497209144532,157.99489204665574,157.85276894983153,4533,0.2157511581733951,2.4522856136866658,32.184217153900704,31.64913265757613,28296,0.9781947978512864,0.1100899563732265,7.788780098938137,5.158942746745395,20132,0.8079177428968806,0.6207641664106435,11.134519226027583,9.656660531938495,0.7000783196377403,0.7503220830039936,"[""y@t"", ""data_quality_1@t+h"", ""level_throughput_3@t"", ""data_quality_1@t""]",4,20,40000.0,951,0.07871089585427518,6.239300618355722,9.414216173256508,,
"ar_order=2,horizon=5,level=True,other_lags=2",ar,3,98839,32829,0.8619208626519236,0.520753945537436,10.838435985447378,7.7069694712976835,32736,0.8640029325513197,0.5037558660774838,10.40238831466866,7.263202535884871,93,0.12903225806451613,6.504077915440664,164.32721609955627,163.91293073660768,4533,0.0,2.858803331980083,37.136534586126466,32.96477971926938,28296,1.0,0.146200020292012,6.625498433960301,3.6606854080358895,20132,0.7788595271210014,0.7286090000707109,12.191843824406215,9.3303136590949,0.6912692798230975,0.7503220830039936,"[""y@t"", ""data_quality_1@t+h"", ""level_throughput_3@t"", ""data_quality_1@t""]",4,20,40000.0,951,0.07871089585427518,6.239300618355722,9.414216173256508,,
"ar_order=2,horizon=5,level=True,other_lags=2",persistence,3,98839,32829,0.8619208626519236,3.815267559733897,10.576158670317131,6.239300618355731,32736,0.8640029325513197,3.757737842378846,10.13736205652198,5.789558895405679,93,0.12903225806451613,24.06572806871196,165.03256672621083,164.5483870967742,4533,0.0,27.631021115928547,39.76959231884426,35.647474078976394,28296,1.0,0.0,5.899390408768734,1.528131184619744,20132,0.7788595271210014,6.110337075706035,12.614961410748313,9.414216173256508,0.6912692798230975,0.7503220830039936,"[""y@t"", ""data_quality_1@t+h"", ""level_throughput_3@t"", ""data_quality_1@t""]",4,20,40000.0,951,0.07871089585427518,6.239300618355722,9.414216173256508,,
"ar_order=2,horizon=5,level=True,other_lags=2",model,4,131668,33182,0.8641432101741908,0.43148375033034875,9.544812614559131,8.056898307255823,33088,0.8658728239845261,0.4145505420967693,9.178012842788485,7.687204700280149,94,0.2553191489361702,6.391973048550319,138.65833227782645,138.18904796269354,5075,0.2932019704433498,2.107808584991036,28.638361461154574,29.910050775472516,28107,0.9672323620450421,0.12880653341274867,6.097281380472537,4.111093035394732,18936,0.7802070130967469,0.6491214900774751,10.589551488865501,10.499187014094526,0.8373795706346192,1.014034375002666,"[""y@t"", ""level_throughput_3@t"", ""data_quality_2@t+h"", ""y@t-1""]",4,20,80000.0,1584,0.021246458923512748,6.158188174311373,10.093578369243769,,
"ar_order=2,horizon=5,level=True,other_lags=2",ar,4,131668,33182,0.8470556325718763,0.5950378718568559,11.059072326141685,7.8026508411138416,33088,0.8488273694390716,0.5806290191683162,10.688793323997727,7.426950650072841,94,0.22340425531914893,5.666954018222798,141.3972810808145,140.04911808754625,5075,0.0,3.0114764117979083,35.653291862410384,30.2624286152105,28107,1.0,0.1587257222072724,6.618339976671317,3.7473133022964467,18936,0.7358470637938318,0.8934645227481908,13.053013174582404,10.00138865059974,0.815878641698317,1.014034375002666,"[""y@t"", ""level_throughput_3@t"", ""data_quality_2@t+h"", ""y@t-1""]",4,20,80000.0,1584,0.021246458923512748,6.158188174311373,10.093578369243769,,
"ar_order=2,horizon=5,level=True,other_lags=2",persistence,4,131668,33182,0.8470556325718763,4.226009045968819,10.354217148481869,6.158188174311386,33088,0.8488273694390716,4.177054147179479,9.980280438773901,5.776474854932314,94,0.22340425531914893,21.45813341981685,141.9799389656867,140.5212765957447,5075,0.0,27.631021115928544,38.00219418517967,32.3871921182266,28107,1.0,0.0,5.362098336042216,1.422279147543332,18936,0.7358470637938318,7.298815358147159,13.306085953518545,10.093578369243769,0.815878641698317,1.014034375002666,"[""y@t"", ""level_throughput_3@t"", ""data_quality_2@t+h"", ""y@t-1""]",4,20,80000.0,1584,0.021246458923512748,6.158188174311373,10.093578369243769,,
"ar_order=2,horizon=5,level=True,other_lags=2",model,5,164850,32829,0.8874166133601389,0.4298207493951134,10.06296409482543,7.423722939874196,32736,0.8892045454545454,0.4165066420755521,9.705991261570578,7.055341490498033,93,0.25806451612903225,5.11638652588068,135.71740140053387,137.09399312028398,3928,0.2660386965376782,2.68832161423952,37.3218532257015,36.864702050535115,28901,0.9718694854849314,0.12286281032349546,6.358147081362879,3.4223331628188665,18218,0.8176528707871336,0.6652058089024401,11.855851962023905,10.081974712002697,0.7641515611905658,1.270365666001453,"[""y@t"", ""level_throughput_3@t"", ""data_quality_2@t"", ""data_quality_2@t+h""]",4,20,40000.0,1144,0.027171098723689422,6.035030003959913,10.14831485344165,,
"ar_order=2,horizon=5,level=True,other_lags=2",ar,5,164850,32829,0.880349690822139,0.504828245842566,11.344614726902234,7.5726815279690864,32736,0.8821480938416423,0.49091337855700945,10.97892084772465,7.193669721550349,93,0.24731182795698925,5.40286153035847,140.0688601974127,140.98483738736422,3928,0.0,3.1011515536615857,43.95925811197052,39.46734363311942,28901,1.0,0.1519560977122899,6.911885090676908,3.237806169018512,18218,0.7882314194752442,0.7670382846855788,13.793090805306793,10.384438056455696,0.7607926345402475,1.270365666001453,"[""y@t"", ""level_throughput_3@t"", ""data_quality_2@t"", ""data_quality_2@t+h""]",4,20,40000.0,1144,0.027171098723689422,6.035030003959913,10.14831485344165,,
"ar_order=2,horizon=5,level=True,other_lags=2",persistence,5,164850,32829,0.880349690822139,3.3060602194208575,10.711193217035358,6.035030003959918,32736,0.8821480938416423,3.256368507614013,10.339192763928484,5.6476661779081185,93,0.24731182795698925,20.797542775430088,141.6553527106554,142.38709677419354,3928,0.0,27.631021115928547,46.214965954426596,41.36303462321792,28901,1.0,0.0,5.885795503721882,1.2335213314418245,18218,0.7882314194752442,5.851382120169741,13.789011299969845,10.14831485344165,0.7607926345402475,1.270365666001453,"[""y@t"", ""level_throughput_3@t"", ""data_quality_2@t"", ""data_quality_2@t+h""]",4,20,40000.0,1144,0.027171098723689422,6.035030003959913,10.14831485344165,,
"ar_order=2,forced=('y@t', 'level_throughput_3@t'),horizon=5,level=True,other_lags=2",model,1,32828,33182,0.8477186426375746,0.5793783987768986,10.786415005435499,7.960814682314799,33088,0.8496433752417795,0.559770328547316,10.387622995911105,7.553023786058757,94,0.1702127659574468,7.481419119589987,151.16120235802245,151.50321016444155,4882,0.21446128635804998,3.1466700443085194,32.28108984338391,31.850297070067697,28300,0.9569611307420495,0.1364979106678748,7.078393713602843,3.8396679325971443,19582,0.7917985905423348,0.8386941010241137,12.212377901906573,10.147618967040307,0.6742767365872387,0.1709102079985314,"[""y@t"", ""level_throughput_3@t"", ""throughput_2@t"", ""y@t-1""]",4,20,160000.0,605,0.10843228256283527,6.218130311614731,9.801960984577674,,
"ar_order=2,forced=('y@t', 'level_throughput_3@t'),horizon=5,level=True,other_lags=2",ar,1,32828,33182,0.8323187270206739,0.6754027342243268,11.758153047390959,7.866483178605508,33088,0.8341997098646035,0.6596126811126396,11.360968459285555,7.457518671910515,94,0.1702127659574468,6.233501429538287,151.56712806049254,151.8219895352437,4882,0.053461696026218766,3.5912245205752775,35.76328398675938,31.618496036863487,28300,0.9666784452296819,0.1723977179357989,7.6170559008893095,3.7690511371208655,19582,0.7600857930752732,0.965267954575635,13.472703594495526,9.725783464467716,0.6615209058180864,0.1709102079985314,"[""y@t"", ""level_throughput_3@t"", ""throughput_2@t"", ""y@t-1""]",4,20,160000.0,605,0.10843228256283527,6.218130311614731,9.801960984577674,,
"ar_order=2,forced=('y@t', 'level_throughput_3@t'),horizon=5,level=True,other_lags=2",persistence,1,32828,33182,0.8528720390573202,4.0652957955506945,11.031066202766771,6.21813031161474,33088,0.8547811895551257,4.012544017832346,10.627791444039358,5.800955029013548,94,0.18085106382978725,22.63392155240955,152.9837812748163,153.06382978723406,4882,0.0,27.631021115928544,38.068312487690484,33.46825071691929,28300,1.0,0.0,6.366902373685586,1.5172438162544282,19582,0.7546215912572771,6.780055993363123,13.42676873130178,9.801960984577674,0.7044971463440193,0.1709102079985314,"[""y@t"", ""level_throughput_3@t"", ""throughput_2@t"", ""y@t-1""]",4,20,160000.0,605,0.10843228256283527,6.218130311614731,9.801960984577674,,
"ar_order=2,forced=('y@t', 'level_throughput_3@t'),horizon=5,level=True,other_lags=2",model,2,66010,32829,0.8604282798745012,0.48316172884083447,10.769318118731087,8.676316561333909,32736,0.8624144672531769,0.465131398957814,10.37905116322001,8.279163595751765,93,0.16129032258064516,6.829837847664031,148.1432864586301,148.4741604462484,5353,0.2654586213338315,2.2921562843236662,28.770176173930253,29.12275418509497,27476,0.9763429902460329,0.13072513488612494,7.262308613363453,4.692848057912997,20458,0.7903998435819728,0.6738429795789015,11.224915645025227,10.194108776198895,0.7564460127348427,0.3330753750051372,"[""y@t"", ""level_throughput_3@t"", ""data_quality_1@t+h"", ""y@t-1""]",4,20,80000.0,987,0.09945475037314569,6.289682902311981,9.38615700459478,,
"ar_order=2,forced=('y@t', 'level_throughput_3@t'),horizon=5,level=True,other_lags=2",ar,2,66010,32829,0.8369429467848548,0.6181080698664893,12.034329821516481,7.970782728630211,32736,0.8388624144672532,0.6010814100801832,11.631489057254397,7.554661396501522,93,0.16129032258064516,6.611492314646222,153.83427884177064,154.44549163792882,5353,0.0,3.019139406310911,33.967163108986504,28.77749855222059,27476,1.0,0.15032816216569614,7.761274915859654,3.9171231783434406,20458,0.7421546583243719,0.8576915558341425,13.195841516843629,9.61907879476609,0.7386062903809603,0.3330753750051372,"[""y@t"", ""level_throughput_3@t"", ""data_quality_1@t+h"", ""y@t-1""]",4,20,80000.0,987,0.09945475037314569,6.289682902311981,9.38615700459478,,
"ar_order=2,forced=('y@t', 'level_throughput_3@t'),horizon=5,level=True,other_lags=2",persistence,2,66010,32829,0.8369429467848548,4.50543288048876,11.056911130477843,6.289682902311986,32736,0.8388624144672532,4.45239602842507,10.647268789364356,5.865774682306945,93,0.16129032258064516,23.174404806907813,155.25101520242472,155.50537634408602,5353,0.0,27.63102111592855,35.69794111513459,30.265458621333842,27476,1.0,0.0,6.256232956512652,1.618612607366434,20458,0.7421546583243719,7.124530080483091,13.159580998109963,9.386157004594782,0.7386062903809603,0.3330753750051372,"[""y@t"", ""level_throughput_3@t"", ""data_quality_1@t+h"", ""y@t-1""]",4,20,80000.0,987,0.09945475037314569,6.289682902311981,9.38615700459478,,
"ar_order=2,forced=('y@t', 'level_throughput_3@t'),horizon=5,level=True,other_lags=2",model,3,98839,32829,0.8729172378080355,0.433498312235477,11.157281002716665,8.81668531781962,32736,0.875,0.4170494517328945,10.740128698614567,8.393287352955952,93,0.13978494623655913,6.223497209144532,157.99489204665574,157.85276894983153,4533,0.2157511581733951,2.4522856136866658,32.184217153900704,31.64913265757613,28296,0.9781947978512864,0.1100899563732265,7.788780098938137,5.158942746745395,20132,0.8079177428968806,0.6207641664106435,11.134519226027583,9.656660531938495,0.7000783196377403,0.5657953340050881,"[""y@t"", ""level_throughput_3@t"", ""data_quality_1@t+h"", ""data_quality_1@t""]",4,20,40000.0,951,0.07871089585427518,6.239300618355722,9.414216173256508,,
"ar_order=2,forced=('y@t', 'level_throughput_3@t'),horizon=5,level=True,other_lags=2",ar,3,98839,32829,0.8619208626519236,0.520753945537436,10.838435985447378,7.7069694712976835,32736,0.8640029325513197,0.5037558660774838,10.40238831466866,7.263202535884871,93,0.12903225806451613,6.504077915440664,164.32721609955627,163.91293073660768,4533,0.0,2.858803331980083,37.136534586126466,32.96477971926938,28296,1.0,0.146200020292012,6.625498433960301,3.6606854080358895,20132,0.7788595271210014,0.7286090000707109,12.191843824406215,9.3303136590949,0.6912692798230975,0.5657953340050881,"[""y@t"", ""level_throughput_3@t"", ""data_quality_1@t+h"", ""data_quality_1@t""]",4,20,40000.0,951,0.07871089585427518,6.239300618355722,9.414216173256508,,
"ar_order=2,forced=('y@t', 'level_throughput_3@t'),horizon=5,level=True,other_lags=2",persistence,3,98839,32829,0.8619208626519236,3.815267559733897,10.576158670317131,6.239300618355731,32736,0.8640029325513197,3.757737842378846,10.13736205652198,5.789558895405679,93,0.12903225806451613,24.06572806871196,165.03256672621083,164.5483870967742,4533,0.0,27.631021115928547,39.76959231884426,35.647474078976394,28296,1.0,0.0,5.899390408768734,1.528131184619744,20132,0.7788595271210014,6.110337075706035,12.614961410748313,9.414216173256508,0.6912692798230975,0.5657953340050881,"[""y@t"", ""level_throughput_3@t"", ""data_quality_1@t+h"", ""data_quality_1@t""]",4,20,40000.0,951,0.07871089585427518,6.239300618355722,9.414216173256508,,
"ar_order=2,forced=('y@t', 'level_throughput_3@t'),horizon=5,level=True,other_lags=2",model,4,131668,33182,0.8641432101741908,0.43148375033034875,9.544812614559131,8.056898307255823,33088,0.8658728239845261,0.4145505420967693,9.178012842788485,7.687204700280149,94,0.2553191489361702,6.391973048550319,138.65833227782645,138.18904796269354,5075,0.2932019704433498,2.107808584991036,28.638361461154574,29.910050775472516,28107,0.9672323620450421,0.12880653341274867,6.097281380472537,4.111093035394732,18936,0.7802070130967469,0.6491214900774751,10.589551488865501,10.499187014094526,0.8373795706346192,0.6806214169992018,"[""y@t"", ""level_throughput_3@t"", ""data_quality_2@t+h"", ""y@t-1""]",4,20,80000.0,1584,0.021246458923512748,6.158188174311373,10.093578369243769,,
"ar_order=2,forced=('y@t', 'level_throughput_3@t'),horizon=5,level=True,other_lags=2",ar,4,131668,33182,0.8470556325718763,0.5950378718568559,11.059072326141685,7.8026508411138416,33088,0.8488273694390716,0.5806290191683162,10.688793323997727,7.426950650072841,94,0.22340425531914893,5.666954018222798,141.3972810808145,140.04911808754625,5075,0.0,3.0114764117979083,35.653291862410384,30.2624286152105,28107,1.0,0.1587257222072724,6.618339976671317,3.7473133022964467,18936,0.7358470637938318,0.8934645227481908,13.053013174582404,10.00138865059974,0.815878641698317,0.6806214169992018,"[""y@t"", ""level_throughput_3@t"", ""data_quality_2@t+h"", ""y@t-1""]",4,20,80000.0,1584,0.021246458923512748,6.158188174311373,10.093578369243769,,
"ar_order=2,forced=('y@t', 'level_throughput_3@t'),horizon=5,level=True,other_lags=2",persistence,4,131668,33182,0.8470556325718763,4.226009045968819,10.354217148481869,6.158188174311386,33088,0.8488273694390716,4.177054147179479,9.980280438773901,5.776474854932314,94,0.22340425531914893,21.45813341981685,141.9799389656867,140.5212765957447,5075,0.0,27.631021115928544,38.00219418517967,32.3871921182266,28107,1.0,0.0,5.362098336042216,1.422279147543332,18936,0.7358470637938318,7.298815358147159,13.306085953518545,10.093578369243769,0.815878641698317,0.6806214169992018,"[""y@t"", ""level_throughput_3@t"", ""data_quality_2@t+h"", ""y@t-1""]",4,20,80000.0,1584,0.021246458923512748,6.158188174311373,10.093578369243769,,
"ar_order=2,forced=('y@t', 'level_throughput_3@t'),horizon=5,level=True,other_lags=2",model,5,164850,32829,0.8874166133601389,0.4298207493951134,10.06296409482543,7.423722939874196,32736,0.8892045454545454,0.4165066420755521,9.705991261570578,7.055341490498033,93,0.25806451612903225,5.11638652588068,135.71740140053387,137.09399312028398,3928,0.2660386965376782,2.68832161423952,37.3218532257015,36.864702050535115,28901,0.9718694854849314,0.12286281032349546,6.358147081362879,3.4223331628188665,18218,0.8176528707871336,0.6652058089024401,11.855851962023905,10.081974712002697,0.7641515611905658,0.8829395420034416,"[""y@t"", ""level_throughput_3@t"", ""data_quality_2@t"", ""data_quality_2@t+h""]",4,20,40000.0,1144,0.027171098723689422,6.035030003959913,10.14831485344165,,
"ar_order=2,forced=('y@t', 'level_throughput_3@t'),horizon=5,level=True,other_lags=2",ar,5,164850,32829,0.880349690822139,0.504828245842566,11.344614726902234,7.5726815279690864,32736,0.8821480938416423,0.49091337855700945,10.97892084772465,7.193669721550349,93,0.24731182795698925,5.40286153035847,140.0688601974127,140.98483738736422,3928,0.0,3.1011515536615857,43.95925811197052,39.46734363311942,28901,1.0,0.1519560977122899,6.911885090676908,3.237806169018512,18218,0.7882314194752442,0.7670382846855788,13.793090805306793,10.384438056455696,0.7607926345402475,0.8829395420034416,"[""y@t"", ""level_throughput_3@t"", ""data_quality_2@t"", ""data_quality_2@t+h""]",4,20,40000.0,1144,0.027171098723689422,6.035030003959913,10.14831485344165,,
"ar_order=2,forced=('y@t', 'level_throughput_3@t'),horizon=5,level=True,other_lags=2",persistence,5,164850,32829,0.880349690822139,3.3060602194208575,10.711193217035358,6.035030003959918,32736,0.8821480938416423,3.256368507614013,10.339192763928484,5.6476661779081185,93,0.24731182795698925,20.797542775430088,141.6553527106554,142.38709677419354,3928,0.0,27.631021115928547,46.214965954426596,41.36303462321792,28901,1.0,0.0,5.885795503721882,1.2335213314418245,18218,0.7882314194752442,5.851382120169741,13.789011299969845,10.14831485344165,0.7607926345402475,0.8829395420034416,"[""y@t"", ""level_throughput_3@t"", ""data_quality_2@t"", ""data_quality_2@t+h""]",4,20,40000.0,1144,0.027171098723689422,6.035030003959913,10.14831485344165,,
"ar_order=2,horizon=10,other_lags=2",model,1,32363,32712,0.8645756908779653,0.6343605419075603,12.257302234701324,9.305185289550801,32618,0.8665460788521675,0.6147461829999222,11.857126708615802,8.895583049901798,94,0.18085106382978725,7.440543082857989,151.11820978637815,151.43716244775504,4961,0.16065309413424714,3.428297000016262,36.891703614825495,36.25763012674034,27751,0.9904147598284746,0.13489317969800874,7.853451373586554,4.486941664553602,19474,0.7810413885180241,0.9318960079995472,13.74902516161219,11.349146905123833,0.7107658140704795,0.25690675000078045,"[""y@t"", ""throughput_2@t"", ""y@t-1""]",3,20,8000.0,335,0.08950843727072634,7.089447297627782,11.169867515661908,,
"ar_order=2,horizon=10,other_lags=2",ar,1,32363,32712,0.8483431156762045,0.69995566554613,12.791485708287983,8.982136067380779,32618,0.850266723894782,0.6844452292408147,12.392031741220473,8.570817937827924,94,0.18085106382978725,6.0820770634905585,151.40201228071433,151.70952702222237,4961,0.0,3.722491049497653,40.23355617802228,36.27034215657686,27751,1.0,0.1596220545128877,7.885712525326944,4.1038689631862715,19474,0.7492040669610763,1.0157023683726645,14.787977509375464,11.029446545761731,0.7014801054197595,0.25690675000078045,"[""y@t"", ""throughput_2@t"", ""y@t-1""]",3,20,8000.0,335,0.08950843727072634,7.089447297627782,11.169867515661908,,
"ar_order=2,horizon=10,other_lags=2",persistence,1,32363,32712,0.8483431156762045,4.190434573126728,11.86737307775659,7.089447297627787,32618,0.850266723894782,4.137283313820437,11.460690504071136,6.66877184376725,94,0.18085106382978725,22.63392155240955,152.9862261466089,153.06382978723406,4961,0.0,27.631021115928547,42.52795218518499,38.17053013505342,27751,1.0,0.0,6.386232471942302,1.5331339411192457,19474,0.7492040669610763,6.9297477215875025,14.75097961702789,11.169867515661908,0.7014801054197595,0.25690675000078045,"[""y@t"", ""throughput_2@t"", ""y@t-1""]",3,20,8000.0,335,0.08950843727072634,7.089447297627782,11.169867515661908,,
"ar_order=2,horizon=10,other_lags=2",model,2,65075,32364,0.8460017303176369,0.5541041275960148,11.88627028194523,9.690903830717644,32271,0.8479749620402218,0.537648876781753,11.488217886663353,9.285173655275381,93,0.16129032258064516,6.26407616014483,150.0104514447558,150.47927470918336,5421,0.2281866814240915,2.5501897106515545,35.950791648024975,35.27121388552833,26943,0.970307686597632,0.15248664083715052,7.044427490662959,4.544080507140881,20173,0.7712288702721459,0.7785074852376884,13.347519763080877,11.993732008467937,0.7320685800745591,0.39086220799799776,"[""y@t"", ""data_quality_1@t+h"", ""throughput_2@t"", ""data_quality_1@t""]",4,20,40000.0,605,0.20800889877641823,7.601007292052898,11.47756902790859,,
"ar_order=2,horizon=10,other_lags=2",ar,2,65075,32364,0.8324990730441231,0.6566525666296921,13.708195424717545,9.643577208410834,32271,0.8344333922097239,0.6397375635533527,13.304661533592224,9.226624942572322,93,0.16129032258064516,6.526158634119512,153.73445564520426,154.326013454374,5421,0.0,3.1571770601326805,40.67257229797818,35.74926809036967,26943,1.0,0.15354069047337324,8.28289434354819,4.391045928631341,20173,0.7351410300897239,0.9175042781543536,15.20881381905033,11.689521020535949,0.7296881739632421,0.39086220799799776,"[""y@t"", ""data_quality_1@t+h"", ""throughput_2@t"", ""data_quality_1@t""]",4,20,40000.0,605,0.20800889877641823,7.601007292052898,11.47756902790859,,
"ar_order=2,horizon=10,other_lags=2",persistence,2,65075,32364,0.8324990730441231,4.62822164965544,12.317589304437913,7.601007292052902,32271,0.8344333922097239,4.57477443594578,11.905663259118336,7.174769917263181,93,0.16129032258064516,23.174404806907813,155.25592703033146,155.50537634408602,5421,0.0,27.631021115928544,42.43085716046931,37.28776978417266,26943,1.0,0.0,6.2587233634682296,1.6279553130683333,20173,0.7351410300897239,7.318323790333922,15.160024790931294,11.47756902790859,0.7296881739632421,0.39086220799799776,"[""y@t"", ""data_quality_1@t+h"", ""throughput_2@t"", ""data_quality_1@t""]",4,20,40000.0,605,0.20800889877641823,7.601007292052898,11.47756902790859,,
"ar_order=2,horizon=10,other_lags=2",model,3,97439,32364,0.8507910023482882,0.5024215090837564,15.978691709376516,13.5658018177402,32271,0.8528400111555267,0.48443592140365277,15.559423439104657,13.140458875081716,93,0.13978494623655913,6.743420434079736,161.46478149371202,161.1598029202343,4623,0.14427860696517414,2.634283831085742,37.8570000141978,36.634197571953884,27741,0.9685303341624311,0.14714954647912143,12.332701323550886,9.721484973656358,19919,0.7921080375520859,0.6863683793158816,13.705035444041517,12.046805289038632,0.6659455692502843,0.6618406659981702,"[""y@t"", ""data_quality_1@t+h"", ""buffer_size_3@t-1"", ""y@t-1""]",4,20,80000.0,1189,0.15915832406377456,7.28772710418984,11.0726944123701,,
"ar_order=2,horizon=10,other_lags=2",ar,3,97439,32364,0.85715609936967,0.5530358264611471,12.354910957622486,9.623910387080048,32271,0.859254438969973,0.5362263495599437,11.917701246508964,9.180001300546493,93,0.12903225806451613,6.385924311178695,164.06668071401475,163.66036341422375,4623,0.0,2.9615347835647787,42.70045359972526,38.77662473348358,27741,1.0,0.1516627440672142,7.297867461193333,4.765650107226275,19919,0.7719765048446207,0.7733029095227334,13.882442104214832,11.08194770719536,0.6801835554902413,0.6618406659981702,"[""y@t"", ""data_quality_1@t+h"", ""buffer_size_3@t-1"", ""y@t-1""]",4,20,80000.0,1189,0.15915832406377456,7.28772710418984,11.0726944123701,,
"ar_order=2,horizon=10,other_lags=2",persistence,3,97439,32364,0.85715609936967,3.9469228345982468,11.585287641958557,7.287727104189845,32271,0.859254438969973,3.8889435687938847,11.143062352630828,6.834526354931676,93,0.12903225806451613,24.06572806871196,165.0374630386798,164.5483870967742,4623,0.0,27.631021115928547,45.634527386219695,41.742807700627296,27741,1.0,0.0,5.911028050101046,1.5458346851231066,19919,0.7719765048446207,6.300522009566116,14.221337584291907,11.0726944123701,0.6801835554902413,0.6618406659981702,"[""y@t"", ""data_quality_1@t+h"", ""buffer_size_3@t-1"", ""y@t-1""]",4,20,80000.0,1189,0.15915832406377456,7.28772710418984,11.0726944123701,,
"ar_order=2,horizon=10,other_lags=2",model,4,129803,32712,0.8536316947909024,0.47148809036016875,11.094395904433863,9.412834704842941,32618,0.8554172542767797,0.4581991520120263,10.747397813439685,9.063281994795265,94,0.23404255319148937,5.082749697165608,131.50273347941447,130.70762509138655,5217,0.2610695802185164,2.2294552124135234,31.467902869652654,32.06447892243136,27495,0.9660665575559193,0.13792509797055788,7.22865355718722,5.114830417403087,18868,0.7629319482722069,0.7146534678815881,11.84477325762476,11.33970899333853,0.8191946891942543,0.8137215420065331,"[""y@t"", ""y@t-1"", ""data_quality_2@t+h"", ""data_quality_2@t""]",4,20,40000.0,793,0.032373440939104915,6.861060161408657,11.195145219419123,,
"ar_order=2,horizon=10,other_lags=2",ar,4,129803,32712,0.8405172413793104,0.6287548140754726,12.484786863116328,9.290127073398729,32618,0.8422956649702619,0.6146891170337837,12.113422668365867,8.913490067883341,94,0.22340425531914893,5.509551687541532,141.34816244152603,139.98316798723738,5217,0.0,3.0718094900182393,38.21660290766874,32.95778179040458,27495,1.0,0.16520084992222972,7.602339716201255,4.799341306582233,18868,0.7273690905236379,0.9375870335467507,14.079136713386262,11.05544677126519,0.8078311300363568,0.8137215420065331,"[""y@t"", ""y@t-1"", ""data_quality_2@t+h"", ""data_quality_2@t""]",4,20,40000.0,793,0.032373440939104915,6.861060161408657,11.195145219419123,,
"ar_order=2,horizon=10,other_lags=2",persistence,4,129803,32712,0.8405172413793104,4.406671471074811,11.026816754722304,6.861060161408661,32618,0.8422956649702619,4.357531811280166,10.649416862130645,6.47587221779386,94,0.22340425531914893,21.45813341981685,141.9845794840279,140.5212765957447,5217,0.0,27.631021115928544,40.906621587804636,35.422081656124206,27495,1.0,0.0,5.3573153248554,1.441789416257507,18868,0.7273690905236379,7.533070416596166,14.37539647511594,11.195145219419123,0.8078311300363568,0.8137215420065331,"[""y@t"", ""y@t-1"", ""data_quality_2@t+h"", ""data_quality_2@t""]",4,20,40000.0,793,0.032373440939104915,6.861060161408657,11.195145219419123,,
"ar_order=2,horizon=10,other_lags=2",model,5,162515,32364,0.8853973550858979,0.45464556304722775,11.384093697178946,8.950213352204026,32271,0.8872362182764711,0.4416485045289066,11.02628183118573,8.5813699325842,93,0.24731182795698925,4.964624868904666,135.5448111968246,136.9388799602839,3980,0.24773869346733668,2.761182279991946,42.47960325755113,42.677275178657375,28384,0.9748097519729425,0.13122334865038524,7.023886254595752,4.22101006622304,18019,0.8158055385981464,0.6966835968484936,12.993461606820656,11.49995647254176,0.7541854404423405,0.9404041660018265,"[""y@t"", ""y@t-1"", ""data_quality_2@t"", ""data_quality_2@t+h""]",4,20,40000.0,889,0.015974539611914473,6.8065752070201455,11.49042677174094,,
"ar_order=2,horizon=10,other_lags=2",ar,5,162515,32364,0.8770238536645656,0.5282819104713102,12.41514912431613,8.739244464208362,32271,0.8788385857271235,0.5145088309935875,12.04735272524392,8.358120483715338,93,0.24731182795698925,5.307540489241105,140.04049960237262,140.98926569528774,3980,0.0,3.1733777768705194,48.5635148815231,44.25573030420599,28384,1.0,0.15738698557457778,7.346430983332344,3.75912842548265,18019,0.783006826127976,0.8011599703536071,15.084692866404827,11.70740907599214,0.7492085861246578,0.9404041660018265,"[""y@t"", ""y@t-1"", ""data_quality_2@t"", ""data_quality_2@t+h""]",4,20,40000.0,889,0.015974539611914473,6.8065752070201455,11.49042677174094,,
"ar_order=2,horizon=10,other_lags=2",persistence,5,162515,32364,0.8770238536645656,3.3979564961499076,11.45240083360133,6.806575207020154,32271,0.8788385857271235,3.347813596209619,11.077164401015407,6.415853242849626,93,0.24731182795698925,20.797542775430088,141.65944294091696,142.38709677419354,3980,0.0,27.631021115928544,51.08945805626996,46.45276381909548,28384,1.0,0.0,5.894498925969526,1.247392897407,18019,0.783006826127976,5.995742969270249,15.085427264686286,11.49042677174094,0.7492085861246578,0.9404041660018265,"[""y@t"", ""y@t-1"", ""data_quality_2@t"", ""data_quality_2@t+h""]",4,20,40000.0,889,0.015974539611914473,6.8065752070201455,11.49042677174094,,
"ar_order=2,horizon=10,level=True,other_lags=2",model,1,32363,32712,0.8655233553436048,0.624224527304855,11.880819957663027,9.11446464845488,32618,0.8674964743393219,0.6047603646118562,11.478691883230947,8.703261683573688,94,0.18085106382978725,7.378288981775451,151.4192617855955,151.80189346222923,4961,0.1785930255996775,3.404034861966249,37.08598945104128,36.66444963959339,27751,0.9883247450542323,0.12728246863110718,7.374933832599086,4.189399766431237,19474,0.7831467597822738,0.916367406282449,13.437903445597357,11.262640041747526,0.7132723319874774,0.14859191699360963,"[""y@t"", ""level_throughput_2@t"", ""throughput_2@t"", ""y@t-1""]",4,20,160000.0,571,0.1262227928588897,7.089447297627782,11.169867515661908,,
"ar_order=2,horizon=10,level=True,other_lags=2",ar,1,32363,32712,0.8483431156762045,0.69995566554613,12.791485708287983,8.982136067380779,32618,0.850266723894782,0.6844452292408147,12.392031741220473,8.570817937827924,94,0.18085106382978725,6.0820770634905585,151.40201228071433,151.70952702222237,4961,0.0,3.722491049497653,40.23355617802228,36.27034215657686,27751,1.0,0.1596220545128877,7.885712525326944,4.1038689631862715,19474,0.7492040669610763,1.0157023683726645,14.787977509375464,11.029446545761731,0.7014801054197595,0.14859191699360963,"[""y@t"", ""level_throughput_2@t"", ""throughput_2@t"", ""y@t-1""]",4,20,160000.0,571,0.1262227928588897,7.089447297627782,11.169867515661908,,
"ar_order=2,horizon=10,level=True,other_lags=2",persistence,1,32363,32712,0.8483431156762045,4.190434573126728,11.86737307775659,7.089447297627787,32618,0.850266723894782,4.137283313820437,11.460690504071136,6.66877184376725,94,0.18085106382978725,22.63392155240955,152.9862261466089,153.06382978723406,4961,0.0,27.631021115928547,42.52795218518499,38.17053013505342,27751,1.0,0.0,6.386232471942302,1.5331339411192457,19474,0.7492040669610763,6.9297477215875025,14.75097961702789,11.169867515661908,0.7014801054197595,0.14859191699360963,"[""y@t"", ""level_throughput_2@t"", ""throughput_2@t"", ""y@t-1""]",4,20,160000.0,571,0.1262227928588897,7.089447297627782,11.169867515661908,,
"ar_order=2,horizon=10,level=True,other_lags=2",model,2,65075,32364,0.8460017303176369,0.5541041275960148,11.88627028194523,9.690903830717644,32271,0.8479749620402218,0.537648876781753,11.488217886663353,9.285173655275381,93,0.16129032258064516,6.26407616014483,150.0104514447558,150.47927470918336,5421,0.2281866814240915,2.5501897106515545,35.950791648024975,35.27121388552833,26943,0.970307686597632,0.15248664083715052,7.044427490662959,4.544080507140881,20173,0.7712288702721459,0.7785074852376884,13.347519763080877,11.993732008467937,0.7320685800745591,0.3131586250019609,"[""y@t"", ""data_quality_1@t+h"", ""throughput_2@t"", ""data_quality_1@t""]",4,20,40000.0,605,0.20800889877641823,7.601007292052898,11.47756902790859,,
"ar_order=2,horizon=10,level=True,other_lags=2",ar,2,65075,32364,0.8324990730441231,0.6566525666296921,13.708195424717545,9.643577208410834,32271,0.8344333922097239,0.6397375635533527,13.304661533592224,9.226624942572322,93,0.16129032258064516,6.526158634119512,153.73445564520426,154.326013454374,5421,0.0,3.1571770601326805,40.67257229797818,35.74926809036967,26943,1.0,0.15354069047337324,8.28289434354819,4.391045928631341,20173,0.7351410300897239,0.9175042781543536,15.20881381905033,11.689521020535949,0.7296881739632421,0.3131586250019609,"[""y@t"", ""data_quality_1@t+h"", ""throughput_2@t"", ""data_quality_1@t""]",4,20,40000.0,605,0.20800889877641823,7.601007292052898,11.47756902790859,,
"ar_order=2,horizon=10,level=True,other_lags=2",persistence,2,65075,32364,0.8324990730441231,4.62822164965544,12.317589304437913,7.601007292052902,32271,0.8344333922097239,4.57477443594578,11.905663259118336,7.174769917263181,93,0.16129032258064516,23.174404806907813,155.25592703033146,155.50537634408602,5421,0.0,27.631021115928544,42.43085716046931,37.28776978417266,26943,1.0,0.0,6.2587233634682296,1.6279553130683333,20173,0.7351410300897239,7.318323790333922,15.160024790931294,11.47756902790859,0.7296881739632421,0.3131586250019609,"[""y@t"", ""data_quality_1@t+h"", ""throughput_2@t"", ""data_quality_1@t""]",4,20,40000.0,605,0.20800889877641823,7.601007292052898,11.47756902790859,,
"ar_order=2,horizon=10,level=True,other_lags=2",model,3,97439,32364,0.8692374242986034,0.4767823008471545,14.127275083880887,12.183923005268735,32271,0.8713395928232779,0.4605341008465679,13.713436633648914,11.764867263762174,93,0.13978494623655913,6.114907701050688,157.72921731437594,157.59626530804456,4623,0.18061864590093013,2.6018545707131993,38.074999093837164,37.51183519618113,27741,0.9839948091272845,0.12264189121553615,10.13641937939915,7.963060813617819,19919,0.8018976856267885,0.6740533495030951,13.363473703531193,11.929950939648881,0.6919278071116619,0.44442358300148044,"[""y@t"", ""data_quality_1@t+h"", ""level_throughput_3@t"", ""data_quality_1@t""]",4,20,40000.0,948,0.07891484365344209,7.28772710418984,11.0726944123701,,
"ar_order=2,horizon=10,level=True,other_lags=2",ar,3,97439,32364,0.85715609936967,0.5530358264611471,12.354910957622486,9.623910387080048,32271,0.859254438969973,0.5362263495599437,11.917701246508964,9.180001300546493,93,0.12903225806451613,6.385924311178695,164.06668071401475,163.66036341422375,4623,0.0,2.9615347835647787,42.70045359972526,38.77662473348358,27741,1.0,0.1516627440672142,7.297867461193333,4.765650107226275,19919,0.7719765048446207,0.7733029095227334,13.882442104214832,11.08194770719536,0.6801835554902413,0.44442358300148044,"[""y@t"", ""data_quality_1@t+h"", ""level_throughput_3@t"", ""data_quality_1@t""]",4,20,40000.0,948,0.07891484365344209,7.28772710418984,11.0726944123701,,
"ar_order=2,horizon=10,level=True,other_lags=2",persistence,3,97439,32364,0.85715609936967,3.9469228345982468,11.585287641958557,7.287727104189845,32271,0.859254438969973,3.8889435687938847,11.143062352630828,6.834526354931676,93,0.12903225806451613,24.06572806871196,165.0374630386798,164.5483870967742,4623,0.0,27.631021115928547,45.634527386219695,41.742807700627296,27741,1.0,0.0,5.911028050101046,1.5458346851231066,19919,0.7719765048446207,6.300522009566116,14.221337584291907,11.0726944123701,0.6801835554902413,0.44442358300148044,"[""y@t"", ""data_quality_1@t+h"", ""level_throughput_3@t"", ""data_quality_1@t""]",4,20,40000.0,948,0.07891484365344209,7.28772710418984,11.0726944123701,,
"ar_order=2,horizon=10,level=True,other_lags=2",model,4,129803,32712,0.8588591342626559,0.5038989728549168,11.207201015180768,9.162159629206341,32618,0.8606597584155987,0.4859875203356475,10.83223425950211,8.783056638593028,94,0.23404255319148937,6.719172997041356,141.32066523567542,140.71089737202578,5217,0.21027410389112516,2.551527841611847,33.01071500315815,32.512344680459115,27495,0.9819239861793053,0.11537452083437114,7.070124002077368,4.73161169640453,18868,0.7671719313122748,0.7639029571887646,12.367602555271809,11.451989656410916,0.8278539479378001,0.6300532919995021,"[""y@t"", ""level_throughput_3@t"", ""y@t-1"", ""throughput_2@t""]",4,20,160000.0,1629,0.05224382489606261,6.861060161408657,11.195145219419123,,
"ar_order=2,horizon=10,level=True,other_lags=2",ar,4,129803,32712,0.8405172413793104,0.6287548140754726,12.484786863116328,9.290127073398729,32618,0.8422956649702619,0.6146891170337837,12.113422668365867,8.913490067883341,94,0.22340425531914893,5.509551687541532,141.34816244152603,139.98316798723738,5217,0.0,3.0718094900182393,38.21660290766874,32.95778179040458,27495,1.0,0.16520084992222972,7.602339716201255,4.799341306582233,18868,0.7273690905236379,0.9375870335467507,14.079136713386262,11.05544677126519,0.8078311300363568,0.6300532919995021,"[""y@t"", ""level_throughput_3@t"", ""y@t-1"", ""throughput_2@t""]",4,20,160000.0,1629,0.05224382489606261,6.861060161408657,11.195145219419123,,
"ar_order=2,horizon=10,level=True,other_lags=2",persistence,4,129803,32712,0.8405172413793104,4.406671471074811,11.026816754722304,6.861060161408661,32618,0.8422956649702619,4.357531811280166,10.649416862130645,6.47587221779386,94,0.22340425531914893,21.45813341981685,141.9845794840279,140.5212765957447,5217,0.0,27.631021115928544,40.906621587804636,35.422081656124206,27495,1.0,0.0,5.3573153248554,1.441789416257507,18868,0.7273690905236379,7.533070416596166,14.37539647511594,11.195145219419123,0.8078311300363568,0.6300532919995021,"[""y@t"", ""level_throughput_3@t"", ""y@t-1"", ""throughput_2@t""]",4,20,160000.0,1629,0.05224382489606261,6.861060161408657,11.195145219419123,,
"ar_order=2,horizon=10,level=True,other_lags=2",model,5,162515,32364,0.8891360771227289,0.44189674075866214,11.348989405330924,8.950089291775134,32271,0.890954727154411,0.4242228548532616,10.978016127389534,8.569430531534225,93,0.25806451612903225,6.574735149932647,140.0767168509933,141.03867909536964,3980,0.23417085427135678,2.7390837015678393,43.01993401689107,43.18422409608672,28384,0.9809751972942503,0.11978554769142269,6.908094550694177,4.149784312872931,18019,0.8155280537210722,0.6763064144423709,13.130343876071818,11.556329334001422,0.7567275417861445,0.7900748329993803,"[""y@t"", ""level_throughput_3@t"", ""data_quality_2@t"", ""y@t-1""]",4,20,80000.0,1690,0.04640959090347299,6.8065752070201455,11.49042677174094,,
"ar_order=2,horizon=10,level=True,other_lags=2",ar,5,162515,32364,0.8770238536645656,0.5282819104713102,12.41514912431613,8.739244464208362,32271,0.8788385857271235,0.5145088309935875,12.04735272524392,8.358120483715338,93,0.24731182795698925,5.307540489241105,140.04049960237262,140.98926569528774,3980,0.0,3.1733777768705194,48.5635148815231,44.25573030420599,28384,1.0,0.15738698557457778,7.346430983332344,3.75912842548265,18019,0.783006826127976,0.8011599703536071,15.084692866404827,11.70740907599214,0.7492085861246578,0.7900748329993803,"[""y@t"", ""level_throughput_3@t"", ""data_quality_2@t"", ""y@t-1""]",4,20,80000.0,1690,0.04640959090347299,6.8065752070201455,11.49042677174094,,
"ar_order=2,horizon=10,level=True,other_lags=2",persistence,5,162515,32364,0.8770238536645656,3.3979564961499076,11.45240083360133,6.806575207020154,32271,0.8788385857271235,3.347813596209619,11.077164401015407,6.415853242849626,93,0.24731182795698925,20.797542775430088,141.65944294091696,142.38709677419354,3980,0.0,27.631021115928544,51.08945805626996,46.45276381909548,28384,1.0,0.0,5.894498925969526,1.247392897407,18019,0.783006826127976,5.995742969270249,15.085427264686286,11.49042677174094,0.7492085861246578,0.7900748329993803,"[""y@t"", ""level_throughput_3@t"", ""data_quality_2@t"", ""y@t-1""]",4,20,80000.0,1690,0.04640959090347299,6.8065752070201455,11.49042677174094,,
"ar_order=2,forced=('y@t', 'level_throughput_3@t'),horizon=10,level=True,other_lags=2",model,1,32363,32712,0.8590119833700172,0.6218617561844475,12.123000699983237,9.411945703769572,32618,0.8609663376050034,0.6026060260800011,11.721589289092202,9.001618473586618,94,0.18085106382978725,7.30360010242735,151.41276027917237,151.79549457725446,4961,0.17355371900826447,3.3840880484173095,36.957230645423564,36.469915360405125,27751,0.981550214406688,0.1280631674572943,7.6834268194265185,4.574837582744419,19474,0.7825819040772312,0.9123458479228007,13.56194521474764,11.42267860241448,0.7037574865833437,0.11859745800029486,"[""y@t"", ""level_throughput_3@t"", ""throughput_2@t"", ""y@t-1""]",4,20,160000.0,603,0.10855343604793348,7.089447297627782,11.169867515661908,,
"ar_order=2,forced=('y@t', 'level_throughput_3@t'),horizon=10,level=True,other_lags=2",ar,1,32363,32712,0.8483431156762045,0.69995566554613,12.791485708287983,8.982136067380779,32618,0.850266723894782,0.6844452292408147,12.392031741220473,8.570817937827924,94,0.18085106382978725,6.0820770634905585,151.40201228071433,151.70952702222237,4961,0.0,3.722491049497653,40.23355617802228,36.27034215657686,27751,1.0,0.1596220545128877,7.885712525326944,4.1038689631862715,19474,0.7492040669610763,1.0157023683726645,14.787977509375464,11.029446545761731,0.7014801054197595,0.11859745800029486,"[""y@t"", ""level_throughput_3@t"", ""throughput_2@t"", ""y@t-1""]",4,20,160000.0,603,0.10855343604793348,7.089447297627782,11.169867515661908,,
"ar_order=2,forced=('y@t', 'level_throughput_3@t'),horizon=10,level=True,other_lags=2",persistence,1,32363,32712,0.8483431156762045,4.190434573126728,11.86737307775659,7.089447297627787,32618,0.850266723894782,4.137283313820437,11.460690504071136,6.66877184376725,94,0.18085106382978725,22.63392155240955,152.9862261466089,153.06382978723406,4961,0.0,27.631021115928547,42.52795218518499,38.17053013505342,27751,1.0,0.0,6.386232471942302,1.5331339411192457,19474,0.7492040669610763,6.9297477215875025,14.75097961702789,11.169867515661908,0.7014801054197595,0.11859745800029486,"[""y@t"", ""level_throughput_3@t"", ""throughput_2@t"", ""y@t-1""]",4,20,160000.0,603,0.10855343604793348,7.089447297627782,11.169867515661908,,
"ar_order=2,forced=('y@t', 'level_throughput_3@t'),horizon=10,level=True,other_lags=2",model,2,65075,32364,0.8578358670127302,0.5264292454898226,12.41209019884129,10.42372609989619,32271,0.8598432028756469,0.5084924246552924,12.023052015882742,10.027695198434307,93,0.16129032258064516,6.750506075071826,147.4083396854577,147.84644890717007,5421,0.2689540675152186,2.461120327930598,34.821871035251526,35.468572220238656,26943,0.9763203800616116,0.13716448811642534,7.903185403006383,5.384639479312865,20173,0.7853566648490556,0.7372952087694541,12.98322966122191,12.054620646552591,0.7436157847802984,0.22802529099863023,"[""y@t"", ""level_throughput_3@t"", ""data_quality_1@t+h"", ""y@t-1""]",4,20,80000.0,973,0.1003275244098381,7.601007292052898,11.47756902790859,,
"ar_order=2,forced=('y@t', 'level_throughput_3@t'),horizon=10,level=True,other_lags=2",ar,2,65075,32364,0.8324990730441231,0.6566525666296921,13.708195424717545,9.643577208410834,32271,0.8344333922097239,0.6397375635533527,13.304661533592224,9.226624942572322,93,0.16129032258064516,6.526158634119512,153.73445564520426,154.326013454374,5421,0.0,3.1571770601326805,40.67257229797818,35.74926809036967,26943,1.0,0.15354069047337324,8.28289434354819,4.391045928631341,20173,0.7351410300897239,0.9175042781543536,15.20881381905033,11.689521020535949,0.7296881739632421,0.22802529099863023,"[""y@t"", ""level_throughput_3@t"", ""data_quality_1@t+h"", ""y@t-1""]",4,20,80000.0,973,0.1003275244098381,7.601007292052898,11.47756902790859,,
"ar_order=2,forced=('y@t', 'level_throughput_3@t'),horizon=10,level=True,other_lags=2",persistence,2,65075,32364,0.8324990730441231,4.62822164965544,12.317589304437913,7.601007292052902,32271,0.8344333922097239,4.57477443594578,11.905663259118336,7.174769917263181,93,0.16129032258064516,23.174404806907813,155.25592703033146,155.50537634408602,5421,0.0,27.631021115928544,42.43085716046931,37.28776978417266,26943,1.0,0.0,6.2587233634682296,1.6279553130683333,20173,0.7351410300897239,7.318323790333922,15.160024790931294,11.47756902790859,0.7296881739632421,0.22802529099863023,"[""y@t"", ""level_throughput_3@t"", ""data_quality_1@t+h"", ""y@t-1""]",4,20,80000.0,973,0.1003275244098381,7.601007292052898,11.47756902790859,,
"ar_order=2,forced=('y@t', 'level_throughput_3@t'),horizon=10,level=True,other_lags=2",model,3,97439,32364,0.8692374242986034,0.4767823008471545,14.127275083880887,12.183923005268735,32271,0.8713395928232779,0.4605341008465679,13.713436633648914,11.764867263762174,93,0.13978494623655913,6.114907701050688,157.72921731437594,157.59626530804456,4623,0.18061864590093013,2.6018545707131993,38.074999093837164,37.51183519618113,27741,0.9839948091272845,0.12264189121553615,10.13641937939915,7.963060813617819,19919,0.8018976856267885,0.6740533495030951,13.363473703531193,11.929950939648881,0.6919278071116619,0.3509732079983223,"[""y@t"", ""level_throughput_3@t"", ""data_quality_1@t+h"", ""data_quality_1@t""]",4,20,40000.0,948,0.07891484365344209,7.28772710418984,11.0726944123701,,
"ar_order=2,forced=('y@t', 'level_throughput_3@t'),horizon=10,level=True,other_lags=2",ar,3,97439,32364,0.85715609936967,0.5530358264611471,12.354910957622486,9.623910387080048,32271,0.859254438969973,0.5362263495599437,11.917701246508964,9.180001300546493,93,0.12903225806451613,6.385924311178695,164.06668071401475,163.66036341422375,4623,0.0,2.9615347835647787,42.70045359972526,38.77662473348358,27741,1.0,0.1516627440672142,7.297867461193333,4.765650107226275,19919,0.7719765048446207,0.7733029095227334,13.882442104214832,11.08194770719536,0.6801835554902413,0.3509732079983223,"[""y@t"", ""level_throughput_3@t"", ""data_quality_1@t+h"", ""data_quality_1@t""]",4,20,40000.0,948,0.07891484365344209,7.28772710418984,11.0726944123701,,
"ar_order=2,forced=('y@t', 'level_throughput_3@t'),horizon=10,level=True,other_lags=2",persistence,3,97439,32364,0.85715609936967,3.9469228345982468,11.585287641958557,7.287727104189845,32271,0.859254438969973,3.8889435687938847,11.143062352630828,6.834526354931676,93,0.12903225806451613,24.06572806871196,165.0374630386798,164.5483870967742,4623,0.0,27.631021115928547,45.634527386219695,41.742807700627296,27741,1.0,0.0,5.911028050101046,1.5458346851231066,19919,0.7719765048446207,6.300522009566116,14.221337584291907,11.0726944123701,0.6801835554902413,0.3509732079983223,"[""y@t"", ""level_throughput_3@t"", ""data_quality_1@t+h"", ""data_quality_1@t""]",4,20,40000.0,948,0.07891484365344209,7.28772710418984,11.0726944123701,,
"ar_order=2,forced=('y@t', 'level_throughput_3@t'),horizon=10,level=True,other_lags=2",model,4,129803,32712,0.8588591342626559,0.5038989728549168,11.207201015180768,9.162159629206341,32618,0.8606597584155987,0.4859875203356475,10.83223425950211,8.783056638593028,94,0.23404255319148937,6.719172997041356,141.32066523567542,140.71089737202578,5217,0.21027410389112516,2.551527841611847,33.01071500315815,32.512344680459115,27495,0.9819239861793053,0.11537452083437114,7.070124002077368,4.73161169640453,18868,0.7671719313122748,0.7639029571887646,12.367602555271809,11.451989656410916,0.8278539479378001,0.4692731659961282,"[""y@t"", ""level_throughput_3@t"", ""y@t-1"", ""throughput_2@t""]",4,20,160000.0,1629,0.05224382489606261,6.861060161408657,11.195145219419123,,
"ar_order=2,forced=('y@t', 'level_throughput_3@t'),horizon=10,level=True,other_lags=2",ar,4,129803,32712,0.8405172413793104,0.6287548140754726,12.484786863116328,9.290127073398729,32618,0.8422956649702619,0.6146891170337837,12.113422668365867,8.913490067883341,94,0.22340425531914893,5.509551687541532,141.34816244152603,139.98316798723738,5217,0.0,3.0718094900182393,38.21660290766874,32.95778179040458,27495,1.0,0.16520084992222972,7.602339716201255,4.799341306582233,18868,0.7273690905236379,0.9375870335467507,14.079136713386262,11.05544677126519,0.8078311300363568,0.4692731659961282,"[""y@t"", ""level_throughput_3@t"", ""y@t-1"", ""throughput_2@t""]",4,20,160000.0,1629,0.05224382489606261,6.861060161408657,11.195145219419123,,
"ar_order=2,forced=('y@t', 'level_throughput_3@t'),horizon=10,level=True,other_lags=2",persistence,4,129803,32712,0.8405172413793104,4.406671471074811,11.026816754722304,6.861060161408661,32618,0.8422956649702619,4.357531811280166,10.649416862130645,6.47587221779386,94,0.22340425531914893,21.45813341981685,141.9845794840279,140.5212765957447,5217,0.0,27.631021115928544,40.906621587804636,35.422081656124206,27495,1.0,0.0,5.3573153248554,1.441789416257507,18868,0.7273690905236379,7.533070416596166,14.37539647511594,11.195145219419123,0.8078311300363568,0.4692731659961282,"[""y@t"", ""level_throughput_3@t"", ""y@t-1"", ""throughput_2@t""]",4,20,160000.0,1629,0.05224382489606261,6.861060161408657,11.195145219419123,,
"ar_order=2,forced=('y@t', 'level_throughput_3@t'),horizon=10,level=True,other_lags=2",model,5,162515,32364,0.8891360771227289,0.44189674075866214,11.348989405330924,8.950089291775134,32271,0.890954727154411,0.4242228548532616,10.978016127389534,8.569430531534225,93,0.25806451612903225,6.574735149932647,140.0767168509933,141.03867909536964,3980,0.23417085427135678,2.7390837015678393,43.01993401689107,43.18422409608672,28384,0.9809751972942503,0.11978554769142269,6.908094550694177,4.149784312872931,18019,0.8155280537210722,0.6763064144423709,13.130343876071818,11.556329334001422,0.7567275417861445,0.6035385409995797,"[""y@t"", ""level_throughput_3@t"", ""data_quality_2@t"", ""y@t-1""]",4,20,80000.0,1690,0.04640959090347299,6.8065752070201455,11.49042677174094,,
"ar_order=2,forced=('y@t', 'level_throughput_3@t'),horizon=10,level=True,other_lags=2",ar,5,162515,32364,0.8770238536645656,0.5282819104713102,12.41514912431613,8.739244464208362,32271,0.8788385857271235,0.5145088309935875,12.04735272524392,8.358120483715338,93,0.24731182795698925,5.307540489241105,140.04049960237262,140.98926569528774,3980,0.0,3.1733777768705194,48.5635148815231,44.25573030420599,28384,1.0,0.15738698557457778,7.346430983332344,3.75912842548265,18019,0.783006826127976,0.8011599703536071,15.084692866404827,11.70740907599214,0.7492085861246578,0.6035385409995797,"[""y@t"", ""level_throughput_3@t"", ""data_quality_2@t"", ""y@t-1""]",4,20,80000.0,1690,0.04640959090347299,6.8065752070201455,11.49042677174094,,
"ar_order=2,forced=('y@t', 'level_throughput_3@t'),horizon=10,level=True,other_lags=2",persistence,5,162515,32364,0.8770238536645656,3.3979564961499076,11.45240083360133,6.806575207020154,32271,0.8788385857271235,3.347813596209619,11.077164401015407,6.415853242849626,93,0.24731182795698925,20.797542775430088,141.65944294091696,142.38709677419354,3980,0.0,27.631021115928544,51.08945805626996,46.45276381909548,28384,1.0,0.0,5.894498925969526,1.247392897407,18019,0.783006826127976,5.995742969270249,15.085427264686286,11.49042677174094,0.7492085861246578,0.6035385409995797,"[""y@t"", ""level_throughput_3@t"", ""data_quality_2@t"", ""y@t-1""]",4,20,80000.0,1690,0.04640959090347299,6.8065752070201455,11.49042677174094,,
"ar_order=2,n_bins=50,other_lags=2",model,1,33200,33558,0.8062757017700697,0.7622454955846685,8.126249799854886,7.698999204798324,33464,0.8083014582835286,0.7319283178383191,7.7274157956821234,7.297798974989594,94,0.0851063829787234,11.55516077328506,150.11115528535825,150.52628101670595,6857,0.43357153274026544,2.5461898098724673,18.2933036872037,18.02534078828149,26701,0.9019886895621887,0.3041163557370435,5.515280603736732,5.0471238354135055,19299,0.7558422716202912,0.9605693164154159,7.303714938161174,7.302945477312962,0.5544781525991076,0.25066741699993145,"[""y@t"", ""throughput_2@t"", ""throughput_2@t-1""]",3,50,125000.0,845,0.15653495440729484,4.986888372370225,7.9259028965231355,,
"ar_order=2,n_bins=50,other_lags=2",ar,1,33200,33558,0.7179808093450146,0.9705155174927659,8.699045246805614,8.03341105664135,33464,0.7198183122161128,0.9471036297237357,8.301904659745468,7.633265087415092,94,0.06382978723404255,9.30514756326751,150.08109424021782,150.48537610118913,6857,0.06810558553303193,3.1480614777716567,19.93286218434228,18.61565461882234,26701,0.8848732257218831,0.41130677438829966,5.814123980160584,5.315818303340909,19299,0.6528835690968444,1.2158313323679988,7.897232767865246,7.43308318525767,0.4391383832500228,0.25066741699993145,"[""y@t"", ""throughput_2@t"", ""throughput_2@t-1""]",3,50,125000.0,845,0.15653495440729484,4.986888372370225,7.9259028965231355,,
"ar_order=2,n_bins=50,other_lags=2",persistence,1,33200,33558,0.7956672030514333,5.645923827162586,6.1406311635010145,4.986888372370235,33464,0.7976332775519962,5.591599181122045,5.7285234143978725,4.57094190772174,94,0.09574468085106383,24.985497817594958,152.85098984421973,153.06382978723406,6857,0.0,27.631021115928547,22.029718219358642,20.565115939915415,26701,1.0,0.0,2.06020458988895,0.9862926482154333,19299,0.6491009896885849,9.695697963473139,8.360962159586489,7.9259028965231355,0.5604510094152217,0.25066741699993145,"[""y@t"", ""throughput_2@t"", ""throughput_2@t-1""]",3,50,125000.0,845,0.15653495440729484,4.986888372370225,7.9259028965231355,,
"ar_order=2,n_bins=50,other_lags=2",model,2,66758,33201,0.8300954790518358,0.6219048103751267,6.487236276974406,5.912560706394207,33108,0.8320345535822158,0.5922612011169013,6.070284986706234,5.494046447592541,93,0.13978494623655913,11.175029706303388,154.92189561244348,154.90363683978708,7730,0.4946959896507115,1.686906161056011,13.7798919676655,13.812720828117577,25471,0.9318833182835381,0.29869565326456027,4.2740436858298825,3.515001217527588,20321,0.7786034151862605,0.6874081373594796,6.059983413631198,6.140026773475023,0.6018408622001626,0.5499572920016362,"[""y@t"", ""throughput_2@t"", ""throughput_2@t-1""]",3,50,125000.0,1369,0.13493569470799072,4.608656365772116,6.818069976871217,,
"ar_order=2,n_bins=50,other_lags=2",ar,2,66758,33201,0.7325984157103702,0.9171399710491813,7.373741669393243,6.540276144397076,33108,0.7342636220852966,0.8944300371863646,6.959766543001009,6.124044761382648,93,0.13978494623655913,9.001876426211929,154.74888666502878,154.7186484975335,7730,0.0445019404915912,2.482124835829431,16.107731931463135,14.89463439446438,25471,0.9414235797573711,0.44219462124935666,4.723129415229675,4.004875521216979,20321,0.6342207568525171,1.0433943826387624,6.954882050202841,6.479633346249394,0.47865510435458447,0.5499572920016362,"[""y@t"", ""throughput_2@t"", ""throughput_2@t-1""]",3,50,125000.0,1369,0.13493569470799072,4.608656365772116,6.818069976871217,,
"ar_order=2,n_bins=50,other_lags=2",persistence,2,66758,33201,0.7671756874792928,6.433173495561208,5.677276858106787,4.608656365772123,33108,0.7689380210221095,6.384478420226332,5.256456302101787,4.184789174821803,93,0.13978494623655913,23.76862031477724,155.48939479588694,155.50537634408602,7730,0.0,27.63102111592855,17.791637839021295,16.433764553686935,25471,1.0,0.0,2.000781613221658,1.0199442503239073,20321,0.6235421485163132,10.401914843602842,7.227764413554053,6.818069976871217,0.5592495592514928,0.5499572920016362,"[""y@t"", ""throughput_2@t"", ""throughput_2@t-1""]",3,50,125000.0,1369,0.13493569470799072,4.608656365772116,6.818069976871217,,
"ar_order=2,n_bins=50,other_lags=2",model,3,99959,33201,0.8576548899129545,0.5205239637862914,5.366601926608213,4.740031554977463,33108,0.8598526036003383,0.49185336756307596,4.9201190051161126,4.292022853787806,93,0.07526881720430108,10.727256219251004,164.31452197779552,164.23112917849554,7313,0.5514836592369753,1.6410858775047983,14.51089521337133,14.642191775253657,25888,0.9441440049443758,0.20398080575850103,2.783466234160024,1.9428089927525014,19992,0.8037214885954381,0.6471400418941757,6.111848260618486,6.162022221045666,0.5956182100541004,0.8865114159998484,"[""y@t"", ""throughput_2@t"", ""throughput_2@t-1""]",3,50,125000.0,1813,0.08650341857172977,4.94388723231228,7.444927971188475,,
"ar_order=2,n_bins=50,other_lags=2",ar,3,99959,33201,0.7703984819734345,0.8172758606999346,6.458884894336006,5.391391638326153,33108,0.7723812975715839,0.7950338825141621,6.015232425849335,4.9451891204019764,93,0.06451612903225806,8.735420094834907,164.39916367559144,164.239488019333,7313,0.01859701900724737,2.5891284823324927,17.906942924230105,16.517091802953658,25888,0.9827719406674907,0.3167521345720412,3.2249676982368287,2.2485360564379824,19992,0.6438575430172069,1.0564925657790885,7.455650921751329,6.7030807869050335,0.49207223845002696,0.8865114159998484,"[""y@t"", ""throughput_2@t"", ""throughput_2@t-1""]",3,50,125000.0,1813,0.08650341857172977,4.94388723231228,7.444927971188475,,
"ar_order=2,n_bins=50,other_lags=2",persistence,3,99959,33201,0.7797355501340321,6.086131665334944,6.174888903913046,4.9438872323122895,33108,0.7817445934517337,6.030619747000715,5.729390879046296,4.495559985502003,93,0.06451612903225806,25.848374592320244,164.77218575647626,164.5483870967742,7313,0.0,27.631021115928547,20.32946219700618,18.842609052372488,25888,1.0,0.0,2.1764187829152832,1.0176915945611988,19992,0.6385554221688675,9.9870827622899,8.055241529817684,7.444927971188475,0.5368484213669686,0.8865114159998484,"[""y@t"", ""throughput_2@t"", ""throughput_2@t-1""]",3,50,125000.0,1813,0.08650341857172977,4.94388723231228,7.444927971188475,,
"ar_order=2,n_bins=50,other_lags=2",model,4,133160,33558,0.8672149710948209,0.4648834925231162,5.633044181672561,5.082161077554965,33464,0.8692326081759503,0.4348426821052546,5.254728948722205,4.702911825757984,94,0.14893617021276595,11.159412001281828,140.31326711199947,140.09489471728048,7407,0.5420548130147158,1.7173303604696004,15.938405068964954,16.141501491675125,26151,0.959313219379756,0.11014088417622281,2.714157405175496,1.949717406284727,18970,0.7875065893516078,0.7062896996634163,7.071690312161794,7.14754437154721,0.6166120833743868,1.4175196249998407,"[""y@t"", ""throughput_2@t"", ""throughput_2@t-1""]",3,50,125000.0,2145,0.10376065319744919,5.052863698670958,8.242224565102793,,
"ar_order=2,n_bins=50,other_lags=2",ar,4,133160,33558,0.7838071398772275,0.7464284756594431,6.367557779185415,5.628185077278612,33464,0.7855606024384413,0.7241402824799402,5.991201238653576,5.250222750583262,94,0.1595744680851064,8.6810252475625,140.35048620851978,140.18277338082294,7407,0.0371270419873093,2.5835511939041105,18.72556852586838,17.27324173801377,26151,0.9952965469771711,0.2260824860591124,2.8672791817826124,2.329843343269767,18970,0.6237216657880864,1.0983511346422106,8.119812577175798,7.4248361918451815,0.5191341856127449,1.4175196249998407,"[""y@t"", ""throughput_2@t"", ""throughput_2@t-1""]",3,50,125000.0,2145,0.10376065319744919,5.052863698670958,8.242224565102793,,
"ar_order=2,n_bins=50,other_lags=2",persistence,4,133160,33558,0.7792776685142142,6.098783402040728,6.288261746258592,5.052863698670967,33464,0.7810184078412622,6.050684996937735,5.909724988466333,4.672334448960085,94,0.1595744680851064,23.221815618705904,141.0473475203031,140.5212765957447,7407,0.0,27.63102111592855,21.20298317402532,19.632779802889157,26151,1.0,0.0,2.063821318914775,0.9232534128714127,18970,0.6137058513442277,10.673701778467285,8.900384734799818,8.242224565102793,0.5391515320147137,1.4175196249998407,"[""y@t"", ""throughput_2@t"", ""throughput_2@t-1""]",3,50,125000.0,2145,0.10376065319744919,5.052863698670958,8.242224565102793,,
"ar_order=2,n_bins=50,other_lags=2",model,5,166718,33201,0.908406373302009,0.3327843685244859,5.415064268462943,4.6673532736653245,33108,0.9105050138939229,0.30597236142605216,5.034640637509857,4.285513141390413,93,0.16129032258064516,9.877858895566902,140.8458768877611,140.60244036353413,5131,0.5248489573182615,1.7230907933234547,19.522886120596784,19.440966749040143,28070,0.9785179907374421,0.07864606194651975,2.8362529423746357,1.9668398877676345,18178,0.8500935196391242,0.5022681109745956,6.400183009804281,6.31051327891822,0.7017883942400436,2.034281917003682,"[""y@t"", ""throughput_2@t"", ""throughput_2@t-1"", ""buffer_size_3@t""]",4,50,6250000.0,5707,0.11840004819131954,4.627330502093311,7.7230718450874685,,
"ar_order=2,n_bins=50,other_lags=2",ar,5,166718,33201,0.8472636366374506,0.5943110392701321,6.4292395659558075,5.541845404024391,33108,0.8491905279690709,0.574176861942982,6.052760130901417,5.163743825163316,93,0.16129032258064516,7.762078167735536,140.45591844531876,140.14600747856724,5131,0.027285129604365622,2.666926322923236,23.46516457567482,21.968468950178156,28070,0.9971499821873887,0.21545143754501359,3.3151914282690167,2.5391733194032664,18178,0.726427549785455,0.8639532707635138,7.68331133753901,6.971053200394835,0.586903959325669,2.034281917003682,"[""y@t"", ""throughput_2@t"", ""throughput_2@t-1"", ""buffer_size_3@t""]",4,50,6250000.0,5707,0.11840004819131954,4.627330502093311,7.7230718450874685,,
"ar_order=2,n_bins=50,other_lags=2",persistence,5,166718,33201,0.8454564621547543,4.270195757532284,5.906972682153157,4.6273305020933195,33108,0.8473782771535581,4.217094046719432,5.522727847326062,4.240364866497532,93,0.16129032258064516,23.174404806907805,142.69813388059904,142.38709677419354,5131,0.0,27.631021115928547,26.5897945636685,25.006236601052425,28070,1.0,0.0,2.1262972609185575,0.9022087638047839,18178,0.7220266255913742,7.680688177950652,8.295814485520427,7.7230718450874685,0.599000207685501,2.034281917003682,"[""y@t"", ""throughput_2@t"", ""throughput_2@t-1"", ""buffer_size_3@t""]",4,50,6250000.0,5707,0.11840004819131954,4.627330502093311,7.7230718450874685,,
"ar_order=2,level=True,n_bins=50,other_lags=2",model,1,33200,33558,0.8062757017700697,0.7622454955846685,8.126249799854886,7.698999204798324,33464,0.8083014582835286,0.7319283178383191,7.7274157956821234,7.297798974989594,94,0.0851063829787234,11.55516077328506,150.11115528535825,150.52628101670595,6857,0.43357153274026544,2.5461898098724673,18.2933036872037,18.02534078828149,26701,0.9019886895621887,0.3041163557370435,5.515280603736732,5.0471238354135055,19299,0.7558422716202912,0.9605693164154159,7.303714938161174,7.302945477312962,0.5544781525991076,0.31225833300413797,"[""y@t"", ""throughput_2@t"", ""throughput_2@t-1""]",3,50,125000.0,845,0.15653495440729484,4.986888372370225,7.9259028965231355,,
"ar_order=2,level=True,n_bins=50,other_lags=2",ar,1,33200,33558,0.7179808093450146,0.9705155174927659,8.699045246805614,8.03341105664135,33464,0.7198183122161128,0.9471036297237357,8.301904659745468,7.633265087415092,94,0.06382978723404255,9.30514756326751,150.08109424021782,150.48537610118913,6857,0.06810558553303193,3.1480614777716567,19.93286218434228,18.61565461882234,26701,0.8848732257218831,0.41130677438829966,5.814123980160584,5.315818303340909,19299,0.6528835690968444,1.2158313323679988,7.897232767865246,7.43308318525767,0.4391383832500228,0.31225833300413797,"[""y@t"", ""throughput_2@t"", ""throughput_2@t-1""]",3,50,125000.0,845,0.15653495440729484,4.986888372370225,7.9259028965231355,,
"ar_order=2,level=True,n_bins=50,other_lags=2",persistence,1,33200,33558,0.7956672030514333,5.645923827162586,6.1406311635010145,4.986888372370235,33464,0.7976332775519962,5.591599181122045,5.7285234143978725,4.57094190772174,94,0.09574468085106383,24.985497817594958,152.85098984421973,153.06382978723406,6857,0.0,27.631021115928547,22.029718219358642,20.565115939915415,26701,1.0,0.0,2.06020458988895,0.9862926482154333,19299,0.6491009896885849,9.695697963473139,8.360962159586489,7.9259028965231355,0.5604510094152217,0.31225833300413797,"[""y@t"", ""throughput_2@t"", ""throughput_2@t-1""]",3,50,125000.0,845,0.15653495440729484,4.986888372370225,7.9259028965231355,,
"ar_order=2,level=True,n_bins=50,other_lags=2",model,2,66758,33201,0.8300954790518358,0.6219048103751267,6.487236276974406,5.912560706394207,33108,0.8320345535822158,0.5922612011169013,6.070284986706234,5.494046447592541,93,0.13978494623655913,11.175029706303388,154.92189561244348,154.90363683978708,7730,0.4946959896507115,1.686906161056011,13.7798919676655,13.812720828117577,25471,0.9318833182835381,0.29869565326456027,4.2740436858298825,3.515001217527588,20321,0.7786034151862605,0.6874081373594796,6.059983413631198,6.140026773475023,0.6018408622001626,0.6492380830022739,"[""y@t"", ""throughput_2@t"", ""throughput_2@t-1""]",3,50,125000.0,1369,0.13493569470799072,4.608656365772116,6.818069976871217,,
"ar_order=2,level=True,n_bins=50,other_lags=2",ar,2,66758,33201,0.7325984157103702,0.9171399710491813,7.373741669393243,6.540276144397076,33108,0.7342636220852966,0.8944300371863646,6.959766543001009,6.124044761382648,93,0.13978494623655913,9.001876426211929,154.74888666502878,154.7186484975335,7730,0.0445019404915912,2.482124835829431,16.107731931463135,14.89463439446438,25471,0.9414235797573711,0.44219462124935666,4.723129415229675,4.004875521216979,20321,0.6342207568525171,1.0433943826387624,6.954882050202841,6.479633346249394,0.47865510435458447,0.6492380830022739,"[""y@t"", ""throughput_2@t"", ""throughput_2@t-1""]",3,50,125000.0,1369,0.13493569470799072,4.608656365772116,6.818069976871217,,
"ar_order=2,level=True,n_bins=50,other_lags=2",persistence,2,66758,33201,0.7671756874792928,6.433173495561208,5.677276858106787,4.608656365772123,33108,0.7689380210221095,6.384478420226332,5.256456302101787,4.184789174821803,93,0.13978494623655913,23.76862031477724,155.48939479588694,155.50537634408602,7730,0.0,27.63102111592855,17.791637839021295,16.433764553686935,25471,1.0,0.0,2.000781613221658,1.0199442503239073,20321,0.6235421485163132,10.401914843602842,7.227764413554053,6.818069976871217,0.5592495592514928,0.6492380830022739,"[""y@t"", ""throughput_2@t"", ""throughput_2@t-1""]",3,50,125000.0,1369,0.13493569470799072,4.608656365772116,6.818069976871217,,
"ar_order=2,level=True,n_bins=50,other_lags=2",model,3,99959,33201,0.8576548899129545,0.5205239637862914,5.366601926608213,4.740031554977463,33108,0.8598526036003383,0.49185336756307596,4.9201190051161126,4.292022853787806,93,0.07526881720430108,10.727256219251004,164.31452197779552,164.23112917849554,7313,0.5514836592369753,1.6410858775047983,14.51089521337133,14.642191775253657,25888,0.9441440049443758,0.20398080575850103,2.783466234160024,1.9428089927525014,19992,0.8037214885954381,0.6471400418941757,6.111848260618486,6.162022221045666,0.5956182100541004,0.9124737500023912,"[""y@t"", ""throughput_2@t"", ""throughput_2@t-1""]",3,50,125000.0,1813,0.08650341857172977,4.94388723231228,7.444927971188475,,
"ar_order=2,level=True,n_bins=50,other_lags=2",ar,3,99959,33201,0.7703984819734345,0.8172758606999346,6.458884894336006,5.391391638326153,33108,0.7723812975715839,0.7950338825141621,6.015232425849335,4.9451891204019764,93,0.06451612903225806,8.735420094834907,164.39916367559144,164.239488019333,7313,0.01859701900724737,2.5891284823324927,17.906942924230105,16.517091802953658,25888,0.9827719406674907,0.3167521345720412,3.2249676982368287,2.2485360564379824,19992,0.6438575430172069,1.0564925657790885,7.455650921751329,6.7030807869050335,0.49207223845002696,0.9124737500023912,"[""y@t"", ""throughput_2@t"", ""throughput_2@t-1""]",3,50,125000.0,1813,0.08650341857172977,4.94388723231228,7.444927971188475,,
"ar_order=2,level=True,n_bins=50,other_lags=2",persistence,3,99959,33201,0.7797355501340321,6.086131665334944,6.174888903913046,4.9438872323122895,33108,0.7817445934517337,6.030619747000715,5.729390879046296,4.495559985502003,93,0.06451612903225806,25.848374592320244,164.77218575647626,164.5483870967742,7313,0.0,27.631021115928547,20.32946219700618,18.842609052372488,25888,1.0,0.0,2.1764187829152832,1.0176915945611988,19992,0.6385554221688675,9.9870827622899,8.055241529817684,7.444927971188475,0.5368484213669686,0.9124737500023912,"[""y@t"", ""throughput_2@t"", ""throughput_2@t-1""]",3,50,125000.0,1813,0.08650341857172977,4.94388723231228,7.444927971188475,,
"ar_order=2,level=True,n_bins=50,other_lags=2",model,4,133160,33558,0.8672149710948209,0.4648834925231162,5.633044181672561,5.082161077554965,33464,0.8692326081759503,0.4348426821052546,5.254728948722205,4.702911825757984,94,0.14893617021276595,11.159412001281828,140.31326711199947,140.09489471728048,7407,0.5420548130147158,1.7173303604696004,15.938405068964954,16.141501491675125,26151,0.959313219379756,0.11014088417622281,2.714157405175496,1.949717406284727,18970,0.7875065893516078,0.7062896996634163,7.071690312161794,7.14754437154721,0.6166120833743868,1.3839204169998993,"[""y@t"", ""throughput_2@t"", ""throughput_2@t-1""]",3,50,125000.0,2145,0.10376065319744919,5.052863698670958,8.242224565102793,,
"ar_order=2,level=True,n_bins=50,other_lags=2",ar,4,133160,33558,0.7838071398772275,0.7464284756594431,6.367557779185415,5.628185077278612,33464,0.7855606024384413,0.7241402824799402,5.991201238653576,5.250222750583262,94,0.1595744680851064,8.6810252475625,140.35048620851978,140.18277338082294,7407,0.0371270419873093,2.5835511939041105,18.72556852586838,17.27324173801377,26151,0.9952965469771711,0.2260824860591124,2.8672791817826124,2.329843343269767,18970,0.6237216657880864,1.0983511346422106,8.119812577175798,7.4248361918451815,0.5191341856127449,1.3839204169998993,"[""y@t"", ""throughput_2@t"", ""throughput_2@t-1""]",3,50,125000.0,2145,0.10376065319744919,5.052863698670958,8.242224565102793,,
"ar_order=2,level=True,n_bins=50,other_lags=2",persistence,4,133160,33558,0.7792776685142142,6.098783402040728,6.288261746258592,5.052863698670967,33464,0.7810184078412622,6.050684996937735,5.909724988466333,4.672334448960085,94,0.1595744680851064,23.221815618705904,141.0473475203031,140.5212765957447,7407,0.0,27.63102111592855,21.20298317402532,19.632779802889157,26151,1.0,0.0,2.063821318914775,0.9232534128714127,18970,0.6137058513442277,10.673701778467285,8.900384734799818,8.242224565102793,0.5391515320147137,1.3839204169998993,"[""y@t"", ""throughput_2@t"", ""throughput_2@t-1""]",3,50,125000.0,2145,0.10376065319744919,5.052863698670958,8.242224565102793,,
"ar_order=2,level=True,n_bins=50,other_lags=2",model,5,166718,33201,0.908406373302009,0.3327843685244859,5.415064268462943,4.6673532736653245,33108,0.9105050138939229,0.30597236142605216,5.034640637509857,4.285513141390413,93,0.16129032258064516,9.877858895566902,140.8458768877611,140.60244036353413,5131,0.5248489573182615,1.7230907933234547,19.522886120596784,19.440966749040143,28070,0.9785179907374421,0.07864606194651975,2.8362529423746357,1.9668398877676345,18178,0.8500935196391242,0.5022681109745956,6.400183009804281,6.31051327891822,0.7017883942400436,2.1418016660027206,"[""y@t"", ""throughput_2@t"", ""throughput_2@t-1"", ""buffer_size_3@t""]",4,50,6250000.0,5707,0.11840004819131954,4.627330502093311,7.7230718450874685,,
"ar_order=2,level=True,n_bins=50,other_lags=2",ar,5,166718,33201,0.8472636366374506,0.5943110392701321,6.4292395659558075,5.541845404024391,33108,0.8491905279690709,0.574176861942982,6.052760130901417,5.163743825163316,93,0.16129032258064516,7.762078167735536,140.45591844531876,140.14600747856724,5131,0.027285129604365622,2.666926322923236,23.46516457567482,21.968468950178156,28070,0.9971499821873887,0.21545143754501359,3.3151914282690167,2.5391733194032664,18178,0.726427549785455,0.8639532707635138,7.68331133753901,6.971053200394835,0.586903959325669,2.1418016660027206,"[""y@t"", ""throughput_2@t"", ""throughput_2@t-1"", ""buffer_size_3@t""]",4,50,6250000.0,5707,0.11840004819131954,4.627330502093311,7.7230718450874685,,
"ar_order=2,level=True,n_bins=50,other_lags=2",persistence,5,166718,33201,0.8454564621547543,4.270195757532284,5.906972682153157,4.6273305020933195,33108,0.8473782771535581,4.217094046719432,5.522727847326062,4.240364866497532,93,0.16129032258064516,23.174404806907805,142.69813388059904,142.38709677419354,5131,0.0,27.631021115928547,26.5897945636685,25.006236601052425,28070,1.0,0.0,2.1262972609185575,0.9022087638047839,18178,0.7220266255913742,7.680688177950652,8.295814485520427,7.7230718450874685,0.599000207685501,2.1418016660027206,"[""y@t"", ""throughput_2@t"", ""throughput_2@t-1"", ""buffer_size_3@t""]",4,50,6250000.0,5707,0.11840004819131954,4.627330502093311,7.7230718450874685,,
"ar_order=2,forced=('y@t', 'level_throughput_3@t'),level=True,n_bins=50,other_lags=2",model,1,33200,33558,0.7970379641218189,0.7952766844493833,8.398673917944109,7.980595466973982,33464,0.7990377719340186,0.7656250129248161,8.000387135143102,7.579959295255729,94,0.0851063829787234,11.351271747195215,150.1887685951021,150.60707259867203,6857,0.3791745661367945,2.641437812548335,18.599312883107213,18.207915879473685,26701,0.9043481517546159,0.3211698399351509,5.779079843410442,5.35414941369843,19299,0.7434582102699622,0.9864547505903577,7.403305909251312,7.356851671399247,0.5396880263209798,0.2315923339992878,"[""y@t"", ""level_throughput_3@t"", ""throughput_2@t"", ""throughput_2@t-1""]",4,50,6250000.0,1580,0.19795577805590323,4.986888372370225,7.9259028965231355,,
"ar_order=2,forced=('y@t', 'level_throughput_3@t'),level=True,n_bins=50,other_lags=2",ar,1,33200,33558,0.7179808093450146,0.9705155174927659,8.699045246805614,8.03341105664135,33464,0.7198183122161128,0.9471036297237357,8.301904659745468,7.633265087415092,94,0.06382978723404255,9.30514756326751,150.08109424021782,150.48537610118913,6857,0.06810558553303193,3.1480614777716567,19.93286218434228,18.61565461882234,26701,0.8848732257218831,0.41130677438829966,5.814123980160584,5.315818303340909,19299,0.6528835690968444,1.2158313323679988,7.897232767865246,7.43308318525767,0.4391383832500228,0.2315923339992878,"[""y@t"", ""level_throughput_3@t"", ""throughput_2@t"", ""throughput_2@t-1""]",4,50,6250000.0,1580,0.19795577805590323,4.986888372370225,7.9259028965231355,,
"ar_order=2,forced=('y@t', 'level_throughput_3@t'),level=True,n_bins=50,other_lags=2",persistence,1,33200,33558,0.7956672030514333,5.645923827162586,6.1406311635010145,4.986888372370235,33464,0.7976332775519962,5.591599181122045,5.7285234143978725,4.57094190772174,94,0.09574468085106383,24.985497817594958,152.85098984421973,153.06382978723406,6857,0.0,27.631021115928547,22.029718219358642,20.565115939915415,26701,1.0,0.0,2.06020458988895,0.9862926482154333,19299,0.6491009896885849,9.695697963473139,8.360962159586489,7.9259028965231355,0.5604510094152217,0.2315923339992878,"[""y@t"", ""level_throughput_3@t"", ""throughput_2@t"", ""throughput_2@t-1""]",4,50,6250000.0,1580,0.19795577805590323,4.986888372370225,7.9259028965231355,,
"ar_order=2,forced=('y@t', 'level_throughput_3@t'),level=True,n_bins=50,other_lags=2",model,2,66758,33201,0.8104876359145808,0.6712921396752485,6.696575051091354,6.14037505364611,33108,0.8123716322339012,0.6419024118949479,6.280504180802685,5.722781677903132,93,0.13978494623655913,11.13403522946228,154.8178048738573,154.80361681814603,7730,0.46364812419146184,1.802781260500405,14.174438129113042,14.132245757590232,25471,0.9157473204821169,0.3279051150598639,4.4271752790718955,3.7149830179393035,20321,0.7717632006298902,0.7259761904928794,6.196184266395551,6.249967540334346,0.5401499004697037,0.44967541699588764,"[""y@t"", ""level_throughput_3@t"", ""throughput_2@t"", ""throughput_2@t-1""]",4,50,6250000.0,2711,0.1894822445107075,4.608656365772116,6.818069976871217,,
"ar_order=2,forced=('y@t', 'level_throughput_3@t'),level=True,n_bins=50,other_lags=2",ar,2,66758,33201,0.7325984157103702,0.9171399710491813,7.373741669393243,6.540276144397076,33108,0.7342636220852966,0.8944300371863646,6.959766543001009,6.124044761382648,93,0.13978494623655913,9.001876426211929,154.74888666502878,154.7186484975335,7730,0.0445019404915912,2.482124835829431,16.107731931463135,14.89463439446438,25471,0.9414235797573711,0.44219462124935666,4.723129415229675,4.004875521216979,20321,0.6342207568525171,1.0433943826387624,6.954882050202841,6.479633346249394,0.47865510435458447,0.44967541699588764,"[""y@t"", ""level_throughput_3@t"", ""throughput_2@t"", ""throughput_2@t-1""]",4,50,6250000.0,2711,0.1894822445107075,4.608656365772116,6.818069976871217,,
"ar_order=2,forced=('y@t', 'level_throughput_3@t'),level=True,n_bins=50,other_lags=2",persistence,2,66758,33201,0.7671756874792928,6.433173495561208,5.677276858106787,4.608656365772123,33108,0.7689380210221095,6.384478420226332,5.256456302101787,4.184789174821803,93,0.13978494623655913,23.76862031477724,155.48939479588694,155.50537634408602,7730,0.0,27.63102111592855,17.791637839021295,16.433764553686935,25471,1.0,0.0,2.000781613221658,1.0199442503239073,20321,0.6235421485163132,10.401914843602842,7.227764413554053,6.818069976871217,0.5592495592514928,0.44967541699588764,"[""y@t"", ""level_throughput_3@t"", ""throughput_2@t"", ""throughput_2@t-1""]",4,50,6250000.0,2711,0.1894822445107075,4.608656365772116,6.818069976871217,,
"ar_order=2,forced=('y@t', 'level_throughput_3@t'),level=True,n_bins=50,other_lags=2",model,3,99959,33201,0.8503358332580344,0.543563206759169,5.466175082598684,4.835302353660265,33108,0.8525129877975112,0.5153764996632834,5.020052243471476,4.387720489890199,93,0.07526881720430108,10.57803093289448,164.28590581188456,164.17444585580347,7313,0.4857103787775195,1.751580938947269,15.071578186563194,15.150702164362777,25888,0.9533374536464772,0.20231499617930288,2.7527822790104395,1.921345353673111,19992,0.7899659863945578,0.6811422280692356,6.299382514529274,6.321701166779584,0.5755387880398926,0.7748185000018566,"[""y@t"", ""level_throughput_3@t"", ""throughput_2@t"", ""throughput_2@t-1""]",4,50,6250000.0,3797,0.10478600042167405,4.94388723231228,7.444927971188475,,
"ar_order=2,forced=('y@t', 'level_throughput_3@t'),level=True,n_bins=50,other_lags=2",ar,3,99959,33201,0.7703984819734345,0.8172758606999346,6.458884894336006,5.391391638326153,33108,0.7723812975715839,0.7950338825141621,6.015232425849335,4.9451891204019764,93,0.06451612903225806,8.735420094834907,164.39916367559144,164.239488019333,7313,0.01859701900724737,2.5891284823324927,17.906942924230105,16.517091802953658,25888,0.9827719406674907,0.3167521345720412,3.2249676982368287,2.2485360564379824,19992,0.6438575430172069,1.0564925657790885,7.455650921751329,6.7030807869050335,0.49207223845002696,0.7748185000018566,"[""y@t"", ""level_throughput_3@t"", ""throughput_2@t"", ""throughput_2@t-1""]",4,50,6250000.0,3797,0.10478600042167405,4.94388723231228,7.444927971188475,,
"ar_order=2,forced=('y@t', 'level_throughput_3@t'),level=True,n_bins=50,other_lags=2",persistence,3,99959,33201,0.7797355501340321,6.086131665334944,6.174888903913046,4.9438872323122895,33108,0.7817445934517337,6.030619747000715,5.729390879046296,4.495559985502003,93,0.06451612903225806,25.848374592320244,164.77218575647626,164.5483870967742,7313,0.0,27.631021115928547,20.32946219700618,18.842609052372488,25888,1.0,0.0,2.1764187829152832,1.0176915945611988,19992,0.6385554221688675,9.9870827622899,8.055241529817684,7.444927971188475,0.5368484213669686,0.7748185000018566,"[""y@t"", ""level_throughput_3@t"", ""throughput_2@t"", ""throughput_2@t-1""]",4,50,6250000.0,3797,0.10478600042167405,4.94388723231228,7.444927971188475,,
"ar_order=2,forced=('y@t', 'level_throughput_3@t'),level=True,n_bins=50,other_lags=2",model,4,133160,33558,0.8626854997318076,0.46742285427733143,5.531990016352079,4.973024993332557,33464,0.8646605307195793,0.43802030663530167,5.15304007011277,4.592966591261257,94,0.1595744680851064,10.934729814839939,140.43817087754624,140.27381613071535,7407,0.47644120426623465,1.7455820515110325,16.20456710928111,16.316793862764275,26151,0.9720851975067875,0.10539749486813013,2.5090930515199386,1.7600199068777085,18970,0.7739588824459673,0.7110014942700073,7.095465446383497,7.1416707040840475,0.5965786790343214,1.1066144580036053,"[""y@t"", ""level_throughput_3@t"", ""throughput_2@t"", ""throughput_2@t-1""]",4,50,6250000.0,4612,0.13838726980153765,5.052863698670958,8.242224565102793,,
"ar_order=2,forced=('y@t', 'level_throughput_3@t'),level=True,n_bins=50,other_lags=2",ar,4,133160,33558,0.7838071398772275,0.7464284756594431,6.367557779185415,5.628185077278612,33464,0.7855606024384413,0.7241402824799402,5.991201238653576,5.250222750583262,94,0.1595744680851064,8.6810252475625,140.35048620851978,140.18277338082294,7407,0.0371270419873093,2.5835511939041105,18.72556852586838,17.27324173801377,26151,0.9952965469771711,0.2260824860591124,2.8672791817826124,2.329843343269767,18970,0.6237216657880864,1.0983511346422106,8.119812577175798,7.4248361918451815,0.5191341856127449,1.1066144580036053,"[""y@t"", ""level_throughput_3@t"", ""throughput_2@t"", ""throughput_2@t-1""]",4,50,6250000.0,4612,0.13838726980153765,5.052863698670958,8.242224565102793,,
"ar_order=2,forced=('y@t', 'level_throughput_3@t'),level=True,n_bins=50,other_lags=2",persistence,4,133160,33558,0.7792776685142142,6.098783402040728,6.288261746258592,5.052863698670967,33464,0.7810184078412622,6.050684996937735,5.909724988466333,4.672334448960085,94,0.1595744680851064,23.221815618705904,141.0473475203031,140.5212765957447,7407,0.0,27.63102111592855,21.20298317402532,19.632779802889157,26151,1.0,0.0,2.063821318914775,0.9232534128714127,18970,0.6137058513442277,10.673701778467285,8.900384734799818,8.242224565102793,0.5391515320147137,1.1066144580036053,"[""y@t"", ""level_throughput_3@t"", ""throughput_2@t"", ""throughput_2@t-1""]",4,50,6250000.0,4612,0.13838726980153765,5.052863698670958,8.242224565102793,,
"ar_order=2,forced=('y@t', 'level_throughput_3@t'),level=True,n_bins=50,other_lags=2",model,5,166718,33201,0.910394265232975,0.3434958965746238,5.303807074013942,4.534038104867989,33108,0.912498489790987,0.3161798271320654,4.922753113873257,4.151608098324905,93,0.16129032258064516,10.068016618125414,140.9590168840977,140.6791204342057,5131,0.5445332293899825,1.7645747308343227,19.897340855541117,19.88151255585852,28070,0.9772711079444246,0.08373260841692819,2.636210998737277,1.7286269396370502,18178,0.8552646055671691,0.5184863962103456,6.5812501996165205,6.449245068425778,0.6812989682226916,1.4762818339950172,"[""y@t"", ""level_throughput_3@t"", ""throughput_2@t"", ""throughput_2@t-1""]",4,50,6250000.0,5491,0.04445649227432909,4.627330502093311,7.7230718450874685,,
"ar_order=2,forced=('y@t', 'level_throughput_3@t'),level=True,n_bins=50,other_lags=2",ar,5,166718,33201,0.8472636366374506,0.5943110392701321,6.4292395659558075,5.541845404024391,33108,0.8491905279690709,0.574176861942982,6.052760130901417,5.163743825163316,93,0.16129032258064516,7.762078167735536,140.45591844531876,140.14600747856724,5131,0.027285129604365622,2.666926322923236,23.46516457567482,21.968468950178156,28070,0.9971499821873887,0.21545143754501359,3.3151914282690167,2.5391733194032664,18178,0.726427549785455,0.8639532707635138,7.68331133753901,6.971053200394835,0.586903959325669,1.4762818339950172,"[""y@t"", ""level_throughput_3@t"", ""throughput_2@t"", ""throughput_2@t-1""]",4,50,6250000.0,5491,0.04445649227432909,4.627330502093311,7.7230718450874685,,
"ar_order=2,forced=('y@t', 'level_throughput_3@t'),level=True,n_bins=50,other_lags=2",persistence,5,166718,33201,0.8454564621547543,4.270195757532284,5.906972682153157,4.6273305020933195,33108,0.8473782771535581,4.217094046719432,5.522727847326062,4.240364866497532,93,0.16129032258064516,23.174404806907805,142.69813388059904,142.38709677419354,5131,0.0,27.631021115928547,26.5897945636685,25.006236601052425,28070,1.0,0.0,2.1262972609185575,0.9022087638047839,18178,0.7220266255913742,7.680688177950652,8.295814485520427,7.7230718450874685,0.599000207685501,1.4762818339950172,"[""y@t"", ""level_throughput_3@t"", ""throughput_2@t"", ""throughput_2@t-1""]",4,50,6250000.0,5491,0.04445649227432909,4.627330502093311,7.7230718450874685,,
"ar_order=2,horizon=5,n_bins=50,other_lags=2",model,1,32828,33182,0.7048098366584292,1.082954255267849,9.295325721558594,8.97634015609859,33088,0.7066308027079303,1.0528239024098238,8.902496704994205,8.581558941047865,94,0.06382978723404255,11.688838461292688,147.57113955222354,147.93932785395373,7581,0.22807017543859648,3.14741148309455,21.282448899768355,20.73818634525847,25601,0.8459825788055154,0.4716246101698364,5.745683878895878,5.493407615962618,19582,0.6676539679297314,1.3088321558471485,8.961540227365077,8.851435323749694,0.40078573067458645,0.19730783400154905,"[""y@t"", ""y@t-1""]",2,50,2500.0,319,0.02911216924838768,6.218130311614731,9.801960984577674,,
"ar_order=2,horizon=5,n_bins=50,other_lags=2",ar,1,32828,33182,0.6870893858115846,1.0810675370742153,9.798491428917329,9.365182087854894,33088,0.6888600096711799,1.0581450012800007,9.40653419205503,8.970739112377055,94,0.06382978723404255,9.14980013663782,147.76743880444596,148.20910945605354,7581,0.06463527239150507,3.1249035138673236,22.71542873606365,21.598469889461498,25601,0.8714112729971486,0.4758442825111689,5.973511868529989,5.742645670371994,19582,0.6268511898682464,1.3099315734879506,9.53101078876278,9.117419386570946,0.38764622289438266,0.19730783400154905,"[""y@t"", ""y@t-1""]",2,50,2500.0,319,0.02911216924838768,6.218130311614731,9.801960984577674,,
"ar_order=2,horizon=5,n_bins=50,other_lags=2",persistence,1,32828,33182,0.7715327587246097,6.3127831679782505,7.323507151286819,6.218130311614736,33088,0.7734526112185687,6.259735683178203,6.91008048187063,5.8009550290135445,94,0.09574468085106383,24.985497817594958,152.8496947857852,153.06382978723406,7581,0.0,27.63102111592855,25.118519188320953,23.87640153014114,25601,1.0,0.0,2.05402602739495,0.9891410491777719,19582,0.6171994689000102,10.57716955801248,10.188470083758974,9.801960984577674,0.5211753719396229,0.19730783400154905,"[""y@t"", ""y@t-1""]",2,50,2500.0,319,0.02911216924838768,6.218130311614731,9.801960984577674,,
"ar_order=2,horizon=5,n_bins=50,other_lags=2",model,2,66010,32829,0.6889944865819855,0.9695568420800245,8.976934672371712,8.550371151665871,32736,0.6906158357771262,0.9476549370637721,8.57015604326061,8.142354446310222,93,0.11827956989247312,8.679027407800893,152.16301211947902,152.1722514368542,8173,0.1859782209714915,2.3916000477946042,20.025741900235115,19.45384110872395,24656,0.855734912394549,0.498176280743828,5.314463003271792,4.936076052743269,20458,0.6399452536904878,1.0813808169318808,8.778592634554444,8.754919700535638,0.3852004951203411,0.6232234999988577,"[""y@t"", ""data_quality_1@t+h"", ""throughput_2@t"", ""y@t-1""]",4,50,1250000.0,2093,0.307837582625118,6.289682902311981,9.38615700459478,,
"ar_order=2,horizon=5,n_bins=50,other_lags=2",ar,2,66010,32829,0.6951780438027354,1.0231510261953296,9.285975714521966,8.520799029289224,32736,0.696786412512219,1.0015616074167435,8.872951214447143,8.10564902655676,93,0.12903225806451613,8.62262643625762,154.67059974086038,154.65359999111647,8173,0.05677229903340267,2.6565663122780325,21.37616145688671,20.362094617144802,24656,0.9067975340687865,0.4817045980174447,5.278306665513731,4.595632382649719,20458,0.616580310880829,1.1727938680074783,9.361822861593382,8.960161257508183,0.4075291242602089,0.6232234999988577,"[""y@t"", ""data_quality_1@t+h"", ""throughput_2@t"", ""y@t-1""]",4,50,1250000.0,2093,0.307837582625118,6.289682902311981,9.38615700459478,,
"ar_order=2,horizon=5,n_bins=50,other_lags=2",persistence,2,66010,32829,0.7510432849005453,6.878928251865242,7.293061393718152,6.289682902311985,32736,0.7527798142717498,6.8309461721410605,6.872042107271055,5.865774682306945,93,0.13978494623655913,23.76862031477724,155.4918502230966,155.50537634408602,8173,0.0,27.631021115928547,23.21769359016404,22.092499694114768,24656,1.0,0.0,2.0143455054332624,1.0513465282284296,20458,0.6044090331410695,10.930582358549698,9.707730006063032,9.38615700459478,0.5404828495937747,0.6232234999988577,"[""y@t"", ""data_quality_1@t+h"", ""throughput_2@t"", ""y@t-1""]",4,50,1250000.0,2093,0.307837582625118,6.289682902311981,9.38615700459478,,
"ar_order=2,horizon=5,n_bins=50,other_lags=2",model,3,98839,32829,0.7530232416461056,0.8533793856400326,9.864175274591751,9.265471259674964,32736,0.7549486803519062,0.8319596010570797,9.426805310517937,8.826581913137677,93,0.07526881720430108,8.393143558839391,163.81840262857511,163.75452124080041,7740,0.13643410852713178,2.5319664542672395,20.457851881623746,19.811982682274486,25089,0.9432420582725497,0.33553236458799446,6.596007673713771,6.011854199970699,20132,0.6529405920921916,1.0737127500457226,8.813115333499058,8.563793343534137,0.4596163467180518,0.9637485000057495,"[""y@t"", ""data_quality_1@t+h"", ""buffer_size_3@t"", ""data_quality_1@t""]",4,50,250000.0,1367,0.3244387584148162,6.239300618355722,9.414216173256508,,
"ar_order=2,horizon=5,n_bins=50,other_lags=2",ar,3,98839,32829,0.7559170245819246,0.8934943903581054,8.068457440301936,7.074591476739076,32736,0.7578812316715543,0.8722110197579989,7.624283105841146,6.628057051715152,93,0.06451612903225806,8.385240841595621,164.4178231705005,164.25470908516024,7740,0.021576227390180877,2.6986918259016415,21.977871797974927,20.778744937562063,25089,0.9824624337359001,0.3365878515918346,3.7773789944336724,2.8468363734360382,20132,0.6269123783031989,1.1543870256880469,9.379042749240227,8.696822011603464,0.4747938031276934,0.9637485000057495,"[""y@t"", ""data_quality_1@t+h"", ""buffer_size_3@t"", ""data_quality_1@t""]",4,50,250000.0,1367,0.3244387584148162,6.239300618355722,9.414216173256508,,
"ar_order=2,horizon=5,n_bins=50,other_lags=2",persistence,3,98839,32829,0.7642328429132779,6.514487295905662,7.422607422834111,6.239300618355726,32736,0.7662206744868035,6.459561479722665,6.9755854446583765,5.789558895405674,93,0.06451612903225806,25.848374592320244,164.77434374069264,164.5483870967742,7740,0.0,27.63102111592855,24.41426851707767,23.109302325581396,25089,1.0,0.0,2.180650514649444,1.034875842002477,20132,0.6198589310550368,10.503685903049929,9.963635691449477,9.414216173256508,0.5156373572072891,0.9637485000057495,"[""y@t"", ""data_quality_1@t+h"", ""buffer_size_3@t"", ""data_quality_1@t""]",4,50,250000.0,1367,0.3244387584148162,6.239300618355722,9.414216173256508,,
"ar_order=2,horizon=5,n_bins=50,other_lags=2",model,4,131668,33182,0.7908203242721957,0.7326654538065234,7.590175013170218,7.030748578748913,33088,0.7926438588007737,0.7066047999578041,7.212053693479159,6.651719020434869,94,0.14893617021276595,9.906015608555759,140.68887954442334,140.4491531052925,7594,0.21635501711877797,2.5667106509954443,20.904980702845453,20.350696768640013,25588,0.9613099890573706,0.18835799611335996,3.638610435735728,3.077657811434818,18936,0.6566856780735107,1.118098588815126,9.166526714818302,9.02116447693866,0.5108868975297305,1.3238263329985784,"[""y@t"", ""y@t-1"", ""throughput_2@t""]",3,50,125000.0,2416,0.09239949370140438,6.158188174311373,10.093578369243769,,
"ar_order=2,horizon=5,n_bins=50,other_lags=2",ar,4,131668,33182,0.7763847869326743,0.8226973463520943,8.078028380770364,7.362029744767936,33088,0.7781370889748549,0.8022513331515984,7.702521149791103,6.984967714287247,94,0.1595744680851064,8.019693992926701,140.2565736854707,140.08786447397023,7594,0.03937318936002107,2.7640559548289354,22.6686146074949,21.37848326250249,25588,0.9951148976082539,0.2465414423043715,3.7478379866111475,3.2022303069972544,18936,0.6145437262357415,1.2068586685247393,9.893572510462898,9.276102630031374,0.5076437750939247,1.3238263329985784,"[""y@t"", ""y@t-1"", ""throughput_2@t""]",3,50,125000.0,2416,0.09239949370140438,6.158188174311373,10.093578369243769,,
"ar_order=2,horizon=5,n_bins=50,other_lags=2",persistence,4,131668,33182,0.7711409800494244,6.323608412825068,7.353144306608155,6.158188174311378,33088,0.7728783849129593,6.275602142353815,6.973330776965813,5.776474854932306,94,0.1595744680851064,23.221815618705904,141.04750674071218,140.5212765957447,7594,0.0,27.63102111592855,25.15413585502363,23.74348169607585,25588,1.0,0.0,2.070170654166889,0.939229326246685,18936,0.6031368821292775,10.965733190019172,10.675045756852178,10.093578369243769,0.51725936694285,1.3238263329985784,"[""y@t"", ""y@t-1"", ""throughput_2@t""]",3,50,125000.0,2416,0.09239949370140438,6.158188174311373,10.093578369243769,,
"ar_order=2,horizon=5,n_bins=50,other_lags=2",model,5,164850,32829,0.8442840171799324,0.5688777980954155,7.461874296683034,6.959217590114425,32736,0.846224340175953,0.5496643549244008,7.0940817445440985,6.590813912547006,93,0.16129032258064516,7.332009794292584,136.92485264958827,136.63731209384576,5390,0.2560296846011132,2.4581952654523014,26.480766751701342,26.06190945161551,27439,0.9598381865228325,0.19774834188150048,3.7258842703501265,3.2067663661816703,18218,0.7515643868701285,0.8327345620401259,8.757363382126066,8.697413479811566,0.5701601898431808,2.1885494160014787,"[""y@t"", ""y@t-1"", ""data_quality_1@t+h"", ""data_quality_1@t""]",4,50,250000.0,1877,0.053276066892077124,6.035030003959913,10.14831485344165,,
"ar_order=2,horizon=5,n_bins=50,other_lags=2",ar,5,164850,32829,0.838618294800329,0.6694749616095321,7.829397438653657,6.919260856650084,32736,0.8405425219941349,0.6497150023900876,7.45267768583238,6.5409125753499335,93,0.16129032258064516,7.624980606853974,140.43475043174303,140.09785587430312,5390,0.034137291280148425,2.8879356711393256,29.75854435796885,28.49972496597571,27439,0.9966471081307627,0.23369001229047573,3.521729451660366,2.6800866320331105,18218,0.715336480403996,0.9757486924458499,9.885903196523332,9.230255277903897,0.567841678387455,2.1885494160014787,"[""y@t"", ""y@t-1"", ""data_quality_1@t+h"", ""data_quality_1@t""]",4,50,250000.0,1877,0.053276066892077124,6.035030003959913,10.14831485344165,,
"ar_order=2,horizon=5,n_bins=50,other_lags=2",persistence,5,164850,32829,0.8358158944835359,4.53657448642526,7.272027530649131,6.035030003959921,32736,0.8377321603128055,4.483626104832981,6.887294981561232,5.647666177908122,93,0.16129032258064516,23.174404806907805,142.69788480958982,142.38709677419354,5390,0.0,27.631021115928544,33.41798391871439,32.03896103896104,27439,1.0,0.0,2.1360274966948416,0.9269288239367427,18218,0.7084202437150071,8.056646402887937,10.667854093210131,10.14831485344165,0.5803661433019756,2.1885494160014787,"[""y@t"", ""y@t-1"", ""data_quality_1@t+h"", ""data_quality_1@t""]",4,50,250000.0,1877,0.053276066892077124,6.035030003959913,10.14831485344165,,
"ar_order=2,horizon=5,level=True,n_bins=50,other_lags=2",model,1,32828,33182,0.7115002109577482,1.0600444200488697,9.222897842715625,9.067462936092365,33088,0.7133401837524178,1.0305531738202884,8.829893452906868,8.672762223674997,94,0.06382978723404255,11.440963092509433,147.56044305539822,148.00211370700578,7581,0.24508640021105396,3.086057402203455,21.301343613074675,20.798634117167328,25601,0.8496152494043201,0.4600989328525137,5.646213440344939,5.593613917548976,19582,0.6789909100194056,1.2787328331522185,8.984295074535876,8.898454776315702,0.4101138247349383,0.37136354099493474,"[""y@t"", ""y@t-1"", ""level_throughput_3@t""]",3,50,125000.0,916,0.0690434572961244,6.218130311614731,9.801960984577674,,
"ar_order=2,horizon=5,level=True,n_bins=50,other_lags=2",ar,1,32828,33182,0.6870893858115846,1.0810675370742153,9.798491428917329,9.365182087854894,33088,0.6888600096711799,1.0581450012800007,9.40653419205503,8.970739112377055,94,0.06382978723404255,9.14980013663782,147.76743880444596,148.20910945605354,7581,0.06463527239150507,3.1249035138673236,22.71542873606365,21.598469889461498,25601,0.8714112729971486,0.4758442825111689,5.973511868529989,5.742645670371994,19582,0.6268511898682464,1.3099315734879506,9.53101078876278,9.117419386570946,0.38764622289438266,0.37136354099493474,"[""y@t"", ""y@t-1"", ""level_throughput_3@t""]",3,50,125000.0,916,0.0690434572961244,6.218130311614731,9.801960984577674,,
"ar_order=2,horizon=5,level=True,n_bins=50,other_lags=2",persistence,1,32828,33182,0.7715327587246097,6.3127831679782505,7.323507151286819,6.218130311614736,33088,0.7734526112185687,6.259735683178203,6.91008048187063,5.8009550290135445,94,0.09574468085106383,24.985497817594958,152.8496947857852,153.06382978723406,7581,0.0,27.63102111592855,25.118519188320953,23.87640153014114,25601,1.0,0.0,2.05402602739495,0.9891410491777719,19582,0.6171994689000102,10.57716955801248,10.188470083758974,9.801960984577674,0.5211753719396229,0.37136354099493474,"[""y@t"", ""y@t-1"", ""level_throughput_3@t""]",3,50,125000.0,916,0.0690434572961244,6.218130311614731,9.801960984577674,,
"ar_order=2,horizon=5,level=True,n_bins=50,other_lags=2",model,2,66010,32829,0.7066617929269853,0.9644808771158048,8.93120441975299,8.581571690807726,32736,0.7083333333333334,0.9422565278564801,8.527521375038901,8.17702833159563,93,0.11827956989247312,8.787451816398017,151.02763615911215,150.98083413346666,8173,0.22721155022635506,2.3823925602700444,19.83033653403049,19.3034838505886,24656,0.865590525632706,0.49446983775744946,5.318347234078508,5.027459584955641,20458,0.6513833219278522,1.0736909067084786,8.677554521516583,8.692768770465085,0.40557355991142874,0.8179337499968824,"[""y@t"", ""data_quality_1@t+h"", ""level_throughput_3@t"", ""throughput_2@t""]",4,50,1250000.0,2253,0.3483810045995918,6.289682902311981,9.38615700459478,,
"ar_order=2,horizon=5,level=True,n_bins=50,other_lags=2",ar,2,66010,32829,0.6951780438027354,1.0231510261953296,9.285975714521966,8.520799029289224,32736,0.696786412512219,1.0015616074167435,8.872951214447143,8.10564902655676,93,0.12903225806451613,8.62262643625762,154.67059974086038,154.65359999111647,8173,0.05677229903340267,2.6565663122780325,21.37616145688671,20.362094617144802,24656,0.9067975340687865,0.4817045980174447,5.278306665513731,4.595632382649719,20458,0.616580310880829,1.1727938680074783,9.361822861593382,8.960161257508183,0.4075291242602089,0.8179337499968824,"[""y@t"", ""data_quality_1@t+h"", ""level_throughput_3@t"", ""throughput_2@t""]",4,50,1250000.0,2253,0.3483810045995918,6.289682902311981,9.38615700459478,,
"ar_order=2,horizon=5,level=True,n_bins=50,other_lags=2",persistence,2,66010,32829,0.7510432849005453,6.878928251865242,7.293061393718152,6.289682902311985,32736,0.7527798142717498,6.8309461721410605,6.872042107271055,5.865774682306945,93,0.13978494623655913,23.76862031477724,155.4918502230966,155.50537634408602,8173,0.0,27.631021115928547,23.21769359016404,22.092499694114768,24656,1.0,0.0,2.0143455054332624,1.0513465282284296,20458,0.6044090331410695,10.930582358549698,9.707730006063032,9.38615700459478,0.5404828495937747,0.8179337499968824,"[""y@t"", ""data_quality_1@t+h"", ""level_throughput_3@t"", ""throughput_2@t""]",4,50,1250000.0,2253,0.3483810045995918,6.289682902311981,9.38615700459478,,
"ar_order=2,horizon=5,level=True,n_bins=50,other_lags=2",model,3,98839,32829,0.7800724968777605,0.7948915911698414,8.41269237805589,7.822433982348374,32736,0.782074780058651,0.7738382600709042,7.9806872698263405,7.3887937374252886,93,0.07526881720430108,8.205664137995738,160.4784904748579,160.46380019527476,7740,0.21808785529715763,2.3979148851185856,19.795651235266547,19.34257120803117,25089,0.9534457331898442,0.3003561256206652,4.9010298345184635,4.268451674293655,20132,0.6741506060003973,1.0254456510213164,8.654517257118547,8.49329224680224,0.48360987206732586,1.3024962920026155,"[""y@t"", ""level_throughput_3@t"", ""data_quality_1@t+h"", ""data_quality_1@t""]",4,50,250000.0,1949,0.23125894788144627,6.239300618355722,9.414216173256508,,
"ar_order=2,horizon=5,level=True,n_bins=50,other_lags=2",ar,3,98839,32829,0.7559170245819246,0.8934943903581054,8.068457440301936,7.074591476739076,32736,0.7578812316715543,0.8722110197579989,7.624283105841146,6.628057051715152,93,0.06451612903225806,8.385240841595621,164.4178231705005,164.25470908516024,7740,0.021576227390180877,2.6986918259016415,21.977871797974927,20.778744937562063,25089,0.9824624337359001,0.3365878515918346,3.7773789944336724,2.8468363734360382,20132,0.6269123783031989,1.1543870256880469,9.379042749240227,8.696822011603464,0.4747938031276934,1.3024962920026155,"[""y@t"", ""level_throughput_3@t"", ""data_quality_1@t+h"", ""data_quality_1@t""]",4,50,250000.0,1949,0.23125894788144627,6.239300618355722,9.414216173256508,,
"ar_order=2,horizon=5,level=True,n_bins=50,other_lags=2",persistence,3,98839,32829,0.7642328429132779,6.514487295905662,7.422607422834111,6.239300618355726,32736,0.7662206744868035,6.459561479722665,6.9755854446583765,5.789558895405674,93,0.06451612903225806,25.848374592320244,164.77434374069264,164.5483870967742,7740,0.0,27.63102111592855,24.41426851707767,23.109302325581396,25089,1.0,0.0,2.180650514649444,1.034875842002477,20132,0.6198589310550368,10.503685903049929,9.963635691449477,9.414216173256508,0.5156373572072891,1.3024962920026155,"[""y@t"", ""level_throughput_3@t"", ""data_quality_1@t+h"", ""data_quality_1@t""]",4,50,250000.0,1949,0.23125894788144627,6.239300618355722,9.414216173256508,,
"ar_order=2,horizon=5,level=True,n_bins=50,other_lags=2",model,4,131668,33182,0.796998372611657,0.7185931931673813,7.2460614006110315,6.714789097530725,33088,0.7988394584139265,0.6928105115298742,6.86687057911511,6.334674176028759,94,0.14893617021276595,9.794097129569929,140.72123056717504,140.5152414662227,7594,0.2155649196734264,2.5356280318641677,21.039560853081152,20.528490851768815,25588,0.9695560418946381,0.17933406525338266,3.152430212473698,2.6151622755171235,18936,0.6636565272496832,1.1010191184451696,9.187315068183198,9.076206521049754,0.5130976648309746,1.6583101670039468,"[""y@t"", ""level_throughput_2@t"", ""y@t-1"", ""throughput_2@t""]",4,50,6250000.0,5171,0.1361581580374902,6.158188174311373,10.093578369243769,,
"ar_order=2,horizon=5,level=True,n_bins=50,other_lags=2",ar,4,131668,33182,0.7763847869326743,0.8226973463520943,8.078028380770364,7.362029744767936,33088,0.7781370889748549,0.8022513331515984,7.702521149791103,6.984967714287247,94,0.1595744680851064,8.019693992926701,140.2565736854707,140.08786447397023,7594,0.03937318936002107,2.7640559548289354,22.6686146074949,21.37848326250249,25588,0.9951148976082539,0.2465414423043715,3.7478379866111475,3.2022303069972544,18936,0.6145437262357415,1.2068586685247393,9.893572510462898,9.276102630031374,0.5076437750939247,1.6583101670039468,"[""y@t"", ""level_throughput_2@t"", ""y@t-1"", ""throughput_2@t""]",4,50,6250000.0,5171,0.1361581580374902,6.158188174311373,10.093578369243769,,
"ar_order=2,horizon=5,level=True,n_bins=50,other_lags=2",persistence,4,131668,33182,0.7711409800494244,6.323608412825068,7.353144306608155,6.158188174311378,33088,0.7728783849129593,6.275602142353815,6.973330776965813,5.776474854932306,94,0.1595744680851064,23.221815618705904,141.04750674071218,140.5212765957447,7594,0.0,27.63102111592855,25.15413585502363,23.74348169607585,25588,1.0,0.0,2.070170654166889,0.939229326246685,18936,0.6031368821292775,10.965733190019172,10.675045756852178,10.093578369243769,0.51725936694285,1.6583101670039468,"[""y@t"", ""level_throughput_2@t"", ""y@t-1"", ""throughput_2@t""]",4,50,6250000.0,5171,0.1361581580374902,6.158188174311373,10.093578369243769,,
"ar_order=2,horizon=5,level=True,n_bins=50,other_lags=2",model,5,164850,32829,0.8562551402723202,0.5497917210399538,7.582031212764383,7.077533966047852,32736,0.8582294721407625,0.5289395611570424,7.219572855563389,6.714777097957982,93,0.16129032258064516,7.889751999824769,135.16737294751377,134.76795153368192,5390,0.2901669758812616,2.424567075075241,26.812924441574015,26.447360619381456,27439,0.9674550821822953,0.18151885547451063,3.8043966596362093,3.2726079242289767,18218,0.7703370293116698,0.8078732861595294,8.851016803934483,8.793539211925005,0.5816501945464584,2.1675025840013404,"[""y@t"", ""level_throughput_3@t"", ""y@t-1"", ""data_quality_1@t+h""]",4,50,1250000.0,4725,0.08608242712236133,6.035030003959913,10.14831485344165,,
"ar_order=2,horizon=5,level=True,n_bins=50,other_lags=2",ar,5,164850,32829,0.838618294800329,0.6694749616095321,7.829397438653657,6.919260856650084,32736,0.8405425219941349,0.6497150023900876,7.45267768583238,6.5409125753499335,93,0.16129032258064516,7.624980606853974,140.43475043174303,140.09785587430312,5390,0.034137291280148425,2.8879356711393256,29.75854435796885,28.49972496597571,27439,0.9966471081307627,0.23369001229047573,3.521729451660366,2.6800866320331105,18218,0.715336480403996,0.9757486924458499,9.885903196523332,9.230255277903897,0.567841678387455,2.1675025840013404,"[""y@t"", ""level_throughput_3@t"", ""y@t-1"", ""data_quality_1@t+h""]",4,50,1250000.0,4725,0.08608242712236133,6.035030003959913,10.14831485344165,,
"ar_order=2,horizon=5,level=True,n_bins=50,other_lags=2",persistence,5,164850,32829,0.8358158944835359,4.53657448642526,7.272027530649131,6.035030003959921,32736,0.8377321603128055,4.483626104832981,6.887294981561232,5.647666177908122,93,0.16129032258064516,23.174404806907805,142.69788480958982,142.38709677419354,5390,0.0,27.631021115928544,33.41798391871439,32.03896103896104,27439,1.0,0.0,2.1360274966948416,0.9269288239367427,18218,0.7084202437150071,8.056646402887937,10.667854093210131,10.14831485344165,0.5803661433019756,2.1675025840013404,"[""y@t"", ""level_throughput_3@t"", ""y@t-1"", ""data_quality_1@t+h""]",4,50,1250000.0,4725,0.08608242712236133,6.035030003959913,10.14831485344165,,
"ar_order=2,forced=('y@t', 'level_throughput_3@t'),horizon=5,level=True,n_bins=50,other_lags=2",model,1,32828,33182,0.7115002109577482,1.0600444200488697,9.222897842715625,9.067462936092365,33088,0.7133401837524178,1.0305531738202884,8.829893452906868,8.672762223674997,94,0.06382978723404255,11.440963092509433,147.56044305539822,148.00211370700578,7581,0.24508640021105396,3.086057402203455,21.301343613074675,20.798634117167328,25601,0.8496152494043201,0.4600989328525137,5.646213440344939,5.593613917548976,19582,0.6789909100194056,1.2787328331522185,8.984295074535876,8.898454776315702,0.4101138247349383,0.2315717500023311,"[""y@t"", ""level_throughput_3@t"", ""y@t-1""]",3,50,125000.0,916,0.0690434572961244,6.218130311614731,9.801960984577674,,
"ar_order=2,forced=('y@t', 'level_throughput_3@t'),horizon=5,level=True,n_bins=50,other_lags=2",ar,1,32828,33182,0.6870893858115846,1.0810675370742153,9.798491428917329,9.365182087854894,33088,0.6888600096711799,1.0581450012800007,9.40653419205503,8.970739112377055,94,0.06382978723404255,9.14980013663782,147.76743880444596,148.20910945605354,7581,0.06463527239150507,3.1249035138673236,22.71542873606365,21.598469889461498,25601,0.8714112729971486,0.4758442825111689,5.973511868529989,5.742645670371994,19582,0.6268511898682464,1.3099315734879506,9.53101078876278,9.117419386570946,0.38764622289438266,0.2315717500023311,"[""y@t"", ""level_throughput_3@t"", ""y@t-1""]",3,50,125000.0,916,0.0690434572961244,6.218130311614731,9.801960984577674,,
"ar_order=2,forced=('y@t', 'level_throughput_3@t'),horizon=5,level=True,n_bins=50,other_lags=2",persistence,1,32828,33182,0.7715327587246097,6.3127831679782505,7.323507151286819,6.218130311614736,33088,0.7734526112185687,6.259735683178203,6.91008048187063,5.8009550290135445,94,0.09574468085106383,24.985497817594958,152.8496947857852,153.06382978723406,7581,0.0,27.63102111592855,25.118519188320953,23.87640153014114,25601,1.0,0.0,2.05402602739495,0.9891410491777719,19582,0.6171994689000102,10.57716955801248,10.188470083758974,9.801960984577674,0.5211753719396229,0.2315717500023311,"[""y@t"", ""level_throughput_3@t"", ""y@t-1""]",3,50,125000.0,916,0.0690434572961244,6.218130311614731,9.801960984577674,,
"ar_order=2,forced=('y@t', 'level_throughput_3@t'),horizon=5,level=True,n_bins=50,other_lags=2",model,2,66010,32829,0.7066617929269853,0.9644808771158048,8.93120441975299,8.581571690807726,32736,0.7083333333333334,0.9422565278564801,8.527521375038901,8.17702833159563,93,0.11827956989247312,8.787451816398017,151.02763615911215,150.98083413346666,8173,0.22721155022635506,2.3823925602700444,19.83033653403049,19.3034838505886,24656,0.865590525632706,0.49446983775744946,5.318347234078508,5.027459584955641,20458,0.6513833219278522,1.0736909067084786,8.677554521516583,8.692768770465085,0.40557355991142874,0.4311512079948443,"[""y@t"", ""level_throughput_3@t"", ""data_quality_1@t+h"", ""throughput_2@t""]",4,50,1250000.0,2253,0.3483810045995918,6.289682902311981,9.38615700459478,,
"ar_order=2,forced=('y@t', 'level_throughput_3@t'),horizon=5,level=True,n_bins=50,other_lags=2",ar,2,66010,32829,0.6951780438027354,1.0231510261953296,9.285975714521966,8.520799029289224,32736,0.696786412512219,1.0015616074167435,8.872951214447143,8.10564902655676,93,0.12903225806451613,8.62262643625762,154.67059974086038,154.65359999111647,8173,0.05677229903340267,2.6565663122780325,21.37616145688671,20.362094617144802,24656,0.9067975340687865,0.4817045980174447,5.278306665513731,4.595632382649719,20458,0.616580310880829,1.1727938680074783,9.361822861593382,8.960161257508183,0.4075291242602089,0.4311512079948443,"[""y@t"", ""level_throughput_3@t"", ""data_quality_1@t+h"", ""throughput_2@t""]",4,50,1250000.0,2253,0.3483810045995918,6.289682902311981,9.38615700459478,,
"ar_order=2,forced=('y@t', 'level_throughput_3@t'),horizon=5,level=True,n_bins=50,other_lags=2",persistence,2,66010,32829,0.7510432849005453,6.878928251865242,7.293061393718152,6.289682902311985,32736,0.7527798142717498,6.8309461721410605,6.872042107271055,5.865774682306945,93,0.13978494623655913,23.76862031477724,155.4918502230966,155.50537634408602,8173,0.0,27.631021115928547,23.21769359016404,22.092499694114768,24656,1.0,0.0,2.0143455054332624,1.0513465282284296,20458,0.6044090331410695,10.930582358549698,9.707730006063032,9.38615700459478,0.5404828495937747,0.4311512079948443,"[""y@t"", ""level_throughput_3@t"", ""data_quality_1@t+h"", ""throughput_2@t""]",4,50,1250000.0,2253,0.3483810045995918,6.289682902311981,9.38615700459478,,
"ar_order=2,forced=('y@t', 'level_throughput_3@t'),horizon=5,level=True,n_bins=50,other_lags=2",model,3,98839,32829,0.7800724968777605,0.7948915911698414,8.41269237805589,7.822433982348374,32736,0.782074780058651,0.7738382600709042,7.9806872698263405,7.3887937374252886,93,0.07526881720430108,8.205664137995738,160.4784904748579,160.46380019527476,7740,0.21808785529715763,2.3979148851185856,19.795651235266547,19.34257120803117,25089,0.9534457331898442,0.3003561256206652,4.9010298345184635,4.268451674293655,20132,0.6741506060003973,1.0254456510213164,8.654517257118547,8.49329224680224,0.48360987206732586,0.6629478749964619,"[""y@t"", ""level_throughput_3@t"", ""data_quality_1@t+h"", ""data_quality_1@t""]",4,50,250000.0,1949,0.23125894788144627,6.239300618355722,9.414216173256508,,
"ar_order=2,forced=('y@t', 'level_throughput_3@t'),horizon=5,level=True,n_bins=50,other_lags=2",ar,3,98839,32829,0.7559170245819246,0.8934943903581054,8.068457440301936,7.074591476739076,32736,0.7578812316715543,0.8722110197579989,7.624283105841146,6.628057051715152,93,0.06451612903225806,8.385240841595621,164.4178231705005,164.25470908516024,7740,0.021576227390180877,2.6986918259016415,21.977871797974927,20.778744937562063,25089,0.9824624337359001,0.3365878515918346,3.7773789944336724,2.8468363734360382,20132,0.6269123783031989,1.1543870256880469,9.379042749240227,8.696822011603464,0.4747938031276934,0.6629478749964619,"[""y@t"", ""level_throughput_3@t"", ""data_quality_1@t+h"", ""data_quality_1@t""]",4,50,250000.0,1949,0.23125894788144627,6.239300618355722,9.414216173256508,,
"ar_order=2,forced=('y@t', 'level_throughput_3@t'),horizon=5,level=True,n_bins=50,other_lags=2",persistence,3,98839,32829,0.7642328429132779,6.514487295905662,7.422607422834111,6.239300618355726,32736,0.7662206744868035,6.459561479722665,6.9755854446583765,5.789558895405674,93,0.06451612903225806,25.848374592320244,164.77434374069264,164.5483870967742,7740,0.0,27.63102111592855,24.41426851707767,23.109302325581396,25089,1.0,0.0,2.180650514649444,1.034875842002477,20132,0.6198589310550368,10.503685903049929,9.963635691449477,9.414216173256508,0.5156373572072891,0.6629478749964619,"[""y@t"", ""level_throughput_3@t"", ""data_quality_1@t+h"", ""data_quality_1@t""]",4,50,250000.0,1949,0.23125894788144627,6.239300618355722,9.414216173256508,,
"ar_order=2,forced=('y@t', 'level_throughput_3@t'),horizon=5,level=True,n_bins=50,other_lags=2",model,4,131668,33182,0.7954915315532518,0.7134038187762641,7.326396824714234,6.886537048851909,33088,0.7972981141199227,0.6870791710462313,6.948033456449916,6.507306966557366,94,0.1595744680851064,9.979679819747869,140.5103024537537,140.3755260165307,7594,0.27653410587305766,2.4208700959110487,20.19836826815573,19.9537869620735,25588,0.949507581678912,0.20666242012996308,3.506256479962993,3.0084420105134377,18936,0.6734790874524715,1.0656863838016668,8.898225851619557,8.878773719496188,0.5143495859646383,0.9527507919992786,"[""y@t"", ""level_throughput_3@t"", ""y@t-1""]",3,50,125000.0,2373,0.01778072448918088,6.158188174311373,10.093578369243769,,
"ar_order=2,forced=('y@t', 'level_throughput_3@t'),horizon=5,level=True,n_bins=50,other_lags=2",ar,4,131668,33182,0.7763847869326743,0.8226973463520943,8.078028380770364,7.362029744767936,33088,0.7781370889748549,0.8022513331515984,7.702521149791103,6.984967714287247,94,0.1595744680851064,8.019693992926701,140.2565736854707,140.08786447397023,7594,0.03937318936002107,2.7640559548289354,22.6686146074949,21.37848326250249,25588,0.9951148976082539,0.2465414423043715,3.7478379866111475,3.2022303069972544,18936,0.6145437262357415,1.2068586685247393,9.893572510462898,9.276102630031374,0.5076437750939247,0.9527507919992786,"[""y@t"", ""level_throughput_3@t"", ""y@t-1""]",3,50,125000.0,2373,0.01778072448918088,6.158188174311373,10.093578369243769,,
"ar_order=2,forced=('y@t', 'level_throughput_3@t'),horizon=5,level=True,n_bins=50,other_lags=2",persistence,4,131668,33182,0.7711409800494244,6.323608412825068,7.353144306608155,6.158188174311378,33088,0.7728783849129593,6.275602142353815,6.973330776965813,5.776474854932306,94,0.1595744680851064,23.221815618705904,141.04750674071218,140.5212765957447,7594,0.0,27.63102111592855,25.15413585502363,23.74348169607585,25588,1.0,0.0,2.070170654166889,0.939229326246685,18936,0.6031368821292775,10.965733190019172,10.675045756852178,10.093578369243769,0.51725936694285,0.9527507919992786,"[""y@t"", ""level_throughput_3@t"", ""y@t-1""]",3,50,125000.0,2373,0.01778072448918088,6.158188174311373,10.093578369243769,,
"ar_order=2,forced=('y@t', 'level_throughput_3@t'),horizon=5,level=True,n_bins=50,other_lags=2",model,5,164850,32829,0.8562551402723202,0.5497917210399538,7.582031212764383,7.077533966047852,32736,0.8582294721407625,0.5289395611570424,7.219572855563389,6.714777097957982,93,0.16129032258064516,7.889751999824769,135.16737294751377,134.76795153368192,5390,0.2901669758812616,2.424567075075241,26.812924441574015,26.447360619381456,27439,0.9674550821822953,0.18151885547451063,3.8043966596362093,3.2726079242289767,18218,0.7703370293116698,0.8078732861595294,8.851016803934483,8.793539211925005,0.5816501945464584,1.3993719159989269,"[""y@t"", ""level_throughput_3@t"", ""y@t-1"", ""data_quality_1@t+h""]",4,50,1250000.0,4725,0.08608242712236133,6.035030003959913,10.14831485344165,,
"ar_order=2,forced=('y@t', 'level_throughput_3@t'),horizon=5,level=True,n_bins=50,other_lags=2",ar,5,164850,32829,0.838618294800329,0.6694749616095321,7.829397438653657,6.919260856650084,32736,0.8405425219941349,0.6497150023900876,7.45267768583238,6.5409125753499335,93,0.16129032258064516,7.624980606853974,140.43475043174303,140.09785587430312,5390,0.034137291280148425,2.8879356711393256,29.75854435796885,28.49972496597571,27439,0.9966471081307627,0.23369001229047573,3.521729451660366,2.6800866320331105,18218,0.715336480403996,0.9757486924458499,9.885903196523332,9.230255277903897,0.567841678387455,1.3993719159989269,"[""y@t"", ""level_throughput_3@t"", ""y@t-1"", ""data_quality_1@t+h""]",4,50,1250000.0,4725,0.08608242712236133,6.035030003959913,10.14831485344165,,
"ar_order=2,forced=('y@t', 'level_throughput_3@t'),horizon=5,level=True,n_bins=50,other_lags=2",persistence,5,164850,32829,0.8358158944835359,4.53657448642526,7.272027530649131,6.035030003959921,32736,0.8377321603128055,4.483626104832981,6.887294981561232,5.647666177908122,93,0.16129032258064516,23.174404806907805,142.69788480958982,142.38709677419354,5390,0.0,27.631021115928544,33.41798391871439,32.03896103896104,27439,1.0,0.0,2.1360274966948416,0.9269288239367427,18218,0.7084202437150071,8.056646402887937,10.667854093210131,10.14831485344165,0.5803661433019756,1.3993719159989269,"[""y@t"", ""level_throughput_3@t"", ""y@t-1"", ""data_quality_1@t+h""]",4,50,1250000.0,4725,0.08608242712236133,6.035030003959913,10.14831485344165,,
"ar_order=2,horizon=10,n_bins=50,other_lags=2",model,1,32363,32712,0.7124908290535583,1.1340128147578836,10.332241265429438,10.288262350664207,32618,0.7143601692317125,1.1036013141446936,9.93125852184524,9.885810242161467,94,0.06382978723404255,11.686803527534789,149.47325328914621,149.93914400111436,7613,0.2126625508997767,3.3830411845845605,24.845333573336294,24.24575828716179,25099,0.8640981712418822,0.45184009953056414,5.930146690342986,6.0546906320875244,19474,0.6619595357913115,1.4127270704784984,10.35081844215901,10.262371503232655,0.42044703746360207,0.18982825000421144,"[""y@t"", ""y@t-1""]",2,50,2500.0,319,0.02879677182685253,7.089447297627782,11.169867515661908,,
"ar_order=2,horizon=10,n_bins=50,other_lags=2",ar,1,32363,32712,0.6946686231352409,1.1216386063367718,10.956435596513735,10.5703237255105,32618,0.6964866024894231,1.0986514537877685,10.557250277889901,10.168694021695728,94,0.06382978723404255,9.0981805408409,149.47374115898378,149.93583094923594,7613,0.050308682516747666,3.2920253124620737,26.190404157746325,25.130816600316063,25099,0.8901151440296426,0.46331939068148953,6.335685659995795,6.153851664635775,19474,0.6194926568758344,1.3886378757177613,10.903673435223656,10.527808445970233,0.4121103323316017,0.18982825000421144,"[""y@t"", ""y@t-1""]",2,50,2500.0,319,0.02879677182685253,7.089447297627782,11.169867515661908,,
"ar_order=2,horizon=10,n_bins=50,other_lags=2",persistence,1,32363,32712,0.7672719491318171,6.430513687807656,8.178475619082358,7.08944729762779,32618,0.7692071862161997,6.377041111064753,7.7615622536217685,6.668771843767253,94,0.09574468085106383,24.985497817594958,152.84741343390576,153.06382978723406,7613,0.0,27.631021115928547,28.360747044333003,27.158413240509656,25099,1.0,0.0,2.056812112152471,1.0021514801386622,19474,0.6134332956762863,10.68123276988344,11.551386790422432,11.169867515661908,0.5083443801508054,0.18982825000421144,"[""y@t"", ""y@t-1""]",2,50,2500.0,319,0.02879677182685253,7.089447297627782,11.169867515661908,,
"ar_order=2,horizon=10,n_bins=50,other_lags=2",model,2,65075,32364,0.7090594487702385,1.026772812116327,10.802322656832285,10.317961244682907,32271,0.7107000092962722,1.0046130924157632,10.39511301134509,9.90937194241688,93,0.13978494623655913,8.716195548212015,152.1040696408891,152.09844913099315,8360,0.18421052631578946,2.528470573430279,24.431834332581662,23.815060707869463,24004,0.8918513581069821,0.5037685926285488,6.055500560129036,5.617255049372139,20173,0.6406087344470331,1.1667947222102775,10.813936994338341,10.726868650782773,0.4100046951467083,0.5681022080025286,"[""y@t"", ""data_quality_1@t+h"", ""throughput_2@t"", ""y@t-1""]",4,50,1250000.0,2081,0.3081510320108763,7.601007292052898,11.47756902790859,,
"ar_order=2,horizon=10,n_bins=50,other_lags=2",ar,2,65075,32364,0.7032814238042269,1.0732053441414657,11.12898625681879,10.335038469417869,32271,0.7049053329614825,1.0513375301661474,10.715302615095647,9.919125194043081,93,0.13978494623655913,8.661336793576833,154.67720993474927,154.65694502446974,8360,0.05143540669856459,2.7762445130430917,25.750701871528275,24.749875969337054,24004,0.9303032827862023,0.4800788880500809,6.036604048063112,5.314706795558333,20173,0.6053636048183215,1.2560020303035515,11.385061737376352,10.973522401485539,0.42541716125992224,0.5681022080025286,"[""y@t"", ""data_quality_1@t+h"", ""throughput_2@t"", ""y@t-1""]",4,50,1250000.0,2081,0.3081510320108763,7.601007292052898,11.47756902790859,,
"ar_order=2,horizon=10,n_bins=50,other_lags=2",persistence,2,65075,32364,0.7416882956371277,7.137416157742018,8.61906036871835,7.6010072920529055,32271,0.7434228874221437,7.089487615502722,8.195791505425552,7.174769917263185,93,0.13978494623655913,23.76862031477724,155.4933559313193,155.50537634408602,8360,0.0,27.631021115928547,27.591818300358003,26.489952153110046,24004,1.0,0.0,2.0113176463176026,1.0224545909015252,20173,0.5895503891339909,11.341141864863353,11.82683814293089,11.47756902790859,0.5175346692102133,0.5681022080025286,"[""y@t"", ""data_quality_1@t+h"", ""throughput_2@t"", ""y@t-1""]",4,50,1250000.0,2081,0.3081510320108763,7.601007292052898,11.47756902790859,,
"ar_order=2,horizon=10,n_bins=50,other_lags=2",model,3,97439,32364,0.7540168087999011,0.8803029060625029,11.634488009536723,11.140477685713519,32271,0.7559728548851911,0.8589399273057702,11.19568191190058,10.700369773731586,93,0.07526881720430108,8.293256534648737,163.90020388927763,163.85792314344462,7781,0.1659169772522812,2.5932110779782636,23.69451833079023,23.092168506068674,24583,0.9401619005003458,0.3381339891005158,7.817252687172749,7.357533932990765,19919,0.6542999146543501,1.111237544005068,10.166830518808649,9.952053997244453,0.4511734602968436,0.9739428749962826,"[""y@t"", ""data_quality_1@t+h"", ""buffer_size_3@t-1"", ""data_quality_1@t""]",4,50,250000.0,1783,0.346310715609937,7.28772710418984,11.0726944123701,,
"ar_order=2,horizon=10,n_bins=50,other_lags=2",ar,3,97439,32364,0.7515140279322704,0.9371915266255499,9.747833654311998,8.929200088077769,32271,0.7534938489665645,0.9160559590895091,9.30224170199409,8.481650633424385,93,0.06451612903225806,8.271233461631718,164.3682411086259,164.2288608528012,7781,0.03135843721886647,2.8110718167400663,25.952964954834403,24.8520647330847,24583,0.979457348574218,0.34407178788816833,4.618592851750684,3.889302199178979,19919,0.6217179577288017,1.2148637865772514,11.109402860493644,10.483437558879885,0.4632785545196721,0.9739428749962826,"[""y@t"", ""data_quality_1@t+h"", ""buffer_size_3@t-1"", ""data_quality_1@t""]",4,50,250000.0,1783,0.346310715609937,7.28772710418984,11.0726944123701,,
"ar_order=2,horizon=10,n_bins=50,other_lags=2",persistence,3,97439,32364,0.7595785440613027,6.6430903257644305,8.454140005058138,7.2877271041898455,32271,0.7615816057760838,6.587743685226806,8.003647238312922,6.834526354931677,93,0.06451612903225806,25.848374592320244,164.77513006564828,164.5483870967742,7781,0.0,27.631021115928544,28.26371060093907,27.043310628453927,24583,1.0,0.0,2.1840237130453866,1.0346987755766246,19919,0.6137356292986595,10.67287898317959,11.593841915541066,11.0726944123701,0.5061924444119316,0.9739428749962826,"[""y@t"", ""data_quality_1@t+h"", ""buffer_size_3@t-1"", ""data_quality_1@t""]",4,50,250000.0,1783,0.346310715609937,7.28772710418984,11.0726944123701,,
"ar_order=2,horizon=10,n_bins=50,other_lags=2",model,4,129803,32712,0.7762289068231841,0.801252421615749,8.819904462029402,8.270789356281467,32618,0.7780366668710528,0.7741566968519954,8.439714087655119,7.889746887517949,94,0.14893617021276595,10.203468914638277,140.74596436990635,140.4925260172223,7808,0.21913422131147542,2.72361734957686,22.709047091430183,22.12864240323557,24904,0.950891423064568,0.1985450108576236,4.465325854160737,3.926020781328943,18868,0.6460144159423362,1.2126661973803963,10.21079371198652,10.018441659379183,0.4796680030193172,1.3967939580034,"[""y@t"", ""y@t-1"", ""throughput_2@t""]",3,50,125000.0,2399,0.09244314013206163,6.861060161408657,11.195145219419123,,
"ar_order=2,horizon=10,n_bins=50,other_lags=2",ar,4,129803,32712,0.767638786989484,0.8799574590195083,9.575222536137568,8.803716839399666,32618,0.7693911337298425,0.8591579841622742,9.1986595899457,8.425533841107152,94,0.1595744680851064,8.097375234479733,140.24256486471566,140.03321724690198,7808,0.04034323770491803,2.876681061035594,24.47730427926999,23.198002828689564,24904,0.9956633472534533,0.25393682440090887,4.903063274557985,4.29076369916615,18868,0.6028195887216451,1.2870480086964309,10.945058674012335,10.297011992623409,0.4949538157887084,1.3967939580034,"[""y@t"", ""y@t-1"", ""throughput_2@t""]",3,50,125000.0,2399,0.09244314013206163,6.861060161408657,11.195145219419123,,
"ar_order=2,horizon=10,n_bins=50,other_lags=2",persistence,4,129803,32712,0.7613108339447298,6.595225387416547,8.055769446308187,6.861060161408662,32618,0.7630449445091667,6.547310141793235,7.67250570832191,6.475872217793861,94,0.1595744680851064,23.221815618705904,141.04828652754603,140.5212765957447,7808,0.0,27.631021115928544,27.17101749644498,25.75358606557377,24904,1.0,0.0,2.06268171841435,0.9378011564407387,18868,0.5903646385414458,11.318643322292335,11.804395720187209,11.195145219419123,0.5040590032123171,1.3967939580034,"[""y@t"", ""y@t-1"", ""throughput_2@t""]",3,50,125000.0,2399,0.09244314013206163,6.861060161408657,11.195145219419123,,
"ar_order=2,horizon=10,n_bins=50,other_lags=2",model,5,162515,32364,0.8421085156346558,0.614140772472909,9.235121827596043,8.754360542776586,32271,0.844070527718385,0.5952487232185726,8.866848562580298,8.385479479785376,93,0.16129032258064516,7.169681863727705,137.02594478805977,136.7560894007274,5506,0.25717399200871777,2.5939481382352794,29.728390666223984,29.37738599850113,26858,0.9620224886439794,0.20827215396491855,5.033917783159173,4.526555860401904,18019,0.746267828403352,0.8984000784834697,9.989017316006903,9.933234980914767,0.5672294738611076,1.9702846669970313,"[""y@t"", ""y@t-1"", ""data_quality_1@t+h"", ""data_quality_1@t""]",4,50,250000.0,1864,0.0638981584476579,6.8065752070201455,11.49042677174094,,
"ar_order=2,horizon=10,n_bins=50,other_lags=2",ar,5,162515,32364,0.8326844642195032,0.7093373042724279,9.061376208234472,8.11921078710722,32271,0.8346193176536209,0.6898857139936554,8.682751208675334,7.738785111258187,93,0.16129032258064516,7.459039131006519,140.44425105525602,140.12692030672176,5506,0.03160188884852888,2.988450789096802,33.11492892285443,31.932087569821483,26858,0.9969096730955395,0.2421097055144041,4.130299387670862,3.237473518299983,18019,0.7054220544980299,1.0338134757863842,11.188447731186942,10.526259124306744,0.5574712590712019,1.9702846669970313,"[""y@t"", ""y@t-1"", ""data_quality_1@t+h"", ""data_quality_1@t""]",4,50,250000.0,1864,0.0638981584476579,6.8065752070201455,11.49042677174094,,
"ar_order=2,horizon=10,n_bins=50,other_lags=2",persistence,5,162515,32364,0.8298726980595723,4.700791072311907,8.042599858789739,6.806575207020147,32271,0.8317994484211831,4.647552992385118,7.65454485585363,6.415853242849619,93,0.16129032258064516,23.174404806907805,142.69768587761936,142.38709677419354,5506,0.0,27.63102111592855,36.842784972271104,35.55212495459499,26858,1.0,0.0,2.1384439560855744,0.9136197780921913,18019,0.6987624174482491,8.323502004398698,12.007230574550638,11.49042677174094,0.5692544878203525,1.9702846669970313,"[""y@t"", ""y@t-1"", ""data_quality_1@t+h"", ""data_quality_1@t""]",4,50,250000.0,1864,0.0638981584476579,6.8065752070201455,11.49042677174094,,
"ar_order=2,horizon=10,level=True,n_bins=50,other_lags=2",model,1,32363,32712,0.7127353876253363,1.1077050461964864,10.420607987815169,10.186591255184114,32618,0.7145747746642958,1.0777707566901469,10.020930360411377,9.78506503577833,94,0.07446808510638298,11.49490350489623,149.1087446969309,149.51618938899085,7613,0.19414159989491658,3.3009520310004263,24.41985230330199,23.61383027512263,25099,0.8700346627355672,0.4424518769342689,6.1743731986283015,6.113856458626803,19474,0.6576460922255315,1.3770815541064076,10.216297160451141,9.972278975179202,0.4244294564039923,0.23340525000094203,"[""y@t"", ""level_throughput_3@t""]",2,50,2500.0,496,0.03445218879921741,7.089447297627782,11.169867515661908,,
"ar_order=2,horizon=10,level=True,n_bins=50,other_lags=2",ar,1,32363,32712,0.6946686231352409,1.1216386063367718,10.956435596513735,10.5703237255105,32618,0.6964866024894231,1.0986514537877685,10.557250277889901,10.168694021695728,94,0.06382978723404255,9.0981805408409,149.47374115898378,149.93583094923594,7613,0.050308682516747666,3.2920253124620737,26.190404157746325,25.130816600316063,25099,0.8901151440296426,0.46331939068148953,6.335685659995795,6.153851664635775,19474,0.6194926568758344,1.3886378757177613,10.903673435223656,10.527808445970233,0.4121103323316017,0.23340525000094203,"[""y@t"", ""level_throughput_3@t""]",2,50,2500.0,496,0.03445218879921741,7.089447297627782,11.169867515661908,,
"ar_order=2,horizon=10,level=True,n_bins=50,other_lags=2",persistence,1,32363,32712,0.7672719491318171,6.430513687807656,8.178475619082358,7.08944729762779,32618,0.7692071862161997,6.377041111064753,7.7615622536217685,6.668771843767253,94,0.09574468085106383,24.985497817594958,152.84741343390576,153.06382978723406,7613,0.0,27.631021115928547,28.360747044333003,27.158413240509656,25099,1.0,0.0,2.056812112152471,1.0021514801386622,19474,0.6134332956762863,10.68123276988344,11.551386790422432,11.169867515661908,0.5083443801508054,0.23340525000094203,"[""y@t"", ""level_throughput_3@t""]",2,50,2500.0,496,0.03445218879921741,7.089447297627782,11.169867515661908,,
"ar_order=2,horizon=10,level=True,n_bins=50,other_lags=2",model,2,65075,32364,0.7154554443208503,1.015282861345581,10.948459644491566,10.472609165840355,32271,0.7171454246847014,0.9931306647064468,10.541897438992212,10.064707339548582,93,0.12903225806451613,8.702095095125205,152.0255449527667,152.0145428890861,8360,0.20849282296650717,2.5156540632095257,24.2813221689415,23.705498183255607,24004,0.8920179970004999,0.49274064973157605,6.304953116229548,5.863920939478435,20173,0.6398155951023645,1.1588627635001822,10.730564808890994,10.670060473196456,0.4250843896698993,0.6986339169961866,"[""y@t"", ""data_quality_1@t+h"", ""level_throughput_2@t"", ""y@t-1""]",4,50,1250000.0,2179,0.335681621554814,7.601007292052898,11.47756902790859,,
"ar_order=2,horizon=10,level=True,n_bins=50,other_lags=2",ar,2,65075,32364,0.7032814238042269,1.0732053441414657,11.12898625681879,10.335038469417869,32271,0.7049053329614825,1.0513375301661474,10.715302615095647,9.919125194043081,93,0.13978494623655913,8.661336793576833,154.67720993474927,154.65694502446974,8360,0.05143540669856459,2.7762445130430917,25.750701871528275,24.749875969337054,24004,0.9303032827862023,0.4800788880500809,6.036604048063112,5.314706795558333,20173,0.6053636048183215,1.2560020303035515,11.385061737376352,10.973522401485539,0.42541716125992224,0.6986339169961866,"[""y@t"", ""data_quality_1@t+h"", ""level_throughput_2@t"", ""y@t-1""]",4,50,1250000.0,2179,0.335681621554814,7.601007292052898,11.47756902790859,,
"ar_order=2,horizon=10,level=True,n_bins=50,other_lags=2",persistence,2,65075,32364,0.7416882956371277,7.137416157742018,8.61906036871835,7.6010072920529055,32271,0.7434228874221437,7.089487615502722,8.195791505425552,7.174769917263185,93,0.13978494623655913,23.76862031477724,155.4933559313193,155.50537634408602,8360,0.0,27.631021115928547,27.591818300358003,26.489952153110046,24004,1.0,0.0,2.0113176463176026,1.0224545909015252,20173,0.5895503891339909,11.341141864863353,11.82683814293089,11.47756902790859,0.5175346692102133,0.6986339169961866,"[""y@t"", ""data_quality_1@t+h"", ""level_throughput_2@t"", ""y@t-1""]",4,50,1250000.0,2179,0.335681621554814,7.601007292052898,11.47756902790859,,
"ar_order=2,horizon=10,level=True,n_bins=50,other_lags=2",model,3,97439,32364,0.7747497219132369,0.8461355019457183,11.045445935250545,10.566522235219402,32271,0.7767655170276719,0.8252749096043712,10.614914698075426,10.134599590188323,93,0.07526881720430108,8.08476104439318,160.43978523501707,160.44368006100353,7781,0.20935612389153066,2.540213031058598,23.88099521720577,23.479670184284906,24583,0.9537078468860595,0.30992685149510946,6.9827437035093585,6.479258508592108,19919,0.6673527787539535,1.0937961237028,10.532881061033022,10.411194629202088,0.47231709374872705,0.9784259169973666,"[""y@t"", ""level_throughput_3@t"", ""data_quality_1@t+h"", ""data_quality_1@t""]",4,50,250000.0,1937,0.2310901001112347,7.28772710418984,11.0726944123701,,
"ar_order=2,horizon=10,level=True,n_bins=50,other_lags=2",ar,3,97439,32364,0.7515140279322704,0.9371915266255499,9.747833654311998,8.929200088077769,32271,0.7534938489665645,0.9160559590895091,9.30224170199409,8.481650633424385,93,0.06451612903225806,8.271233461631718,164.3682411086259,164.2288608528012,7781,0.03135843721886647,2.8110718167400663,25.952964954834403,24.8520647330847,24583,0.979457348574218,0.34407178788816833,4.618592851750684,3.889302199178979,19919,0.6217179577288017,1.2148637865772514,11.109402860493644,10.483437558879885,0.4632785545196721,0.9784259169973666,"[""y@t"", ""level_throughput_3@t"", ""data_quality_1@t+h"", ""data_quality_1@t""]",4,50,250000.0,1937,0.2310901001112347,7.28772710418984,11.0726944123701,,
"ar_order=2,horizon=10,level=True,n_bins=50,other_lags=2",persistence,3,97439,32364,0.7595785440613027,6.6430903257644305,8.454140005058138,7.2877271041898455,32271,0.7615816057760838,6.587743685226806,8.003647238312922,6.834526354931677,93,0.06451612903225806,25.848374592320244,164.77513006564828,164.5483870967742,7781,0.0,27.631021115928544,28.26371060093907,27.043310628453927,24583,1.0,0.0,2.1840237130453866,1.0346987755766246,19919,0.6137356292986595,10.67287898317959,11.593841915541066,11.0726944123701,0.5061924444119316,0.9784259169973666,"[""y@t"", ""level_throughput_3@t"", ""data_quality_1@t+h"", ""data_quality_1@t""]",4,50,250000.0,1937,0.2310901001112347,7.28772710418984,11.0726944123701,,
"ar_order=2,horizon=10,level=True,n_bins=50,other_lags=2",model,4,129803,32712,0.783137686475911,0.7862742292287206,8.528654107831809,8.018754949546292,32618,0.7849653565515973,0.7597148305842504,8.147042459772711,7.636231296308518,94,0.14893617021276595,10.002385558859878,140.94789598433837,140.75446262305428,7808,0.22361680327868852,2.6899527488349007,22.988477577434722,22.453499146920457,24904,0.95856087375522,0.189425454691094,3.9951533990838333,3.493117192836628,18868,0.6536463854144583,1.1942131824601838,10.281335031078886,10.1167540185882,0.4832265979695139,1.4212283750021015,"[""y@t"", ""level_throughput_2@t"", ""y@t-1"", ""throughput_2@t""]",4,50,6250000.0,5140,0.13631083394472976,6.861060161408657,11.195145219419123,,
"ar_order=2,horizon=10,level=True,n_bins=50,other_lags=2",ar,4,129803,32712,0.767638786989484,0.8799574590195083,9.575222536137568,8.803716839399666,32618,0.7693911337298425,0.8591579841622742,9.1986595899457,8.425533841107152,94,0.1595744680851064,8.097375234479733,140.24256486471566,140.03321724690198,7808,0.04034323770491803,2.876681061035594,24.47730427926999,23.198002828689564,24904,0.9956633472534533,0.25393682440090887,4.903063274557985,4.29076369916615,18868,0.6028195887216451,1.2870480086964309,10.945058674012335,10.297011992623409,0.4949538157887084,1.4212283750021015,"[""y@t"", ""level_throughput_2@t"", ""y@t-1"", ""throughput_2@t""]",4,50,6250000.0,5140,0.13631083394472976,6.861060161408657,11.195145219419123,,
"ar_order=2,horizon=10,level=True,n_bins=50,other_lags=2",persistence,4,129803,32712,0.7613108339447298,6.595225387416547,8.055769446308187,6.861060161408662,32618,0.7630449445091667,6.547310141793235,7.67250570832191,6.475872217793861,94,0.1595744680851064,23.221815618705904,141.04828652754603,140.5212765957447,7808,0.0,27.631021115928544,27.17101749644498,25.75358606557377,24904,1.0,0.0,2.06268171841435,0.9378011564407387,18868,0.5903646385414458,11.318643322292335,11.804395720187209,11.195145219419123,0.5040590032123171,1.4212283750021015,"[""y@t"", ""level_throughput_2@t"", ""y@t-1"", ""throughput_2@t""]",4,50,6250000.0,5140,0.13631083394472976,6.861060161408657,11.195145219419123,,
"ar_order=2,horizon=10,level=True,n_bins=50,other_lags=2",model,5,162515,32364,0.8547460140897293,0.5976327662664705,9.35558367534649,8.878728671984346,32271,0.8567444454773636,0.5773773101891743,8.993959495246074,8.516880022093673,93,0.16129032258064516,7.626276025088291,134.8391741701907,134.4402101840476,5506,0.30058118416273155,2.560773206419046,30.012463887352787,29.68632308708371,26858,0.9683520738699829,0.19518093576978118,5.120838629278028,4.613086597014613,18019,0.7653032909706421,0.8751389856683668,10.082301965959426,10.024194393568228,0.5706168644823796,1.9980290419989615,"[""y@t"", ""level_throughput_3@t"", ""y@t-1"", ""data_quality_1@t+h""]",4,50,1250000.0,4682,0.08623779508095415,6.8065752070201455,11.49042677174094,,
"ar_order=2,horizon=10,level=True,n_bins=50,other_lags=2",ar,5,162515,32364,0.8326844642195032,0.7093373042724279,9.061376208234472,8.11921078710722,32271,0.8346193176536209,0.6898857139936554,8.682751208675334,7.738785111258187,93,0.16129032258064516,7.459039131006519,140.44425105525602,140.12692030672176,5506,0.03160188884852888,2.988450789096802,33.11492892285443,31.932087569821483,26858,0.9969096730955395,0.2421097055144041,4.130299387670862,3.237473518299983,18019,0.7054220544980299,1.0338134757863842,11.188447731186942,10.526259124306744,0.5574712590712019,1.9980290419989615,"[""y@t"", ""level_throughput_3@t"", ""y@t-1"", ""data_quality_1@t+h""]",4,50,1250000.0,4682,0.08623779508095415,6.8065752070201455,11.49042677174094,,
"ar_order=2,horizon=10,level=True,n_bins=50,other_lags=2",persistence,5,162515,32364,0.8298726980595723,4.700791072311907,8.042599858789739,6.806575207020147,32271,0.8317994484211831,4.647552992385118,7.65454485585363,6.415853242849619,93,0.16129032258064516,23.174404806907805,142.69768587761936,142.38709677419354,5506,0.0,27.63102111592855,36.842784972271104,35.55212495459499,26858,1.0,0.0,2.1384439560855744,0.9136197780921913,18019,0.6987624174482491,8.323502004398698,12.007230574550638,11.49042677174094,0.5692544878203525,1.9980290419989615,"[""y@t"", ""level_throughput_3@t"", ""y@t-1"", ""data_quality_1@t+h""]",4,50,1250000.0,4682,0.08623779508095415,6.8065752070201455,11.49042677174094,,
"ar_order=2,forced=('y@t', 'level_throughput_3@t'),horizon=10,level=True,n_bins=50,other_lags=2",model,1,32363,32712,0.7127353876253363,1.1077050461964864,10.420607987815169,10.186591255184114,32618,0.7145747746642958,1.0777707566901469,10.020930360411377,9.78506503577833,94,0.07446808510638298,11.49490350489623,149.1087446969309,149.51618938899085,7613,0.19414159989491658,3.3009520310004263,24.41985230330199,23.61383027512263,25099,0.8700346627355672,0.4424518769342689,6.1743731986283015,6.113856458626803,19474,0.6576460922255315,1.3770815541064076,10.216297160451141,9.972278975179202,0.4244294564039923,0.12159341600636253,"[""y@t"", ""level_throughput_3@t""]",2,50,2500.0,496,0.03445218879921741,7.089447297627782,11.169867515661908,,
"ar_order=2,forced=('y@t', 'level_throughput_3@t'),horizon=10,level=True,n_bins=50,other_lags=2",ar,1,32363,32712,0.6946686231352409,1.1216386063367718,10.956435596513735,10.5703237255105,32618,0.6964866024894231,1.0986514537877685,10.557250277889901,10.168694021695728,94,0.06382978723404255,9.0981805408409,149.47374115898378,149.93583094923594,7613,0.050308682516747666,3.2920253124620737,26.190404157746325,25.130816600316063,25099,0.8901151440296426,0.46331939068148953,6.335685659995795,6.153851664635775,19474,0.6194926568758344,1.3886378757177613,10.903673435223656,10.527808445970233,0.4121103323316017,0.12159341600636253,"[""y@t"", ""level_throughput_3@t""]",2,50,2500.0,496,0.03445218879921741,7.089447297627782,11.169867515661908,,
"ar_order=2,forced=('y@t', 'level_throughput_3@t'),horizon=10,level=True,n_bins=50,other_lags=2",persistence,1,32363,32712,0.7672719491318171,6.430513687807656,8.178475619082358,7.08944729762779,32618,0.7692071862161997,6.377041111064753,7.7615622536217685,6.668771843767253,94,0.09574468085106383,24.985497817594958,152.84741343390576,153.06382978723406,7613,0.0,27.631021115928547,28.360747044333003,27.158413240509656,25099,1.0,0.0,2.056812112152471,1.0021514801386622,19474,0.6134332956762863,10.68123276988344,11.551386790422432,11.169867515661908,0.5083443801508054,0.12159341600636253,"[""y@t"", ""level_throughput_3@t""]",2,50,2500.0,496,0.03445218879921741,7.089447297627782,11.169867515661908,,
"ar_order=2,forced=('y@t', 'level_throughput_3@t'),horizon=10,level=True,n_bins=50,other_lags=2",model,2,65075,32364,0.7163515016685206,1.0018582322066627,10.889648103254128,10.512101462056537,32271,0.7180440643302036,0.9796863055463716,10.487772856783057,10.109137221739518,93,0.12903225806451613,8.695516783327637,150.3403586287151,150.34069285206135,8360,0.2361244019138756,2.4330644403133976,23.76580250612525,23.340632033420665,24004,0.8836027328778537,0.503404478675072,6.405201727316675,6.0442412897267515,20173,0.6466068507410896,1.1321631216850634,10.51413166630149,10.551554272617363,0.4266807673647186,0.44026787499751663,"[""y@t"", ""level_throughput_3@t"", ""data_quality_1@t+h"", ""y@t-1""]",4,50,1250000.0,2091,0.22481769867754295,7.601007292052898,11.47756902790859,,
"ar_order=2,forced=('y@t', 'level_throughput_3@t'),horizon=10,level=True,n_bins=50,other_lags=2",ar,2,65075,32364,0.7032814238042269,1.0732053441414657,11.12898625681879,10.335038469417869,32271,0.7049053329614825,1.0513375301661474,10.715302615095647,9.919125194043081,93,0.13978494623655913,8.661336793576833,154.67720993474927,154.65694502446974,8360,0.05143540669856459,2.7762445130430917,25.750701871528275,24.749875969337054,24004,0.9303032827862023,0.4800788880500809,6.036604048063112,5.314706795558333,20173,0.6053636048183215,1.2560020303035515,11.385061737376352,10.973522401485539,0.42541716125992224,0.44026787499751663,"[""y@t"", ""level_throughput_3@t"", ""data_quality_1@t+h"", ""y@t-1""]",4,50,1250000.0,2091,0.22481769867754295,7.601007292052898,11.47756902790859,,
"ar_order=2,forced=('y@t', 'level_throughput_3@t'),horizon=10,level=True,n_bins=50,other_lags=2",persistence,2,65075,32364,0.7416882956371277,7.137416157742018,8.61906036871835,7.6010072920529055,32271,0.7434228874221437,7.089487615502722,8.195791505425552,7.174769917263185,93,0.13978494623655913,23.76862031477724,155.4933559313193,155.50537634408602,8360,0.0,27.631021115928547,27.591818300358003,26.489952153110046,24004,1.0,0.0,2.0113176463176026,1.0224545909015252,20173,0.5895503891339909,11.341141864863353,11.82683814293089,11.47756902790859,0.5175346692102133,0.44026787499751663,"[""y@t"", ""level_throughput_3@t"", ""data_quality_1@t+h"", ""y@t-1""]",4,50,1250000.0,2091,0.22481769867754295,7.601007292052898,11.47756902790859,,
"ar_order=2,forced=('y@t', 'level_throughput_3@t'),horizon=10,level=True,n_bins=50,other_lags=2",model,3,97439,32364,0.7747497219132369,0.8461355019457183,11.045445935250545,10.566522235219402,32271,0.7767655170276719,0.8252749096043712,10.614914698075426,10.134599590188323,93,0.07526881720430108,8.08476104439318,160.43978523501707,160.44368006100353,7781,0.20935612389153066,2.540213031058598,23.88099521720577,23.479670184284906,24583,0.9537078468860595,0.30992685149510946,6.9827437035093585,6.479258508592108,19919,0.6673527787539535,1.0937961237028,10.532881061033022,10.411194629202088,0.47231709374872705,0.7225426250006421,"[""y@t"", ""level_throughput_3@t"", ""data_quality_1@t+h"", ""data_quality_1@t""]",4,50,250000.0,1937,0.2310901001112347,7.28772710418984,11.0726944123701,,
"ar_order=2,forced=('y@t', 'level_throughput_3@t'),horizon=10,level=True,n_bins=50,other_lags=2",ar,3,97439,32364,0.7515140279322704,0.9371915266255499,9.747833654311998,8.929200088077769,32271,0.7534938489665645,0.9160559590895091,9.30224170199409,8.481650633424385,93,0.06451612903225806,8.271233461631718,164.3682411086259,164.2288608528012,7781,0.03135843721886647,2.8110718167400663,25.952964954834403,24.8520647330847,24583,0.979457348574218,0.34407178788816833,4.618592851750684,3.889302199178979,19919,0.6217179577288017,1.2148637865772514,11.109402860493644,10.483437558879885,0.4632785545196721,0.7225426250006421,"[""y@t"", ""level_throughput_3@t"", ""data_quality_1@t+h"", ""data_quality_1@t""]",4,50,250000.0,1937,0.2310901001112347,7.28772710418984,11.0726944123701,,
"ar_order=2,forced=('y@t', 'level_throughput_3@t'),horizon=10,level=True,n_bins=50,other_lags=2",persistence,3,97439,32364,0.7595785440613027,6.6430903257644305,8.454140005058138,7.2877271041898455,32271,0.7615816057760838,6.587743685226806,8.003647238312922,6.834526354931677,93,0.06451612903225806,25.848374592320244,164.77513006564828,164.5483870967742,7781,0.0,27.631021115928544,28.26371060093907,27.043310628453927,24583,1.0,0.0,2.1840237130453866,1.0346987755766246,19919,0.6137356292986595,10.67287898317959,11.593841915541066,11.0726944123701,0.5061924444119316,0.7225426250006421,"[""y@t"", ""level_throughput_3@t"", ""data_quality_1@t+h"", ""data_quality_1@t""]",4,50,250000.0,1937,0.2310901001112347,7.28772710418984,11.0726944123701,,
"ar_order=2,forced=('y@t', 'level_throughput_3@t'),horizon=10,level=True,n_bins=50,other_lags=2",model,4,129803,32712,0.7890376620200538,0.7755679427285598,8.84789905718197,8.408821673057954,32618,0.790912992826047,0.7487821508929782,8.467915101861783,8.028098425621339,94,0.13829787234042554,10.07023770967535,140.70233155328702,140.519788533564,7808,0.2694672131147541,2.576526588384024,22.216058781681195,21.928998380140534,24904,0.951935432059107,0.2109243069560787,4.656661058109935,4.169922711891042,18868,0.6640873436506254,1.1561149322231004,9.98875272008168,9.925805648551439,0.5006427357297085,1.0437445839997963,"[""y@t"", ""level_throughput_3@t"", ""y@t-1""]",3,50,125000.0,2355,0.017547077525067255,6.861060161408657,11.195145219419123,,
"ar_order=2,forced=('y@t', 'level_throughput_3@t'),horizon=10,level=True,n_bins=50,other_lags=2",ar,4,129803,32712,0.767638786989484,0.8799574590195083,9.575222536137568,8.803716839399666,32618,0.7693911337298425,0.8591579841622742,9.1986595899457,8.425533841107152,94,0.1595744680851064,8.097375234479733,140.24256486471566,140.03321724690198,7808,0.04034323770491803,2.876681061035594,24.47730427926999,23.198002828689564,24904,0.9956633472534533,0.25393682440090887,4.903063274557985,4.29076369916615,18868,0.6028195887216451,1.2870480086964309,10.945058674012335,10.297011992623409,0.4949538157887084,1.0437445839997963,"[""y@t"", ""level_throughput_3@t"", ""y@t-1""]",3,50,125000.0,2355,0.017547077525067255,6.861060161408657,11.195145219419123,,
"ar_order=2,forced=('y@t', 'level_throughput_3@t'),horizon=10,level=True,n_bins=50,other_lags=2",persistence,4,129803,32712,0.7613108339447298,6.595225387416547,8.055769446308187,6.861060161408662,32618,0.7630449445091667,6.547310141793235,7.67250570832191,6.475872217793861,94,0.1595744680851064,23.221815618705904,141.04828652754603,140.5212765957447,7808,0.0,27.631021115928544,27.17101749644498,25.75358606557377,24904,1.0,0.0,2.06268171841435,0.9378011564407387,18868,0.5903646385414458,11.318643322292335,11.804395720187209,11.195145219419123,0.5040590032123171,1.0437445839997963,"[""y@t"", ""level_throughput_3@t"", ""y@t-1""]",3,50,125000.0,2355,0.017547077525067255,6.861060161408657,11.195145219419123,,
"ar_order=2,forced=('y@t', 'level_throughput_3@t'),horizon=10,level=True,n_bins=50,other_lags=2",model,5,162515,32364,0.8547460140897293,0.5976327662664705,9.35558367534649,8.878728671984346,32271,0.8567444454773636,0.5773773101891743,8.993959495246074,8.516880022093673,93,0.16129032258064516,7.626276025088291,134.8391741701907,134.4402101840476,5506,0.30058118416273155,2.560773206419046,30.012463887352787,29.68632308708371,26858,0.9683520738699829,0.19518093576978118,5.120838629278028,4.613086597014613,18019,0.7653032909706421,0.8751389856683668,10.082301965959426,10.024194393568228,0.5706168644823796,1.48076412500086,"[""y@t"", ""level_throughput_3@t"", ""y@t-1"", ""data_quality_1@t+h""]",4,50,1250000.0,4682,0.08623779508095415,6.8065752070201455,11.49042677174094,,
"ar_order=2,forced=('y@t', 'level_throughput_3@t'),horizon=10,level=True,n_bins=50,other_lags=2",ar,5,162515,32364,0.8326844642195032,0.7093373042724279,9.061376208234472,8.11921078710722,32271,0.8346193176536209,0.6898857139936554,8.682751208675334,7.738785111258187,93,0.16129032258064516,7.459039131006519,140.44425105525602,140.12692030672176,5506,0.03160188884852888,2.988450789096802,33.11492892285443,31.932087569821483,26858,0.9969096730955395,0.2421097055144041,4.130299387670862,3.237473518299983,18019,0.7054220544980299,1.0338134757863842,11.188447731186942,10.526259124306744,0.5574712590712019,1.48076412500086,"[""y@t"", ""level_throughput_3@t"", ""y@t-1"", ""data_quality_1@t+h""]",4,50,1250000.0,4682,0.08623779508095415,6.8065752070201455,11.49042677174094,,
"ar_order=2,forced=('y@t', 'level_throughput_3@t'),horizon=10,level=True,n_bins=50,other_lags=2",persistence,5,162515,32364,0.8298726980595723,4.700791072311907,8.042599858789739,6.806575207020147,32271,0.8317994484211831,4.647552992385118,7.65454485585363,6.415853242849619,93,0.16129032258064516,23.174404806907805,142.69768587761936,142.38709677419354,5506,0.0,27.63102111592855,36.842784972271104,35.55212495459499,26858,1.0,0.0,2.1384439560855744,0.9136197780921913,18019,0.6987624174482491,8.323502004398698,12.007230574550638,11.49042677174094,0.5692544878203525,1.48076412500086,"[""y@t"", ""level_throughput_3@t"", ""y@t-1"", ""data_quality_1@t+h""]",4,50,1250000.0,4682,0.08623779508095415,6.8065752070201455,11.49042677174094,,
"ar_order=2,dynotears_lambda=0.002,engine=dynotears,other_lags=2",model,1,33200,33558,0.8420942845223196,0.5515769120502728,9.983979312537992,6.634693825299315,33464,0.8439517092995458,0.5340012317605016,9.58977576449854,6.230407528749486,94,0.18085106382978725,6.8085190952088,150.32044241458289,150.56061539703845,4381,0.1784980598036978,3.25866667454776,29.635463814739193,27.3538421178883,29177,0.9417349281968674,0.14510056940018914,7.033259444006496,3.5236615509108464,19299,0.7904554640136795,0.7989122269522618,11.094183746688499,8.340432766767535,0.6676614810144514,0.4788020409978344,"[""y@t"", ""y@t-1"", ""avg_p_latency_2@t"", ""data_quality_2@t+h""]",4,20,64000.0,563,0.19712140175219023,4.986888372370225,7.9259028965231355,"{""y@t-1"": 0.2768, ""avg_p_latency_2@t"": 0.007, ""data_quality_2@t+h"": 0.0059, ""avg_p_latency_3@t"": 0.0034, ""cores_3@t+h"": 0.0014, ""buffer_size_3@t-1"": 0.0011}","{""buffer_size_2"": 0.0034, ""throughput_1"": 0.0087, ""throughput_2"": 0.0493}"
"ar_order=2,dynotears_lambda=0.002,engine=dynotears,other_lags=2",ar,1,33200,33558,0.8479051194946063,0.5873854569555976,10.530039868016596,6.378462004126458,33464,0.8498087497011714,0.5704202818279933,10.133059997284537,5.969205359771669,94,0.1702127659574468,6.62698780238272,151.85487384862944,152.07382739443122,4381,0.05820588906642319,3.466579123159004,31.894914064656206,26.985031377355455,29177,0.9664804469273743,0.15506727991076355,7.322050223588516,3.28433373788537,19299,0.7816985336027773,0.8497846832644308,11.889738104344254,7.934815242101224,0.6846330982901161,0.4788020409978344,"[""y@t"", ""y@t-1"", ""avg_p_latency_2@t"", ""data_quality_2@t+h""]",4,20,64000.0,563,0.19712140175219023,4.986888372370225,7.9259028965231355,"{""y@t-1"": 0.2768, ""avg_p_latency_2@t"": 0.007, ""data_quality_2@t+h"": 0.0059, ""avg_p_latency_3@t"": 0.0034, ""cores_3@t+h"": 0.0014, ""buffer_size_3@t-1"": 0.0011}","{""buffer_size_2"": 0.0034, ""throughput_1"": 0.0087, ""throughput_2"": 0.0493}"
"ar_order=2,dynotears_lambda=0.002,engine=dynotears,other_lags=2",persistence,1,33200,33558,0.8694499076226235,3.607232359165712,9.999003984825238,4.98688837237023,33464,0.8713841740377719,3.5537866030049146,9.597365235822318,4.570941907721736,94,0.18085106382978725,22.63392155240955,152.9823986298647,153.06382978723406,4381,0.0,27.63102111592855,34.103755315723284,28.69139465875371,29177,1.0,0.0,6.3796148913384405,1.4275970798917015,19299,0.7769832633815223,6.1621801587106315,11.808682343600474,7.9259028965231355,0.7291569012797388,0.4788020409978344,"[""y@t"", ""y@t-1"", ""avg_p_latency_2@t"", ""data_quality_2@t+h""]",4,20,64000.0,563,0.19712140175219023,4.986888372370225,7.9259028965231355,"{""y@t-1"": 0.2768, ""avg_p_latency_2@t"": 0.007, ""data_quality_2@t+h"": 0.0059, ""avg_p_latency_3@t"": 0.0034, ""cores_3@t+h"": 0.0014, ""buffer_size_3@t-1"": 0.0011}","{""buffer_size_2"": 0.0034, ""throughput_1"": 0.0087, ""throughput_2"": 0.0493}"
"ar_order=2,dynotears_lambda=0.002,engine=dynotears,other_lags=2",model,2,66758,33201,0.8443721574651366,0.5414868415742087,9.950250335623753,6.504707127584541,33108,0.8462909266642503,0.519389002546536,9.544505660782978,6.0878268274644105,93,0.16129032258064516,8.40831753542567,154.39535457894067,154.91409397035125,4870,0.1492813141683778,2.891104638542545,24.89743469975495,21.15082930244888,28331,0.9638558469521019,0.13759574449906842,7.380881522192571,3.9870898535176416,20321,0.7767826386496728,0.7522495574472188,10.284785247726202,7.503571119162336,0.742379172465551,0.3097776669965242,"[""y@t"", ""y@t-1"", ""avg_p_latency_3@t-1"", ""cores_3@t+h""]",4,20,28800.0,918,0.2846902201740911,4.608656365772116,6.818069976871217,"{""y@t-1"": 0.3687, ""avg_p_latency_3@t-1"": 0.0036, ""cores_3@t+h"": 0.0031, ""buffer_size_3@t-1"": 0.0021, ""data_quality_2@t+h"": 0.0019, ""cores_2@t+h"": 0.0015}","{""buffer_size_2"": 0.0027, ""throughput_1"": 0.0061, ""throughput_2"": 0.0621}"
"ar_order=2,dynotears_lambda=0.002,engine=dynotears,other_lags=2",ar,2,66758,33201,0.8533176711544833,0.5421609150774279,10.26133549347788,6.130292553015622,33108,0.855261568201039,0.5241901510660337,9.857821217114285,5.713478733909834,93,0.16129032258064516,6.939752903133789,153.91241787891764,154.51601215467613,4870,0.0,2.908141917411149,27.048125170420516,21.224542885026178,28331,1.0,0.13545704012189452,7.375744948607928,3.5356436130949893,20321,0.764184833423552,0.7585486588794662,10.932651074866357,7.213807660481873,0.765320789938897,0.3097776669965242,"[""y@t"", ""y@t-1"", ""avg_p_latency_3@t-1"", ""cores_3@t+h""]",4,20,28800.0,918,0.2846902201740911,4.608656365772116,6.818069976871217,"{""y@t-1"": 0.3687, ""avg_p_latency_3@t-1"": 0.0036, ""cores_3@t+h"": 0.0031, ""buffer_size_3@t-1"": 0.0021, ""data_quality_2@t+h"": 0.0019, ""cores_2@t+h"": 0.0015}","{""buffer_size_2"": 0.0027, ""throughput_1"": 0.0061, ""throughput_2"": 0.0621}"
"ar_order=2,dynotears_lambda=0.002,engine=dynotears,other_lags=2",persistence,2,66758,33201,0.8533176711544833,4.0529825256640475,9.509566073772406,4.60865636577212,33108,0.855261568201039,3.9992706653234746,9.100182964346997,4.184789174821801,93,0.16129032258064516,23.174404806907813,155.24995302921795,155.50537634408602,4870,0.0,27.63102111592854,28.511997960823937,22.3258726899384,28331,1.0,0.0,6.243114367516328,1.563128728248215,20321,0.764184833423552,6.515813847130043,10.760368641163039,6.818069976871217,0.765320789938897,0.3097776669965242,"[""y@t"", ""y@t-1"", ""avg_p_latency_3@t-1"", ""cores_3@t+h""]",4,20,28800.0,918,0.2846902201740911,4.608656365772116,6.818069976871217,"{""y@t-1"": 0.3687, ""avg_p_latency_3@t-1"": 0.0036, ""cores_3@t+h"": 0.0031, ""buffer_size_3@t-1"": 0.0021, ""data_quality_2@t+h"": 0.0019, ""cores_2@t+h"": 0.0015}","{""buffer_size_2"": 0.0027, ""throughput_1"": 0.0061, ""throughput_2"": 0.0621}"
"ar_order=2,dynotears_lambda=0.002,engine=dynotears,other_lags=2",model,3,99959,33201,0.8736182645101052,0.40827953984529913,8.770628129968136,6.203043055755314,33108,0.8757097982360759,0.3898757431526776,8.345089988291218,5.7713381760511355,93,0.12903225806451613,6.9600311624185975,160.26220656695185,159.88998023044286,3981,0.16905300175835217,2.4425881088407833,27.61440793897922,26.410324139206,29220,0.9696098562628337,0.13112066191336816,6.203308231964266,3.449956608348839,19992,0.8070228091236494,0.5790214509774053,9.2067495092833,7.7963431749001275,0.7072542557844199,0.3357292079963372,"[""y@t"", ""y@t-1"", ""data_quality_2@t+h"", ""avg_p_latency_3@t""]",4,20,52000.0,1106,0.09587060630703895,4.94388723231228,7.444927971188475,"{""y@t-1"": 0.3371, ""data_quality_2@t+h"": 0.0067, ""avg_p_latency_3@t"": 0.0058, ""avg_p_latency_2@t"": 0.0053, ""cores_3@t+h"": 0.0021, ""buffer_size_3@t-1"": 0.0012}","{""throughput_1"": 0.0024, ""throughput_2"": 0.0577}"
"ar_order=2,dynotears_lambda=0.002,engine=dynotears,other_lags=2",ar,3,99959,33201,0.8800939730731002,0.45797957704839704,9.28722842601863,5.802470914890759,33108,0.8822036969916637,0.44002564049123927,8.85115513096727,5.357819955408951,93,0.12903225806451613,6.849580991396546,164.52932146430308,164.09821249041468,3981,0.0,2.861720316759939,32.36884332134319,27.81317804559679,29220,1.0,0.1304884105599764,6.142536129704903,2.803681555296622,19992,0.804921968787515,0.6481891135367004,10.321836834743578,7.451671382987646,0.7133930791134014,0.3357292079963372,"[""y@t"", ""y@t-1"", ""data_quality_2@t+h"", ""avg_p_latency_3@t""]",4,20,52000.0,1106,0.09587060630703895,4.94388723231228,7.444927971188475,"{""y@t-1"": 0.3371, ""data_quality_2@t+h"": 0.0067, ""avg_p_latency_3@t"": 0.0058, ""avg_p_latency_2@t"": 0.0053, ""cores_3@t+h"": 0.0021, ""buffer_size_3@t-1"": 0.0012}","{""throughput_1"": 0.0024, ""throughput_2"": 0.0577}"
"ar_order=2,dynotears_lambda=0.002,engine=dynotears,other_lags=2",persistence,3,99959,33201,0.8800939730731002,3.313125961944265,9.373593408642652,4.943887232312285,33108,0.8822036969916637,3.2548321358016596,8.936359646175632,4.495559985501998,93,0.12903225806451613,24.06572806871196,165.0288128469024,164.5483870967742,3981,0.0,27.631021115928544,34.83492889718861,30.203466465712133,29220,1.0,0.0,5.9046825058397285,1.5024640657084247,19992,0.804921968787515,5.390205199685941,10.72821257860503,7.444927971188475,0.7133930791134014,0.3357292079963372,"[""y@t"", ""y@t-1"", ""data_quality_2@t+h"", ""avg_p_latency_3@t""]",4,20,52000.0,1106,0.09587060630703895,4.94388723231228,7.444927971188475,"{""y@t-1"": 0.3371, ""data_quality_2@t+h"": 0.0067, ""avg_p_latency_3@t"": 0.0058, ""avg_p_latency_2@t"": 0.0053, ""cores_3@t+h"": 0.0021, ""buffer_size_3@t-1"": 0.0012}","{""throughput_1"": 0.0024, ""throughput_2"": 0.0577}"
"ar_order=2,dynotears_lambda=0.002,engine=dynotears,other_lags=2",model,4,133160,33558,0.8673937660170451,0.3915049405130446,8.017987529154686,6.093730642516663,33464,0.8692027253167584,0.3762802811695664,7.662829743906287,5.735142445274808,94,0.22340425531914893,5.811483666791271,134.4541590775848,133.75112886061675,4795,0.19499478623566216,2.0355232661982585,24.355406331403106,24.603080071631982,28763,0.9794875360706463,0.11743520259764623,5.294421727368322,3.008088306438787,18970,0.7794412229836584,0.6001089809787198,9.129075546695647,8.634541982498444,0.841121770193568,0.23026649999519577,"[""y@t"", ""y@t-1"", ""data_quality_2@t+h"", ""avg_p_latency_2@t""]",4,20,56000.0,1295,0.03718934382263544,5.052863698670958,8.242224565102793,"{""y@t-1"": 0.3407, ""data_quality_2@t+h"": 0.0077, ""avg_p_latency_2@t"": 0.0059, ""avg_p_latency_3@t"": 0.0045, ""cores_3@t+h"": 0.0018, ""buffer_size_3@t-1"": 0.0011}","{""throughput_1"": 0.0026, ""throughput_2"": 0.0653}"
"ar_order=2,dynotears_lambda=0.002,engine=dynotears,other_lags=2",ar,4,133160,33558,0.8571130579891532,0.538099604682822,9.510040671451186,6.077569935595533,33464,0.8588931388955295,0.5228619624646225,9.139417814143428,5.701058293949673,94,0.22340425531914893,5.96270023436185,141.4517778730127,140.11571436152144,4795,0.0,2.9389656115895284,31.132247659790067,25.183190965600055,28763,1.0,0.13785788778550054,5.905462480404184,2.8925248137768196,18970,0.7510806536636795,0.8192545513751086,11.396590774343078,8.209656210863855,0.8331044631028387,0.23026649999519577,"[""y@t"", ""y@t-1"", ""data_quality_2@t+h"", ""avg_p_latency_2@t""]",4,20,56000.0,1295,0.03718934382263544,5.052863698670958,8.242224565102793,"{""y@t-1"": 0.3407, ""data_quality_2@t+h"": 0.0077, ""avg_p_latency_2@t"": 0.0059, ""avg_p_latency_3@t"": 0.0045, ""cores_3@t+h"": 0.0018, ""buffer_size_3@t-1"": 0.0011}","{""throughput_1"": 0.0026, ""throughput_2"": 0.0653}"
"ar_order=2,dynotears_lambda=0.002,engine=dynotears,other_lags=2",persistence,4,133160,33558,0.8571130579891532,3.9481121118921685,9.341591152950988,5.052863698670964,33464,0.8588931388955295,3.8989266587800198,8.969021453097389,4.6723344489600835,94,0.22340425531914893,21.45813341981685,141.976404300833,140.5212765957447,4795,0.0,27.631021115928547,33.23950694523515,27.01438998957247,28763,1.0,0.0,5.3576358553811065,1.3917185272746313,18970,0.7510806536636795,6.877895714782003,11.610501678806116,8.242224565102793,0.8331044631028387,0.23026649999519577,"[""y@t"", ""y@t-1"", ""data_quality_2@t+h"", ""avg_p_latency_2@t""]",4,20,56000.0,1295,0.03718934382263544,5.052863698670958,8.242224565102793,"{""y@t-1"": 0.3407, ""data_quality_2@t+h"": 0.0077, ""avg_p_latency_2@t"": 0.0059, ""avg_p_latency_3@t"": 0.0045, ""cores_3@t+h"": 0.0018, ""buffer_size_3@t-1"": 0.0011}","{""throughput_1"": 0.0026, ""throughput_2"": 0.0653}"
"ar_order=2,dynotears_lambda=0.002,engine=dynotears,other_lags=2",model,5,166718,33201,0.8993102617391042,0.3666603665424132,8.69666118001721,5.671192722255076,33108,0.9011417180137731,0.35223348141898836,8.338493420892094,5.301102232285751,93,0.24731182795698925,5.502631470481679,136.204383428559,137.4234071513349,3654,0.20169677066228792,2.555202498229172,30.723082264452515,30.173705192766377,29547,0.9855822926185399,0.0960091007901062,5.972711451025211,2.641031265347495,18178,0.8312245571570029,0.5770937924361315,9.877761156960805,8.042202964807451,0.7703072728838711,0.4114105839980766,"[""y@t"", ""y@t-1"", ""data_quality_2@t+h"", ""avg_p_latency_2@t""]",4,20,60000.0,1499,0.023673985723321588,4.627330502093311,7.7230718450874685,"{""y@t-1"": 0.3607, ""data_quality_2@t+h"": 0.0062, ""avg_p_latency_2@t"": 0.0043, ""avg_p_latency_3@t"": 0.0032, ""avg_p_latency_3@t-1"": 0.0014, ""buffer_size_3@t-1"": 0.0012, ""cores_3@t-1"": 0.001, ""cores_3@t"": 0.001}","{""throughput_1"": 0.004, ""throughput_2"": 0.065}"
"ar_order=2,dynotears_lambda=0.002,engine=dynotears,other_lags=2",ar,5,166718,33201,0.889943074003795,0.45556155304865315,9.892676142400664,5.976333186936724,33108,0.8917482179533648,0.4413446571379285,9.52711834076662,5.597362187118697,93,0.24731182795698925,5.516776497266618,140.03125352411914,140.89000912215428,3654,0.0,3.051038453774511,36.56034546345899,31.293184279757224,29547,1.0,0.1345857316369266,6.594755416129057,2.8454646082936765,18178,0.802838596105182,0.7007271872030886,11.744923189437491,8.15741009347683,0.7670290749812423,0.4114105839980766,"[""y@t"", ""y@t-1"", ""data_quality_2@t+h"", ""avg_p_latency_2@t""]",4,20,60000.0,1499,0.023673985723321588,4.627330502093311,7.7230718450874685,"{""y@t-1"": 0.3607, ""data_quality_2@t+h"": 0.0062, ""avg_p_latency_2@t"": 0.0043, ""avg_p_latency_3@t"": 0.0032, ""avg_p_latency_3@t-1"": 0.0014, ""buffer_size_3@t-1"": 0.0012, ""cores_3@t-1"": 0.001, ""cores_3@t"": 0.001}","{""throughput_1"": 0.004, ""throughput_2"": 0.065}"
"ar_order=2,dynotears_lambda=0.002,engine=dynotears,other_lags=2",persistence,5,166718,33201,0.889943074003795,3.0409852461553237,9.44115106386959,4.627330502093316,33108,0.8917482179533648,2.9911072755674737,9.069772937424974,4.240364866497528,93,0.24731182795698925,20.797542775430088,141.6517640781532,142.38709677419354,3654,0.0,27.631021115928547,38.26535954946101,32.33771209633279,29547,1.0,0.0,5.87653679486255,1.2004602836159401,18178,0.802838596105182,5.44777091426383,11.612693711794495,7.7230718450874685,0.7670290749812423,0.4114105839980766,"[""y@t"", ""y@t-1"", ""data_quality_2@t+h"", ""avg_p_latency_2@t""]",4,20,60000.0,1499,0.023673985723321588,4.627330502093311,7.7230718450874685,"{""y@t-1"": 0.3607, ""data_quality_2@t+h"": 0.0062, ""avg_p_latency_2@t"": 0.0043, ""avg_p_latency_3@t"": 0.0032, ""avg_p_latency_3@t-1"": 0.0014, ""buffer_size_3@t-1"": 0.0012, ""cores_3@t-1"": 0.001, ""cores_3@t"": 0.001}","{""throughput_1"": 0.004, ""throughput_2"": 0.065}"
"ar_order=2,dynotears_lambda=0.005,engine=dynotears,other_lags=2",model,1,33200,33558,0.8524047917039156,0.5788873010500601,9.935958952720817,6.410867205003427,33464,0.8543210614391585,0.5573692985593703,9.538846528404418,6.002902894373616,94,0.1702127659574468,8.239296187735611,151.30798200935908,151.6461617892164,4381,0.10705318420451952,3.4850100848507437,29.55094736827902,26.10317498569025,29177,0.9643212119134935,0.14252564920680008,6.990719063473792,3.4540176184390443,19299,0.7920617648582828,0.8382905515435878,10.907115555390266,7.907644353713667,0.6873297216972885,0.12932795799861196,"[""y@t"", ""y@t-1"", ""avg_p_latency_3@t""]",3,20,4800.0,308,0.11624649859943978,4.986888372370225,7.9259028965231355,"{""y@t-1"": 0.279, ""avg_p_latency_3@t"": 0.0017}","{""throughput_1"": 0.0064, ""throughput_2"": 0.0461}"
"ar_order=2,dynotears_lambda=0.005,engine=dynotears,other_lags=2",ar,1,33200,33558,0.8479051194946063,0.5873854569555976,10.530039868016596,6.378462004126458,33464,0.8498087497011714,0.5704202818279933,10.133059997284537,5.969205359771669,94,0.1702127659574468,6.62698780238272,151.85487384862944,152.07382739443122,4381,0.05820588906642319,3.466579123159004,31.894914064656206,26.985031377355455,29177,0.9664804469273743,0.15506727991076355,7.322050223588516,3.28433373788537,19299,0.7816985336027773,0.8497846832644308,11.889738104344254,7.934815242101224,0.6846330982901161,0.12932795799861196,"[""y@t"", ""y@t-1"", ""avg_p_latency_3@t""]",3,20,4800.0,308,0.11624649859943978,4.986888372370225,7.9259028965231355,"{""y@t-1"": 0.279, ""avg_p_latency_3@t"": 0.0017}","{""throughput_1"": 0.0064, ""throughput_2"": 0.0461}"
"ar_order=2,dynotears_lambda=0.005,engine=dynotears,other_lags=2",persistence,1,33200,33558,0.8694499076226235,3.607232359165712,9.999003984825238,4.98688837237023,33464,0.8713841740377719,3.5537866030049146,9.597365235822318,4.570941907721736,94,0.18085106382978725,22.63392155240955,152.9823986298647,153.06382978723406,4381,0.0,27.63102111592855,34.103755315723284,28.69139465875371,29177,1.0,0.0,6.3796148913384405,1.4275970798917015,19299,0.7769832633815223,6.1621801587106315,11.808682343600474,7.9259028965231355,0.7291569012797388,0.12932795799861196,"[""y@t"", ""y@t-1"", ""avg_p_latency_3@t""]",3,20,4800.0,308,0.11624649859943978,4.986888372370225,7.9259028965231355,"{""y@t-1"": 0.279, ""avg_p_latency_3@t"": 0.0017}","{""throughput_1"": 0.0064, ""throughput_2"": 0.0461}"
"ar_order=2,dynotears_lambda=0.005,engine=dynotears,other_lags=2",model,2,66758,33201,0.8613595976024818,0.4968726458370566,9.284292694533113,6.546924015396957,33108,0.8633260843300713,0.4788416291792144,8.886646350311285,6.139728492679756,93,0.16129032258064516,6.915914576028882,150.84639123750387,151.50853010272039,4870,0.15523613963039015,2.57018775687987,23.586986178859068,21.099675686798623,28331,0.9827397550386502,0.14047701593417625,6.825709613502885,4.045356804930468,20321,0.785099158505979,0.6870309421496003,9.95903542248571,7.844661083061423,0.77169522234159,0.13671791600063443,"[""y@t"", ""y@t-1"", ""avg_p_latency_3@t-1"", ""data_quality_2@t+h""]",4,20,48000.0,851,0.2190295473027921,4.608656365772116,6.818069976871217,"{""y@t-1"": 0.3696, ""avg_p_latency_3@t-1"": 0.0022, ""data_quality_2@t+h"": 0.0016}","{""throughput_1"": 0.0037, ""throughput_2"": 0.0585}"
"ar_order=2,dynotears_lambda=0.005,engine=dynotears,other_lags=2",ar,2,66758,33201,0.8533176711544833,0.5421609150774279,10.26133549347788,6.130292553015622,33108,0.855261568201039,0.5241901510660337,9.857821217114285,5.713478733909834,93,0.16129032258064516,6.939752903133789,153.91241787891764,154.51601215467613,4870,0.0,2.908141917411149,27.048125170420516,21.224542885026178,28331,1.0,0.13545704012189452,7.375744948607928,3.5356436130949893,20321,0.764184833423552,0.7585486588794662,10.932651074866357,7.213807660481873,0.765320789938897,0.13671791600063443,"[""y@t"", ""y@t-1"", ""avg_p_latency_3@t-1"", ""data_quality_2@t+h""]",4,20,48000.0,851,0.2190295473027921,4.608656365772116,6.818069976871217,"{""y@t-1"": 0.3696, ""avg_p_latency_3@t-1"": 0.0022, ""data_quality_2@t+h"": 0.0016}","{""throughput_1"": 0.0037, ""throughput_2"": 0.0585}"
"ar_order=2,dynotears_lambda=0.005,engine=dynotears,other_lags=2",persistence,2,66758,33201,0.8533176711544833,4.0529825256640475,9.509566073772406,4.60865636577212,33108,0.855261568201039,3.9992706653234746,9.100182964346997,4.184789174821801,93,0.16129032258064516,23.174404806907813,155.24995302921795,155.50537634408602,4870,0.0,27.63102111592854,28.511997960823937,22.3258726899384,28331,1.0,0.0,6.243114367516328,1.563128728248215,20321,0.764184833423552,6.515813847130043,10.760368641163039,6.818069976871217,0.765320789938897,0.13671791600063443,"[""y@t"", ""y@t-1"", ""avg_p_latency_3@t-1"", ""data_quality_2@t+h""]",4,20,48000.0,851,0.2190295473027921,4.608656365772116,6.818069976871217,"{""y@t-1"": 0.3696, ""avg_p_latency_3@t-1"": 0.0022, ""data_quality_2@t+h"": 0.0016}","{""throughput_1"": 0.0037, ""throughput_2"": 0.0585}"
"ar_order=2,dynotears_lambda=0.005,engine=dynotears,other_lags=2",model,3,99959,33201,0.8840998765097436,0.4014001408985579,8.714974378816404,5.658519721486511,33108,0.8862208529660505,0.37764081790783127,8.276370696564976,5.212655405057617,93,0.12903225806451613,8.859719125597232,164.85788526032502,164.38621637017295,3981,0.16654107008289373,2.512655937893053,27.690277211543087,26.312580151150335,29220,0.9818617385352498,0.11375779566121766,6.1297354815855725,2.8445630284512036,19992,0.8197779111644657,0.5679409262548379,9.279138605314369,7.373240114157979,0.7097175206070376,0.1804555420021643,"[""y@t"", ""y@t-1"", ""avg_p_latency_3@t""]",3,20,5200.0,566,0.008885274539923497,4.94388723231228,7.444927971188475,"{""y@t-1"": 0.3373, ""avg_p_latency_3@t"": 0.0035}","{""throughput_2"": 0.0567}"
"ar_order=2,dynotears_lambda=0.005,engine=dynotears,other_lags=2",ar,3,99959,33201,0.8800939730731002,0.45797957704839704,9.28722842601863,5.802470914890759,33108,0.8822036969916637,0.44002564049123927,8.85115513096727,5.357819955408951,93,0.12903225806451613,6.849580991396546,164.52932146430308,164.09821249041468,3981,0.0,2.861720316759939,32.36884332134319,27.81317804559679,29220,1.0,0.1304884105599764,6.142536129704903,2.803681555296622,19992,0.804921968787515,0.6481891135367004,10.321836834743578,7.451671382987646,0.7133930791134014,0.1804555420021643,"[""y@t"", ""y@t-1"", ""avg_p_latency_3@t""]",3,20,5200.0,566,0.008885274539923497,4.94388723231228,7.444927971188475,"{""y@t-1"": 0.3373, ""avg_p_latency_3@t"": 0.0035}","{""throughput_2"": 0.0567}"
"ar_order=2,dynotears_lambda=0.005,engine=dynotears,other_lags=2",persistence,3,99959,33201,0.8800939730731002,3.313125961944265,9.373593408642652,4.943887232312285,33108,0.8822036969916637,3.2548321358016596,8.936359646175632,4.495559985501998,93,0.12903225806451613,24.06572806871196,165.0288128469024,164.5483870967742,3981,0.0,27.631021115928544,34.83492889718861,30.203466465712133,29220,1.0,0.0,5.9046825058397285,1.5024640657084247,19992,0.804921968787515,5.390205199685941,10.72821257860503,7.444927971188475,0.7133930791134014,0.1804555420021643,"[""y@t"", ""y@t-1"", ""avg_p_latency_3@t""]",3,20,5200.0,566,0.008885274539923497,4.94388723231228,7.444927971188475,"{""y@t-1"": 0.3373, ""avg_p_latency_3@t"": 0.0035}","{""throughput_2"": 0.0567}"
"ar_order=2,dynotears_lambda=0.005,engine=dynotears,other_lags=2",model,4,133160,33558,0.8610167471243817,0.42751000463246164,8.237213994844707,5.949455765017371,33464,0.8628077934496773,0.4116194363948459,7.866692793308537,5.575836803961824,94,0.22340425531914893,6.084552297223684,140.14276174172136,138.95780590079187,4795,0.18477580813347236,2.2609449856012103,25.101499907304223,24.019269790326113,28763,0.9737509995480305,0.12186314117089121,5.425815637571705,2.937087157731781,18970,0.7712177121771218,0.6539726744577986,9.483658651032359,8.330644778137462,0.8395321373137754,0.1680243330047233,"[""y@t"", ""y@t-1"", ""data_quality_3@t+h"", ""avg_p_latency_3@t""]",4,20,43200.0,972,0.053310685976518266,5.052863698670958,8.242224565102793,"{""y@t-1"": 0.3414, ""data_quality_3@t+h"": 0.0022, ""avg_p_latency_3@t"": 0.0014, ""data_quality_2@t+h"": 0.0011}","{""throughput_1"": 0.001, ""throughput_2"": 0.0639}"
"ar_order=2,dynotears_lambda=0.005,engine=dynotears,other_lags=2",ar,4,133160,33558,0.8571130579891532,0.538099604682822,9.510040671451186,6.077569935595533,33464,0.8588931388955295,0.5228619624646225,9.139417814143428,5.701058293949673,94,0.22340425531914893,5.96270023436185,141.4517778730127,140.11571436152144,4795,0.0,2.9389656115895284,31.132247659790067,25.183190965600055,28763,1.0,0.13785788778550054,5.905462480404184,2.8925248137768196,18970,0.7510806536636795,0.8192545513751086,11.396590774343078,8.209656210863855,0.8331044631028387,0.1680243330047233,"[""y@t"", ""y@t-1"", ""data_quality_3@t+h"", ""avg_p_latency_3@t""]",4,20,43200.0,972,0.053310685976518266,5.052863698670958,8.242224565102793,"{""y@t-1"": 0.3414, ""data_quality_3@t+h"": 0.0022, ""avg_p_latency_3@t"": 0.0014, ""data_quality_2@t+h"": 0.0011}","{""throughput_1"": 0.001, ""throughput_2"": 0.0639}"
"ar_order=2,dynotears_lambda=0.005,engine=dynotears,other_lags=2",persistence,4,133160,33558,0.8571130579891532,3.9481121118921685,9.341591152950988,5.052863698670964,33464,0.8588931388955295,3.8989266587800198,8.969021453097389,4.6723344489600835,94,0.22340425531914893,21.45813341981685,141.976404300833,140.5212765957447,4795,0.0,27.631021115928547,33.23950694523515,27.01438998957247,28763,1.0,0.0,5.3576358553811065,1.3917185272746313,18970,0.7510806536636795,6.877895714782003,11.610501678806116,8.242224565102793,0.8331044631028387,0.1680243330047233,"[""y@t"", ""y@t-1"", ""data_quality_3@t+h"", ""avg_p_latency_3@t""]",4,20,43200.0,972,0.053310685976518266,5.052863698670958,8.242224565102793,"{""y@t-1"": 0.3414, ""data_quality_3@t+h"": 0.0022, ""avg_p_latency_3@t"": 0.0014, ""data_quality_2@t+h"": 0.0011}","{""throughput_1"": 0.001, ""throughput_2"": 0.0639}"
"ar_order=2,dynotears_lambda=0.005,engine=dynotears,other_lags=2",model,5,166718,33201,0.8993705008885274,0.38160771666435583,9.22426720781593,6.395693003805122,33108,0.9012021263742902,0.36754169956316174,8.867343944697161,6.027399802405307,93,0.24731182795698925,5.389109804689471,136.28894887809705,137.50807270213932,3654,0.1863711001642036,2.584963921352331,30.215074379244,29.752550921965675,29547,0.9875452668629641,0.10912443335539519,6.62838913544316,3.5072116407916636,18178,0.8279238640114424,0.596964917228253,10.07556358399561,8.344716954647021,0.7714719860930541,0.21519708300183993,"[""y@t"", ""y@t-1"", ""avg_p_latency_3@t"", ""data_quality_2@t+h""]",4,20,44000.0,1369,0.08409385259480136,4.627330502093311,7.7230718450874685,"{""y@t-1"": 0.3618, ""avg_p_latency_3@t"": 0.0016, ""data_quality_2@t+h"": 0.0014, ""data_quality_3@t+h"": 0.0012}","{""throughput_1"": 0.0026, ""throughput_2"": 0.0632}"
"ar_order=2,dynotears_lambda=0.005,engine=dynotears,other_lags=2",ar,5,166718,33201,0.889943074003795,0.45556155304865315,9.892676142400664,5.976333186936724,33108,0.8917482179533648,0.4413446571379285,9.52711834076662,5.597362187118697,93,0.24731182795698925,5.516776497266618,140.03125352411914,140.89000912215428,3654,0.0,3.051038453774511,36.56034546345899,31.293184279757224,29547,1.0,0.1345857316369266,6.594755416129057,2.8454646082936765,18178,0.802838596105182,0.7007271872030886,11.744923189437491,8.15741009347683,0.7670290749812423,0.21519708300183993,"[""y@t"", ""y@t-1"", ""avg_p_latency_3@t"", ""data_quality_2@t+h""]",4,20,44000.0,1369,0.08409385259480136,4.627330502093311,7.7230718450874685,"{""y@t-1"": 0.3618, ""avg_p_latency_3@t"": 0.0016, ""data_quality_2@t+h"": 0.0014, ""data_quality_3@t+h"": 0.0012}","{""throughput_1"": 0.0026, ""throughput_2"": 0.0632}"
"ar_order=2,dynotears_lambda=0.005,engine=dynotears,other_lags=2",persistence,5,166718,33201,0.889943074003795,3.0409852461553237,9.44115106386959,4.627330502093316,33108,0.8917482179533648,2.9911072755674737,9.069772937424974,4.240364866497528,93,0.24731182795698925,20.797542775430088,141.6517640781532,142.38709677419354,3654,0.0,27.631021115928547,38.26535954946101,32.33771209633279,29547,1.0,0.0,5.87653679486255,1.2004602836159401,18178,0.802838596105182,5.44777091426383,11.612693711794495,7.7230718450874685,0.7670290749812423,0.21519708300183993,"[""y@t"", ""y@t-1"", ""avg_p_latency_3@t"", ""data_quality_2@t+h""]",4,20,44000.0,1369,0.08409385259480136,4.627330502093311,7.7230718450874685,"{""y@t-1"": 0.3618, ""avg_p_latency_3@t"": 0.0016, ""data_quality_2@t+h"": 0.0014, ""data_quality_3@t+h"": 0.0012}","{""throughput_1"": 0.0026, ""throughput_2"": 0.0632}"
"ar_order=2,engine=dynotears,other_lags=2",model,1,33200,33558,0.8587818105965791,0.5256633861162121,9.845890011781291,6.560037968603642,33464,0.8607159933062395,0.5039470262266706,9.447970282880645,6.152258892339705,94,0.1702127659574468,8.256687506792996,151.50531350041155,151.7293891185652,4381,0.20999771741611503,3.0502316285721287,28.330014499912366,27.470493725490833,29177,0.9561983754327038,0.1465931091789201,7.070452188067329,3.4202803968545665,19299,0.8083320379294264,0.7456114525294107,10.81238304298552,8.187155446866122,0.6886692759120442,0.09884545899694785,"[""y@t"", ""y@t-1""]",2,20,400.0,128,0.0034269026759640026,4.986888372370225,7.9259028965231355,"{""y@t-1"": 0.2768}","{""throughput_2"": 0.0405}"
"ar_order=2,engine=dynotears,other_lags=2",ar,1,33200,33558,0.8479051194946063,0.5873854569555976,10.530039868016596,6.378462004126458,33464,0.8498087497011714,0.5704202818279933,10.133059997284537,5.969205359771669,94,0.1702127659574468,6.62698780238272,151.85487384862944,152.07382739443122,4381,0.05820588906642319,3.466579123159004,31.894914064656206,26.985031377355455,29177,0.9664804469273743,0.15506727991076355,7.322050223588516,3.28433373788537,19299,0.7816985336027773,0.8497846832644308,11.889738104344254,7.934815242101224,0.6846330982901161,0.09884545899694785,"[""y@t"", ""y@t-1""]",2,20,400.0,128,0.0034269026759640026,4.986888372370225,7.9259028965231355,"{""y@t-1"": 0.2768}","{""throughput_2"": 0.0405}"
"ar_order=2,engine=dynotears,other_lags=2",persistence,1,33200,33558,0.8694499076226235,3.607232359165712,9.999003984825238,4.98688837237023,33464,0.8713841740377719,3.5537866030049146,9.597365235822318,4.570941907721736,94,0.18085106382978725,22.63392155240955,152.9823986298647,153.06382978723406,4381,0.0,27.63102111592855,34.103755315723284,28.69139465875371,29177,1.0,0.0,6.3796148913384405,1.4275970798917015,19299,0.7769832633815223,6.1621801587106315,11.808682343600474,7.9259028965231355,0.7291569012797388,0.09884545899694785,"[""y@t"", ""y@t-1""]",2,20,400.0,128,0.0034269026759640026,4.986888372370225,7.9259028965231355,"{""y@t-1"": 0.2768}","{""throughput_2"": 0.0405}"
"ar_order=2,engine=dynotears,other_lags=2",model,2,66758,33201,0.8653353814644137,0.45557537206105253,8.778984390358856,5.88492591285465,33108,0.8673130361241996,0.4324706587708946,8.3674862459824,5.4654540748666625,93,0.16129032258064516,8.680853303357292,155.27232378837775,155.21690023657817,4870,0.23696098562628337,2.380508146859806,21.75583369448442,21.38686257581547,28331,0.9733507465320673,0.12468614777423144,6.548309295547819,3.2201971158259814,20321,0.7975493332021062,0.6285741250292971,9.147628839305126,7.331971867284797,0.7704507426156936,0.11455299999943236,"[""y@t"", ""y@t-1""]",2,20,400.0,176,0.0010541851149061775,4.608656365772116,6.818069976871217,"{""y@t-1"": 0.3666}","{""throughput_2"": 0.0525}"
"ar_order=2,engine=dynotears,other_lags=2",ar,2,66758,33201,0.8533176711544833,0.5421609150774279,10.26133549347788,6.130292553015622,33108,0.855261568201039,0.5241901510660337,9.857821217114285,5.713478733909834,93,0.16129032258064516,6.939752903133789,153.91241787891764,154.51601215467613,4870,0.0,2.908141917411149,27.048125170420516,21.224542885026178,28331,1.0,0.13545704012189452,7.375744948607928,3.5356436130949893,20321,0.764184833423552,0.7585486588794662,10.932651074866357,7.213807660481873,0.765320789938897,0.11455299999943236,"[""y@t"", ""y@t-1""]",2,20,400.0,176,0.0010541851149061775,4.608656365772116,6.818069976871217,"{""y@t-1"": 0.3666}","{""throughput_2"": 0.0525}"
"ar_order=2,engine=dynotears,other_lags=2",persistence,2,66758,33201,0.8533176711544833,4.0529825256640475,9.509566073772406,4.60865636577212,33108,0.855261568201039,3.9992706653234746,9.100182964346997,4.184789174821801,93,0.16129032258064516,23.174404806907813,155.24995302921795,155.50537634408602,4870,0.0,27.63102111592854,28.511997960823937,22.3258726899384,28331,1.0,0.0,6.243114367516328,1.563128728248215,20321,0.764184833423552,6.515813847130043,10.760368641163039,6.818069976871217,0.765320789938897,0.11455299999943236,"[""y@t"", ""y@t-1""]",2,20,400.0,176,0.0010541851149061775,4.608656365772116,6.818069976871217,"{""y@t-1"": 0.3666}","{""throughput_2"": 0.0525}"
"ar_order=2,engine=dynotears,other_lags=2",model,3,99959,33201,0.888045540796964,0.3950362461445221,8.605716812206305,5.645200876924693,33108,0.8901776005799202,0.3731457569122294,8.167636346294055,5.200034796167551,93,0.12903225806451613,8.188050412840697,164.56236267696764,164.124325626467,3981,0.1816126601356443,2.4723546836929278,27.440982436192655,26.62834574821956,29220,0.9842915811088295,0.11201760480707501,6.039556906351081,2.7864089627349298,19992,0.8258803521408563,0.5549035463229648,9.145320154321439,7.2927245829204175,0.7145531982131732,0.1357409159973031,"[""y@t"", ""y@t-1""]",2,20,400.0,206,0.0018071744826963043,4.94388723231228,7.444927971188475,"{""y@t-1"": 0.3354}","{""throughput_2"": 0.0486}"
"ar_order=2,engine=dynotears,other_lags=2",ar,3,99959,33201,0.8800939730731002,0.45797957704839704,9.28722842601863,5.802470914890759,33108,0.8822036969916637,0.44002564049123927,8.85115513096727,5.357819955408951,93,0.12903225806451613,6.849580991396546,164.52932146430308,164.09821249041468,3981,0.0,2.861720316759939,32.36884332134319,27.81317804559679,29220,1.0,0.1304884105599764,6.142536129704903,2.803681555296622,19992,0.804921968787515,0.6481891135367004,10.321836834743578,7.451671382987646,0.7133930791134014,0.1357409159973031,"[""y@t"", ""y@t-1""]",2,20,400.0,206,0.0018071744826963043,4.94388723231228,7.444927971188475,"{""y@t-1"": 0.3354}","{""throughput_2"": 0.0486}"
"ar_order=2,engine=dynotears,other_lags=2",persistence,3,99959,33201,0.8800939730731002,3.313125961944265,9.373593408642652,4.943887232312285,33108,0.8822036969916637,3.2548321358016596,8.936359646175632,4.495559985501998,93,0.12903225806451613,24.06572806871196,165.0288128469024,164.5483870967742,3981,0.0,27.631021115928544,34.83492889718861,30.203466465712133,29220,1.0,0.0,5.9046825058397285,1.5024640657084247,19992,0.804921968787515,5.390205199685941,10.72821257860503,7.444927971188475,0.7133930791134014,0.1357409159973031,"[""y@t"", ""y@t-1""]",2,20,400.0,206,0.0018071744826963043,4.94388723231228,7.444927971188475,"{""y@t-1"": 0.3354}","{""throughput_2"": 0.0486}"
"ar_order=2,engine=dynotears,other_lags=2",model,4,133160,33558,0.8633410811132963,0.4399681236045307,8.289213546108977,6.06682339401195,33464,0.8651087736074587,0.4208911900787695,7.915670856654074,5.688611816985304,94,0.23404255319148937,7.231356458775484,141.270410992054,140.71014481549759,4795,0.19624608967674662,2.356976435397258,25.039506918483248,24.5358967390058,28763,0.974550637972395,0.12038898182355762,5.496818569210369,2.9878953722741093,18970,0.7744860305745914,0.6617515223445674,9.501354583901604,8.35885184031211,0.8392321222451159,0.1454452920006588,"[""y@t"", ""y@t-1""]",2,20,400.0,235,0.0005661839203766613,5.052863698670958,8.242224565102793,"{""y@t-1"": 0.3387}","{""throughput_2"": 0.0561}"
"ar_order=2,engine=dynotears,other_lags=2",ar,4,133160,33558,0.8571130579891532,0.538099604682822,9.510040671451186,6.077569935595533,33464,0.8588931388955295,0.5228619624646225,9.139417814143428,5.701058293949673,94,0.22340425531914893,5.96270023436185,141.4517778730127,140.11571436152144,4795,0.0,2.9389656115895284,31.132247659790067,25.183190965600055,28763,1.0,0.13785788778550054,5.905462480404184,2.8925248137768196,18970,0.7510806536636795,0.8192545513751086,11.396590774343078,8.209656210863855,0.8331044631028387,0.1454452920006588,"[""y@t"", ""y@t-1""]",2,20,400.0,235,0.0005661839203766613,5.052863698670958,8.242224565102793,"{""y@t-1"": 0.3387}","{""throughput_2"": 0.0561}"
"ar_order=2,engine=dynotears,other_lags=2",persistence,4,133160,33558,0.8571130579891532,3.9481121118921685,9.341591152950988,5.052863698670964,33464,0.8588931388955295,3.8989266587800198,8.969021453097389,4.6723344489600835,94,0.22340425531914893,21.45813341981685,141.976404300833,140.5212765957447,4795,0.0,27.631021115928547,33.23950694523515,27.01438998957247,28763,1.0,0.0,5.3576358553811065,1.3917185272746313,18970,0.7510806536636795,6.877895714782003,11.610501678806116,8.242224565102793,0.8331044631028387,0.1454452920006588,"[""y@t"", ""y@t-1""]",2,20,400.0,235,0.0005661839203766613,5.052863698670958,8.242224565102793,"{""y@t-1"": 0.3387}","{""throughput_2"": 0.0561}"
"ar_order=2,engine=dynotears,other_lags=2",model,5,166718,33201,0.8966296195897714,0.3694528336454477,8.672927830779276,5.514108204442124,33108,0.8984535459707623,0.3534088418781141,8.300799672540176,5.13087304036549,93,0.24731182795698925,6.081113902816212,141.15055216389865,141.9458266157239,3654,0.16365626710454298,2.4855311199688233,29.708003644089263,29.525645338547747,29547,0.9872745117947677,0.10776298160545668,6.071575171563968,2.5446643797552877,18178,0.8243481131037518,0.5634287680658072,9.8272567867357,7.763062413322643,0.7669656567921208,0.16920070800551912,"[""y@t"", ""y@t-1""]",2,20,400.0,252,0.0009638263907713623,4.627330502093311,7.7230718450874685,"{""y@t-1"": 0.3588}","{""throughput_2"": 0.0564}"
"ar_order=2,engine=dynotears,other_lags=2",ar,5,166718,33201,0.889943074003795,0.45556155304865315,9.892676142400664,5.976333186936724,33108,0.8917482179533648,0.4413446571379285,9.52711834076662,5.597362187118697,93,0.24731182795698925,5.516776497266618,140.03125352411914,140.89000912215428,3654,0.0,3.051038453774511,36.56034546345899,31.293184279757224,29547,1.0,0.1345857316369266,6.594755416129057,2.8454646082936765,18178,0.802838596105182,0.7007271872030886,11.744923189437491,8.15741009347683,0.7670290749812423,0.16920070800551912,"[""y@t"", ""y@t-1""]",2,20,400.0,252,0.0009638263907713623,4.627330502093311,7.7230718450874685,"{""y@t-1"": 0.3588}","{""throughput_2"": 0.0564}"
"ar_order=2,engine=dynotears,other_lags=2",persistence,5,166718,33201,0.889943074003795,3.0409852461553237,9.44115106386959,4.627330502093316,33108,0.8917482179533648,2.9911072755674737,9.069772937424974,4.240364866497528,93,0.24731182795698925,20.797542775430088,141.6517640781532,142.38709677419354,3654,0.0,27.631021115928547,38.26535954946101,32.33771209633279,29547,1.0,0.0,5.87653679486255,1.2004602836159401,18178,0.802838596105182,5.44777091426383,11.612693711794495,7.7230718450874685,0.7670290749812423,0.16920070800551912,"[""y@t"", ""y@t-1""]",2,20,400.0,252,0.0009638263907713623,4.627330502093311,7.7230718450874685,"{""y@t-1"": 0.3588}","{""throughput_2"": 0.0564}"
"ar_order=2,dynotears_lambda=0.05,engine=dynotears,other_lags=2",model,1,33200,33558,0.8587818105965791,0.5256633861162121,9.845890011781291,6.560037968603642,33464,0.8607159933062395,0.5039470262266706,9.447970282880645,6.152258892339705,94,0.1702127659574468,8.256687506792996,151.50531350041155,151.7293891185652,4381,0.20999771741611503,3.0502316285721287,28.330014499912366,27.470493725490833,29177,0.9561983754327038,0.1465931091789201,7.070452188067329,3.4202803968545665,19299,0.8083320379294264,0.7456114525294107,10.81238304298552,8.187155446866122,0.6886692759120442,0.04463295800087508,"[""y@t"", ""y@t-1""]",2,20,400.0,128,0.0034269026759640026,4.986888372370225,7.9259028965231355,"{""y@t-1"": 0.2672}","{""throughput_2"": 0.0263}"
"ar_order=2,dynotears_lambda=0.05,engine=dynotears,other_lags=2",ar,1,33200,33558,0.8479051194946063,0.5873854569555976,10.530039868016596,6.378462004126458,33464,0.8498087497011714,0.5704202818279933,10.133059997284537,5.969205359771669,94,0.1702127659574468,6.62698780238272,151.85487384862944,152.07382739443122,4381,0.05820588906642319,3.466579123159004,31.894914064656206,26.985031377355455,29177,0.9664804469273743,0.15506727991076355,7.322050223588516,3.28433373788537,19299,0.7816985336027773,0.8497846832644308,11.889738104344254,7.934815242101224,0.6846330982901161,0.04463295800087508,"[""y@t"", ""y@t-1""]",2,20,400.0,128,0.0034269026759640026,4.986888372370225,7.9259028965231355,"{""y@t-1"": 0.2672}","{""throughput_2"": 0.0263}"
"ar_order=2,dynotears_lambda=0.05,engine=dynotears,other_lags=2",persistence,1,33200,33558,0.8694499076226235,3.607232359165712,9.999003984825238,4.98688837237023,33464,0.8713841740377719,3.5537866030049146,9.597365235822318,4.570941907721736,94,0.18085106382978725,22.63392155240955,152.9823986298647,153.06382978723406,4381,0.0,27.63102111592855,34.103755315723284,28.69139465875371,29177,1.0,0.0,6.3796148913384405,1.4275970798917015,19299,0.7769832633815223,6.1621801587106315,11.808682343600474,7.9259028965231355,0.7291569012797388,0.04463295800087508,"[""y@t"", ""y@t-1""]",2,20,400.0,128,0.0034269026759640026,4.986888372370225,7.9259028965231355,"{""y@t-1"": 0.2672}","{""throughput_2"": 0.0263}"
"ar_order=2,dynotears_lambda=0.05,engine=dynotears,other_lags=2",model,2,66758,33201,0.8653353814644137,0.45557537206105253,8.778984390358856,5.88492591285465,33108,0.8673130361241996,0.4324706587708946,8.3674862459824,5.4654540748666625,93,0.16129032258064516,8.680853303357292,155.27232378837775,155.21690023657817,4870,0.23696098562628337,2.380508146859806,21.75583369448442,21.38686257581547,28331,0.9733507465320673,0.12468614777423144,6.548309295547819,3.2201971158259814,20321,0.7975493332021062,0.6285741250292971,9.147628839305126,7.331971867284797,0.7704507426156936,0.08636354099871824,"[""y@t"", ""y@t-1""]",2,20,400.0,176,0.0010541851149061775,4.608656365772116,6.818069976871217,"{""y@t-1"": 0.3575}","{""throughput_2"": 0.0372}"
"ar_order=2,dynotears_lambda=0.05,engine=dynotears,other_lags=2",ar,2,66758,33201,0.8533176711544833,0.5421609150774279,10.26133549347788,6.130292553015622,33108,0.855261568201039,0.5241901510660337,9.857821217114285,5.713478733909834,93,0.16129032258064516,6.939752903133789,153.91241787891764,154.51601215467613,4870,0.0,2.908141917411149,27.048125170420516,21.224542885026178,28331,1.0,0.13545704012189452,7.375744948607928,3.5356436130949893,20321,0.764184833423552,0.7585486588794662,10.932651074866357,7.213807660481873,0.765320789938897,0.08636354099871824,"[""y@t"", ""y@t-1""]",2,20,400.0,176,0.0010541851149061775,4.608656365772116,6.818069976871217,"{""y@t-1"": 0.3575}","{""throughput_2"": 0.0372}"
"ar_order=2,dynotears_lambda=0.05,engine=dynotears,other_lags=2",persistence,2,66758,33201,0.8533176711544833,4.0529825256640475,9.509566073772406,4.60865636577212,33108,0.855261568201039,3.9992706653234746,9.100182964346997,4.184789174821801,93,0.16129032258064516,23.174404806907813,155.24995302921795,155.50537634408602,4870,0.0,27.63102111592854,28.511997960823937,22.3258726899384,28331,1.0,0.0,6.243114367516328,1.563128728248215,20321,0.764184833423552,6.515813847130043,10.760368641163039,6.818069976871217,0.765320789938897,0.08636354099871824,"[""y@t"", ""y@t-1""]",2,20,400.0,176,0.0010541851149061775,4.608656365772116,6.818069976871217,"{""y@t-1"": 0.3575}","{""throughput_2"": 0.0372}"
"ar_order=2,dynotears_lambda=0.05,engine=dynotears,other_lags=2",model,3,99959,33201,0.888045540796964,0.3950362461445221,8.605716812206305,5.645200876924693,33108,0.8901776005799202,0.3731457569122294,8.167636346294055,5.200034796167551,93,0.12903225806451613,8.188050412840697,164.56236267696764,164.124325626467,3981,0.1816126601356443,2.4723546836929278,27.440982436192655,26.62834574821956,29220,0.9842915811088295,0.11201760480707501,6.039556906351081,2.7864089627349298,19992,0.8258803521408563,0.5549035463229648,9.145320154321439,7.2927245829204175,0.7145531982131732,0.12303891699411906,"[""y@t"", ""y@t-1""]",2,20,400.0,206,0.0018071744826963043,4.94388723231228,7.444927971188475,"{""y@t-1"": 0.3262}","{""throughput_2"": 0.0333}"
"ar_order=2,dynotears_lambda=0.05,engine=dynotears,other_lags=2",ar,3,99959,33201,0.8800939730731002,0.45797957704839704,9.28722842601863,5.802470914890759,33108,0.8822036969916637,0.44002564049123927,8.85115513096727,5.357819955408951,93,0.12903225806451613,6.849580991396546,164.52932146430308,164.09821249041468,3981,0.0,2.861720316759939,32.36884332134319,27.81317804559679,29220,1.0,0.1304884105599764,6.142536129704903,2.803681555296622,19992,0.804921968787515,0.6481891135367004,10.321836834743578,7.451671382987646,0.7133930791134014,0.12303891699411906,"[""y@t"", ""y@t-1""]",2,20,400.0,206,0.0018071744826963043,4.94388723231228,7.444927971188475,"{""y@t-1"": 0.3262}","{""throughput_2"": 0.0333}"
"ar_order=2,dynotears_lambda=0.05,engine=dynotears,other_lags=2",persistence,3,99959,33201,0.8800939730731002,3.313125961944265,9.373593408642652,4.943887232312285,33108,0.8822036969916637,3.2548321358016596,8.936359646175632,4.495559985501998,93,0.12903225806451613,24.06572806871196,165.0288128469024,164.5483870967742,3981,0.0,27.631021115928544,34.83492889718861,30.203466465712133,29220,1.0,0.0,5.9046825058397285,1.5024640657084247,19992,0.804921968787515,5.390205199685941,10.72821257860503,7.444927971188475,0.7133930791134014,0.12303891699411906,"[""y@t"", ""y@t-1""]",2,20,400.0,206,0.0018071744826963043,4.94388723231228,7.444927971188475,"{""y@t-1"": 0.3262}","{""throughput_2"": 0.0333}"
"ar_order=2,dynotears_lambda=0.05,engine=dynotears,other_lags=2",model,4,133160,33558,0.8633410811132963,0.4399681236045307,8.289213546108977,6.06682339401195,33464,0.8651087736074587,0.4208911900787695,7.915670856654074,5.688611816985304,94,0.23404255319148937,7.231356458775484,141.270410992054,140.71014481549759,4795,0.19624608967674662,2.356976435397258,25.039506918483248,24.5358967390058,28763,0.974550637972395,0.12038898182355762,5.496818569210369,2.9878953722741093,18970,0.7744860305745914,0.6617515223445674,9.501354583901604,8.35885184031211,0.8392321222451159,0.14381108400266385,"[""y@t"", ""y@t-1""]",2,20,400.0,235,0.0005661839203766613,5.052863698670958,8.242224565102793,"{""y@t-1"": 0.329}","{""throughput_2"": 0.0411}"
"ar_order=2,dynotears_lambda=0.05,engine=dynotears,other_lags=2",ar,4,133160,33558,0.8571130579891532,0.538099604682822,9.510040671451186,6.077569935595533,33464,0.8588931388955295,0.5228619624646225,9.139417814143428,5.701058293949673,94,0.22340425531914893,5.96270023436185,141.4517778730127,140.11571436152144,4795,0.0,2.9389656115895284,31.132247659790067,25.183190965600055,28763,1.0,0.13785788778550054,5.905462480404184,2.8925248137768196,18970,0.7510806536636795,0.8192545513751086,11.396590774343078,8.209656210863855,0.8331044631028387,0.14381108400266385,"[""y@t"", ""y@t-1""]",2,20,400.0,235,0.0005661839203766613,5.052863698670958,8.242224565102793,"{""y@t-1"": 0.329}","{""throughput_2"": 0.0411}"
"ar_order=2,dynotears_lambda=0.05,engine=dynotears,other_lags=2",persistence,4,133160,33558,0.8571130579891532,3.9481121118921685,9.341591152950988,5.052863698670964,33464,0.8588931388955295,3.8989266587800198,8.969021453097389,4.6723344489600835,94,0.22340425531914893,21.45813341981685,141.976404300833,140.5212765957447,4795,0.0,27.631021115928547,33.23950694523515,27.01438998957247,28763,1.0,0.0,5.3576358553811065,1.3917185272746313,18970,0.7510806536636795,6.877895714782003,11.610501678806116,8.242224565102793,0.8331044631028387,0.14381108400266385,"[""y@t"", ""y@t-1""]",2,20,400.0,235,0.0005661839203766613,5.052863698670958,8.242224565102793,"{""y@t-1"": 0.329}","{""throughput_2"": 0.0411}"
"ar_order=2,dynotears_lambda=0.05,engine=dynotears,other_lags=2",model,5,166718,33201,0.8966296195897714,0.3694528336454477,8.672927830779276,5.514108204442124,33108,0.8984535459707623,0.3534088418781141,8.300799672540176,5.13087304036549,93,0.24731182795698925,6.081113902816212,141.15055216389865,141.9458266157239,3654,0.16365626710454298,2.4855311199688233,29.708003644089263,29.525645338547747,29547,0.9872745117947677,0.10776298160545668,6.071575171563968,2.5446643797552877,18178,0.8243481131037518,0.5634287680658072,9.8272567867357,7.763062413322643,0.7669656567921208,0.14448458299739286,"[""y@t"", ""y@t-1""]",2,20,400.0,252,0.0009638263907713623,4.627330502093311,7.7230718450874685,"{""y@t-1"": 0.3507}","{""throughput_2"": 0.0409}"
"ar_order=2,dynotears_lambda=0.05,engine=dynotears,other_lags=2",ar,5,166718,33201,0.889943074003795,0.45556155304865315,9.892676142400664,5.976333186936724,33108,0.8917482179533648,0.4413446571379285,9.52711834076662,5.597362187118697,93,0.24731182795698925,5.516776497266618,140.03125352411914,140.89000912215428,3654,0.0,3.051038453774511,36.56034546345899,31.293184279757224,29547,1.0,0.1345857316369266,6.594755416129057,2.8454646082936765,18178,0.802838596105182,0.7007271872030886,11.744923189437491,8.15741009347683,0.7670290749812423,0.14448458299739286,"[""y@t"", ""y@t-1""]",2,20,400.0,252,0.0009638263907713623,4.627330502093311,7.7230718450874685,"{""y@t-1"": 0.3507}","{""throughput_2"": 0.0409}"
"ar_order=2,dynotears_lambda=0.05,engine=dynotears,other_lags=2",persistence,5,166718,33201,0.889943074003795,3.0409852461553237,9.44115106386959,4.627330502093316,33108,0.8917482179533648,2.9911072755674737,9.069772937424974,4.240364866497528,93,0.24731182795698925,20.797542775430088,141.6517640781532,142.38709677419354,3654,0.0,27.631021115928547,38.26535954946101,32.33771209633279,29547,1.0,0.0,5.87653679486255,1.2004602836159401,18178,0.802838596105182,5.44777091426383,11.612693711794495,7.7230718450874685,0.7670290749812423,0.14448458299739286,"[""y@t"", ""y@t-1""]",2,20,400.0,252,0.0009638263907713623,4.627330502093311,7.7230718450874685,"{""y@t-1"": 0.3507}","{""throughput_2"": 0.0409}"
"ar_order=2,dynotears_lambda=0.1,engine=dynotears,other_lags=2",model,1,33200,33558,0.8587818105965791,0.5256633861162121,9.845890011781291,6.560037968603642,33464,0.8607159933062395,0.5039470262266706,9.447970282880645,6.152258892339705,94,0.1702127659574468,8.256687506792996,151.50531350041155,151.7293891185652,4381,0.20999771741611503,3.0502316285721287,28.330014499912366,27.470493725490833,29177,0.9561983754327038,0.1465931091789201,7.070452188067329,3.4202803968545665,19299,0.8083320379294264,0.7456114525294107,10.81238304298552,8.187155446866122,0.6886692759120442,0.04144837499916321,"[""y@t"", ""y@t-1""]",2,20,400.0,128,0.0034269026759640026,4.986888372370225,7.9259028965231355,"{""y@t-1"": 0.2535}",{}
"ar_order=2,dynotears_lambda=0.1,engine=dynotears,other_lags=2",ar,1,33200,33558,0.8479051194946063,0.5873854569555976,10.530039868016596,6.378462004126458,33464,0.8498087497011714,0.5704202818279933,10.133059997284537,5.969205359771669,94,0.1702127659574468,6.62698780238272,151.85487384862944,152.07382739443122,4381,0.05820588906642319,3.466579123159004,31.894914064656206,26.985031377355455,29177,0.9664804469273743,0.15506727991076355,7.322050223588516,3.28433373788537,19299,0.7816985336027773,0.8497846832644308,11.889738104344254,7.934815242101224,0.6846330982901161,0.04144837499916321,"[""y@t"", ""y@t-1""]",2,20,400.0,128,0.0034269026759640026,4.986888372370225,7.9259028965231355,"{""y@t-1"": 0.2535}",{}
"ar_order=2,dynotears_lambda=0.1,engine=dynotears,other_lags=2",persistence,1,33200,33558,0.8694499076226235,3.607232359165712,9.999003984825238,4.98688837237023,33464,0.8713841740377719,3.5537866030049146,9.597365235822318,4.570941907721736,94,0.18085106382978725,22.63392155240955,152.9823986298647,153.06382978723406,4381,0.0,27.63102111592855,34.103755315723284,28.69139465875371,29177,1.0,0.0,6.3796148913384405,1.4275970798917015,19299,0.7769832633815223,6.1621801587106315,11.808682343600474,7.9259028965231355,0.7291569012797388,0.04144837499916321,"[""y@t"", ""y@t-1""]",2,20,400.0,128,0.0034269026759640026,4.986888372370225,7.9259028965231355,"{""y@t-1"": 0.2535}",{}
"ar_order=2,dynotears_lambda=0.1,engine=dynotears,other_lags=2",model,2,66758,33201,0.8653353814644137,0.45557537206105253,8.778984390358856,5.88492591285465,33108,0.8673130361241996,0.4324706587708946,8.3674862459824,5.4654540748666625,93,0.16129032258064516,8.680853303357292,155.27232378837775,155.21690023657817,4870,0.23696098562628337,2.380508146859806,21.75583369448442,21.38686257581547,28331,0.9733507465320673,0.12468614777423144,6.548309295547819,3.2201971158259814,20321,0.7975493332021062,0.6285741250292971,9.147628839305126,7.331971867284797,0.7704507426156936,0.04562604099919554,"[""y@t"", ""y@t-1""]",2,20,400.0,176,0.0010541851149061775,4.608656365772116,6.818069976871217,"{""y@t-1"": 0.3434}","{""throughput_2"": 0.0117}"
"ar_order=2,dynotears_lambda=0.1,engine=dynotears,other_lags=2",ar,2,66758,33201,0.8533176711544833,0.5421609150774279,10.26133549347788,6.130292553015622,33108,0.855261568201039,0.5241901510660337,9.857821217114285,5.713478733909834,93,0.16129032258064516,6.939752903133789,153.91241787891764,154.51601215467613,4870,0.0,2.908141917411149,27.048125170420516,21.224542885026178,28331,1.0,0.13545704012189452,7.375744948607928,3.5356436130949893,20321,0.764184833423552,0.7585486588794662,10.932651074866357,7.213807660481873,0.765320789938897,0.04562604099919554,"[""y@t"", ""y@t-1""]",2,20,400.0,176,0.0010541851149061775,4.608656365772116,6.818069976871217,"{""y@t-1"": 0.3434}","{""throughput_2"": 0.0117}"
"ar_order=2,dynotears_lambda=0.1,engine=dynotears,other_lags=2",persistence,2,66758,33201,0.8533176711544833,4.0529825256640475,9.509566073772406,4.60865636577212,33108,0.855261568201039,3.9992706653234746,9.100182964346997,4.184789174821801,93,0.16129032258064516,23.174404806907813,155.24995302921795,155.50537634408602,4870,0.0,27.63102111592854,28.511997960823937,22.3258726899384,28331,1.0,0.0,6.243114367516328,1.563128728248215,20321,0.764184833423552,6.515813847130043,10.760368641163039,6.818069976871217,0.765320789938897,0.04562604099919554,"[""y@t"", ""y@t-1""]",2,20,400.0,176,0.0010541851149061775,4.608656365772116,6.818069976871217,"{""y@t-1"": 0.3434}","{""throughput_2"": 0.0117}"
"ar_order=2,dynotears_lambda=0.1,engine=dynotears,other_lags=2",model,3,99959,33201,0.888045540796964,0.3950362461445221,8.605716812206305,5.645200876924693,33108,0.8901776005799202,0.3731457569122294,8.167636346294055,5.200034796167551,93,0.12903225806451613,8.188050412840697,164.56236267696764,164.124325626467,3981,0.1816126601356443,2.4723546836929278,27.440982436192655,26.62834574821956,29220,0.9842915811088295,0.11201760480707501,6.039556906351081,2.7864089627349298,19992,0.8258803521408563,0.5549035463229648,9.145320154321439,7.2927245829204175,0.7145531982131732,0.058668665995355695,"[""y@t"", ""y@t-1""]",2,20,400.0,206,0.0018071744826963043,4.94388723231228,7.444927971188475,"{""y@t-1"": 0.3121}","{""throughput_2"": 0.0078}"
"ar_order=2,dynotears_lambda=0.1,engine=dynotears,other_lags=2",ar,3,99959,33201,0.8800939730731002,0.45797957704839704,9.28722842601863,5.802470914890759,33108,0.8822036969916637,0.44002564049123927,8.85115513096727,5.357819955408951,93,0.12903225806451613,6.849580991396546,164.52932146430308,164.09821249041468,3981,0.0,2.861720316759939,32.36884332134319,27.81317804559679,29220,1.0,0.1304884105599764,6.142536129704903,2.803681555296622,19992,0.804921968787515,0.6481891135367004,10.321836834743578,7.451671382987646,0.7133930791134014,0.058668665995355695,"[""y@t"", ""y@t-1""]",2,20,400.0,206,0.0018071744826963043,4.94388723231228,7.444927971188475,"{""y@t-1"": 0.3121}","{""throughput_2"": 0.0078}"
"ar_order=2,dynotears_lambda=0.1,engine=dynotears,other_lags=2",persistence,3,99959,33201,0.8800939730731002,3.313125961944265,9.373593408642652,4.943887232312285,33108,0.8822036969916637,3.2548321358016596,8.936359646175632,4.495559985501998,93,0.12903225806451613,24.06572806871196,165.0288128469024,164.5483870967742,3981,0.0,27.631021115928544,34.83492889718861,30.203466465712133,29220,1.0,0.0,5.9046825058397285,1.5024640657084247,19992,0.804921968787515,5.390205199685941,10.72821257860503,7.444927971188475,0.7133930791134014,0.058668665995355695,"[""y@t"", ""y@t-1""]",2,20,400.0,206,0.0018071744826963043,4.94388723231228,7.444927971188475,"{""y@t-1"": 0.3121}","{""throughput_2"": 0.0078}"
"ar_order=2,dynotears_lambda=0.1,engine=dynotears,other_lags=2",model,4,133160,33558,0.8633410811132963,0.4399681236045307,8.289213546108977,6.06682339401195,33464,0.8651087736074587,0.4208911900787695,7.915670856654074,5.688611816985304,94,0.23404255319148937,7.231356458775484,141.270410992054,140.71014481549759,4795,0.19624608967674662,2.356976435397258,25.039506918483248,24.5358967390058,28763,0.974550637972395,0.12038898182355762,5.496818569210369,2.9878953722741093,18970,0.7744860305745914,0.6617515223445674,9.501354583901604,8.35885184031211,0.8392321222451159,0.07450616599817295,"[""y@t"", ""y@t-1""]",2,20,400.0,235,0.0005661839203766613,5.052863698670958,8.242224565102793,"{""y@t-1"": 0.3146}","{""throughput_2"": 0.0159}"
"ar_order=2,dynotears_lambda=0.1,engine=dynotears,other_lags=2",ar,4,133160,33558,0.8571130579891532,0.538099604682822,9.510040671451186,6.077569935595533,33464,0.8588931388955295,0.5228619624646225,9.139417814143428,5.701058293949673,94,0.22340425531914893,5.96270023436185,141.4517778730127,140.11571436152144,4795,0.0,2.9389656115895284,31.132247659790067,25.183190965600055,28763,1.0,0.13785788778550054,5.905462480404184,2.8925248137768196,18970,0.7510806536636795,0.8192545513751086,11.396590774343078,8.209656210863855,0.8331044631028387,0.07450616599817295,"[""y@t"", ""y@t-1""]",2,20,400.0,235,0.0005661839203766613,5.052863698670958,8.242224565102793,"{""y@t-1"": 0.3146}","{""throughput_2"": 0.0159}"
"ar_order=2,dynotears_lambda=0.1,engine=dynotears,other_lags=2",persistence,4,133160,33558,0.8571130579891532,3.9481121118921685,9.341591152950988,5.052863698670964,33464,0.8588931388955295,3.8989266587800198,8.969021453097389,4.6723344489600835,94,0.22340425531914893,21.45813341981685,141.976404300833,140.5212765957447,4795,0.0,27.631021115928547,33.23950694523515,27.01438998957247,28763,1.0,0.0,5.3576358553811065,1.3917185272746313,18970,0.7510806536636795,6.877895714782003,11.610501678806116,8.242224565102793,0.8331044631028387,0.07450616599817295,"[""y@t"", ""y@t-1""]",2,20,400.0,235,0.0005661839203766613,5.052863698670958,8.242224565102793,"{""y@t-1"": 0.3146}","{""throughput_2"": 0.0159}"
"ar_order=2,dynotears_lambda=0.1,engine=dynotears,other_lags=2",model,5,166718,33201,0.8966296195897714,0.3694528336454477,8.672927830779276,5.514108204442124,33108,0.8984535459707623,0.3534088418781141,8.300799672540176,5.13087304036549,93,0.24731182795698925,6.081113902816212,141.15055216389865,141.9458266157239,3654,0.16365626710454298,2.4855311199688233,29.708003644089263,29.525645338547747,29547,0.9872745117947677,0.10776298160545668,6.071575171563968,2.5446643797552877,18178,0.8243481131037518,0.5634287680658072,9.8272567867357,7.763062413322643,0.7669656567921208,0.09383891699690139,"[""y@t"", ""y@t-1""]",2,20,400.0,252,0.0009638263907713623,4.627330502093311,7.7230718450874685,"{""y@t-1"": 0.3334}","{""throughput_2"": 0.0163}"
"ar_order=2,dynotears_lambda=0.1,engine=dynotears,other_lags=2",ar,5,166718,33201,0.889943074003795,0.45556155304865315,9.892676142400664,5.976333186936724,33108,0.8917482179533648,0.4413446571379285,9.52711834076662,5.597362187118697,93,0.24731182795698925,5.516776497266618,140.03125352411914,140.89000912215428,3654,0.0,3.051038453774511,36.56034546345899,31.293184279757224,29547,1.0,0.1345857316369266,6.594755416129057,2.8454646082936765,18178,0.802838596105182,0.7007271872030886,11.744923189437491,8.15741009347683,0.7670290749812423,0.09383891699690139,"[""y@t"", ""y@t-1""]",2,20,400.0,252,0.0009638263907713623,4.627330502093311,7.7230718450874685,"{""y@t-1"": 0.3334}","{""throughput_2"": 0.0163}"
"ar_order=2,dynotears_lambda=0.1,engine=dynotears,other_lags=2",persistence,5,166718,33201,0.889943074003795,3.0409852461553237,9.44115106386959,4.627330502093316,33108,0.8917482179533648,2.9911072755674737,9.069772937424974,4.240364866497528,93,0.24731182795698925,20.797542775430088,141.6517640781532,142.38709677419354,3654,0.0,27.631021115928547,38.26535954946101,32.33771209633279,29547,1.0,0.0,5.87653679486255,1.2004602836159401,18178,0.802838596105182,5.44777091426383,11.612693711794495,7.7230718450874685,0.7670290749812423,0.09383891699690139,"[""y@t"", ""y@t-1""]",2,20,400.0,252,0.0009638263907713623,4.627330502093311,7.7230718450874685,"{""y@t-1"": 0.3334}","{""throughput_2"": 0.0163}"
