config,model,fold,n_train,n_all,acc_all,logloss_all,mae_all,maeh_all,n_within,acc_within,logloss_within,mae_within,maeh_within,n_xrun,acc_xrun,logloss_xrun,mae_xrun,maeh_xrun,n_change,acc_change,logloss_change,mae_change,maeh_change,n_stay,acc_stay,logloss_stay,mae_stay,maeh_stay,n_event,acc_event,logloss_event,mae_event,maeh_event,f1_all,search_sec,parents,n_parents,n_y,cpt_configs_possible,cpt_configs_seen,test_unseen_config_frac,mae_persistence_continuous,mae_persistence_continuous_event
"ar_order=2,capacity=True,numeric=True,on_change=capchain,other_lags=2,pool=local,target=throughput_1",model,1,33200,33558,0.9424578341975088,0.2553942627711873,6.4130683756969225,2.4321749307387597,33464,0.9427145589289984,0.254690207833926,6.40857524124188,2.4158663339663144,94,0.851063829787234,0.5060378204362116,8.012624241691421,8.238035381729318,2059,0.17484215638659542,3.047456905576117,12.026638767127231,7.919469629538334,31499,0.9926346868154544,0.07288507258942437,6.046125252551584,2.0734860903048307,16158,0.8843916326278005,0.45816214671484634,6.287206160180724,3.482570686904789,0.9296714398786826,0.10273595799662871,"[""y@t"", ""capacity_1@t+h"", ""cores_1@t+h"", ""capacity_1@t""]",4,20,40000.0,138,0.3806245902616366,1.9282436378806842,3.343483104344597
"ar_order=2,capacity=True,numeric=True,on_change=capchain,other_lags=2,pool=local,target=throughput_1",cg_mean,1,33200,33558,0.9424578341975088,0.2553942627711873,6.4130683756969225,2.0091148485448875,33464,0.9427145589289984,0.254690207833926,6.40857524124188,1.9922510581147008,94,0.851063829787234,0.5060378204362116,8.012624241691421,8.012624241691421,2059,0.17484215638659542,3.047456905576117,12.026638767127231,7.935502402198365,31499,0.9926346868154544,0.07288507258942437,6.046125252551584,1.6217237576222392,16158,0.8843916326278005,0.45816214671484634,6.287206160180724,3.218780266402209,0.9296714398786826,0.10273595799662871,"[""y@t"", ""capacity_1@t+h"", ""cores_1@t+h"", ""capacity_1@t""]",4,20,40000.0,138,0.3806245902616366,1.9282436378806842,3.343483104344597
"ar_order=2,capacity=True,numeric=True,on_change=capchain,other_lags=2,pool=local,target=throughput_1",cg_median,1,33200,33558,0.9424578341975088,0.2553942627711873,6.4130683756969225,1.5836219881613622,33464,0.9427145589289984,0.254690207833926,6.40857524124188,1.5655629930671766,94,0.851063829787234,0.5060378204362116,8.012624241691421,8.012624241691421,2059,0.17484215638659542,3.047456905576117,12.026638767127231,8.061236503373085,31499,0.9926346868154544,0.07288507258942437,6.046125252551584,1.1601987592708916,16158,0.8843916326278005,0.45816214671484634,6.287206160180724,3.2140116351033545,0.9296714398786826,0.10273595799662871,"[""y@t"", ""capacity_1@t+h"", ""cores_1@t+h"", ""capacity_1@t""]",4,20,40000.0,138,0.3806245902616366,1.9282436378806842,3.343483104344597
"ar_order=2,capacity=True,numeric=True,on_change=capchain,other_lags=2,pool=local,target=throughput_1",linear,1,33200,33558,0.9424578341975088,0.2553942627711873,6.4130683756969225,1.8168198599736087,33464,0.9427145589289984,0.254690207833926,6.40857524124188,1.7994159150811433,94,0.851063829787234,0.5060378204362116,8.012624241691421,8.012624241691421,2059,0.17484215638659542,3.047456905576117,12.026638767127231,9.376217809415138,31499,0.9926346868154544,0.07288507258942437,6.046125252551584,1.3226835261884058,16158,0.8843916326278005,0.45816214671484634,6.287206160180724,3.3382068333139587,0.9296714398786826,0.10273595799662871,"[""y@t"", ""capacity_1@t+h"", ""cores_1@t+h"", ""capacity_1@t""]",4,20,40000.0,138,0.3806245902616366,1.9282436378806842,3.343483104344597
"ar_order=2,capacity=True,numeric=True,on_change=capchain,other_lags=2,pool=local,target=throughput_1",clg,1,33200,33558,0.9424578341975088,0.2553942627711873,6.4130683756969225,1.9559830726877976,33464,0.9427145589289984,0.254690207833926,6.40857524124188,1.938970035696215,94,0.851063829787234,0.5060378204362116,8.012624241691421,8.012624241691421,2059,0.17484215638659542,3.047456905576117,12.026638767127231,8.944666629330714,31499,0.9926346868154544,0.07288507258942437,6.046125252551584,1.4991527147993644,16158,0.8843916326278005,0.45816214671484634,6.287206160180724,3.19482582246865,0.9296714398786826,0.10273595799662871,"[""y@t"", ""capacity_1@t+h"", ""cores_1@t+h"", ""capacity_1@t""]",4,20,40000.0,138,0.3806245902616366,1.9282436378806842,3.343483104344597
"ar_order=2,capacity=True,numeric=True,on_change=capchain,other_lags=2,pool=local,target=throughput_1",ar,1,33200,33558,0.9386435425233923,0.3083534294672375,7.030945996072382,2.714240945272892,33464,0.9407124073631365,0.2887052609378714,6.729617926246919,2.4026035445983482,94,0.20212765957446807,7.303101425921586,114.30373885393686,113.65715558541054,2059,0.0,4.179587887000411,20.589185857121606,13.701148085017206,31499,1.0,0.05530184852622976,6.1446824361530075,1.9960580886509824,16158,0.8772125263027603,0.531483220573727,6.786093254870201,3.315237852927559,0.9263446764400245,0.10273595799662871,"[""y@t"", ""capacity_1@t+h"", ""cores_1@t+h"", ""capacity_1@t""]",4,20,40000.0,138,0.3806245902616366,1.9282436378806842,3.343483104344597
"ar_order=2,capacity=True,numeric=True,on_change=capchain,other_lags=2,pool=local,target=throughput_1",persistence,1,33200,33558,0.9386435425233923,1.6953415721347185,6.682816442816695,1.9282436378806889,33464,0.9407124073631365,1.6381767240617453,6.3801435040619,1.6143915849868562,94,0.20212765957446807,22.0460274861132,114.4343826395241,113.65957446808511,2059,0.0,27.63102111592855,21.181200896261142,14.268576979116073,31499,1.0,0.0,5.73509830606181,1.1215911616241836,16158,0.8772125263027603,3.3927432784999523,6.745612237055846,3.343483104344596,0.9263446764400245,0.10273595799662871,"[""y@t"", ""capacity_1@t+h"", ""cores_1@t+h"", ""capacity_1@t""]",4,20,40000.0,138,0.3806245902616366,1.9282436378806842,3.343483104344597
"ar_order=2,capacity=True,numeric=True,on_change=capchain,other_lags=2,pool=local,target=throughput_1",model,2,66758,33201,0.9552121924038433,0.16729397602962173,6.402671331293422,2.2451217565866712,33108,0.9556300592001933,0.16539403112850887,6.396681670816324,2.2246559026622155,93,0.8064516129032258,0.8436743608257953,8.534990461140197,9.530965753693007,1730,0.21098265895953758,2.3091472578814027,11.876446405094999,9.562335976342375,31471,0.9961234152076515,0.04955363801673425,6.101771109575754,1.8428853929446716,17443,0.91738806397982,0.28817719327250135,5.812198848453332,3.6107741277499286,0.938456776568071,0.159128667000914,"[""y@t"", ""avg_p_latency_1@t"", ""capacity_1@t+h"", ""y@t-1""]",4,20,144000.0,420,0.15755549531640614,2.239932532152646,3.609986814194806
"ar_order=2,capacity=True,numeric=True,on_change=capchain,other_lags=2,pool=local,target=throughput_1",cg_mean,2,66758,33201,0.9552121924038433,0.16729397602962173,6.402671331293422,2.0728911635311342,33108,0.9556300592001933,0.16539403112850887,6.396681670816324,2.054739199212008,93,0.8064516129032258,0.8436743608257953,8.534990461140197,8.534990461140197,1730,0.21098265895953758,2.3091472578814027,11.876446405094999,9.588046981351392,31471,0.9961234152076515,0.04955363801673425,6.101771109575754,1.6597737041294933,17443,0.91738806397982,0.28817719327250135,5.812198848453332,3.4015510534912683,0.938456776568071,0.159128667000914,"[""y@t"", ""avg_p_latency_1@t"", ""capacity_1@t+h"", ""y@t-1""]",4,20,144000.0,420,0.15755549531640614,2.239932532152646,3.609986814194806
"ar_order=2,capacity=True,numeric=True,on_change=capchain,other_lags=2,pool=local,target=throughput_1",cg_median,2,66758,33201,0.9552121924038433,0.16729397602962173,6.402671331293422,1.8871194877529605,33108,0.9556300592001933,0.16539403112850887,6.396681670816324,1.868445692883895,93,0.8064516129032258,0.8436743608257953,8.534990461140197,8.534990461140197,1730,0.21098265895953758,2.3091472578814027,11.876446405094999,9.69297048076684,31471,0.9961234152076515,0.04955363801673425,6.101771109575754,1.4580221531301645,17443,0.91738806397982,0.28817719327250135,5.812198848453332,3.422375738118443,0.938456776568071,0.159128667000914,"[""y@t"", ""avg_p_latency_1@t"", ""capacity_1@t+h"", ""y@t-1""]",4,20,144000.0,420,0.15755549531640614,2.239932532152646,3.609986814194806
"ar_order=2,capacity=True,numeric=True,on_change=capchain,other_lags=2,pool=local,target=throughput_1",linear,2,66758,33201,0.9552121924038433,0.16729397602962173,6.402671331293422,2.10731873522884,33108,0.9556300592001933,0.16539403112850887,6.396681670816324,2.089263477571786,93,0.8064516129032258,0.8436743608257953,8.534990461140197,8.534990461140197,1730,0.21098265895953758,2.3091472578814027,11.876446405094999,10.980350232329474,31471,0.9961234152076515,0.04955363801673425,6.101771109575754,1.6195571613994706,17443,0.91738806397982,0.28817719327250135,5.812198848453332,3.3679976872907935,0.938456776568071,0.159128667000914,"[""y@t"", ""avg_p_latency_1@t"", ""capacity_1@t+h"", ""y@t-1""]",4,20,144000.0,420,0.15755549531640614,2.239932532152646,3.609986814194806
"ar_order=2,capacity=True,numeric=True,on_change=capchain,other_lags=2,pool=local,target=throughput_1",clg,2,66758,33201,0.9552121924038433,0.16729397602962173,6.402671331293422,2.0918113934912004,33108,0.9556300592001933,0.16539403112850887,6.396681670816324,2.0737125758854447,93,0.8064516129032258,0.8436743608257953,8.534990461140197,8.534990461140197,1730,0.21098265895953758,2.3091472578814027,11.876446405094999,10.150017281353115,31471,0.9961234152076515,0.04955363801673425,6.101771109575754,1.6488417965288824,17443,0.91738806397982,0.28817719327250135,5.812198848453332,3.0820517681731316,0.938456776568071,0.159128667000914,"[""y@t"", ""avg_p_latency_1@t"", ""capacity_1@t+h"", ""y@t-1""]",4,20,144000.0,420,0.15755549531640614,2.239932532152646,3.609986814194806
"ar_order=2,capacity=True,numeric=True,on_change=capchain,other_lags=2,pool=local,target=throughput_1",ar,2,66758,33201,0.9478931357489232,0.24043086900087723,7.070547145935909,2.6462261908238824,33108,0.9499818774918448,0.22041379525620733,6.748306697242493,2.309793352855847,93,0.20430107526881722,7.366509122103346,121.7881468807922,122.41631650744458,1730,0.0,3.7302860375458446,21.76578902745563,16.99792215755473,31471,1.0,0.048589191215525816,6.262731428131292,1.8572956191088317,17443,0.9050622026027633,0.380634624397439,6.46973757238524,3.5801081394370806,0.929344617076336,0.159128667000914,"[""y@t"", ""avg_p_latency_1@t"", ""capacity_1@t+h"", ""y@t-1""]",4,20,144000.0,420,0.15755549531640614,2.239932532152646,3.609986814194806
"ar_order=2,capacity=True,numeric=True,on_change=capchain,other_lags=2,pool=local,target=throughput_1",persistence,2,66758,33201,0.9478931357489232,1.4397658664063244,6.756927994928004,2.239932532152653,33108,0.9499818774918448,1.3820517992019352,6.433150095190477,1.9019270267005024,93,0.20430107526881722,21.98597379116895,122.02186030148816,122.56989247311827,1730,0.0,27.631021115928544,22.61431503061858,17.807514450867053,31471,1.0,0.0,5.885227713025787,1.3841631978647084,17443,0.9050622026027633,2.623228284582794,6.202168408520531,3.6099868141948055,0.929344617076336,0.159128667000914,"[""y@t"", ""avg_p_latency_1@t"", ""capacity_1@t+h"", ""y@t-1""]",4,20,144000.0,420,0.15755549531640614,2.239932532152646,3.609986814194806
"ar_order=2,capacity=True,numeric=True,on_change=capchain,other_lags=2,pool=local,target=throughput_1",model,3,99959,33201,0.9519291587602783,0.20816524192710126,6.312342059676007,2.3753490925307634,33108,0.9521565784704603,0.20772034973487566,6.307846575538355,2.357648538970211,93,0.8709677419354839,0.3665468623594114,7.9127344126805035,8.676746160087658,1721,0.2963393375944218,3.183451564605318,11.201841185522534,9.672013084608853,31480,0.9877700127064803,0.045507435023377917,6.045034944187384,1.9764431608164563,15967,0.9070583077597545,0.37771360304314683,5.454318215676187,3.2927055253386754,0.9186837596194053,0.26594325000041863,"[""y@t"", ""capacity_1@t+h"", ""y@t-1"", ""cores_1@t+h""]",4,20,48000.0,371,0.13942351134001987,1.8673533929700912,3.0884950209807727
"ar_order=2,capacity=True,numeric=True,on_change=capchain,other_lags=2,pool=local,target=throughput_1",cg_mean,3,99959,33201,0.9519291587602783,0.20816524192710126,6.312342059676007,2.085065811322411,33108,0.9521565784704603,0.20772034973487566,6.307846575538355,2.0686959557006186,93,0.8709677419354839,0.3665468623594114,7.9127344126805035,7.9127344126805035,1721,0.2963393375944218,3.183451564605318,11.201841185522534,8.34682567144108,31480,0.9877700127064803,0.045507435023377917,6.045034944187384,1.7427377071526455,15967,0.9070583077597545,0.37771360304314683,5.454318215676187,2.965853162647458,0.9186837596194053,0.26594325000041863,"[""y@t"", ""capacity_1@t+h"", ""y@t-1"", ""cores_1@t+h""]",4,20,48000.0,371,0.13942351134001987,1.8673533929700912,3.0884950209807727
"ar_order=2,capacity=True,numeric=True,on_change=capchain,other_lags=2,pool=local,target=throughput_1",cg_median,3,99959,33201,0.9519291587602783,0.20816524192710126,6.312342059676007,1.4982044004812893,33108,0.9521565784704603,0.20772034973487566,6.307846575538355,1.4801860577503927,93,0.8709677419354839,0.3665468623594114,7.9127344126805035,7.9127344126805035,1721,0.2963393375944218,3.183451564605318,11.201841185522534,8.54579017671849,31480,0.9877700127064803,0.045507435023377917,6.045034944187384,1.1129154830446875,15967,0.9070583077597545,0.37771360304314683,5.454318215676187,2.98903989478299,0.9186837596194053,0.26594325000041863,"[""y@t"", ""capacity_1@t+h"", ""y@t-1"", ""cores_1@t+h""]",4,20,48000.0,371,0.13942351134001987,1.8673533929700912,3.0884950209807727
"ar_order=2,capacity=True,numeric=True,on_change=capchain,other_lags=2,pool=local,target=throughput_1",linear,3,99959,33201,0.9519291587602783,0.20816524192710126,6.312342059676007,1.7854511495578642,33108,0.9521565784704603,0.20772034973487566,6.307846575538355,1.768239679717632,93,0.8709677419354839,0.3665468623594114,7.9127344126805035,7.9127344126805035,1721,0.2963393375944218,3.183451564605318,11.201841185522534,9.26534093721307,31480,0.9877700127064803,0.045507435023377917,6.045034944187384,1.3765283311158498,15967,0.9070583077597545,0.37771360304314683,5.454318215676187,2.886450467541672,0.9186837596194053,0.26594325000041863,"[""y@t"", ""capacity_1@t+h"", ""y@t-1"", ""cores_1@t+h""]",4,20,48000.0,371,0.13942351134001987,1.8673533929700912,3.0884950209807727
"ar_order=2,capacity=True,numeric=True,on_change=capchain,other_lags=2,pool=local,target=throughput_1",clg,3,99959,33201,0.9519291587602783,0.20816524192710126,6.312342059676007,3.1840217172527594,33108,0.9521565784704603,0.20772034973487566,6.307846575538355,3.1707388164229062,93,0.8709677419354839,0.3665468623594114,7.9127344126805035,7.9127344126805035,1721,0.2963393375944218,3.183451564605318,11.201841185522534,10.329182863091177,31480,0.9877700127064803,0.045507435023377917,6.045034944187384,2.7933983903154056,15967,0.9070583077597545,0.37771360304314683,5.454318215676187,4.074560139006791,0.9186837596194053,0.26594325000041863,"[""y@t"", ""capacity_1@t+h"", ""y@t-1"", ""cores_1@t+h""]",4,20,48000.0,371,0.13942351134001987,1.8673533929700912,3.0884950209807727
"ar_order=2,capacity=True,numeric=True,on_change=capchain,other_lags=2,pool=local,target=throughput_1",ar,3,99959,33201,0.9481642119213277,0.29097241994409967,6.847512816935934,2.293507033386786,33108,0.950374531835206,0.2702771391099266,6.479156196451951,1.9178032779278082,93,0.16129032258064516,7.658492396909719,137.98246970923387,136.04404397678297,1721,0.0,4.747387440515951,22.097601673697216,16.06213694255527,31480,1.0,0.04734185290457759,6.013796078610453,1.5407811098264637,15967,0.8971002693054425,0.4990043514682062,6.051173212285048,3.0437473719770796,0.9169067477638864,0.26594325000041863,"[""y@t"", ""capacity_1@t+h"", ""y@t-1"", ""cores_1@t+h""]",4,20,48000.0,371,0.13942351134001987,1.8673533929700912,3.0884950209807727
"ar_order=2,capacity=True,numeric=True,on_change=capchain,other_lags=2,pool=local,target=throughput_1",persistence,3,99959,33201,0.9481642119213277,1.4322757549625924,6.851182089189641,1.8673533929701014,33108,0.950374531835206,1.3712023587492634,6.481609667383811,1.4894889452700355,93,0.16129032258064516,23.174404806907813,138.41896425206514,136.38709677419354,1721,0.0,27.631021115928547,22.90923549869215,16.832074375363167,31480,1.0,0.0,5.97329422649098,1.0492376111817132,15967,0.8971002693054425,2.8432246316446803,6.183878886115495,3.0884950209807727,0.9169067477638864,0.26594325000041863,"[""y@t"", ""capacity_1@t+h"", ""y@t-1"", ""cores_1@t+h""]",4,20,48000.0,371,0.13942351134001987,1.8673533929700912,3.0884950209807727
"ar_order=2,capacity=True,numeric=True,on_change=capchain,other_lags=2,pool=local,target=throughput_1",model,4,133160,33558,0.926336492043626,0.16998023196908688,5.813596316660858,2.0918439044370567,33464,0.9265778149653359,0.1687025353151283,5.808687488544999,2.076630349602322,94,0.8404255319148937,0.6248402407783474,7.561139125906735,7.507869425602621,2764,0.22539797395079594,1.41358508404803,8.234845961383675,7.3444347084831865,30794,0.9892511528219783,0.05835706475644162,5.596270408431531,1.6203831983779706,15895,0.8505819440075495,0.32588691941256437,6.396832169956791,3.7187190172150726,0.9189821459139559,0.42558287500287406,"[""y@t"", ""avg_p_latency_1@t"", ""capacity_1@t+h"", ""y@t-1""]",4,20,144000.0,701,0.08430180582871447,1.9367661958400382,3.3672853098458635
"ar_order=2,capacity=True,numeric=True,on_change=capchain,other_lags=2,pool=local,target=throughput_1",cg_mean,4,133160,33558,0.926336492043626,0.16998023196908688,5.813596316660858,1.6769635496899769,33464,0.9265778149653359,0.1687025353151283,5.808687488544999,1.6604349666107163,94,0.8404255319148937,0.6248402407783474,7.561139125906735,7.561139125906735,2764,0.22539797395079594,1.41358508404803,8.234845961383675,6.2760677811412755,30794,0.9892511528219783,0.05835706475644162,5.596270408431531,1.2641583247847552,15895,0.8505819440075495,0.32588691941256437,6.396832169956791,3.001259758923025,0.9189821459139559,0.42558287500287406,"[""y@t"", ""avg_p_latency_1@t"", ""capacity_1@t+h"", ""y@t-1""]",4,20,144000.0,701,0.08430180582871447,1.9367661958400382,3.3672853098458635
"ar_order=2,capacity=True,numeric=True,on_change=capchain,other_lags=2,pool=local,target=throughput_1",cg_median,4,133160,33558,0.926336492043626,0.16998023196908688,5.813596316660858,1.5047752273030346,33464,0.9265778149653359,0.1687025353151283,5.808687488544999,1.4877629691608893,94,0.8404255319148937,0.6248402407783474,7.561139125906735,7.561139125906735,2764,0.22539797395079594,1.41358508404803,8.234845961383675,6.177585204039469,30794,0.9892511528219783,0.05835706475644162,5.596270408431531,1.08535434090635,15895,0.8505819440075495,0.32588691941256437,6.396832169956791,3.013494809688581,0.9189821459139559,0.42558287500287406,"[""y@t"", ""avg_p_latency_1@t"", ""capacity_1@t+h"", ""y@t-1""]",4,20,144000.0,701,0.08430180582871447,1.9367661958400382,3.3672853098458635
"ar_order=2,capacity=True,numeric=True,on_change=capchain,other_lags=2,pool=local,target=throughput_1",linear,4,133160,33558,0.926336492043626,0.16998023196908688,5.813596316660858,1.9131861602078317,33464,0.9265778149653359,0.1687025353151283,5.808687488544999,1.897321123787329,94,0.8404255319148937,0.6248402407783474,7.561139125906735,7.561139125906735,2764,0.22539797395079594,1.41358508404803,8.234845961383675,7.777558997748533,30794,0.9892511528219783,0.05835706475644162,5.596270408431531,1.3868132783814209,15895,0.8505819440075495,0.32588691941256437,6.396832169956791,3.121515098797491,0.9189821459139559,0.42558287500287406,"[""y@t"", ""avg_p_latency_1@t"", ""capacity_1@t+h"", ""y@t-1""]",4,20,144000.0,701,0.08430180582871447,1.9367661958400382,3.3672853098458635
"ar_order=2,capacity=True,numeric=True,on_change=capchain,other_lags=2,pool=local,target=throughput_1",clg,4,133160,33558,0.926336492043626,0.16998023196908688,5.813596316660858,1.9492972022427169,33464,0.9265778149653359,0.1687025353151283,5.808687488544999,1.9335336013335485,94,0.8404255319148937,0.6248402407783474,7.561139125906735,7.561139125906735,2764,0.22539797395079594,1.41358508404803,8.234845961383675,6.7090418658214155,30794,0.9892511528219783,0.05835706475644162,5.596270408431531,1.5220732543914628,15895,0.8505819440075495,0.32588691941256437,6.396832169956791,2.7651821134982817,0.9189821459139559,0.42558287500287406,"[""y@t"", ""avg_p_latency_1@t"", ""capacity_1@t+h"", ""y@t-1""]",4,20,144000.0,701,0.08430180582871447,1.9367661958400382,3.3672853098458635
"ar_order=2,capacity=True,numeric=True,on_change=capchain,other_lags=2,pool=local,target=throughput_1",ar,4,133160,33558,0.9176351391620478,0.3028055894168419,6.733652847604007,2.294989250472063,33464,0.9193461630408798,0.2866669338303474,6.404917677882054,1.959252192147142,94,0.30851063829787234,6.048166978208877,123.76337326861935,121.81738201414389,2764,0.0,3.1019522285388894,17.0332870848336,11.146772499972682,30794,1.0,0.05156049912219554,5.809180903988283,1.5004731466330128,15895,0.8301981755268952,0.5514915670727095,7.578235846338929,3.2122525488893743,0.911487087963889,0.42558287500287406,"[""y@t"", ""avg_p_latency_1@t"", ""capacity_1@t+h"", ""y@t-1""]",4,20,144000.0,701,0.08430180582871447,1.9367661958400382,3.3672853098458635
"ar_order=2,capacity=True,numeric=True,on_change=capchain,other_lags=2,pool=local,target=throughput_1",persistence,4,133160,33558,0.9176351391620478,2.275825209023974,6.910848439863227,1.9367661958400493,33464,0.9193461630408798,2.2285478720981096,6.581648595873676,1.599420272531687,94,0.30851063829787234,19.106557154631442,124.10599290014375,122.03191489361703,2764,0.0,27.63102111592855,18.264279131475075,12.284008683068004,30794,1.0,0.0,5.891790102797073,1.0080210430603496,15895,0.8301981755268952,4.69179779753955,7.864640998258647,3.3672853098458617,0.911487087963889,0.42558287500287406,"[""y@t"", ""avg_p_latency_1@t"", ""capacity_1@t+h"", ""y@t-1""]",4,20,144000.0,701,0.08430180582871447,1.9367661958400382,3.3672853098458635
"ar_order=2,capacity=True,numeric=True,on_change=capchain,other_lags=2,pool=local,target=throughput_1",model,5,166718,33201,0.9715370018975332,0.07353275397631259,5.599310514609281,1.733818099093442,33108,0.9717590914582578,0.07302748320971064,5.595846038558719,1.7177975780849863,93,0.8924731182795699,0.2534091468866043,6.832663988609237,7.437123578103647,1131,0.19982316534040673,1.3462482172746348,8.5769316657947,7.152206107074482,32070,0.9987527284066106,0.02864840134175061,5.494299927705923,1.5427299532553826,17320,0.9464780600461894,0.12096054693584436,4.968238391386888,2.7848322092777402,0.8962674040375312,0.4959958750041551,"[""y@t"", ""avg_p_latency_1@t"", ""capacity_1@t+h"", ""y@t-1""]",4,20,144000.0,800,0.04150477395259179,1.7716333845366103,2.7788683602771362
"ar_order=2,capacity=True,numeric=True,on_change=capchain,other_lags=2,pool=local,target=throughput_1",cg_mean,5,166718,33201,0.9715370018975332,0.07353275397631259,5.599310514609281,1.5955155799400367,33108,0.9717590914582578,0.07302748320971064,5.595846038558719,1.580804488904449,93,0.8924731182795699,0.2534091468866043,6.832663988609237,6.832663988609237,1131,0.19982316534040673,1.3462482172746348,8.5769316657947,7.236877853903915,32070,0.9987527284066106,0.02864840134175061,5.494299927705923,1.3965638888937897,17320,0.9464780600461894,0.12096054693584436,4.968238391386888,2.562554303235641,0.8962674040375312,0.4959958750041551,"[""y@t"", ""avg_p_latency_1@t"", ""capacity_1@t+h"", ""y@t-1""]",4,20,144000.0,800,0.04150477395259179,1.7716333845366103,2.7788683602771362
"ar_order=2,capacity=True,numeric=True,on_change=capchain,other_lags=2,pool=local,target=throughput_1",cg_median,5,166718,33201,0.9715370018975332,0.07353275397631259,5.599310514609281,1.4146091307774062,33108,0.9717590914582578,0.07302748320971064,5.595846038558719,1.3993898755587773,93,0.8924731182795699,0.2534091468866043,6.832663988609237,6.832663988609237,1131,0.19982316534040673,1.3462482172746348,8.5769316657947,7.255704344939629,32070,0.9987527284066106,0.02864840134175061,5.494299927705923,1.208613537162892,17320,0.9464780600461894,0.12096054693584436,4.968238391386888,2.556524249422633,0.8962674040375312,0.4959958750041551,"[""y@t"", ""avg_p_latency_1@t"", ""capacity_1@t+h"", ""y@t-1""]",4,20,144000.0,800,0.04150477395259179,1.7716333845366103,2.7788683602771362
"ar_order=2,capacity=True,numeric=True,on_change=capchain,other_lags=2,pool=local,target=throughput_1",linear,5,166718,33201,0.9715370018975332,0.07353275397631259,5.599310514609281,1.6323866932153155,33108,0.9717590914582578,0.07302748320971064,5.595846038558719,1.617779172722636,93,0.8924731182795699,0.2534091468866043,6.832663988609237,6.832663988609237,1131,0.19982316534040673,1.3462482172746348,8.5769316657947,8.926697291322752,32070,0.9987527284066106,0.02864840134175061,5.494299927705923,1.3751411276880465,17320,0.9464780600461894,0.12096054693584436,4.968238391386888,2.559024237011457,0.8962674040375312,0.4959958750041551,"[""y@t"", ""avg_p_latency_1@t"", ""capacity_1@t+h"", ""y@t-1""]",4,20,144000.0,800,0.04150477395259179,1.7716333845366103,2.7788683602771362
"ar_order=2,capacity=True,numeric=True,on_change=capchain,other_lags=2,pool=local,target=throughput_1",clg,5,166718,33201,0.9715370018975332,0.07353275397631259,5.599310514609281,1.455895080142662,33108,0.9717590914582578,0.07302748320971064,5.595846038558719,1.4407917966919133,93,0.8924731182795699,0.2534091468866043,6.832663988609237,6.832663988609237,1131,0.19982316534040673,1.3462482172746348,8.5769316657947,8.051949821920036,32070,0.9987527284066106,0.02864840134175061,5.494299927705923,1.2232746276028985,17320,0.9464780600461894,0.12096054693584436,4.968238391386888,2.2634685232753373,0.8962674040375312,0.4959958750041551,"[""y@t"", ""avg_p_latency_1@t"", ""capacity_1@t+h"", ""y@t-1""]",4,20,144000.0,800,0.04150477395259179,1.7716333845366103,2.7788683602771362
"ar_order=2,capacity=True,numeric=True,on_change=capchain,other_lags=2,pool=local,target=throughput_1",ar,5,166718,33201,0.9659347610011747,0.14193414578674535,6.030090040367163,2.0829194138805947,33108,0.9680137731061979,0.12346837829728313,5.721077307464183,1.7665401567369856,93,0.22580645161290322,6.7157473720353025,116.03862295382812,114.71393495700518,1131,0.0,2.72713919963653,20.651701043804263,16.789203983790756,32070,1.0,0.05076274211028429,5.514435470835283,1.5642786951849788,17320,0.9388568129330254,0.19101533588740993,5.30355926692537,2.7241163972897424,0.898379800438477,0.4959958750041551,"[""y@t"", ""avg_p_latency_1@t"", ""capacity_1@t+h"", ""y@t-1""]",4,20,144000.0,800,0.04150477395259179,1.7716333845366103,2.7788683602771362
"ar_order=2,capacity=True,numeric=True,on_change=capchain,other_lags=2,pool=local,target=throughput_1",persistence,5,166718,33201,0.9659347610011747,0.9412573380956956,6.045686587476524,1.7716333845366192,33108,0.9680137731061979,0.8838121107215275,5.735893310268609,1.4537271958439135,93,0.22580645161290322,21.391758283299517,116.33209327349465,114.94623655913979,1131,0.0,27.631021115928547,22.63209032478296,18.521662245800183,32070,1.0,0.0,5.460740450061696,1.1809167446211504,17320,0.9388568129330254,1.6894486929427444,5.38012708641824,2.7788683602771362,0.898379800438477,0.4959958750041551,"[""y@t"", ""avg_p_latency_1@t"", ""capacity_1@t+h"", ""y@t-1""]",4,20,144000.0,800,0.04150477395259179,1.7716333845366103,2.7788683602771362
"ar_order=2,capacity=True,n_bins=50,numeric=True,on_change=capchain,other_lags=2,pool=local,target=throughput_1",model,1,33200,33558,0.7363370880267001,0.9510267808260093,13.420769729049324,12.448549130049873,33464,0.7363136504900789,0.943291061859123,13.44333474634734,12.467067963073212,94,0.7446808510638298,3.7049427330375413,5.387623570956446,5.855844573741225,5210,0.2637236084452975,2.398003586438578,9.15050338832424,8.334039295948918,28348,0.8231974036969099,0.6850909420634342,14.205590091515027,13.204743437784668,16158,0.6679044436192598,1.0902955419503575,5.345074734463054,5.18023001871956,0.5609695287531409,0.23264575000212062,"[""y@t"", ""avg_p_latency_1@t-1"", ""y@t-1"", ""capacity_1@t+h""]",4,50,5625000.0,556,0.47529650157935516,1.9282436378806842,3.343483104344597
"ar_order=2,capacity=True,n_bins=50,numeric=True,on_change=capchain,other_lags=2,pool=local,target=throughput_1",cg_mean,1,33200,33558,0.7363370880267001,0.9510267808260093,13.420769729049324,2.235568098369038,33464,0.7363136504900789,0.943291061859123,13.44333474634734,2.2267140099628935,94,0.7446808510638298,3.7049427330375413,5.387623570956446,5.387623570956446,5210,0.2637236084452975,2.398003586438578,9.15050338832424,5.45838401601704,28348,0.8231974036969099,0.6850909420634342,14.205590091515027,1.6432557330894386,16158,0.6679044436192598,1.0902955419503575,5.345074734463054,3.2233654376142415,0.5609695287531409,0.23264575000212062,"[""y@t"", ""avg_p_latency_1@t-1"", ""y@t-1"", ""capacity_1@t+h""]",4,50,5625000.0,556,0.47529650157935516,1.9282436378806842,3.343483104344597
"ar_order=2,capacity=True,n_bins=50,numeric=True,on_change=capchain,other_lags=2,pool=local,target=throughput_1",cg_median,1,33200,33558,0.7363370880267001,0.9510267808260093,13.420769729049324,1.7749549024277342,33464,0.7363136504900789,0.943291061859123,13.44333474634734,1.7648069567296198,94,0.7446808510638298,3.7049427330375413,5.387623570956446,5.387623570956446,5210,0.2637236084452975,2.398003586438578,9.15050338832424,5.425645299161246,28348,0.8231974036969099,0.6850909420634342,14.205590091515027,1.1040046778270005,16158,0.6679044436192598,1.0902955419503575,5.345074734463054,3.211938358707761,0.5609695287531409,0.23264575000212062,"[""y@t"", ""avg_p_latency_1@t-1"", ""y@t-1"", ""capacity_1@t+h""]",4,50,5625000.0,556,0.47529650157935516,1.9282436378806842,3.343483104344597
"ar_order=2,capacity=True,n_bins=50,numeric=True,on_change=capchain,other_lags=2,pool=local,target=throughput_1",linear,1,33200,33558,0.7363370880267001,0.9510267808260093,13.420769729049324,1.8870681621006287,33464,0.7363136504900789,0.943291061859123,13.44333474634734,1.8772351412892356,94,0.7446808510638298,3.7049427330375413,5.387623570956446,5.387623570956446,5210,0.2637236084452975,2.398003586438578,9.15050338832424,5.859786132719808,28348,0.8231974036969099,0.6850909420634342,14.205590091515027,1.1569333862107622,16158,0.6679044436192598,1.0902955419503575,5.345074734463054,3.0891816693877137,0.5609695287531409,0.23264575000212062,"[""y@t"", ""avg_p_latency_1@t-1"", ""y@t-1"", ""capacity_1@t+h""]",4,50,5625000.0,556,0.47529650157935516,1.9282436378806842,3.343483104344597
"ar_order=2,capacity=True,n_bins=50,numeric=True,on_change=capchain,other_lags=2,pool=local,target=throughput_1",clg,1,33200,33558,0.7363370880267001,0.9510267808260093,13.420769729049324,1.5975359536345644,33464,0.7363136504900789,0.943291061859123,13.44333474634734,1.5868896401027612,94,0.7446808510638298,3.7049427330375413,5.387623570956446,5.387623570956446,5210,0.2637236084452975,2.398003586438578,9.15050338832424,5.535175646569731,28348,0.8231974036969099,0.6850909420634342,14.205590091515027,0.8738481167433474,16158,0.6679044436192598,1.0902955419503575,5.345074734463054,2.910853370399031,0.5609695287531409,0.23264575000212062,"[""y@t"", ""avg_p_latency_1@t-1"", ""y@t-1"", ""capacity_1@t+h""]",4,50,5625000.0,556,0.47529650157935516,1.9282436378806842,3.343483104344597
"ar_order=2,capacity=True,n_bins=50,numeric=True,on_change=capchain,other_lags=2,pool=local,target=throughput_1",ar,1,33200,33558,0.7231062637821086,1.0413549828662876,13.973468743226306,12.715791296102475,33464,0.7248087497011714,1.0183904338229277,13.700737879758258,12.439518615963502,94,0.11702127659574468,9.216734442302407,111.06565613785139,111.06886542557662,5210,0.05297504798464491,3.0009818604433227,12.249893335397463,10.521464677695276,28348,0.8462678143078877,0.6812006145801174,14.29023986904782,13.119080476358631,16158,0.6290382473078351,1.2393795937091538,5.735684977902329,5.136307153014124,0.5744548943986734,0.23264575000212062,"[""y@t"", ""avg_p_latency_1@t-1"", ""y@t-1"", ""capacity_1@t+h""]",4,50,5625000.0,556,0.47529650157935516,1.9282436378806842,3.343483104344597
"ar_order=2,capacity=True,n_bins=50,numeric=True,on_change=capchain,other_lags=2,pool=local,target=throughput_1",persistence,1,33200,33558,0.8447464092019786,4.289815245663857,3.61554774605812,1.9282436378806926,33464,0.8466710494860148,4.236635469335088,3.3061399242534897,1.61439158498686,94,0.1595744680851064,23.221815618705904,113.7647323085066,113.65957446808511,5210,0.0,27.631021115928544,10.014770953990826,8.292130518234165,28348,1.0,0.0,2.439452327921765,0.758642585014826,16158,0.6824483228122292,8.774277097773819,3.7748950544039572,3.343483104344597,0.7839927023795011,0.23264575000212062,"[""y@t"", ""avg_p_latency_1@t-1"", ""y@t-1"", ""capacity_1@t+h""]",4,50,5625000.0,556,0.47529650157935516,1.9282436378806842,3.343483104344597
"ar_order=2,capacity=True,n_bins=50,numeric=True,on_change=capchain,other_lags=2,pool=local,target=throughput_1",model,2,66758,33201,0.7934399566278124,0.6709328502601078,7.453457435325166,6.833897930987327,33108,0.7935242237525674,0.6663391079094386,7.462903565780422,6.839839586105604,93,0.7634408602150538,2.3063051270983315,4.090634993253957,4.718668708880487,6015,0.26483790523690776,2.2051116482329913,7.637516679784306,7.000752428116104,27186,0.9103950562789671,0.3314902890224526,7.41273366737763,6.79698077508982,17443,0.6904775554663762,0.9378467894351549,4.204238662867339,4.240943956699694,0.6087354676834273,0.40212004199565854,"[""y@t"", ""avg_p_latency_1@t"", ""data_quality_1@t+h""]",3,50,22500.0,517,0.21767416644076987,2.239932532152646,3.609986814194806
"ar_order=2,capacity=True,n_bins=50,numeric=True,on_change=capchain,other_lags=2,pool=local,target=throughput_1",cg_mean,2,66758,33201,0.7934399566278124,0.6709328502601078,7.453457435325166,2.287158218516613,33108,0.7935242237525674,0.6663391079094386,7.462903565780422,2.28209227252016,93,0.7634408602150538,2.3063051270983315,4.090634993253957,4.090634993253957,6015,0.26483790523690776,2.2051116482329913,7.637516679784306,5.4739247920776934,27186,0.9103950562789671,0.3314902890224526,7.41273366737763,1.582074685081393,17443,0.6904775554663762,0.9378467894351549,4.204238662867339,3.238134401750404,0.6087354676834273,0.40212004199565854,"[""y@t"", ""avg_p_latency_1@t"", ""data_quality_1@t+h""]",3,50,22500.0,517,0.21767416644076987,2.239932532152646,3.609986814194806
"ar_order=2,capacity=True,n_bins=50,numeric=True,on_change=capchain,other_lags=2,pool=local,target=throughput_1",cg_median,2,66758,33201,0.7934399566278124,0.6709328502601078,7.453457435325166,1.8575322747619836,33108,0.7935242237525674,0.6663391079094386,7.462903565780422,1.8512595143167814,93,0.7634408602150538,2.3063051270983315,4.090634993253957,4.090634993253957,6015,0.26483790523690776,2.2051116482329913,7.637516679784306,5.558791705296071,27186,0.9103950562789671,0.3314902890224526,7.41273366737763,1.0386153515418506,17443,0.6904775554663762,0.9378467894351549,4.204238662867339,3.2825775382674998,0.6087354676834273,0.40212004199565854,"[""y@t"", ""avg_p_latency_1@t"", ""data_quality_1@t+h""]",3,50,22500.0,517,0.21767416644076987,2.239932532152646,3.609986814194806
"ar_order=2,capacity=True,n_bins=50,numeric=True,on_change=capchain,other_lags=2,pool=local,target=throughput_1",linear,2,66758,33201,0.7934399566278124,0.6709328502601078,7.453457435325166,2.2848913270293805,33108,0.7935242237525674,0.6663391079094386,7.462903565780422,2.2798190133602105,93,0.7634408602150538,2.3063051270983315,4.090634993253957,4.090634993253957,6015,0.26483790523690776,2.2051116482329913,7.637516679784306,6.553847568872638,27186,0.9103950562789671,0.3314902890224526,7.41273366737763,1.3403694483165431,17443,0.6904775554663762,0.9378467894351549,4.204238662867339,3.5647128608754364,0.6087354676834273,0.40212004199565854,"[""y@t"", ""avg_p_latency_1@t"", ""data_quality_1@t+h""]",3,50,22500.0,517,0.21767416644076987,2.239932532152646,3.609986814194806
"ar_order=2,capacity=True,n_bins=50,numeric=True,on_change=capchain,other_lags=2,pool=local,target=throughput_1",clg,2,66758,33201,0.7934399566278124,0.6709328502601078,7.453457435325166,1.9744717886092098,33108,0.7935242237525674,0.6663391079094386,7.462903565780422,1.9685275099444777,93,0.7634408602150538,2.3063051270983315,4.090634993253957,4.090634993253957,6015,0.26483790523690776,2.2051116482329913,7.637516679784306,6.136911118699215,27186,0.9103950562789671,0.3314902890224526,7.41273366737763,1.0535171586345395,17443,0.6904775554663762,0.9378467894351549,4.204238662867339,3.354784495435967,0.6087354676834273,0.40212004199565854,"[""y@t"", ""avg_p_latency_1@t"", ""data_quality_1@t+h""]",3,50,22500.0,517,0.21767416644076987,2.239932532152646,3.609986814194806
"ar_order=2,capacity=True,n_bins=50,numeric=True,on_change=capchain,other_lags=2,pool=local,target=throughput_1",ar,2,66758,33201,0.7806692569500918,0.7934823217432009,8.106383600126284,7.185611366941743,33108,0.7823788812371633,0.7705222826723874,7.784416472411121,6.862067469547665,93,0.17204301075268819,8.967256230952787,122.72668106672428,122.36723883923338,6015,0.033582709891936825,2.9259375281820614,10.854341306612493,9.19992577187684,27186,0.9459648348414625,0.321668959471085,7.498388102277591,6.739937080703069,17443,0.6514361061743966,1.1206008927625084,4.790960014769297,4.196007668625879,0.615509842110436,0.40212004199565854,"[""y@t"", ""avg_p_latency_1@t"", ""data_quality_1@t+h""]",3,50,22500.0,517,0.21767416644076987,2.239932532152646,3.609986814194806
"ar_order=2,capacity=True,n_bins=50,numeric=True,on_change=capchain,other_lags=2,pool=local,target=throughput_1",persistence,2,66758,33201,0.8188307581096955,5.005891148227771,3.5916252091137535,2.2399325321526513,33108,0.8206475776247433,4.955690569843654,3.2557979242407855,1.9019270267005004,93,0.17204301075268819,22.87729705297309,123.14613862389037,122.56989247311827,6015,0.0,27.63102111592855,10.195954496752961,8.45901911886949,27186,1.0,0.0,2.130393668425538,0.8639373206797684,17443,0.659576907642034,9.406237653292653,4.137508173415913,3.609986814194805,0.7005280349275632,0.40212004199565854,"[""y@t"", ""avg_p_latency_1@t"", ""data_quality_1@t+h""]",3,50,22500.0,517,0.21767416644076987,2.239932532152646,3.609986814194806
"ar_order=2,capacity=True,n_bins=50,numeric=True,on_change=capchain,other_lags=2,pool=local,target=throughput_1",model,3,99959,33201,0.8737387428089516,0.5333227998962505,3.0746759077186008,2.0594516414293262,33108,0.8741391808626314,0.5280251116180075,3.0695140687987656,2.050889332921996,93,0.7311827956989247,2.4192998269508146,4.9122905631798375,5.107633470038847,4244,0.3150329877474081,2.8240102068251827,6.683723563927982,6.180844480327904,28957,0.9556238560624374,0.19759474260418355,2.5457261459009883,1.455411471236089,15967,0.7906933049414417,0.8776179970706072,3.4503646543147894,3.284590404387334,0.6688211183633431,0.5575659160022042,"[""y@t"", ""capacity_1@t+h"", ""y@t-1"", ""capacity_1@t""]",4,50,6250000.0,669,0.18984367940724678,1.8673533929700912,3.0884950209807727
"ar_order=2,capacity=True,n_bins=50,numeric=True,on_change=capchain,other_lags=2,pool=local,target=throughput_1",cg_mean,3,99959,33201,0.8737387428089516,0.5333227998962505,3.0746759077186008,1.931494044577427,33108,0.8741391808626314,0.5280251116180075,3.0695140687987656,1.9231210206487686,93,0.7311827956989247,2.4192998269508146,4.9122905631798375,4.9122905631798375,4244,0.3150329877474081,2.8240102068251827,6.683723563927982,5.7047433036958495,28957,0.9556238560624374,0.19759474260418355,2.5457261459009883,1.3784785438108218,15967,0.7906933049414417,0.8776179970706072,3.4503646543147894,2.9751994587180306,0.6688211183633431,0.5575659160022042,"[""y@t"", ""capacity_1@t+h"", ""y@t-1"", ""capacity_1@t""]",4,50,6250000.0,669,0.18984367940724678,1.8673533929700912,3.0884950209807727
"ar_order=2,capacity=True,n_bins=50,numeric=True,on_change=capchain,other_lags=2,pool=local,target=throughput_1",cg_median,3,99959,33201,0.8737387428089516,0.5333227998962505,3.0746759077186008,1.754852053322964,33108,0.8741391808626314,0.5280251116180075,3.0695140687987656,1.745982844025613,93,0.7311827956989247,2.4192998269508146,4.9122905631798375,4.9122905631798375,4244,0.3150329877474081,2.8240102068251827,6.683723563927982,5.706589389806117,28957,0.9556238560624374,0.19759474260418355,2.5457261459009883,1.1756769572828183,15967,0.7906933049414417,0.8776179970706072,3.4503646543147894,2.9844992797645142,0.6688211183633431,0.5575659160022042,"[""y@t"", ""capacity_1@t+h"", ""y@t-1"", ""capacity_1@t""]",4,50,6250000.0,669,0.18984367940724678,1.8673533929700912,3.0884950209807727
"ar_order=2,capacity=True,n_bins=50,numeric=True,on_change=capchain,other_lags=2,pool=local,target=throughput_1",linear,3,99959,33201,0.8737387428089516,0.5333227998962505,3.0746759077186008,1.6105702232783372,33108,0.8741391808626314,0.5280251116180075,3.0695140687987656,1.6012957279415354,93,0.7311827956989247,2.4192998269508146,4.9122905631798375,4.9122905631798375,4244,0.3150329877474081,2.8240102068251827,6.683723563927982,5.998712190028134,28957,0.9556238560624374,0.19759474260418355,2.5457261459009883,0.9674347290321743,15967,0.7906933049414417,0.8776179970706072,3.4503646543147894,2.8852612407596454,0.6688211183633431,0.5575659160022042,"[""y@t"", ""capacity_1@t+h"", ""y@t-1"", ""capacity_1@t""]",4,50,6250000.0,669,0.18984367940724678,1.8673533929700912,3.0884950209807727
"ar_order=2,capacity=True,n_bins=50,numeric=True,on_change=capchain,other_lags=2,pool=local,target=throughput_1",clg,3,99959,33201,0.8737387428089516,0.5333227998962505,3.0746759077186008,1.5371297583532988,33108,0.8741391808626314,0.5280251116180075,3.0695140687987656,1.5276489695756963,93,0.7311827956989247,2.4192998269508146,4.9122905631798375,4.9122905631798375,4244,0.3150329877474081,2.8240102068251827,6.683723563927982,5.5103803698160405,28957,0.9556238560624374,0.19759474260418355,2.5457261459009883,0.954801630610512,15967,0.7906933049414417,0.8776179970706072,3.4503646543147894,2.6170284810961846,0.6688211183633431,0.5575659160022042,"[""y@t"", ""capacity_1@t+h"", ""y@t-1"", ""capacity_1@t""]",4,50,6250000.0,669,0.18984367940724678,1.8673533929700912,3.0884950209807727
"ar_order=2,capacity=True,n_bins=50,numeric=True,on_change=capchain,other_lags=2,pool=local,target=throughput_1",ar,3,99959,33201,0.855094726062468,0.6752043825495498,3.882128991723562,2.490938193111663,33108,0.8571644315573276,0.6484516707202693,3.5069869005271412,2.1148942485402173,93,0.11827956989247312,10.199169793773388,137.43271345764953,136.36258246054643,4244,0.018614514608859566,3.640613322906528,11.183235871732343,9.313155614443987,28957,0.9776910591566806,0.24058769080403,2.8120631147764596,1.4910593819042037,15967,0.7396505292165091,1.0704473210310799,4.098404033565508,3.17985674124713,0.6583268908662496,0.5575659160022042,"[""y@t"", ""capacity_1@t+h"", ""y@t-1"", ""capacity_1@t""]",4,50,6250000.0,669,0.18984367940724678,1.8673533929700912,3.0884950209807727
"ar_order=2,capacity=True,n_bins=50,numeric=True,on_change=capchain,other_lags=2,pool=local,target=throughput_1",persistence,3,99959,33201,0.872172524923948,3.5320036630222207,3.5431373314621624,1.8673533929701023,33108,0.8742902017639241,3.47349008954013,3.1666710325799667,1.4894889452700364,93,0.11827956989247312,24.362835822646673,137.56513973352378,136.38709677419354,4244,0.0,27.631021115928544,11.183283415443304,9.286286522148917,28957,1.0,0.0,2.4233811419254017,0.7800186483406557,15967,0.7393373833531659,7.20237426470186,3.8491604875418033,3.0884950209807727,0.7339086176977945,0.5575659160022042,"[""y@t"", ""capacity_1@t+h"", ""y@t-1"", ""capacity_1@t""]",4,50,6250000.0,669,0.18984367940724678,1.8673533929700912,3.0884950209807727
"ar_order=2,capacity=True,n_bins=50,numeric=True,on_change=capchain,other_lags=2,pool=local,target=throughput_1",model,4,133160,33558,0.8799690088801478,0.37891152307674897,2.833015702885405,2.0264670295266827,33464,0.8802892660769782,0.37513799972544376,2.830625249786157,2.0218146321972417,94,0.7659574468085106,1.7222858361414133,3.6840170062174766,3.6827204788076515,4895,0.3515832482124617,1.7785742425029993,5.6307695264168665,5.296145075348223,28663,0.9702054914000628,0.13988040241277463,2.3552218583406432,1.4680790717310424,15895,0.764454230890217,0.6685583682558542,3.079675606014453,3.163796431073296,0.7483402237328503,0.6644765000019106,"[""y@t"", ""avg_p_latency_1@t-1"", ""capacity_1@t+h"", ""y@t-1""]",4,50,5625000.0,1415,0.23001966744144467,1.9367661958400382,3.3672853098458635
"ar_order=2,capacity=True,n_bins=50,numeric=True,on_change=capchain,other_lags=2,pool=local,target=throughput_1",cg_mean,4,133160,33558,0.8799690088801478,0.37891152307674897,2.833015702885405,1.8607970513847134,33464,0.8802892660769782,0.37513799972544376,2.830625249786157,1.8556756470172056,94,0.7659574468085106,1.7222858361414133,3.6840170062174766,3.6840170062174766,4895,0.3515832482124617,1.7785742425029993,5.6307695264168665,5.225271550795455,28663,0.9702054914000628,0.13988040241277463,2.3552218583406432,1.2862199772956238,15895,0.764454230890217,0.6685583682558542,3.079675606014453,3.024791008592008,0.7483402237328503,0.6644765000019106,"[""y@t"", ""avg_p_latency_1@t-1"", ""capacity_1@t+h"", ""y@t-1""]",4,50,5625000.0,1415,0.23001966744144467,1.9367661958400382,3.3672853098458635
"ar_order=2,capacity=True,n_bins=50,numeric=True,on_change=capchain,other_lags=2,pool=local,target=throughput_1",cg_median,4,133160,33558,0.8799690088801478,0.37891152307674897,2.833015702885405,1.4989211990757625,33464,0.8802892660769782,0.37513799972544376,2.830625249786157,1.4927832895051398,94,0.7659574468085106,1.7222858361414133,3.6840170062174766,3.6840170062174766,4895,0.3515832482124617,1.7785742425029993,5.6307695264168665,5.263168296058537,28663,0.9702054914000628,0.13988040241277463,2.3552218583406432,0.8560718971977079,15895,0.764454230890217,0.6685583682558542,3.079675606014453,3.062503932054105,0.7483402237328503,0.6644765000019106,"[""y@t"", ""avg_p_latency_1@t-1"", ""capacity_1@t+h"", ""y@t-1""]",4,50,5625000.0,1415,0.23001966744144467,1.9367661958400382,3.3672853098458635
"ar_order=2,capacity=True,n_bins=50,numeric=True,on_change=capchain,other_lags=2,pool=local,target=throughput_1",linear,4,133160,33558,0.8799690088801478,0.37891152307674897,2.833015702885405,1.9012391055582283,33464,0.8802892660769782,0.37513799972544376,2.830625249786157,1.896231302466489,94,0.7659574468085106,1.7222858361414133,3.6840170062174766,3.6840170062174766,4895,0.3515832482124617,1.7785742425029993,5.6307695264168665,6.113310609221426,28663,0.9702054914000628,0.13988040241277463,2.3552218583406432,1.1819114004878815,15895,0.764454230890217,0.6685583682558542,3.079675606014453,3.1236981956346623,0.7483402237328503,0.6644765000019106,"[""y@t"", ""avg_p_latency_1@t-1"", ""capacity_1@t+h"", ""y@t-1""]",4,50,5625000.0,1415,0.23001966744144467,1.9367661958400382,3.3672853098458635
"ar_order=2,capacity=True,n_bins=50,numeric=True,on_change=capchain,other_lags=2,pool=local,target=throughput_1",clg,4,133160,33558,0.8799690088801478,0.37891152307674897,2.833015702885405,1.8406330859760696,33464,0.8802892660769782,0.37513799972544376,2.830625249786157,1.8354550412562902,94,0.7659574468085106,1.7222858361414133,3.6840170062174766,3.6840170062174766,4895,0.3515832482124617,1.7785742425029993,5.6307695264168665,5.303535855418503,28663,0.9702054914000628,0.13988040241277463,2.3552218583406432,1.2492466624886216,15895,0.764454230890217,0.6685583682558542,3.079675606014453,2.739090467799833,0.7483402237328503,0.6644765000019106,"[""y@t"", ""avg_p_latency_1@t-1"", ""capacity_1@t+h"", ""y@t-1""]",4,50,5625000.0,1415,0.23001966744144467,1.9367661958400382,3.3672853098458635
"ar_order=2,capacity=True,n_bins=50,numeric=True,on_change=capchain,other_lags=2,pool=local,target=throughput_1",ar,4,133160,33558,0.8574706478336015,0.5193339528704077,3.4338492979793167,2.321702561378923,33464,0.8591919674874492,0.4963876849986803,3.098757814586538,1.9861174944507332,94,0.24468085106382978,8.688205315205373,122.72641738580843,121.78998638781451,4895,0.05107252298263534,2.5773173206785094,9.511589773072725,8.084204865429651,28663,0.9951854306946237,0.16787637392121688,2.395907016097371,1.3375959159360766,15895,0.706826045926392,0.8797738783851913,3.7206231716326124,3.165648474786327,0.7412769549243158,0.6644765000019106,"[""y@t"", ""avg_p_latency_1@t-1"", ""capacity_1@t+h"", ""y@t-1""]",4,50,5625000.0,1415,0.23001966744144467,1.9367661958400382,3.3672853098458635
"ar_order=2,capacity=True,n_bins=50,numeric=True,on_change=capchain,other_lags=2,pool=local,target=throughput_1",persistence,4,133160,33558,0.8541331426187496,4.030450216415466,3.5036853262948986,1.9367661958400473,33464,0.8558450872579488,3.9831474379404535,3.167415035612036,1.599420272531685,94,0.24468085106382978,20.8702393535205,123.21590880939407,122.03191489361703,4895,0.0,27.631021115928544,10.374944376053215,8.854545454545455,28663,1.0,0.0,2.3302278009637423,0.7553640581935003,15895,0.6965083359547027,8.385784577743902,3.862051806949529,3.3672853098458635,0.7481885478569443,0.6644765000019106,"[""y@t"", ""avg_p_latency_1@t-1"", ""capacity_1@t+h"", ""y@t-1""]",4,50,5625000.0,1415,0.23001966744144467,1.9367661958400382,3.3672853098458635
"ar_order=2,capacity=True,n_bins=50,numeric=True,on_change=capchain,other_lags=2,pool=local,target=throughput_1",model,5,166718,33201,0.8831360501189723,0.31635251924673874,2.550121539946339,1.8898010684500866,33108,0.8835024767427812,0.3143242637801734,2.5464592029715645,1.883552504166639,93,0.7526881720430108,1.0384114653439982,3.853913502966299,4.114289953357306,4829,0.37481880306481674,1.338889975902876,4.126853620637966,4.124607666877706,28372,0.9696531791907514,0.14231355906795376,2.281756982718796,1.509430242854183,17320,0.807621247113164,0.4831154505075803,2.483166772378087,2.8009905837822275,0.7183594252011348,0.966854708000028,"[""y@t"", ""avg_p_latency_1@t"", ""capacity_1@t+h""]",3,50,112500.0,1044,0.11909279840968645,1.7716333845366103,2.7788683602771362
"ar_order=2,capacity=True,n_bins=50,numeric=True,on_change=capchain,other_lags=2,pool=local,target=throughput_1",cg_mean,5,166718,33201,0.8831360501189723,0.31635251924673874,2.550121539946339,1.5127036557467908,33108,0.8835024767427812,0.3143242637801734,2.5464592029715645,1.5061272235916796,93,0.7526881720430108,1.0384114653439982,3.853913502966299,3.853913502966299,4829,0.37481880306481674,1.338889975902876,4.126853620637966,3.6413104570522146,28372,0.9696531791907514,0.14231355906795376,2.281756982718796,1.150408356032146,17320,0.807621247113164,0.4831154505075803,2.483166772378087,2.3562310462111045,0.7183594252011348,0.966854708000028,"[""y@t"", ""avg_p_latency_1@t"", ""capacity_1@t+h""]",3,50,112500.0,1044,0.11909279840968645,1.7716333845366103,2.7788683602771362
"ar_order=2,capacity=True,n_bins=50,numeric=True,on_change=capchain,other_lags=2,pool=local,target=throughput_1",cg_median,5,166718,33201,0.8831360501189723,0.31635251924673874,2.550121539946339,1.3186775686207,33108,0.8835024767427812,0.3143242637801734,2.5464592029715645,1.3115561193669203,93,0.7526881720430108,1.0384114653439982,3.853913502966299,3.853913502966299,4829,0.37481880306481674,1.338889975902876,4.126853620637966,3.639228437055919,28372,0.9696531791907514,0.14231355906795376,2.281756982718796,0.9237128095739755,17320,0.807621247113164,0.4831154505075803,2.483166772378087,2.323469976905312,0.7183594252011348,0.966854708000028,"[""y@t"", ""avg_p_latency_1@t"", ""capacity_1@t+h""]",3,50,112500.0,1044,0.11909279840968645,1.7716333845366103,2.7788683602771362
"ar_order=2,capacity=True,n_bins=50,numeric=True,on_change=capchain,other_lags=2,pool=local,target=throughput_1",linear,5,166718,33201,0.8831360501189723,0.31635251924673874,2.550121539946339,1.7173196784606852,33108,0.8835024767427812,0.3143242637801734,2.5464592029715645,1.7113180104143209,93,0.7526881720430108,1.0384114653439982,3.853913502966299,3.853913502966299,4829,0.37481880306481674,1.338889975902876,4.126853620637966,4.816347551869488,28372,0.9696531791907514,0.14231355906795376,2.281756982718796,1.1898557844563458,17320,0.807621247113164,0.4831154505075803,2.483166772378087,2.772354592109073,0.7183594252011348,0.966854708000028,"[""y@t"", ""avg_p_latency_1@t"", ""capacity_1@t+h""]",3,50,112500.0,1044,0.11909279840968645,1.7716333845366103,2.7788683602771362
"ar_order=2,capacity=True,n_bins=50,numeric=True,on_change=capchain,other_lags=2,pool=local,target=throughput_1",clg,5,166718,33201,0.8831360501189723,0.31635251924673874,2.550121539946339,1.4925676217339223,33108,0.8835024767427812,0.3143242637801734,2.5464592029715645,1.485934627685517,93,0.7526881720430108,1.0384114653439982,3.853913502966299,3.853913502966299,4829,0.37481880306481674,1.338889975902876,4.126853620637966,4.254299929190359,28372,0.9696531791907514,0.14231355906795376,2.281756982718796,1.0225124506953231,17320,0.807621247113164,0.4831154505075803,2.483166772378087,2.4434243345503837,0.7183594252011348,0.966854708000028,"[""y@t"", ""avg_p_latency_1@t"", ""capacity_1@t+h""]",3,50,112500.0,1044,0.11909279840968645,1.7716333845366103,2.7788683602771362
"ar_order=2,capacity=True,n_bins=50,numeric=True,on_change=capchain,other_lags=2,pool=local,target=throughput_1",ar,5,166718,33201,0.8593114665220927,0.4804837005371228,3.3714011457507445,2.0693021494754227,33108,0.8612722000724901,0.45827414043052644,3.0574160204824934,1.7522643181697561,93,0.16129032258064516,8.387087098485445,115.15010574124807,114.93477009429276,4829,0.060260923586663906,2.3532016326085508,8.488311919907323,6.320995091056043,28372,0.9953122797123924,0.161741458397939,2.5004874939672206,1.345651183209639,17320,0.7368360277136259,0.7327937261690837,3.2229506579813165,2.6126241808383033,0.7104769768113813,0.966854708000028,"[""y@t"", ""avg_p_latency_1@t"", ""capacity_1@t+h""]",3,50,112500.0,1044,0.11909279840968645,1.7716333845366103,2.7788683602771362
"ar_order=2,capacity=True,n_bins=50,numeric=True,on_change=capchain,other_lags=2,pool=local,target=throughput_1",persistence,5,166718,33201,0.8545525737176591,4.0188609068648224,3.340142943671703,1.7716333845366201,33108,0.8564999395916395,3.9650531992804314,3.025945248712611,1.4537271958439144,93,0.16129032258064516,23.174404806907813,115.19452234910852,114.94623655913979,4829,0.0,27.63102111592855,9.187568645944722,6.979913025471117,28372,1.0,0.0,2.3448934471160703,0.8851684759622268,17320,0.7256928406466513,7.5793869123427555,3.3393447650779446,2.778868360277138,0.7212086770439315,0.966854708000028,"[""y@t"", ""avg_p_latency_1@t"", ""capacity_1@t+h""]",3,50,112500.0,1044,0.11909279840968645,1.7716333845366103,2.7788683602771362
"ar_order=2,capacity=True,numeric=True,on_change=capchain,other_lags=2,pool=local,target=throughput_2",model,1,33200,33558,0.8532987663150366,0.47989830534792155,9.152758761895324,5.682163135073144,33464,0.853842935692087,0.47010104051592116,9.02123983912083,5.535252704992643,94,0.6595744680851063,3.9677245855400742,55.9734952696157,57.98227624373148,4275,0.1742690058479532,2.8253301997314297,25.169110090884853,22.75494835814749,29283,0.9524297373902947,0.13749071908662677,6.814545398120087,3.189721895150908,18778,0.7892746831398445,0.7184487080275932,10.443530531533362,7.764107832452806,0.7056777166469985,0.10974399999395246,"[""y@t"", ""y@t-1"", ""capacity_2@t+h"", ""capacity_2@t""]",4,20,160000.0,314,0.20209786042076405,4.466595148697777,7.246405367983811
"ar_order=2,capacity=True,numeric=True,on_change=capchain,other_lags=2,pool=local,target=throughput_2",cg_mean,1,33200,33558,0.8532987663150366,0.47989830534792155,9.152758761895324,5.0833298039779296,33464,0.853842935692087,0.47010104051592116,9.02123983912083,4.940379900984566,94,0.6595744680851063,3.9677245855400742,55.9734952696157,55.9734952696157,4275,0.1742690058479532,2.8253301997314297,25.169110090884853,21.628718980849698,29283,0.9524297373902947,0.13749071908662677,6.814545398120087,2.6678826595211866,18778,0.7892746831398445,0.7184487080275932,10.443530531533362,7.127771530371999,0.7056777166469985,0.10974399999395246,"[""y@t"", ""y@t-1"", ""capacity_2@t+h"", ""capacity_2@t""]",4,20,160000.0,314,0.20209786042076405,4.466595148697777,7.246405367983811
"ar_order=2,capacity=True,numeric=True,on_change=capchain,other_lags=2,pool=local,target=throughput_2",cg_median,1,33200,33558,0.8532987663150366,0.47989830534792155,9.152758761895324,4.793611316387863,33464,0.853842935692087,0.47010104051592116,9.02123983912083,4.649847597418121,94,0.6595744680851063,3.9677245855400742,55.9734952696157,55.9734952696157,4275,0.1742690058479532,2.8253301997314297,25.169110090884853,21.793067570629805,29283,0.9524297373902947,0.13749071908662677,6.814545398120087,2.3118753095960614,18778,0.7892746831398445,0.7184487080275932,10.443530531533362,7.172302694642667,0.7056777166469985,0.10974399999395246,"[""y@t"", ""y@t-1"", ""capacity_2@t+h"", ""capacity_2@t""]",4,20,160000.0,314,0.20209786042076405,4.466595148697777,7.246405367983811
"ar_order=2,capacity=True,numeric=True,on_change=capchain,other_lags=2,pool=local,target=throughput_2",linear,1,33200,33558,0.8532987663150366,0.47989830534792155,9.152758761895324,4.400662230224061,33464,0.853842935692087,0.47010104051592116,9.02123983912083,4.255794721686444,94,0.6595744680851063,3.9677245855400742,55.9734952696157,55.9734952696157,4275,0.1742690058479532,2.8253301997314297,25.169110090884853,20.44416767233229,29283,0.9524297373902947,0.13749071908662677,6.814545398120087,2.0584846608147553,18778,0.7892746831398445,0.7184487080275932,10.443530531533362,6.44213625409071,0.7056777166469985,0.10974399999395246,"[""y@t"", ""y@t-1"", ""capacity_2@t+h"", ""capacity_2@t""]",4,20,160000.0,314,0.20209786042076405,4.466595148697777,7.246405367983811
"ar_order=2,capacity=True,numeric=True,on_change=capchain,other_lags=2,pool=local,target=throughput_2",clg,1,33200,33558,0.8532987663150366,0.47989830534792155,9.152758761895324,4.391477213433427,33464,0.853842935692087,0.47010104051592116,9.02123983912083,4.2465839042868465,94,0.6595744680851063,3.9677245855400742,55.9734952696157,55.9734952696157,4275,0.1742690058479532,2.8253301997314297,25.169110090884853,20.827696188265474,29283,0.9524297373902947,0.13749071908662677,6.814545398120087,1.9919677329359695,18778,0.7892746831398445,0.7184487080275932,10.443530531533362,6.602549951352946,0.7056777166469985,0.10974399999395246,"[""y@t"", ""y@t-1"", ""capacity_2@t+h"", ""capacity_2@t""]",4,20,160000.0,314,0.20209786042076405,4.466595148697777,7.246405367983811
"ar_order=2,capacity=True,numeric=True,on_change=capchain,other_lags=2,pool=local,target=throughput_2",ar,1,33200,33558,0.8498122653316645,0.5481988352159918,9.956096585131965,5.406788629485691,33464,0.8518407841262252,0.5303124094633225,9.574065501381881,5.010195089287264,94,0.1276595744680851,6.915766403166238,145.9591624001621,146.5940889401253,4275,0.051228070175438595,3.306476332748802,30.364949755614386,24.417875002434727,29283,0.9663968855650036,0.14552027420951133,6.976625653061742,2.6313764707465888,18778,0.7795292363403984,0.8130507047725267,11.51402948525873,7.226515165087938,0.7030494456972053,0.10974399999395246,"[""y@t"", ""y@t-1"", ""capacity_2@t+h"", ""capacity_2@t""]",4,20,160000.0,314,0.20209786042076405,4.466595148697777,7.246405367983811
"ar_order=2,capacity=True,numeric=True,on_change=capchain,other_lags=2,pool=local,target=throughput_2",persistence,1,33200,33558,0.8726086179152512,3.5199539683710155,9.719627411789412,4.46659514869778,33464,0.8746712885488883,3.4629602725377815,9.335256128193167,4.066250298828596,94,0.13829787234042554,23.809709685002254,146.55580437205194,146.98936170212767,4275,0.0,27.631021115928547,31.87032507598323,25.603274853801175,29283,1.0,0.0,6.4858660992726405,1.380869446436503,18778,0.776653530727447,6.171291008637998,11.451023009935865,7.246405367983811,0.7504235668784474,0.10974399999395246,"[""y@t"", ""y@t-1"", ""capacity_2@t+h"", ""capacity_2@t""]",4,20,160000.0,314,0.20209786042076405,4.466595148697777,7.246405367983811
"ar_order=2,capacity=True,numeric=True,on_change=capchain,other_lags=2,pool=local,target=throughput_2",model,2,66758,33201,0.8831661696936839,0.3714859325842888,8.869003782983762,5.331618275346864,33108,0.8839555394466594,0.3669304846688355,8.72542834324018,5.173522476111741,93,0.6021505376344086,1.9932253904856614,59.981860331698996,61.61372280305054,4117,0.30434782608695654,2.295609758900109,20.921985455959884,20.802715623870434,29084,0.9651010865080457,0.09911563300574967,7.162838002910777,3.1415994408030747,19649,0.8178024326937757,0.5715971227581064,9.661983432977278,7.386365631702828,0.814622506779954,0.21600608299922897,"[""y@t"", ""throughput_1@t"", ""throughput_1@t-1"", ""y@t-1""]",4,20,160000.0,706,0.09523809523809523,4.111472546007651,6.195277113339102
"ar_order=2,capacity=True,numeric=True,on_change=capchain,other_lags=2,pool=local,target=throughput_2",cg_mean,2,66758,33201,0.8831661696936839,0.3714859325842888,8.869003782983762,4.047001216414227,33108,0.8839555394466594,0.3669304846688355,8.72542834324018,3.8898808256409545,93,0.6021505376344086,1.9932253904856614,59.981860331698996,59.981860331698996,4117,0.30434782608695654,2.295609758900109,20.921985455959884,17.39115705951582,29084,0.9651010865080457,0.09911563300574967,7.162838002910777,2.1580626382939796,19649,0.8178024326937757,0.5715971227581064,9.661983432977278,5.73829083675391,0.814622506779954,0.21600608299922897,"[""y@t"", ""throughput_1@t"", ""throughput_1@t-1"", ""y@t-1""]",4,20,160000.0,706,0.09523809523809523,4.111472546007651,6.195277113339102
"ar_order=2,capacity=True,numeric=True,on_change=capchain,other_lags=2,pool=local,target=throughput_2",cg_median,2,66758,33201,0.8831661696936839,0.3714859325842888,8.869003782983762,3.6817208219887356,33108,0.8839555394466594,0.3669304846688355,8.72542834324018,3.5235743626917966,93,0.6021505376344086,1.9932253904856614,59.981860331698996,59.981860331698996,4117,0.30434782608695654,2.295609758900109,20.921985455959884,17.36772412631658,29084,0.9651010865080457,0.09911563300574967,7.162838002910777,1.7443918574749915,19649,0.8178024326937757,0.5715971227581064,9.661983432977278,5.7140821415848135,0.814622506779954,0.21600608299922897,"[""y@t"", ""throughput_1@t"", ""throughput_1@t-1"", ""y@t-1""]",4,20,160000.0,706,0.09523809523809523,4.111472546007651,6.195277113339102
"ar_order=2,capacity=True,numeric=True,on_change=capchain,other_lags=2,pool=local,target=throughput_2",linear,2,66758,33201,0.8831661696936839,0.3714859325842888,8.869003782983762,4.124398055468518,33108,0.8839555394466594,0.3669304846688355,8.72542834324018,3.967495071546522,93,0.6021505376344086,1.9932253904856614,59.981860331698996,59.981860331698996,4117,0.30434782608695654,2.295609758900109,20.921985455959884,17.795587998969843,29084,0.9651010865080457,0.09911563300574967,7.162838002910777,2.1891660035707408,19649,0.8178024326937757,0.5715971227581064,9.661983432977278,5.699425125916696,0.814622506779954,0.21600608299922897,"[""y@t"", ""throughput_1@t"", ""throughput_1@t-1"", ""y@t-1""]",4,20,160000.0,706,0.09523809523809523,4.111472546007651,6.195277113339102
"ar_order=2,capacity=True,numeric=True,on_change=capchain,other_lags=2,pool=local,target=throughput_2",clg,2,66758,33201,0.8831661696936839,0.3714859325842888,8.869003782983762,4.124398055468518,33108,0.8839555394466594,0.3669304846688355,8.72542834324018,3.967495071546522,93,0.6021505376344086,1.9932253904856614,59.981860331698996,59.981860331698996,4117,0.30434782608695654,2.295609758900109,20.921985455959884,17.795587998969843,29084,0.9651010865080457,0.09911563300574967,7.162838002910777,2.1891660035707408,19649,0.8178024326937757,0.5715971227581064,9.661983432977278,5.699425125916696,0.814622506779954,0.21600608299922897,"[""y@t"", ""throughput_1@t"", ""throughput_1@t-1"", ""y@t-1""]",4,20,160000.0,706,0.09523809523809523,4.111472546007651,6.195277113339102
"ar_order=2,capacity=True,numeric=True,on_change=capchain,other_lags=2,pool=local,target=throughput_2",ar,2,66758,33201,0.8759977109123219,0.49078183132824255,9.723500733546496,5.560604048466043,33108,0.8779147033949498,0.47277317711342864,9.307329275876082,5.133134600721634,93,0.1935483870967742,6.901862731802003,157.8805396642139,157.73972744547538,4117,0.0,3.0456494942958763,27.905987511343294,21.779472673943058,29084,1.0,0.12912627609382676,7.149669827749858,3.264734081092611,19649,0.7942897857397323,0.7002402799357631,10.312136336503231,6.5895230359032055,0.7969321509035184,0.21600608299922897,"[""y@t"", ""throughput_1@t"", ""throughput_1@t-1"", ""y@t-1""]",4,20,160000.0,706,0.09523809523809523,4.111472546007651,6.195277113339102
"ar_order=2,capacity=True,numeric=True,on_change=capchain,other_lags=2,pool=local,target=throughput_2",persistence,2,66758,33201,0.8759977109123219,3.4263098682051094,9.100549665208444,4.111472546007658,33108,0.8779147033949498,3.3733414084385402,8.679049125788763,3.676785067053287,93,0.1935483870967742,22.283081545103663,159.1547416986148,158.86021505376345,4117,0.0,27.631021115928547,28.86161067216137,22.36288559630799,29084,1.0,0.0,6.303262903909269,1.52788474762757,19649,0.7942897857397323,5.683983273987643,10.216462576577973,6.195277113339102,0.7969321509035184,0.21600608299922897,"[""y@t"", ""throughput_1@t"", ""throughput_1@t-1"", ""y@t-1""]",4,20,160000.0,706,0.09523809523809523,4.111472546007651,6.195277113339102
"ar_order=2,capacity=True,numeric=True,on_change=capchain,other_lags=2,pool=local,target=throughput_2",model,3,99959,33201,0.9019005451643023,0.32147931473772057,7.735382753039488,4.73472251697064,33108,0.9027727437477346,0.31613037060471066,7.596772480261771,4.5828333781490675,93,0.5913978494623656,2.225703426089236,57.080639861906604,58.80725593745025,3500,0.16885714285714284,2.0442889879219073,22.321197870596674,20.940245517721923,29701,0.9882832227871116,0.11846144139525226,6.016573524008473,2.8250450481100122,19653,0.8404823691039536,0.4778191457503383,8.53156862859895,6.584308365883524,0.7651841779888051,0.3730658749991562,"[""y@t"", ""y@t-1"", ""buffer_size_2@t"", ""buffer_size_2@t-1""]",4,20,160000.0,1032,0.016174211620131922,4.102527032318304,6.254719381264946
"ar_order=2,capacity=True,numeric=True,on_change=capchain,other_lags=2,pool=local,target=throughput_2",cg_mean,3,99959,33201,0.9019005451643023,0.32147931473772057,7.735382753039488,4.15236437555137,33108,0.9027727437477346,0.31613037060471066,7.596772480261771,4.003689444409923,93,0.5913978494623656,2.225703426089236,57.080639861906604,57.080639861906604,3500,0.16885714285714284,2.0442889879219073,22.321197870596674,20.48229139919091,29701,0.9882832227871116,0.11846144139525226,6.016573524008473,2.2280269935528385,19653,0.8404823691039536,0.4778191457503383,8.53156862859895,5.836920682458527,0.7651841779888051,0.3730658749991562,"[""y@t"", ""y@t-1"", ""buffer_size_2@t"", ""buffer_size_2@t-1""]",4,20,160000.0,1032,0.016174211620131922,4.102527032318304,6.254719381264946
"ar_order=2,capacity=True,numeric=True,on_change=capchain,other_lags=2,pool=local,target=throughput_2",cg_median,3,99959,33201,0.9019005451643023,0.32147931473772057,7.735382753039488,3.6662750973512033,33108,0.9027727437477346,0.31613037060471066,7.596772480261771,3.5162347468889696,93,0.5913978494623656,2.225703426089236,57.080639861906604,57.080639861906604,3500,0.16885714285714284,2.0442889879219073,22.321197870596674,20.021821674627773,29701,0.9882832227871116,0.11846144139525226,6.016573524008473,1.738918677686277,19653,0.8404823691039536,0.4778191457503383,8.53156862859895,5.57998778812395,0.7651841779888051,0.3730658749991562,"[""y@t"", ""y@t-1"", ""buffer_size_2@t"", ""buffer_size_2@t-1""]",4,20,160000.0,1032,0.016174211620131922,4.102527032318304,6.254719381264946
"ar_order=2,capacity=True,numeric=True,on_change=capchain,other_lags=2,pool=local,target=throughput_2",linear,3,99959,33201,0.9019005451643023,0.32147931473772057,7.735382753039488,4.243669242452123,33108,0.9027727437477346,0.31613037060471066,7.596772480261771,4.095250785655903,93,0.5913978494623656,2.225703426089236,57.080639861906604,57.080639861906604,3500,0.16885714285714284,2.0442889879219073,22.321197870596674,21.618291242536593,29701,0.9882832227871116,0.11846144139525226,6.016573524008473,2.1962238028946794,19653,0.8404823691039536,0.4778191457503383,8.53156862859895,5.727130843409547,0.7651841779888051,0.3730658749991562,"[""y@t"", ""y@t-1"", ""buffer_size_2@t"", ""buffer_size_2@t-1""]",4,20,160000.0,1032,0.016174211620131922,4.102527032318304,6.254719381264946
"ar_order=2,capacity=True,numeric=True,on_change=capchain,other_lags=2,pool=local,target=throughput_2",clg,3,99959,33201,0.9019005451643023,0.32147931473772057,7.735382753039488,3.9873231056491187,33108,0.9027727437477346,0.31613037060471066,7.596772480261771,3.8381845754349118,93,0.5913978494623656,2.225703426089236,57.080639861906604,57.080639861906604,3500,0.16885714285714284,2.0442889879219073,22.321197870596674,19.85469137886728,29701,0.9882832227871116,0.11846144139525226,6.016573524008473,2.1174941788027644,19653,0.8404823691039536,0.4778191457503383,8.53156862859895,5.477101234956909,0.7651841779888051,0.3730658749991562,"[""y@t"", ""y@t-1"", ""buffer_size_2@t"", ""buffer_size_2@t-1""]",4,20,160000.0,1032,0.016174211620131922,4.102527032318304,6.254719381264946
"ar_order=2,capacity=True,numeric=True,on_change=capchain,other_lags=2,pool=local,target=throughput_2",ar,3,99959,33201,0.8945814885093822,0.41885881543315145,8.7787236002079,4.953960982265428,33108,0.8966412951552495,0.40057259960298786,8.404652399043284,4.5689126157753455,93,0.16129032258064516,6.928751650971397,141.94807121481043,142.03117945273493,3500,0.0,2.9666861636405115,30.007014739228314,25.359379726958878,29701,1.0,0.11861991038868291,6.277157357099202,2.5493629685141377,19653,0.8258790006614766,0.5989582318852916,9.612419462747043,6.359075449737637,0.7641284796746538,0.3730658749991562,"[""y@t"", ""y@t-1"", ""buffer_size_2@t"", ""buffer_size_2@t-1""]",4,20,160000.0,1032,0.016174211620131922,4.102527032318304,6.254719381264946
"ar_order=2,capacity=True,numeric=True,on_change=capchain,other_lags=2,pool=local,target=throughput_2",persistence,3,99959,33201,0.8945814885093822,2.9128211170070153,8.68309947429087,4.102527032318313,33108,0.8966412951552495,2.8559065560803276,8.306290383399842,3.712818654101737,93,0.16129032258064516,23.174404806907813,142.82713583149646,142.83870967741936,3500,0.0,27.631021115928547,31.539917765352783,26.838571428571427,29701,1.0,0.0,5.989625718568278,1.4232854112656252,19653,0.8258790006614766,4.8111410094493205,9.790838984888415,6.254719381264946,0.7641284796746538,0.3730658749991562,"[""y@t"", ""y@t-1"", ""buffer_size_2@t"", ""buffer_size_2@t-1""]",4,20,160000.0,1032,0.016174211620131922,4.102527032318304,6.254719381264946
"ar_order=2,capacity=True,numeric=True,on_change=capchain,other_lags=2,pool=local,target=throughput_2",model,4,133160,33558,0.8932594314321474,0.3613791868483794,8.336728776920054,6.550030304261617,33464,0.8939756155868993,0.3580143758972159,8.235224529634262,6.440662600926018,94,0.6382978723404256,1.5592518854625603,44.472240810662534,45.48493269173487,3944,0.23427991886409735,2.0207781896134738,22.011585113453886,22.43775972925896,29614,0.9810224893631391,0.14038000852375132,6.5155079559809925,4.4340984864663335,18003,0.8116425040271066,0.5603962671517886,9.243813982274506,8.766007025283642,0.8795872714280726,0.4759045410028193,"[""y@t"", ""y@t-1"", ""capacity_2@t+h"", ""cores_2@t""]",4,20,48000.0,967,0.09297335955658859,4.073991298647118,6.843748264178193
"ar_order=2,capacity=True,numeric=True,on_change=capchain,other_lags=2,pool=local,target=throughput_2",cg_mean,4,133160,33558,0.8932594314321474,0.3613791868483794,8.336728776920054,5.82304432097442,33464,0.8939756155868993,0.3580143758972159,8.235224529634262,5.71447916229552,94,0.6382978723404256,1.5592518854625603,44.472240810662534,44.472240810662534,3944,0.23427991886409735,2.0207781896134738,22.011585113453886,20.44672570587418,29614,0.9810224893631391,0.14038000852375132,6.5155079559809925,3.8754587404366787,18003,0.8116425040271066,0.5603962671517886,9.243813982274506,7.81871525627371,0.8795872714280726,0.4759045410028193,"[""y@t"", ""y@t-1"", ""capacity_2@t+h"", ""cores_2@t""]",4,20,48000.0,967,0.09297335955658859,4.073991298647118,6.843748264178193
"ar_order=2,capacity=True,numeric=True,on_change=capchain,other_lags=2,pool=local,target=throughput_2",cg_median,4,133160,33558,0.8932594314321474,0.3613791868483794,8.336728776920054,5.309237458615004,33464,0.8939756155868993,0.3580143758972159,8.235224529634262,5.199229022232847,94,0.6382978723404256,1.5592518854625603,44.472240810662534,44.472240810662534,3944,0.23427991886409735,2.0207781896134738,22.011585113453886,20.709781303635484,29614,0.9810224893631391,0.14038000852375132,6.5155079559809925,3.2581891394159492,18003,0.8116425040271066,0.5603962671517886,9.243813982274506,7.931816919402322,0.8795872714280726,0.4759045410028193,"[""y@t"", ""y@t-1"", ""capacity_2@t+h"", ""cores_2@t""]",4,20,48000.0,967,0.09297335955658859,4.073991298647118,6.843748264178193
"ar_order=2,capacity=True,numeric=True,on_change=capchain,other_lags=2,pool=local,target=throughput_2",linear,4,133160,33558,0.8932594314321474,0.3613791868483794,8.336728776920054,4.470260636733019,33464,0.8939756155868993,0.3580143758972159,8.235224529634262,4.357895523884902,94,0.6382978723404256,1.5592518854625603,44.472240810662534,44.472240810662534,3944,0.23427991886409735,2.0207781896134738,22.011585113453886,19.94669400231935,29614,0.9810224893631391,0.14038000852375132,6.5155079559809925,2.409105332016584,18003,0.8116425040271066,0.5603962671517886,9.243813982274506,6.336951128069345,0.8795872714280726,0.4759045410028193,"[""y@t"", ""y@t-1"", ""capacity_2@t+h"", ""cores_2@t""]",4,20,48000.0,967,0.09297335955658859,4.073991298647118,6.843748264178193
"ar_order=2,capacity=True,numeric=True,on_change=capchain,other_lags=2,pool=local,target=throughput_2",clg,4,133160,33558,0.8932594314321474,0.3613791868483794,8.336728776920054,5.094302827913134,33464,0.8939756155868993,0.3580143758972159,8.235224529634262,4.983690642568334,94,0.6382978723404256,1.5592518854625603,44.472240810662534,44.472240810662534,3944,0.23427991886409735,2.0207781896134738,22.011585113453886,20.73271693216645,29614,0.9810224893631391,0.14038000852375132,6.5155079559809925,3.0115748875074115,18003,0.8116425040271066,0.5603962671517886,9.243813982274506,7.257317902829558,0.8795872714280726,0.4759045410028193,"[""y@t"", ""y@t-1"", ""capacity_2@t+h"", ""cores_2@t""]",4,20,48000.0,967,0.09297335955658859,4.073991298647118,6.843748264178193
"ar_order=2,capacity=True,numeric=True,on_change=capchain,other_lags=2,pool=local,target=throughput_2",ar,4,133160,33558,0.8824721377912867,0.45937741541946187,8.744059001898712,5.105349272592945,33464,0.8843533349270858,0.44340956718546504,8.367983671879987,4.718770634886044,94,0.2127659574468085,6.143931386722338,142.62687648856502,142.72734429624964,3944,0.0,2.949029258466651,29.534659975328477,23.83327555475441,29614,1.0,0.12780495411811413,5.97516151290003,2.6111593199744263,18003,0.7850358273621063,0.7168085297955545,9.972256664644405,6.916488494834306,0.8723624556971108,0.4759045410028193,"[""y@t"", ""y@t-1"", ""capacity_2@t+h"", ""cores_2@t""]",4,20,48000.0,967,0.09297335955658859,4.073991298647118,6.843748264178193
"ar_order=2,capacity=True,numeric=True,on_change=capchain,other_lags=2,pool=local,target=throughput_2",persistence,4,133160,33558,0.8824721377912867,3.2474148423988973,8.455879292969122,4.073991298647126,33464,0.8843533349270858,3.1954354446164075,8.076290840048491,3.6818073153239377,94,0.2127659574468085,21.752080452965025,143.58936853271453,143.69148936170214,3944,0.0,27.631021115928547,31.115648072763648,25.07657200811359,29614,1.0,0.0,5.438045563398326,1.2768622948605468,18003,0.7850358273621063,5.93967959332575,10.081365814291624,6.843748264178194,0.8723624556971108,0.4759045410028193,"[""y@t"", ""y@t-1"", ""capacity_2@t+h"", ""cores_2@t""]",4,20,48000.0,967,0.09297335955658859,4.073991298647118,6.843748264178193
"ar_order=2,capacity=True,numeric=True,on_change=capchain,other_lags=2,pool=local,target=throughput_2",model,5,166718,33201,0.8992199030149695,0.3392469778400206,8.131789335372563,5.072630247865623,33108,0.8997221215416213,0.3373058278906735,8.024318001335335,4.953999427275851,93,0.7204301075268817,1.0302963598075978,46.391584252626416,47.305202377824486,3756,0.22603833865814696,2.339914366805611,26.175255499711923,25.408569851940875,29445,0.985090847342503,0.08404213107640175,5.8301673651481245,2.478580692664175,18944,0.8328230574324325,0.5447311989325787,9.342936456378188,7.52245094874115,0.8075910794409432,0.5790914169992902,"[""y@t"", ""y@t-1"", ""data_quality_2@t"", ""avg_p_latency_2@t""]",4,20,60000.0,937,0.032800216860937925,4.604499864461914,7.481999577702703
"ar_order=2,capacity=True,numeric=True,on_change=capchain,other_lags=2,pool=local,target=throughput_2",cg_mean,5,166718,33201,0.8992199030149695,0.3392469778400206,8.131789335372563,4.508317415051027,33108,0.8997221215416213,0.3373058278906735,8.024318001335335,4.390667789102782,93,0.7204301075268817,1.0302963598075978,46.391584252626416,46.391584252626416,3756,0.22603833865814696,2.339914366805611,26.175255499711923,23.92304824634423,29445,0.985090847342503,0.08404213107640175,5.8301673651481245,2.031777119505526,18944,0.8328230574324325,0.5447311989325787,9.342936456378188,6.763990060452767,0.8075910794409432,0.5790914169992902,"[""y@t"", ""y@t-1"", ""data_quality_2@t"", ""avg_p_latency_2@t""]",4,20,60000.0,937,0.032800216860937925,4.604499864461914,7.481999577702703
"ar_order=2,capacity=True,numeric=True,on_change=capchain,other_lags=2,pool=local,target=throughput_2",cg_median,5,166718,33201,0.8992199030149695,0.3392469778400206,8.131789335372563,3.988793028387526,33108,0.8997221215416213,0.3373058278906735,8.024318001335335,3.8696840642744954,93,0.7204301075268817,1.0302963598075978,46.391584252626416,46.391584252626416,3756,0.22603833865814696,2.339914366805611,26.175255499711923,23.359435648807825,29445,0.985090847342503,0.08404213107640175,5.8301673651481245,1.517876618732283,18944,0.8328230574324325,0.5447311989325787,9.342936456378188,6.572344805743243,0.8075910794409432,0.5790914169992902,"[""y@t"", ""y@t-1"", ""data_quality_2@t"", ""avg_p_latency_2@t""]",4,20,60000.0,937,0.032800216860937925,4.604499864461914,7.481999577702703
"ar_order=2,capacity=True,numeric=True,on_change=capchain,other_lags=2,pool=local,target=throughput_2",linear,5,166718,33201,0.8992199030149695,0.3392469778400206,8.131789335372563,4.78025389644963,33108,0.8997221215416213,0.3373058278906735,8.024318001335335,4.663368137022166,93,0.7204301075268817,1.0302963598075978,46.391584252626416,46.391584252626416,3756,0.22603833865814696,2.339914366805611,26.175255499711923,25.398976548655753,29445,0.985090847342503,0.08404213107640175,5.8301673651481245,2.1501325759644465,18944,0.8328230574324325,0.5447311989325787,9.342936456378188,6.913803317883475,0.8075910794409432,0.5790914169992902,"[""y@t"", ""y@t-1"", ""data_quality_2@t"", ""avg_p_latency_2@t""]",4,20,60000.0,937,0.032800216860937925,4.604499864461914,7.481999577702703
"ar_order=2,capacity=True,numeric=True,on_change=capchain,other_lags=2,pool=local,target=throughput_2",clg,5,166718,33201,0.8992199030149695,0.3392469778400206,8.131789335372563,4.640019710724175,33108,0.8997221215416213,0.3373058278906735,8.024318001335335,4.5227400350446745,93,0.7204301075268817,1.0302963598075978,46.391584252626416,46.391584252626416,3756,0.22603833865814696,2.339914366805611,26.175255499711923,25.256318091686822,29445,0.985090847342503,0.08404213107640175,5.8301673651481245,2.0102076299330154,18944,0.8328230574324325,0.5447311989325787,9.342936456378188,6.8451091775835655,0.8075910794409432,0.5790914169992902,"[""y@t"", ""y@t-1"", ""data_quality_2@t"", ""avg_p_latency_2@t""]",4,20,60000.0,937,0.032800216860937925,4.604499864461914,7.481999577702703
"ar_order=2,capacity=True,numeric=True,on_change=capchain,other_lags=2,pool=local,target=throughput_2",ar,5,166718,33201,0.8868708773832114,0.4513358595706027,9.559971930780202,5.552942172571437,33108,0.8886069832064758,0.4369262829431522,9.249041873852079,5.234779339031526,93,0.26881720430107525,5.581145138942972,120.25107219719254,118.81891091277929,3756,0.0,3.0406723132989466,34.26377686595749,29.446839665481292,29445,1.0,0.12104047087290663,6.408758096970526,2.5050400165731546,18944,0.8053209459459459,0.678230630396895,11.187390365425168,7.771031585267175,0.8003598686550253,0.5790914169992902,"[""y@t"", ""y@t-1"", ""data_quality_2@t"", ""avg_p_latency_2@t""]",4,20,60000.0,937,0.032800216860937925,4.604499864461914,7.481999577702703
"ar_order=2,capacity=True,numeric=True,on_change=capchain,other_lags=2,pool=local,target=throughput_2",persistence,5,166718,33201,0.8868708773832114,3.125873175850957,9.316355501720919,4.60449986446192,33108,0.8886069832064758,3.0779027991888515,9.001814550327069,4.281110305666311,93,0.26881720430107525,20.203327267560653,121.2929341979315,119.73118279569893,3756,0.0,27.631021115928547,35.63335118792465,30.195953141640043,29445,1.0,0.0,5.959363285813931,1.3400577347597304,18944,0.8053209459459459,5.379181053396563,11.119441613319783,7.481999577702703,0.8003598686550253,0.5790914169992902,"[""y@t"", ""y@t-1"", ""data_quality_2@t"", ""avg_p_latency_2@t""]",4,20,60000.0,937,0.032800216860937925,4.604499864461914,7.481999577702703
"ar_order=2,capacity=True,n_bins=50,numeric=True,on_change=capchain,other_lags=2,pool=local,target=throughput_2",model,1,33200,33558,0.7912271291495322,0.7272268149964985,5.416606354935752,4.862850093618188,33464,0.7918360028687544,0.713225775484185,5.2814863786520325,4.724449879584561,94,0.574468085106383,5.711596881380121,53.51931791193963,54.13332628958937,6710,0.284053651266766,2.5300282366289073,15.760665576958594,15.007736302073225,26848,0.9179827175208581,0.2766607564761819,2.831362114032396,2.327384269022936,18778,0.7156779209713494,1.0543382443096707,6.864550874543858,6.744874703961964,0.530405711003504,0.2071411659999285,"[""y@t"", ""throughput_1@t"", ""throughput_1@t-1""]",3,50,125000.0,597,0.2927170868347339,4.466595148697777,7.246405367983811
"ar_order=2,capacity=True,n_bins=50,numeric=True,on_change=capchain,other_lags=2,pool=local,target=throughput_2",cg_mean,1,33200,33558,0.7912271291495322,0.7272268149964985,5.416606354935752,4.7912068480765635,33464,0.7918360028687544,0.713225775484185,5.2814863786520325,4.654330131605039,94,0.574468085106383,5.711596881380121,53.51931791193963,53.51931791193963,6710,0.284053651266766,2.5300282366289073,15.760665576958594,14.811223870443493,26848,0.9179827175208581,0.2766607564761819,2.831362114032396,2.2869490180675474,18778,0.7156779209713494,1.0543382443096707,6.864550874543858,6.676618692851187,0.530405711003504,0.2071411659999285,"[""y@t"", ""throughput_1@t"", ""throughput_1@t-1""]",3,50,125000.0,597,0.2927170868347339,4.466595148697777,7.246405367983811
"ar_order=2,capacity=True,n_bins=50,numeric=True,on_change=capchain,other_lags=2,pool=local,target=throughput_2",cg_median,1,33200,33558,0.7912271291495322,0.7272268149964985,5.416606354935752,4.400554737580378,33464,0.7918360028687544,0.713225775484185,5.2814863786520325,4.262580683719818,94,0.574468085106383,5.711596881380121,53.51931791193963,53.51931791193963,6710,0.284053651266766,2.5300282366289073,15.760665576958594,14.217438419001503,26848,0.9179827175208581,0.2766607564761819,2.831362114032396,1.9470651107055363,18778,0.7156779209713494,1.0543382443096707,6.864550874543858,6.297209500479284,0.530405711003504,0.2071411659999285,"[""y@t"", ""throughput_1@t"", ""throughput_1@t-1""]",3,50,125000.0,597,0.2927170868347339,4.466595148697777,7.246405367983811
"ar_order=2,capacity=True,n_bins=50,numeric=True,on_change=capchain,other_lags=2,pool=local,target=throughput_2",linear,1,33200,33558,0.7912271291495322,0.7272268149964985,5.416606354935752,4.539462033134936,33464,0.7918360028687544,0.713225775484185,5.2814863786520325,4.401878168306833,94,0.574468085106383,5.711596881380121,53.51931791193963,53.51931791193963,6710,0.284053651266766,2.5300282366289073,15.760665576958594,16.9644486792465,26848,0.9179827175208581,0.2766607564761819,2.831362114032396,1.4341409516611352,18778,0.7156779209713494,1.0543382443096707,6.864550874543858,7.177404671949716,0.530405711003504,0.2071411659999285,"[""y@t"", ""throughput_1@t"", ""throughput_1@t-1""]",3,50,125000.0,597,0.2927170868347339,4.466595148697777,7.246405367983811
"ar_order=2,capacity=True,n_bins=50,numeric=True,on_change=capchain,other_lags=2,pool=local,target=throughput_2",clg,1,33200,33558,0.7912271291495322,0.7272268149964985,5.416606354935752,4.539462033134936,33464,0.7918360028687544,0.713225775484185,5.2814863786520325,4.401878168306833,94,0.574468085106383,5.711596881380121,53.51931791193963,53.51931791193963,6710,0.284053651266766,2.5300282366289073,15.760665576958594,16.9644486792465,26848,0.9179827175208581,0.2766607564761819,2.831362114032396,1.4341409516611352,18778,0.7156779209713494,1.0543382443096707,6.864550874543858,7.177404671949716,0.530405711003504,0.2071411659999285,"[""y@t"", ""throughput_1@t"", ""throughput_1@t-1""]",3,50,125000.0,597,0.2927170868347339,4.466595148697777,7.246405367983811
"ar_order=2,capacity=True,n_bins=50,numeric=True,on_change=capchain,other_lags=2,pool=local,target=throughput_2",ar,1,33200,33558,0.7249836104654628,0.8586614353372574,6.074177988832272,5.171411584232366,33464,0.7268109012670332,0.8336515962487204,5.680919679407804,4.7762048757450035,94,0.07446808510638298,9.762164150856425,146.07413614394278,145.86499980573325,6710,0.07958271236959762,2.9015370516234094,18.504194782543536,16.884909624944807,26848,0.8862857568533969,0.3480947121072186,2.967599745171568,2.243909652871353,18778,0.6481520928746405,1.1891890324065189,7.514266482922642,6.8110806446252266,0.4468836915259471,0.2071411659999285,"[""y@t"", ""throughput_1@t"", ""throughput_1@t-1""]",3,50,125000.0,597,0.2927170868347339,4.466595148697777,7.246405367983811
"ar_order=2,capacity=True,n_bins=50,numeric=True,on_change=capchain,other_lags=2,pool=local,target=throughput_2",persistence,1,33200,33558,0.8000476786459264,5.524886813513336,5.770988685706843,4.466595148697782,33464,0.8020260578532153,5.470222175861422,5.373380581178017,4.066250298828598,94,0.09574468085106383,24.985497817594958,147.31947389796898,146.98936170212767,6710,0.0,27.63102111592855,20.266489597584005,18.572727272727274,26848,1.0,0.0,2.148193277531346,0.9411129320619843,18778,0.6471935243369901,9.748403178880958,7.842024205037219,7.246405367983811,0.5826109111866771,0.2071411659999285,"[""y@t"", ""throughput_1@t"", ""throughput_1@t-1""]",3,50,125000.0,597,0.2927170868347339,4.466595148697777,7.246405367983811
"ar_order=2,capacity=True,n_bins=50,numeric=True,on_change=capchain,other_lags=2,pool=local,target=throughput_2",model,2,66758,33201,0.7965723923978193,0.8252062283121154,7.253891131156259,6.564876547746862,33108,0.7972997462848859,0.8162246238167915,7.120709025953604,6.4292090043739725,93,0.5376344086021505,4.022657428647386,54.66672058330132,54.862521988495224,6950,0.35467625899280575,2.1712491108701846,12.618090280653355,12.217147940656883,26251,0.9135651975162851,0.46883892673203914,5.833709648964921,5.068427415114786,19649,0.7542368568374981,0.8746130668773608,5.8851804638379654,5.782237831839279,0.5385903674667215,0.39940079200459877,"[""y@t"", ""throughput_1@t"", ""throughput_1@t-1""]",3,50,125000.0,986,0.2653534532092407,4.111472546007651,6.195277113339102
"ar_order=2,capacity=True,n_bins=50,numeric=True,on_change=capchain,other_lags=2,pool=local,target=throughput_2",cg_mean,2,66758,33201,0.7965723923978193,0.8252062283121154,7.253891131156259,6.21654796378245,33108,0.7972997462848859,0.8162246238167915,7.120709025953604,6.080451973278184,93,0.5376344086021505,4.022657428647386,54.66672058330132,54.66672058330132,6950,0.35467625899280575,2.1712491108701846,12.618090280653355,11.924338599714872,26251,0.9135651975162851,0.46883892673203914,5.833709648964921,4.705400010571894,19649,0.7542368568374981,0.8746130668773608,5.8851804638379654,5.606279744845734,0.5385903674667215,0.39940079200459877,"[""y@t"", ""throughput_1@t"", ""throughput_1@t-1""]",3,50,125000.0,986,0.2653534532092407,4.111472546007651,6.195277113339102
"ar_order=2,capacity=True,n_bins=50,numeric=True,on_change=capchain,other_lags=2,pool=local,target=throughput_2",cg_median,2,66758,33201,0.7965723923978193,0.8252062283121154,7.253891131156259,5.753456372225145,33108,0.7972997462848859,0.8162246238167915,7.120709025953604,5.6160595626434695,93,0.5376344086021505,4.022657428647386,54.66672058330132,54.66672058330132,6950,0.35467625899280575,2.1712491108701846,12.618090280653355,11.78231274945378,26251,0.9135651975162851,0.46883892673203914,5.833709648964921,4.157305679994791,19649,0.7542368568374981,0.8746130668773608,5.8851804638379654,5.491475393149779,0.5385903674667215,0.39940079200459877,"[""y@t"", ""throughput_1@t"", ""throughput_1@t-1""]",3,50,125000.0,986,0.2653534532092407,4.111472546007651,6.195277113339102
"ar_order=2,capacity=True,n_bins=50,numeric=True,on_change=capchain,other_lags=2,pool=local,target=throughput_2",linear,2,66758,33201,0.7965723923978193,0.8252062283121154,7.253891131156259,4.345396614549626,33108,0.7972997462848859,0.8162246238167915,7.120709025953604,4.204044580929537,93,0.5376344086021505,4.022657428647386,54.66672058330132,54.66672058330132,6950,0.35467625899280575,2.1712491108701846,12.618090280653355,14.138335310800697,26251,0.9135651975162851,0.46883892673203914,5.833709648964921,1.7526982815739325,19649,0.7542368568374981,0.8746130668773608,5.8851804638379654,6.259971325306843,0.5385903674667215,0.39940079200459877,"[""y@t"", ""throughput_1@t"", ""throughput_1@t-1""]",3,50,125000.0,986,0.2653534532092407,4.111472546007651,6.195277113339102
"ar_order=2,capacity=True,n_bins=50,numeric=True,on_change=capchain,other_lags=2,pool=local,target=throughput_2",clg,2,66758,33201,0.7965723923978193,0.8252062283121154,7.253891131156259,4.345396614549626,33108,0.7972997462848859,0.8162246238167915,7.120709025953604,4.204044580929537,93,0.5376344086021505,4.022657428647386,54.66672058330132,54.66672058330132,6950,0.35467625899280575,2.1712491108701846,12.618090280653355,14.138335310800697,26251,0.9135651975162851,0.46883892673203914,5.833709648964921,1.7526982815739325,19649,0.7542368568374981,0.8746130668773608,5.8851804638379654,6.259971325306843,0.5385903674667215,0.39940079200459877,"[""y@t"", ""throughput_1@t"", ""throughput_1@t-1""]",3,50,125000.0,986,0.2653534532092407,4.111472546007651,6.195277113339102
"ar_order=2,capacity=True,n_bins=50,numeric=True,on_change=capchain,other_lags=2,pool=local,target=throughput_2",ar,2,66758,33201,0.7407608204572151,0.9905157735962562,7.907230535954124,7.108113650551963,33108,0.742388546574846,0.9679385638208007,7.4897773086938475,6.689118593885974,93,0.16129032258064516,9.028002453658374,156.52057944061372,156.27035382364392,6950,0.029496402877697843,2.661761264833867,15.909013445737827,14.477409889579972,26251,0.929069368785951,0.548050489831775,5.78874395551922,5.157079066679172,19649,0.6537228357677235,1.0534801132369322,6.548141598249602,6.009168193688507,0.49143698511688955,0.39940079200459877,"[""y@t"", ""throughput_1@t"", ""throughput_1@t-1""]",3,50,125000.0,986,0.2653534532092407,4.111472546007651,6.195277113339102
"ar_order=2,capacity=True,n_bins=50,numeric=True,on_change=capchain,other_lags=2,pool=local,target=throughput_2",persistence,2,66758,33201,0.7906689557543447,5.784030503771072,5.2874135370239586,4.111472546007654,33108,0.7924368732632596,5.7351811377510264,4.855027785041241,3.6767850670532836,93,0.16129032258064516,23.174404806907813,159.2167412428715,158.86021505376345,6950,0.0,27.631021115928544,17.38473178869051,15.850935251798564,26251,1.0,0.0,2.0846265251355542,1.0034284408213066,19649,0.6502620998524098,9.663615304018576,6.643009034336141,6.195277113339102,0.5907587098184529,0.39940079200459877,"[""y@t"", ""throughput_1@t"", ""throughput_1@t-1""]",3,50,125000.0,986,0.2653534532092407,4.111472546007651,6.195277113339102
"ar_order=2,capacity=True,n_bins=50,numeric=True,on_change=capchain,other_lags=2,pool=local,target=throughput_2",model,3,99959,33201,0.8335291105689587,0.551934972058491,5.033874030640094,4.149572875067153,33108,0.8343300712818654,0.540406871009728,4.901031949233959,4.012311481449434,93,0.5483870967741935,4.65593894541811,52.325655011224114,53.01462900297497,6707,0.20411510362308036,2.2441386049636063,13.560473861422553,12.891585054148052,26494,0.9928663093530611,0.12355081844278132,2.8753511550811766,1.9365180066027596,19653,0.726199562407775,0.8377326926675183,5.931372297397036,5.635145577117914,0.6083527923293802,0.620542666001711,"[""y@t"", ""throughput_1@t"", ""buffer_size_2@t-1"", ""throughput_1@t-1""]",4,50,6250000.0,5241,0.3532724917924159,4.102527032318304,6.254719381264946
"ar_order=2,capacity=True,n_bins=50,numeric=True,on_change=capchain,other_lags=2,pool=local,target=throughput_2",cg_mean,3,99959,33201,0.8335291105689587,0.551934972058491,5.033874030640094,4.013131666223559,33108,0.8343300712818654,0.540406871009728,4.901031949233959,3.8774223309847944,93,0.5483870967741935,4.65593894541811,52.325655011224114,52.325655011224114,6707,0.20411510362308036,2.2441386049636063,13.560473861422553,12.574637014946441,26494,0.9928663093530611,0.12355081844278132,2.8753511550811766,1.8457724009603171,19653,0.726199562407775,0.8377326926675183,5.931372297397036,5.493590843799781,0.6083527923293802,0.620542666001711,"[""y@t"", ""throughput_1@t"", ""buffer_size_2@t-1"", ""throughput_1@t-1""]",4,50,6250000.0,5241,0.3532724917924159,4.102527032318304,6.254719381264946
"ar_order=2,capacity=True,n_bins=50,numeric=True,on_change=capchain,other_lags=2,pool=local,target=throughput_2",cg_median,3,99959,33201,0.8335291105689587,0.551934972058491,5.033874030640094,3.6337545831765263,33108,0.8343300712818654,0.540406871009728,4.901031949233959,3.4969795819741454,93,0.5483870967741935,4.65593894541811,52.325655011224114,52.325655011224114,6707,0.20411510362308036,2.2441386049636063,13.560473861422553,12.997233053833039,26494,0.9928663093530611,0.12355081844278132,2.8753511550811766,1.2633744932432116,19653,0.726199562407775,0.8377326926675183,5.931372297397036,5.611916755711596,0.6083527923293802,0.620542666001711,"[""y@t"", ""throughput_1@t"", ""buffer_size_2@t-1"", ""throughput_1@t-1""]",4,50,6250000.0,5241,0.3532724917924159,4.102527032318304,6.254719381264946
"ar_order=2,capacity=True,n_bins=50,numeric=True,on_change=capchain,other_lags=2,pool=local,target=throughput_2",linear,3,99959,33201,0.8335291105689587,0.551934972058491,5.033874030640094,4.631810234217454,33108,0.8343300712818654,0.540406871009728,4.901031949233959,4.49783876012474,93,0.5483870967741935,4.65593894541811,52.325655011224114,52.325655011224114,6707,0.20411510362308036,2.2441386049636063,13.560473861422553,14.80793696633288,26494,0.9928663093530611,0.12355081844278132,2.8753511550811766,2.0557068903547635,19653,0.726199562407775,0.8377326926675183,5.931372297397036,6.432379569581224,0.6083527923293802,0.620542666001711,"[""y@t"", ""throughput_1@t"", ""buffer_size_2@t-1"", ""throughput_1@t-1""]",4,50,6250000.0,5241,0.3532724917924159,4.102527032318304,6.254719381264946
"ar_order=2,capacity=True,n_bins=50,numeric=True,on_change=capchain,other_lags=2,pool=local,target=throughput_2",clg,3,99959,33201,0.8335291105689587,0.551934972058491,5.033874030640094,3.7153694156496235,33108,0.8343300712818654,0.540406871009728,4.901031949233959,3.578823669594639,93,0.5483870967741935,4.65593894541811,52.325655011224114,52.325655011224114,6707,0.20411510362308036,2.2441386049636063,13.560473861422553,11.400127939216304,26494,0.9928663093530611,0.12355081844278132,2.8753511550811766,1.7699600619256968,19653,0.726199562407775,0.8377326926675183,5.931372297397036,4.972414104107908,0.6083527923293802,0.620542666001711,"[""y@t"", ""throughput_1@t"", ""buffer_size_2@t-1"", ""throughput_1@t-1""]",4,50,6250000.0,5241,0.3532724917924159,4.102527032318304,6.254719381264946
"ar_order=2,capacity=True,n_bins=50,numeric=True,on_change=capchain,other_lags=2,pool=local,target=throughput_2",ar,3,99959,33201,0.7982590885816693,0.7234182158119479,5.886995629485972,4.727668205200304,33108,0.8001993475897065,0.6998999601147378,5.507277435191912,4.344710304415324,93,0.10752688172043011,9.095917244018755,141.06667279817148,141.06068088465298,6707,0.013717012076934546,2.6899469277354795,16.216841551862476,14.62111609116016,26494,0.99686721521854,0.225588213891848,3.2719780178992277,2.2231254796347883,19653,0.6667175494835395,1.0211487943663882,6.557772133477218,5.736226098983567,0.5631465913487613,0.620542666001711,"[""y@t"", ""throughput_1@t"", ""buffer_size_2@t-1"", ""throughput_1@t-1""]",4,50,6250000.0,5241,0.3532724917924159,4.102527032318304,6.254719381264946
"ar_order=2,capacity=True,n_bins=50,numeric=True,on_change=capchain,other_lags=2,pool=local,target=throughput_2",persistence,3,99959,33201,0.7979880124092648,5.581797494790301,5.442708581225563,4.102527032318311,33108,0.7999275099673795,5.528207196807741,5.05673966043922,3.7128186541017354,93,0.10752688172043011,24.659943576581387,142.84764438116386,142.83870967741936,6707,0.0,27.63102111592855,17.999977941069165,16.351572983450126,26494,1.0,0.0,2.2638150356502993,1.0016607533781319,19653,0.6629522210349565,9.312974297659935,6.887811498417074,6.254719381264946,0.5909784422076924,0.620542666001711,"[""y@t"", ""throughput_1@t"", ""buffer_size_2@t-1"", ""throughput_1@t-1""]",4,50,6250000.0,5241,0.3532724917924159,4.102527032318304,6.254719381264946
"ar_order=2,capacity=True,n_bins=50,numeric=True,on_change=capchain,other_lags=2,pool=local,target=throughput_2",model,4,133160,33558,0.8504976458668574,0.4872323192404143,5.167439267655484,4.27746960492096,33464,0.8512431269423858,0.47797840002230985,5.06866722909855,4.174951839937512,94,0.5851063829787234,3.7816275608856342,40.33028499392421,40.77379393902895,6197,0.25512344682911087,2.1387014246085707,14.233989848664883,13.400668189454375,27361,0.9853441029202149,0.11319065241659705,3.1139538705385945,2.2111539867654266,18003,0.7332666777759262,0.8070665802734127,6.272994395539549,5.935673873687526,0.6211399175869156,0.8019536249994417,"[""y@t"", ""throughput_1@t"", ""throughput_1@t-1"", ""buffer_size_2@t""]",4,50,6250000.0,6580,0.29086953930508375,4.073991298647118,6.843748264178193
"ar_order=2,capacity=True,n_bins=50,numeric=True,on_change=capchain,other_lags=2,pool=local,target=throughput_2",cg_mean,4,133160,33558,0.8504976458668574,0.4872323192404143,5.167439267655484,4.134415913979632,33464,0.8512431269423858,0.47797840002230985,5.06866722909855,4.032742124429226,94,0.5851063829787234,3.7816275608856342,40.33028499392421,40.33028499392421,6197,0.25512344682911087,2.1387014246085707,14.233989848664883,13.112232045862521,27361,0.9853441029202149,0.11319065241659705,3.1139538705385945,2.1010280053038435,18003,0.7332666777759262,0.8070665802734127,6.272994395539549,5.733962808320571,0.6211399175869156,0.8019536249994417,"[""y@t"", ""throughput_1@t"", ""throughput_1@t-1"", ""buffer_size_2@t""]",4,50,6250000.0,6580,0.29086953930508375,4.073991298647118,6.843748264178193
"ar_order=2,capacity=True,n_bins=50,numeric=True,on_change=capchain,other_lags=2,pool=local,target=throughput_2",cg_median,4,133160,33558,0.8504976458668574,0.4872323192404143,5.167439267655484,3.4039289227435745,33464,0.8512431269423858,0.47797840002230985,5.06866722909855,3.3002032034425053,94,0.5851063829787234,3.7816275608856342,40.33028499392421,40.33028499392421,6197,0.25512344682911087,2.1387014246085707,14.233989848664883,13.22697665298169,27361,0.9853441029202149,0.11319065241659705,3.1139538705385945,1.1791042897153372,18003,0.7332666777759262,0.8070665802734127,6.272994395539549,5.724490362717325,0.6211399175869156,0.8019536249994417,"[""y@t"", ""throughput_1@t"", ""throughput_1@t-1"", ""buffer_size_2@t""]",4,50,6250000.0,6580,0.29086953930508375,4.073991298647118,6.843748264178193
"ar_order=2,capacity=True,n_bins=50,numeric=True,on_change=capchain,other_lags=2,pool=local,target=throughput_2",linear,4,133160,33558,0.8504976458668574,0.4872323192404143,5.167439267655484,4.609197334753827,33464,0.8512431269423858,0.47797840002230985,5.06866722909855,4.508857200879754,94,0.5851063829787234,3.7816275608856342,40.33028499392421,40.33028499392421,6197,0.25512344682911087,2.1387014246085707,14.233989848664883,16.152130280601305,27361,0.9853441029202149,0.11319065241659705,3.1139538705385945,1.9948354523147054,18003,0.7332666777759262,0.8070665802734127,6.272994395539549,7.002945587726246,0.6211399175869156,0.8019536249994417,"[""y@t"", ""throughput_1@t"", ""throughput_1@t-1"", ""buffer_size_2@t""]",4,50,6250000.0,6580,0.29086953930508375,4.073991298647118,6.843748264178193
"ar_order=2,capacity=True,n_bins=50,numeric=True,on_change=capchain,other_lags=2,pool=local,target=throughput_2",clg,4,133160,33558,0.8504976458668574,0.4872323192404143,5.167439267655484,3.494261302835333,33464,0.8512431269423858,0.47797840002230985,5.06866722909855,3.3907893261749704,94,0.5851063829787234,3.7816275608856342,40.33028499392421,40.33028499392421,6197,0.25512344682911087,2.1387014246085707,14.233989848664883,11.419514863735351,27361,0.9853441029202149,0.11319065241659705,3.1139538705385945,1.6992685643792307,18003,0.7332666777759262,0.8070665802734127,6.272994395539549,4.997274611550809,0.6211399175869156,0.8019536249994417,"[""y@t"", ""throughput_1@t"", ""throughput_1@t-1"", ""buffer_size_2@t""]",4,50,6250000.0,6580,0.29086953930508375,4.073991298647118,6.843748264178193
"ar_order=2,capacity=True,n_bins=50,numeric=True,on_change=capchain,other_lags=2,pool=local,target=throughput_2",ar,4,133160,33558,0.8192979319387329,0.6708938401554086,5.69708267825587,4.715753736104318,33464,0.8212108534544585,0.6486964580487107,5.312758253346218,4.328167023989009,94,0.13829787234042554,8.57316187013993,142.51657794609233,142.69662324915456,6197,0.039373890592222044,2.6777324905965076,17.51787994661635,15.73249544811377,27361,0.9959431307335258,0.21636443272207326,3.019787233205254,2.2205690429526586,18003,0.6695550741543076,1.0075808730711406,6.955515986565467,6.112356956354599,0.575623308740511,0.8019536249994417,"[""y@t"", ""throughput_1@t"", ""throughput_1@t-1"", ""buffer_size_2@t""]",4,50,6250000.0,6580,0.29086953930508375,4.073991298647118,6.843748264178193
"ar_order=2,capacity=True,n_bins=50,numeric=True,on_change=capchain,other_lags=2,pool=local,target=throughput_2",persistence,4,133160,33558,0.8153346444960963,5.102492337308815,5.508234022440765,4.073991298647129,33464,0.8172364331819268,5.049943973972597,5.119888542229216,3.6818073153239403,94,0.13829787234042554,23.809709685002257,143.759224977752,143.69148936170214,6197,0.0,27.63102111592855,19.875016365443468,18.037760206551553,27361,1.0,0.0,2.2542977562374915,0.9113336500859012,18003,0.660278842415153,9.386842478754595,7.571841111555373,6.843748264178193,0.5931150440263647,0.8019536249994417,"[""y@t"", ""throughput_1@t"", ""throughput_1@t-1"", ""buffer_size_2@t""]",4,50,6250000.0,6580,0.29086953930508375,4.073991298647118,6.843748264178193
"ar_order=2,capacity=True,n_bins=50,numeric=True,on_change=capchain,other_lags=2,pool=local,target=throughput_2",model,5,166718,33201,0.8774735700731906,0.4342574843764315,5.00260704323715,4.305483991849672,33108,0.8780657242962426,0.428664050258536,4.895260229085867,4.195095413840388,93,0.6666666666666666,2.425520030347272,43.21807288109413,43.60381776315528,5453,0.3513662204291216,2.0622151710971335,17.56009527819865,17.269650022390913,27748,0.9808634856566238,0.11433340820200504,2.5348261817247866,1.7577833516398793,18944,0.7975084459459459,0.6915699084759613,6.471536386261318,6.368382166588525,0.6328984426685684,1.143286333004653,"[""y@t"", ""throughput_1@t"", ""throughput_1@t-1""]",3,50,125000.0,2030,0.09831029185867896,4.604499864461914,7.481999577702703
"ar_order=2,capacity=True,n_bins=50,numeric=True,on_change=capchain,other_lags=2,pool=local,target=throughput_2",cg_mean,5,166718,33201,0.8774735700731906,0.4342574843764315,5.00260704323715,4.161645081397416,33108,0.8780657242962426,0.428664050258536,4.895260229085867,4.051936014544336,93,0.6666666666666666,2.425520030347272,43.21807288109413,43.21807288109413,5453,0.3513662204291216,2.0622151710971335,17.56009527819865,16.92591185711567,27748,0.9808634856566238,0.11433340820200504,2.5348261817247866,1.6532283764820486,18944,0.7975084459459459,0.6915699084759613,6.471536386261318,6.200897295895253,0.6328984426685684,1.143286333004653,"[""y@t"", ""throughput_1@t"", ""throughput_1@t-1""]",3,50,125000.0,2030,0.09831029185867896,4.604499864461914,7.481999577702703
"ar_order=2,capacity=True,n_bins=50,numeric=True,on_change=capchain,other_lags=2,pool=local,target=throughput_2",cg_median,5,166718,33201,0.8774735700731906,0.4342574843764315,5.00260704323715,3.831308718952494,33108,0.8780657242962426,0.428664050258536,4.895260229085867,3.72067174096895,93,0.6666666666666666,2.425520030347272,43.21807288109413,43.21807288109413,5453,0.3513662204291216,2.0622151710971335,17.56009527819865,16.786916658240457,27748,0.9808634856566238,0.11433340820200504,2.5348261817247866,1.2852899034365186,18944,0.7975084459459459,0.6915699084759613,6.471536386261318,6.154323268581081,0.6328984426685684,1.143286333004653,"[""y@t"", ""throughput_1@t"", ""throughput_1@t-1""]",3,50,125000.0,2030,0.09831029185867896,4.604499864461914,7.481999577702703
"ar_order=2,capacity=True,n_bins=50,numeric=True,on_change=capchain,other_lags=2,pool=local,target=throughput_2",linear,5,166718,33201,0.8774735700731906,0.4342574843764315,5.00260704323715,4.910656417371177,33108,0.8780657242962426,0.428664050258536,4.895260229085867,4.803051314944989,93,0.6666666666666666,2.425520030347272,43.21807288109413,43.21807288109413,5453,0.3513662204291216,2.0622151710971335,17.56009527819865,21.360649682015676,27748,0.9808634856566238,0.11433340820200504,2.5348261817247866,1.6779256521950758,18944,0.7975084459459459,0.6915699084759613,6.471536386261318,7.553470207653893,0.6328984426685684,1.143286333004653,"[""y@t"", ""throughput_1@t"", ""throughput_1@t-1""]",3,50,125000.0,2030,0.09831029185867896,4.604499864461914,7.481999577702703
"ar_order=2,capacity=True,n_bins=50,numeric=True,on_change=capchain,other_lags=2,pool=local,target=throughput_2",clg,5,166718,33201,0.8774735700731906,0.4342574843764315,5.00260704323715,4.910656417371177,33108,0.8780657242962426,0.428664050258536,4.895260229085867,4.803051314944989,93,0.6666666666666666,2.425520030347272,43.21807288109413,43.21807288109413,5453,0.3513662204291216,2.0622151710971335,17.56009527819865,21.360649682015676,27748,0.9808634856566238,0.11433340820200504,2.5348261817247866,1.6779256521950758,18944,0.7975084459459459,0.6915699084759613,6.471536386261318,7.553470207653893,0.6328984426685684,1.143286333004653,"[""y@t"", ""throughput_1@t"", ""throughput_1@t-1""]",3,50,125000.0,2030,0.09831029185867896,4.604499864461914,7.481999577702703
"ar_order=2,capacity=True,n_bins=50,numeric=True,on_change=capchain,other_lags=2,pool=local,target=throughput_2",ar,5,166718,33201,0.8377458510285835,0.6178787295250459,6.157055444747783,5.210221525644278,33108,0.8395251902863357,0.5972215981165255,5.83813713837951,4.888845852869117,93,0.20430107526881722,7.971817510958312,119.69197251185304,119.61996103360129,5453,0.0260407115349349,2.6636508805766024,21.8576414635092,20.445046111397428,27748,0.9972610638604584,0.2158463113441269,3.071597193331249,2.216294090653939,18944,0.7204919763513513,0.8819279784353701,7.408550352285334,6.802554672144174,0.5798106860450124,1.143286333004653,"[""y@t"", ""throughput_1@t"", ""throughput_1@t-1""]",3,50,125000.0,2030,0.09831029185867896,4.604499864461914,7.481999577702703
"ar_order=2,capacity=True,n_bins=50,numeric=True,on_change=capchain,other_lags=2,pool=local,target=throughput_2",persistence,5,166718,33201,0.8357579590976175,4.538175300296929,5.832450914171455,4.604499864461922,33108,0.8375317143892714,4.48916463037875,5.512199067657376,4.281110305666313,93,0.20430107526881722,21.98597379116895,119.84210827318333,119.73118279569893,5453,0.0,27.631021115928547,24.516629137431362,23.046213093709884,27748,1.0,0.0,2.1606610968355637,0.9803589447888236,18944,0.7160578547297297,7.845611411664889,7.935751528460585,7.481999577702703,0.5924514055444675,1.143286333004653,"[""y@t"", ""throughput_1@t"", ""throughput_1@t-1""]",3,50,125000.0,2030,0.09831029185867896,4.604499864461914,7.481999577702703
"ar_order=2,capacity=True,numeric=True,on_change=capchain,other_lags=2,pool=local",model,1,33200,33558,0.9095595685082544,0.3878648930164165,9.415625775670092,6.254391435706123,33464,0.9105606024384413,0.38352883457513914,9.26909210216465,6.094379737265231,94,0.5531914893617021,1.9315016981111468,61.58161354360629,63.2185560806642,4381,0.48847295138096325,2.313072604836143,25.333878637265464,26.776193407129345,29177,0.9727867841107721,0.09879010858065473,7.0254600359898856,3.172991208239108,19299,0.8598891134255661,0.5898790831045653,10.678928360463956,8.626620615699967,0.7809958915318662,0.08176691600237973,"[""y@t"", ""throughput_2@t"", ""throughput_2@t-1""]",3,20,8000.0,310,0.09073842302878599,4.986888372370225,7.9259028965231355
"ar_order=2,capacity=True,numeric=True,on_change=capchain,other_lags=2,pool=local",cg_mean,1,33200,33558,0.9095595685082544,0.3878648930164165,9.415625775670092,5.443541132278576,33464,0.9105606024384413,0.38352883457513914,9.26909210216465,5.285849917640015,94,0.5531914893617021,1.9315016981111468,61.58161354360629,61.58161354360629,4381,0.48847295138096325,2.313072604836143,25.333878637265464,22.707335202293038,29177,0.9727867841107721,0.09879010858065473,7.0254600359898856,2.8513389928970985,19299,0.8598891134255661,0.5898790831045653,10.678928360463956,7.430851367046966,0.7809958915318662,0.08176691600237973,"[""y@t"", ""throughput_2@t"", ""throughput_2@t-1""]",3,20,8000.0,310,0.09073842302878599,4.986888372370225,7.9259028965231355
"ar_order=2,capacity=True,numeric=True,on_change=capchain,other_lags=2,pool=local",cg_median,1,33200,33558,0.9095595685082544,0.3878648930164165,9.415625775670092,4.648106909622117,33464,0.9105606024384413,0.38352883457513914,9.26909210216465,4.488181329189577,94,0.5531914893617021,1.9315016981111468,61.58161354360629,61.58161354360629,4381,0.48847295138096325,2.313072604836143,25.333878637265464,22.459696825005256,29177,0.9727867841107721,0.09879010858065473,7.0254600359898856,1.9736518450406475,19299,0.8598891134255661,0.5898790831045653,10.678928360463956,7.119099435203896,0.7809958915318662,0.08176691600237973,"[""y@t"", ""throughput_2@t"", ""throughput_2@t-1""]",3,20,8000.0,310,0.09073842302878599,4.986888372370225,7.9259028965231355
"ar_order=2,capacity=True,numeric=True,on_change=capchain,other_lags=2,pool=local",linear,1,33200,33558,0.9095595685082544,0.3878648930164165,9.415625775670092,5.32570114533522,33464,0.9105606024384413,0.38352883457513914,9.26909210216465,5.167678919497379,94,0.5531914893617021,1.9315016981111468,61.58161354360629,61.58161354360629,4381,0.48847295138096325,2.313072604836143,25.333878637265464,25.997517327196604,29177,0.9727867841107721,0.09879010858065473,7.0254600359898856,2.221775906526064,19299,0.8598891134255661,0.5898790831045653,10.678928360463956,8.007482325826812,0.7809958915318662,0.08176691600237973,"[""y@t"", ""throughput_2@t"", ""throughput_2@t-1""]",3,20,8000.0,310,0.09073842302878599,4.986888372370225,7.9259028965231355
"ar_order=2,capacity=True,numeric=True,on_change=capchain,other_lags=2,pool=local",clg,1,33200,33558,0.9095595685082544,0.3878648930164165,9.415625775670092,5.32570114533522,33464,0.9105606024384413,0.38352883457513914,9.26909210216465,5.167678919497379,94,0.5531914893617021,1.9315016981111468,61.58161354360629,61.58161354360629,4381,0.48847295138096325,2.313072604836143,25.333878637265464,25.997517327196604,29177,0.9727867841107721,0.09879010858065473,7.0254600359898856,2.221775906526064,19299,0.8598891134255661,0.5898790831045653,10.678928360463956,8.007482325826812,0.7809958915318662,0.08176691600237973,"[""y@t"", ""throughput_2@t"", ""throughput_2@t-1""]",3,20,8000.0,310,0.09073842302878599,4.986888372370225,7.9259028965231355
"ar_order=2,capacity=True,numeric=True,on_change=capchain,other_lags=2,pool=local",ar,1,33200,33558,0.8479051194946063,0.5873854569555976,10.530039868016596,6.378462004126458,33464,0.8498087497011714,0.5704202818279933,10.133059997284537,5.969205359771669,94,0.1702127659574468,6.62698780238272,151.85487384862944,152.07382739443122,4381,0.05820588906642319,3.466579123159004,31.894914064656206,26.985031377355455,29177,0.9664804469273743,0.15506727991076355,7.322050223588516,3.28433373788537,19299,0.7816985336027773,0.8497846832644308,11.889738104344254,7.934815242101224,0.6846330982901161,0.08176691600237973,"[""y@t"", ""throughput_2@t"", ""throughput_2@t-1""]",3,20,8000.0,310,0.09073842302878599,4.986888372370225,7.9259028965231355
"ar_order=2,capacity=True,numeric=True,on_change=capchain,other_lags=2,pool=local",persistence,1,33200,33558,0.8694499076226235,3.607232359165712,9.999003984825238,4.98688837237023,33464,0.8713841740377719,3.5537866030049146,9.597365235822318,4.570941907721736,94,0.18085106382978725,22.63392155240955,152.9823986298647,153.06382978723406,4381,0.0,27.63102111592855,34.103755315723284,28.69139465875371,29177,1.0,0.0,6.3796148913384405,1.4275970798917015,19299,0.7769832633815223,6.1621801587106315,11.808682343600474,7.9259028965231355,0.7291569012797388,0.08176691600237973,"[""y@t"", ""throughput_2@t"", ""throughput_2@t-1""]",3,20,8000.0,310,0.09073842302878599,4.986888372370225,7.9259028965231355
"ar_order=2,capacity=True,numeric=True,on_change=capchain,other_lags=2,pool=local",model,2,66758,33201,0.8928044336013975,0.32976592115515896,8.544910038043662,5.535687502647306,33108,0.8936812854899118,0.32356574752710765,8.368705331168618,5.3478338769883065,93,0.5806451612903226,2.53702773274142,71.27378568555896,72.4115782372513,4870,0.4987679671457906,1.689478464341143,19.018380672226126,21.33536572930897,28331,0.9605379266527831,0.09603608156899036,6.744556997612029,2.819777970197259,20321,0.8467102996899759,0.4794793638075286,9.166027620171189,7.674278556730739,0.8105305067768251,0.22348408400284825,"[""y@t"", ""throughput_2@t"", ""throughput_2@t-1""]",3,20,8000.0,526,0.057046474503780004,4.608656365772116,6.818069976871217
"ar_order=2,capacity=True,numeric=True,on_change=capchain,other_lags=2,pool=local",cg_mean,2,66758,33201,0.8928044336013975,0.32976592115515896,8.544910038043662,4.444506180939212,33108,0.8936812854899118,0.32356574752710765,8.368705331168618,4.256783485701516,93,0.5806451612903226,2.53702773274142,71.27378568555896,71.27378568555896,4870,0.4987679671457906,1.689478464341143,19.018380672226126,16.819845224373083,28331,0.9605379266527831,0.09603608156899036,6.744556997612029,2.3172286001435127,20321,0.8467102996899759,0.4794793638075286,9.166027620171189,6.168469556510834,0.8105305067768251,0.22348408400284825,"[""y@t"", ""throughput_2@t"", ""throughput_2@t-1""]",3,20,8000.0,526,0.057046474503780004,4.608656365772116,6.818069976871217
"ar_order=2,capacity=True,numeric=True,on_change=capchain,other_lags=2,pool=local",cg_median,2,66758,33201,0.8928044336013975,0.32976592115515896,8.544910038043662,3.906688415070539,33108,0.8936812854899118,0.32356574752710765,8.368705331168618,3.7174549957714147,93,0.5806451612903226,2.53702773274142,71.27378568555896,71.27378568555896,4870,0.4987679671457906,1.689478464341143,19.018380672226126,16.108425854491323,28331,0.9605379266527831,0.09603608156899036,6.744556997612029,1.809252343983066,20321,0.8467102996899759,0.4794793638075286,9.166027620171189,5.8607598051277,0.8105305067768251,0.22348408400284825,"[""y@t"", ""throughput_2@t"", ""throughput_2@t-1""]",3,20,8000.0,526,0.057046474503780004,4.608656365772116,6.818069976871217
"ar_order=2,capacity=True,numeric=True,on_change=capchain,other_lags=2,pool=local",linear,2,66758,33201,0.8928044336013975,0.32976592115515896,8.544910038043662,5.564389128432602,33108,0.8936812854899118,0.32356574752710765,8.368705331168618,5.37981217181146,93,0.5806451612903226,2.53702773274142,71.27378568555896,71.27378568555896,4870,0.4987679671457906,1.689478464341143,19.018380672226126,20.48281932842921,28331,0.9605379266527831,0.09603608156899036,6.744556997612029,2.9999630554389385,20321,0.8467102996899759,0.4794793638075286,9.166027620171189,7.404897781720934,0.8105305067768251,0.22348408400284825,"[""y@t"", ""throughput_2@t"", ""throughput_2@t-1""]",3,20,8000.0,526,0.057046474503780004,4.608656365772116,6.818069976871217
"ar_order=2,capacity=True,numeric=True,on_change=capchain,other_lags=2,pool=local",clg,2,66758,33201,0.8928044336013975,0.32976592115515896,8.544910038043662,5.564389128432602,33108,0.8936812854899118,0.32356574752710765,8.368705331168618,5.37981217181146,93,0.5806451612903226,2.53702773274142,71.27378568555896,71.27378568555896,4870,0.4987679671457906,1.689478464341143,19.018380672226126,20.48281932842921,28331,0.9605379266527831,0.09603608156899036,6.744556997612029,2.9999630554389385,20321,0.8467102996899759,0.4794793638075286,9.166027620171189,7.404897781720934,0.8105305067768251,0.22348408400284825,"[""y@t"", ""throughput_2@t"", ""throughput_2@t-1""]",3,20,8000.0,526,0.057046474503780004,4.608656365772116,6.818069976871217
"ar_order=2,capacity=True,numeric=True,on_change=capchain,other_lags=2,pool=local",ar,2,66758,33201,0.8533176711544833,0.5421609150774279,10.26133549347788,6.130292553015622,33108,0.855261568201039,0.5241901510660337,9.857821217114285,5.713478733909834,93,0.16129032258064516,6.939752903133789,153.91241787891764,154.51601215467613,4870,0.0,2.908141917411149,27.048125170420516,21.224542885026178,28331,1.0,0.13545704012189452,7.375744948607928,3.5356436130949893,20321,0.764184833423552,0.7585486588794662,10.932651074866357,7.213807660481873,0.765320789938897,0.22348408400284825,"[""y@t"", ""throughput_2@t"", ""throughput_2@t-1""]",3,20,8000.0,526,0.057046474503780004,4.608656365772116,6.818069976871217
"ar_order=2,capacity=True,numeric=True,on_change=capchain,other_lags=2,pool=local",persistence,2,66758,33201,0.8533176711544833,4.0529825256640475,9.509566073772406,4.60865636577212,33108,0.855261568201039,3.9992706653234746,9.100182964346997,4.184789174821801,93,0.16129032258064516,23.174404806907813,155.24995302921795,155.50537634408602,4870,0.0,27.63102111592854,28.511997960823937,22.3258726899384,28331,1.0,0.0,6.243114367516328,1.563128728248215,20321,0.764184833423552,6.515813847130043,10.760368641163039,6.818069976871217,0.765320789938897,0.22348408400284825,"[""y@t"", ""throughput_2@t"", ""throughput_2@t-1""]",3,20,8000.0,526,0.057046474503780004,4.608656365772116,6.818069976871217
"ar_order=2,capacity=True,numeric=True,on_change=capchain,other_lags=2,pool=local",model,3,99959,33201,0.9259962049335864,0.248922568362922,8.632188629758689,5.536319915207379,33108,0.9270569046756071,0.2439609123888382,8.466347077757462,5.357873619772571,93,0.5483870967741935,2.0152720951367367,67.67178114219551,69.06320108999932,3981,0.5551369002763125,1.5749685310629102,22.911910641978416,25.189022548464727,29220,0.9765229295003423,0.06825901677125008,6.686686462385426,2.858790511271804,19992,0.8885554221688675,0.3699610016526749,9.068788943710787,7.445023558896507,0.7732062628026002,0.3663354580057785,"[""y@t"", ""y@t-1"", ""throughput_2@t"", ""throughput_2@t-1""]",4,20,160000.0,1319,0.025270323183036656,4.94388723231228,7.444927971188475
"ar_order=2,capacity=True,numeric=True,on_change=capchain,other_lags=2,pool=local",cg_mean,3,99959,33201,0.9259962049335864,0.248922568362922,8.632188629758689,4.84292049454073,33108,0.9270569046756071,0.2439609123888382,8.466347077757462,4.666434930923722,93,0.5483870967741935,2.0152720951367367,67.67178114219551,67.67178114219551,3981,0.5551369002763125,1.5749685310629102,22.911910641978416,21.75588793621475,29220,0.9765229295003423,0.06825901677125008,6.686686462385426,2.5386589139348334,19992,0.8885554221688675,0.3699610016526749,9.068788943710787,6.529718557314887,0.7732062628026002,0.3663354580057785,"[""y@t"", ""y@t-1"", ""throughput_2@t"", ""throughput_2@t-1""]",4,20,160000.0,1319,0.025270323183036656,4.94388723231228,7.444927971188475
"ar_order=2,capacity=True,numeric=True,on_change=capchain,other_lags=2,pool=local",cg_median,3,99959,33201,0.9259962049335864,0.248922568362922,8.632188629758689,4.151696504509628,33108,0.9270569046756071,0.2439609123888382,8.466347077757462,3.9732693004711854,93,0.5483870967741935,2.0152720951367367,67.67178114219551,67.67178114219551,3981,0.5551369002763125,1.5749685310629102,22.911910641978416,21.786539047110846,29220,0.9765229295003423,0.06825901677125008,6.686686462385426,1.7490849999889082,19992,0.8885554221688675,0.3699610016526749,9.068788943710787,6.351215486194477,0.7732062628026002,0.3663354580057785,"[""y@t"", ""y@t-1"", ""throughput_2@t"", ""throughput_2@t-1""]",4,20,160000.0,1319,0.025270323183036656,4.94388723231228,7.444927971188475
"ar_order=2,capacity=True,numeric=True,on_change=capchain,other_lags=2,pool=local",linear,3,99959,33201,0.9259962049335864,0.248922568362922,8.632188629758689,4.987076994500284,33108,0.9270569046756071,0.2439609123888382,8.466347077757462,4.810996364871927,93,0.5483870967741935,2.0152720951367367,67.67178114219551,67.67178114219551,3981,0.5551369002763125,1.5749685310629102,22.911910641978416,23.902345209111886,29220,0.9765229295003423,0.06825901677125008,6.686686462385426,2.4100173517087446,19992,0.8885554221688675,0.3699610016526749,9.068788943710787,6.838811099943128,0.7732062628026002,0.3663354580057785,"[""y@t"", ""y@t-1"", ""throughput_2@t"", ""throughput_2@t-1""]",4,20,160000.0,1319,0.025270323183036656,4.94388723231228,7.444927971188475
"ar_order=2,capacity=True,numeric=True,on_change=capchain,other_lags=2,pool=local",clg,3,99959,33201,0.9259962049335864,0.248922568362922,8.632188629758689,4.987076994500284,33108,0.9270569046756071,0.2439609123888382,8.466347077757462,4.810996364871927,93,0.5483870967741935,2.0152720951367367,67.67178114219551,67.67178114219551,3981,0.5551369002763125,1.5749685310629102,22.911910641978416,23.902345209111886,29220,0.9765229295003423,0.06825901677125008,6.686686462385426,2.4100173517087446,19992,0.8885554221688675,0.3699610016526749,9.068788943710787,6.838811099943128,0.7732062628026002,0.3663354580057785,"[""y@t"", ""y@t-1"", ""throughput_2@t"", ""throughput_2@t-1""]",4,20,160000.0,1319,0.025270323183036656,4.94388723231228,7.444927971188475
"ar_order=2,capacity=True,numeric=True,on_change=capchain,other_lags=2,pool=local",ar,3,99959,33201,0.8800939730731002,0.45797957704839704,9.28722842601863,5.802470914890759,33108,0.8822036969916637,0.44002564049123927,8.85115513096727,5.357819955408951,93,0.12903225806451613,6.849580991396546,164.52932146430308,164.09821249041468,3981,0.0,2.861720316759939,32.36884332134319,27.81317804559679,29220,1.0,0.1304884105599764,6.142536129704903,2.803681555296622,19992,0.804921968787515,0.6481891135367004,10.321836834743578,7.451671382987646,0.7133930791134014,0.3663354580057785,"[""y@t"", ""y@t-1"", ""throughput_2@t"", ""throughput_2@t-1""]",4,20,160000.0,1319,0.025270323183036656,4.94388723231228,7.444927971188475
"ar_order=2,capacity=True,numeric=True,on_change=capchain,other_lags=2,pool=local",persistence,3,99959,33201,0.8800939730731002,3.313125961944265,9.373593408642652,4.943887232312285,33108,0.8822036969916637,3.2548321358016596,8.936359646175632,4.495559985501998,93,0.12903225806451613,24.06572806871196,165.0288128469024,164.5483870967742,3981,0.0,27.631021115928544,34.83492889718861,30.203466465712133,29220,1.0,0.0,5.9046825058397285,1.5024640657084247,19992,0.804921968787515,5.390205199685941,10.72821257860503,7.444927971188475,0.7133930791134014,0.3663354580057785,"[""y@t"", ""y@t-1"", ""throughput_2@t"", ""throughput_2@t-1""]",4,20,160000.0,1319,0.025270323183036656,4.94388723231228,7.444927971188475
"ar_order=2,capacity=True,numeric=True,on_change=capchain,other_lags=2,pool=local",model,4,133160,33558,0.914357232254604,0.3222737721702669,8.338513559647025,5.91676777842386,33464,0.9153119770499641,0.31864062384289193,8.211980371170554,5.781442265460415,94,0.574468085106383,1.6156745767157799,53.384328657270196,54.0926503934106,4795,0.5572471324296142,1.8631574405465885,23.30100973207813,25.56453878608271,28763,0.9738900671000938,0.06539732708927881,5.844157298241499,2.6413423366506046,18970,0.8630996309963099,0.5246194185710796,9.768143902214787,9.01189203818715,0.8871386516478165,0.42437687500205357,"[""y@t"", ""throughput_2@t"", ""throughput_2@t-1""]",3,20,8000.0,806,0.03563978783002563,5.052863698670958,8.242224565102793
"ar_order=2,capacity=True,numeric=True,on_change=capchain,other_lags=2,pool=local",cg_mean,4,133160,33558,0.914357232254604,0.3222737721702669,8.338513559647025,4.882461136821917,33464,0.9153119770499641,0.31864062384289193,8.211980371170554,4.746219935921781,94,0.574468085106383,1.6156745767157799,53.384328657270196,53.384328657270196,4795,0.5572471324296142,1.8631574405465885,23.30100973207813,20.109800821196625,28763,0.9738900671000938,0.06539732708927881,5.844157298241499,2.343953547676948,18970,0.8630996309963099,0.5246194185710796,9.768143902214787,7.379565362521956,0.8871386516478165,0.42437687500205357,"[""y@t"", ""throughput_2@t"", ""throughput_2@t-1""]",3,20,8000.0,806,0.03563978783002563,5.052863698670958,8.242224565102793
"ar_order=2,capacity=True,numeric=True,on_change=capchain,other_lags=2,pool=local",cg_median,4,133160,33558,0.914357232254604,0.3222737721702669,8.338513559647025,4.134338366225144,33464,0.9153119770499641,0.31864062384289193,8.211980371170554,3.995995696868276,94,0.574468085106383,1.6156745767157799,53.384328657270196,53.384328657270196,4795,0.5572471324296142,1.8631574405465885,23.30100973207813,18.612654657923297,28763,0.9738900671000938,0.06539732708927881,5.844157298241499,1.7206983906074185,18970,0.8630996309963099,0.5246194185710796,9.768143902214787,6.699314707432789,0.8871386516478165,0.42437687500205357,"[""y@t"", ""throughput_2@t"", ""throughput_2@t-1""]",3,20,8000.0,806,0.03563978783002563,5.052863698670958,8.242224565102793
"ar_order=2,capacity=True,numeric=True,on_change=capchain,other_lags=2,pool=local",linear,4,133160,33558,0.914357232254604,0.3222737721702669,8.338513559647025,5.886749766212375,33464,0.9153119770499641,0.31864062384289193,8.211980371170554,5.753329600788056,94,0.574468085106383,1.6156745767157799,53.384328657270196,53.384328657270196,4795,0.5572471324296142,1.8631574405465885,23.30100973207813,25.062257042522724,28763,0.9738900671000938,0.06539732708927881,5.844157298241499,2.690054101994174,18970,0.8630996309963099,0.5246194185710796,9.768143902214787,8.805322867905607,0.8871386516478165,0.42437687500205357,"[""y@t"", ""throughput_2@t"", ""throughput_2@t-1""]",3,20,8000.0,806,0.03563978783002563,5.052863698670958,8.242224565102793
"ar_order=2,capacity=True,numeric=True,on_change=capchain,other_lags=2,pool=local",clg,4,133160,33558,0.914357232254604,0.3222737721702669,8.338513559647025,5.886749766212375,33464,0.9153119770499641,0.31864062384289193,8.211980371170554,5.753329600788056,94,0.574468085106383,1.6156745767157799,53.384328657270196,53.384328657270196,4795,0.5572471324296142,1.8631574405465885,23.30100973207813,25.062257042522724,28763,0.9738900671000938,0.06539732708927881,5.844157298241499,2.690054101994174,18970,0.8630996309963099,0.5246194185710796,9.768143902214787,8.805322867905607,0.8871386516478165,0.42437687500205357,"[""y@t"", ""throughput_2@t"", ""throughput_2@t-1""]",3,20,8000.0,806,0.03563978783002563,5.052863698670958,8.242224565102793
"ar_order=2,capacity=True,numeric=True,on_change=capchain,other_lags=2,pool=local",ar,4,133160,33558,0.8571130579891532,0.538099604682822,9.510040671451186,6.077569935595533,33464,0.8588931388955295,0.5228619624646225,9.139417814143428,5.701058293949673,94,0.22340425531914893,5.96270023436185,141.4517778730127,140.11571436152144,4795,0.0,2.9389656115895284,31.132247659790067,25.183190965600055,28763,1.0,0.13785788778550054,5.905462480404184,2.8925248137768196,18970,0.7510806536636795,0.8192545513751086,11.396590774343078,8.209656210863855,0.8331044631028387,0.42437687500205357,"[""y@t"", ""throughput_2@t"", ""throughput_2@t-1""]",3,20,8000.0,806,0.03563978783002563,5.052863698670958,8.242224565102793
"ar_order=2,capacity=True,numeric=True,on_change=capchain,other_lags=2,pool=local",persistence,4,133160,33558,0.8571130579891532,3.9481121118921685,9.341591152950988,5.052863698670964,33464,0.8588931388955295,3.8989266587800198,8.969021453097389,4.6723344489600835,94,0.22340425531914893,21.45813341981685,141.976404300833,140.5212765957447,4795,0.0,27.631021115928547,33.23950694523515,27.01438998957247,28763,1.0,0.0,5.3576358553811065,1.3917185272746313,18970,0.7510806536636795,6.877895714782003,11.610501678806116,8.242224565102793,0.8331044631028387,0.42437687500205357,"[""y@t"", ""throughput_2@t"", ""throughput_2@t-1""]",3,20,8000.0,806,0.03563978783002563,5.052863698670958,8.242224565102793
"ar_order=2,capacity=True,numeric=True,on_change=capchain,other_lags=2,pool=local",model,5,166718,33201,0.9389476220595765,0.20745979539856005,8.262625464396425,5.279816878877666,33108,0.9397728645644557,0.20541512127417444,8.082980699265118,5.089023963496771,93,0.6451612903225806,0.9353637836798393,72.21616185114183,73.20209475447618,3654,0.6554460864805692,1.3751617476786413,25.506279956004455,29.80795780993361,29547,0.9740075134531424,0.06305315737671632,6.130147936649591,2.2464860174677623,18178,0.9062603146660799,0.3337370250405424,9.47880324799004,8.170342449350937,0.8280037727892502,0.5789617920017918,"[""y@t"", ""throughput_2@t"", ""throughput_2@t-1"", ""buffer_size_3@t""]",4,20,160000.0,1862,0.04876359145808861,4.627330502093311,7.7230718450874685
"ar_order=2,capacity=True,numeric=True,on_change=capchain,other_lags=2,pool=local",cg_mean,5,166718,33201,0.9389476220595765,0.20745979539856005,8.262625464396425,4.314899475185778,33108,0.9397728645644557,0.20541512127417444,8.082980699265118,4.12416559210725,93,0.6451612903225806,0.9353637836798393,72.21616185114183,72.21616185114183,3654,0.6554460864805692,1.3751617476786413,25.506279956004455,24.091581390071877,29547,0.9740075134531424,0.06305315737671632,6.130147936649591,1.8691690891231045,18178,0.9062603146660799,0.3337370250405424,9.47880324799004,6.5716965045012135,0.8280037727892502,0.5789617920017918,"[""y@t"", ""throughput_2@t"", ""throughput_2@t-1"", ""buffer_size_3@t""]",4,20,160000.0,1862,0.04876359145808861,4.627330502093311,7.7230718450874685
"ar_order=2,capacity=True,numeric=True,on_change=capchain,other_lags=2,pool=local",cg_median,5,166718,33201,0.9389476220595765,0.20745979539856005,8.262625464396425,3.8358213021341583,33108,0.9397728645644557,0.20541512127417444,8.082980699265118,3.643741693850429,93,0.6451612903225806,0.9353637836798393,72.21616185114183,72.21616185114183,3654,0.6554460864805692,1.3751617476786413,25.506279956004455,22.752681283176152,29547,0.9740075134531424,0.06305315737671632,6.130147936649591,1.496422839659882,18178,0.9062603146660799,0.3337370250405424,9.47880324799004,6.265953350203543,0.8280037727892502,0.5789617920017918,"[""y@t"", ""throughput_2@t"", ""throughput_2@t-1"", ""buffer_size_3@t""]",4,20,160000.0,1862,0.04876359145808861,4.627330502093311,7.7230718450874685
"ar_order=2,capacity=True,numeric=True,on_change=capchain,other_lags=2,pool=local",linear,5,166718,33201,0.9389476220595765,0.20745979539856005,8.262625464396425,5.294318944971577,33108,0.9397728645644557,0.20541512127417444,8.082980699265118,5.1063362401789645,93,0.6451612903225806,0.9353637836798393,72.21616185114183,72.21616185114183,3654,0.6554460864805692,1.3751617476786413,25.506279956004455,28.989626229508964,29547,0.9740075134531424,0.06305315737671632,6.130147936649591,2.363982436436037,18178,0.9062603146660799,0.3337370250405424,9.47880324799004,7.892021048823237,0.8280037727892502,0.5789617920017918,"[""y@t"", ""throughput_2@t"", ""throughput_2@t-1"", ""buffer_size_3@t""]",4,20,160000.0,1862,0.04876359145808861,4.627330502093311,7.7230718450874685
"ar_order=2,capacity=True,numeric=True,on_change=capchain,other_lags=2,pool=local",clg,5,166718,33201,0.9389476220595765,0.20745979539856005,8.262625464396425,3.016292345116638,33108,0.9397728645644557,0.20541512127417444,8.082980699265118,2.8219106892008368,93,0.6451612903225806,0.9353637836798393,72.21616185114183,72.21616185114183,3654,0.6554460864805692,1.3751617476786413,25.506279956004455,14.199011255732987,29547,0.9740075134531424,0.06305315737671632,6.130147936649591,1.6333548252536352,18178,0.9062603146660799,0.3337370250405424,9.47880324799004,3.9182179766781817,0.8280037727892502,0.5789617920017918,"[""y@t"", ""throughput_2@t"", ""throughput_2@t-1"", ""buffer_size_3@t""]",4,20,160000.0,1862,0.04876359145808861,4.627330502093311,7.7230718450874685
"ar_order=2,capacity=True,numeric=True,on_change=capchain,other_lags=2,pool=local",ar,5,166718,33201,0.889943074003795,0.45556155304865315,9.892676142400664,5.976333186936724,33108,0.8917482179533648,0.4413446571379285,9.52711834076662,5.597362187118697,93,0.24731182795698925,5.516776497266618,140.03125352411914,140.89000912215428,3654,0.0,3.051038453774511,36.56034546345899,31.293184279757224,29547,1.0,0.1345857316369266,6.594755416129057,2.8454646082936765,18178,0.802838596105182,0.7007271872030886,11.744923189437491,8.15741009347683,0.7670290749812423,0.5789617920017918,"[""y@t"", ""throughput_2@t"", ""throughput_2@t-1"", ""buffer_size_3@t""]",4,20,160000.0,1862,0.04876359145808861,4.627330502093311,7.7230718450874685
"ar_order=2,capacity=True,numeric=True,on_change=capchain,other_lags=2,pool=local",persistence,5,166718,33201,0.889943074003795,3.0409852461553237,9.44115106386959,4.627330502093316,33108,0.8917482179533648,2.9911072755674737,9.069772937424974,4.240364866497528,93,0.24731182795698925,20.797542775430088,141.6517640781532,142.38709677419354,3654,0.0,27.631021115928547,38.26535954946101,32.33771209633279,29547,1.0,0.0,5.87653679486255,1.2004602836159401,18178,0.802838596105182,5.44777091426383,11.612693711794495,7.7230718450874685,0.7670290749812423,0.5789617920017918,"[""y@t"", ""throughput_2@t"", ""throughput_2@t-1"", ""buffer_size_3@t""]",4,20,160000.0,1862,0.04876359145808861,4.627330502093311,7.7230718450874685
"ar_order=2,capacity=True,n_bins=50,numeric=True,on_change=capchain,other_lags=2,pool=local",model,1,33200,33558,0.807408069610823,0.7389277697383846,7.847133528670932,7.420070891013291,33464,0.8083014582835286,0.7319283178383191,7.7274157956821234,7.297798974989594,94,0.48936170212765956,3.2307326461616666,50.46664647268669,50.94887299544901,6857,0.4395508239754995,2.4264440223049486,16.91234914590352,16.645766700334395,26701,0.9018763342196922,0.30556201774973496,5.519123960214175,5.050848908146925,19299,0.7558422716202912,0.9605693164154159,7.303714938161174,7.302945477312962,0.5558617463072119,0.20928537500003586,"[""y@t"", ""throughput_2@t"", ""throughput_2@t-1""]",3,50,125000.0,845,0.15653495440729484,4.986888372370225,7.9259028965231355
"ar_order=2,capacity=True,n_bins=50,numeric=True,on_change=capchain,other_lags=2,pool=local",cg_mean,1,33200,33558,0.807408069610823,0.7389277697383846,7.847133528670932,7.400652140744658,33464,0.8083014582835286,0.7319283178383191,7.7274157956821234,7.27968024655381,94,0.48936170212765956,3.2307326461616666,50.46664647268669,50.46664647268669,6857,0.4395508239754995,2.4264440223049486,16.91234914590352,16.11873243662697,26701,0.9018763342196922,0.30556201774973496,5.519123960214175,5.161789304563804,19299,0.7558422716202912,0.9605693164154159,7.303714938161174,7.028840559209373,0.5558617463072119,0.20928537500003586,"[""y@t"", ""throughput_2@t"", ""throughput_2@t-1""]",3,50,125000.0,845,0.15653495440729484,4.986888372370225,7.9259028965231355
"ar_order=2,capacity=True,n_bins=50,numeric=True,on_change=capchain,other_lags=2,pool=local",cg_median,1,33200,33558,0.807408069610823,0.7389277697383846,7.847133528670932,6.921087811205451,33464,0.8083014582835286,0.7319283178383191,7.7274157956821234,6.798768826201291,94,0.48936170212765956,3.2307326461616666,50.46664647268669,50.46664647268669,6857,0.4395508239754995,2.4264440223049486,16.91234914590352,15.754722774704813,26701,0.9018763342196922,0.30556201774973496,5.519123960214175,4.652549743540753,19299,0.7558422716202912,0.9605693164154159,7.303714938161174,6.870252344681072,0.5558617463072119,0.20928537500003586,"[""y@t"", ""throughput_2@t"", ""throughput_2@t-1""]",3,50,125000.0,845,0.15653495440729484,4.986888372370225,7.9259028965231355
"ar_order=2,capacity=True,n_bins=50,numeric=True,on_change=capchain,other_lags=2,pool=local",linear,1,33200,33558,0.807408069610823,0.7389277697383846,7.847133528670932,5.294566783792027,33464,0.8083014582835286,0.7319283178383191,7.7274157956821234,5.167678919497379,94,0.48936170212765956,3.2307326461616666,50.46664647268669,50.46664647268669,6857,0.4395508239754995,2.4264440223049486,16.91234914590352,18.73910618624253,26701,0.9018763342196922,0.30556201774973496,5.519123960214175,1.8419168200227638,19299,0.7558422716202912,0.9605693164154159,7.303714938161174,8.007482325826812,0.5558617463072119,0.20928537500003586,"[""y@t"", ""throughput_2@t"", ""throughput_2@t-1""]",3,50,125000.0,845,0.15653495440729484,4.986888372370225,7.9259028965231355
"ar_order=2,capacity=True,n_bins=50,numeric=True,on_change=capchain,other_lags=2,pool=local",clg,1,33200,33558,0.807408069610823,0.7389277697383846,7.847133528670932,5.294566783792027,33464,0.8083014582835286,0.7319283178383191,7.7274157956821234,5.167678919497379,94,0.48936170212765956,3.2307326461616666,50.46664647268669,50.46664647268669,6857,0.4395508239754995,2.4264440223049486,16.91234914590352,18.73910618624253,26701,0.9018763342196922,0.30556201774973496,5.519123960214175,1.8419168200227638,19299,0.7558422716202912,0.9605693164154159,7.303714938161174,8.007482325826812,0.5558617463072119,0.20928537500003586,"[""y@t"", ""throughput_2@t"", ""throughput_2@t-1""]",3,50,125000.0,845,0.15653495440729484,4.986888372370225,7.9259028965231355
"ar_order=2,capacity=True,n_bins=50,numeric=True,on_change=capchain,other_lags=2,pool=local",ar,1,33200,33558,0.7179808093450146,0.9705155174927659,8.699045246805614,8.03341105664135,33464,0.7198183122161128,0.9471036297237357,8.301904659745468,7.633265087415092,94,0.06382978723404255,9.30514756326751,150.08109424021782,150.48537610118913,6857,0.06810558553303193,3.1480614777716567,19.93286218434228,18.61565461882234,26701,0.8848732257218831,0.41130677438829966,5.814123980160584,5.315818303340909,19299,0.6528835690968444,1.2158313323679988,7.897232767865246,7.43308318525767,0.4391383832500228,0.20928537500003586,"[""y@t"", ""throughput_2@t"", ""throughput_2@t-1""]",3,50,125000.0,845,0.15653495440729484,4.986888372370225,7.9259028965231355
"ar_order=2,capacity=True,n_bins=50,numeric=True,on_change=capchain,other_lags=2,pool=local",persistence,1,33200,33558,0.7956672030514333,5.645923827162586,6.1406311635010145,4.986888372370235,33464,0.7976332775519962,5.591599181122045,5.7285234143978725,4.57094190772174,94,0.09574468085106383,24.985497817594958,152.85098984421973,153.06382978723406,6857,0.0,27.631021115928547,22.029718219358642,20.565115939915415,26701,1.0,0.0,2.06020458988895,0.9862926482154333,19299,0.6491009896885849,9.695697963473139,8.360962159586489,7.9259028965231355,0.5604510094152217,0.20928537500003586,"[""y@t"", ""throughput_2@t"", ""throughput_2@t-1""]",3,50,125000.0,845,0.15653495440729484,4.986888372370225,7.9259028965231355
"ar_order=2,capacity=True,n_bins=50,numeric=True,on_change=capchain,other_lags=2,pool=local",model,2,66758,33201,0.8311195445920304,0.6013213880580984,6.242594657907893,5.668085722041537,33108,0.8320345535822158,0.5922612011169013,6.070284986706234,5.494046447592541,93,0.5053763440860215,3.8267479391243304,67.58483760569814,67.62606742588395,7730,0.4994825355756792,1.5937885694947624,12.644559472059182,12.675049123730957,25471,0.9317655372776884,0.30012507411261496,4.299711064276331,3.54159571006481,20321,0.7786034151862605,0.6874081373594796,6.059983413631198,6.140026773475023,0.6026010060564495,0.39457479099655757,"[""y@t"", ""throughput_2@t"", ""throughput_2@t-1""]",3,50,125000.0,1369,0.13493569470799072,4.608656365772116,6.818069976871217
"ar_order=2,capacity=True,n_bins=50,numeric=True,on_change=capchain,other_lags=2,pool=local",cg_mean,2,66758,33201,0.8311195445920304,0.6013213880580984,6.242594657907893,5.366570811704316,33108,0.8320345535822158,0.5922612011169013,6.070284986706234,5.191800399361636,93,0.5053763440860215,3.8267479391243304,67.58483760569814,67.58483760569814,7730,0.4994825355756792,1.5937885694947624,12.644559472059182,12.168208572277592,25471,0.9317655372776884,0.30012507411261496,4.299711064276331,3.302393516378987,20321,0.7786034151862605,0.6874081373594796,6.059983413631198,5.873297102272882,0.6026010060564495,0.39457479099655757,"[""y@t"", ""throughput_2@t"", ""throughput_2@t-1""]",3,50,125000.0,1369,0.13493569470799072,4.608656365772116,6.818069976871217
"ar_order=2,capacity=True,n_bins=50,numeric=True,on_change=capchain,other_lags=2,pool=local",cg_median,2,66758,33201,0.8311195445920304,0.6013213880580984,6.242594657907893,4.8550462304548025,33108,0.8320345535822158,0.5922612011169013,6.070284986706234,4.678838951310861,93,0.5053763440860215,3.8267479391243304,67.58483760569814,67.58483760569814,7730,0.4994825355756792,1.5937885694947624,12.644559472059182,11.866223661068863,25471,0.9317655372776884,0.30012507411261496,4.299711064276331,2.7272773349011654,20321,0.7786034151862605,0.6874081373594796,6.059983413631198,5.636509030067418,0.6026010060564495,0.39457479099655757,"[""y@t"", ""throughput_2@t"", ""throughput_2@t-1""]",3,50,125000.0,1369,0.13493569470799072,4.608656365772116,6.818069976871217
"ar_order=2,capacity=True,n_bins=50,numeric=True,on_change=capchain,other_lags=2,pool=local",linear,2,66758,33201,0.8311195445920304,0.6013213880580984,6.242594657907893,5.554055940533831,33108,0.8320345535822158,0.5922612011169013,6.070284986706234,5.37981217181146,93,0.5053763440860215,3.8267479391243304,67.58483760569814,67.58483760569814,7730,0.4994825355756792,1.5937885694947624,12.644559472059182,15.359450676680561,25471,0.9317655372776884,0.30012507411261496,4.299711064276331,2.5782912940568896,20321,0.7786034151862605,0.6874081373594796,6.059983413631198,7.404897781720934,0.6026010060564495,0.39457479099655757,"[""y@t"", ""throughput_2@t"", ""throughput_2@t-1""]",3,50,125000.0,1369,0.13493569470799072,4.608656365772116,6.818069976871217
"ar_order=2,capacity=True,n_bins=50,numeric=True,on_change=capchain,other_lags=2,pool=local",clg,2,66758,33201,0.8311195445920304,0.6013213880580984,6.242594657907893,5.554055940533831,33108,0.8320345535822158,0.5922612011169013,6.070284986706234,5.37981217181146,93,0.5053763440860215,3.8267479391243304,67.58483760569814,67.58483760569814,7730,0.4994825355756792,1.5937885694947624,12.644559472059182,15.359450676680561,25471,0.9317655372776884,0.30012507411261496,4.299711064276331,2.5782912940568896,20321,0.7786034151862605,0.6874081373594796,6.059983413631198,7.404897781720934,0.6026010060564495,0.39457479099655757,"[""y@t"", ""throughput_2@t"", ""throughput_2@t-1""]",3,50,125000.0,1369,0.13493569470799072,4.608656365772116,6.818069976871217
"ar_order=2,capacity=True,n_bins=50,numeric=True,on_change=capchain,other_lags=2,pool=local",ar,2,66758,33201,0.7325984157103702,0.9171399710491813,7.373741669393243,6.540276144397076,33108,0.7342636220852966,0.8944300371863646,6.959766543001009,6.124044761382648,93,0.13978494623655913,9.001876426211929,154.74888666502878,154.7186484975335,7730,0.0445019404915912,2.482124835829431,16.107731931463135,14.89463439446438,25471,0.9414235797573711,0.44219462124935666,4.723129415229675,4.004875521216979,20321,0.6342207568525171,1.0433943826387624,6.954882050202841,6.479633346249394,0.47865510435458447,0.39457479099655757,"[""y@t"", ""throughput_2@t"", ""throughput_2@t-1""]",3,50,125000.0,1369,0.13493569470799072,4.608656365772116,6.818069976871217
"ar_order=2,capacity=True,n_bins=50,numeric=True,on_change=capchain,other_lags=2,pool=local",persistence,2,66758,33201,0.7671756874792928,6.433173495561208,5.677276858106787,4.608656365772123,33108,0.7689380210221095,6.384478420226332,5.256456302101787,4.184789174821803,93,0.13978494623655913,23.76862031477724,155.48939479588694,155.50537634408602,7730,0.0,27.63102111592855,17.791637839021295,16.433764553686935,25471,1.0,0.0,2.000781613221658,1.0199442503239073,20321,0.6235421485163132,10.401914843602842,7.227764413554053,6.818069976871217,0.5592495592514928,0.39457479099655757,"[""y@t"", ""throughput_2@t"", ""throughput_2@t-1""]",3,50,125000.0,1369,0.13493569470799072,4.608656365772116,6.818069976871217
"ar_order=2,capacity=True,n_bins=50,numeric=True,on_change=capchain,other_lags=2,pool=local",model,3,99959,33201,0.8589199120508418,0.4985840955236591,5.073672246147199,4.448600782136119,33108,0.8598526036003383,0.49185336756307596,4.9201190051161126,4.292022853787806,93,0.5268817204301075,2.8947232494912636,59.73862605321415,60.190343274135536,7313,0.5575003418569671,1.540579871164437,13.129948946267453,13.26796152913984,25888,0.9440667490729295,0.20423477895764372,2.797886109405102,1.957254013639587,19992,0.8037214885954381,0.6471400418941757,6.111848260618486,6.162022221045666,0.5966589919190507,0.5068953329973738,"[""y@t"", ""throughput_2@t"", ""throughput_2@t-1""]",3,50,125000.0,1813,0.08650341857172977,4.94388723231228,7.444927971188475
"ar_order=2,capacity=True,n_bins=50,numeric=True,on_change=capchain,other_lags=2,pool=local",cg_mean,3,99959,33201,0.8589199120508418,0.4985840955236591,5.073672246147199,4.286726474190465,33108,0.8598526036003383,0.49185336756307596,4.9201190051161126,4.1309627113280385,93,0.5268817204301075,2.8947232494912636,59.73862605321415,59.73862605321415,7313,0.5575003418569671,1.540579871164437,13.129948946267453,12.746583941016318,25888,0.9440667490729295,0.20423477895764372,2.797886109405102,1.8969343830711254,19992,0.8037214885954381,0.6471400418941757,6.111848260618486,5.871373973952938,0.5966589919190507,0.5068953329973738,"[""y@t"", ""throughput_2@t"", ""throughput_2@t-1""]",3,50,125000.0,1813,0.08650341857172977,4.94388723231228,7.444927971188475
"ar_order=2,capacity=True,n_bins=50,numeric=True,on_change=capchain,other_lags=2,pool=local",cg_median,3,99959,33201,0.8589199120508418,0.4985840955236591,5.073672246147199,4.038378127856057,33108,0.8598526036003383,0.49185336756307596,4.9201190051161126,3.8819167572792073,93,0.5268817204301075,2.8947232494912636,59.73862605321415,59.73862605321415,7313,0.5575003418569671,1.540579871164437,13.129948946267453,12.828091998341236,25888,0.9440667490729295,0.20423477895764372,2.797886109405102,1.5554061897048617,19992,0.8037214885954381,0.6471400418941757,6.111848260618486,5.88500400160064,0.5966589919190507,0.5068953329973738,"[""y@t"", ""throughput_2@t"", ""throughput_2@t-1""]",3,50,125000.0,1813,0.08650341857172977,4.94388723231228,7.444927971188475
"ar_order=2,capacity=True,n_bins=50,numeric=True,on_change=capchain,other_lags=2,pool=local",linear,3,99959,33201,0.8589199120508418,0.4985840955236591,5.073672246147199,5.280562992159542,33108,0.8598526036003383,0.49185336756307596,4.9201190051161126,5.127590904909388,93,0.5268817204301075,2.8947232494912636,59.73862605321415,59.73862605321415,7313,0.5575003418569671,1.540579871164437,13.129948946267453,17.291898662631116,25888,0.9440667490729295,0.20423477895764372,2.797886109405102,1.8875276955681233,19992,0.8037214885954381,0.6471400418941757,6.111848260618486,7.605618312199845,0.5966589919190507,0.5068953329973738,"[""y@t"", ""throughput_2@t"", ""throughput_2@t-1""]",3,50,125000.0,1813,0.08650341857172977,4.94388723231228,7.444927971188475
"ar_order=2,capacity=True,n_bins=50,numeric=True,on_change=capchain,other_lags=2,pool=local",clg,3,99959,33201,0.8589199120508418,0.4985840955236591,5.073672246147199,5.280562992159542,33108,0.8598526036003383,0.49185336756307596,4.9201190051161126,5.127590904909388,93,0.5268817204301075,2.8947232494912636,59.73862605321415,59.73862605321415,7313,0.5575003418569671,1.540579871164437,13.129948946267453,17.291898662631116,25888,0.9440667490729295,0.20423477895764372,2.797886109405102,1.8875276955681233,19992,0.8037214885954381,0.6471400418941757,6.111848260618486,7.605618312199845,0.5966589919190507,0.5068953329973738,"[""y@t"", ""throughput_2@t"", ""throughput_2@t-1""]",3,50,125000.0,1813,0.08650341857172977,4.94388723231228,7.444927971188475
"ar_order=2,capacity=True,n_bins=50,numeric=True,on_change=capchain,other_lags=2,pool=local",ar,3,99959,33201,0.7703984819734345,0.8172758606999346,6.458884894336006,5.391391638326153,33108,0.7723812975715839,0.7950338825141621,6.015232425849335,4.9451891204019764,93,0.06451612903225806,8.735420094834907,164.39916367559144,164.239488019333,7313,0.01859701900724737,2.5891284823324927,17.906942924230105,16.517091802953658,25888,0.9827719406674907,0.3167521345720412,3.2249676982368287,2.2485360564379824,19992,0.6438575430172069,1.0564925657790885,7.455650921751329,6.7030807869050335,0.49207223845002696,0.5068953329973738,"[""y@t"", ""throughput_2@t"", ""throughput_2@t-1""]",3,50,125000.0,1813,0.08650341857172977,4.94388723231228,7.444927971188475
"ar_order=2,capacity=True,n_bins=50,numeric=True,on_change=capchain,other_lags=2,pool=local",persistence,3,99959,33201,0.7797355501340321,6.086131665334944,6.174888903913046,4.9438872323122895,33108,0.7817445934517337,6.030619747000715,5.729390879046296,4.495559985502003,93,0.06451612903225806,25.848374592320244,164.77218575647626,164.5483870967742,7313,0.0,27.631021115928547,20.32946219700618,18.842609052372488,25888,1.0,0.0,2.1764187829152832,1.0176915945611988,19992,0.6385554221688675,9.9870827622899,8.055241529817684,7.444927971188475,0.5368484213669686,0.5068953329973738,"[""y@t"", ""throughput_2@t"", ""throughput_2@t-1""]",3,50,125000.0,1813,0.08650341857172977,4.94388723231228,7.444927971188475
"ar_order=2,capacity=True,n_bins=50,numeric=True,on_change=capchain,other_lags=2,pool=local",model,4,133160,33558,0.8683175397818702,0.4416051827437754,5.388137938755523,4.838789596949744,33464,0.8692326081759503,0.4348426821052546,5.254728948722205,4.702911825757984,94,0.5425531914893617,2.849055410057176,52.88173839061648,53.211276141216224,7407,0.547185095180235,1.610663694880251,14.74887949099882,14.958881742796443,26151,0.9592749799242859,0.1104814628326869,2.736804808952987,1.9723782733182766,18970,0.7875065893516078,0.7062896996634163,7.071690312161794,7.14754437154721,0.6191844528028264,0.7478769590015872,"[""y@t"", ""throughput_2@t"", ""throughput_2@t-1""]",3,50,125000.0,2145,0.10376065319744919,5.052863698670958,8.242224565102793
"ar_order=2,capacity=True,n_bins=50,numeric=True,on_change=capchain,other_lags=2,pool=local",cg_mean,4,133160,33558,0.8683175397818702,0.4416051827437754,5.388137938755523,4.587255192763621,33464,0.8692326081759503,0.4348426821052546,5.254728948722205,4.451596532095494,94,0.5425531914893617,2.849055410057176,52.88173839061648,52.88173839061648,7407,0.547185095180235,1.610663694880251,14.74887949099882,14.249203706709844,26151,0.9592749799242859,0.1104814628326869,2.736804808952987,1.850608309554577,18970,0.7875065893516078,0.7062896996634163,7.071690312161794,6.7777438542975705,0.6191844528028264,0.7478769590015872,"[""y@t"", ""throughput_2@t"", ""throughput_2@t-1""]",3,50,125000.0,2145,0.10376065319744919,5.052863698670958,8.242224565102793
"ar_order=2,capacity=True,n_bins=50,numeric=True,on_change=capchain,other_lags=2,pool=local",cg_median,4,133160,33558,0.8683175397818702,0.4416051827437754,5.388137938755523,4.005226277153524,33464,0.8692326081759503,0.4348426821052546,5.254728948722205,3.8679327038010998,94,0.5425531914893617,2.849055410057176,52.88173839061648,52.88173839061648,7407,0.547185095180235,1.610663694880251,14.74887949099882,13.804688920643217,26151,0.9592749799242859,0.1104814628326869,2.736804808952987,1.2296299404808089,18970,0.7875065893516078,0.7062896996634163,7.071690312161794,6.553821823932525,0.6191844528028264,0.7478769590015872,"[""y@t"", ""throughput_2@t"", ""throughput_2@t-1""]",3,50,125000.0,2145,0.10376065319744919,5.052863698670958,8.242224565102793
"ar_order=2,capacity=True,n_bins=50,numeric=True,on_change=capchain,other_lags=2,pool=local",linear,4,133160,33558,0.8683175397818702,0.4416051827437754,5.388137938755523,5.885341950339396,33464,0.8692326081759503,0.4348426821052546,5.254728948722205,5.753329600788056,94,0.5425531914893617,2.849055410057176,52.88173839061648,52.88173839061648,7407,0.547185095180235,1.610663694880251,14.74887949099882,18.548719991464772,26151,0.9592749799242859,0.1104814628326869,2.736804808952987,2.298571228354933,18970,0.7875065893516078,0.7062896996634163,7.071690312161794,8.805322867905607,0.6191844528028264,0.7478769590015872,"[""y@t"", ""throughput_2@t"", ""throughput_2@t-1""]",3,50,125000.0,2145,0.10376065319744919,5.052863698670958,8.242224565102793
"ar_order=2,capacity=True,n_bins=50,numeric=True,on_change=capchain,other_lags=2,pool=local",clg,4,133160,33558,0.8683175397818702,0.4416051827437754,5.388137938755523,5.885341950339396,33464,0.8692326081759503,0.4348426821052546,5.254728948722205,5.753329600788056,94,0.5425531914893617,2.849055410057176,52.88173839061648,52.88173839061648,7407,0.547185095180235,1.610663694880251,14.74887949099882,18.548719991464772,26151,0.9592749799242859,0.1104814628326869,2.736804808952987,2.298571228354933,18970,0.7875065893516078,0.7062896996634163,7.071690312161794,8.805322867905607,0.6191844528028264,0.7478769590015872,"[""y@t"", ""throughput_2@t"", ""throughput_2@t-1""]",3,50,125000.0,2145,0.10376065319744919,5.052863698670958,8.242224565102793
"ar_order=2,capacity=True,n_bins=50,numeric=True,on_change=capchain,other_lags=2,pool=local",ar,4,133160,33558,0.7838071398772275,0.7464284756594431,6.367557779185415,5.628185077278612,33464,0.7855606024384413,0.7241402824799402,5.991201238653576,5.250222750583262,94,0.1595744680851064,8.6810252475625,140.35048620851978,140.18277338082294,7407,0.0371270419873093,2.5835511939041105,18.72556852586838,17.27324173801377,26151,0.9952965469771711,0.2260824860591124,2.8672791817826124,2.329843343269767,18970,0.6237216657880864,1.0983511346422106,8.119812577175798,7.4248361918451815,0.5191341856127449,0.7478769590015872,"[""y@t"", ""throughput_2@t"", ""throughput_2@t-1""]",3,50,125000.0,2145,0.10376065319744919,5.052863698670958,8.242224565102793
"ar_order=2,capacity=True,n_bins=50,numeric=True,on_change=capchain,other_lags=2,pool=local",persistence,4,133160,33558,0.7792776685142142,6.098783402040728,6.288261746258592,5.052863698670967,33464,0.7810184078412622,6.050684996937735,5.909724988466333,4.672334448960085,94,0.1595744680851064,23.221815618705904,141.0473475203031,140.5212765957447,7407,0.0,27.63102111592855,21.20298317402532,19.632779802889157,26151,1.0,0.0,2.063821318914775,0.9232534128714127,18970,0.6137058513442277,10.673701778467285,8.900384734799818,8.242224565102793,0.5391515320147137,0.7478769590015872,"[""y@t"", ""throughput_2@t"", ""throughput_2@t-1""]",3,50,125000.0,2145,0.10376065319744919,5.052863698670958,8.242224565102793
"ar_order=2,capacity=True,n_bins=50,numeric=True,on_change=capchain,other_lags=2,pool=local",model,5,166718,33201,0.9096111562904732,0.308612088671531,5.209137647846281,4.4623673327153615,33108,0.9105050138939229,0.30597236142605216,5.034640637509857,4.285513141390413,93,0.5913978494623656,1.248354988062009,67.33007332761278,67.42245944439723,5131,0.5332293899824596,1.564673934817997,18.008039051869506,17.932262691692266,28070,0.9784111150694692,0.07901275370261346,2.8695878400784443,2.000164515226566,18178,0.8500935196391242,0.5022681109745956,6.400183009804281,6.31051327891822,0.7012906633080339,1.0235198329974082,"[""y@t"", ""throughput_2@t"", ""throughput_2@t-1"", ""buffer_size_3@t""]",4,50,6250000.0,5707,0.11840004819131954,4.627330502093311,7.7230718450874685
"ar_order=2,capacity=True,n_bins=50,numeric=True,on_change=capchain,other_lags=2,pool=local",cg_mean,5,166718,33201,0.9096111562904732,0.308612088671531,5.209137647846281,4.36873627781117,33108,0.9105050138939229,0.30597236142605216,5.034640637509857,4.19187858946903,93,0.5913978494623656,1.248354988062009,67.33007332761278,67.33007332761278,5131,0.5332293899824596,1.564673934817997,18.008039051869506,17.571473589719087,28070,0.9784111150694692,0.07901275370261346,2.8695878400784443,1.9553680858838614,18178,0.8500935196391242,0.5022681109745956,6.400183009804281,6.0583250029572095,0.7012906633080339,1.0235198329974082,"[""y@t"", ""throughput_2@t"", ""throughput_2@t-1"", ""buffer_size_3@t""]",4,50,6250000.0,5707,0.11840004819131954,4.627330502093311,7.7230718450874685
"ar_order=2,capacity=True,n_bins=50,numeric=True,on_change=capchain,other_lags=2,pool=local",cg_median,5,166718,33201,0.9096111562904732,0.308612088671531,5.209137647846281,3.7679797843278213,33108,0.9105050138939229,0.30597236142605216,5.034640637509857,3.58943457774556,93,0.5913978494623656,1.248354988062009,67.33007332761278,67.33007332761278,5131,0.5332293899824596,1.564673934817997,18.008039051869506,17.5326654658895,28070,0.9784111150694692,0.07901275370261346,2.8695878400784443,1.2518913542568206,18178,0.8500935196391242,0.5022681109745956,6.400183009804281,6.0707998679722746,0.7012906633080339,1.0235198329974082,"[""y@t"", ""throughput_2@t"", ""throughput_2@t-1"", ""buffer_size_3@t""]",4,50,6250000.0,5707,0.11840004819131954,4.627330502093311,7.7230718450874685
"ar_order=2,capacity=True,n_bins=50,numeric=True,on_change=capchain,other_lags=2,pool=local",linear,5,166718,33201,0.9096111562904732,0.308612088671531,5.209137647846281,5.280632422496706,33108,0.9105050138939229,0.30597236142605216,5.034640637509857,5.1063362401789645,93,0.5913978494623656,1.248354988062009,67.33007332761278,67.33007332761278,5131,0.5332293899824596,1.564673934817997,18.008039051869506,22.88864113097081,28070,0.9784111150694692,0.07901275370261346,2.8695878400784443,2.062011379276876,18178,0.8500935196391242,0.5022681109745956,6.400183009804281,7.892021048823237,0.7012906633080339,1.0235198329974082,"[""y@t"", ""throughput_2@t"", ""throughput_2@t-1"", ""buffer_size_3@t""]",4,50,6250000.0,5707,0.11840004819131954,4.627330502093311,7.7230718450874685
"ar_order=2,capacity=True,n_bins=50,numeric=True,on_change=capchain,other_lags=2,pool=local",clg,5,166718,33201,0.9096111562904732,0.308612088671531,5.209137647846281,3.100796990659258,33108,0.9105050138939229,0.30597236142605216,5.034640637509857,2.920377675106018,93,0.5913978494623656,1.248354988062009,67.33007332761278,67.33007332761278,5131,0.5332293899824596,1.564673934817997,18.008039051869506,11.640972158983306,28070,0.9784111150694692,0.07901275370261346,2.8695878400784443,1.5397126020354357,18178,0.8500935196391242,0.5022681109745956,6.400183009804281,4.0173899153312345,0.7012906633080339,1.0235198329974082,"[""y@t"", ""throughput_2@t"", ""throughput_2@t-1"", ""buffer_size_3@t""]",4,50,6250000.0,5707,0.11840004819131954,4.627330502093311,7.7230718450874685
"ar_order=2,capacity=True,n_bins=50,numeric=True,on_change=capchain,other_lags=2,pool=local",ar,5,166718,33201,0.8472636366374506,0.5943110392701321,6.4292395659558075,5.541845404024391,33108,0.8491905279690709,0.574176861942982,6.052760130901417,5.163743825163316,93,0.16129032258064516,7.762078167735536,140.45591844531876,140.14600747856724,5131,0.027285129604365622,2.666926322923236,23.46516457567482,21.968468950178156,28070,0.9971499821873887,0.21545143754501359,3.3151914282690167,2.5391733194032664,18178,0.726427549785455,0.8639532707635138,7.68331133753901,6.971053200394835,0.586903959325669,1.0235198329974082,"[""y@t"", ""throughput_2@t"", ""throughput_2@t-1"", ""buffer_size_3@t""]",4,50,6250000.0,5707,0.11840004819131954,4.627330502093311,7.7230718450874685
"ar_order=2,capacity=True,n_bins=50,numeric=True,on_change=capchain,other_lags=2,pool=local",persistence,5,166718,33201,0.8454564621547543,4.270195757532284,5.906972682153157,4.6273305020933195,33108,0.8473782771535581,4.217094046719432,5.522727847326062,4.240364866497532,93,0.16129032258064516,23.174404806907805,142.69813388059904,142.38709677419354,5131,0.0,27.631021115928547,26.5897945636685,25.006236601052425,28070,1.0,0.0,2.1262972609185575,0.9022087638047839,18178,0.7220266255913742,7.680688177950652,8.295814485520427,7.7230718450874685,0.599000207685501,1.0235198329974082,"[""y@t"", ""throughput_2@t"", ""throughput_2@t-1"", ""buffer_size_3@t""]",4,50,6250000.0,5707,0.11840004819131954,4.627330502093311,7.7230718450874685
"ar_order=2,capacity=True,numeric=True,on_change=capchain,other_lags=2,pool=local,target=avg_p_latency_1",model,1,33200,33558,0.8282972763573514,0.4596385499758814,0.7204550919663045,0.4613040205133891,33464,0.8303550083672006,0.4385986559713223,0.6807187808929995,0.42062293702127224,94,0.09574468085106383,7.949840815598911,14.866581834062838,14.943769743706985,5418,0.24861572535991142,1.863162519448043,1.5327222567754504,1.2182552690704316,28140,0.939907604832978,0.1894078155551219,0.564063354264245,0.31556266071658534,10799,0.6131123252152977,0.9712377962895601,0.9412832935676348,1.0040838134072878,0.6144136136301268,0.07656216699979268,"[""y@t"", ""throughput_1@t-1"", ""data_quality_1@t+h"", ""y@t-1""]",4,20,80000.0,291,0.31902973955539665,0.4225817986769176,1.1815908880451893
"ar_order=2,capacity=True,numeric=True,on_change=capchain,other_lags=2,pool=local,target=avg_p_latency_1",cg_mean,1,33200,33558,0.8282972763573514,0.4596385499758814,0.7204550919663045,0.43309576162937374,33464,0.8303550083672006,0.4385986559713223,0.6807187808929995,0.39255226142590893,94,0.09574468085106383,7.949840815598911,14.866581834062838,14.866581834062838,5418,0.24861572535991142,1.863162519448043,1.5327222567754504,1.2601285585121083,28140,0.939907604832978,0.1894078155551219,0.564063354264245,0.2738610887967279,10799,0.6131123252152977,0.9712377962895601,0.9412832935676348,1.0232314262982891,0.6144136136301268,0.07656216699979268,"[""y@t"", ""throughput_1@t-1"", ""data_quality_1@t+h"", ""y@t-1""]",4,20,80000.0,291,0.31902973955539665,0.4225817986769176,1.1815908880451893
"ar_order=2,capacity=True,numeric=True,on_change=capchain,other_lags=2,pool=local,target=avg_p_latency_1",cg_median,1,33200,33558,0.8282972763573514,0.4596385499758814,0.7204550919663045,0.403866699219319,33464,0.8303550083672006,0.4385986559713223,0.6807187808929995,0.3632410949079608,94,0.09574468085106383,7.949840815598911,14.866581834062838,14.866581834062838,5418,0.24861572535991142,1.863162519448043,1.5327222567754504,1.2283807375026692,28140,0.939907604832978,0.1894078155551219,0.564063354264245,0.2451169814005844,10799,0.6131123252152977,0.9712377962895601,0.9412832935676348,1.0089360125937588,0.6144136136301268,0.07656216699979268,"[""y@t"", ""throughput_1@t-1"", ""data_quality_1@t+h"", ""y@t-1""]",4,20,80000.0,291,0.31902973955539665,0.4225817986769176,1.1815908880451893
"ar_order=2,capacity=True,numeric=True,on_change=capchain,other_lags=2,pool=local,target=avg_p_latency_1",linear,1,33200,33558,0.8282972763573514,0.4596385499758814,0.7204550919663045,0.605653905782646,33464,0.8303550083672006,0.4385986559713223,0.6807187808929995,0.5655951194672523,94,0.09574468085106383,7.949840815598911,14.866581834062838,14.866581834062838,5418,0.24861572535991142,1.863162519448043,1.5327222567754504,1.2682001653639061,28140,0.939907604832978,0.1894078155551219,0.564063354264245,0.47808902893789595,10799,0.6131123252152977,0.9712377962895601,0.9412832935676348,0.9049824954938092,0.6144136136301268,0.07656216699979268,"[""y@t"", ""throughput_1@t-1"", ""data_quality_1@t+h"", ""y@t-1""]",4,20,80000.0,291,0.31902973955539665,0.4225817986769176,1.1815908880451893
"ar_order=2,capacity=True,numeric=True,on_change=capchain,other_lags=2,pool=local,target=avg_p_latency_1",clg,1,33200,33558,0.8282972763573514,0.4596385499758814,0.7204550919663045,0.484705882070955,33464,0.8303550083672006,0.4385986559713223,0.6807187808929995,0.4443073541159216,94,0.09574468085106383,7.949840815598911,14.866581834062838,14.866581834062838,5418,0.24861572535991142,1.863162519448043,1.5327222567754504,1.141547119063727,28140,0.939907604832978,0.1894078155551219,0.564063354264245,0.358239434948466,10799,0.6131123252152977,0.9712377962895601,0.9412832935676348,0.8003199044314179,0.6144136136301268,0.07656216699979268,"[""y@t"", ""throughput_1@t-1"", ""data_quality_1@t+h"", ""y@t-1""]",4,20,80000.0,291,0.31902973955539665,0.4225817986769176,1.1815908880451893
"ar_order=2,capacity=True,numeric=True,on_change=capchain,other_lags=2,pool=local,target=avg_p_latency_1",ar,1,33200,33558,0.8086894332200966,0.5234528594737982,0.794461817351263,0.479409617517211,33464,0.810721969878078,0.5016185313116471,0.7545523393999234,0.438390376222003,94,0.0851063829787234,8.296473685199553,15.002235968028177,15.082259518611282,5418,0.08600959763750461,2.2235889140643503,1.9119496615965175,1.4770443617526157,28140,0.9478322672352523,0.19611323105263206,0.5793037100264304,0.287327704074872,10799,0.5391239929623113,1.16346332103994,1.1325254534341826,1.132859905846847,0.5936845590584651,0.07656216699979268,"[""y@t"", ""throughput_1@t-1"", ""data_quality_1@t+h"", ""y@t-1""]",4,20,80000.0,291,0.31902973955539665,0.4225817986769176,1.1815908880451893
"ar_order=2,capacity=True,numeric=True,on_change=capchain,other_lags=2,pool=local,target=avg_p_latency_1",persistence,1,33200,33558,0.8385481852315394,4.461078503072319,0.796270235971517,0.42258179867691803,33464,0.8406347119292374,4.403425639829278,0.7562487355933267,0.3813052832895056,94,0.09574468085106383,24.98549781759495,15.043924370607249,15.117021276595745,5418,0.0,27.631021115928544,2.010413539135909,1.5738279808047244,28140,1.0,0.0,0.5625023462577758,0.20092395167022098,10799,0.5061579775905176,13.645359349129265,1.1709162328463258,1.181590888045189,0.6765970327764521,0.07656216699979268,"[""y@t"", ""throughput_1@t-1"", ""data_quality_1@t+h"", ""y@t-1""]",4,20,80000.0,291,0.31902973955539665,0.4225817986769176,1.1815908880451893
"ar_order=2,capacity=True,numeric=True,on_change=capchain,other_lags=2,pool=local,target=avg_p_latency_1",model,2,66758,33201,0.8497635613385139,0.40768715589581495,0.6488816438518809,0.4569682511054892,33108,0.8518787000120817,0.38957974168814685,0.6144023505236503,0.42194088673045604,93,0.0967741935483871,6.853926613825668,12.923510068701978,12.92670996861731,5771,0.3240339629180385,1.569019600054289,1.2892966488010988,1.0002720675044783,27430,0.9603718556325191,0.163354325591821,0.5141446772619451,0.3426625156173898,10804,0.6299518696778971,0.8753130331316129,0.859649543489529,0.9090372934497467,0.7077903968831701,0.1673035410058219,"[""y@t"", ""y@t-1"", ""data_quality_1@t+h"", ""cores_1@t""]",4,20,24000.0,382,0.05228758169934641,0.42348122044516734,1.184468715290633
"ar_order=2,capacity=True,numeric=True,on_change=capchain,other_lags=2,pool=local,target=avg_p_latency_1",cg_mean,2,66758,33201,0.8497635613385139,0.40768715589581495,0.6488816438518809,0.4216249964526919,33108,0.8518787000120817,0.38957974168814685,0.6144023505236503,0.3865073417553625,93,0.0967741935483871,6.853926613825668,12.923510068701978,12.923510068701978,5771,0.3240339629180385,1.569019600054289,1.2892966488010988,1.11130106974028,27430,0.9603718556325191,0.163354325591821,0.5141446772619451,0.2765239895645158,10804,0.6299518696778971,0.8753130331316129,0.859649543489529,0.9647242232254125,0.7077903968831701,0.1673035410058219,"[""y@t"", ""y@t-1"", ""data_quality_1@t+h"", ""cores_1@t""]",4,20,24000.0,382,0.05228758169934641,0.42348122044516734,1.184468715290633
"ar_order=2,capacity=True,numeric=True,on_change=capchain,other_lags=2,pool=local,target=avg_p_latency_1",cg_median,2,66758,33201,0.8497635613385139,0.40768715589581495,0.6488816438518809,0.38930714244719383,33108,0.8518787000120817,0.38957974168814685,0.6144023505236503,0.35409870726108494,93,0.0967741935483871,6.853926613825668,12.923510068701978,12.923510068701978,5771,0.3240339629180385,1.569019600054289,1.2892966488010988,1.0589721704285187,27430,0.9603718556325191,0.163354325591821,0.5141446772619451,0.24841626105892467,10804,0.6299518696778971,0.8753130331316129,0.859649543489529,0.935394298407997,0.7077903968831701,0.1673035410058219,"[""y@t"", ""y@t-1"", ""data_quality_1@t+h"", ""cores_1@t""]",4,20,24000.0,382,0.05228758169934641,0.42348122044516734,1.184468715290633
"ar_order=2,capacity=True,numeric=True,on_change=capchain,other_lags=2,pool=local,target=avg_p_latency_1",linear,2,66758,33201,0.8497635613385139,0.40768715589581495,0.6488816438518809,0.5741122014129948,33108,0.8518787000120817,0.38957974168814685,0.6144023505236503,0.5394228815610593,93,0.0967741935483871,6.853926613825668,12.923510068701978,12.923510068701978,5771,0.3240339629180385,1.569019600054289,1.2892966488010988,1.2138560498289528,27430,0.9603718556325191,0.163354325591821,0.5141446772619451,0.4395164395023679,10804,0.6299518696778971,0.8753130331316129,0.859649543489529,0.9060055653756702,0.7077903968831701,0.1673035410058219,"[""y@t"", ""y@t-1"", ""data_quality_1@t+h"", ""cores_1@t""]",4,20,24000.0,382,0.05228758169934641,0.42348122044516734,1.184468715290633
"ar_order=2,capacity=True,numeric=True,on_change=capchain,other_lags=2,pool=local,target=avg_p_latency_1",clg,2,66758,33201,0.8497635613385139,0.40768715589581495,0.6488816438518809,0.4440234739711643,33108,0.8518787000120817,0.38957974168814685,0.6144023505236503,0.4089687363455159,93,0.0967741935483871,6.853926613825668,12.923510068701978,12.923510068701978,5771,0.3240339629180385,1.569019600054289,1.2892966488010988,1.0860847066306747,27430,0.9603718556325191,0.163354325591821,0.5141446772619451,0.3089401573952243,10804,0.6299518696778971,0.8753130331316129,0.859649543489529,0.7915075137204043,0.7077903968831701,0.1673035410058219,"[""y@t"", ""y@t-1"", ""data_quality_1@t+h"", ""cores_1@t""]",4,20,24000.0,382,0.05228758169934641,0.42348122044516734,1.184468715290633
"ar_order=2,capacity=True,numeric=True,on_change=capchain,other_lags=2,pool=local,target=avg_p_latency_1",ar,2,66758,33201,0.8294930875576036,0.5336775418603394,0.7824978188808528,0.4862154035693224,33108,0.8315814908783375,0.5119598795334875,0.7465691259102439,0.4494436468131659,93,0.08602150537634409,8.265165330219645,13.573112516417615,13.576960808761058,5771,0.03361635765032057,2.1879968999104205,1.8651120343748058,1.4578612518229068,27430,0.9969376594969012,0.18562515340583646,0.5547265233060951,0.2817907520829412,10804,0.48991114402073305,1.2282292406977622,1.1685093047522004,1.1456560538757763,0.6960684649969024,0.1673035410058219,"[""y@t"", ""y@t-1"", ""data_quality_1@t+h"", ""cores_1@t""]",4,20,24000.0,382,0.05228758169934641,0.42348122044516734,1.184468715290633
"ar_order=2,capacity=True,numeric=True,on_change=capchain,other_lags=2,pool=local,target=avg_p_latency_1",persistence,2,66758,33201,0.8261799343393271,4.802825904642138,0.7818099709784202,0.42348122044516817,33108,0.8282590310498973,4.745378339530317,0.7458389112471486,0.3865228947686369,93,0.08602150537634409,25.254159084450816,13.587507235311092,13.580645161290322,5771,0.0,27.631021115928544,1.9438695100741337,1.5343961185236525,27430,1.0,0.0,0.5373241671096136,0.18975574188844438,10804,0.4737134394668641,14.541835067120484,1.1873976998700737,1.184468715290633,0.7049726142790647,0.1673035410058219,"[""y@t"", ""y@t-1"", ""data_quality_1@t+h"", ""cores_1@t""]",4,20,24000.0,382,0.05228758169934641,0.42348122044516734,1.184468715290633
"ar_order=2,capacity=True,numeric=True,on_change=capchain,other_lags=2,pool=local,target=avg_p_latency_1",model,3,99959,33201,0.8686485346826903,0.37334455157232727,0.6300423521446658,0.5037395719327047,33108,0.8709979461157424,0.3539312268913143,0.5901283194037422,0.46347446466816333,93,0.03225806451612903,7.284488138012967,14.839438007913442,14.83811775810945,5181,0.3221385832850801,1.570863713441825,1.3349278350138358,1.066936827695916,28020,0.9697002141327623,0.15191889926519422,0.49970646039787175,0.3996023491593572,11896,0.7022528581035642,0.7090510884887049,0.7905910610724993,0.9443066728250193,0.7109966676546575,0.21512070799508365,"[""y@t"", ""cores_1@t"", ""data_quality_1@t+h"", ""y@t-1""]",4,20,24000.0,452,0.099756031444836,0.45986566669678625,1.1622394082044385
"ar_order=2,capacity=True,numeric=True,on_change=capchain,other_lags=2,pool=local,target=avg_p_latency_1",cg_mean,3,99959,33201,0.8686485346826903,0.37334455157232727,0.6300423521446658,0.46356014289102393,33108,0.8709979461157424,0.3539312268913143,0.5901283194037422,0.4231784634948935,93,0.03225806451612903,7.284488138012967,14.839438007913442,14.839438007913442,5181,0.3221385832850801,1.570863713441825,1.3349278350138358,1.1495020751954097,28020,0.9697002141327623,0.15191889926519422,0.49970646039787175,0.3367269826030502,11896,0.7022528581035642,0.7090510884887049,0.7905910610724993,0.9756697349619748,0.7109966676546575,0.21512070799508365,"[""y@t"", ""cores_1@t"", ""data_quality_1@t+h"", ""y@t-1""]",4,20,24000.0,452,0.099756031444836,0.45986566669678625,1.1622394082044385
"ar_order=2,capacity=True,numeric=True,on_change=capchain,other_lags=2,pool=local,target=avg_p_latency_1",cg_median,3,99959,33201,0.8686485346826903,0.37334455157232727,0.6300423521446658,0.4236790378222327,33108,0.8709979461157424,0.3539312268913143,0.5901283194037422,0.38318533285006645,93,0.03225806451612903,7.284488138012967,14.839438007913442,14.839438007913442,5181,0.3221385832850801,1.570863713441825,1.3349278350138358,1.127114267260511,28020,0.9697002141327623,0.15191889926519422,0.49970646039787175,0.2936113032141057,11896,0.7022528581035642,0.7090510884887049,0.7905910610724993,0.9656607262945528,0.7109966676546575,0.21512070799508365,"[""y@t"", ""cores_1@t"", ""data_quality_1@t+h"", ""y@t-1""]",4,20,24000.0,452,0.099756031444836,0.45986566669678625,1.1622394082044385
"ar_order=2,capacity=True,numeric=True,on_change=capchain,other_lags=2,pool=local,target=avg_p_latency_1",linear,3,99959,33201,0.8686485346826903,0.37334455157232727,0.6300423521446658,0.6101829073955914,33108,0.8709979461157424,0.3539312268913143,0.5901283194037422,0.5702130896975076,93,0.03225806451612903,7.284488138012967,14.839438007913442,14.839438007913442,5181,0.3221385832850801,1.570863713441825,1.3349278350138358,1.2593900292266218,28020,0.9697002141327623,0.15191889926519422,0.49970646039787175,0.4901421472882907,11896,0.7022528581035642,0.7090510884887049,0.7905910610724993,0.9024181492768322,0.7109966676546575,0.21512070799508365,"[""y@t"", ""cores_1@t"", ""data_quality_1@t+h"", ""y@t-1""]",4,20,24000.0,452,0.099756031444836,0.45986566669678625,1.1622394082044385
"ar_order=2,capacity=True,numeric=True,on_change=capchain,other_lags=2,pool=local,target=avg_p_latency_1",clg,3,99959,33201,0.8686485346826903,0.37334455157232727,0.6300423521446658,0.4745057019580715,33108,0.8709979461157424,0.3539312268913143,0.5901283194037422,0.4341547685143767,93,0.03225806451612903,7.284488138012967,14.839438007913442,14.839438007913442,5181,0.3221385832850801,1.570863713441825,1.3349278350138358,1.1427829060280996,28020,0.9697002141327623,0.15191889926519422,0.49970646039787175,0.3509388142247805,11896,0.7022528581035642,0.7090510884887049,0.7905910610724993,0.773094773601488,0.7109966676546575,0.21512070799508365,"[""y@t"", ""cores_1@t"", ""data_quality_1@t+h"", ""y@t-1""]",4,20,24000.0,452,0.099756031444836,0.45986566669678625,1.1622394082044385
"ar_order=2,capacity=True,numeric=True,on_change=capchain,other_lags=2,pool=local,target=avg_p_latency_1",ar,3,99959,33201,0.8452155055570615,0.5138857378523652,0.7759621290325737,0.5302335690973856,33108,0.8474990938745922,0.49178583408911447,0.7346586885726908,0.4882435884405048,93,0.03225806451612903,8.381451477569653,15.479986932750899,15.478666682946912,5181,0.014282956958116193,2.262264197256409,1.9863872548518515,1.5509529142918097,28020,0.9988579586009992,0.19060419616170327,0.5521501170101012,0.3414988464902367,11896,0.5777572293207801,1.0500917407903656,1.0817880239134392,1.14701744702265,0.6980797425733609,0.21512070799508365,"[""y@t"", ""cores_1@t"", ""data_quality_1@t+h"", ""y@t-1""]",4,20,24000.0,452,0.099756031444836,0.45986566669678625,1.1622394082044385
"ar_order=2,capacity=True,numeric=True,on_change=capchain,other_lags=2,pool=local,target=avg_p_latency_1",persistence,3,99959,33201,0.8439504834191741,4.3118074877752415,0.756299762725044,0.4598656666967868,33108,0.8462305183037332,4.248807795734935,0.7148660637610975,0.4176029962546822,93,0.03225806451612903,26.739697854124394,15.506696593890009,15.505376344086022,5181,0.0,27.631021115928547,2.021556979653609,1.585987261146497,28020,1.0,0.0,0.5223490974535632,0.2516416845110641,11896,0.5720410221923335,11.824943552554828,1.0747600467817051,1.1622394082044387,0.7041613777757838,0.21512070799508365,"[""y@t"", ""cores_1@t"", ""data_quality_1@t+h"", ""y@t-1""]",4,20,24000.0,452,0.099756031444836,0.45986566669678625,1.1622394082044385
"ar_order=2,capacity=True,numeric=True,on_change=capchain,other_lags=2,pool=local,target=avg_p_latency_1",model,4,133160,33558,0.8340187138685261,0.39584447185683336,0.6373213707598454,0.4578296959091192,33464,0.8358235715993306,0.3821388432409908,0.6034273227362528,0.42358887578933724,94,0.19148936170212766,5.275048259096774,12.70360246715879,12.647561658551494,6185,0.31333872271624896,1.4710087954465914,1.2002939536014086,0.8801419424859123,27373,0.9516677017498996,0.15290831793133547,0.5101162626286553,0.3624071538027565,11484,0.6113723441309649,0.8346076583709575,0.8180125114267222,0.8534267396489275,0.6498589532199802,0.3210939589989721,"[""y@t"", ""capacity_1@t+h"", ""y@t-1"", ""data_quality_1@t+h""]",4,20,80000.0,529,0.0028309196018833065,0.434918648310388,1.1571752002786486
"ar_order=2,capacity=True,numeric=True,on_change=capchain,other_lags=2,pool=local,target=avg_p_latency_1",cg_mean,4,133160,33558,0.8340187138685261,0.39584447185683336,0.6373213707598454,0.4258769521962989,33464,0.8358235715993306,0.3821388432409908,0.6034273227362528,0.3913889591767413,94,0.19148936170212766,5.275048259096774,12.70360246715879,12.70360246715879,6185,0.31333872271624896,1.4710087954465914,1.2002939536014086,1.013365478236003,27373,0.9516677017498996,0.15290831793133547,0.5101162626286553,0.2931324034235824,11484,0.6113723441309649,0.8346076583709575,0.8180125114267222,0.9211661385459347,0.6498589532199802,0.3210939589989721,"[""y@t"", ""capacity_1@t+h"", ""y@t-1"", ""data_quality_1@t+h""]",4,20,80000.0,529,0.0028309196018833065,0.434918648310388,1.1571752002786486
"ar_order=2,capacity=True,numeric=True,on_change=capchain,other_lags=2,pool=local,target=avg_p_latency_1",cg_median,4,133160,33558,0.8340187138685261,0.39584447185683336,0.6373213707598454,0.4026651955394519,33464,0.8358235715993306,0.3821388432409908,0.6034273227362528,0.3681120009562515,94,0.19148936170212766,5.275048259096774,12.70360246715879,12.70360246715879,6185,0.31333872271624896,1.4710087954465914,1.2002939536014086,1.0275305771494827,27373,0.9516677017498996,0.15290831793133547,0.5101162626286553,0.26147524978056386,11484,0.6113723441309649,0.8346076583709575,0.8180125114267222,0.9277690700104493,0.6498589532199802,0.3210939589989721,"[""y@t"", ""capacity_1@t+h"", ""y@t-1"", ""data_quality_1@t+h""]",4,20,80000.0,529,0.0028309196018833065,0.434918648310388,1.1571752002786486
"ar_order=2,capacity=True,numeric=True,on_change=capchain,other_lags=2,pool=local,target=avg_p_latency_1",linear,4,133160,33558,0.8340187138685261,0.39584447185683336,0.6373213707598454,0.6112468896452085,33464,0.8358235715993306,0.3821388432409908,0.6034273227362528,0.5772795986971367,94,0.19148936170212766,5.275048259096774,12.70360246715879,12.70360246715879,6185,0.31333872271624896,1.4710087954465914,1.2002939536014086,1.1547867425749443,27373,0.9516677017498996,0.15290831793133547,0.5101162626286553,0.48843265699367533,11484,0.6113723441309649,0.8346076583709575,0.8180125114267222,0.8842392521317571,0.6498589532199802,0.3210939589989721,"[""y@t"", ""capacity_1@t+h"", ""y@t-1"", ""data_quality_1@t+h""]",4,20,80000.0,529,0.0028309196018833065,0.434918648310388,1.1571752002786486
"ar_order=2,capacity=True,numeric=True,on_change=capchain,other_lags=2,pool=local,target=avg_p_latency_1",clg,4,133160,33558,0.8340187138685261,0.39584447185683336,0.6373213707598454,0.4562423206571491,33464,0.8358235715993306,0.3821388432409908,0.6034273227362528,0.42183962361641414,94,0.19148936170212766,5.275048259096774,12.70360246715879,12.70360246715879,6185,0.31333872271624896,1.4710087954465914,1.2002939536014086,0.9976417674082777,27373,0.9516677017498996,0.15290831793133547,0.5101162626286553,0.333911718306083,11484,0.6113723441309649,0.8346076583709575,0.8180125114267222,0.7538270715648491,0.6498589532199802,0.3210939589989721,"[""y@t"", ""capacity_1@t+h"", ""y@t-1"", ""data_quality_1@t+h""]",4,20,80000.0,529,0.0028309196018833065,0.434918648310388,1.1571752002786486
"ar_order=2,capacity=True,numeric=True,on_change=capchain,other_lags=2,pool=local,target=avg_p_latency_1",ar,4,133160,33558,0.8173907861016747,0.523185204613747,0.7828633469428392,0.4763270791207525,33464,0.8192684676069807,0.5043242592874321,0.7458470513210659,0.4386795164433961,94,0.14893617021276595,7.237681740781815,13.960664588294208,13.878859392259628,6185,0.02053354890864996,2.104437794850321,1.814735240526209,1.381440310666164,27373,0.9974427355423228,0.16589710062027846,0.5497092293155007,0.27181440834632625,11484,0.4778822709857193,1.1858517517987515,1.1280729771776092,1.1104202739433124,0.6670649335956114,0.3210939589989721,"[""y@t"", ""capacity_1@t+h"", ""y@t-1"", ""data_quality_1@t+h""]",4,20,80000.0,529,0.0028309196018833065,0.434918648310388,1.1571752002786486
"ar_order=2,capacity=True,numeric=True,on_change=capchain,other_lags=2,pool=local,target=avg_p_latency_1",persistence,4,133160,33558,0.8156922343405447,5.092611764766018,0.7846548718449506,0.4349186483103884,33464,0.8175651446330385,5.0408613409258844,0.7475898640719882,0.3971133158020564,94,0.14893617021276595,23.51576265185408,13.979797639019575,13.893617021276595,6185,0.0,27.63102111592855,1.902037720715445,1.4672594987873882,27373,1.0,0.0,0.5321793331658141,0.20165856866255136,11484,0.46839080459770116,14.688904903582703,1.159032681003514,1.1571752002786482,0.6790929339899375,0.3210939589989721,"[""y@t"", ""capacity_1@t+h"", ""y@t-1"", ""data_quality_1@t+h""]",4,20,80000.0,529,0.0028309196018833065,0.434918648310388,1.1571752002786486
"ar_order=2,capacity=True,numeric=True,on_change=capchain,other_lags=2,pool=local,target=avg_p_latency_1",model,5,166718,33201,0.8488900936718774,0.3652742869876633,0.5919696985045545,0.4904576364665907,33108,0.8508819620635496,0.3493743436384441,0.5576481871818891,0.45577716920135164,93,0.13978494623655913,6.0256541193096975,12.810427729373421,12.836703982891686,5657,0.25066289552766485,1.4064946587715876,1.1689906731672717,0.8960298758995575,27544,0.9717542840546035,0.15142794501911627,0.4734608525247771,0.4071610143901931,11976,0.6406145624582499,0.7038117989773335,0.7626321033064485,0.873428817166384,0.6934472428357932,0.42665424999722745,"[""y@t"", ""capacity_1@t+h"", ""y@t-1"", ""data_quality_1@t+h""]",4,20,80000.0,578,0.004758892804433601,0.4529381645131171,1.1492150968603874
"ar_order=2,capacity=True,numeric=True,on_change=capchain,other_lags=2,pool=local,target=avg_p_latency_1",cg_mean,5,166718,33201,0.8488900936718774,0.3652742869876633,0.5919696985045545,0.45188334009865516,33108,0.8508819620635496,0.3493743436384441,0.5576481871818891,0.4171683277692317,93,0.13978494623655913,6.0256541193096975,12.810427729373421,12.810427729373421,5657,0.25066289552766485,1.4064946587715876,1.1689906731672717,1.0386137787678584,27544,0.9717542840546035,0.15142794501911627,0.4734608525247771,0.33138035971992724,11976,0.6406145624582499,0.7038117989773335,0.7626321033064485,0.9367780831515937,0.6934472428357932,0.42665424999722745,"[""y@t"", ""capacity_1@t+h"", ""y@t-1"", ""data_quality_1@t+h""]",4,20,80000.0,578,0.004758892804433601,0.4529381645131171,1.1492150968603874
"ar_order=2,capacity=True,numeric=True,on_change=capchain,other_lags=2,pool=local,target=avg_p_latency_1",cg_median,5,166718,33201,0.8488900936718774,0.3652742869876633,0.5919696985045545,0.4196219926758751,33108,0.8508819620635496,0.3493743436384441,0.5576481871818891,0.384816358584028,93,0.13978494623655913,6.0256541193096975,12.810427729373421,12.810427729373421,5657,0.25066289552766485,1.4064946587715876,1.1689906731672717,1.1024446553388172,27544,0.9717542840546035,0.15142794501911627,0.4734608525247771,0.27938354500363194,11976,0.6406145624582499,0.7038117989773335,0.7626321033064485,0.9663493653974616,0.6934472428357932,0.42665424999722745,"[""y@t"", ""capacity_1@t+h"", ""y@t-1"", ""data_quality_1@t+h""]",4,20,80000.0,578,0.004758892804433601,0.4529381645131171,1.1492150968603874
"ar_order=2,capacity=True,numeric=True,on_change=capchain,other_lags=2,pool=local,target=avg_p_latency_1",linear,5,166718,33201,0.8488900936718774,0.3652742869876633,0.5919696985045545,0.5841379868723445,33108,0.8508819620635496,0.3493743436384441,0.5576481871818891,0.5497944763597011,93,0.13978494623655913,6.0256541193096975,12.810427729373421,12.810427729373421,5657,0.25066289552766485,1.4064946587715876,1.1689906731672717,1.1929192038714849,27544,0.9717542840546035,0.15142794501911627,0.4734608525247771,0.45910620700870325,11976,0.6406145624582499,0.7038117989773335,0.7626321033064485,0.8822673608505466,0.6934472428357932,0.42665424999722745,"[""y@t"", ""capacity_1@t+h"", ""y@t-1"", ""data_quality_1@t+h""]",4,20,80000.0,578,0.004758892804433601,0.4529381645131171,1.1492150968603874
"ar_order=2,capacity=True,numeric=True,on_change=capchain,other_lags=2,pool=local,target=avg_p_latency_1",clg,5,166718,33201,0.8488900936718774,0.3652742869876633,0.5919696985045545,0.4692606869489672,33108,0.8508819620635496,0.3493743436384441,0.5576481871818891,0.43459448739159523,93,0.13978494623655913,6.0256541193096975,12.810427729373421,12.810427729373421,5657,0.25066289552766485,1.4064946587715876,1.1689906731672717,1.028125914225519,27544,0.9717542840546035,0.15142794501911627,0.4734608525247771,0.3544806771209302,11976,0.6406145624582499,0.7038117989773335,0.7626321033064485,0.7451637906458058,0.6934472428357932,0.42665424999722745,"[""y@t"", ""capacity_1@t+h"", ""y@t-1"", ""data_quality_1@t+h""]",4,20,80000.0,578,0.004758892804433601,0.4529381645131171,1.1492150968603874
"ar_order=2,capacity=True,numeric=True,on_change=capchain,other_lags=2,pool=local,target=avg_p_latency_1",ar,5,166718,33201,0.8300954790518358,0.5040403798404051,0.736472866594174,0.4984106502086852,33108,0.8320647577624743,0.4846332727166528,0.7001483299837593,0.4613184255325515,93,0.12903225806451613,7.4129705158962285,13.668007899901802,13.703242634912256,5657,0.0028283542513699842,2.1287142574236224,1.8274493255595743,1.4212505747115252,27544,1.0,0.17036407554588504,0.5124075954510114,0.3088773415784003,11976,0.5357381429525718,1.0669347441493866,1.048388744994463,1.1102765423143068,0.6845867199556037,0.42665424999722745,"[""y@t"", ""capacity_1@t+h"", ""y@t-1"", ""data_quality_1@t+h""]",4,20,80000.0,578,0.004758892804433601,0.4529381645131171,1.1492150968603874
"ar_order=2,capacity=True,numeric=True,on_change=capchain,other_lags=2,pool=local,target=avg_p_latency_1",persistence,5,166718,33201,0.8296135658564501,4.707951159688196,0.7404186970272743,0.4529381645131177,33108,0.8315814908783375,4.653575381853859,0.7040828378250997,0.41570013289839375,93,0.12903225806451613,24.065728068711955,13.675984573001383,13.709677419354838,5657,0.0,27.631021115928547,1.9085449197056996,1.502209651758882,27544,1.0,0.0,0.5005083702159232,0.23743828056927185,11976,0.5344021376085505,12.864944367269338,1.078350174877808,1.1492150968603871,0.6837288318839223,0.42665424999722745,"[""y@t"", ""capacity_1@t+h"", ""y@t-1"", ""data_quality_1@t+h""]",4,20,80000.0,578,0.004758892804433601,0.4529381645131171,1.1492150968603874
"ar_order=2,capacity=True,n_bins=50,numeric=True,on_change=capchain,other_lags=2,pool=local,target=avg_p_latency_1",model,1,33200,33558,0.6526014661183622,0.9255604719256677,0.4733886121633169,0.4733886121633169,33464,0.6543150848673202,0.8971978160047306,0.4325410812177876,0.4325410812177877,94,0.0425531914893617,11.02266597977927,15.015109628771732,15.015109628771732,10889,0.30645605657085134,1.951907979435211,1.0288275851597908,1.0288275851597906,22669,0.818871586748423,0.4325568983550903,0.2065848282752494,0.20658482827524954,10799,0.30901009352717845,1.8722895280714784,0.9067574690638627,0.9067574690638625,0.3777626979908535,0.1499376249994384,"[""y@t"", ""throughput_1@t-1"", ""data_quality_1@t+h"", ""capacity_1@t+h""]",4,50,1250000.0,364,0.4716908039811669,0.4225817986769176,1.1815908880451893
"ar_order=2,capacity=True,n_bins=50,numeric=True,on_change=capchain,other_lags=2,pool=local,target=avg_p_latency_1",cg_mean,1,33200,33558,0.6526014661183622,0.9255604719256677,0.4733886121633169,0.47139586428841557,33464,0.6543150848673202,0.8971978160047306,0.4325410812177876,0.4305427357364962,94,0.0425531914893617,11.02266597977927,15.015109628771732,15.015109628771732,10889,0.30645605657085134,1.951907979435211,1.0288275851597908,1.028189278415116,22669,0.818871586748423,0.4325568983550903,0.2065848282752494,0.20394147783883054,10799,0.30901009352717845,1.8722895280714784,0.9067574690638627,0.9061138426037496,0.3777626979908535,0.1499376249994384,"[""y@t"", ""throughput_1@t-1"", ""data_quality_1@t+h"", ""capacity_1@t+h""]",4,50,1250000.0,364,0.4716908039811669,0.4225817986769176,1.1815908880451893
"ar_order=2,capacity=True,n_bins=50,numeric=True,on_change=capchain,other_lags=2,pool=local,target=avg_p_latency_1",cg_median,1,33200,33558,0.6526014661183622,0.9255604719256677,0.4733886121633169,0.44419870984875565,33464,0.6543150848673202,0.8971978160047306,0.4325410812177876,0.40326918479560125,94,0.0425531914893617,11.02266597977927,15.015109628771732,15.015109628771732,10889,0.30645605657085134,1.951907979435211,1.0288275851597908,0.9846936969771612,22669,0.818871586748423,0.4325568983550903,0.2065848282752494,0.1845732338753467,10799,0.30901009352717845,1.8722895280714784,0.9067574690638627,0.8622557644226317,0.3777626979908535,0.1499376249994384,"[""y@t"", ""throughput_1@t-1"", ""data_quality_1@t+h"", ""capacity_1@t+h""]",4,50,1250000.0,364,0.4716908039811669,0.4225817986769176,1.1815908880451893
"ar_order=2,capacity=True,n_bins=50,numeric=True,on_change=capchain,other_lags=2,pool=local,target=avg_p_latency_1",linear,1,33200,33558,0.6526014661183622,0.9255604719256677,0.4733886121633169,0.697079653272355,33464,0.6543150848673202,0.8971978160047306,0.4325410812177876,0.6568604679479186,94,0.0425531914893617,11.02266597977927,15.015109628771732,15.015109628771732,10889,0.30645605657085134,1.951907979435211,1.0288275851597908,1.183782587884779,22669,0.818871586748423,0.4325568983550903,0.2065848282752494,0.46329306123059394,10799,0.30901009352717845,1.8722895280714784,0.9067574690638627,1.0630038830533428,0.3777626979908535,0.1499376249994384,"[""y@t"", ""throughput_1@t-1"", ""data_quality_1@t+h"", ""capacity_1@t+h""]",4,50,1250000.0,364,0.4716908039811669,0.4225817986769176,1.1815908880451893
"ar_order=2,capacity=True,n_bins=50,numeric=True,on_change=capchain,other_lags=2,pool=local,target=avg_p_latency_1",clg,1,33200,33558,0.6526014661183622,0.9255604719256677,0.4733886121633169,0.4242007142885369,33464,0.6543150848673202,0.8971978160047306,0.4325410812177876,0.38321501509055034,94,0.0425531914893617,11.02266597977927,15.015109628771732,15.015109628771732,10889,0.30645605657085134,1.951907979435211,1.0288275851597908,1.011295995821501,22669,0.818871586748423,0.4325568983550903,0.2065848282752494,0.14219089821317196,10799,0.30901009352717845,1.8722895280714784,0.9067574690638627,0.8890797696190403,0.3777626979908535,0.1499376249994384,"[""y@t"", ""throughput_1@t-1"", ""data_quality_1@t+h"", ""capacity_1@t+h""]",4,50,1250000.0,364,0.4716908039811669,0.4225817986769176,1.1815908880451893
"ar_order=2,capacity=True,n_bins=50,numeric=True,on_change=capchain,other_lags=2,pool=local,target=avg_p_latency_1",ar,1,33200,33558,0.6345729781274212,0.9752470417728973,0.5036919957748527,0.5036919957748528,33464,0.6362658379153717,0.9468825189859696,0.46279560001139364,0.46279560001139375,94,0.031914893617021274,11.073017153919094,15.062808887566288,15.062808887566288,10889,0.17705941776104325,2.097787574113625,1.1736615892430164,1.1736615892430167,22669,0.8543385239754732,0.4360373785033141,0.18187370192532987,0.18187370192532987,10799,0.17853504954162422,2.018973637341301,1.0523960686054632,1.0523960686054632,0.3585624005394413,0.1499376249994384,"[""y@t"", ""throughput_1@t-1"", ""data_quality_1@t+h"", ""capacity_1@t+h""]",4,50,1250000.0,364,0.4716908039811669,0.4225817986769176,1.1815908880451893
"ar_order=2,capacity=True,n_bins=50,numeric=True,on_change=capchain,other_lags=2,pool=local,target=avg_p_latency_1",persistence,1,33200,33558,0.675517015316765,8.965796201541986,0.4225817986769176,0.4225817986769176,33464,0.6772950035859431,8.916668570132451,0.38130528328950514,0.38130528328950514,94,0.0425531914893617,26.455232983335836,15.117021276595745,15.117021276595745,10889,0.0,27.631021115928547,1.3023234456791257,1.3023234456791257,22669,1.0,0.0,0.0,0.0,10799,0.0,27.631021115928544,1.1815908880451893,1.1815908880451893,0.4858530602233733,0.1499376249994384,"[""y@t"", ""throughput_1@t-1"", ""data_quality_1@t+h"", ""capacity_1@t+h""]",4,50,1250000.0,364,0.4716908039811669,0.4225817986769176,1.1815908880451893
"ar_order=2,capacity=True,n_bins=50,numeric=True,on_change=capchain,other_lags=2,pool=local,target=avg_p_latency_1",model,2,66758,33201,0.6879310864130599,0.7826838124626617,0.4326856823040526,0.4326856823040526,33108,0.6896520478434215,0.7567198632772205,0.39685980818340727,0.39685980818340727,93,0.07526881720430108,10.025849722479759,13.186696869253762,13.18669686925376,10894,0.281990086286029,1.6883591807102774,0.972202180907508,0.972202180907508,22307,0.8861792262518492,0.34038195826041484,0.16920369298294058,0.16920369298294055,10804,0.2839689004072566,1.616218750364457,0.8668457626240735,0.8668457626240735,0.4435898478444477,0.24827966599696083,"[""y@t"", ""capacity_1@t+h"", ""y@t-1"", ""data_quality_1@t+h""]",4,50,1250000.0,791,0.04542031866510045,0.42348122044516734,1.184468715290633
"ar_order=2,capacity=True,n_bins=50,numeric=True,on_change=capchain,other_lags=2,pool=local,target=avg_p_latency_1",cg_mean,2,66758,33201,0.6879310864130599,0.7826838124626617,0.4326856823040526,0.4322450916242993,33108,0.6896520478434215,0.7567198632772205,0.39685980818340727,0.39641797988938504,93,0.07526881720430108,10.025849722479759,13.186696869253762,13.186696869253762,10894,0.281990086286029,1.6883591807102774,0.972202180907508,0.9710639764100718,22307,0.8861792262518492,0.34038195826041484,0.16920369298294058,0.16910379378701923,10804,0.2839689004072566,1.616218750364457,0.8668457626240735,0.8656980766008348,0.4435898478444477,0.24827966599696083,"[""y@t"", ""capacity_1@t+h"", ""y@t-1"", ""data_quality_1@t+h""]",4,50,1250000.0,791,0.04542031866510045,0.42348122044516734,1.184468715290633
"ar_order=2,capacity=True,n_bins=50,numeric=True,on_change=capchain,other_lags=2,pool=local,target=avg_p_latency_1",cg_median,2,66758,33201,0.6879310864130599,0.7826838124626617,0.4326856823040526,0.3907672301689889,33108,0.6896520478434215,0.7567198632772205,0.39685980818340727,0.3548236075872901,93,0.07526881720430108,10.025849722479759,13.186696869253762,13.186696869253762,10894,0.281990086286029,1.6883591807102774,0.972202180907508,0.9392572920337713,22307,0.8861792262518492,0.34038195826041484,0.16920369298294058,0.12290284975230625,10804,0.2839689004072566,1.616218750364457,0.8668457626240735,0.8336264346538319,0.4435898478444477,0.24827966599696083,"[""y@t"", ""capacity_1@t+h"", ""y@t-1"", ""data_quality_1@t+h""]",4,50,1250000.0,791,0.04542031866510045,0.42348122044516734,1.184468715290633
"ar_order=2,capacity=True,n_bins=50,numeric=True,on_change=capchain,other_lags=2,pool=local,target=avg_p_latency_1",linear,2,66758,33201,0.6879310864130599,0.7826838124626617,0.4326856823040526,0.5597530123286105,33108,0.6896520478434215,0.7567198632772205,0.39685980818340727,0.5242840689102815,93,0.07526881720430108,10.025849722479759,13.186696869253762,13.186696869253762,10894,0.281990086286029,1.6883591807102774,0.972202180907508,1.012494945553718,22307,0.8861792262518492,0.34038195826041484,0.16920369298294058,0.33864884679517615,10804,0.2839689004072566,1.616218750364457,0.8668457626240735,0.9074741759946595,0.4435898478444477,0.24827966599696083,"[""y@t"", ""capacity_1@t+h"", ""y@t-1"", ""data_quality_1@t+h""]",4,50,1250000.0,791,0.04542031866510045,0.42348122044516734,1.184468715290633
"ar_order=2,capacity=True,n_bins=50,numeric=True,on_change=capchain,other_lags=2,pool=local,target=avg_p_latency_1",clg,2,66758,33201,0.6879310864130599,0.7826838124626617,0.4326856823040526,0.45116323432304206,33108,0.6896520478434215,0.7567198632772205,0.39685980818340727,0.41538926343840527,93,0.07526881720430108,10.025849722479759,13.186696869253762,13.186696869253762,10894,0.281990086286029,1.6883591807102774,0.972202180907508,0.8978691694831156,22307,0.8861792262518492,0.34038195826041484,0.16920369298294058,0.23300685033443577,10804,0.2839689004072566,1.616218750364457,0.8668457626240735,0.7918935387757458,0.4435898478444477,0.24827966599696083,"[""y@t"", ""capacity_1@t+h"", ""y@t-1"", ""data_quality_1@t+h""]",4,50,1250000.0,791,0.04542031866510045,0.42348122044516734,1.184468715290633
"ar_order=2,capacity=True,n_bins=50,numeric=True,on_change=capchain,other_lags=2,pool=local,target=avg_p_latency_1",ar,2,66758,33201,0.6593476100117467,0.8965877191375526,0.4961885963859934,0.4961885963859934,33108,0.6611090974990939,0.8692329111660582,0.4594645998430942,0.45946459984309423,93,0.03225806451612903,10.634899356989642,13.569931365658118,13.569931365658118,10894,0.12245272627134203,1.9777996468193622,1.1976470167513997,1.1976470167513995,22307,0.9215492894607074,0.36855962301680006,0.15361953593587743,0.15361953593587757,10804,0.1234727878563495,1.902827593596123,1.0908775821901502,1.0908775821901502,0.4098126810230255,0.24827966599696083,"[""y@t"", ""capacity_1@t+h"", ""y@t-1"", ""data_quality_1@t+h""]",4,50,1250000.0,791,0.04542031866510045,0.42348122044516734,1.184468715290633
"ar_order=2,capacity=True,n_bins=50,numeric=True,on_change=capchain,other_lags=2,pool=local,target=avg_p_latency_1",persistence,2,66758,33201,0.6718773530917743,9.066363785335552,0.42348122044516734,0.42348122044516734,33108,0.6736740364866498,9.01671958851311,0.386522894768636,0.386522894768636,93,0.03225806451612903,26.739697854124394,13.580645161290322,13.580645161290322,10894,0.0,27.631021115928547,1.2906186891867082,1.2906186891867082,22307,1.0,0.0,0.0,0.0,10804,0.0,27.631021115928544,1.184468715290633,1.184468715290633,0.48519158999249107,0.24827966599696083,"[""y@t"", ""capacity_1@t+h"", ""y@t-1"", ""data_quality_1@t+h""]",4,50,1250000.0,791,0.04542031866510045,0.42348122044516734,1.184468715290633
"ar_order=2,capacity=True,n_bins=50,numeric=True,on_change=capchain,other_lags=2,pool=local,target=avg_p_latency_1",model,3,99959,33201,0.6589560555404957,0.9385497750356708,0.47657301584112877,0.4765730158411287,33108,0.6608070556965084,0.9103958314596265,0.4347756493901535,0.43477564939015345,93,0.0,10.961353688107492,15.356435472388336,15.356435472388336,11989,0.23621653182083577,1.9031560490072523,0.9604015663296439,0.960401566329644,21212,0.8978879879313596,0.39335532761697917,0.20311363003088895,0.20311363003088878,11896,0.23806321452589105,1.832341289387521,0.8478569165933075,0.8478569165933076,0.4770580802242555,0.4611941660041339,"[""y@t"", ""throughput_1@t"", ""data_quality_1@t+h"", ""throughput_1@t-1""]",4,50,1250000.0,1025,0.22457154904972743,0.45986566669678625,1.1622394082044385
"ar_order=2,capacity=True,n_bins=50,numeric=True,on_change=capchain,other_lags=2,pool=local,target=avg_p_latency_1",cg_mean,3,99959,33201,0.6589560555404957,0.9385497750356708,0.47657301584112877,0.47643748277937065,33108,0.6608070556965084,0.9103958314596265,0.4347756493901535,0.4346397356175477,93,0.0,10.961353688107492,15.356435472388336,15.356435472388336,11989,0.23621653182083577,1.9031560490072523,0.9604015663296439,0.9604054345517096,21212,0.8978879879313596,0.39335532761697917,0.20311363003088895,0.20289930751072227,11896,0.23806321452589105,1.832341289387521,0.8478569165933075,0.847860815056181,0.4770580802242555,0.4611941660041339,"[""y@t"", ""throughput_1@t"", ""data_quality_1@t+h"", ""throughput_1@t-1""]",4,50,1250000.0,1025,0.22457154904972743,0.45986566669678625,1.1622394082044385
"ar_order=2,capacity=True,n_bins=50,numeric=True,on_change=capchain,other_lags=2,pool=local,target=avg_p_latency_1",cg_median,3,99959,33201,0.6589560555404957,0.9385497750356708,0.47657301584112877,0.42256704614114377,33108,0.6608070556965084,0.9103958314596265,0.4347756493901535,0.3806179775280899,93,0.0,10.961353688107492,15.356435472388336,15.356435472388336,11989,0.23621653182083577,1.9031560490072523,0.9604015663296439,0.9362038951482288,21212,0.8978879879313596,0.39335532761697917,0.20311363003088895,0.13226004148595136,11896,0.23806321452589105,1.832341289387521,0.8478569165933075,0.8234700739744452,0.4770580802242555,0.4611941660041339,"[""y@t"", ""throughput_1@t"", ""data_quality_1@t+h"", ""throughput_1@t-1""]",4,50,1250000.0,1025,0.22457154904972743,0.45986566669678625,1.1622394082044385
"ar_order=2,capacity=True,n_bins=50,numeric=True,on_change=capchain,other_lags=2,pool=local,target=avg_p_latency_1",linear,3,99959,33201,0.6589560555404957,0.9385497750356708,0.47657301584112877,0.64715316692074,33108,0.6608070556965084,0.9103958314596265,0.4347756493901535,0.6058349581975163,93,0.0,10.961353688107492,15.356435472388336,15.356435472388336,11989,0.23621653182083577,1.9031560490072523,0.9604015663296439,1.166884193674447,21212,0.8978879879313596,0.39335532761697917,0.20311363003088895,0.35340173943864533,11896,0.23806321452589105,1.832341289387521,0.8478569165933075,1.0559537742964717,0.4770580802242555,0.4611941660041339,"[""y@t"", ""throughput_1@t"", ""data_quality_1@t+h"", ""throughput_1@t-1""]",4,50,1250000.0,1025,0.22457154904972743,0.45986566669678625,1.1622394082044385
"ar_order=2,capacity=True,n_bins=50,numeric=True,on_change=capchain,other_lags=2,pool=local,target=avg_p_latency_1",clg,3,99959,33201,0.6589560555404957,0.9385497750356708,0.47657301584112877,0.540474368151611,33108,0.6608070556965084,0.9103958314596265,0.4347756493901535,0.4988564998812831,93,0.0,10.961353688107492,15.356435472388336,15.356435472388336,11989,0.23621653182083577,1.9031560490072523,0.9604015663296439,0.966368881533339,21212,0.8978879879313596,0.39335532761697917,0.20311363003088895,0.29975923893543444,11896,0.23806321452589105,1.832341289387521,0.8478569165933075,0.8538708827985109,0.4770580802242555,0.4611941660041339,"[""y@t"", ""throughput_1@t"", ""data_quality_1@t+h"", ""throughput_1@t-1""]",4,50,1250000.0,1025,0.22457154904972743,0.45986566669678625,1.1622394082044385
"ar_order=2,capacity=True,n_bins=50,numeric=True,on_change=capchain,other_lags=2,pool=local,target=avg_p_latency_1",ar,3,99959,33201,0.6376615162193909,1.0254665992370364,0.5266460897158773,0.5266460897158772,33108,0.6394527002537151,0.9970684232384629,0.4845754766092321,0.4845754766092321,93,0.0,11.135217254729126,15.503784355681539,15.50378435568154,11989,0.016181499708065726,2.135109358213104,1.2110306418831978,1.2110306418831978,21212,0.9889213652649443,0.39829768365321216,0.13983266354512475,0.13983266354512455,11896,0.016308002689979825,2.064748729903085,1.0992934112692732,1.0992934112692734,0.4711490441405799,0.4611941660041339,"[""y@t"", ""throughput_1@t"", ""data_quality_1@t+h"", ""throughput_1@t-1""]",4,50,1250000.0,1025,0.22457154904972743,0.45986566669678625,1.1622394082044385
"ar_order=2,capacity=True,n_bins=50,numeric=True,on_change=capchain,other_lags=2,pool=local,target=avg_p_latency_1",persistence,3,99959,33201,0.6388964187825668,9.977660677656317,0.45986566669678625,0.45986566669678625,33108,0.6406910716443156,9.928072586537574,0.41760299625468167,0.41760299625468167,93,0.0,27.63102111592854,15.505376344086022,15.505376344086022,11989,0.0,27.631021115928547,1.2735007089832346,1.2735007089832346,21212,1.0,0.0,0.0,0.0,11896,0.0,27.631021115928547,1.1622394082044385,1.1622394082044385,0.4809049145388237,0.4611941660041339,"[""y@t"", ""throughput_1@t"", ""data_quality_1@t+h"", ""throughput_1@t-1""]",4,50,1250000.0,1025,0.22457154904972743,0.45986566669678625,1.1622394082044385
"ar_order=2,capacity=True,n_bins=50,numeric=True,on_change=capchain,other_lags=2,pool=local,target=avg_p_latency_1",model,4,133160,33558,0.6827284105131415,0.7703461890826346,0.43661174291981014,0.43661174291981014,33464,0.6843174754960555,0.7468789107033172,0.39992651943317553,0.39992651943317553,94,0.11702127659574468,9.12469729211965,13.496551304161732,13.496551304161734,11568,0.27100622406639,1.5873628369809585,0.9107674546819414,0.9107674546819415,21990,0.8993178717598909,0.34054861823735016,0.18717866999282812,0.18717866999282803,11484,0.2729014280738419,1.5244686812486254,0.8070360035200842,0.8070360035200842,0.46575585548388876,0.656632542006264,"[""y@t"", ""capacity_1@t+h"", ""y@t-1"", ""data_quality_1@t+h""]",4,50,1250000.0,1118,0.006913403659336075,0.434918648310388,1.1571752002786486
"ar_order=2,capacity=True,n_bins=50,numeric=True,on_change=capchain,other_lags=2,pool=local,target=avg_p_latency_1",cg_mean,4,133160,33558,0.6827284105131415,0.7703461890826346,0.43661174291981014,0.43658241942067066,33464,0.6843174754960555,0.7468789107033172,0.39992651943317553,0.3998971135646564,94,0.11702127659574468,9.12469729211965,13.496551304161732,13.496551304161732,11568,0.27100622406639,1.5873628369809585,0.9107674546819414,0.9107313226047907,21990,0.8993178717598909,0.34054861823735016,0.18717866999282812,0.18715292819584567,11484,0.2729014280738419,1.5244686812486254,0.8070360035200842,0.8069996071539679,0.46575585548388876,0.656632542006264,"[""y@t"", ""capacity_1@t+h"", ""y@t-1"", ""data_quality_1@t+h""]",4,50,1250000.0,1118,0.006913403659336075,0.434918648310388,1.1571752002786486
"ar_order=2,capacity=True,n_bins=50,numeric=True,on_change=capchain,other_lags=2,pool=local,target=avg_p_latency_1",cg_median,4,133160,33558,0.6827284105131415,0.7703461890826346,0.43661174291981014,0.3811811139695811,33464,0.6843174754960555,0.7468789107033172,0.39992651943317553,0.34434018646904135,94,0.11702127659574468,9.12469729211965,13.496551304161732,13.496551304161732,11568,0.27100622406639,1.5873628369809585,0.9107674546819414,0.9226535659868647,21990,0.8993178717598909,0.34054861823735016,0.18717866999282812,0.09633557850182596,11484,0.2729014280738419,1.5244686812486254,0.8070360035200842,0.8190090560780215,0.46575585548388876,0.656632542006264,"[""y@t"", ""capacity_1@t+h"", ""y@t-1"", ""data_quality_1@t+h""]",4,50,1250000.0,1118,0.006913403659336075,0.434918648310388,1.1571752002786486
"ar_order=2,capacity=True,n_bins=50,numeric=True,on_change=capchain,other_lags=2,pool=local,target=avg_p_latency_1",linear,4,133160,33558,0.6827284105131415,0.7703461890826346,0.43661174291981014,0.6134680348468974,33464,0.6843174754960555,0.7468789107033172,0.39992651943317553,0.5772795986971367,94,0.11702127659574468,9.12469729211965,13.496551304161732,13.496551304161732,11568,0.27100622406639,1.5873628369809585,0.9107674546819414,0.9874100987912473,21990,0.8993178717598909,0.34054861823735016,0.18717866999282812,0.4167530827910429,11484,0.2729014280738419,1.5244686812486254,0.8070360035200842,0.8842392521317571,0.46575585548388876,0.656632542006264,"[""y@t"", ""capacity_1@t+h"", ""y@t-1"", ""data_quality_1@t+h""]",4,50,1250000.0,1118,0.006913403659336075,0.434918648310388,1.1571752002786486
"ar_order=2,capacity=True,n_bins=50,numeric=True,on_change=capchain,other_lags=2,pool=local,target=avg_p_latency_1",clg,4,133160,33558,0.6827284105131415,0.7703461890826346,0.43661174291981014,0.45861088025423274,33464,0.6843174754960555,0.7468789107033172,0.39992651943317553,0.4219874520971892,94,0.11702127659574468,9.12469729211965,13.496551304161732,13.496551304161732,11568,0.27100622406639,1.5873628369809585,0.9107674546819414,0.8580322896340272,21990,0.8993178717598909,0.34054861823735016,0.18717866999282812,0.2484923325641253,11484,0.2729014280738419,1.5244686812486254,0.8070360035200842,0.7539151058124676,0.46575585548388876,0.656632542006264,"[""y@t"", ""capacity_1@t+h"", ""y@t-1"", ""data_quality_1@t+h""]",4,50,1250000.0,1118,0.006913403659336075,0.434918648310388,1.1571752002786486
"ar_order=2,capacity=True,n_bins=50,numeric=True,on_change=capchain,other_lags=2,pool=local,target=avg_p_latency_1",ar,4,133160,33558,0.655879373025806,0.904718503672673,0.48522797245182087,0.485227972451821,33464,0.6574229022232847,0.8794405509944169,0.44748762476932097,0.4474876247693211,94,0.10638297872340426,9.903669657131903,13.920791747421772,13.92079174742177,11568,0.02627939142461964,1.9541533225441026,1.1881796841330274,1.1881796841330274,21990,0.9870850386539336,0.3526556576197082,0.11543509383753267,0.11543509383753271,11484,0.02647161267850923,1.887618537884653,1.0829699935341757,1.082969993534176,0.44134024607281597,0.656632542006264,"[""y@t"", ""capacity_1@t+h"", ""y@t-1"", ""data_quality_1@t+h""]",4,50,1250000.0,1118,0.006913403659336075,0.434918648310388,1.1571752002786486
"ar_order=2,capacity=True,n_bins=50,numeric=True,on_change=capchain,other_lags=2,pool=local,target=avg_p_latency_1",persistence,4,133160,33558,0.6552833899517254,9.524871931255182,0.434918648310388,0.434918648310388,33464,0.6568252450394454,9.482268900768691,0.39711331580205594,0.39711331580205594,94,0.10638297872340426,24.691550784446783,13.893617021276595,13.893617021276595,11568,0.0,27.631021115928547,1.2616701244813278,1.2616701244813278,21990,1.0,0.0,0.0,0.0,11484,0.0,27.631021115928544,1.1571752002786486,1.1571752002786486,0.47510669595278826,0.656632542006264,"[""y@t"", ""capacity_1@t+h"", ""y@t-1"", ""data_quality_1@t+h""]",4,50,1250000.0,1118,0.006913403659336075,0.434918648310388,1.1571752002786486
"ar_order=2,capacity=True,n_bins=50,numeric=True,on_change=capchain,other_lags=2,pool=local,target=avg_p_latency_1",model,5,166718,33201,0.6722990271377368,0.801618722992058,0.4479866294414941,0.4479866294414941,33108,0.6740968950102694,0.7767078754214634,0.41139342067602197,0.41139342067602197,93,0.03225806451612903,9.669880458123776,13.47516894994957,13.475168949949571,12065,0.2576046415250725,1.562989603331626,0.8921051359783368,0.8921051359783368,21136,0.9090177895533686,0.3670076484606005,0.19447178361603,0.19447178361603012,11976,0.25943553774215095,1.499722879192145,0.7942130491654007,0.7942130491654006,0.47722749330677977,0.8024523749991204,"[""y@t"", ""cores_1@t+h"", ""y@t-1"", ""data_quality_1@t+h""]",4,50,150000.0,1275,0.017680190355712177,0.4529381645131171,1.1492150968603874
"ar_order=2,capacity=True,n_bins=50,numeric=True,on_change=capchain,other_lags=2,pool=local,target=avg_p_latency_1",cg_mean,5,166718,33201,0.6722990271377368,0.801618722992058,0.4479866294414941,0.4480120536594949,33108,0.6740968950102694,0.7767078754214634,0.41139342067602197,0.41141891631036553,93,0.03225806451612903,9.669880458123776,13.47516894994957,13.47516894994957,12065,0.2576046415250725,1.562989603331626,0.8921051359783368,0.8921304380765128,21136,0.9090177895533686,0.3670076484606005,0.19447178361603,0.19449727754332732,11976,0.25943553774215095,1.499722879192145,0.7942130491654007,0.7942385392968713,0.47722749330677977,0.8024523749991204,"[""y@t"", ""cores_1@t+h"", ""y@t-1"", ""data_quality_1@t+h""]",4,50,150000.0,1275,0.017680190355712177,0.4529381645131171,1.1492150968603874
"ar_order=2,capacity=True,n_bins=50,numeric=True,on_change=capchain,other_lags=2,pool=local,target=avg_p_latency_1",cg_median,5,166718,33201,0.6722990271377368,0.801618722992058,0.4479866294414941,0.39559623843695396,33108,0.6740968950102694,0.7767078754214634,0.41139342067602197,0.3588558656518062,93,0.03225806451612903,9.669880458123776,13.47516894994957,13.47516894994957,12065,0.2576046415250725,1.562989603331626,0.8921051359783368,0.9172609190860999,21136,0.9090177895533686,0.3670076484606005,0.19447178361603,0.0978159407442995,11976,0.25943553774215095,1.499722879192145,0.7942130491654007,0.8195557782231129,0.47722749330677977,0.8024523749991204,"[""y@t"", ""cores_1@t+h"", ""y@t-1"", ""data_quality_1@t+h""]",4,50,150000.0,1275,0.017680190355712177,0.4529381645131171,1.1492150968603874
"ar_order=2,capacity=True,n_bins=50,numeric=True,on_change=capchain,other_lags=2,pool=local,target=avg_p_latency_1",linear,5,166718,33201,0.6722990271377368,0.801618722992058,0.4479866294414941,0.5919004090844359,33108,0.6740968950102694,0.7767078754214634,0.41139342067602197,0.5557114525089721,93,0.03225806451612903,9.669880458123776,13.47516894994957,13.47516894994957,12065,0.2576046415250725,1.562989603331626,0.8921051359783368,0.9788100170008078,21136,0.9090177895533686,0.3670076484606005,0.19447178361603,0.3710419486609392,11976,0.25943553774215095,1.499722879192145,0.7942130491654007,0.8815622800885896,0.47722749330677977,0.8024523749991204,"[""y@t"", ""cores_1@t+h"", ""y@t-1"", ""data_quality_1@t+h""]",4,50,150000.0,1275,0.017680190355712177,0.4529381645131171,1.1492150968603874
"ar_order=2,capacity=True,n_bins=50,numeric=True,on_change=capchain,other_lags=2,pool=local,target=avg_p_latency_1",clg,5,166718,33201,0.6722990271377368,0.801618722992058,0.4479866294414941,0.46642088757008515,33108,0.6740968950102694,0.7767078754214634,0.41139342067602197,0.4298794604285697,93,0.03225806451612903,9.669880458123776,13.47516894994957,13.47516894994957,12065,0.2576046415250725,1.562989603331626,0.8921051359783368,0.844539947974913,21136,0.9090177895533686,0.3670076484606005,0.19447178361603,0.25058030923055785,11976,0.25943553774215095,1.499722879192145,0.7942130491654007,0.7462943790534009,0.47722749330677977,0.8024523749991204,"[""y@t"", ""cores_1@t+h"", ""y@t-1"", ""data_quality_1@t+h""]",4,50,150000.0,1275,0.017680190355712177,0.4529381645131171,1.1492150968603874
"ar_order=2,capacity=True,n_bins=50,numeric=True,on_change=capchain,other_lags=2,pool=local,target=avg_p_latency_1",ar,5,166718,33201,0.6356435047137134,0.9470434384043104,0.5017303269728857,0.5017303269728854,33108,0.6373082034553582,0.9215424510517282,0.4646550242057756,0.4646550242057754,93,0.043010752688172046,10.025394935923627,13.70053811206406,13.70053811206406,12065,0.030501450476585163,1.9064280047284812,1.1823708656175138,1.1823708656175138,21136,0.9810749432248297,0.39940080059672545,0.11320231321685612,0.11320231321685581,11976,0.03072812291249165,1.8428686221520183,1.0848020750090388,1.084802075009039,0.4543351003104614,0.8024523749991204,"[""y@t"", ""cores_1@t+h"", ""y@t-1"", ""data_quality_1@t+h""]",4,50,150000.0,1275,0.017680190355712177,0.4529381645131171,1.1492150968603874
"ar_order=2,capacity=True,n_bins=50,numeric=True,on_change=capchain,other_lags=2,pool=local,target=avg_p_latency_1",persistence,5,166718,33201,0.6366073311044848,10.040910507625611,0.4529381645131171,0.4529381645131171,33108,0.6382747372236317,9.994838373938634,0.41570013289839314,0.41570013289839314,93,0.043010752688172046,26.44259010018968,13.709677419354838,13.709677419354838,12065,0.0,27.63102111592855,1.2464152507252384,1.2464152507252384,21136,1.0,0.0,0.0,0.0,11976,0.0,27.631021115928547,1.1492150968603874,1.1492150968603874,0.48257928579759024,0.8024523749991204,"[""y@t"", ""cores_1@t+h"", ""y@t-1"", ""data_quality_1@t+h""]",4,50,150000.0,1275,0.017680190355712177,0.4529381645131171,1.1492150968603874
"ar_order=2,capacity=True,numeric=True,on_change=capchain,other_lags=2,pool=local,target=avg_p_latency_2",model,1,33200,33558,0.8754991358245425,0.3759224047415275,0.5372212536648165,0.39516021910730964,33464,0.8776595744680851,0.36431785064685696,0.5189223761912797,0.37611650260018215,94,0.10638297872340426,4.507143662444223,7.0516216342439435,7.174723295644717,4229,0.2071411681248522,2.34419086351052,1.78699183478674,1.4626559384378937,29329,0.9718708445565822,0.09211432017901015,0.3570146394752902,0.24123613724127135,8150,0.5887116564417177,1.220969470508402,1.1278254719678709,1.1917988124668857,0.6410587259164717,0.09164604200486792,"[""y@t"", ""data_quality_2@t+h"", ""y@t-1""]",3,20,4000.0,243,0.0015793551463138447,0.3560402884558079,1.3711656441717792
"ar_order=2,capacity=True,numeric=True,on_change=capchain,other_lags=2,pool=local,target=avg_p_latency_2",cg_mean,1,33200,33558,0.8754991358245425,0.3759224047415275,0.5372212536648165,0.3757232406507257,33464,0.8776595744680851,0.36431785064685696,0.5189223761912797,0.35697071707321665,94,0.10638297872340426,4.507143662444223,7.0516216342439435,7.0516216342439435,4229,0.2071411681248522,2.34419086351052,1.78699183478674,1.4986388173299736,29329,0.9718708445565822,0.09211432017901015,0.3570146394752902,0.2138080722584675,8150,0.5887116564417177,1.220969470508402,1.1278254719678709,1.2064094546222037,0.6410587259164717,0.09164604200486792,"[""y@t"", ""data_quality_2@t+h"", ""y@t-1""]",3,20,4000.0,243,0.0015793551463138447,0.3560402884558079,1.3711656441717792
"ar_order=2,capacity=True,numeric=True,on_change=capchain,other_lags=2,pool=local,target=avg_p_latency_2",cg_median,1,33200,33558,0.8754991358245425,0.3759224047415275,0.5372212536648165,0.35837512466830357,33464,0.8776595744680851,0.36431785064685696,0.5189223761912797,0.33957387042792253,94,0.10638297872340426,4.507143662444223,7.0516216342439435,7.0516216342439435,4229,0.2071411681248522,2.34419086351052,1.78699183478674,1.4227310424979496,29329,0.9718708445565822,0.09211432017901015,0.3570146394752902,0.2049037762929217,8150,0.5887116564417177,1.220969470508402,1.1278254719678709,1.169877300613497,0.6410587259164717,0.09164604200486792,"[""y@t"", ""data_quality_2@t+h"", ""y@t-1""]",3,20,4000.0,243,0.0015793551463138447,0.3560402884558079,1.3711656441717792
"ar_order=2,capacity=True,numeric=True,on_change=capchain,other_lags=2,pool=local,target=avg_p_latency_2",linear,1,33200,33558,0.8754991358245425,0.3759224047415275,0.5372212536648165,0.5825260619832434,33464,0.8776595744680851,0.36431785064685696,0.5189223761912797,0.5643544452072302,94,0.10638297872340426,4.507143662444223,7.0516216342439435,7.0516216342439435,4229,0.2071411681248522,2.34419086351052,1.78699183478674,1.6019693813101137,29329,0.9718708445565822,0.09211432017901015,0.3570146394752902,0.43553074003454645,8150,0.5887116564417177,1.220969470508402,1.1278254719678709,1.1939923792021359,0.6410587259164717,0.09164604200486792,"[""y@t"", ""data_quality_2@t+h"", ""y@t-1""]",3,20,4000.0,243,0.0015793551463138447,0.3560402884558079,1.3711656441717792
"ar_order=2,capacity=True,numeric=True,on_change=capchain,other_lags=2,pool=local,target=avg_p_latency_2",clg,1,33200,33558,0.8754991358245425,0.3759224047415275,0.5372212536648165,0.43276130663461104,33464,0.8776595744680851,0.36431785064685696,0.5189223761912797,0.4141690023435737,94,0.10638297872340426,4.507143662444223,7.0516216342439435,7.0516216342439435,4229,0.2071411681248522,2.34419086351052,1.78699183478674,1.4905056426749022,29329,0.9718708445565822,0.09211432017901015,0.3570146394752902,0.28024329384473107,8150,0.5887116564417177,1.220969470508402,1.1278254719678709,1.0782502373789273,0.6410587259164717,0.09164604200486792,"[""y@t"", ""data_quality_2@t+h"", ""y@t-1""]",3,20,4000.0,243,0.0015793551463138447,0.3560402884558079,1.3711656441717792
"ar_order=2,capacity=True,numeric=True,on_change=capchain,other_lags=2,pool=local,target=avg_p_latency_2",ar,1,33200,33558,0.8748435544430538,0.48162271768483933,0.6549428764102836,0.46225743316047696,33464,0.8770021515658618,0.46563545586556127,0.6342324956134874,0.4406121943587308,94,0.10638297872340426,6.173087925347809,8.02783844006974,8.16796244658211,4229,0.011823126034523528,3.162742633553124,2.2859031826558907,1.816736626947732,29329,0.9992839851341675,0.09502733004097227,0.4197718465383931,0.26695270028426904,8150,0.4970552147239264,1.6424348200950905,1.3686100289072036,1.3585667399667205,0.6570702302494394,0.09164604200486792,"[""y@t"", ""data_quality_2@t+h"", ""y@t-1""]",3,20,4000.0,243,0.0015793551463138447,0.3560402884558079,1.3711656441717792
"ar_order=2,capacity=True,numeric=True,on_change=capchain,other_lags=2,pool=local,target=avg_p_latency_2",persistence,1,33200,33558,0.8739793789856368,3.482078440290298,0.606024759307303,0.35604028845580843,33464,0.8761355486492948,3.4225012707842413,0.5850061255120351,0.3339409514702373,94,0.10638297872340426,24.691550784446783,8.088658390422667,8.22340425531915,4229,0.0,27.631021115928544,2.3119189794489956,1.8427524237408373,29329,1.0,0.0,0.3600488768367374,0.1416686555968502,8150,0.49141104294478527,14.052832211720718,1.3753080023290538,1.3711656441717792,0.6705900610069236,0.09164604200486792,"[""y@t"", ""data_quality_2@t+h"", ""y@t-1""]",3,20,4000.0,243,0.0015793551463138447,0.3560402884558079,1.3711656441717792
"ar_order=2,capacity=True,numeric=True,on_change=capchain,other_lags=2,pool=local,target=avg_p_latency_2",model,2,66758,33201,0.859672901418632,0.3957442164339148,0.5806241859383551,0.4333508403872602,33108,0.8612117917119729,0.3878936085226025,0.5615374258791506,0.4139598163424756,93,0.3118279569892473,3.19056063286108,7.375510767015186,7.336555400330586,4791,0.17950323523272804,2.005610488165803,1.601709952622904,1.3259758192500213,28410,0.9743752199929602,0.12425990429496804,0.4084305249673706,0.2828205245220195,8878,0.5554178869114665,1.1166468317722802,1.0574575658715673,1.1274247686629186,0.6142650134093768,0.14484812499722466,"[""y@t"", ""data_quality_2@t+h"", ""y@t-1""]",3,20,4000.0,279,0.0030721966205837174,0.3936628414806783,1.3793647217841856
"ar_order=2,capacity=True,numeric=True,on_change=capchain,other_lags=2,pool=local,target=avg_p_latency_2",cg_mean,2,66758,33201,0.859672901418632,0.3957442164339148,0.5806241859383551,0.4076297604523439,33108,0.8612117917119729,0.3878936085226025,0.5615374258791506,0.38805706099570664,93,0.3118279569892473,3.19056063286108,7.375510767015186,7.375510767015186,4791,0.17950323523272804,2.005610488165803,1.601709952622904,1.4123818812815043,28410,0.9743752199929602,0.12425990429496804,0.4084305249673706,0.23819056964303345,8878,0.5554178869114665,1.1166468317722802,1.0574575658715673,1.1705779326418446,0.6142650134093768,0.14484812499722466,"[""y@t"", ""data_quality_2@t+h"", ""y@t-1""]",3,20,4000.0,279,0.0030721966205837174,0.3936628414806783,1.3793647217841856
"ar_order=2,capacity=True,numeric=True,on_change=capchain,other_lags=2,pool=local,target=avg_p_latency_2",cg_median,2,66758,33201,0.859672901418632,0.3957442164339148,0.5806241859383551,0.36569448213404454,33108,0.8612117917119729,0.3878936085226025,0.5615374258791506,0.34600398695179413,93,0.3118279569892473,3.19056063286108,7.375510767015186,7.375510767015186,4791,0.17950323523272804,2.005610488165803,1.601709952622904,1.4098204267979058,28410,0.9743752199929602,0.12425990429496804,0.4084305249673706,0.1896153761542994,8878,0.5554178869114665,1.1166468317722802,1.0574575658715673,1.1691822482541112,0.6142650134093768,0.14484812499722466,"[""y@t"", ""data_quality_2@t+h"", ""y@t-1""]",3,20,4000.0,279,0.0030721966205837174,0.3936628414806783,1.3793647217841856
"ar_order=2,capacity=True,numeric=True,on_change=capchain,other_lags=2,pool=local,target=avg_p_latency_2",linear,2,66758,33201,0.859672901418632,0.3957442164339148,0.5806241859383551,0.5530276541045072,33108,0.8612117917119729,0.3878936085226025,0.5615374258791506,0.5338633756974546,93,0.3118279569892473,3.19056063286108,7.375510767015186,7.375510767015186,4791,0.17950323523272804,2.005610488165803,1.601709952622904,1.5615426891555748,28410,0.9743752199929602,0.12425990429496804,0.4084305249673706,0.3829538937057157,8878,0.5554178869114665,1.1166468317722802,1.0574575658715673,1.1817640686420112,0.6142650134093768,0.14484812499722466,"[""y@t"", ""data_quality_2@t+h"", ""y@t-1""]",3,20,4000.0,279,0.0030721966205837174,0.3936628414806783,1.3793647217841856
"ar_order=2,capacity=True,numeric=True,on_change=capchain,other_lags=2,pool=local,target=avg_p_latency_2",clg,2,66758,33201,0.859672901418632,0.3957442164339148,0.5806241859383551,0.49552706415004283,33108,0.8612117917119729,0.3878936085226025,0.5615374258791506,0.4762012672318822,93,0.3118279569892473,3.19056063286108,7.375510767015186,7.375510767015186,4791,0.17950323523272804,2.005610488165803,1.601709952622904,1.44418967774095,28410,0.9743752199929602,0.12425990429496804,0.4084305249673706,0.33554668464585286,8878,0.5554178869114665,1.1166468317722802,1.0574575658715673,1.0933918277394665,0.6142650134093768,0.14484812499722466,"[""y@t"", ""data_quality_2@t+h"", ""y@t-1""]",3,20,4000.0,279,0.0030721966205837174,0.3936628414806783,1.3793647217841856
"ar_order=2,capacity=True,numeric=True,on_change=capchain,other_lags=2,pool=local,target=avg_p_latency_2",ar,2,66758,33201,0.8566308243727598,0.5278604007078483,0.6751000577719568,0.452578260550926,33108,0.8584330071281865,0.5131941893924115,0.6520938767249549,0.42906751690540995,93,0.21505376344086022,5.749031629003353,8.865300510504657,8.822402998354617,4791,0.008557712377374243,2.99865399661165,2.155270366801743,1.7564184560454603,28410,0.9996480112636396,0.11119119556968865,0.42548738791762003,0.23270151374999973,8878,0.4730795224149583,1.6368304246084993,1.3220455067029913,1.340947693851699,0.66153192873175,0.14484812499722466,"[""y@t"", ""data_quality_2@t+h"", ""y@t-1""]",3,20,4000.0,279,0.0030721966205837174,0.3936628414806783,1.3793647217841856
"ar_order=2,capacity=True,numeric=True,on_change=capchain,other_lags=2,pool=local,target=avg_p_latency_2",persistence,2,66758,33201,0.8556971175567001,3.9872359918801745,0.6702585122634812,0.3936628414806786,33108,0.8574966775401716,3.937512311977495,0.6471101538406658,0.3698803914461764,93,0.21505376344086022,21.68886603723423,8.91107411078578,8.86021505376344,4791,0.0,27.631021115928547,2.226445315056012,1.8275934042997284,28410,1.0,0.0,0.4078265878643607,0.15184794086589268,8878,0.4685740031538635,14.683842940408976,1.3602088241454577,1.3793647217841851,0.6680350003809372,0.14484812499722466,"[""y@t"", ""data_quality_2@t+h"", ""y@t-1""]",3,20,4000.0,279,0.0030721966205837174,0.3936628414806783,1.3793647217841856
"ar_order=2,capacity=True,numeric=True,on_change=capchain,other_lags=2,pool=local,target=avg_p_latency_2",model,3,99959,33201,0.8931056293485136,0.30763116551229375,0.5425137998906352,0.43717099348573857,33108,0.8949196568805122,0.29519779873875446,0.5193987553690391,0.41352534345172015,93,0.24731182795698925,4.733909736892274,8.771469649578826,8.855022405596282,3690,0.17479674796747968,1.9771422591360912,2.030913496136835,1.8058933132206483,29511,0.9829216224458677,0.0988786347450608,0.3564070980117263,0.26602852593730514,8006,0.6176617536847364,0.9260647296621802,1.152702709331932,1.299541249151259,0.6827467710706117,0.1975561250001192,"[""y@t"", ""y@t-1"", ""data_quality_2@t+h"", ""capacity_2@t+h""]",4,20,80000.0,593,0.044396253124905874,0.389415981446342,1.5034973769672746
"ar_order=2,capacity=True,numeric=True,on_change=capchain,other_lags=2,pool=local,target=avg_p_latency_2",cg_mean,3,99959,33201,0.8931056293485136,0.30763116551229375,0.5425137998906352,0.411963972799443,33108,0.8949196568805122,0.29519779873875446,0.5193987553690391,0.38848221528039983,93,0.24731182795698925,4.733909736892274,8.771469649578826,8.771469649578826,3690,0.17479674796747968,1.9771422591360912,2.030913496136835,1.8754276296563432,29511,0.9829216224458677,0.0988786347450608,0.3564070980117263,0.2289752264403917,8006,0.6176617536847364,0.9260647296621802,1.152702709331932,1.3290473733477595,0.6827467710706117,0.1975561250001192,"[""y@t"", ""y@t-1"", ""data_quality_2@t+h"", ""capacity_2@t+h""]",4,20,80000.0,593,0.044396253124905874,0.389415981446342,1.5034973769672746
"ar_order=2,capacity=True,numeric=True,on_change=capchain,other_lags=2,pool=local,target=avg_p_latency_2",cg_median,3,99959,33201,0.8931056293485136,0.30763116551229375,0.5425137998906352,0.3682794698175004,33108,0.8949196568805122,0.29519779873875446,0.5193987553690391,0.34467500302041804,93,0.24731182795698925,4.733909736892274,8.771469649578826,8.771469649578826,3690,0.17479674796747968,1.9771422591360912,2.030913496136835,1.891392117625229,29511,0.9829216224458677,0.0988786347450608,0.3564070980117263,0.17783232568783625,8006,0.6176617536847364,0.9260647296621802,1.152702709331932,1.3364351736197853,0.6827467710706117,0.1975561250001192,"[""y@t"", ""y@t-1"", ""data_quality_2@t+h"", ""capacity_2@t+h""]",4,20,80000.0,593,0.044396253124905874,0.389415981446342,1.5034973769672746
"ar_order=2,capacity=True,numeric=True,on_change=capchain,other_lags=2,pool=local,target=avg_p_latency_2",linear,3,99959,33201,0.8931056293485136,0.30763116551229375,0.5425137998906352,0.5394165448501762,33108,0.8949196568805122,0.29519779873875446,0.5193987553690391,0.5162928001739722,93,0.24731182795698925,4.733909736892274,8.771469649578826,8.771469649578826,3690,0.17479674796747968,1.9771422591360912,2.030913496136835,1.9781865232699496,29511,0.9829216224458677,0.0988786347450608,0.3564070980117263,0.35951544965282733,8006,0.6176617536847364,0.9260647296621802,1.152702709331932,1.3024745532557624,0.6827467710706117,0.1975561250001192,"[""y@t"", ""y@t-1"", ""data_quality_2@t+h"", ""capacity_2@t+h""]",4,20,80000.0,593,0.044396253124905874,0.389415981446342,1.5034973769672746
"ar_order=2,capacity=True,numeric=True,on_change=capchain,other_lags=2,pool=local,target=avg_p_latency_2",clg,3,99959,33201,0.8931056293485136,0.30763116551229375,0.5425137998906352,0.5140340072748857,33108,0.8949196568805122,0.29519779873875446,0.5193987553690391,0.49083896333582977,93,0.24731182795698925,4.733909736892274,8.771469649578826,8.771469649578826,3690,0.17479674796747968,1.9771422591360912,2.030913496136835,1.796637524983009,29511,0.9829216224458677,0.0988786347450608,0.3564070980117263,0.35365967294724604,8006,0.6176617536847364,0.9260647296621802,1.152702709331932,1.2075710764030674,0.6827467710706117,0.1975561250001192,"[""y@t"", ""y@t-1"", ""data_quality_2@t+h"", ""capacity_2@t+h""]",4,20,80000.0,593,0.044396253124905874,0.389415981446342,1.5034973769672746
"ar_order=2,capacity=True,numeric=True,on_change=capchain,other_lags=2,pool=local,target=avg_p_latency_2",ar,3,99959,33201,0.8888587693141773,0.4308304224847971,0.6419105606529036,0.45854845317099746,33108,0.8908118883653497,0.41538926107639884,0.617225403709249,0.4331064422198502,93,0.1935483870967742,5.927883883874584,9.429826432593932,9.515904351779449,3690,0.0,2.895131129073248,2.5473595118821937,2.192650861480768,29511,1.0,0.12269889162134326,0.4036568034086191,0.2417195457580649,8006,0.5484636522608044,1.3636090227933126,1.3728108897051494,1.4669764317063974,0.6849520855593457,0.1975561250001192,"[""y@t"", ""y@t-1"", ""data_quality_2@t+h"", ""capacity_2@t+h""]",4,20,80000.0,593,0.044396253124905874,0.389415981446342,1.5034973769672746
"ar_order=2,capacity=True,numeric=True,on_change=capchain,other_lags=2,pool=local,target=avg_p_latency_2",persistence,3,99959,33201,0.8888587693141773,3.0709456919302536,0.6300844373504897,0.38941598144634243,33108,0.8908118883653497,3.0169790181853844,0.6051430982743499,0.3635677177721401,93,0.1935483870967742,22.283081545103663,9.509201148456228,9.591397849462366,3690,0.0,27.63102111592855,2.6262533658485805,2.2715447154471544,29511,1.0,0.0,0.3804872245770169,0.1540781403544446,8006,0.5484636522608044,12.47641035899097,1.4033705478025882,1.5034973769672746,0.6849520855593457,0.1975561250001192,"[""y@t"", ""y@t-1"", ""data_quality_2@t+h"", ""capacity_2@t+h""]",4,20,80000.0,593,0.044396253124905874,0.389415981446342,1.5034973769672746
"ar_order=2,capacity=True,numeric=True,on_change=capchain,other_lags=2,pool=local,target=avg_p_latency_2",model,4,133160,33558,0.8822635437153585,0.3014497858719583,0.5003724150693271,0.41080745456455287,33464,0.8842636863495099,0.29092151964264573,0.4826489949131025,0.39261810077935894,94,0.1702127659574468,4.049512563507221,6.809909990685275,6.886217402093575,4175,0.16167664670658682,1.7055871109117815,1.6441311571317736,1.3770898553878066,29383,0.9846509886669162,0.1019373694392842,0.3378569214808333,0.27350939026080295,8388,0.5875059608965189,0.8553998727555849,1.0309484942296214,1.1420908045466267,0.7453546566862848,0.29428541700326605,"[""y@t"", ""data_quality_2@t+h"", ""cores_2@t"", ""y@t-1""]",4,20,24000.0,776,0.010072113951963764,0.37156564753561,1.3996185026227945
"ar_order=2,capacity=True,numeric=True,on_change=capchain,other_lags=2,pool=local,target=avg_p_latency_2",cg_mean,4,133160,33558,0.8822635437153585,0.3014497858719583,0.5003724150693271,0.39289867507553694,33464,0.8842636863495099,0.29092151964264573,0.4826489949131025,0.3748733623912399,94,0.1702127659574468,4.049512563507221,6.809909990685275,6.809909990685275,4175,0.16167664670658682,1.7055871109117815,1.6441311571317736,1.5024521692241632,29383,0.9846509886669162,0.1019373694392842,0.3378569214808333,0.2352433696924748,8388,0.5875059608965189,0.8553998727555849,1.0309484942296214,1.2033858993369864,0.7453546566862848,0.29428541700326605,"[""y@t"", ""data_quality_2@t+h"", ""cores_2@t"", ""y@t-1""]",4,20,24000.0,776,0.010072113951963764,0.37156564753561,1.3996185026227945
"ar_order=2,capacity=True,numeric=True,on_change=capchain,other_lags=2,pool=local,target=avg_p_latency_2",cg_median,4,133160,33558,0.8822635437153585,0.3014497858719583,0.5003724150693271,0.3449887221861975,33464,0.8842636863495099,0.29092151964264573,0.4826489949131025,0.3268288309825484,94,0.1702127659574468,4.049512563507221,6.809909990685275,6.809909990685275,4175,0.16167664670658682,1.7055871109117815,1.6441311571317736,1.5157223795499195,29383,0.9846509886669162,0.1019373694392842,0.3378569214808333,0.17864039085537564,8388,0.5875059608965189,0.8553998727555849,1.0309484942296214,1.2107773009060563,0.7453546566862848,0.29428541700326605,"[""y@t"", ""data_quality_2@t+h"", ""cores_2@t"", ""y@t-1""]",4,20,24000.0,776,0.010072113951963764,0.37156564753561,1.3996185026227945
"ar_order=2,capacity=True,numeric=True,on_change=capchain,other_lags=2,pool=local,target=avg_p_latency_2",linear,4,133160,33558,0.8822635437153585,0.3014497858719583,0.5003724150693271,0.5363175592054766,33464,0.8842636863495099,0.29092151964264573,0.4826489949131025,0.5186951085552525,94,0.1702127659574468,4.049512563507221,6.809909990685275,6.809909990685275,4175,0.16167664670658682,1.7055871109117815,1.6441311571317736,1.6177944956565908,29383,0.9846509886669162,0.1019373694392842,0.3378569214808333,0.3826516227904271,8388,0.5875059608965189,0.8553998727555849,1.0309484942296214,1.1698045425443373,0.7453546566862848,0.29428541700326605,"[""y@t"", ""data_quality_2@t+h"", ""cores_2@t"", ""y@t-1""]",4,20,24000.0,776,0.010072113951963764,0.37156564753561,1.3996185026227945
"ar_order=2,capacity=True,numeric=True,on_change=capchain,other_lags=2,pool=local,target=avg_p_latency_2",clg,4,133160,33558,0.8822635437153585,0.3014497858719583,0.5003724150693271,0.4588389498170724,33464,0.8842636863495099,0.29092151964264573,0.4826489949131025,0.44099886262362237,94,0.1702127659574468,4.049512563507221,6.809909990685275,6.809909990685275,4175,0.16167664670658682,1.7055871109117815,1.6441311571317736,1.5074439324795568,29383,0.9846509886669162,0.1019373694392842,0.3378569214808333,0.3098437552278244,8388,0.5875059608965189,0.8553998727555849,1.0309484942296214,1.067944155896774,0.7453546566862848,0.29428541700326605,"[""y@t"", ""data_quality_2@t+h"", ""cores_2@t"", ""y@t-1""]",4,20,24000.0,776,0.010072113951963764,0.37156564753561,1.3996185026227945
"ar_order=2,capacity=True,numeric=True,on_change=capchain,other_lags=2,pool=local,target=avg_p_latency_2",ar,4,133160,33558,0.8756779307467668,0.4520834142443294,0.6010892276797868,0.454341192345025,33464,0.877779105904853,0.4379067698833234,0.5813987668911559,0.43402715368785455,94,0.1276595744680851,5.498968806762467,7.610893268432334,7.68613895429772,4175,0.0011976047904191617,2.7473824318973525,2.165504011793031,1.8114645033424823,29383,0.9999319334308954,0.1259467570377347,0.37880315329416253,0.26150894841437183,8388,0.5126371006199333,1.389940963060937,1.2780556462238095,1.3471345351903043,0.7380031487623789,0.29428541700326605,"[""y@t"", ""data_quality_2@t+h"", ""cores_2@t"", ""y@t-1""]",4,20,24000.0,776,0.010072113951963764,0.37156564753561,1.3996185026227945
"ar_order=2,capacity=True,numeric=True,on_change=capchain,other_lags=2,pool=local,target=avg_p_latency_2",persistence,4,133160,33558,0.8755885332856547,3.437615863847717,0.5906120352207777,0.3715656475356102,33464,0.8776894573272771,3.379565187290687,0.5706836996603228,0.3508247669136985,94,0.1276595744680851,24.10365671815043,7.685099494742657,7.75531914893617,4175,0.0,27.631021115928547,2.2711652569535428,1.917125748502994,29383,1.0,0.0,0.3518239706686797,0.15195861552598472,8388,0.5120410109680495,13.482805129648968,1.317683059007067,1.3996185026227945,0.7455020874990387,0.29428541700326605,"[""y@t"", ""data_quality_2@t+h"", ""cores_2@t"", ""y@t-1""]",4,20,24000.0,776,0.010072113951963764,0.37156564753561,1.3996185026227945
"ar_order=2,capacity=True,numeric=True,on_change=capchain,other_lags=2,pool=local,target=avg_p_latency_2",model,5,166718,33201,0.9087979277732599,0.28249453228788457,0.5397902368375518,0.40788957276559284,33108,0.9106862389754742,0.27304913152512594,0.5181050237516734,0.3859362194128433,93,0.23655913978494625,3.6450572038299613,8.259726095410242,8.22328336634442,3389,0.24756565358512836,1.9864935879352938,2.066883364794812,1.8144100905021623,29812,0.9839661881121696,0.088785529215663,0.3661917325222708,0.24799764888899165,7258,0.6485257646734638,0.9662865382832169,1.1934119762971291,1.3160408859572248,0.6751407465784826,0.395672459002526,"[""y@t"", ""data_quality_2@t+h"", ""y@t-1"", ""cores_2@t+h""]",4,20,24000.0,843,0.016535646516671186,0.36908526851600854,1.5665472581978506
"ar_order=2,capacity=True,numeric=True,on_change=capchain,other_lags=2,pool=local,target=avg_p_latency_2",cg_mean,5,166718,33201,0.9087979277732599,0.28249453228788457,0.5397902368375518,0.3868279912999356,33108,0.9106862389754742,0.27304913152512594,0.5181050237516734,0.364713108985019,93,0.23655913978494625,3.6450572038299613,8.259726095410242,8.259726095410242,3389,0.24756565358512836,1.9864935879352938,2.066883364794812,1.8830112129849566,29812,0.9839661881121696,0.088785529215663,0.3661917325222708,0.21674329593261582,7258,0.6485257646734638,0.9662865382832169,1.1934119762971291,1.3426665971130898,0.6751407465784826,0.395672459002526,"[""y@t"", ""data_quality_2@t+h"", ""y@t-1"", ""cores_2@t+h""]",4,20,24000.0,843,0.016535646516671186,0.36908526851600854,1.5665472581978506
"ar_order=2,capacity=True,numeric=True,on_change=capchain,other_lags=2,pool=local,target=avg_p_latency_2",cg_median,5,166718,33201,0.9087979277732599,0.28249453228788457,0.5397902368375518,0.33990405490416414,33108,0.9106862389754742,0.27304913152512594,0.5181050237516734,0.31765736377914705,93,0.23655913978494625,3.6450572038299613,8.259726095410242,8.259726095410242,3389,0.24756565358512836,1.9864935879352938,2.066883364794812,1.7454807869463786,29812,0.9839661881121696,0.088785529215663,0.3661917325222708,0.18011941969381037,7258,0.6485257646734638,0.9662865382832169,1.1934119762971291,1.2798980435381648,0.6751407465784826,0.395672459002526,"[""y@t"", ""data_quality_2@t+h"", ""y@t-1"", ""cores_2@t+h""]",4,20,24000.0,843,0.016535646516671186,0.36908526851600854,1.5665472581978506
"ar_order=2,capacity=True,numeric=True,on_change=capchain,other_lags=2,pool=local,target=avg_p_latency_2",linear,5,166718,33201,0.9087979277732599,0.28249453228788457,0.5397902368375518,0.5467217628711823,33108,0.9106862389754742,0.27304913152512594,0.5181050237516734,0.5250560203640501,93,0.23655913978494625,3.6450572038299613,8.259726095410242,8.259726095410242,3389,0.24756565358512836,1.9864935879352938,2.066883364794812,2.0730360922691315,29812,0.9839661881121696,0.088785529215663,0.3661917325222708,0.37321179164048174,7258,0.6485257646734638,0.9662865382832169,1.1934119762971291,1.3496981133238888,0.6751407465784826,0.395672459002526,"[""y@t"", ""data_quality_2@t+h"", ""y@t-1"", ""cores_2@t+h""]",4,20,24000.0,843,0.016535646516671186,0.36908526851600854,1.5665472581978506
"ar_order=2,capacity=True,numeric=True,on_change=capchain,other_lags=2,pool=local,target=avg_p_latency_2",clg,5,166718,33201,0.9087979277732599,0.28249453228788457,0.5397902368375518,0.4637061571488096,33108,0.9106862389754742,0.27304913152512594,0.5181050237516734,0.44180722473796297,93,0.23655913978494625,3.6450572038299613,8.259726095410242,8.259726095410242,3389,0.24756565358512836,1.9864935879352938,2.066883364794812,1.9515819750308963,29812,0.9839661881121696,0.088785529215663,0.3661917325222708,0.2945658395987496,7258,0.6485257646734638,0.9662865382832169,1.1934119762971291,1.2638702410921188,0.6751407465784826,0.395672459002526,"[""y@t"", ""data_quality_2@t+h"", ""y@t-1"", ""cores_2@t+h""]",4,20,24000.0,843,0.016535646516671186,0.36908526851600854,1.5665472581978506
"ar_order=2,capacity=True,numeric=True,on_change=capchain,other_lags=2,pool=local,target=avg_p_latency_2",ar,5,166718,33201,0.9005150447275685,0.39057822378132745,0.6280688371336864,0.4698666427095301,33108,0.9027123353872176,0.3755512404476595,0.6032125687635377,0.44468093114707524,93,0.11827956989247312,5.740184290567147,9.476900376906682,9.435979958943445,3389,0.043375627028622014,2.668721957520466,2.6494217737309547,2.2927986123008712,29812,0.9979538440896283,0.13160099603270464,0.398283344643141,0.26263745832253643,7258,0.5635161201432901,1.291774346030197,1.4396662238662352,1.5194926737638865,0.6774575617077989,0.395672459002526,"[""y@t"", ""data_quality_2@t+h"", ""y@t-1"", ""cores_2@t+h""]",4,20,24000.0,843,0.016535646516671186,0.36908526851600854,1.5665472581978506
"ar_order=2,capacity=True,numeric=True,on_change=capchain,other_lags=2,pool=local,target=avg_p_latency_2",persistence,5,166718,33201,0.8979247613023704,2.82044307586765,0.6097324962203045,0.36908526851600876,33108,0.9001147758849825,2.759930736691304,0.5845958667290257,0.3434215295396885,93,0.11827956989247312,24.36283582264667,9.55837259511556,9.505376344086022,3389,0.0,27.631021115928544,2.764820680320445,2.399822956624373,29812,1.0,0.0,0.36474410711808475,0.13823292633838752,7258,0.5443648387985671,12.589664760316301,1.4693038516775823,1.5665472581978506,0.6881214432561366,0.395672459002526,"[""y@t"", ""data_quality_2@t+h"", ""y@t-1"", ""cores_2@t+h""]",4,20,24000.0,843,0.016535646516671186,0.36908526851600854,1.5665472581978506
"ar_order=2,capacity=True,n_bins=50,numeric=True,on_change=capchain,other_lags=2,pool=local,target=avg_p_latency_2",model,1,33200,33558,0.7469455867453364,0.7088202426299338,0.40090703731790145,0.4009070373179015,33464,0.7488345684915133,0.6863690003112703,0.38015145952805895,0.380151459528059,94,0.07446808510638298,8.701462508074124,7.789892730501833,7.789892730501833,8237,0.20553599611509044,2.0741637220697857,1.1774700014365913,1.1774700014365913,25321,0.9230678093282256,0.26466976515487134,0.1482886914608796,0.14828869146087967,8150,0.20773006134969324,1.99598615473158,1.1002053846640327,1.1002053846640327,0.36362254936925376,0.11547412499930942,"[""y@t"", ""y@t-1"", ""data_quality_2@t+h""]",3,50,25000.0,603,0.007509386733416771,0.3560402884558079,1.3711656441717792
"ar_order=2,capacity=True,n_bins=50,numeric=True,on_change=capchain,other_lags=2,pool=local,target=avg_p_latency_2",cg_mean,1,33200,33558,0.7469455867453364,0.7088202426299338,0.40090703731790145,0.4008906232857523,33464,0.7488345684915133,0.6863690003112703,0.38015145952805895,0.380134999389078,94,0.07446808510638298,8.701462508074124,7.789892730501833,7.789892730501833,8237,0.20553599611509044,2.0741637220697857,1.1774700014365913,1.1772026001185052,25321,0.9230678093282256,0.26466976515487134,0.1482886914608796,0.1483539243729375,8150,0.20773006134969324,1.99598615473158,1.1002053846640327,1.0999351288778885,0.36362254936925376,0.11547412499930942,"[""y@t"", ""y@t-1"", ""data_quality_2@t+h""]",3,50,25000.0,603,0.007509386733416771,0.3560402884558079,1.3711656441717792
"ar_order=2,capacity=True,n_bins=50,numeric=True,on_change=capchain,other_lags=2,pool=local,target=avg_p_latency_2",cg_median,1,33200,33558,0.7469455867453364,0.7088202426299338,0.40090703731790145,0.36260354957587376,33464,0.7488345684915133,0.6863690003112703,0.38015145952805895,0.3417403777193402,94,0.07446808510638298,8.701462508074124,7.789892730501833,7.789892730501833,8237,0.20553599611509044,2.0741637220697857,1.1774700014365913,1.1748387175939463,25321,0.9230678093282256,0.26466976515487134,0.1482886914608796,0.0983809249178878,8150,0.20773006134969324,1.99598615473158,1.1002053846640327,1.0975460122699388,0.36362254936925376,0.11547412499930942,"[""y@t"", ""y@t-1"", ""data_quality_2@t+h""]",3,50,25000.0,603,0.007509386733416771,0.3560402884558079,1.3711656441717792
"ar_order=2,capacity=True,n_bins=50,numeric=True,on_change=capchain,other_lags=2,pool=local,target=avg_p_latency_2",linear,1,33200,33558,0.7469455867453364,0.7088202426299338,0.40090703731790145,0.5845940482472712,33464,0.7488345684915133,0.6863690003112703,0.38015145952805895,0.5643544452072302,94,0.07446808510638298,8.701462508074124,7.789892730501833,7.789892730501833,8237,0.20553599611509044,2.0741637220697857,1.1774700014365913,1.2702664085612168,25321,0.9230678093282256,0.26466976515487134,0.1482886914608796,0.3615426983043,8150,0.20773006134969324,1.99598615473158,1.1002053846640327,1.1939923792021359,0.36362254936925376,0.11547412499930942,"[""y@t"", ""y@t-1"", ""data_quality_2@t+h""]",3,50,25000.0,603,0.007509386733416771,0.3560402884558079,1.3711656441717792
"ar_order=2,capacity=True,n_bins=50,numeric=True,on_change=capchain,other_lags=2,pool=local,target=avg_p_latency_2",clg,1,33200,33558,0.7469455867453364,0.7088202426299338,0.40090703731790145,0.4348292928986388,33464,0.7488345684915133,0.6863690003112703,0.38015145952805895,0.4141690023435737,94,0.07446808510638298,8.701462508074124,7.789892730501833,7.789892730501833,8237,0.20553599611509044,2.0741637220697857,1.1774700014365913,1.1557467465654474,25321,0.9230678093282256,0.26466976515487134,0.1482886914608796,0.20031260454298522,8150,0.20773006134969324,1.99598615473158,1.1002053846640327,1.0782502373789273,0.36362254936925376,0.11547412499930942,"[""y@t"", ""y@t-1"", ""data_quality_2@t+h""]",3,50,25000.0,603,0.007509386733416771,0.3560402884558079,1.3711656441717792
"ar_order=2,capacity=True,n_bins=50,numeric=True,on_change=capchain,other_lags=2,pool=local,target=avg_p_latency_2",ar,1,33200,33558,0.7358901007211395,0.792519201316894,0.4289893032447822,0.4289893032447822,33464,0.7377480277312933,0.7687619301976241,0.4075096311656735,0.40750963116567357,94,0.07446808510638298,9.250107719777025,8.075752563407455,8.075752563407455,8237,0.07381328153453927,2.4098145889944065,1.376540803136087,1.376540803136087,25321,0.9512657477982702,0.26640798500238577,0.12074785525281198,0.12074785525281198,8150,0.07460122699386502,2.3289098643944546,1.2981270339690574,1.2981270339690576,0.36161850984891536,0.11547412499930942,"[""y@t"", ""y@t-1"", ""data_quality_2@t+h""]",3,50,25000.0,603,0.007509386733416771,0.3560402884558079,1.3711656441717792
"ar_order=2,capacity=True,n_bins=50,numeric=True,on_change=capchain,other_lags=2,pool=local,target=avg_p_latency_2",persistence,1,33200,33558,0.7545443709398653,6.782189669584107,0.3560402884558079,0.3560402884558079,33464,0.756454697585465,6.729405393701221,0.33394095147023667,0.33394095147023667,94,0.07446808510638298,25.573391883891308,8.22340425531915,8.22340425531915,8237,0.0,27.63102111592855,1.450528104892558,1.450528104892558,25321,1.0,0.0,0.0,0.0,8150,0.0,27.631021115928547,1.3711656441717792,1.3711656441717792,0.44538042410446,0.11547412499930942,"[""y@t"", ""y@t-1"", ""data_quality_2@t+h""]",3,50,25000.0,603,0.007509386733416771,0.3560402884558079,1.3711656441717792
"ar_order=2,capacity=True,n_bins=50,numeric=True,on_change=capchain,other_lags=2,pool=local,target=avg_p_latency_2",model,2,66758,33201,0.7351585795608566,0.7458008352173733,0.42232142461163313,0.4223214246116332,33108,0.7367403648664975,0.7262189494582459,0.39999643190414924,0.3999964319041493,93,0.17204301075268819,7.716952165466719,8.3700188284759,8.3700188284759,8956,0.20131755247878516,2.011838846297792,1.1340219315638245,1.1340219315638245,24245,0.932357187048876,0.2781317724318,0.15942228085977397,0.15942228085977403,8878,0.2029736427123226,1.9489113112206304,1.0564050125434477,1.0564050125434477,0.36380245345106016,0.21571070900245104,"[""y@t"", ""data_quality_2@t+h"", ""y@t-1"", ""data_quality_2@t""]",4,50,250000.0,717,0.013433330321375862,0.3936628414806783,1.3793647217841856
"ar_order=2,capacity=True,n_bins=50,numeric=True,on_change=capchain,other_lags=2,pool=local,target=avg_p_latency_2",cg_mean,2,66758,33201,0.7351585795608566,0.7458008352173733,0.42232142461163313,0.4223450626111938,33108,0.7367403648664975,0.7262189494582459,0.39999643190414924,0.40002013630258504,93,0.17204301075268819,7.716952165466719,8.3700188284759,8.3700188284759,8956,0.20131755247878516,2.011838846297792,1.1340219315638245,1.134134134606905,24245,0.932357187048876,0.2781317724318,0.15942228085977397,0.1594132033085092,8878,0.2029736427123226,1.9489113112206304,1.0564050125434477,1.056518201375823,0.36380245345106016,0.21571070900245104,"[""y@t"", ""data_quality_2@t+h"", ""y@t-1"", ""data_quality_2@t""]",4,50,250000.0,717,0.013433330321375862,0.3936628414806783,1.3793647217841856
"ar_order=2,capacity=True,n_bins=50,numeric=True,on_change=capchain,other_lags=2,pool=local,target=avg_p_latency_2",cg_median,2,66758,33201,0.7351585795608566,0.7458008352173733,0.42232142461163313,0.3639020436447173,33108,0.7367403648664975,0.7262189494582459,0.39999643190414924,0.34141295155249485,93,0.17204301075268819,7.716952165466719,8.3700188284759,8.3700188284759,8956,0.20131755247878516,2.011838846297792,1.1340219315638245,1.121040276655302,24245,0.932357187048876,0.2781317724318,0.15942228085977397,0.08421839691991645,8878,0.2029736427123226,1.9489113112206304,1.0564050125434477,1.043309303897274,0.36380245345106016,0.21571070900245104,"[""y@t"", ""data_quality_2@t+h"", ""y@t-1"", ""data_quality_2@t""]",4,50,250000.0,717,0.013433330321375862,0.3936628414806783,1.3793647217841856
"ar_order=2,capacity=True,n_bins=50,numeric=True,on_change=capchain,other_lags=2,pool=local,target=avg_p_latency_2",linear,2,66758,33201,0.7351585795608566,0.7458008352173733,0.42232142461163313,0.5029828802594828,33108,0.7367403648664975,0.7262189494582459,0.39999643190414924,0.4808844646746051,93,0.17204301075268819,7.716952165466719,8.3700188284759,8.3700188284759,8956,0.20131755247878516,2.011838846297792,1.1340219315638245,1.2695459413409336,24245,0.932357187048876,0.2781317724318,0.15942228085977397,0.21981774208478796,8878,0.2029736427123226,1.9489113112206304,1.0564050125434477,1.1931197040915202,0.36380245345106016,0.21571070900245104,"[""y@t"", ""data_quality_2@t+h"", ""y@t-1"", ""data_quality_2@t""]",4,50,250000.0,717,0.013433330321375862,0.3936628414806783,1.3793647217841856
"ar_order=2,capacity=True,n_bins=50,numeric=True,on_change=capchain,other_lags=2,pool=local,target=avg_p_latency_2",clg,2,66758,33201,0.7351585795608566,0.7458008352173733,0.42232142461163313,0.4544005252706928,33108,0.7367403648664975,0.7262189494582459,0.39999643190414924,0.4321656423965209,93,0.17204301075268819,7.716952165466719,8.3700188284759,8.3700188284759,8956,0.20131755247878516,2.011838846297792,1.1340219315638245,1.2073946198104806,24245,0.932357187048876,0.2781317724318,0.15942228085977397,0.17624770569146667,8878,0.2029736427123226,1.9489113112206304,1.0564050125434477,1.1304223358073642,0.36380245345106016,0.21571070900245104,"[""y@t"", ""data_quality_2@t+h"", ""y@t-1"", ""data_quality_2@t""]",4,50,250000.0,717,0.013433330321375862,0.3936628414806783,1.3793647217841856
"ar_order=2,capacity=True,n_bins=50,numeric=True,on_change=capchain,other_lags=2,pool=local,target=avg_p_latency_2",ar,2,66758,33201,0.7274479684346857,0.8628780479581045,0.448582023569079,0.448582023569079,33108,0.7290080947203093,0.841400894272821,0.42516690798812157,0.42516690798812157,93,0.17204301075268819,8.508744759919047,8.78436317038995,8.78436317038995,8956,0.05013398838767307,2.4788564266926056,1.3570936811495993,1.3570936811495997,24245,0.9776448752320066,0.2659425000122933,0.1129816768876544,0.11298167688765438,8878,0.05046181572426222,2.411747915080111,1.2770965673285108,1.2770965673285108,0.3817593248455773,0.21571070900245104,"[""y@t"", ""data_quality_2@t+h"", ""y@t-1"", ""data_quality_2@t""]",4,50,250000.0,717,0.013433330321375862,0.3936628414806783,1.3793647217841856
"ar_order=2,capacity=True,n_bins=50,numeric=True,on_change=capchain,other_lags=2,pool=local,target=avg_p_latency_2",persistence,2,66758,33201,0.730249088882865,7.453493121118522,0.3936628414806783,0.3936628414806783,33108,0.7318472876646128,7.409333256832598,0.3698803914461761,0.3698803914461761,93,0.16129032258064516,23.174404806907813,8.86021505376344,8.86021505376344,8956,0.0,27.631021115928547,1.4593568557391692,1.4593568557391692,24245,1.0,0.0,0.0,0.0,8878,0.0,27.631021115928547,1.3793647217841856,1.3793647217841856,0.43121291316431304,0.21571070900245104,"[""y@t"", ""data_quality_2@t+h"", ""y@t-1"", ""data_quality_2@t""]",4,50,250000.0,717,0.013433330321375862,0.3936628414806783,1.3793647217841856
"ar_order=2,capacity=True,n_bins=50,numeric=True,on_change=capchain,other_lags=2,pool=local,target=avg_p_latency_2",model,3,99959,33201,0.7749465377548869,0.6348925950989216,0.41340766703602666,0.41340766703602666,33108,0.7767911078893319,0.6157628843565853,0.3886141229010378,0.38861412290103775,93,0.11827956989247312,7.445069619370676,9.239909379092058,9.239909379092058,8089,0.23599950550129806,1.8783038458299999,1.2518930889852184,1.2518930889852184,25112,0.9485504937878305,0.2343687974259489,0.14331732862622212,0.14331732862622218,8006,0.23832125905570822,1.811402680162306,1.1576107534152007,1.1576107534152005,0.455605729931892,0.4155702089992701,"[""y@t"", ""y@t-1"", ""data_quality_2@t+h"", ""capacity_2@t+h""]",4,50,1250000.0,1467,0.04668534080298786,0.389415981446342,1.5034973769672746
"ar_order=2,capacity=True,n_bins=50,numeric=True,on_change=capchain,other_lags=2,pool=local,target=avg_p_latency_2",cg_mean,3,99959,33201,0.7749465377548869,0.6348925950989216,0.41340766703602666,0.41343232203109503,33108,0.7767911078893319,0.6157628843565853,0.3886141229010378,0.3886388471517104,93,0.11827956989247312,7.445069619370676,9.239909379092058,9.239909379092058,8089,0.23599950550129806,1.8783038458299999,1.2518930889852184,1.2519516930315475,25112,0.9485504937878305,0.2343687974259489,0.14331732862622212,0.14333104805759003,8006,0.23832125905570822,1.811402680162306,1.1576107534152007,1.1576699650228393,0.455605729931892,0.4155702089992701,"[""y@t"", ""y@t-1"", ""data_quality_2@t+h"", ""capacity_2@t+h""]",4,50,1250000.0,1467,0.04668534080298786,0.389415981446342,1.5034973769672746
"ar_order=2,capacity=True,n_bins=50,numeric=True,on_change=capchain,other_lags=2,pool=local,target=avg_p_latency_2",cg_median,3,99959,33201,0.7749465377548869,0.6348925950989216,0.41340766703602666,0.3564444315609639,33108,0.7767911078893319,0.6157628843565853,0.3886141229010378,0.3314908783375619,93,0.11827956989247312,7.445069619370676,9.239909379092058,9.239909379092058,8089,0.23599950550129806,1.8783038458299999,1.2518930889852184,1.2522847700530764,25112,0.9485504937878305,0.2343687974259489,0.14331732862622212,0.06787910430456462,8006,0.23832125905570822,1.811402680162306,1.1576107534152007,1.1580064951286535,0.455605729931892,0.4155702089992701,"[""y@t"", ""y@t-1"", ""data_quality_2@t+h"", ""capacity_2@t+h""]",4,50,1250000.0,1467,0.04668534080298786,0.389415981446342,1.5034973769672746
"ar_order=2,capacity=True,n_bins=50,numeric=True,on_change=capchain,other_lags=2,pool=local,target=avg_p_latency_2",linear,3,99959,33201,0.7749465377548869,0.6348925950989216,0.41340766703602666,0.5407287009552554,33108,0.7767911078893319,0.6157628843565853,0.3886141229010378,0.5162928001739722,93,0.11827956989247312,7.445069619370676,9.239909379092058,9.239909379092058,8089,0.23599950550129806,1.8783038458299999,1.2518930889852184,1.395270463385458,25112,0.9485504937878305,0.2343687974259489,0.14331732862622212,0.2654663436640038,8006,0.23832125905570822,1.811402680162306,1.1576107534152007,1.3024745532557624,0.455605729931892,0.4155702089992701,"[""y@t"", ""y@t-1"", ""data_quality_2@t+h"", ""capacity_2@t+h""]",4,50,1250000.0,1467,0.04668534080298786,0.389415981446342,1.5034973769672746
"ar_order=2,capacity=True,n_bins=50,numeric=True,on_change=capchain,other_lags=2,pool=local,target=avg_p_latency_2",clg,3,99959,33201,0.7749465377548869,0.6348925950989216,0.41340766703602666,0.5150628651113434,33108,0.7767911078893319,0.6157628843565853,0.3886141229010378,0.4905548692855548,93,0.11827956989247312,7.445069619370676,9.239909379092058,9.239909379092058,8089,0.23599950550129806,1.8783038458299999,1.2518930889852184,1.3017423783897983,25112,0.9485504937878305,0.2343687974259489,0.14331732862622212,0.2616600862442908,8006,0.23832125905570822,1.811402680162306,1.1576107534152007,1.2079768415982692,0.455605729931892,0.4155702089992701,"[""y@t"", ""y@t-1"", ""data_quality_2@t+h"", ""capacity_2@t+h""]",4,50,1250000.0,1467,0.04668534080298786,0.389415981446342,1.5034973769672746
"ar_order=2,capacity=True,n_bins=50,numeric=True,on_change=capchain,other_lags=2,pool=local,target=avg_p_latency_2",ar,3,99959,33201,0.7582000542152345,0.7575119541057947,0.42930576589010455,0.42930576589010455,33108,0.7599975836655793,0.7367875792745819,0.40383109834214026,0.4038310983421403,93,0.11827956989247312,8.135389394017572,9.498287412965402,9.498287412965402,8089,0.021139819507973792,2.3072053902083254,1.5022579922238797,1.5022579922238797,25112,0.9956196240841032,0.2583294833892699,0.08368970349706913,0.08368970349706913,8006,0.021234074444166876,2.2367505896848106,1.4075355106931777,1.4075355106931777,0.4610327379165997,0.4155702089992701,"[""y@t"", ""y@t-1"", ""data_quality_2@t+h"", ""capacity_2@t+h""]",4,50,1250000.0,1467,0.04668534080298786,0.389415981446342,1.5034973769672746
"ar_order=2,capacity=True,n_bins=50,numeric=True,on_change=capchain,other_lags=2,pool=local,target=avg_p_latency_2",persistence,3,99959,33201,0.7563627601578266,6.731945718705643,0.389415981446342,0.389415981446342,33108,0.7581853328500664,6.681586174161047,0.36356771777213964,0.36356771777213964,93,0.10752688172043011,24.659943576581387,9.591397849462366,9.591397849462366,8089,0.0,27.63102111592855,1.598343429348498,1.598343429348498,25112,1.0,0.0,0.0,0.0,8006,0.0,27.631021115928547,1.5034973769672746,1.5034973769672746,0.476912625389728,0.4155702089992701,"[""y@t"", ""y@t-1"", ""data_quality_2@t+h"", ""capacity_2@t+h""]",4,50,1250000.0,1467,0.04668534080298786,0.389415981446342,1.5034973769672746
"ar_order=2,capacity=True,n_bins=50,numeric=True,on_change=capchain,other_lags=2,pool=local,target=avg_p_latency_2",model,4,133160,33558,0.7723940640085821,0.6206166457571168,0.39130301284878866,0.3913030128487886,33464,0.7742947645230696,0.6006402576539068,0.3713718136926566,0.37137181369265654,94,0.09574468085106383,7.7322108104998915,7.486809912431805,7.486809912431805,8474,0.23743214538588625,1.7689600691755791,1.12543419097819,1.1254341909781902,25084,0.9531175251156115,0.2326776340345827,0.14329521491111732,0.14329521491111724,8388,0.23974725798760133,1.7006741188970211,1.0532616097883396,1.0532616097883394,0.5220383448560361,0.6166633749962784,"[""y@t"", ""y@t-1"", ""capacity_2@t+h"", ""cores_2@t""]",4,50,750000.0,1783,0.019637642290958938,0.37156564753561,1.3996185026227945
"ar_order=2,capacity=True,n_bins=50,numeric=True,on_change=capchain,other_lags=2,pool=local,target=avg_p_latency_2",cg_mean,4,133160,33558,0.7723940640085821,0.6206166457571168,0.39130301284878866,0.39130553133505724,33464,0.7742947645230696,0.6006402576539068,0.3713718136926566,0.37137433925332475,94,0.09574468085106383,7.7322108104998915,7.486809912431805,7.486809912431805,8474,0.23743214538588625,1.7689600691755791,1.12543419097819,1.1254445574154661,25084,0.9531175251156115,0.2326776340345827,0.14329521491111732,0.14329508216405637,8388,0.23974725798760133,1.7006741188970211,1.0532616097883396,1.0532720825100226,0.5220383448560361,0.6166633749962784,"[""y@t"", ""y@t-1"", ""capacity_2@t+h"", ""cores_2@t""]",4,50,750000.0,1783,0.019637642290958938,0.37156564753561,1.3996185026227945
"ar_order=2,capacity=True,n_bins=50,numeric=True,on_change=capchain,other_lags=2,pool=local,target=avg_p_latency_2",cg_median,4,133160,33558,0.7723940640085821,0.6206166457571168,0.39130301284878866,0.32794743821945854,33464,0.7742947645230696,0.6006402576539068,0.3713718136926566,0.30783827396605307,94,0.09574468085106383,7.7322108104998915,7.486809912431805,7.486809912431805,8474,0.23743214538588625,1.7689600691755791,1.12543419097819,1.127527844163865,25084,0.9531175251156115,0.2326776340345827,0.14329521491111732,0.057829260896348184,8388,0.23974725798760133,1.7006741188970211,1.0532616097883396,1.0553767286599904,0.5220383448560361,0.6166633749962784,"[""y@t"", ""y@t-1"", ""capacity_2@t+h"", ""cores_2@t""]",4,50,750000.0,1783,0.019637642290958938,0.37156564753561,1.3996185026227945
"ar_order=2,capacity=True,n_bins=50,numeric=True,on_change=capchain,other_lags=2,pool=local,target=avg_p_latency_2",linear,4,133160,33558,0.7723940640085821,0.6206166457571168,0.39130301284878866,0.434241263122774,33464,0.7742947645230696,0.6006402576539068,0.3713718136926566,0.4144306770292093,94,0.09574468085106383,7.7322108104998915,7.486809912431805,7.486809912431805,8474,0.23743214538588625,1.7689600691755791,1.12543419097819,1.2915279005537743,25084,0.9531175251156115,0.2326776340345827,0.14329521491111732,0.14462848343889997,8388,0.23974725798760133,1.7006741188970211,1.0532616097883396,1.2210582353180843,0.5220383448560361,0.6166633749962784,"[""y@t"", ""y@t-1"", ""capacity_2@t+h"", ""cores_2@t""]",4,50,750000.0,1783,0.019637642290958938,0.37156564753561,1.3996185026227945
"ar_order=2,capacity=True,n_bins=50,numeric=True,on_change=capchain,other_lags=2,pool=local,target=avg_p_latency_2",clg,4,133160,33558,0.7723940640085821,0.6206166457571168,0.39130301284878866,0.508523042671457,33464,0.7742947645230696,0.6006402576539068,0.3713718136926566,0.48892111326201776,94,0.09574468085106383,7.7322108104998915,7.486809912431805,7.486809912431805,8474,0.23743214538588625,1.7689600691755791,1.12543419097819,1.169668793452509,25084,0.9531175251156115,0.2326776340345827,0.14329521491111732,0.2851715400355682,8388,0.23974725798760133,1.7006741188970211,1.0532616097883396,1.0979497382298484,0.5220383448560361,0.6166633749962784,"[""y@t"", ""y@t-1"", ""capacity_2@t+h"", ""cores_2@t""]",4,50,750000.0,1783,0.019637642290958938,0.37156564753561,1.3996185026227945
"ar_order=2,capacity=True,n_bins=50,numeric=True,on_change=capchain,other_lags=2,pool=local,target=avg_p_latency_2",ar,4,133160,33558,0.7520412420287264,0.7669237262291726,0.4140393762943692,0.4140393762943692,33464,0.7539146545541477,0.7473240620361715,0.3933930302268517,0.3933930302268516,94,0.0851063829787234,7.744404178937554,7.764138576330607,7.764138576330607,8474,0.034812367240972385,2.274805197020172,1.3849339854937825,1.3849339854937825,25084,0.9943390208898102,0.2575238066197432,0.08604699396476355,0.08604699396476351,8388,0.035169289461134956,2.211486959516327,1.3121781426483723,1.3121781426483723,0.5240942252252699,0.6166633749962784,"[""y@t"", ""y@t-1"", ""capacity_2@t+h"", ""cores_2@t""]",4,50,750000.0,1783,0.019637642290958938,0.37156564753561,1.3996185026227945
"ar_order=2,capacity=True,n_bins=50,numeric=True,on_change=capchain,other_lags=2,pool=local,target=avg_p_latency_2",persistence,4,133160,33558,0.747481971512009,6.977330977304325,0.37156564753561,0.37156564753561,33464,0.7493425770977767,6.925920545075564,0.3508247669136983,0.3508247669136983,94,0.0851063829787234,25.279444850743133,7.75531914893617,7.75531914893617,8474,0.0,27.631021115928544,1.471442058059948,1.471442058059948,25084,1.0,0.0,0.0,0.0,8388,0.0,27.631021115928547,1.3996185026227945,1.3996185026227945,0.5357881163598136,0.6166633749962784,"[""y@t"", ""y@t-1"", ""capacity_2@t+h"", ""cores_2@t""]",4,50,750000.0,1783,0.019637642290958938,0.37156564753561,1.3996185026227945
"ar_order=2,capacity=True,n_bins=50,numeric=True,on_change=capchain,other_lags=2,pool=local,target=avg_p_latency_2",model,5,166718,33201,0.7995542302942682,0.5840587492893957,0.3886344020737712,0.3886078968480249,33108,0.8014075148000483,0.567847244424125,0.36449470309552645,0.36446812341689894,93,0.13978494623655913,6.355354481325812,8.98236723832889,8.98236723832889,7340,0.23051771117166212,1.8737232481729298,1.2676592367084918,1.2675393457003177,25861,0.9610610571903638,0.2180196393630535,0.1391451214497098,0.13914512144970975,7258,0.23284651419123725,1.8136642544827002,1.1670239192481129,1.1669026737259305,0.419176242591077,0.84333779100416,"[""y@t"", ""capacity_2@t+h"", ""y@t-1"", ""data_quality_2@t+h""]",4,50,1250000.0,1864,0.020511430378603056,0.36908526851600854,1.5665472581978506
"ar_order=2,capacity=True,n_bins=50,numeric=True,on_change=capchain,other_lags=2,pool=local,target=avg_p_latency_2",cg_mean,5,166718,33201,0.7995542302942682,0.5840587492893957,0.3886344020737712,0.3874339894141107,33108,0.8014075148000483,0.567847244424125,0.36449470309552645,0.36329091849019285,93,0.13978494623655913,6.355354481325812,8.98236723832889,8.98236723832889,7340,0.23051771117166212,1.8737232481729298,1.2676592367084918,1.2623617932586733,25861,0.9610610571903638,0.2180196393630535,0.1391451214497098,0.13910754881942805,7258,0.23284651419123725,1.8136642544827002,1.1670239192481129,1.1616666259274089,0.419176242591077,0.84333779100416,"[""y@t"", ""capacity_2@t+h"", ""y@t-1"", ""data_quality_2@t+h""]",4,50,1250000.0,1864,0.020511430378603056,0.36908526851600854,1.5665472581978506
"ar_order=2,capacity=True,n_bins=50,numeric=True,on_change=capchain,other_lags=2,pool=local,target=avg_p_latency_2",cg_median,5,166718,33201,0.7995542302942682,0.5840587492893957,0.3886344020737712,0.32911238074650123,33108,0.8014075148000483,0.567847244424125,0.36449470309552645,0.30480548507913496,93,0.13978494623655913,6.355354481325812,8.98236723832889,8.98236723832889,7340,0.23051771117166212,1.8737232481729298,1.2676592367084918,1.2298854484383555,25861,0.9610610571903638,0.2180196393630535,0.1391451214497098,0.07345040646638021,7258,0.23284651419123725,1.8136642544827002,1.1670239192481129,1.1288233673188206,0.419176242591077,0.84333779100416,"[""y@t"", ""capacity_2@t+h"", ""y@t-1"", ""data_quality_2@t+h""]",4,50,1250000.0,1864,0.020511430378603056,0.36908526851600854,1.5665472581978506
"ar_order=2,capacity=True,n_bins=50,numeric=True,on_change=capchain,other_lags=2,pool=local,target=avg_p_latency_2",linear,5,166718,33201,0.7995542302942682,0.5840587492893957,0.3886344020737712,0.5504666352013072,33108,0.8014075148000483,0.567847244424125,0.36449470309552645,0.5267815211475779,93,0.13978494623655913,6.355354481325812,8.98236723832889,8.98236723832889,7340,0.23051771117166212,1.8737232481729298,1.2676592367084918,1.452173648506745,25861,0.9610610571903638,0.2180196393630535,0.1391451214497098,0.2945395837469198,7258,0.23284651419123725,1.8136642544827002,1.1670239192481129,1.3536229523976275,0.419176242591077,0.84333779100416,"[""y@t"", ""capacity_2@t+h"", ""y@t-1"", ""data_quality_2@t+h""]",4,50,1250000.0,1864,0.020511430378603056,0.36908526851600854,1.5665472581978506
"ar_order=2,capacity=True,n_bins=50,numeric=True,on_change=capchain,other_lags=2,pool=local,target=avg_p_latency_2",clg,5,166718,33201,0.7995542302942682,0.5840587492893957,0.3886344020737712,0.4786050992234684,33108,0.8014075148000483,0.567847244424125,0.36449470309552645,0.45471812692261043,93,0.13978494623655913,6.355354481325812,8.98236723832889,8.98236723832889,7340,0.23051771117166212,1.8737232481729298,1.2676592367084918,1.3632574261111308,25861,0.9610610571903638,0.2180196393630535,0.1391451214497098,0.22751859524622697,7258,0.23284651419123725,1.8136642544827002,1.1670239192481129,1.2637021653510845,0.419176242591077,0.84333779100416,"[""y@t"", ""capacity_2@t+h"", ""y@t-1"", ""data_quality_2@t+h""]",4,50,1250000.0,1864,0.020511430378603056,0.36908526851600854,1.5665472581978506
"ar_order=2,capacity=True,n_bins=50,numeric=True,on_change=capchain,other_lags=2,pool=local,target=avg_p_latency_2",ar,5,166718,33201,0.783560736122406,0.6777964192519971,0.41278564677767776,0.41275914155193166,33108,0.7854295034432766,0.6569606042627026,0.3873481990955812,0.3873216194169537,93,0.11827956989247312,8.095346555440875,9.468517021604065,9.468517021604066,7340,0.04863760217983651,2.2035632792034794,1.5263355016578473,1.5262156106496727,25861,0.9921503422141449,0.24474554140334934,0.09673228709242034,0.09673228709242043,7258,0.04918710388536787,2.12496795413382,1.4223083814753512,1.4221871359531686,0.4240857754156903,0.84333779100416,"[""y@t"", ""capacity_2@t+h"", ""y@t-1"", ""data_quality_2@t+h""]",4,50,1250000.0,1864,0.020511430378603056,0.36908526851600854,1.5665472581978506
"ar_order=2,capacity=True,n_bins=50,numeric=True,on_change=capchain,other_lags=2,pool=local,target=avg_p_latency_2",persistence,5,166718,33201,0.7789223216168187,6.10860199966614,0.3690587632902623,0.36908526851600854,33108,0.7807780596834601,6.057326061961138,0.3433949498610607,0.3434215295396883,93,0.11827956989247312,24.36283582264667,9.505376344086022,9.505376344086022,7340,0.0,27.631021115928547,1.6693623978201633,1.6694822888283378,25861,1.0,0.0,0.0,0.0,7258,0.0,27.631021115928544,1.5664260126756682,1.5665472581978506,0.44933936478287106,0.84333779100416,"[""y@t"", ""capacity_2@t+h"", ""y@t-1"", ""data_quality_2@t+h""]",4,50,1250000.0,1864,0.020511430378603056,0.36908526851600854,1.5665472581978506
"ar_order=2,capacity=True,numeric=True,on_change=capchain,other_lags=2,pool=local,target=avg_p_latency_3",model,1,33200,33558,0.8973419154896001,0.39376254175203396,0.67657234922059,0.38211102431755456,33464,0.8989959359311499,0.37585590558733895,0.6631160109653356,0.3677499286044558,94,0.30851063829787234,6.768525016383469,5.467028768091165,5.494661098180717,3414,0.2747510251903925,2.4513199773202086,1.7238836317674922,1.5437697038149316,30144,0.9678542993630573,0.16073105671256518,0.557957675699653,0.2505457797646072,6488,0.5762946979038225,1.4307418906304192,1.3180494591364316,1.3861166489538475,0.5544543155802819,0.07711516699782806,"[""y@t"", ""y@t-1""]",2,20,400.0,144,0.013409619166815663,0.30457715000893976,1.4921393341553637
"ar_order=2,capacity=True,numeric=True,on_change=capchain,other_lags=2,pool=local,target=avg_p_latency_3",cg_mean,1,33200,33558,0.8973419154896001,0.39376254175203396,0.67657234922059,0.32982607201018016,33464,0.8989959359311499,0.37585590558733895,0.6631160109653356,0.3153957273582673,94,0.30851063829787234,6.768525016383469,5.467028768091165,5.467028768091165,3414,0.2747510251903925,2.4513199773202086,1.7238836317674922,1.5656787718787732,30144,0.9678542993630573,0.16073105671256518,0.557957675699653,0.18985788207681445,6488,0.5762946979038225,1.4307418906304192,1.3180494591364316,1.262515453708321,0.5544543155802819,0.07711516699782806,"[""y@t"", ""y@t-1""]",2,20,400.0,144,0.013409619166815663,0.30457715000893976,1.4921393341553637
"ar_order=2,capacity=True,numeric=True,on_change=capchain,other_lags=2,pool=local,target=avg_p_latency_3",cg_median,1,33200,33558,0.8973419154896001,0.39376254175203396,0.67657234922059,0.2902556977233616,33464,0.8989959359311499,0.37585590558733895,0.6631160109653356,0.275714200334688,94,0.30851063829787234,6.768525016383469,5.467028768091165,5.467028768091165,3414,0.2747510251903925,2.4513199773202086,1.7238836317674922,1.4699994923159072,30144,0.9678542993630573,0.16073105671256518,0.557957675699653,0.15664219869407053,6488,0.5762946979038225,1.4307418906304192,1.3180494591364316,1.2125462392108508,0.5544543155802819,0.07711516699782806,"[""y@t"", ""y@t-1""]",2,20,400.0,144,0.013409619166815663,0.30457715000893976,1.4921393341553637
"ar_order=2,capacity=True,numeric=True,on_change=capchain,other_lags=2,pool=local,target=avg_p_latency_3",linear,1,33200,33558,0.8973419154896001,0.39376254175203396,0.67657234922059,0.3757245689310823,33464,0.8989959359311499,0.37585590558733895,0.6631160109653356,0.3614231526413068,94,0.30851063829787234,6.768525016383469,5.467028768091165,5.467028768091165,3414,0.2747510251903925,2.4513199773202086,1.7238836317674922,1.7361647371940039,30144,0.9678542993630573,0.16073105671256518,0.557957675699653,0.2216460546513048,6488,0.5762946979038225,1.4307418906304192,1.3180494591364316,1.2534828866533563,0.5544543155802819,0.07711516699782806,"[""y@t"", ""y@t-1""]",2,20,400.0,144,0.013409619166815663,0.30457715000893976,1.4921393341553637
"ar_order=2,capacity=True,numeric=True,on_change=capchain,other_lags=2,pool=local,target=avg_p_latency_3",clg,1,33200,33558,0.8973419154896001,0.39376254175203396,0.67657234922059,0.3757245689310823,33464,0.8989959359311499,0.37585590558733895,0.6631160109653356,0.3614231526413068,94,0.30851063829787234,6.768525016383469,5.467028768091165,5.467028768091165,3414,0.2747510251903925,2.4513199773202086,1.7238836317674922,1.7361647371940039,30144,0.9678542993630573,0.16073105671256518,0.557957675699653,0.2216460546513048,6488,0.5762946979038225,1.4307418906304192,1.3180494591364316,1.2534828866533563,0.5544543155802819,0.07711516699782806,"[""y@t"", ""y@t-1""]",2,20,400.0,144,0.013409619166815663,0.30457715000893976,1.4921393341553637
"ar_order=2,capacity=True,numeric=True,on_change=capchain,other_lags=2,pool=local,target=avg_p_latency_3",ar,1,33200,33558,0.8845282793968652,0.4468752069464025,0.7273915991139943,0.4174661670528434,33464,0.8861761893377958,0.4325216730623561,0.7138205892205997,0.4029442344731004,94,0.2978723404255319,5.5567332696669105,5.558671121162508,5.587274165441343,3414,0.053895723491505565,2.8204267290250313,2.175247705313286,1.9661951759485348,30144,0.9786027070063694,0.17805537890843673,0.5634126730735093,0.24206274227942612,6488,0.46824907521578296,1.6628276627616085,1.5486281645440538,1.6059065921001487,0.5342238138870575,0.07711516699782806,"[""y@t"", ""y@t-1""]",2,20,400.0,144,0.013409619166815663,0.30457715000893976,1.4921393341553637
"ar_order=2,capacity=True,numeric=True,on_change=capchain,other_lags=2,pool=local,target=avg_p_latency_3",persistence,1,33200,33558,0.8982656892544252,2.8110228884254145,0.6451043041472431,0.3045771500089401,33464,0.8999521874252928,2.764423221854195,0.6308517190739333,0.28929595983743756,94,0.2978723404255319,19.400504187779617,5.719024590245484,5.74468085106383,3414,0.0,27.631021115928547,2.260577604655846,2.0439367311072054,30144,1.0,0.0,0.46214166322578704,0.10758359872611499,6488,0.4839704069050555,14.258424583250429,1.3872032122301925,1.4921393341553637,0.6360426587205381,0.07711516699782806,"[""y@t"", ""y@t-1""]",2,20,400.0,144,0.013409619166815663,0.30457715000893976,1.4921393341553637
"ar_order=2,capacity=True,numeric=True,on_change=capchain,other_lags=2,pool=local,target=avg_p_latency_3",model,2,66758,33201,0.878738592211078,0.3944800158044543,0.6347948675130478,0.36446228509477546,33108,0.8803612419958923,0.38473778583593105,0.6223444719914782,0.35093878943127255,93,0.3010752688172043,3.862713884598735,5.067135673191822,5.178826741301822,4243,0.24322413386754654,1.8116069140143778,1.4150208424833775,1.2028579920391587,28958,0.9718557911457973,0.18683896914706413,0.5204741681622947,0.2416184082881929,6592,0.4858919902912621,1.3689557474041059,1.2579623687196109,1.1479950506535082,0.5794435171216159,0.17207716700067976,"[""y@t"", ""y@t-1"", ""capacity_3@t+h"", ""data_quality_3@t+h""]",4,20,64000.0,592,0.04466732929731032,0.3092376735640493,1.4778519417475728
"ar_order=2,capacity=True,numeric=True,on_change=capchain,other_lags=2,pool=local,target=avg_p_latency_3",cg_mean,2,66758,33201,0.878738592211078,0.3944800158044543,0.6347948675130478,0.33342791843182573,33108,0.8803612419958923,0.38473778583593105,0.6223444719914782,0.32013098653643246,93,0.3010752688172043,3.862713884598735,5.067135673191822,5.067135673191822,4243,0.24322413386754654,1.8116069140143778,1.4150208424833775,1.2892384371042616,28958,0.9718557911457973,0.18683896914706413,0.5204741681622947,0.19338012401483745,6592,0.4858919902912621,1.3689557474041059,1.2579623687196109,1.186510062453841,0.5794435171216159,0.17207716700067976,"[""y@t"", ""y@t-1"", ""capacity_3@t+h"", ""data_quality_3@t+h""]",4,20,64000.0,592,0.04466732929731032,0.3092376735640493,1.4778519417475728
"ar_order=2,capacity=True,numeric=True,on_change=capchain,other_lags=2,pool=local,target=avg_p_latency_3",cg_median,2,66758,33201,0.878738592211078,0.3944800158044543,0.6347948675130478,0.29067629341305506,33108,0.8803612419958923,0.38473778583593105,0.6223444719914782,0.2772592726833394,93,0.3010752688172043,3.862713884598735,5.067135673191822,5.067135673191822,4243,0.24322413386754654,1.8116069140143778,1.4150208424833775,1.3318727472788265,28958,0.9718557911457973,0.18683896914706413,0.5204741681622947,0.1381175340459555,6592,0.4858919902912621,1.3689557474041059,1.2579623687196109,1.1940989077669903,0.5794435171216159,0.17207716700067976,"[""y@t"", ""y@t-1"", ""capacity_3@t+h"", ""data_quality_3@t+h""]",4,20,64000.0,592,0.04466732929731032,0.3092376735640493,1.4778519417475728
"ar_order=2,capacity=True,numeric=True,on_change=capchain,other_lags=2,pool=local,target=avg_p_latency_3",linear,2,66758,33201,0.878738592211078,0.3944800158044543,0.6347948675130478,0.4823583125118051,33108,0.8803612419958923,0.38473778583593105,0.6223444719914782,0.4694797244200073,93,0.3010752688172043,3.862713884598735,5.067135673191822,5.067135673191822,4243,0.24322413386754654,1.8116069140143778,1.4150208424833775,1.4788860787104214,28958,0.9718557911457973,0.18683896914706413,0.5204741681622947,0.33634452316237734,6592,0.4858919902912621,1.3689557474041059,1.2579623687196109,1.2173529159479348,0.5794435171216159,0.17207716700067976,"[""y@t"", ""y@t-1"", ""capacity_3@t+h"", ""data_quality_3@t+h""]",4,20,64000.0,592,0.04466732929731032,0.3092376735640493,1.4778519417475728
"ar_order=2,capacity=True,numeric=True,on_change=capchain,other_lags=2,pool=local,target=avg_p_latency_3",clg,2,66758,33201,0.878738592211078,0.3944800158044543,0.6347948675130478,0.43688124922770494,33108,0.8803612419958923,0.38473778583593105,0.6223444719914782,0.4238749165761203,93,0.3010752688172043,3.862713884598735,5.067135673191822,5.067135673191822,4243,0.24322413386754654,1.8116069140143778,1.4150208424833775,1.3606160499497566,28958,0.9718557911457973,0.18683896914706413,0.5204741681622947,0.30153327079467546,6592,0.4858919902912621,1.3689557474041059,1.2579623687196109,1.2337499356963295,0.5794435171216159,0.17207716700067976,"[""y@t"", ""y@t-1"", ""capacity_3@t+h"", ""data_quality_3@t+h""]",4,20,64000.0,592,0.04466732929731032,0.3092376735640493,1.4778519417475728
"ar_order=2,capacity=True,numeric=True,on_change=capchain,other_lags=2,pool=local,target=avg_p_latency_3",ar,2,66758,33201,0.8619318695220024,0.4865024862353239,0.727914736315635,0.365549107776651,33108,0.8635073094116226,0.47380368188118427,0.7146475249172515,0.3509606935549575,93,0.3010752688172043,5.007276836309023,5.451041994140173,5.559024570699509,4243,0.03016733443318407,2.5367598969424208,1.928401469271205,1.6390395666946356,28958,0.9838041301194834,0.18609354246744583,0.5520163590820386,0.1789540384628514,6592,0.3504247572815534,1.8301266291475784,1.5754110034226092,1.4231553140195503,0.5581515004932072,0.17207716700067976,"[""y@t"", ""y@t-1"", ""capacity_3@t+h"", ""data_quality_3@t+h""]",4,20,64000.0,592,0.04466732929731032,0.3092376735640493,1.4778519417475728
"ar_order=2,capacity=True,numeric=True,on_change=capchain,other_lags=2,pool=local,target=avg_p_latency_3",persistence,2,66758,33201,0.8722026444986597,3.531171428417362,0.6962101360025895,0.3092376735640495,33108,0.8738069348797873,3.4868432470203414,0.6826061573039891,0.29424912407877274,93,0.3010752688172043,19.312004005756506,5.539226552704369,5.645161290322581,4243,0.0,27.631021115928544,2.103879932272539,1.8145180296959698,28958,1.0,0.0,0.4899547680361071,0.08868015746943875,6592,0.36620145631067963,17.512500943924373,1.5728841154273834,1.4778519417475728,0.7097186566604571,0.17207716700067976,"[""y@t"", ""y@t-1"", ""capacity_3@t+h"", ""data_quality_3@t+h""]",4,20,64000.0,592,0.04466732929731032,0.3092376735640493,1.4778519417475728
"ar_order=2,capacity=True,numeric=True,on_change=capchain,other_lags=2,pool=local,target=avg_p_latency_3",model,3,99959,33201,0.9101231890605704,0.28122751273764773,0.3945292789790488,0.34113911924171497,33108,0.9115923643832307,0.2738223875467478,0.3809375270291694,0.3274892233373231,93,0.3870967741935484,2.917452080698031,5.233192973136155,5.200502061205218,3424,0.2692757009345794,2.0372765673060935,1.6833887096183924,1.5792089281259494,29777,0.9838130100413071,0.07930280699689622,0.24632581017731894,0.19877585143032972,6823,0.6343250769456251,1.0385974232379818,1.0489421331936444,1.253366051155753,0.711389954060867,0.31836591699538985,"[""y@t"", ""y@t-1"", ""data_quality_3@t+h""]",3,20,3600.0,276,0.0023493268275051955,0.3295382669196711,1.5082808148908105
"ar_order=2,capacity=True,numeric=True,on_change=capchain,other_lags=2,pool=local,target=avg_p_latency_3",cg_mean,3,99959,33201,0.9101231890605704,0.28122751273764773,0.3945292789790488,0.3334457838738684,33108,0.9115923643832307,0.2738223875467478,0.3809375270291694,0.3196824490725698,93,0.3870967741935484,2.917452080698031,5.233192973136155,5.233192973136155,3424,0.2692757009345794,2.0372765673060935,1.6833887096183924,1.5894843986383265,29777,0.9838130100413071,0.07930280699689622,0.24632581017731894,0.18901631760951992,6823,0.6343250769456251,1.0385974232379818,1.0489421331936444,1.2557686257894396,0.711389954060867,0.31836591699538985,"[""y@t"", ""y@t-1"", ""data_quality_3@t+h""]",3,20,3600.0,276,0.0023493268275051955,0.3295382669196711,1.5082808148908105
"ar_order=2,capacity=True,numeric=True,on_change=capchain,other_lags=2,pool=local,target=avg_p_latency_3",cg_median,3,99959,33201,0.9101231890605704,0.28122751273764773,0.3945292789790488,0.28480126943470563,33108,0.9115923643832307,0.2738223875467478,0.3809375270291694,0.27090129273891506,93,0.3870967741935484,2.917452080698031,5.233192973136155,5.233192973136155,3424,0.2692757009345794,2.0372765673060935,1.6833887096183924,1.4633451258507495,29777,0.9838130100413071,0.07930280699689622,0.24632581017731894,0.1492827764915437,6823,0.6343250769456251,1.0385974232379818,1.0489421331936444,1.194196101421662,0.711389954060867,0.31836591699538985,"[""y@t"", ""y@t-1"", ""data_quality_3@t+h""]",3,20,3600.0,276,0.0023493268275051955,0.3295382669196711,1.5082808148908105
"ar_order=2,capacity=True,numeric=True,on_change=capchain,other_lags=2,pool=local,target=avg_p_latency_3",linear,3,99959,33201,0.9101231890605704,0.28122751273764773,0.3945292789790488,0.46887418596621766,33108,0.9115923643832307,0.2738223875467478,0.3809375270291694,0.45549126802472906,93,0.3870967741935484,2.917452080698031,5.233192973136155,5.233192973136155,3424,0.2692757009345794,2.0372765673060935,1.6833887096183924,1.7387391016054863,29777,0.9838130100413071,0.07930280699689622,0.24632581017731894,0.32285485993777774,6823,0.6343250769456251,1.0385974232379818,1.0489421331936444,1.2373370731357856,0.711389954060867,0.31836591699538985,"[""y@t"", ""y@t-1"", ""data_quality_3@t+h""]",3,20,3600.0,276,0.0023493268275051955,0.3295382669196711,1.5082808148908105
"ar_order=2,capacity=True,numeric=True,on_change=capchain,other_lags=2,pool=local,target=avg_p_latency_3",clg,3,99959,33201,0.9101231890605704,0.28122751273764773,0.3945292789790488,0.3896158175142848,33108,0.9115923643832307,0.2738223875467478,0.3809375270291694,0.37601026370635826,93,0.3870967741935484,2.917452080698031,5.233192973136155,5.233192973136155,3424,0.2692757009345794,2.0372765673060935,1.6833887096183924,1.6687624849444882,29777,0.9838130100413071,0.07930280699689622,0.24632581017731894,0.2425292006864977,6823,0.6343250769456251,1.0385974232379818,1.0489421331936444,1.1725752856389604,0.711389954060867,0.31836591699538985,"[""y@t"", ""y@t-1"", ""data_quality_3@t+h""]",3,20,3600.0,276,0.0023493268275051955,0.3295382669196711,1.5082808148908105
"ar_order=2,capacity=True,numeric=True,on_change=capchain,other_lags=2,pool=local,target=avg_p_latency_3",ar,3,99959,33201,0.8968705761874642,0.40082530061524096,0.48114963977284936,0.4184487057118138,33108,0.8989066086746406,0.38755212874222983,0.46294145628714783,0.40017381374820704,93,0.17204301075268819,5.1260744874071955,6.9632629606825605,6.924310244755817,3424,0.0,2.960004551600175,2.2710114636061602,2.0908356270297825,29777,1.0,0.10655019716719671,0.2753368686808906,0.22614414787883114,6823,0.5094533196541111,1.5001434265776532,1.3159456053230527,1.4838362510612728,0.7039894068511103,0.31836591699538985,"[""y@t"", ""y@t-1"", ""data_quality_3@t+h""]",3,20,3600.0,276,0.0023493268275051955,0.3295382669196711,1.5082808148908105
"ar_order=2,capacity=True,numeric=True,on_change=capchain,other_lags=2,pool=local,target=avg_p_latency_3",persistence,3,99959,33201,0.8968705761874642,2.8495712870377203,0.4655488920605819,0.32953826691967136,33108,0.8989066086746406,2.7933136303918342,0.4470839953737169,0.31083121904071553,93,0.17204301075268819,22.87729705297309,7.0390521125845655,6.989247311827957,3424,0.0,27.631021115928547,2.3224071449875923,2.142231308411215,29777,1.0,0.0,0.252032330351139,0.12110017798972393,6823,0.5094533196541111,13.554305682985909,1.334684274133115,1.5082808148908105,0.7039894068511103,0.31836591699538985,"[""y@t"", ""y@t-1"", ""data_quality_3@t+h""]",3,20,3600.0,276,0.0023493268275051955,0.3295382669196711,1.5082808148908105
"ar_order=2,capacity=True,numeric=True,on_change=capchain,other_lags=2,pool=local,target=avg_p_latency_3",model,4,133160,33558,0.9116455092675368,0.27185410205942195,0.36917299592870223,0.3112458863742572,33464,0.9134592397800622,0.2646848485710589,0.35816552246060457,0.3000469563326046,94,0.26595744680851063,2.82410834391664,4.287833550571491,4.2980649812025815,3043,0.2395662175484719,2.2630227051204184,1.6326603045786563,1.5075539119104064,30515,0.978666229723087,0.07329188481824174,0.2431762113892361,0.1919483172539392,5838,0.6116820829051045,1.1724304083133044,1.0597357665809621,1.2474431516107312,0.7225951726385842,0.494503750000149,"[""y@t"", ""data_quality_3@t+h"", ""y@t-1"", ""cores_3@t+h""]",4,20,21600.0,754,0.00762858334823291,0.26038500506585616,1.4133264816718054
"ar_order=2,capacity=True,numeric=True,on_change=capchain,other_lags=2,pool=local,target=avg_p_latency_3",cg_mean,4,133160,33558,0.9116455092675368,0.27185410205942195,0.36917299592870223,0.2923773829975469,33464,0.9134592397800622,0.2646848485710589,0.35816552246060457,0.2811541915155976,94,0.26595744680851063,2.82410834391664,4.287833550571491,4.287833550571491,3043,0.2395662175484719,2.2630227051204184,1.6326603045786563,1.4942952647894172,30515,0.978666229723087,0.07329188481824174,0.2431762113892361,0.17252039088571136,5838,0.6116820829051045,1.1724304083133044,1.0597357665809621,1.2400583816214075,0.7225951726385842,0.494503750000149,"[""y@t"", ""data_quality_3@t+h"", ""y@t-1"", ""cores_3@t+h""]",4,20,21600.0,754,0.00762858334823291,0.26038500506585616,1.4133264816718054
"ar_order=2,capacity=True,numeric=True,on_change=capchain,other_lags=2,pool=local,target=avg_p_latency_3",cg_median,4,133160,33558,0.9116455092675368,0.27185410205942195,0.36917299592870223,0.24425044262929024,33464,0.9134592397800622,0.2646848485710589,0.35816552246060457,0.2328920631125986,94,0.26595744680851063,2.82410834391664,4.287833550571491,4.287833550571491,3043,0.2395662175484719,2.2630227051204184,1.6326603045786563,1.3971944195918609,30515,0.978666229723087,0.07329188481824174,0.2431762113892361,0.12927719924416478,5838,0.6116820829051045,1.1724304083133044,1.0597357665809621,1.1881637547105173,0.7225951726385842,0.494503750000149,"[""y@t"", ""data_quality_3@t+h"", ""y@t-1"", ""cores_3@t+h""]",4,20,21600.0,754,0.00762858334823291,0.26038500506585616,1.4133264816718054
"ar_order=2,capacity=True,numeric=True,on_change=capchain,other_lags=2,pool=local,target=avg_p_latency_3",linear,4,133160,33558,0.9116455092675368,0.27185410205942195,0.36917299592870223,0.4000063315115075,33464,0.9134592397800622,0.2646848485710589,0.35816552246060457,0.3890854685366199,94,0.26595744680851063,2.82410834391664,4.287833550571491,4.287833550571491,3043,0.2395662175484719,2.2630227051204184,1.6326603045786563,1.4985567614144664,30515,0.978666229723087,0.07329188481824174,0.2431762113892361,0.2904572914264771,5838,0.6116820829051045,1.1724304083133044,1.0597357665809621,1.135516017675886,0.7225951726385842,0.494503750000149,"[""y@t"", ""data_quality_3@t+h"", ""y@t-1"", ""cores_3@t+h""]",4,20,21600.0,754,0.00762858334823291,0.26038500506585616,1.4133264816718054
"ar_order=2,capacity=True,numeric=True,on_change=capchain,other_lags=2,pool=local,target=avg_p_latency_3",clg,4,133160,33558,0.9116455092675368,0.27185410205942195,0.36917299592870223,0.3425158283936218,33464,0.9134592397800622,0.2646848485710589,0.35816552246060457,0.3314334752414368,94,0.26595744680851063,2.82410834391664,4.287833550571491,4.287833550571491,3043,0.2395662175484719,2.2630227051204184,1.6326603045786563,1.4068834342572933,30515,0.978666229723087,0.07329188481824174,0.2431762113892361,0.23637554903451483,5838,0.6116820829051045,1.1724304083133044,1.0597357665809621,1.0326528651536562,0.7225951726385842,0.494503750000149,"[""y@t"", ""data_quality_3@t+h"", ""y@t-1"", ""cores_3@t+h""]",4,20,21600.0,754,0.00762858334823291,0.26038500506585616,1.4133264816718054
"ar_order=2,capacity=True,numeric=True,on_change=capchain,other_lags=2,pool=local,target=avg_p_latency_3",ar,4,133160,33558,0.9093211752786221,0.36923746523746315,0.41956866201116194,0.3409872590518141,33464,0.9113375567774324,0.3569823756668922,0.40638569644073225,0.32751978499394024,94,0.19148936170212766,4.732049352360717,5.112704405084113,5.135408023654899,3043,0.0,3.1792160474526368,2.077928179074351,1.836088249325114,30515,1.0,0.0890223308550029,0.25419464888898313,0.19189362269586943,5838,0.49177800616649536,1.6432404498931688,1.2711742771984194,1.4018582677584976,0.795447138719663,0.494503750000149,"[""y@t"", ""data_quality_3@t+h"", ""y@t-1"", ""cores_3@t+h""]",4,20,21600.0,754,0.00762858334823291,0.26038500506585616,1.4133264816718054
"ar_order=2,capacity=True,numeric=True,on_change=capchain,other_lags=2,pool=local,target=avg_p_latency_3",persistence,4,133160,33558,0.9093211752786221,2.5055485206439765,0.40182522483561023,0.26038500506585643,33464,0.9113375567774324,2.4498338408725795,0.3884228297521078,0.24656347119292407,94,0.19148936170212766,22.339974519261375,5.173077874562481,5.180851063829787,3043,0.0,27.631021115928544,2.1002033868639263,1.8583634571146894,30515,1.0,0.0,0.23246049447178377,0.10103227920694782,5838,0.49177800616649536,14.042692643192874,1.2757743694366022,1.4133264816718054,0.795447138719663,0.494503750000149,"[""y@t"", ""data_quality_3@t+h"", ""y@t-1"", ""cores_3@t+h""]",4,20,21600.0,754,0.00762858334823291,0.26038500506585616,1.4133264816718054
"ar_order=2,capacity=True,numeric=True,on_change=capchain,other_lags=2,pool=local,target=avg_p_latency_3",model,5,166718,33201,0.9108159392789373,0.2825459456804832,0.411888374511421,0.33844524374967044,33108,0.9121058354476259,0.27715515881640573,0.4000066559931001,0.32626059209487174,93,0.45161290322580644,2.2016660692920507,4.641780167033683,4.676181232858011,3528,0.3217120181405896,1.910916565782822,1.6491912068442236,1.5730012948072412,29673,0.9808580190745796,0.08893924774899496,0.2647780589898988,0.19166150944133933,6473,0.628611154024409,1.074690544129375,1.0912502309375496,1.2801668755718367,0.6318916187509857,0.5141726670044591,"[""y@t"", ""data_quality_3@t+h"", ""y@t-1""]",3,20,3600.0,312,0.0006325110689437065,0.3252010481612,1.5739224470879036
"ar_order=2,capacity=True,numeric=True,on_change=capchain,other_lags=2,pool=local,target=avg_p_latency_3",cg_mean,5,166718,33201,0.9108159392789373,0.2825459456804832,0.411888374511421,0.32933357397713314,33108,0.9121058354476259,0.27715515881640573,0.4000066559931001,0.3172199599516934,93,0.45161290322580644,2.2016660692920507,4.641780167033683,4.641780167033683,3528,0.3217120181405896,1.910916565782822,1.6491912068442236,1.540992056256294,29673,0.9808580190745796,0.08893924774899496,0.2647780589898988,0.18527226822844312,6473,0.628611154024409,1.074690544129375,1.0912502309375496,1.2605878505016417,0.6318916187509857,0.5141726670044591,"[""y@t"", ""data_quality_3@t+h"", ""y@t-1""]",3,20,3600.0,312,0.0006325110689437065,0.3252010481612,1.5739224470879036
"ar_order=2,capacity=True,numeric=True,on_change=capchain,other_lags=2,pool=local,target=avg_p_latency_3",cg_median,5,166718,33201,0.9108159392789373,0.2825459456804832,0.411888374511421,0.27734663279823296,33108,0.9121058354476259,0.27715515881640573,0.4000066559931001,0.2650869880391446,93,0.45161290322580644,2.2016660692920507,4.641780167033683,4.641780167033683,3528,0.3217120181405896,1.910916565782822,1.6491912068442236,1.4047827422729011,29673,0.9808580190745796,0.08893924774899496,0.2647780589898988,0.14329902742544867,6473,0.628611154024409,1.074690544129375,1.0912502309375496,1.1853082033060405,0.6318916187509857,0.5141726670044591,"[""y@t"", ""data_quality_3@t+h"", ""y@t-1""]",3,20,3600.0,312,0.0006325110689437065,0.3252010481612,1.5739224470879036
"ar_order=2,capacity=True,numeric=True,on_change=capchain,other_lags=2,pool=local,target=avg_p_latency_3",linear,5,166718,33201,0.9108159392789373,0.2825459456804832,0.411888374511421,0.4723151129255864,33108,0.9121058354476259,0.27715515881640573,0.4000066559931001,0.4606031324365188,93,0.45161290322580644,2.2016660692920507,4.641780167033683,4.641780167033683,3528,0.3217120181405896,1.910916565782822,1.6491912068442236,1.767520450083492,29673,0.9808580190745796,0.08893924774899496,0.2647780589898988,0.3183204231573429,6473,0.628611154024409,1.074690544129375,1.0912502309375496,1.30112580343423,0.6318916187509857,0.5141726670044591,"[""y@t"", ""data_quality_3@t+h"", ""y@t-1""]",3,20,3600.0,312,0.0006325110689437065,0.3252010481612,1.5739224470879036
"ar_order=2,capacity=True,numeric=True,on_change=capchain,other_lags=2,pool=local,target=avg_p_latency_3",clg,5,166718,33201,0.9108159392789373,0.2825459456804832,0.411888374511421,0.3792687506331412,33108,0.9121058354476259,0.27715515881640573,0.4000066559931001,0.3672954039578588,93,0.45161290322580644,2.2016660692920507,4.641780167033683,4.641780167033683,3528,0.3217120181405896,1.910916565782822,1.6491912068442236,1.6357435094504886,29673,0.9808580190745796,0.08893924774899496,0.2647780589898988,0.2298789703915882,6473,0.628611154024409,1.074690544129375,1.0912502309375496,1.1921421884331669,0.6318916187509857,0.5141726670044591,"[""y@t"", ""data_quality_3@t+h"", ""y@t-1""]",3,20,3600.0,312,0.0006325110689437065,0.3252010481612,1.5739224470879036
"ar_order=2,capacity=True,numeric=True,on_change=capchain,other_lags=2,pool=local,target=avg_p_latency_3",ar,5,166718,33201,0.8948826842564983,0.4186633027200521,0.49524771694377195,0.3893107234239419,33108,0.8968829285973179,0.4060973965497017,0.4784654309307745,0.3721550924626745,93,0.1827956989247312,4.892125899364774,6.469741537570874,6.4967153456351525,3528,0.02352607709750567,3.0182997184226394,2.314470530153836,2.0925206630125675,29673,0.9984834698210494,0.10957701974904377,0.2789494631438493,0.18680593230512446,6473,0.4767495751583501,1.6643291977921888,1.4191481668634756,1.531780945723373,0.6249180690657804,0.5141726670044591,"[""y@t"", ""data_quality_3@t+h"", ""y@t-1""]",3,20,3600.0,312,0.0006325110689437065,0.3252010481612,1.5739224470879036
"ar_order=2,capacity=True,numeric=True,on_change=capchain,other_lags=2,pool=local,target=avg_p_latency_3",persistence,5,166718,33201,0.8937381404174574,2.936123685943072,0.48903195519112064,0.3252010481612002,33108,0.895735169747493,2.880943726355725,0.47204673934789915,0.30772018847408517,93,0.1827956989247312,22.580189299038377,6.53576879537796,6.548387096774194,3528,0.0,27.63102111592855,2.3888999805199536,2.1669501133786855,29673,1.0,0.0,0.26314531099066485,0.10622451386782628,6473,0.4667078634327205,14.73540628644915,1.4515705153096585,1.5739224470879036,0.6684901599981242,0.5141726670044591,"[""y@t"", ""data_quality_3@t+h"", ""y@t-1""]",3,20,3600.0,312,0.0006325110689437065,0.3252010481612,1.5739224470879036
"ar_order=2,capacity=True,n_bins=50,numeric=True,on_change=capchain,other_lags=2,pool=local,target=avg_p_latency_3",model,1,33200,33558,0.8136956910423744,0.6862775680903701,0.5024871089993159,0.49232559758624006,33464,0.8155928759263686,0.660748240500026,0.4887845618726273,0.47853474116978234,94,0.13829787234042554,9.77471819025284,5.3805938861004625,5.401870481845144,6372,0.2556497175141243,2.603046236640056,1.3457619294317167,1.3410538315032794,27186,0.9444934892959611,0.23701508166358398,0.304835848946522,0.2933961373302489,6488,0.251078914919852,2.5337308355585115,1.7637201035595196,1.7271911269873865,0.4543232814192945,0.09439954199478962,"[""y@t"", ""y@t-1""]",2,50,2500.0,282,0.0148101793909053,0.30457715000893976,1.4921393341553637
"ar_order=2,capacity=True,n_bins=50,numeric=True,on_change=capchain,other_lags=2,pool=local,target=avg_p_latency_3",cg_mean,1,33200,33558,0.8136956910423744,0.6862775680903701,0.5024871089993159,0.3343263175240111,33464,0.8155928759263686,0.660748240500026,0.4887845618726273,0.32015140862351554,94,0.13829787234042554,9.77471819025284,5.3805938861004625,5.3805938861004625,6372,0.2556497175141243,2.603046236640056,1.3457619294317167,1.2550548410537605,27186,0.9444934892959611,0.23701508166358398,0.304835848946522,0.11852104451836251,6488,0.251078914919852,2.5337308355585115,1.7637201035595196,1.1915246708923903,0.4543232814192945,0.09439954199478962,"[""y@t"", ""y@t-1""]",2,50,2500.0,282,0.0148101793909053,0.30457715000893976,1.4921393341553637
"ar_order=2,capacity=True,n_bins=50,numeric=True,on_change=capchain,other_lags=2,pool=local,target=avg_p_latency_3",cg_median,1,33200,33558,0.8136956910423744,0.6862775680903701,0.5024871089993159,0.2768274576939461,33464,0.8155928759263686,0.660748240500026,0.4887845618726273,0.2624910351422424,94,0.13829787234042554,9.77471819025284,5.3805938861004625,5.3805938861004625,6372,0.2556497175141243,2.603046236640056,1.3457619294317167,1.1546762998186964,27186,0.9444934892959611,0.23701508166358398,0.304835848946522,0.0710725536249801,6488,0.251078914919852,2.5337308355585115,1.7637201035595196,1.0929408138101109,0.4543232814192945,0.09439954199478962,"[""y@t"", ""y@t-1""]",2,50,2500.0,282,0.0148101793909053,0.30457715000893976,1.4921393341553637
"ar_order=2,capacity=True,n_bins=50,numeric=True,on_change=capchain,other_lags=2,pool=local,target=avg_p_latency_3",linear,1,33200,33558,0.8136956910423744,0.6862775680903701,0.5024871089993159,0.3754824544157022,33464,0.8155928759263686,0.660748240500026,0.4887845618726273,0.3614231526413068,94,0.13829787234042554,9.77471819025284,5.3805938861004625,5.3805938861004625,6372,0.2556497175141243,2.603046236640056,1.3457619294317167,1.322843142821233,27186,0.9444934892959611,0.23701508166358398,0.304835848946522,0.15343499224693735,6488,0.251078914919852,2.5337308355585115,1.7637201035595196,1.2534828866533563,0.4543232814192945,0.09439954199478962,"[""y@t"", ""y@t-1""]",2,50,2500.0,282,0.0148101793909053,0.30457715000893976,1.4921393341553637
"ar_order=2,capacity=True,n_bins=50,numeric=True,on_change=capchain,other_lags=2,pool=local,target=avg_p_latency_3",clg,1,33200,33558,0.8136956910423744,0.6862775680903701,0.5024871089993159,0.3754824544157022,33464,0.8155928759263686,0.660748240500026,0.4887845618726273,0.3614231526413068,94,0.13829787234042554,9.77471819025284,5.3805938861004625,5.3805938861004625,6372,0.2556497175141243,2.603046236640056,1.3457619294317167,1.322843142821233,27186,0.9444934892959611,0.23701508166358398,0.304835848946522,0.15343499224693735,6488,0.251078914919852,2.5337308355585115,1.7637201035595196,1.2534828866533563,0.4543232814192945,0.09439954199478962,"[""y@t"", ""y@t-1""]",2,50,2500.0,282,0.0148101793909053,0.30457715000893976,1.4921393341553637
"ar_order=2,capacity=True,n_bins=50,numeric=True,on_change=capchain,other_lags=2,pool=local,target=avg_p_latency_3",ar,1,33200,33558,0.7893199833124739,0.7574609056130643,0.542852669220474,0.5326911578073982,33464,0.7911486971073393,0.7373140262881546,0.5290626682185314,0.5188128475156865,94,0.13829787234042554,7.9297499452809115,5.4520930259120535,5.473369621656736,6372,0.028562460765850596,2.9624840700084265,1.6188180005329798,1.6141099026045431,27186,0.9676303979989701,0.24063578961485763,0.2906621634041242,0.2792224517878511,6488,0.028051787916152898,2.913471769930909,2.0308637127457634,1.99433473617363,0.4323221683424193,0.09439954199478962,"[""y@t"", ""y@t-1""]",2,50,2500.0,282,0.0148101793909053,0.30457715000893976,1.4921393341553637
"ar_order=2,capacity=True,n_bins=50,numeric=True,on_change=capchain,other_lags=2,pool=local,target=avg_p_latency_3",persistence,1,33200,33558,0.8101197925978902,5.246584020224588,0.3061565051552536,0.30457715000893976,33464,0.8120069328233326,5.194440408806672,0.2909395170929955,0.2892959598374372,94,0.13829787234042554,23.809709685002254,5.723404255319149,5.74468085106383,6372,0.0,27.63102111592855,1.56120527306968,1.566541117388575,27186,1.0,0.0,0.011991466195836091,0.008791289634370631,6488,0.030363748458692972,26.792039741107658,1.4842786683107274,1.4921393341553637,0.5254289295283417,0.09439954199478962,"[""y@t"", ""y@t-1""]",2,50,2500.0,282,0.0148101793909053,0.30457715000893976,1.4921393341553637
"ar_order=2,capacity=True,n_bins=50,numeric=True,on_change=capchain,other_lags=2,pool=local,target=avg_p_latency_3",model,2,66758,33201,0.8227463028222042,0.5662941273594712,0.4052136206810904,0.3752747634177549,33108,0.8246949377793886,0.5510487898969213,0.3915787375027153,0.3614651697849431,93,0.12903225806451613,5.993634264027176,5.259232032182631,5.29149009669876,6442,0.24076373796957468,1.9249456352415397,1.1384214821157366,1.1388871759996235,26759,0.9628536193430248,0.23921041669104978,0.22870010958717837,0.19144161711735508,6592,0.23513349514563106,1.9973808193236713,1.388442790690228,1.290445217874694,0.48871063361713624,0.266750916998717,"[""y@t"", ""y@t-1"", ""capacity_3@t+h"", ""data_quality_3@t+h""]",4,50,1000000.0,1112,0.05635372428541309,0.3092376735640493,1.4778519417475728
"ar_order=2,capacity=True,n_bins=50,numeric=True,on_change=capchain,other_lags=2,pool=local,target=avg_p_latency_3",cg_mean,2,66758,33201,0.8227463028222042,0.5662941273594712,0.4052136206810904,0.3519595813872068,33108,0.8246949377793886,0.5510487898969213,0.3915787375027153,0.3381751082108152,93,0.12903225806451613,5.993634264027176,5.259232032182631,5.259232032182631,6442,0.24076373796957468,1.9249456352415397,1.1384214821157366,1.1384649089512273,26759,0.9628536193430248,0.23921041669104978,0.22870010958717837,0.16261516193328784,6592,0.23513349514563106,1.9973808193236713,1.388442790690228,1.2142007633349838,0.48871063361713624,0.266750916998717,"[""y@t"", ""y@t-1"", ""capacity_3@t+h"", ""data_quality_3@t+h""]",4,50,1000000.0,1112,0.05635372428541309,0.3092376735640493,1.4778519417475728
"ar_order=2,capacity=True,n_bins=50,numeric=True,on_change=capchain,other_lags=2,pool=local,target=avg_p_latency_3",cg_median,2,66758,33201,0.8227463028222042,0.5662941273594712,0.4052136206810904,0.302042365561067,33108,0.8246949377793886,0.5510487898969213,0.3915787375027153,0.2881176754862873,93,0.12903225806451613,5.993634264027176,5.259232032182631,5.259232032182631,6442,0.24076373796957468,1.9249456352415397,1.1384214821157366,1.1239490083141248,26759,0.9628536193430248,0.23921041669104978,0.22870010958717837,0.1041753827659252,6592,0.23513349514563106,1.9973808193236713,1.388442790690228,1.2000151699029127,0.48871063361713624,0.266750916998717,"[""y@t"", ""y@t-1"", ""capacity_3@t+h"", ""data_quality_3@t+h""]",4,50,1000000.0,1112,0.05635372428541309,0.3092376735640493,1.4778519417475728
"ar_order=2,capacity=True,n_bins=50,numeric=True,on_change=capchain,other_lags=2,pool=local,target=avg_p_latency_3",linear,2,66758,33201,0.8227463028222042,0.5662941273594712,0.4052136206810904,0.48289639755099506,33108,0.8246949377793886,0.5510487898969213,0.3915787375027153,0.4694797244200073,93,0.12903225806451613,5.993634264027176,5.259232032182631,5.259232032182631,6442,0.24076373796957468,1.9249456352415397,1.1384214821157366,1.2478638122778636,26759,0.9628536193430248,0.23921041669104978,0.22870010958717837,0.29873704609277585,6592,0.23513349514563106,1.9973808193236713,1.388442790690228,1.2173529159479348,0.48871063361713624,0.266750916998717,"[""y@t"", ""y@t-1"", ""capacity_3@t+h"", ""data_quality_3@t+h""]",4,50,1000000.0,1112,0.05635372428541309,0.3092376735640493,1.4778519417475728
"ar_order=2,capacity=True,n_bins=50,numeric=True,on_change=capchain,other_lags=2,pool=local,target=avg_p_latency_3",clg,2,66758,33201,0.8227463028222042,0.5662941273594712,0.4052136206810904,0.39903835147390826,33108,0.8246949377793886,0.5510487898969213,0.3915787375027153,0.3853861220337152,93,0.12903225806451613,5.993634264027176,5.259232032182631,5.259232032182631,6442,0.24076373796957468,1.9249456352415397,1.1384214821157366,1.170852001914414,26759,0.9628536193430248,0.23921041669104978,0.22870010958717837,0.21323082742077704,6592,0.23513349514563106,1.9973808193236713,1.388442790690228,1.1159262610098395,0.48871063361713624,0.266750916998717,"[""y@t"", ""y@t-1"", ""capacity_3@t+h"", ""data_quality_3@t+h""]",4,50,1000000.0,1112,0.05635372428541309,0.3092376735640493,1.4778519417475728
"ar_order=2,capacity=True,n_bins=50,numeric=True,on_change=capchain,other_lags=2,pool=local,target=avg_p_latency_3",ar,2,66758,33201,0.7952471311105087,0.6686717332735314,0.43919600855477253,0.4092571512914369,33108,0.797148725383593,0.6505318489122179,0.42502202153635305,0.39490845381858086,93,0.11827956989247312,7.126470565901128,5.4851353871120825,5.51739345162821,6442,0.0,2.4051205854178197,1.408578388508772,1.4090440823926589,26759,0.986696064875369,0.25063654864355617,0.20582550548426676,0.16856701301444332,6592,0.0,2.450691269869381,1.6492938748880592,1.551296302072525,0.49929710666969246,0.266750916998717,"[""y@t"", ""y@t-1"", ""capacity_3@t+h"", ""data_quality_3@t+h""]",4,50,1000000.0,1112,0.05635372428541309,0.3092376735640493,1.4778519417475728
"ar_order=2,capacity=True,n_bins=50,numeric=True,on_change=capchain,other_lags=2,pool=local,target=avg_p_latency_3",persistence,2,66758,33201,0.8059696997078402,5.361255324502626,0.32803228818409086,0.3092376735640493,33108,0.807901413555636,5.307880098384245,0.31318714510088197,0.2942491240787725,93,0.11827956989247312,24.36283582264667,5.612903225806452,5.645161290322581,6442,0.0,27.631021115928544,1.5360136603539274,1.5364793542378143,26759,1.0,0.0,0.037221121865540566,0.013789752980305691,6592,0.03519417475728155,26.658570130052425,1.5197208737864079,1.4778519417475728,0.5568546446012891,0.266750916998717,"[""y@t"", ""y@t-1"", ""capacity_3@t+h"", ""data_quality_3@t+h""]",4,50,1000000.0,1112,0.05635372428541309,0.3092376735640493,1.4778519417475728
"ar_order=2,capacity=True,n_bins=50,numeric=True,on_change=capchain,other_lags=2,pool=local,target=avg_p_latency_3",model,3,99959,33201,0.8178970512936358,0.534306214076293,0.31712931913237924,0.31712931913237924,33108,0.8193487978736257,0.5220746367111055,0.3007071516422067,0.30070715164220657,93,0.3010752688172043,4.888747756082998,6.163420945633844,6.163420945633844,6900,0.30492753623188407,1.8838604691844487,1.1598489414824669,1.1598489414824669,26301,0.9524732899889738,0.18025411110506465,0.09604398419395098,0.09604398419395084,6823,0.30660999560310714,1.8386418687217763,1.0889899151262354,1.0889899151262354,0.4643550239798376,0.4921492080029566,"[""y@t"", ""y@t-1"", ""data_quality_3@t+h"", ""data_quality_3@t""]",4,50,202500.0,685,0.004126381735489895,0.3295382669196711,1.5082808148908105
"ar_order=2,capacity=True,n_bins=50,numeric=True,on_change=capchain,other_lags=2,pool=local,target=avg_p_latency_3",cg_mean,3,99959,33201,0.8178970512936358,0.534306214076293,0.31712931913237924,0.3171547458953436,33108,0.8193487978736257,0.5220746367111055,0.3007071516422067,0.30073264982866243,93,0.3010752688172043,4.888747756082998,6.163420945633844,6.163420945633844,6900,0.30492753623188407,1.8838604691844487,1.1598489414824669,1.1599018275717865,26301,0.9524732899889738,0.18025411110506465,0.09604398419395098,0.09606220707296208,6823,0.30660999560310714,1.8386418687217763,1.0889899151262354,1.0890433980540244,0.4643550239798376,0.4921492080029566,"[""y@t"", ""y@t-1"", ""data_quality_3@t+h"", ""data_quality_3@t""]",4,50,202500.0,685,0.004126381735489895,0.3295382669196711,1.5082808148908105
"ar_order=2,capacity=True,n_bins=50,numeric=True,on_change=capchain,other_lags=2,pool=local,target=avg_p_latency_3",cg_median,3,99959,33201,0.8178970512936358,0.534306214076293,0.31712931913237924,0.2703592707431688,33108,0.8193487978736257,0.5220746367111055,0.3007071516422067,0.253805726712577,93,0.3010752688172043,4.888747756082998,6.163420945633844,6.163420945633844,6900,0.30492753623188407,1.8838604691844487,1.1598489414824669,1.0896057254090894,26301,0.9524732899889738,0.18025411110506465,0.09604398419395098,0.0554320612380225,6823,0.30660999560310714,1.8386418687217763,1.0889899151262354,1.0179539791880405,0.4643550239798376,0.4921492080029566,"[""y@t"", ""y@t-1"", ""data_quality_3@t+h"", ""data_quality_3@t""]",4,50,202500.0,685,0.004126381735489895,0.3295382669196711,1.5082808148908105
"ar_order=2,capacity=True,n_bins=50,numeric=True,on_change=capchain,other_lags=2,pool=local,target=avg_p_latency_3",linear,3,99959,33201,0.8178970512936358,0.534306214076293,0.31712931913237924,0.43888449401259466,33108,0.8193487978736257,0.5220746367111055,0.3007071516422067,0.42280433544062485,93,0.3010752688172043,4.888747756082998,6.163420945633844,6.163420945633844,6900,0.30492753623188407,1.8838604691844487,1.1598489414824669,1.3105299805859851,26301,0.9524732899889738,0.18025411110506465,0.09604398419395098,0.21021053266677536,6823,0.30660999560310714,1.8386418687217763,1.0889899151262354,1.2413714437521,0.4643550239798376,0.4921492080029566,"[""y@t"", ""y@t-1"", ""data_quality_3@t+h"", ""data_quality_3@t""]",4,50,202500.0,685,0.004126381735489895,0.3295382669196711,1.5082808148908105
"ar_order=2,capacity=True,n_bins=50,numeric=True,on_change=capchain,other_lags=2,pool=local,target=avg_p_latency_3",clg,3,99959,33201,0.8178970512936358,0.534306214076293,0.31712931913237924,0.3782816402386368,33108,0.8193487978736257,0.5220746367111055,0.3007071516422067,0.3620312489313469,93,0.3010752688172043,4.888747756082998,6.163420945633844,6.163420945633844,6900,0.30492753623188407,1.8838604691844487,1.1598489414824669,1.2725167591918143,26301,0.9524732899889738,0.18025411110506465,0.09604398419395098,0.143681346684136,6823,0.30660999560310714,1.8386418687217763,1.0889899151262354,1.2029292295325813,0.4643550239798376,0.4921492080029566,"[""y@t"", ""y@t-1"", ""data_quality_3@t+h"", ""data_quality_3@t""]",4,50,202500.0,685,0.004126381735489895,0.3295382669196711,1.5082808148908105
"ar_order=2,capacity=True,n_bins=50,numeric=True,on_change=capchain,other_lags=2,pool=local,target=avg_p_latency_3",ar,3,99959,33201,0.7952772506852204,0.6458169287251949,0.3709152949685523,0.3709152949685523,33108,0.7970279086625589,0.6276931053531882,0.3524406861907342,0.3524406861907342,93,0.17204301075268819,7.09789804915954,6.947876019871796,6.947876019871797,6900,0.04101449275362319,2.370836596283393,1.4732798304631287,1.4732798304631285,26301,0.9931561537584123,0.19326243626667372,0.08171278194955768,0.08171278194955772,6823,0.04147735600175876,2.3010233122539137,1.3952766952019238,1.3952766952019235,0.4761361382032232,0.4921492080029566,"[""y@t"", ""y@t-1"", ""data_quality_3@t+h"", ""data_quality_3@t""]",4,50,202500.0,685,0.004126381735489895,0.3295382669196711,1.5082808148908105
"ar_order=2,capacity=True,n_bins=50,numeric=True,on_change=capchain,other_lags=2,pool=local,target=avg_p_latency_3",persistence,3,99959,33201,0.792174934489925,5.742418773528116,0.3295382669196711,0.3295382669196711,33108,0.7939168780959285,5.694287092967877,0.31083121904071526,0.31083121904071526,93,0.17204301075268819,22.87729705297309,6.989247311827957,6.989247311827957,6900,0.0,27.63102111592855,1.5856521739130436,1.5856521739130436,26301,1.0,0.0,0.0,0.0,6823,0.0,27.631021115928547,1.5082808148908105,1.5082808148908105,0.49425349867421564,0.4921492080029566,"[""y@t"", ""y@t-1"", ""data_quality_3@t+h"", ""data_quality_3@t""]",4,50,202500.0,685,0.004126381735489895,0.3295382669196711,1.5082808148908105
"ar_order=2,capacity=True,n_bins=50,numeric=True,on_change=capchain,other_lags=2,pool=local,target=avg_p_latency_3",model,4,133160,33558,0.8520174027057632,0.46983290371161796,0.279002102461514,0.279002102461514,33464,0.853902701410471,0.45687207627717935,0.2662385059619213,0.2662385059619212,94,0.18085106382978725,5.083887470371753,4.822842456316541,4.822842456316541,5917,0.30251816799053577,1.9002761695378014,1.09594091866789,1.09594091866789,27641,0.9696465395607974,0.16362354790345152,0.10412322776475459,0.1041232277647546,5838,0.3062692702980473,1.8442271220896624,1.033203299451386,1.0332032994513858,0.5516462082567866,0.7705313340047724,"[""y@t"", ""y@t-1"", ""data_quality_3@t+h"", ""cores_3@t+h""]",4,50,135000.0,1578,0.021783181357649443,0.26038500506585616,1.4133264816718054
"ar_order=2,capacity=True,n_bins=50,numeric=True,on_change=capchain,other_lags=2,pool=local,target=avg_p_latency_3",cg_mean,4,133160,33558,0.8520174027057632,0.46983290371161796,0.279002102461514,0.278995681347162,33464,0.853902701410471,0.45687207627717935,0.2662385059619213,0.26623206681073114,94,0.18085106382978725,5.083887470371753,4.822842456316541,4.822842456316541,5917,0.30251816799053577,1.9002761695378014,1.09594091866789,1.0959338077811558,27641,0.9696465395607974,0.16362354790345152,0.10412322776475459,0.10411695430725965,5838,0.3062692702980473,1.8442271220896624,1.033203299451386,1.0331960923399082,0.5516462082567866,0.7705313340047724,"[""y@t"", ""y@t-1"", ""data_quality_3@t+h"", ""cores_3@t+h""]",4,50,135000.0,1578,0.021783181357649443,0.26038500506585616,1.4133264816718054
"ar_order=2,capacity=True,n_bins=50,numeric=True,on_change=capchain,other_lags=2,pool=local,target=avg_p_latency_3",cg_median,4,133160,33558,0.8520174027057632,0.46983290371161796,0.279002102461514,0.2202558910213289,33464,0.853902701410471,0.45687207627717935,0.2662385059619213,0.20732727707387041,94,0.18085106382978725,5.083887470371753,4.822842456316541,4.822842456316541,5917,0.30251816799053577,1.9002761695378014,1.09594091866789,1.047548006347932,27641,0.9696465395607974,0.16362354790345152,0.10412322776475459,0.043160726360588986,5838,0.3062692702980473,1.8442271220896624,1.033203299451386,0.9841555327166838,0.5516462082567866,0.7705313340047724,"[""y@t"", ""y@t-1"", ""data_quality_3@t+h"", ""cores_3@t+h""]",4,50,135000.0,1578,0.021783181357649443,0.26038500506585616,1.4133264816718054
"ar_order=2,capacity=True,n_bins=50,numeric=True,on_change=capchain,other_lags=2,pool=local,target=avg_p_latency_3",linear,4,133160,33558,0.8520174027057632,0.46983290371161796,0.279002102461514,0.401504955897348,33464,0.853902701410471,0.45687207627717935,0.2662385059619213,0.38908546853662,94,0.18085106382978725,5.083887470371753,4.822842456316541,4.822842456316541,5917,0.30251816799053577,1.9002761695378014,1.09594091866789,1.196887622908997,27641,0.9696465395607974,0.16362354790345152,0.10412322776475459,0.23124052115519228,5838,0.3062692702980473,1.8442271220896624,1.033203299451386,1.1355160176758858,0.5516462082567866,0.7705313340047724,"[""y@t"", ""y@t-1"", ""data_quality_3@t+h"", ""cores_3@t+h""]",4,50,135000.0,1578,0.021783181357649443,0.26038500506585616,1.4133264816718054
"ar_order=2,capacity=True,n_bins=50,numeric=True,on_change=capchain,other_lags=2,pool=local,target=avg_p_latency_3",clg,4,133160,33558,0.8520174027057632,0.46983290371161796,0.279002102461514,0.34401445277946235,33464,0.853902701410471,0.45687207627717935,0.2662385059619213,0.3314334752414368,94,0.18085106382978725,5.083887470371753,4.822842456316541,4.822842456316541,5917,0.30251816799053577,1.9002761695378014,1.09594091866789,1.0953978334168937,27641,0.9696465395607974,0.16362354790345152,0.10412322776475459,0.18316877197082004,5838,0.3062692702980473,1.8442271220896624,1.033203299451386,1.0326528651536562,0.5516462082567866,0.7705313340047724,"[""y@t"", ""y@t-1"", ""data_quality_3@t+h"", ""cores_3@t+h""]",4,50,135000.0,1578,0.021783181357649443,0.26038500506585616,1.4133264816718054
"ar_order=2,capacity=True,n_bins=50,numeric=True,on_change=capchain,other_lags=2,pool=local,target=avg_p_latency_3",ar,4,133160,33558,0.8266583229036295,0.5738356412643143,0.3055283217056057,0.3055283217056057,33464,0.8285321539564906,0.5567674565947225,0.2919150380552105,0.2919150380552105,94,0.1595744680851064,6.650109383638999,5.151857301246278,5.151857301246278,5917,0.05678553320939665,2.4552536272371883,1.3981720215725715,1.3981720215725715,27641,0.9914619586845628,0.17108790337489302,0.0716303884863721,0.0716303884863721,5838,0.05755395683453238,2.3815150351149215,1.3342051869264135,1.3342051869264133,0.5351582612318065,0.7705313340047724,"[""y@t"", ""y@t-1"", ""data_quality_3@t+h"", ""cores_3@t+h""]",4,50,135000.0,1578,0.021783181357649443,0.26038500506585616,1.4133264816718054
"ar_order=2,capacity=True,n_bins=50,numeric=True,on_change=capchain,other_lags=2,pool=local,target=avg_p_latency_3",persistence,4,133160,33558,0.8236784075332261,4.871945644643579,0.26038500506585616,0.26038500506585616,33464,0.8255438680372938,4.820401066064752,0.24656347119292374,0.24656347119292374,94,0.1595744680851064,23.221815618705904,5.180851063829787,5.180851063829787,5917,0.0,27.631021115928544,1.4767618725705594,1.4767618725705594,27641,1.0,0.0,0.0,0.0,5838,0.0,27.63102111592855,1.4133264816718054,1.4133264816718054,0.569465897240739,0.7705313340047724,"[""y@t"", ""y@t-1"", ""data_quality_3@t+h"", ""cores_3@t+h""]",4,50,135000.0,1578,0.021783181357649443,0.26038500506585616,1.4133264816718054
"ar_order=2,capacity=True,n_bins=50,numeric=True,on_change=capchain,other_lags=2,pool=local,target=avg_p_latency_3",model,5,166718,33201,0.8286497394656788,0.5165737098786938,0.316028885008206,0.31602888500820603,33108,0.8301920985864444,0.5067810261145812,0.3023791121219442,0.30237911212194424,93,0.27956989247311825,4.002769129902764,5.175348032517398,5.175348032517398,6552,0.3002136752136752,1.846869028019977,1.1793873737189624,1.1793873737189624,26649,0.9585725543172352,0.1895034661749268,0.10376107690910746,0.10376107690910755,6473,0.3020237911323961,1.81218419237778,1.1195495815364425,1.1195495815364425,0.46193169358986624,1.0048722920037108,"[""y@t"", ""y@t-1"", ""data_quality_3@t+h""]",3,50,22500.0,754,0.0014758591608686486,0.3252010481612,1.5739224470879036
"ar_order=2,capacity=True,n_bins=50,numeric=True,on_change=capchain,other_lags=2,pool=local,target=avg_p_latency_3",cg_mean,5,166718,33201,0.8286497394656788,0.5165737098786938,0.316028885008206,0.31604523617424585,33108,0.8301920985864444,0.5067810261145812,0.3023791121219442,0.3023955092182257,93,0.27956989247311825,4.002769129902764,5.175348032517398,5.175348032517398,6552,0.3002136752136752,1.846869028019977,1.1793873737189624,1.1795018687623824,26649,0.9585725543172352,0.1895034661749268,0.10376107690910746,0.10375329813839193,6473,0.3020237911323961,1.81218419237778,1.1195495815364425,1.1196654739394223,0.46193169358986624,1.0048722920037108,"[""y@t"", ""y@t-1"", ""data_quality_3@t+h""]",3,50,22500.0,754,0.0014758591608686486,0.3252010481612,1.5739224470879036
"ar_order=2,capacity=True,n_bins=50,numeric=True,on_change=capchain,other_lags=2,pool=local,target=avg_p_latency_3",cg_median,5,166718,33201,0.8286497394656788,0.5165737098786938,0.316028885008206,0.2645193628813625,33108,0.8301920985864444,0.5067810261145812,0.3023791121219442,0.25072490032620515,93,0.27956989247311825,4.002769129902764,5.175348032517398,5.175348032517398,6552,0.3002136752136752,1.846869028019977,1.1793873737189624,1.1042432282236339,26649,0.9585725543172352,0.1895034661749268,0.10376107690910746,0.058062431449693,6473,0.3020237911323961,1.81218419237778,1.1195495815364425,1.043488336165611,0.46193169358986624,1.0048722920037108,"[""y@t"", ""y@t-1"", ""data_quality_3@t+h""]",3,50,22500.0,754,0.0014758591608686486,0.3252010481612,1.5739224470879036
"ar_order=2,capacity=True,n_bins=50,numeric=True,on_change=capchain,other_lags=2,pool=local,target=avg_p_latency_3",linear,5,166718,33201,0.8286497394656788,0.5165737098786938,0.316028885008206,0.4738097007840843,33108,0.8301920985864444,0.5067810261145812,0.3023791121219442,0.46060313243651885,93,0.27956989247311825,4.002769129902764,5.175348032517398,5.175348032517398,6552,0.3002136752136752,1.846869028019977,1.1793873737189624,1.35877426082891,26649,0.9585725543172352,0.1895034661749268,0.10376107690910746,0.25622976167140843,6473,0.3020237911323961,1.81218419237778,1.1195495815364425,1.30112580343423,0.46193169358986624,1.0048722920037108,"[""y@t"", ""y@t-1"", ""data_quality_3@t+h""]",3,50,22500.0,754,0.0014758591608686486,0.3252010481612,1.5739224470879036
"ar_order=2,capacity=True,n_bins=50,numeric=True,on_change=capchain,other_lags=2,pool=local,target=avg_p_latency_3",clg,5,166718,33201,0.8286497394656788,0.5165737098786938,0.316028885008206,0.380763338491639,33108,0.8301920985864444,0.5067810261145812,0.3023791121219442,0.3672954039578588,93,0.27956989247311825,4.002769129902764,5.175348032517398,5.175348032517398,6552,0.3002136752136752,1.846869028019977,1.1793873737189624,1.2511047034568283,26649,0.9585725543172352,0.1895034661749268,0.10376107690910746,0.16677870029688802,6473,0.3020237911323961,1.81218419237778,1.1195495815364425,1.1921421884331669,0.46193169358986624,1.0048722920037108,"[""y@t"", ""y@t-1"", ""data_quality_3@t+h""]",3,50,22500.0,754,0.0014758591608686486,0.3252010481612,1.5739224470879036
"ar_order=2,capacity=True,n_bins=50,numeric=True,on_change=capchain,other_lags=2,pool=local,target=avg_p_latency_3",ar,5,166718,33201,0.8053371886388965,0.6307375801793709,0.3636111762426461,0.3636111762426461,33108,0.8071463090491724,0.6139012690864307,0.34672392081455294,0.3467239208145529,93,0.16129032258064516,6.624464329266064,6.375474108643808,6.375474108643808,6552,0.05708180708180708,2.339446818221936,1.4851640774146027,1.4851640774146024,26649,0.9893054148373297,0.21062939872209724,0.087862945221645,0.08786294522164491,6473,0.05762397651784335,2.273141900504578,1.4117563968141151,1.4117563968141151,0.45112123875208193,1.0048722920037108,"[""y@t"", ""y@t-1"", ""data_quality_3@t+h""]",3,50,22500.0,754,0.0014758591608686486,0.3252010481612,1.5739224470879036
"ar_order=2,capacity=True,n_bins=50,numeric=True,on_change=capchain,other_lags=2,pool=local,target=avg_p_latency_3",persistence,5,166718,33201,0.8026565464895635,5.452801131037133,0.3252010481612,0.3252010481612,33108,0.8044883411864202,5.402186773088241,0.30772018847408483,0.30772018847408483,93,0.15053763440860216,23.471512560842527,6.548387096774194,6.548387096774194,6552,0.0,27.63102111592855,1.6478937728937728,1.6478937728937728,26649,1.0,0.0,0.0,0.0,6473,0.0,27.631021115928547,1.5739224470879036,1.5739224470879036,0.48100302323746175,1.0048722920037108,"[""y@t"", ""y@t-1"", ""data_quality_3@t+h""]",3,50,22500.0,754,0.0014758591608686486,0.3252010481612,1.5739224470879036
"ar_order=2,capacity=True,disc=quantile,numeric=True,on_change=capchain,other_lags=2,pool=local,target=buffer_size_2",model,1,33200,33558,0.9102151498897432,0.33595100429075464,1294.1795948555243,52.675296681371144,33464,0.9119650968204638,0.3161789189202923,1289.9532839555663,47.051604733262145,94,0.2872340425531915,7.374813396175355,2798.7462752405895,2054.7096302081727,3101,0.1289906481780071,2.986523810411743,344.02241438759285,87.83308502090257,30457,0.9897560495124273,0.06608114607158717,1390.9204891205884,49.095682745629375,21429,0.872415885015633,0.44982550273612937,1946.1269979993824,71.17374381447326,0.9000208934279291,0.11895658299908973,"[""y@t"", ""y@t-1"", ""throughput_2@t"", ""throughput_1@t-1""]",4,20,160000.0,656,0.3077954586089755,54.21902377972466,75.8797424051519
"ar_order=2,capacity=True,disc=quantile,numeric=True,on_change=capchain,other_lags=2,pool=local,target=buffer_size_2",cg_mean,1,33200,33558,0.9102151498897432,0.33595100429075464,1294.1795948555243,49.51179215013617,33464,0.9119650968204638,0.3161789189202923,1289.9532839555663,41.78922337741018,94,0.2872340425531915,7.374813396175355,2798.7462752405895,2798.7462752405895,3101,0.1289906481780071,2.986523810411743,344.02241438759285,98.05948769610693,30457,0.9897560495124273,0.06608114607158717,1390.9204891205884,44.56887577990748,21429,0.872415885015633,0.44982550273612937,1946.1269979993824,63.103994745483504,0.9000208934279291,0.11895658299908973,"[""y@t"", ""y@t-1"", ""throughput_2@t"", ""throughput_1@t-1""]",4,20,160000.0,656,0.3077954586089755,54.21902377972466,75.8797424051519
"ar_order=2,capacity=True,disc=quantile,numeric=True,on_change=capchain,other_lags=2,pool=local,target=buffer_size_2",cg_median,1,33200,33558,0.9102151498897432,0.33595100429075464,1294.1795948555243,47.14374068396852,33464,0.9119650968204638,0.3161789189202923,1289.9532839555663,39.414520081281374,94,0.2872340425531915,7.374813396175355,2798.7462752405895,2798.7462752405895,3101,0.1289906481780071,2.986523810411743,344.02241438759285,97.71217215682657,30457,0.9897560495124273,0.06608114607158717,1390.9204891205884,41.99508172224107,21429,0.872415885015633,0.44982550273612937,1946.1269979993824,60.4282514349713,0.9000208934279291,0.11895658299908973,"[""y@t"", ""y@t-1"", ""throughput_2@t"", ""throughput_1@t-1""]",4,20,160000.0,656,0.3077954586089755,54.21902377972466,75.8797424051519
"ar_order=2,capacity=True,disc=quantile,numeric=True,on_change=capchain,other_lags=2,pool=local,target=buffer_size_2",linear,1,33200,33558,0.9102151498897432,0.33595100429075464,1294.1795948555243,23.42697096301918,33464,0.9119650968204638,0.3161789189202923,1289.9532839555663,15.631130220666455,94,0.2872340425531915,7.374813396175355,2798.7462752405895,2798.7462752405895,3101,0.1289906481780071,2.986523810411743,344.02241438759285,106.70657815424723,30457,0.9897560495124273,0.06608114607158717,1390.9204891205884,14.947801579954591,21429,0.872415885015633,0.44982550273612937,1946.1269979993824,21.16823495945823,0.9000208934279291,0.11895658299908973,"[""y@t"", ""y@t-1"", ""throughput_2@t"", ""throughput_1@t-1""]",4,20,160000.0,656,0.3077954586089755,54.21902377972466,75.8797424051519
"ar_order=2,capacity=True,disc=quantile,numeric=True,on_change=capchain,other_lags=2,pool=local,target=buffer_size_2",clg,1,33200,33558,0.9102151498897432,0.33595100429075464,1294.1795948555243,23.42697096301918,33464,0.9119650968204638,0.3161789189202923,1289.9532839555663,15.631130220666455,94,0.2872340425531915,7.374813396175355,2798.7462752405895,2798.7462752405895,3101,0.1289906481780071,2.986523810411743,344.02241438759285,106.70657815424723,30457,0.9897560495124273,0.06608114607158717,1390.9204891205884,14.947801579954591,21429,0.872415885015633,0.44982550273612937,1946.1269979993824,21.16823495945823,0.9000208934279291,0.11895658299908973,"[""y@t"", ""y@t-1"", ""throughput_2@t"", ""throughput_1@t-1""]",4,20,160000.0,656,0.3077954586089755,54.21902377972466,75.8797424051519
"ar_order=2,capacity=True,disc=quantile,numeric=True,on_change=capchain,other_lags=2,pool=local,target=buffer_size_2",ar,1,33200,33558,0.9075928243637881,0.40091070542030494,1295.3459368089852,58.34237037217142,33464,0.9093354052115706,0.3858456916858116,1291.125266349825,52.74252659212919,94,0.2872340425531915,5.76405559489992,2797.9046202700792,2051.886756067213,3101,0.0,3.56226155913015,350.78904951676105,93.17975428457004,30457,1.0,0.07903563573667786,1391.5166334466448,54.795378629309425,21429,0.8584161650100331,0.5484830272194133,1947.215628629384,79.12166538922382,0.8971503915389609,0.11895658299908973,"[""y@t"", ""y@t-1"", ""throughput_2@t"", ""throughput_1@t-1""]",4,20,160000.0,656,0.3077954586089755,54.21902377972466,75.8797424051519
"ar_order=2,capacity=True,disc=quantile,numeric=True,on_change=capchain,other_lags=2,pool=local,target=buffer_size_2",persistence,1,33200,33558,0.9075928243637881,2.5533046212674897,1296.6251335813818,54.21902377972448,33464,0.9093354052115706,2.505155333066197,1292.3902923207725,48.59033588333715,94,0.2872340425531915,19.694451220927792,2804.2286223582323,2058.031914893618,3101,0.0,27.631021115928547,350.4350106457405,90.45501451144791,30457,1.0,0.0,1392.9621192077868,50.5296319401121,21429,0.8584161650100331,3.912105934281917,1950.2159258801228,75.87974240515159,0.8971503915389609,0.11895658299908973,"[""y@t"", ""y@t-1"", ""throughput_2@t"", ""throughput_1@t-1""]",4,20,160000.0,656,0.3077954586089755,54.21902377972466,75.8797424051519
"ar_order=2,capacity=True,disc=quantile,numeric=True,on_change=capchain,other_lags=2,pool=local,target=buffer_size_2",model,2,66758,33201,0.9175627240143369,0.2866055267886481,1398.7042318442343,38.81972878108077,33108,0.9193246345294189,0.2681621592419668,1394.321873141871,32.777346702100246,93,0.2903225806451613,6.852444373407202,2958.8239298854787,2189.9077488981484,2990,0.19933110367892976,2.5341385578793205,237.80937737845844,94.93445712758651,30211,0.9886465194796598,0.06416589344446522,1513.5986615172892,33.266021927416475,22305,0.8878278412911903,0.36314845491560366,2034.5730582727401,47.00433980434722,0.9045723051002381,0.22064554200187558,"[""y@t"", ""throughput_1@t"", ""y@t-1"", ""throughput_2@t""]",4,20,160000.0,1222,0.1466522092708051,41.89319598807265,53.263124859896884
"ar_order=2,capacity=True,disc=quantile,numeric=True,on_change=capchain,other_lags=2,pool=local,target=buffer_size_2",cg_mean,2,66758,33201,0.9175627240143369,0.2866055267886481,1398.7042318442343,32.47384680046246,33108,0.9193246345294189,0.2681621592419668,1394.321873141871,24.253762297414657,93,0.2903225806451613,6.852444373407202,2958.8239298854787,2958.8239298854787,2990,0.19933110367892976,2.5341385578793205,237.80937737845844,91.87686418376737,30211,0.9886465194796598,0.06416589344446522,1513.5986615172892,26.594696094557936,22305,0.8878278412911903,0.36314845491560366,2034.5730582727401,34.53430132586213,0.9045723051002381,0.22064554200187558,"[""y@t"", ""throughput_1@t"", ""y@t-1"", ""throughput_2@t""]",4,20,160000.0,1222,0.1466522092708051,41.89319598807265,53.263124859896884
"ar_order=2,capacity=True,disc=quantile,numeric=True,on_change=capchain,other_lags=2,pool=local,target=buffer_size_2",cg_median,2,66758,33201,0.9175627240143369,0.2866055267886481,1398.7042318442343,33.1109642926222,33108,0.9193246345294189,0.2681621592419668,1394.321873141871,24.89266944545125,93,0.2903225806451613,6.852444373407202,2958.8239298854787,2958.8239298854787,2990,0.19933110367892976,2.5341385578793205,237.80937737845844,90.38294020071866,30211,0.9886465194796598,0.06416589344446522,1513.5986615172892,27.442723983952888,22305,0.8878278412911903,0.36314845491560366,2034.5730582727401,36.164043936337144,0.9045723051002381,0.22064554200187558,"[""y@t"", ""throughput_1@t"", ""y@t-1"", ""throughput_2@t""]",4,20,160000.0,1222,0.1466522092708051,41.89319598807265,53.263124859896884
"ar_order=2,capacity=True,disc=quantile,numeric=True,on_change=capchain,other_lags=2,pool=local,target=buffer_size_2",linear,2,66758,33201,0.9175627240143369,0.2866055267886481,1398.7042318442343,23.1545845959935,33108,0.9193246345294189,0.2681621592419668,1394.321873141871,14.90832239012416,93,0.2903225806451613,6.852444373407202,2958.8239298854787,2958.8239298854787,2990,0.19933110367892976,2.5341385578793205,237.80937737845844,102.92574499211491,30211,0.9886465194796598,0.06416589344446522,1513.5986615172892,15.25958709228945,22305,0.8878278412911903,0.36314845491560366,2034.5730582727401,19.84257238022406,0.9045723051002381,0.22064554200187558,"[""y@t"", ""throughput_1@t"", ""y@t-1"", ""throughput_2@t""]",4,20,160000.0,1222,0.1466522092708051,41.89319598807265,53.263124859896884
"ar_order=2,capacity=True,disc=quantile,numeric=True,on_change=capchain,other_lags=2,pool=local,target=buffer_size_2",clg,2,66758,33201,0.9175627240143369,0.2866055267886481,1398.7042318442343,23.1545845959935,33108,0.9193246345294189,0.2681621592419668,1394.321873141871,14.90832239012416,93,0.2903225806451613,6.852444373407202,2958.8239298854787,2958.8239298854787,2990,0.19933110367892976,2.5341385578793205,237.80937737845844,102.92574499211491,30211,0.9886465194796598,0.06416589344446522,1513.5986615172892,15.25958709228945,22305,0.8878278412911903,0.36314845491560366,2034.5730582727401,19.84257238022406,0.9045723051002381,0.22064554200187558,"[""y@t"", ""throughput_1@t"", ""y@t-1"", ""throughput_2@t""]",4,20,160000.0,1222,0.1466522092708051,41.89319598807265,53.263124859896884
"ar_order=2,capacity=True,disc=quantile,numeric=True,on_change=capchain,other_lags=2,pool=local,target=buffer_size_2",ar,2,66758,33201,0.9099424716123008,0.3853068077732347,1402.266436818231,44.59862696538558,33108,0.9116829769240062,0.3712921816134147,1397.9101829210997,38.59809609702096,93,0.2903225806451613,5.37451372066914,2953.0928241969436,2180.787616103187,2990,0.0,3.430311786876533,247.0178324159263,99.64057901286984,30211,1.0,0.08394091827871739,1516.6020538836342,39.15109339741437,22305,0.8689083165209595,0.5031532024059314,2039.319609394386,55.418185701338516,0.8968746965774115,0.22064554200187558,"[""y@t"", ""throughput_1@t"", ""y@t-1"", ""throughput_2@t""]",4,20,160000.0,1222,0.1466522092708051,41.89319598807265,53.263124859896884
"ar_order=2,capacity=True,disc=quantile,numeric=True,on_change=capchain,other_lags=2,pool=local,target=buffer_size_2",persistence,2,66758,33201,0.9099424716123008,2.4883814685288503,1399.9442597971981,41.89319598807245,33108,0.9116829769240062,2.4402895295087315,1395.5871725785748,35.88359308928336,93,0.2903225806451613,19.609111759691224,2951.067309626989,2181.3118279569894,2990,0.0,27.631021115928547,247.52473028209616,99.1732441471572,30211,1.0,0.0,1513.9998816981663,36.22415676409233,22305,0.8689083165209595,3.622197074331992,2036.6115214961114,53.26312485989655,0.8968746965774115,0.22064554200187558,"[""y@t"", ""throughput_1@t"", ""y@t-1"", ""throughput_2@t""]",4,20,160000.0,1222,0.1466522092708051,41.89319598807265,53.263124859896884
"ar_order=2,capacity=True,disc=quantile,numeric=True,on_change=capchain,other_lags=2,pool=local,target=buffer_size_2",model,3,99959,33201,0.9275925423933014,0.27717572170875365,1998.1452920597485,55.41752518443877,33108,0.9292618098344811,0.26012649050830283,1994.3164576855452,49.00898532587618,93,0.3333333333333333,6.346702029069256,3361.210329276172,2336.8577148327217,2489,0.14383286460425873,2.765542446203384,429.8348988864579,106.88223774710869,30712,0.9911109663974993,0.07551041898450474,2125.24624831816,51.24665811070585,23387,0.9055885748492752,0.32770888079945637,2767.2571527784676,66.7686298834759,0.9117777172692045,0.3106376249997993,"[""y@t"", ""throughput_1@t"", ""y@t-1"", ""throughput_2@t-1""]",4,20,160000.0,1558,0.2078551850847866,59.216499503027016,74.75533416000341
"ar_order=2,capacity=True,disc=quantile,numeric=True,on_change=capchain,other_lags=2,pool=local,target=buffer_size_2",cg_mean,3,99959,33201,0.9275925423933014,0.27717572170875365,1998.1452920597485,50.54574264910797,33108,0.9292618098344811,0.26012649050830283,1994.3164576855452,41.24612302375106,93,0.3333333333333333,6.346702029069256,3361.210329276172,3361.210329276172,2489,0.14383286460425873,2.765542446203384,429.8348988864579,108.9585146791347,30712,0.9911109663974993,0.07551041898450474,2125.24624831816,45.81178232145962,23387,0.9055885748492752,0.32770888079945637,2767.2571527784676,56.39834157296406,0.9117777172692045,0.3106376249997993,"[""y@t"", ""throughput_1@t"", ""y@t-1"", ""throughput_2@t-1""]",4,20,160000.0,1558,0.2078551850847866,59.216499503027016,74.75533416000341
"ar_order=2,capacity=True,disc=quantile,numeric=True,on_change=capchain,other_lags=2,pool=local,target=buffer_size_2",cg_median,3,99959,33201,0.9275925423933014,0.27717572170875365,1998.1452920597485,46.71330865403704,33108,0.9292618098344811,0.26012649050830283,1994.3164576855452,37.402923764649024,93,0.3333333333333333,6.346702029069256,3361.210329276172,3361.210329276172,2489,0.14383286460425873,2.765542446203384,429.8348988864579,104.99425276095853,30712,0.9911109663974993,0.07551041898450474,2125.24624831816,41.99003208845592,23387,0.9055885748492752,0.32770888079945637,2767.2571527784676,51.819878565014754,0.9117777172692045,0.3106376249997993,"[""y@t"", ""throughput_1@t"", ""y@t-1"", ""throughput_2@t-1""]",4,20,160000.0,1558,0.2078551850847866,59.216499503027016,74.75533416000341
"ar_order=2,capacity=True,disc=quantile,numeric=True,on_change=capchain,other_lags=2,pool=local,target=buffer_size_2",linear,3,99959,33201,0.9275925423933014,0.27717572170875365,1998.1452920597485,28.051359045306196,33108,0.9292618098344811,0.26012649050830283,1994.3164576855452,18.68855294915208,93,0.3333333333333333,6.346702029069256,3361.210329276172,3361.210329276172,2489,0.14383286460425873,2.765542446203384,429.8348988864579,119.5603487824367,30712,0.9911109663974993,0.07551041898450474,2125.24624831816,20.635173988790243,23387,0.9055885748492752,0.32770888079945637,2767.2571527784676,23.649653447103297,0.9117777172692045,0.3106376249997993,"[""y@t"", ""throughput_1@t"", ""y@t-1"", ""throughput_2@t-1""]",4,20,160000.0,1558,0.2078551850847866,59.216499503027016,74.75533416000341
"ar_order=2,capacity=True,disc=quantile,numeric=True,on_change=capchain,other_lags=2,pool=local,target=buffer_size_2",clg,3,99959,33201,0.9275925423933014,0.27717572170875365,1998.1452920597485,28.051359045306196,33108,0.9292618098344811,0.26012649050830283,1994.3164576855452,18.68855294915208,93,0.3333333333333333,6.346702029069256,3361.210329276172,3361.210329276172,2489,0.14383286460425873,2.765542446203384,429.8348988864579,119.5603487824367,30712,0.9911109663974993,0.07551041898450474,2125.24624831816,20.635173988790243,23387,0.9055885748492752,0.32770888079945637,2767.2571527784676,23.649653447103297,0.9117777172692045,0.3106376249997993,"[""y@t"", ""throughput_1@t"", ""y@t-1"", ""throughput_2@t-1""]",4,20,160000.0,1558,0.2078551850847866,59.216499503027016,74.75533416000341
"ar_order=2,capacity=True,disc=quantile,numeric=True,on_change=capchain,other_lags=2,pool=local,target=buffer_size_2",ar,3,99959,33201,0.925032378542815,0.35057094578447295,2000.9489013048549,60.1463032929067,33108,0.9266944545125045,0.3380434040621311,1997.120908609366,53.7532866002066,93,0.3333333333333333,4.810375798938177,3363.7143008989187,2336.060245894142,2489,0.0,3.62622784898826,441.3093252559756,111.99334771606017,30712,1.0,0.08510109582112882,2127.347146446352,55.94445080628164,23387,0.8962243981699235,0.4356760025069372,2770.896754166447,74.84665487525868,0.9102491052884071,0.3106376249997993,"[""y@t"", ""throughput_1@t"", ""y@t-1"", ""throughput_2@t-1""]",4,20,160000.0,1558,0.2078551850847866,59.216499503027016,74.75533416000341
"ar_order=2,capacity=True,disc=quantile,numeric=True,on_change=capchain,other_lags=2,pool=local,target=buffer_size_2",persistence,3,99959,33201,0.925032378542815,2.0714319314944176,2001.3235113441563,59.21649950302739,33108,0.9266944545125045,2.025507075279648,1997.5051170750164,52.80605895856024,93,0.3333333333333333,18.420680743952364,3360.6718711579647,2341.3333333333335,2489,0.0,27.63102111592855,443.1600795407736,113.39292888710325,30712,1.0,0.0,2127.6021249726605,54.82586611096681,23387,0.8962243981699235,2.867425845485038,2771.7385316155346,74.75533416000391,0.9102491052884071,0.3106376249997993,"[""y@t"", ""throughput_1@t"", ""y@t-1"", ""throughput_2@t-1""]",4,20,160000.0,1558,0.2078551850847866,59.216499503027016,74.75533416000341
"ar_order=2,capacity=True,disc=quantile,numeric=True,on_change=capchain,other_lags=2,pool=local,target=buffer_size_2",model,4,133160,33558,0.9371237856844865,0.2479574796176563,1604.914069950239,53.623387233621614,33464,0.9389493186708104,0.23010773387385047,1601.360231187982,48.392835883297764,94,0.2872340425531915,6.60246696441252,2870.0806693137065,1915.699667948912,2170,0.16036866359447005,3.0030885512112944,460.209891883112,136.18658500435944,31388,0.9908245189244297,0.05748231632728435,1684.0528512171459,47.91540522895419,21479,0.9111690488384003,0.32485025677180773,2396.8063443605183,72.50305873343851,0.92108093342639,0.4280332089983858,"[""y@t"", ""y@t-1"", ""throughput_1@t"", ""throughput_2@t""]",4,20,160000.0,1956,0.15361463734429942,52.6987007568985,73.93351645793565
"ar_order=2,capacity=True,disc=quantile,numeric=True,on_change=capchain,other_lags=2,pool=local,target=buffer_size_2",cg_mean,4,133160,33558,0.9371237856844865,0.2479574796176563,1604.914069950239,41.571809663761606,33464,0.9389493186708104,0.23010773387385047,1601.360231187982,33.62656005800333,94,0.2872340425531915,6.60246696441252,2870.0806693137065,2870.0806693137065,2170,0.16036866359447005,3.0030885512112944,460.209891883112,149.28255228516076,31388,0.9908245189244297,0.05748231632728435,1684.0528512171459,34.12525966094409,21479,0.9111690488384003,0.32485025677180773,2396.8063443605183,50.267404750924044,0.92108093342639,0.4280332089983858,"[""y@t"", ""y@t-1"", ""throughput_1@t"", ""throughput_2@t""]",4,20,160000.0,1956,0.15361463734429942,52.6987007568985,73.93351645793565
"ar_order=2,capacity=True,disc=quantile,numeric=True,on_change=capchain,other_lags=2,pool=local,target=buffer_size_2",cg_median,4,133160,33558,0.9371237856844865,0.2479574796176563,1604.914069950239,37.948777725594155,33464,0.9389493186708104,0.23010773387385047,1601.360231187982,29.993351063829788,94,0.2872340425531915,6.60246696441252,2870.0806693137065,2870.0806693137065,2170,0.16036866359447005,3.0030885512112944,460.209891883112,146.92185140685274,31388,0.9908245189244297,0.05748231632728435,1684.0528512171459,30.41495684218867,21479,0.9111690488384003,0.32485025677180773,2396.8063443605183,45.74929000419014,0.92108093342639,0.4280332089983858,"[""y@t"", ""y@t-1"", ""throughput_1@t"", ""throughput_2@t""]",4,20,160000.0,1956,0.15361463734429942,52.6987007568985,73.93351645793565
"ar_order=2,capacity=True,disc=quantile,numeric=True,on_change=capchain,other_lags=2,pool=local,target=buffer_size_2",linear,4,133160,33558,0.9371237856844865,0.2479574796176563,1604.914069950239,27.63880472268407,33464,0.9389493186708104,0.23010773387385047,1601.360231187982,19.65441746259693,94,0.2872340425531915,6.60246696441252,2870.0806693137065,2870.0806693137065,2170,0.16036866359447005,3.0030885512112944,460.209891883112,179.51252675667058,31388,0.9908245189244297,0.05748231632728435,1684.0528512171459,17.139060335856275,21479,0.9111690488384003,0.32485025677180773,2396.8063443605183,26.739428444819975,0.92108093342639,0.4280332089983858,"[""y@t"", ""y@t-1"", ""throughput_1@t"", ""throughput_2@t""]",4,20,160000.0,1956,0.15361463734429942,52.6987007568985,73.93351645793565
"ar_order=2,capacity=True,disc=quantile,numeric=True,on_change=capchain,other_lags=2,pool=local,target=buffer_size_2",clg,4,133160,33558,0.9371237856844865,0.2479574796176563,1604.914069950239,27.63880472268407,33464,0.9389493186708104,0.23010773387385047,1601.360231187982,19.65441746259693,94,0.2872340425531915,6.60246696441252,2870.0806693137065,2870.0806693137065,2170,0.16036866359447005,3.0030885512112944,460.209891883112,179.51252675667058,31388,0.9908245189244297,0.05748231632728435,1684.0528512171459,17.139060335856275,21479,0.9111690488384003,0.32485025677180773,2396.8063443605183,26.739428444819975,0.92108093342639,0.4280332089983858,"[""y@t"", ""y@t-1"", ""throughput_1@t"", ""throughput_2@t""]",4,20,160000.0,1956,0.15361463734429942,52.6987007568985,73.93351645793565
"ar_order=2,capacity=True,disc=quantile,numeric=True,on_change=capchain,other_lags=2,pool=local,target=buffer_size_2",ar,4,133160,33558,0.9353358364622445,0.3239239860770869,1607.5413978849324,56.185338369554096,33464,0.9371563471192924,0.3104253354331003,1604.0017373725846,50.96859928943069,94,0.2872340425531915,5.129443615336314,2867.6605402806686,1913.3444508934886,2170,0.0,3.78239456135575,477.100763789282,146.09031666653036,31388,1.0,0.08482365638565391,1685.694073301893,49.96978456222523,21479,0.9020904138926393,0.43393543479280594,2400.4522067483113,77.14377400509592,0.9176811130107325,0.4280332089983858,"[""y@t"", ""y@t-1"", ""throughput_1@t"", ""throughput_2@t""]",4,20,160000.0,1956,0.15361463734429942,52.6987007568985,73.93351645793565
"ar_order=2,capacity=True,disc=quantile,numeric=True,on_change=capchain,other_lags=2,pool=local,target=buffer_size_2",persistence,4,133160,33558,0.9353358364622445,1.7867368681555797,1607.8055212603579,52.69870075689848,33464,0.9371563471192924,1.7364342997489164,1604.2666416229536,47.454518288309814,94,0.2872340425531915,19.694451220927792,2867.6466721763445,1919.627659574468,2170,0.0,27.631021115928547,479.19015572178984,147.69815668202764,31388,1.0,0.0,1685.8320072810884,46.130941761182605,21479,0.9020904138926393,2.7053418411843073,2401.5698615523143,73.9335164579356,0.9176811130107325,0.4280332089983858,"[""y@t"", ""y@t-1"", ""throughput_1@t"", ""throughput_2@t""]",4,20,160000.0,1956,0.15361463734429942,52.6987007568985,73.93351645793565
"ar_order=2,capacity=True,disc=quantile,numeric=True,on_change=capchain,other_lags=2,pool=local,target=buffer_size_2",model,5,166718,33201,0.9470799072317099,0.2304124410085267,9751.178248700984,47.58672003265701,33108,0.9489247311827957,0.21252658005410632,9748.229304249735,42.69699766296067,93,0.2903225806451613,6.597778940782177,10801.002473346043,1788.327883644555,1921,0.14107235814679855,3.1331698471224274,315.4116722528301,118.99902819713924,31280,0.9965792838874681,0.05214527422000993,10330.657391711116,43.20107284646871,20815,0.9224597645928417,0.30372919610024524,15389.52542978157,65.21335706809364,0.9451677791867293,0.5417764999947394,"[""y@t"", ""y@t-1"", ""throughput_1@t"", ""throughput_2@t""]",4,20,160000.0,2225,0.11945423330622572,45.42342098129574,64.47307230362719
"ar_order=2,capacity=True,disc=quantile,numeric=True,on_change=capchain,other_lags=2,pool=local,target=buffer_size_2",cg_mean,5,166718,33201,0.9470799072317099,0.2304124410085267,9751.178248700984,61.76151065916209,33108,0.9489247311827957,0.21252658005410632,9748.229304249735,31.59510346060344,93,0.2903225806451613,6.597778940782177,10801.002473346043,10801.002473346043,1921,0.14107235814679855,3.1331698471224274,315.4116722528301,116.99302532266815,31280,0.9965792838874681,0.05214527422000993,10330.657391711116,58.36957524776199,20815,0.9224597645928417,0.30372919610024524,15389.52542978157,48.32545496305461,0.9451677791867293,0.5417764999947394,"[""y@t"", ""y@t-1"", ""throughput_1@t"", ""throughput_2@t""]",4,20,160000.0,2225,0.11945423330622572,45.42342098129574,64.47307230362719
"ar_order=2,capacity=True,disc=quantile,numeric=True,on_change=capchain,other_lags=2,pool=local,target=buffer_size_2",cg_median,5,166718,33201,0.9470799072317099,0.2304124410085267,9751.178248700984,56.94300563299847,33108,0.9489247311827957,0.21252658005410632,9748.229304249735,26.763063307961822,93,0.2903225806451613,6.597778940782177,10801.002473346043,10801.002473346043,1921,0.14107235814679855,3.1331698471224274,315.4116722528301,108.45084066036283,31280,0.9965792838874681,0.05214527422000993,10330.657391711116,53.779752720991844,20815,0.9224597645928417,0.30372919610024524,15389.52542978157,41.83891424453519,0.9451677791867293,0.5417764999947394,"[""y@t"", ""y@t-1"", ""throughput_1@t"", ""throughput_2@t""]",4,20,160000.0,2225,0.11945423330622572,45.42342098129574,64.47307230362719
"ar_order=2,capacity=True,disc=quantile,numeric=True,on_change=capchain,other_lags=2,pool=local,target=buffer_size_2",linear,5,166718,33201,0.9470799072317099,0.2304124410085267,9751.178248700984,48.368168348672825,33108,0.9489247311827957,0.21252658005410632,9748.229304249735,18.164139402051,93,0.2903225806451613,6.597778940782177,10801.002473346043,10801.002473346043,1921,0.14107235814679855,3.1331698471224274,315.4116722528301,145.4454336997673,31280,0.9965792838874681,0.05214527422000993,10330.657391711116,42.40635803091539,20815,0.9224597645928417,0.30372919610024524,15389.52542978157,26.130360632212188,0.9451677791867293,0.5417764999947394,"[""y@t"", ""y@t-1"", ""throughput_1@t"", ""throughput_2@t""]",4,20,160000.0,2225,0.11945423330622572,45.42342098129574,64.47307230362719
"ar_order=2,capacity=True,disc=quantile,numeric=True,on_change=capchain,other_lags=2,pool=local,target=buffer_size_2",clg,5,166718,33201,0.9470799072317099,0.2304124410085267,9751.178248700984,48.368168348672825,33108,0.9489247311827957,0.21252658005410632,9748.229304249735,18.164139402051,93,0.2903225806451613,6.597778940782177,10801.002473346043,10801.002473346043,1921,0.14107235814679855,3.1331698471224274,315.4116722528301,145.4454336997673,31280,0.9965792838874681,0.05214527422000993,10330.657391711116,42.40635803091539,20815,0.9224597645928417,0.30372919610024524,15389.52542978157,26.130360632212188,0.9451677791867293,0.5417764999947394,"[""y@t"", ""y@t-1"", ""throughput_1@t"", ""throughput_2@t""]",4,20,160000.0,2225,0.11945423330622572,45.42342098129574,64.47307230362719
"ar_order=2,capacity=True,disc=quantile,numeric=True,on_change=capchain,other_lags=2,pool=local,target=buffer_size_2",ar,5,166718,33201,0.9421402969790067,0.31798309250405177,9756.051480577024,47.8623678283254,33108,0.9439712456203939,0.3050085990367895,9753.138325001248,42.99029960408059,93,0.2903225806451613,4.936902766849388,10793.134865552574,1782.318655659476,1921,0.0,4.267008798156993,333.9060349648885,128.50100608989854,31280,1.0,0.07546140514601782,10334.694108486896,42.910103630739656,20815,0.9108815757866923,0.4354957833435405,15396.33780218911,66.85108086636647,0.940920953368049,0.5417764999947394,"[""y@t"", ""y@t-1"", ""throughput_1@t"", ""throughput_2@t""]",4,20,160000.0,2225,0.11945423330622572,45.42342098129574,64.47307230362719
"ar_order=2,capacity=True,disc=quantile,numeric=True,on_change=capchain,other_lags=2,pool=local,target=buffer_size_2",persistence,5,166718,33201,0.9421402969790067,1.5987226759344217,9751.614979725031,45.423420981295536,33108,0.9439712456203939,1.5481316953620712,9748.69756067806,40.53422133623272,93,0.2903225806451613,19.609111759691224,10790.216160446678,1785.9784946236562,1921,0.0,27.631021115928547,336.10296735515556,130.30765226444564,31280,1.0,0.0,10329.850228310788,40.21042199488468,20815,0.9108815757866923,2.462433061256183,15389.596658636747,64.47307230362684,0.940920953368049,0.5417764999947394,"[""y@t"", ""y@t-1"", ""throughput_1@t"", ""throughput_2@t""]",4,20,160000.0,2225,0.11945423330622572,45.42342098129574,64.47307230362719
"ar_order=2,capacity=True,disc=quantile,n_bins=50,numeric=True,on_change=capchain,other_lags=2,pool=local,target=buffer_size_2",model,1,33200,33558,0.8723106263782109,0.5470173299971486,595.6097558386758,55.347840406859476,33464,0.8742529285202009,0.5187481368996959,590.9105438839116,49.72980445597016,94,0.18085106382978725,10.610850072690274,2268.52921173479,2055.368638923458,4553,0.09444322424774873,3.3348139368372935,241.71364829219797,78.75371542720725,29005,0.9944147560765385,0.10940871248488568,651.1618667733118,51.67375149227084,21429,0.8087171589901535,0.736052839920963,884.2219381734998,76.1521088675622,0.8087066085575134,0.13430474999768194,"[""y@t"", ""y@t-1""]",2,50,2500.0,302,0.005959830740806961,54.21902377972466,75.8797424051519
"ar_order=2,capacity=True,disc=quantile,n_bins=50,numeric=True,on_change=capchain,other_lags=2,pool=local,target=buffer_size_2",cg_mean,1,33200,33558,0.8723106263782109,0.5470173299971486,595.6097558386758,55.409203238757335,33464,0.8742529285202009,0.5187481368996959,590.9105438839116,49.19257400140892,94,0.18085106382978725,10.610850072690274,2268.52921173479,2268.52921173479,4553,0.09444322424774873,3.3348139368372935,241.71364829219797,85.07015211955955,29005,0.9944147560765385,0.10940871248488568,651.1618667733118,50.75323701726819,21429,0.8087171589901535,0.736052839920963,884.2219381734998,75.15594301001197,0.8087066085575134,0.13430474999768194,"[""y@t"", ""y@t-1""]",2,50,2500.0,302,0.005959830740806961,54.21902377972466,75.8797424051519
"ar_order=2,capacity=True,disc=quantile,n_bins=50,numeric=True,on_change=capchain,other_lags=2,pool=local,target=buffer_size_2",cg_median,1,33200,33558,0.8723106263782109,0.5470173299971486,595.6097558386758,53.02459162950922,33464,0.8742529285202009,0.5187481368996959,590.9105438839116,46.80126404494382,94,0.18085106382978725,10.610850072690274,2268.52921173479,2268.52921173479,4553,0.09444322424774873,3.3348139368372935,241.71364829219797,85.95296071028334,29005,0.9944147560765385,0.10940871248488568,651.1618667733118,47.85572886706258,21429,0.8087171589901535,0.736052839920963,884.2219381734998,72.11687432918008,0.8087066085575134,0.13430474999768194,"[""y@t"", ""y@t-1""]",2,50,2500.0,302,0.005959830740806961,54.21902377972466,75.8797424051519
"ar_order=2,capacity=True,disc=quantile,n_bins=50,numeric=True,on_change=capchain,other_lags=2,pool=local,target=buffer_size_2",linear,1,33200,33558,0.8723106263782109,0.5470173299971486,595.6097558386758,21.9540186717623,33464,0.8742529285202009,0.5187481368996959,590.9105438839116,15.643414196866155,94,0.18085106382978725,10.610850072690274,2268.52921173479,2268.52921173479,4553,0.09444322424774873,3.3348139368372935,241.71364829219797,82.14145935905843,29005,0.9944147560765385,0.10940871248488568,651.1618667733118,12.506219414763189,21429,0.8087171589901535,0.736052839920963,884.2219381734998,21.174540723942833,0.8087066085575134,0.13430474999768194,"[""y@t"", ""y@t-1""]",2,50,2500.0,302,0.005959830740806961,54.21902377972466,75.8797424051519
"ar_order=2,capacity=True,disc=quantile,n_bins=50,numeric=True,on_change=capchain,other_lags=2,pool=local,target=buffer_size_2",clg,1,33200,33558,0.8723106263782109,0.5470173299971486,595.6097558386758,21.9540186717623,33464,0.8742529285202009,0.5187481368996959,590.9105438839116,15.643414196866155,94,0.18085106382978725,10.610850072690274,2268.52921173479,2268.52921173479,4553,0.09444322424774873,3.3348139368372935,241.71364829219797,82.14145935905843,29005,0.9944147560765385,0.10940871248488568,651.1618667733118,12.506219414763189,21429,0.8087171589901535,0.736052839920963,884.2219381734998,21.174540723942833,0.8087066085575134,0.13430474999768194,"[""y@t"", ""y@t-1""]",2,50,2500.0,302,0.005959830740806961,54.21902377972466,75.8797424051519
"ar_order=2,capacity=True,disc=quantile,n_bins=50,numeric=True,on_change=capchain,other_lags=2,pool=local,target=buffer_size_2",ar,1,33200,33558,0.8675129626318613,0.577329797595345,596.4900923801532,57.27949170400281,33464,0.869441788190294,0.5557398646919036,591.797535188745,51.67151064966099,94,0.18085106382978725,8.263345911220451,2267.0404525214462,2053.720747049692,4553,0.04085218537228201,3.473294152061124,243.79024904500923,81.01169239105543,29005,0.997276331666954,0.12274177119014956,651.8544222096622,53.55417849151701,21429,0.7998040039199216,0.7809633243827622,884.8848213360484,78.03244945516497,0.8012652018904356,0.13430474999768194,"[""y@t"", ""y@t-1""]",2,50,2500.0,302,0.005959830740806961,54.21902377972466,75.8797424051519
"ar_order=2,capacity=True,disc=quantile,n_bins=50,numeric=True,on_change=capchain,other_lags=2,pool=local,target=buffer_size_2",persistence,1,33200,33558,0.8643244531855295,3.7488538989457854,595.6135024203488,54.21902377972472,33464,0.8662443222567535,3.6958059560989778,590.9046937418512,48.5903358833374,94,0.18085106382978725,22.63392155240955,2271.9493919655374,2058.0319148936164,4553,0.0,27.63102111592855,244.06334649926936,80.37447836591258,29005,1.0,0.0,650.7973624413341,50.11332528874342,21429,0.7911241775164497,5.771452261649922,884.6076012234739,75.87974240515199,0.8047312440180392,0.13430474999768194,"[""y@t"", ""y@t-1""]",2,50,2500.0,302,0.005959830740806961,54.21902377972466,75.8797424051519
"ar_order=2,capacity=True,disc=quantile,n_bins=50,numeric=True,on_change=capchain,other_lags=2,pool=local,target=buffer_size_2",model,2,66758,33201,0.8541911388211199,0.4802780888241565,620.0417261866107,42.45704006383503,33108,0.8560468768877613,0.45576021689936624,614.7732869758736,36.42288795098498,93,0.1935483870967742,9.208640494049504,2495.6060852090354,2190.615192238455,5167,0.17824656473775885,2.4303020750498834,155.47555990814337,64.80865577435276,28034,0.9787757722765213,0.12086544928544166,705.6668022071873,38.33737114836649,22305,0.7967271912127326,0.6126542137385822,888.6065488465606,52.393092457086425,0.8353114018705345,0.3324387079992448,"[""y@t"", ""throughput_1@t"", ""y@t-1"", ""throughput_2@t""]",4,50,6250000.0,3623,0.37366344387217254,41.89319598807265,53.263124859896884
"ar_order=2,capacity=True,disc=quantile,n_bins=50,numeric=True,on_change=capchain,other_lags=2,pool=local,target=buffer_size_2",cg_mean,2,66758,33201,0.8541911388211199,0.4802780888241565,620.0417261866107,39.90713506541089,33108,0.8560468768877613,0.45576021689936624,614.7732869758736,33.00910430658049,93,0.1935483870967742,9.208640494049504,2495.6060852090354,2495.6060852090354,5167,0.17824656473775885,2.4303020750498834,155.47555990814337,66.66021035326392,28034,0.9787757722765213,0.12086544928544166,705.6668022071873,34.97622474179184,22305,0.7967271912127326,0.6126542137385822,888.6065488465606,47.43764238681641,0.8353114018705345,0.3324387079992448,"[""y@t"", ""throughput_1@t"", ""y@t-1"", ""throughput_2@t""]",4,50,6250000.0,3623,0.37366344387217254,41.89319598807265,53.263124859896884
"ar_order=2,capacity=True,disc=quantile,n_bins=50,numeric=True,on_change=capchain,other_lags=2,pool=local,target=buffer_size_2",cg_median,2,66758,33201,0.8541911388211199,0.4802780888241565,620.0417261866107,35.93635330033554,33108,0.8560468768877613,0.45576021689936624,614.7732869758736,29.027168660142564,93,0.1935483870967742,9.208640494049504,2495.6060852090354,2495.6060852090354,5167,0.17824656473775885,2.4303020750498834,155.47555990814337,65.93938462500793,28034,0.9787757722765213,0.12086544928544166,705.6668022071873,30.406437382001297,22305,0.7967271912127326,0.6126542137385822,888.6065488465606,42.39401479488904,0.8353114018705345,0.3324387079992448,"[""y@t"", ""throughput_1@t"", ""y@t-1"", ""throughput_2@t""]",4,50,6250000.0,3623,0.37366344387217254,41.89319598807265,53.263124859896884
"ar_order=2,capacity=True,disc=quantile,n_bins=50,numeric=True,on_change=capchain,other_lags=2,pool=local,target=buffer_size_2",linear,2,66758,33201,0.8541911388211199,0.4802780888241565,620.0417261866107,21.857055619308785,33108,0.8560468768877613,0.45576021689936624,614.7732869758736,14.90832239012416,93,0.1935483870967742,9.208640494049504,2495.6060852090354,2495.6060852090354,5167,0.17824656473775885,2.4303020750498834,155.47555990814337,69.70590640483869,28034,0.9787757722765213,0.12086544928544166,705.6668022071873,13.037942684699637,22305,0.7967271912127326,0.6126542137385822,888.6065488465606,19.84257238022406,0.8353114018705345,0.3324387079992448,"[""y@t"", ""throughput_1@t"", ""y@t-1"", ""throughput_2@t""]",4,50,6250000.0,3623,0.37366344387217254,41.89319598807265,53.263124859896884
"ar_order=2,capacity=True,disc=quantile,n_bins=50,numeric=True,on_change=capchain,other_lags=2,pool=local,target=buffer_size_2",clg,2,66758,33201,0.8541911388211199,0.4802780888241565,620.0417261866107,21.857055619308785,33108,0.8560468768877613,0.45576021689936624,614.7732869758736,14.90832239012416,93,0.1935483870967742,9.208640494049504,2495.6060852090354,2495.6060852090354,5167,0.17824656473775885,2.4303020750498834,155.47555990814337,69.70590640483869,28034,0.9787757722765213,0.12086544928544166,705.6668022071873,13.037942684699637,22305,0.7967271912127326,0.6126542137385822,888.6065488465606,19.84257238022406,0.8353114018705345,0.3324387079992448,"[""y@t"", ""throughput_1@t"", ""y@t-1"", ""throughput_2@t""]",4,50,6250000.0,3623,0.37366344387217254,41.89319598807265,53.263124859896884
"ar_order=2,capacity=True,disc=quantile,n_bins=50,numeric=True,on_change=capchain,other_lags=2,pool=local,target=buffer_size_2",ar,2,66758,33201,0.838468720821662,0.5655907343602381,622.155048959352,45.629403722465874,33108,0.8402802947927993,0.5449293021782279,616.8823337870357,39.6423256190734,93,0.1935483870967742,7.921060591155827,2499.241650303921,2177.0292085301867,5167,0.049932262434681636,2.896568960278054,158.49572313999943,66.68633492528035,28034,0.9838053791824214,0.13596369243552672,707.6129834855913,41.74836057753677,22305,0.7770455054920421,0.7281366427356967,890.9877281673067,56.39907680235551,0.8114491986782619,0.3324387079992448,"[""y@t"", ""throughput_1@t"", ""y@t-1"", ""throughput_2@t""]",4,50,6250000.0,3623,0.37366344387217254,41.89319598807265,53.263124859896884
"ar_order=2,capacity=True,disc=quantile,n_bins=50,numeric=True,on_change=capchain,other_lags=2,pool=local,target=buffer_size_2",persistence,2,66758,33201,0.8443721574651366,4.300156203307214,620.6617927600032,41.893195988072776,33108,0.8462003141234747,4.249642368077448,615.3800381487328,35.883593089283686,93,0.1935483870967742,22.283081545103663,2500.9664343723325,2181.3118279569894,5167,0.0,27.63102111592855,159.793882088636,67.8231081865686,28034,1.0,0.0,705.6052362371722,37.114004423200555,22305,0.7717103788388254,6.3078753428517444,889.8027867862609,53.263124859897054,0.8293414361230919,0.3324387079992448,"[""y@t"", ""throughput_1@t"", ""y@t-1"", ""throughput_2@t""]",4,50,6250000.0,3623,0.37366344387217254,41.89319598807265,53.263124859896884
"ar_order=2,capacity=True,disc=quantile,n_bins=50,numeric=True,on_change=capchain,other_lags=2,pool=local,target=buffer_size_2",model,3,99959,33201,0.8668112406252824,0.4674554243563761,796.1589700877578,58.40882934282705,33108,0.8687024284160928,0.4417424864544471,790.5090477395961,52.01112525868359,93,0.1935483870967742,9.621261317443086,2807.5313260333414,2335.9914832978975,4869,0.22982131854590265,2.4343896373837213,230.70002649725282,75.79587639491058,28332,0.976281236764083,0.129427657759237,893.3359994659228,55.42077583101727,23387,0.8315730961645359,0.5528197987085623,1096.902060572636,71.79151046173104,0.7942144584931913,0.5359499589976622,"[""y@t"", ""throughput_1@t"", ""y@t-1"", ""throughput_2@t""]",4,50,6250000.0,4827,0.3432125538387398,59.216499503027016,74.75533416000341
"ar_order=2,capacity=True,disc=quantile,n_bins=50,numeric=True,on_change=capchain,other_lags=2,pool=local,target=buffer_size_2",cg_mean,3,99959,33201,0.8668112406252824,0.4674554243563761,796.1589700877578,58.05868368517158,33108,0.8687024284160928,0.4417424864544471,790.5090477395961,50.335445925766614,93,0.1935483870967742,9.621261317443086,2807.5313260333414,2807.5313260333414,4869,0.22982131854590265,2.4343896373837213,230.70002649725282,80.43359451705788,28332,0.976281236764083,0.129427657759237,893.3359994659228,54.21344011463458,23387,0.8315730961645359,0.5528197987085623,1096.902060572636,69.6804410269684,0.7942144584931913,0.5359499589976622,"[""y@t"", ""throughput_1@t"", ""y@t-1"", ""throughput_2@t""]",4,50,6250000.0,4827,0.3432125538387398,59.216499503027016,74.75533416000341
"ar_order=2,capacity=True,disc=quantile,n_bins=50,numeric=True,on_change=capchain,other_lags=2,pool=local,target=buffer_size_2",cg_median,3,99959,33201,0.8668112406252824,0.4674554243563761,796.1589700877578,53.23874019821995,33108,0.8687024284160928,0.4417424864544471,790.5090477395961,45.501963271716804,93,0.1935483870967742,9.621261317443086,2807.5313260333414,2807.5313260333414,4869,0.22982131854590265,2.4343896373837213,230.70002649725282,80.01702683687935,28332,0.976281236764083,0.129427657759237,893.3359994659228,48.63675383496877,23387,0.8315730961645359,0.5528197987085623,1096.902060572636,63.71024500791038,0.7942144584931913,0.5359499589976622,"[""y@t"", ""throughput_1@t"", ""y@t-1"", ""throughput_2@t""]",4,50,6250000.0,4827,0.3432125538387398,59.216499503027016,74.75533416000341
"ar_order=2,capacity=True,disc=quantile,n_bins=50,numeric=True,on_change=capchain,other_lags=2,pool=local,target=buffer_size_2",linear,3,99959,33201,0.8668112406252824,0.4674554243563761,796.1589700877578,26.488466622178333,33108,0.8687024284160928,0.4417424864544471,790.5090477395961,18.676548477764953,93,0.1935483870967742,9.621261317443086,2807.5313260333414,2807.5313260333414,4869,0.22982131854590265,2.4343896373837213,230.70002649725282,79.03832178759103,28332,0.976281236764083,0.129427657759237,893.3359994659228,17.457503583903787,23387,0.8315730961645359,0.5528197987085623,1096.902060572636,23.639968325305503,0.7942144584931913,0.5359499589976622,"[""y@t"", ""throughput_1@t"", ""y@t-1"", ""throughput_2@t""]",4,50,6250000.0,4827,0.3432125538387398,59.216499503027016,74.75533416000341
"ar_order=2,capacity=True,disc=quantile,n_bins=50,numeric=True,on_change=capchain,other_lags=2,pool=local,target=buffer_size_2",clg,3,99959,33201,0.8668112406252824,0.4674554243563761,796.1589700877578,26.488466622178333,33108,0.8687024284160928,0.4417424864544471,790.5090477395961,18.676548477764953,93,0.1935483870967742,9.621261317443086,2807.5313260333414,2807.5313260333414,4869,0.22982131854590265,2.4343896373837213,230.70002649725282,79.03832178759103,28332,0.976281236764083,0.129427657759237,893.3359994659228,17.457503583903787,23387,0.8315730961645359,0.5528197987085623,1096.902060572636,23.639968325305503,0.7942144584931913,0.5359499589976622,"[""y@t"", ""throughput_1@t"", ""y@t-1"", ""throughput_2@t""]",4,50,6250000.0,4827,0.3432125538387398,59.216499503027016,74.75533416000341
"ar_order=2,capacity=True,disc=quantile,n_bins=50,numeric=True,on_change=capchain,other_lags=2,pool=local,target=buffer_size_2",ar,3,99959,33201,0.8534381494533297,0.563156075140791,797.4948226553279,60.76046690035946,33108,0.8552917723812976,0.5424343965071146,791.8540124195508,54.37471760060119,93,0.1935483870967742,7.940073668729629,2805.623266591932,2334.087217614308,4869,0.01889505031834052,2.998291832982468,236.92905369942716,80.13735029477262,28332,0.996858675702386,0.14466546364385752,893.83093479165,57.43044977317474,23387,0.7987343395903708,0.6842872728965061,1098.7063478452908,75.73424765095854,0.7827312657381712,0.5359499589976622,"[""y@t"", ""throughput_1@t"", ""y@t-1"", ""throughput_2@t""]",4,50,6250000.0,4827,0.3432125538387398,59.216499503027016,74.75533416000341
"ar_order=2,capacity=True,disc=quantile,n_bins=50,numeric=True,on_change=capchain,other_lags=2,pool=local,target=buffer_size_2",persistence,3,99959,33201,0.8533477907291949,4.052150291059188,796.6264653884901,59.21649950302734,33108,0.8552011598405219,4.000939810008501,790.9700588345062,52.806058958560186,93,0.1935483870967742,22.283081545103663,2810.307198606791,2341.333333333332,4869,0.0,27.63102111592854,238.1313059148191,80.93776956253849,28332,1.0,0.0,892.606732629677,55.48358746293981,23387,0.7950143241972035,5.663963536569952,1098.1152227308514,74.75533416000383,0.7865301118584646,0.5359499589976622,"[""y@t"", ""throughput_1@t"", ""y@t-1"", ""throughput_2@t""]",4,50,6250000.0,4827,0.3432125538387398,59.216499503027016,74.75533416000341
"ar_order=2,capacity=True,disc=quantile,n_bins=50,numeric=True,on_change=capchain,other_lags=2,pool=local,target=buffer_size_2",model,4,133160,33558,0.8940640085821563,0.41767583407303066,951.2896503195292,56.22045053009563,33464,0.8959777671527612,0.3926636169451788,946.996515710989,50.975696550345994,94,0.2127659574468085,9.322025131588278,2479.645570959866,1923.3528673209714,4082,0.2229299363057325,2.6307751520134635,256.76672226358215,89.21422852590737,29476,0.9870063780702945,0.11119356321426936,1047.471038307193,51.65128911813664,21479,0.8466874621723544,0.5389641640943392,1389.662389917047,75.76329164320582,0.8253000692441472,0.7786475410030107,"[""y@t"", ""throughput_1@t"", ""throughput_1@t-1"", ""throughput_2@t""]",4,50,6250000.0,6581,0.29086953930508375,52.6987007568985,73.93351645793565
"ar_order=2,capacity=True,disc=quantile,n_bins=50,numeric=True,on_change=capchain,other_lags=2,pool=local,target=buffer_size_2",cg_mean,4,133160,33558,0.8940640085821563,0.41767583407303066,951.2896503195292,51.95600924594598,33464,0.8959777671527612,0.3926636169451788,946.996515710989,45.13665654450238,94,0.2127659574468085,9.322025131588278,2479.645570959866,2479.645570959866,4082,0.2229299363057325,2.6307751520134635,256.76672226358215,86.49891445178396,29476,0.9870063780702945,0.11119356321426936,1047.471038307193,47.17231610406001,21479,0.8466874621723544,0.5389641640943392,1389.662389917047,67.00368719536002,0.8253000692441472,0.7786475410030107,"[""y@t"", ""throughput_1@t"", ""throughput_1@t-1"", ""throughput_2@t""]",4,50,6250000.0,6581,0.29086953930508375,52.6987007568985,73.93351645793565
"ar_order=2,capacity=True,disc=quantile,n_bins=50,numeric=True,on_change=capchain,other_lags=2,pool=local,target=buffer_size_2",cg_median,4,133160,33558,0.8940640085821563,0.41767583407303066,951.2896503195292,48.493643353901525,33464,0.8959777671527612,0.3926636169451788,946.996515710989,41.66456490557017,94,0.2127659574468085,9.322025131588278,2479.645570959866,2479.645570959866,4082,0.2229299363057325,2.6307751520134635,256.76672226358215,82.86712252241982,29476,0.9870063780702945,0.11119356321426936,1047.471038307193,43.733413269565396,21479,0.8466874621723544,0.5389641640943392,1389.662389917047,63.81989384980679,0.8253000692441472,0.7786475410030107,"[""y@t"", ""throughput_1@t"", ""throughput_1@t-1"", ""throughput_2@t""]",4,50,6250000.0,6581,0.29086953930508375,52.6987007568985,73.93351645793565
"ar_order=2,capacity=True,disc=quantile,n_bins=50,numeric=True,on_change=capchain,other_lags=2,pool=local,target=buffer_size_2",linear,4,133160,33558,0.8940640085821563,0.41767583407303066,951.2896503195292,53.96687547615406,33464,0.8959777671527612,0.3926636169451788,946.996515710989,47.153171275357124,94,0.2127659574468085,9.322025131588278,2479.645570959866,2479.645570959866,4082,0.2229299363057325,2.6307751520134635,256.76672226358215,93.54070321207493,29476,0.9870063780702945,0.11119356321426936,1047.471038307193,48.4864722729369,21479,0.8466874621723544,0.5389641640943392,1389.662389917047,73.22466597638959,0.8253000692441472,0.7786475410030107,"[""y@t"", ""throughput_1@t"", ""throughput_1@t-1"", ""throughput_2@t""]",4,50,6250000.0,6581,0.29086953930508375,52.6987007568985,73.93351645793565
"ar_order=2,capacity=True,disc=quantile,n_bins=50,numeric=True,on_change=capchain,other_lags=2,pool=local,target=buffer_size_2",clg,4,133160,33558,0.8940640085821563,0.41767583407303066,951.2896503195292,53.96687547615406,33464,0.8959777671527612,0.3926636169451788,946.996515710989,47.153171275357124,94,0.2127659574468085,9.322025131588278,2479.645570959866,2479.645570959866,4082,0.2229299363057325,2.6307751520134635,256.76672226358215,93.54070321207493,29476,0.9870063780702945,0.11119356321426936,1047.471038307193,48.4864722729369,21479,0.8466874621723544,0.5389641640943392,1389.662389917047,73.22466597638959,0.8253000692441472,0.7786475410030107,"[""y@t"", ""throughput_1@t"", ""throughput_1@t-1"", ""throughput_2@t""]",4,50,6250000.0,6581,0.29086953930508375,52.6987007568985,73.93351645793565
"ar_order=2,capacity=True,disc=quantile,n_bins=50,numeric=True,on_change=capchain,other_lags=2,pool=local,target=buffer_size_2",ar,4,133160,33558,0.8789558376542106,0.5021120363276845,950.1079107205035,54.774012411310906,33464,0.8808271575424337,0.4823608154067361,945.835816201629,49.54978182279917,94,0.2127659574468085,7.533546684185312,2470.973559439881,1914.6001019214932,4082,0.028417442430181284,3.1439911382093992,263.45289461118904,94.30334074675127,29476,0.9967431130411182,0.13624996230538972,1045.1997066140516,49.29977173193557,21479,0.8185669723916383,0.6609992478426097,1389.3079305930069,75.45411125815546,0.8000574575135722,0.7786475410030107,"[""y@t"", ""throughput_1@t"", ""throughput_1@t-1"", ""throughput_2@t""]",4,50,6250000.0,6581,0.29086953930508375,52.6987007568985,73.93351645793565
"ar_order=2,capacity=True,disc=quantile,n_bins=50,numeric=True,on_change=capchain,other_lags=2,pool=local,target=buffer_size_2",persistence,4,133160,33558,0.8783598545801299,3.3610414266410493,950.9095711774335,52.69870075689852,33464,0.8802295003585943,3.3093812046569933,946.6349143124556,47.45451828830984,94,0.2127659574468085,21.752080452965025,2472.6874151094908,1919.627659574468,4082,0.0,27.631021115928547,265.0766671044706,95.04458598726114,29476,1.0,0.0,1045.8875164354683,46.834407653684366,21479,0.8133991340378974,5.155972467649407,1391.1425093596201,73.93351645793565,0.8052764188080717,0.7786475410030107,"[""y@t"", ""throughput_1@t"", ""throughput_1@t-1"", ""throughput_2@t""]",4,50,6250000.0,6581,0.29086953930508375,52.6987007568985,73.93351645793565
"ar_order=2,capacity=True,disc=quantile,n_bins=50,numeric=True,on_change=capchain,other_lags=2,pool=local,target=buffer_size_2",model,5,166718,33201,0.8812385169121412,0.4259731613810991,8111.551990162308,45.351321174554386,33108,0.8830796182191615,0.3984448575098067,8107.685231983781,40.47270267698937,93,0.22580645161290322,10.2260493395612,9488.117901717691,1782.1395063076993,4398,0.21418826739427013,2.387189129643254,156.26147585762922,67.52481698752602,28803,0.9830920390237128,0.12651033360562572,9326.264613219348,41.965596264459975,20815,0.8287773240451597,0.5495017715283558,12807.480310239158,61.73375934707318,0.8501283089607837,1.149543999999878,"[""y@t"", ""throughput_1@t"", ""y@t-1"", ""throughput_2@t""]",4,50,6250000.0,7492,0.19321707177494654,45.42342098129574,64.47307230362719
"ar_order=2,capacity=True,disc=quantile,n_bins=50,numeric=True,on_change=capchain,other_lags=2,pool=local,target=buffer_size_2",cg_mean,5,166718,33201,0.8812385169121412,0.4259731613810991,8111.551990162308,65.736133016273,33108,0.8830796182191615,0.3984448575098067,8107.685231983781,39.2687684974488,93,0.22580645161290322,10.2260493395612,9488.117901717691,9488.117901717691,4398,0.21418826739427013,2.387189129643254,156.26147585762922,70.63297014904562,28803,0.9830920390237128,0.12651033360562572,9326.264613219348,64.98842306557573,20815,0.8287773240451597,0.5495017715283558,12807.480310239158,60.14356995703104,0.8501283089607837,1.149543999999878,"[""y@t"", ""throughput_1@t"", ""y@t-1"", ""throughput_2@t""]",4,50,6250000.0,7492,0.19321707177494654,45.42342098129574,64.47307230362719
"ar_order=2,capacity=True,disc=quantile,n_bins=50,numeric=True,on_change=capchain,other_lags=2,pool=local,target=buffer_size_2",cg_median,5,166718,33201,0.8812385169121412,0.4259731613810991,8111.551990162308,62.17469247491778,33108,0.8830796182191615,0.3984448575098067,8107.685231983781,35.69732390962909,93,0.22580645161290322,10.2260493395612,9488.117901717691,9488.117901717691,4398,0.21418826739427013,2.387189129643254,156.26147585762922,68.90823591402672,28803,0.9830920390237128,0.12651033360562572,9326.264613219348,61.146531379018,20815,0.8287773240451597,0.5495017715283558,12807.480310239158,56.183929858275285,0.8501283089607837,1.149543999999878,"[""y@t"", ""throughput_1@t"", ""y@t-1"", ""throughput_2@t""]",4,50,6250000.0,7492,0.19321707177494654,45.42342098129574,64.47307230362719
"ar_order=2,capacity=True,disc=quantile,n_bins=50,numeric=True,on_change=capchain,other_lags=2,pool=local,target=buffer_size_2",linear,5,166718,33201,0.8812385169121412,0.4259731613810991,8111.551990162308,44.690620528985555,33108,0.8830796182191615,0.3984448575098067,8107.685231983781,18.164139402050996,93,0.22580645161290322,10.2260493395612,9488.117901717691,9488.117901717691,4398,0.21418826739427013,2.387189129643254,156.26147585762922,77.56733502853987,28803,0.9830920390237128,0.12651033360562572,9326.264613219348,39.670595171590854,20815,0.8287773240451597,0.5495017715283558,12807.480310239158,26.130360632212188,0.8501283089607837,1.149543999999878,"[""y@t"", ""throughput_1@t"", ""y@t-1"", ""throughput_2@t""]",4,50,6250000.0,7492,0.19321707177494654,45.42342098129574,64.47307230362719
"ar_order=2,capacity=True,disc=quantile,n_bins=50,numeric=True,on_change=capchain,other_lags=2,pool=local,target=buffer_size_2",clg,5,166718,33201,0.8812385169121412,0.4259731613810991,8111.551990162308,44.690620528985555,33108,0.8830796182191615,0.3984448575098067,8107.685231983781,18.164139402050996,93,0.22580645161290322,10.2260493395612,9488.117901717691,9488.117901717691,4398,0.21418826739427013,2.387189129643254,156.26147585762922,77.56733502853987,28803,0.9830920390237128,0.12651033360562572,9326.264613219348,39.670595171590854,20815,0.8287773240451597,0.5495017715283558,12807.480310239158,26.130360632212188,0.8501283089607837,1.149543999999878,"[""y@t"", ""throughput_1@t"", ""y@t-1"", ""throughput_2@t""]",4,50,6250000.0,7492,0.19321707177494654,45.42342098129574,64.47307230362719
"ar_order=2,capacity=True,disc=quantile,n_bins=50,numeric=True,on_change=capchain,other_lags=2,pool=local,target=buffer_size_2",ar,5,166718,33201,0.8669317189241288,0.5470082058926354,8112.844042093681,46.52029150060844,33108,0.8687326325963514,0.525772778321215,8108.98141806178,41.64518569004653,93,0.22580645161290322,8.106820421318286,9487.938197450969,1782.0579600606482,4398,0.011368804001819008,3.1071968206466725,160.64440792205576,70.31095117425724,28803,0.9975696976009444,0.15608679049534158,9327.084711158946,42.88763791436022,20815,0.7945231803987509,0.7211538134938882,12808.677702678717,64.34605294459216,0.8359680561176296,1.149543999999878,"[""y@t"", ""throughput_1@t"", ""y@t-1"", ""throughput_2@t""]",4,50,6250000.0,7492,0.19321707177494654,45.42342098129574,64.47307230362719
"ar_order=2,capacity=True,disc=quantile,n_bins=50,numeric=True,on_change=capchain,other_lags=2,pool=local,target=buffer_size_2",persistence,5,166718,33201,0.8675341104183609,3.660167792170529,8107.040816598262,45.42342098129572,33108,0.8693367162015223,3.610359953712302,8103.170692737684,40.5342213362329,93,0.22580645161290322,21.391758283299517,9484.804910964085,1785.9784946236562,4398,0.0,27.631021115928544,163.01264036618622,72.33196907685311,28803,1.0,0.0,9320.033765911481,41.31468944207197,20815,0.7921691088157579,5.742579742854042,12799.784993427405,64.47307230362712,0.8417595260205446,1.149543999999878,"[""y@t"", ""throughput_1@t"", ""y@t-1"", ""throughput_2@t""]",4,50,6250000.0,7492,0.19321707177494654,45.42342098129574,64.47307230362719
"ar_order=2,capacity=True,disc=quantile,numeric=True,on_change=capchain,other_lags=2,pool=local,target=buffer_size_3",model,1,33200,33558,0.8927230466654748,0.44409633776003427,2103.054952900559,32.86143033793418,33464,0.8947226870666986,0.41970340593376776,2099.405619723931,29.98399248177271,94,0.18085106382978725,9.12798006791092,3402.217563780122,1057.229307131419,3636,0.13091309130913092,3.3235859330604756,173.26302078991236,77.55673008951248,29922,0.98529510059488,0.0941924486980596,2337.5554363292845,27.430238910331123,20714,0.8383701844163368,0.6166547598109066,3012.099033944667,44.44887385329561,0.8647565682991477,0.11139591700339224,"[""y@t"", ""y@t-1""]",2,20,400.0,153,0.0023839322963227845,25.622236128493952,36.69561649126195
"ar_order=2,capacity=True,disc=quantile,numeric=True,on_change=capchain,other_lags=2,pool=local,target=buffer_size_3",cg_mean,1,33200,33558,0.8927230466654748,0.44409633776003427,2103.054952900559,32.99883541282244,33464,0.8947226870666986,0.41970340593376776,2099.405619723931,23.5347378612289,94,0.18085106382978725,9.12798006791092,3402.217563780122,3402.217563780122,3636,0.13091309130913092,3.3235859330604756,173.26302078991236,100.22320600891355,29922,0.98529510059488,0.0941924486980596,2337.5554363292845,24.83000273160503,20714,0.8383701844163368,0.6166547598109066,3012.099033944667,36.44429105414212,0.8647565682991477,0.11139591700339224,"[""y@t"", ""y@t-1""]",2,20,400.0,153,0.0023839322963227845,25.622236128493952,36.69561649126195
"ar_order=2,capacity=True,disc=quantile,numeric=True,on_change=capchain,other_lags=2,pool=local,target=buffer_size_3",cg_median,1,33200,33558,0.8927230466654748,0.44409633776003427,2103.054952900559,33.79009330101113,33464,0.8947226870666986,0.41970340593376776,2099.405619723931,24.328218383934974,94,0.18085106382978725,9.12798006791092,3402.217563780122,3402.217563780122,3636,0.13091309130913092,3.3235859330604756,173.26302078991236,102.58215873745313,29922,0.98529510059488,0.0941924486980596,2337.5554363292845,25.43076070536568,20714,0.8383701844163368,0.6166547598109066,3012.099033944667,37.51168291976441,0.8647565682991477,0.11139591700339224,"[""y@t"", ""y@t-1""]",2,20,400.0,153,0.0023839322963227845,25.622236128493952,36.69561649126195
"ar_order=2,capacity=True,disc=quantile,numeric=True,on_change=capchain,other_lags=2,pool=local,target=buffer_size_3",linear,1,33200,33558,0.8927230466654748,0.44409633776003427,2103.054952900559,26.860591549624022,33464,0.8947226870666986,0.41970340593376776,2099.405619723931,17.37925173998779,94,0.18085106382978725,9.12798006791092,3402.217563780122,3402.217563780122,3636,0.13091309130913092,3.3235859330604756,173.26302078991236,117.6076686340069,29922,0.98529510059488,0.0941924486980596,2337.5554363292845,15.833375044082413,20714,0.8383701844163368,0.6166547598109066,3012.099033944667,25.277057989610476,0.8647565682991477,0.11139591700339224,"[""y@t"", ""y@t-1""]",2,20,400.0,153,0.0023839322963227845,25.622236128493952,36.69561649126195
"ar_order=2,capacity=True,disc=quantile,numeric=True,on_change=capchain,other_lags=2,pool=local,target=buffer_size_3",clg,1,33200,33558,0.8927230466654748,0.44409633776003427,2103.054952900559,26.860591549624022,33464,0.8947226870666986,0.41970340593376776,2099.405619723931,17.37925173998779,94,0.18085106382978725,9.12798006791092,3402.217563780122,3402.217563780122,3636,0.13091309130913092,3.3235859330604756,173.26302078991236,117.6076686340069,29922,0.98529510059488,0.0941924486980596,2337.5554363292845,15.833375044082413,20714,0.8383701844163368,0.6166547598109066,3012.099033944667,25.277057989610476,0.8647565682991477,0.11139591700339224,"[""y@t"", ""y@t-1""]",2,20,400.0,153,0.0023839322963227845,25.622236128493952,36.69561649126195
"ar_order=2,capacity=True,disc=quantile,numeric=True,on_change=capchain,other_lags=2,pool=local,target=buffer_size_3",ar,1,33200,33558,0.8916502771321294,0.49075412856473555,2103.9605237344413,34.0910730489812,33464,0.8936469041357877,0.47266553775400894,2100.3113819405685,31.216727040698636,94,0.18085106382978725,6.930292457183402,3403.0550023530554,1057.3582519975746,3636,0.0,3.6428232544536208,177.17703908052357,79.64921420758881,29922,1.0,0.10772748122391655,2338.0954328381654,28.55503263548287,20714,0.8281838370184417,0.6944221145291559,3013.198175434647,46.13731854825378,0.8620868621067037,0.11139591700339224,"[""y@t"", ""y@t-1""]",2,20,400.0,153,0.0023839322963227845,25.622236128493952,36.69561649126195
"ar_order=2,capacity=True,disc=quantile,numeric=True,on_change=capchain,other_lags=2,pool=local,target=buffer_size_3",persistence,1,33200,33558,0.8916502771321294,2.9938134804671375,2102.666833963565,25.622236128493956,33464,0.8936469041357877,2.938644637568423,2099.016623655321,22.714349748983985,94,0.18085106382978725,22.633921552409554,3402.1417036985135,1060.829787234043,3636,0.0,27.631021115928544,178.336540440084,80.15731573157319,29922,1.0,0.0,2336.503641237523,18.995354588597017,20714,0.8281838370184417,4.74745602740126,3013.4794988978224,36.695616491261916,0.8620868621067037,0.11139591700339224,"[""y@t"", ""y@t-1""]",2,20,400.0,153,0.0023839322963227845,25.622236128493952,36.69561649126195
"ar_order=2,capacity=True,disc=quantile,numeric=True,on_change=capchain,other_lags=2,pool=local,target=buffer_size_3",model,2,66758,33201,0.8653956206138369,0.45285796603322637,1462.0770275230377,39.313058992359686,33108,0.8673130361241996,0.43046841479718195,1458.5864924546927,35.48333988457477,93,0.1827956989247312,8.423538206065041,2704.707511853849,1402.6930613637912,4885,0.1676560900716479,2.3284574477212447,137.01830756849964,58.17672403615554,28316,0.9857677638084476,0.12928459874808834,1690.672586464199,36.05875034216393,22302,0.8135593220338984,0.5689362042711549,2100.790257414563,48.228463594557766,0.8516694605743631,0.19721829200716456,"[""y@t"", ""throughput_2@t"", ""y@t-1"", ""throughput_2@t-1""]",4,20,160000.0,1192,0.061112617089846694,34.170687629890665,45.016097211012465
"ar_order=2,capacity=True,disc=quantile,numeric=True,on_change=capchain,other_lags=2,pool=local,target=buffer_size_3",cg_mean,2,66758,33201,0.8653956206138369,0.45285796603322637,1462.0770275230377,42.407644929196564,33108,0.8673130361241996,0.43046841479718195,1458.5864924546927,34.92927451648686,93,0.1827956989247312,8.423538206065041,2704.707511853849,2704.707511853849,4885,0.1676560900716479,2.3284574477212447,137.01830756849964,64.40841848422335,28316,0.9857677638084476,0.12928459874808834,1690.672586464199,38.61213077407912,22302,0.8135593220338984,0.5689362042711549,2100.790257414563,48.525993447480374,0.8516694605743631,0.19721829200716456,"[""y@t"", ""throughput_2@t"", ""y@t-1"", ""throughput_2@t-1""]",4,20,160000.0,1192,0.061112617089846694,34.170687629890665,45.016097211012465
"ar_order=2,capacity=True,disc=quantile,numeric=True,on_change=capchain,other_lags=2,pool=local,target=buffer_size_3",cg_median,2,66758,33201,0.8653956206138369,0.45285796603322637,1462.0770275230377,39.88323540262064,33108,0.8673130361241996,0.43046841479718195,1458.5864924546927,32.39777395191494,93,0.1827956989247312,8.423538206065041,2704.707511853849,2704.707511853849,4885,0.1676560900716479,2.3284574477212447,137.01830756849964,64.12988630391025,28316,0.9857677638084476,0.12928459874808834,1690.672586464199,35.700268541030034,22302,0.8135593220338984,0.5689362042711549,2100.790257414563,46.45238095238095,0.8516694605743631,0.19721829200716456,"[""y@t"", ""throughput_2@t"", ""y@t-1"", ""throughput_2@t-1""]",4,20,160000.0,1192,0.061112617089846694,34.170687629890665,45.016097211012465
"ar_order=2,capacity=True,disc=quantile,numeric=True,on_change=capchain,other_lags=2,pool=local,target=buffer_size_3",linear,2,66758,33201,0.8653956206138369,0.45285796603322637,1462.0770275230377,30.86409109640169,33108,0.8673130361241996,0.43046841479718195,1458.5864924546927,23.353294970678526,93,0.1827956989247312,8.423538206065041,2704.707511853849,2704.707511853849,4885,0.1676560900716479,2.3284574477212447,137.01830756849964,74.78984812696933,28316,0.9857677638084476,0.12928459874808834,1690.672586464199,23.286137886403,22302,0.8135593220338984,0.5689362042711549,2100.790257414563,32.805392849692424,0.8516694605743631,0.19721829200716456,"[""y@t"", ""throughput_2@t"", ""y@t-1"", ""throughput_2@t-1""]",4,20,160000.0,1192,0.061112617089846694,34.170687629890665,45.016097211012465
"ar_order=2,capacity=True,disc=quantile,numeric=True,on_change=capchain,other_lags=2,pool=local,target=buffer_size_3",clg,2,66758,33201,0.8653956206138369,0.45285796603322637,1462.0770275230377,30.86409109640169,33108,0.8673130361241996,0.43046841479718195,1458.5864924546927,23.353294970678526,93,0.1827956989247312,8.423538206065041,2704.707511853849,2704.707511853849,4885,0.1676560900716479,2.3284574477212447,137.01830756849964,74.78984812696933,28316,0.9857677638084476,0.12928459874808834,1690.672586464199,23.286137886403,22302,0.8135593220338984,0.5689362042711549,2100.790257414563,32.805392849692424,0.8516694605743631,0.19721829200716456,"[""y@t"", ""throughput_2@t"", ""y@t-1"", ""throughput_2@t-1""]",4,20,160000.0,1192,0.061112617089846694,34.170687629890665,45.016097211012465
"ar_order=2,capacity=True,disc=quantile,numeric=True,on_change=capchain,other_lags=2,pool=local,target=buffer_size_3",ar,2,66758,33201,0.8528658775338093,0.5672265834515373,1466.3226491505009,37.926739101713274,33108,0.8547480971366437,0.551160965430057,1462.8401883743898,34.10382189220557,93,0.1827956989247312,6.286586599098548,2706.0786854459725,1398.8852656864537,4885,0.0,2.9703772988864054,142.82021128654526,60.9953940285467,28316,1.0,0.15264149922709416,1694.6497225000353,33.94699693058807,22302,0.7843691148775894,0.7372643425499309,2105.043575741288,47.75835103892781,0.8358181789470154,0.19721829200716456,"[""y@t"", ""throughput_2@t"", ""y@t-1"", ""throughput_2@t-1""]",4,20,160000.0,1192,0.061112617089846694,34.170687629890665,45.016097211012465
"ar_order=2,capacity=True,disc=quantile,numeric=True,on_change=capchain,other_lags=2,pool=local,target=buffer_size_3",persistence,2,66758,33201,0.8528658775338093,4.065466044736935,1465.9092802646803,34.17068762989067,33108,0.8547480971366437,4.0134583951462,1462.410797987959,30.323456566388803,93,0.1827956989247312,22.580189299038377,2711.3689707774015,1403.7849462365589,4885,0.0,27.631021115928544,143.14768622555982,60.76458546571136,28316,1.0,0.0,1694.108545234348,29.58278005367991,22302,0.7843691148775894,5.958101540063689,2104.5095365631455,45.01609721101246,0.8358181789470154,0.19721829200716456,"[""y@t"", ""throughput_2@t"", ""y@t-1"", ""throughput_2@t-1""]",4,20,160000.0,1192,0.061112617089846694,34.170687629890665,45.016097211012465
"ar_order=2,capacity=True,disc=quantile,numeric=True,on_change=capchain,other_lags=2,pool=local,target=buffer_size_3",model,3,99959,33201,0.8953043583024608,0.37761812241198933,1244.2491545834819,36.4296503797489,33108,0.8974266038419717,0.3553071419645182,1242.3250895840488,33.74139808929096,93,0.13978494623655913,8.320327161711733,1929.216294381636,993.4474657827751,3930,0.2262086513994911,2.4046634013686257,132.73553874065735,63.562207126609124,29271,0.9851388746540944,0.10546179204064633,1393.4838411422702,32.786763289620076,21406,0.8513500887601607,0.49208962754383023,1872.7921325530547,49.32066753099084,0.8572522794743671,0.30098512500262586,"[""y@t"", ""y@t-1"", ""throughput_2@t"", ""throughput_2@t-1""]",4,20,160000.0,1482,0.013162254148971417,23.591970121381888,32.275203214052134
"ar_order=2,capacity=True,disc=quantile,numeric=True,on_change=capchain,other_lags=2,pool=local,target=buffer_size_3",cg_mean,3,99959,33201,0.8953043583024608,0.37761812241198933,1244.2491545834819,30.61829583323097,33108,0.8974266038419717,0.3553071419645182,1242.3250895840488,25.285155387870283,93,0.13978494623655913,8.320327161711733,1929.216294381636,1929.216294381636,3930,0.2262086513994911,2.4046634013686257,132.73553874065735,68.77705426621888,29271,0.9851388746540944,0.10546179204064633,1393.4838411422702,25.495002449279536,21406,0.8513500887601607,0.49208962754383023,1872.7921325530547,37.05889256679204,0.8572522794743671,0.30098512500262586,"[""y@t"", ""y@t-1"", ""throughput_2@t"", ""throughput_2@t-1""]",4,20,160000.0,1482,0.013162254148971417,23.591970121381888,32.275203214052134
"ar_order=2,capacity=True,disc=quantile,numeric=True,on_change=capchain,other_lags=2,pool=local,target=buffer_size_3",cg_median,3,99959,33201,0.8953043583024608,0.37761812241198933,1244.2491545834819,31.671895888000122,33108,0.8974266038419717,0.3553071419645182,1242.3250895840488,26.34171499335508,93,0.13978494623655913,8.320327161711733,1929.216294381636,1929.216294381636,3930,0.2262086513994911,2.4046634013686257,132.73553874065735,68.88735762383551,29271,0.9851388746540944,0.10546179204064633,1393.4838411422702,26.67525195298482,21406,0.8513500887601607,0.49208962754383023,1872.7921325530547,40.248388302345134,0.8572522794743671,0.30098512500262586,"[""y@t"", ""y@t-1"", ""throughput_2@t"", ""throughput_2@t-1""]",4,20,160000.0,1482,0.013162254148971417,23.591970121381888,32.275203214052134
"ar_order=2,capacity=True,disc=quantile,numeric=True,on_change=capchain,other_lags=2,pool=local,target=buffer_size_3",linear,3,99959,33201,0.8953043583024608,0.37761812241198933,1244.2491545834819,22.367024882843257,33108,0.8974266038419717,0.3553071419645182,1242.3250895840488,17.01070671009384,93,0.13978494623655913,8.320327161711733,1929.216294381636,1929.216294381636,3930,0.2262086513994911,2.4046634013686257,132.73553874065735,84.61440154804048,29271,0.9851388746540944,0.10546179204064633,1393.4838411422702,14.009531449266506,21406,0.8513500887601607,0.49208962754383023,1872.7921325530547,24.74255755194979,0.8572522794743671,0.30098512500262586,"[""y@t"", ""y@t-1"", ""throughput_2@t"", ""throughput_2@t-1""]",4,20,160000.0,1482,0.013162254148971417,23.591970121381888,32.275203214052134
"ar_order=2,capacity=True,disc=quantile,numeric=True,on_change=capchain,other_lags=2,pool=local,target=buffer_size_3",clg,3,99959,33201,0.8953043583024608,0.37761812241198933,1244.2491545834819,22.367024882843257,33108,0.8974266038419717,0.3553071419645182,1242.3250895840488,17.01070671009384,93,0.13978494623655913,8.320327161711733,1929.216294381636,1929.216294381636,3930,0.2262086513994911,2.4046634013686257,132.73553874065735,84.61440154804048,29271,0.9851388746540944,0.10546179204064633,1393.4838411422702,14.009531449266506,21406,0.8513500887601607,0.49208962754383023,1872.7921325530547,24.74255755194979,0.8572522794743671,0.30098512500262586,"[""y@t"", ""y@t-1"", ""throughput_2@t"", ""throughput_2@t-1""]",4,20,160000.0,1482,0.013162254148971417,23.591970121381888,32.275203214052134
"ar_order=2,capacity=True,disc=quantile,numeric=True,on_change=capchain,other_lags=2,pool=local,target=buffer_size_3",ar,3,99959,33201,0.8816300713833921,0.5077333054628794,1254.0130634968884,26.207959360811525,33108,0.883713906004591,0.4908544255454267,1252.085518155557,23.488458284285926,93,0.13978494623655913,6.516614556076031,1940.2192050108786,994.3503426039251,3930,0.0,3.220344008732852,140.93312507415973,65.9862254206506,29271,1.0,0.14353119197680123,1403.4580485674812,20.86722670339744,21406,0.8201438848920863,0.6807894902153053,1887.5009081795067,33.7147754987749,0.8415619601278538,0.30098512500262586,"[""y@t"", ""y@t-1"", ""throughput_2@t"", ""throughput_2@t-1""]",4,20,160000.0,1482,0.013162254148971417,23.591970121381888,32.275203214052134
"ar_order=2,capacity=True,disc=quantile,numeric=True,on_change=capchain,other_lags=2,pool=local,target=buffer_size_3",persistence,3,99959,33201,0.8816300713833921,3.2706819970964482,1257.5867293391052,23.591970121381912,33108,0.883713906004591,3.213103518675997,1255.652949085047,20.867554669566296,93,0.13978494623655913,23.76862031477724,1946.012499783891,993.4838709677421,3930,0.0,27.631021115928547,142.3735631262764,67.05928753180662,29271,1.0,0.0,1407.318127078042,17.75593590926176,21406,0.8201438848920863,4.969608114375638,1892.9283945393117,32.27520321405215,0.8415619601278538,0.30098512500262586,"[""y@t"", ""y@t-1"", ""throughput_2@t"", ""throughput_2@t-1""]",4,20,160000.0,1482,0.013162254148971417,23.591970121381888,32.275203214052134
"ar_order=2,capacity=True,disc=quantile,numeric=True,on_change=capchain,other_lags=2,pool=local,target=buffer_size_3",model,4,133160,33558,0.899010668097026,0.338305185965862,1427.292432315208,36.717039280104686,33464,0.9009383217786278,0.31752568702134915,1423.575145731467,33.462897675322886,94,0.2127659574468085,7.735806810212432,2750.6464561270473,1195.1914505824245,3797,0.2251777719252041,2.313394879953472,190.67943703949973,66.37279501487131,29761,0.9849803434024395,0.08631716244276283,1585.0633251972301,32.93346666746033,20734,0.848316774380245,0.46335060053445815,2258.432340853268,51.23943917560195,0.8857550667218635,0.4641194580035517,"[""y@t"", ""y@t-1"", ""throughput_2@t"", ""throughput_2@t-1""]",4,20,160000.0,1773,0.017223910840932118,30.03936468204303,43.0791453651008
"ar_order=2,capacity=True,disc=quantile,numeric=True,on_change=capchain,other_lags=2,pool=local,target=buffer_size_3",cg_mean,4,133160,33558,0.899010668097026,0.338305185965862,1427.292432315208,31.359194301508744,33464,0.9009383217786278,0.31752568702134915,1423.575145731467,23.720746936830263,94,0.2127659574468085,7.735806810212432,2750.6464561270473,2750.6464561270473,3797,0.2251777719252041,2.313394879953472,190.67943703949973,84.29035368615024,29761,0.9849803434024395,0.08631716244276283,1585.0633251972301,24.606074037287648,20734,0.848316774380245,0.46335060053445815,2258.432340853268,35.61993395420223,0.8857550667218635,0.4641194580035517,"[""y@t"", ""y@t-1"", ""throughput_2@t"", ""throughput_2@t-1""]",4,20,160000.0,1773,0.017223910840932118,30.03936468204303,43.0791453651008
"ar_order=2,capacity=True,disc=quantile,numeric=True,on_change=capchain,other_lags=2,pool=local,target=buffer_size_3",cg_median,4,133160,33558,0.899010668097026,0.338305185965862,1427.292432315208,30.048431577446287,33464,0.9009383217786278,0.31752568702134915,1423.575145731467,22.406302295003584,94,0.2127659574468085,7.735806810212432,2750.6464561270473,2750.6464561270473,3797,0.2251777719252041,2.313394879953472,190.67943703949973,82.98021318272825,29761,0.9849803434024395,0.08631716244276283,1585.0633251972301,23.295231928400362,20734,0.848316774380245,0.46335060053445815,2258.432340853268,35.748456641265555,0.8857550667218635,0.4641194580035517,"[""y@t"", ""y@t-1"", ""throughput_2@t"", ""throughput_2@t-1""]",4,20,160000.0,1773,0.017223910840932118,30.03936468204303,43.0791453651008
"ar_order=2,capacity=True,disc=quantile,numeric=True,on_change=capchain,other_lags=2,pool=local,target=buffer_size_3",linear,4,133160,33558,0.899010668097026,0.338305185965862,1427.292432315208,27.010455375047602,33464,0.9009383217786278,0.31752568702134915,1423.575145731467,19.359792451586927,94,0.2127659574468085,7.735806810212432,2750.6464561270473,2750.6464561270473,3797,0.2251777719252041,2.313394879953472,190.67943703949973,101.14253099596284,29761,0.9849803434024395,0.08631716244276283,1585.0633251972301,17.552456949839605,20734,0.848316774380245,0.46335060053445815,2258.432340853268,29.55828055195776,0.8857550667218635,0.4641194580035517,"[""y@t"", ""y@t-1"", ""throughput_2@t"", ""throughput_2@t-1""]",4,20,160000.0,1773,0.017223910840932118,30.03936468204303,43.0791453651008
"ar_order=2,capacity=True,disc=quantile,numeric=True,on_change=capchain,other_lags=2,pool=local,target=buffer_size_3",clg,4,133160,33558,0.899010668097026,0.338305185965862,1427.292432315208,27.010455375047602,33464,0.9009383217786278,0.31752568702134915,1423.575145731467,19.359792451586927,94,0.2127659574468085,7.735806810212432,2750.6464561270473,2750.6464561270473,3797,0.2251777719252041,2.313394879953472,190.67943703949973,101.14253099596284,29761,0.9849803434024395,0.08631716244276283,1585.0633251972301,17.552456949839605,20734,0.848316774380245,0.46335060053445815,2258.432340853268,29.55828055195776,0.8857550667218635,0.4641194580035517,"[""y@t"", ""y@t-1"", ""throughput_2@t"", ""throughput_2@t-1""]",4,20,160000.0,1773,0.017223910840932118,30.03936468204303,43.0791453651008
"ar_order=2,capacity=True,disc=quantile,numeric=True,on_change=capchain,other_lags=2,pool=local,target=buffer_size_3",ar,4,133160,33558,0.8868526133857798,0.48373212791567977,1429.2494122205796,33.35456146590452,33464,0.888746115228305,0.4683737430418275,1425.4814901630823,30.036146092078965,94,0.2127659574468085,5.951317143007064,2770.6296646894516,1214.710434547804,3797,0.0,3.290010545869064,199.50319145928736,70.35525458269395,29761,1.0,0.1256984881532725,1586.1442208705114,28.63389913048403,20734,0.8204398572393171,0.6800264139396575,2260.421127547692,45.986262080036454,0.8712698493995832,0.4641194580035517,"[""y@t"", ""y@t-1"", ""throughput_2@t"", ""throughput_2@t-1""]",4,20,160000.0,1773,0.017223910840932118,30.03936468204303,43.0791453651008
"ar_order=2,capacity=True,disc=quantile,numeric=True,on_change=capchain,other_lags=2,pool=local,target=buffer_size_3",persistence,4,133160,33558,0.8868526133857798,3.126377828749648,1432.3093113908442,30.039364682042955,33464,0.888746115228305,3.074058439355785,1428.5292848931258,26.69145947884286,94,0.2127659574468085,21.752080452965025,2777.998744578576,1221.8936170212771,3797,0.0,27.63102111592855,201.62513693946528,71.90861206215436,29761,1.0,0.0,1589.3237870600717,24.697557205738963,20734,0.8204398572393171,4.9614300961995745,2266.141708010014,43.07914536510065,0.8712698493995832,0.4641194580035517,"[""y@t"", ""y@t-1"", ""throughput_2@t"", ""throughput_2@t-1""]",4,20,160000.0,1773,0.017223910840932118,30.03936468204303,43.0791453651008
"ar_order=2,capacity=True,disc=quantile,numeric=True,on_change=capchain,other_lags=2,pool=local,target=buffer_size_3",model,5,166718,33201,0.8919008463600494,0.36321583273449637,915.4519472743327,28.945712116135013,33108,0.8938323063912046,0.3409574138616716,912.5929647496312,25.821531595478618,93,0.20430107526881722,8.287212951460116,1933.2497260681855,1141.1539774698113,4107,0.24299975651327002,2.196702172031734,112.65670392956653,62.35611186686931,29094,0.9835017529387503,0.10439516883493792,1028.7770336982333,24.229395632452263,20097,0.8363934915659054,0.49630277138048257,1469.9480057805642,39.5086123477038,0.884445045535687,0.6326130839952384,"[""y@t"", ""throughput_2@t"", ""y@t-1"", ""throughput_2@t-1""]",4,20,160000.0,1981,0.02030059335562182,22.81175265805247,32.366273573170126
"ar_order=2,capacity=True,disc=quantile,numeric=True,on_change=capchain,other_lags=2,pool=local,target=buffer_size_3",cg_mean,5,166718,33201,0.8919008463600494,0.36321583273449637,915.4519472743327,25.180816282969,33108,0.8938323063912046,0.3409574138616716,912.5929647496312,19.82107215435884,93,0.20430107526881722,8.287212951460116,1933.2497260681855,1933.2497260681855,4107,0.24299975651327002,2.196702172031734,112.65670392956653,72.94384109981243,29094,0.9835017529387503,0.10439516883493792,1028.7770336982333,18.438438372651543,20097,0.8363934915659054,0.49630277138048257,1469.9480057805642,29.99971649705516,0.884445045535687,0.6326130839952384,"[""y@t"", ""throughput_2@t"", ""y@t-1"", ""throughput_2@t-1""]",4,20,160000.0,1981,0.02030059335562182,22.81175265805247,32.366273573170126
"ar_order=2,capacity=True,disc=quantile,numeric=True,on_change=capchain,other_lags=2,pool=local,target=buffer_size_3",cg_median,5,166718,33201,0.8919008463600494,0.36321583273449637,915.4519472743327,21.399030888357014,33108,0.8938323063912046,0.3409574138616716,912.5929647496312,16.02866376706536,93,0.20430107526881722,8.287212951460116,1933.2497260681855,1933.2497260681855,4107,0.24299975651327002,2.196702172031734,112.65670392956653,71.82181637097804,29094,0.9835017529387503,0.10439516883493792,1028.7770336982333,14.281192846935262,20097,0.8363934915659054,0.49630277138048257,1469.9480057805642,25.82962631238493,0.884445045535687,0.6326130839952384,"[""y@t"", ""throughput_2@t"", ""y@t-1"", ""throughput_2@t-1""]",4,20,160000.0,1981,0.02030059335562182,22.81175265805247,32.366273573170126
"ar_order=2,capacity=True,disc=quantile,numeric=True,on_change=capchain,other_lags=2,pool=local,target=buffer_size_3",linear,5,166718,33201,0.8919008463600494,0.36321583273449637,915.4519472743327,21.684268314388984,33108,0.8938323063912046,0.3409574138616716,912.5929647496312,16.314702421822137,93,0.20430107526881722,8.287212951460116,1933.2497260681855,1933.2497260681855,4107,0.24299975651327002,2.196702172031734,112.65670392956653,87.33888057416685,29094,0.9835017529387503,0.10439516883493792,1028.7770336982333,12.41625798404913,20097,0.8363934915659054,0.49630277138048257,1469.9480057805642,24.818293104390627,0.884445045535687,0.6326130839952384,"[""y@t"", ""throughput_2@t"", ""y@t-1"", ""throughput_2@t-1""]",4,20,160000.0,1981,0.02030059335562182,22.81175265805247,32.366273573170126
"ar_order=2,capacity=True,disc=quantile,numeric=True,on_change=capchain,other_lags=2,pool=local,target=buffer_size_3",clg,5,166718,33201,0.8919008463600494,0.36321583273449637,915.4519472743327,21.684268314388984,33108,0.8938323063912046,0.3409574138616716,912.5929647496312,16.314702421822137,93,0.20430107526881722,8.287212951460116,1933.2497260681855,1933.2497260681855,4107,0.24299975651327002,2.196702172031734,112.65670392956653,87.33888057416685,29094,0.9835017529387503,0.10439516883493792,1028.7770336982333,12.41625798404913,20097,0.8363934915659054,0.49630277138048257,1469.9480057805642,24.818293104390627,0.884445045535687,0.6326130839952384,"[""y@t"", ""throughput_2@t"", ""y@t-1"", ""throughput_2@t-1""]",4,20,160000.0,1981,0.02030059335562182,22.81175265805247,32.366273573170126
"ar_order=2,capacity=True,disc=quantile,numeric=True,on_change=capchain,other_lags=2,pool=local,target=buffer_size_3",ar,5,166718,33201,0.876298906659438,0.5105129672782586,918.1454913940794,26.464827054051486,33108,0.8781865410172768,0.49494574922448736,915.2900504446654,23.32618373007455,93,0.20430107526881722,6.052442594420817,1934.6824693855754,1143.8218503898386,4107,0.0,3.1154646274839437,120.22599547720367,65.51693330424416,29094,1.0,0.14278984675633843,1030.7823020674355,20.952109642573472,20097,0.7993232820819027,0.723893935254163,1472.9048091749685,35.454080009151525,0.8680521254844219,0.6326130839952384,"[""y@t"", ""throughput_2@t"", ""y@t-1"", ""throughput_2@t-1""]",4,20,160000.0,1981,0.02030059335562182,22.81175265805247,32.366273573170126
"ar_order=2,capacity=True,disc=quantile,numeric=True,on_change=capchain,other_lags=2,pool=local,target=buffer_size_3",persistence,5,166718,33201,0.876298906659438,3.4179875221565177,916.2458325080428,22.811752658052473,33108,0.8781865410172768,3.3658302573559213,913.3784136312105,19.646762111876292,93,0.20430107526881722,21.985973791168945,1937.046952660218,1149.5483870967741,4107,0.0,27.631021115928547,121.79534685897681,66.56391526661797,29094,1.0,0.0,1028.3929468464187,16.63556059668661,20097,0.7993232820819027,5.544902630270181,1471.308492584996,32.366273573170126,0.8680521254844219,0.6326130839952384,"[""y@t"", ""throughput_2@t"", ""y@t-1"", ""throughput_2@t-1""]",4,20,160000.0,1981,0.02030059335562182,22.81175265805247,32.366273573170126
"ar_order=2,capacity=True,disc=quantile,n_bins=50,numeric=True,on_change=capchain,other_lags=2,pool=local,target=buffer_size_3",model,1,33200,33558,0.7754037785326897,0.7754257529904964,1332.1715700262828,35.667125322845756,33464,0.7770738704279225,0.7496566961946404,1330.6257414155343,32.79849814803082,94,0.18085106382978725,9.949209972315211,1882.4865554526536,1056.8983995569624,8197,0.17994388190801514,2.4282983864681325,72.35176882896602,37.46947729097529,25361,0.9678640432159615,0.2411961494016716,1739.3614643685562,35.08458208390574,20714,0.6661195326832094,1.0339013968971238,1865.5512283811383,49.70628075937558,0.6804454931133711,0.15658741700462997,"[""y@t"", ""throughput_2@t"", ""y@t-1""]",3,50,125000.0,1316,0.19190654985398414,25.622236128493952,36.69561649126195
"ar_order=2,capacity=True,disc=quantile,n_bins=50,numeric=True,on_change=capchain,other_lags=2,pool=local,target=buffer_size_3",cg_mean,1,33200,33558,0.7754037785326897,0.7754257529904964,1332.1715700262828,33.73765480547483,33464,0.7770738704279225,0.7496566961946404,1330.6257414155343,28.54453991601647,94,0.18085106382978725,9.949209972315211,1882.4865554526536,1882.4865554526536,8197,0.17994388190801514,2.4282983864681325,72.35176882896602,37.37810561588326,25361,0.9678640432159615,0.2411961494016716,1739.3614643685562,32.561014480057146,20714,0.6661195326832094,1.0339013968971238,1865.5512283811383,41.783356320767005,0.6804454931133711,0.15658741700462997,"[""y@t"", ""throughput_2@t"", ""y@t-1""]",3,50,125000.0,1316,0.19190654985398414,25.622236128493952,36.69561649126195
"ar_order=2,capacity=True,disc=quantile,n_bins=50,numeric=True,on_change=capchain,other_lags=2,pool=local,target=buffer_size_3",cg_median,1,33200,33558,0.7754037785326897,0.7754257529904964,1332.1715700262828,40.70067453997703,33464,0.7770738704279225,0.7496566961946404,1330.6257414155343,35.52711869471671,94,0.18085106382978725,9.949209972315211,1882.4865554526536,1882.4865554526536,8197,0.17994388190801514,2.4282983864681325,72.35176882896602,37.81473337189151,25361,0.9678640432159615,0.2411961494016716,1739.3614643685562,41.6334476859412,20714,0.6661195326832094,1.0339013968971238,1865.5512283811383,53.075166554021436,0.6804454931133711,0.15658741700462997,"[""y@t"", ""throughput_2@t"", ""y@t-1""]",3,50,125000.0,1316,0.19190654985398414,25.622236128493952,36.69561649126195
"ar_order=2,capacity=True,disc=quantile,n_bins=50,numeric=True,on_change=capchain,other_lags=2,pool=local,target=buffer_size_3",linear,1,33200,33558,0.7754037785326897,0.7754257529904964,1332.1715700262828,22.632426220951363,33464,0.7770738704279225,0.7496566961946404,1330.6257414155343,17.40811686917692,94,0.18085106382978725,9.949209972315211,1882.4865554526536,1882.4865554526536,8197,0.17994388190801514,2.4282983864681325,72.35176882896602,45.53036543839081,25361,0.9678640432159615,0.2411961494016716,1739.3614643685562,15.23151901045686,20714,0.6661195326832094,1.0339013968971238,1865.5512283811383,25.283186285706677,0.6804454931133711,0.15658741700462997,"[""y@t"", ""throughput_2@t"", ""y@t-1""]",3,50,125000.0,1316,0.19190654985398414,25.622236128493952,36.69561649126195
"ar_order=2,capacity=True,disc=quantile,n_bins=50,numeric=True,on_change=capchain,other_lags=2,pool=local,target=buffer_size_3",clg,1,33200,33558,0.7754037785326897,0.7754257529904964,1332.1715700262828,22.632426220951363,33464,0.7770738704279225,0.7496566961946404,1330.6257414155343,17.40811686917692,94,0.18085106382978725,9.949209972315211,1882.4865554526536,1882.4865554526536,8197,0.17994388190801514,2.4282983864681325,72.35176882896602,45.53036543839081,25361,0.9678640432159615,0.2411961494016716,1739.3614643685562,15.23151901045686,20714,0.6661195326832094,1.0339013968971238,1865.5512283811383,25.283186285706677,0.6804454931133711,0.15658741700462997,"[""y@t"", ""throughput_2@t"", ""y@t-1""]",3,50,125000.0,1316,0.19190654985398414,25.622236128493952,36.69561649126195
"ar_order=2,capacity=True,disc=quantile,n_bins=50,numeric=True,on_change=capchain,other_lags=2,pool=local,target=buffer_size_3",ar,1,33200,33558,0.7569879015435962,0.8528496343342247,1330.9182933456427,30.839733394590365,33464,0.7586361463064786,0.8311369200244108,1329.3662934765014,27.95519569123992,94,0.1702127659574468,8.582575928628007,1883.4302467601012,1057.7351557873478,8197,0.03550079297303892,2.751519049795463,73.98253694352444,38.33886940715513,25361,0.9901817751665943,0.23917536287269828,1737.1760274739563,28.415916593399817,20714,0.6219947861349812,1.166093144267879,1864.5596962939505,41.46160907398783,0.6599542242697208,0.15658741700462997,"[""y@t"", ""throughput_2@t"", ""y@t-1""]",3,50,125000.0,1316,0.19190654985398414,25.622236128493952,36.69561649126195
"ar_order=2,capacity=True,disc=quantile,n_bins=50,numeric=True,on_change=capchain,other_lags=2,pool=local,target=buffer_size_3",persistence,1,33200,33558,0.7557363370880267,6.749254427774787,1336.2814889048745,25.622236128494098,33464,0.757381066220416,6.703808882387756,1334.7224100510234,22.71434974898413,94,0.1702127659574468,22.92786858555773,1891.3135608758594,1060.829787234042,8197,0.0,27.631021115928547,74.92663785509117,39.044528486031474,25361,1.0,0.0,1743.96753101895,21.28397933835436,20714,0.6080428695568215,10.830175747814225,1872.3298415454663,36.695616491262,0.672224919596419,0.15658741700462997,"[""y@t"", ""throughput_2@t"", ""y@t-1""]",3,50,125000.0,1316,0.19190654985398414,25.622236128493952,36.69561649126195
"ar_order=2,capacity=True,disc=quantile,n_bins=50,numeric=True,on_change=capchain,other_lags=2,pool=local,target=buffer_size_3",model,2,66758,33201,0.7481401162615584,0.7461746514750491,742.2304185568513,34.92253797715076,33108,0.7498489790987073,0.7175159830434217,738.7978426111166,31.055690308060033,93,0.13978494623655913,10.948660613134434,1964.2274552384426,1411.5203081734494,9114,0.28648233486943164,2.014643247564813,73.04379822654442,33.90924135927617,24087,0.9228214389504712,0.2662135610627058,995.4361667899406,35.30594750823845,22302,0.6890413415837144,0.8988130055015032,1059.891984274078,41.85113389611537,0.6980780312235517,0.3531604580057319,"[""y@t"", ""throughput_2@t"", ""throughput_2@t-1"", ""throughput_3@t""]",4,50,6250000.0,2960,0.1887894942923406,34.170687629890665,45.016097211012465
"ar_order=2,capacity=True,disc=quantile,n_bins=50,numeric=True,on_change=capchain,other_lags=2,pool=local,target=buffer_size_3",cg_mean,2,66758,33201,0.7481401162615584,0.7461746514750491,742.2304185568513,35.33942207992002,33108,0.7498489790987073,0.7175159830434217,738.7978426111166,29.92119726767698,93,0.13978494623655913,10.948660613134434,1964.2274552384426,1964.2274552384426,9114,0.28648233486943164,2.014643247564813,73.04379822654442,37.33901660787388,24087,0.9228214389504712,0.2662135610627058,995.4361667899406,34.582818745018564,22302,0.6890413415837144,0.8988130055015032,1059.891984274078,41.11283474677608,0.6980780312235517,0.3531604580057319,"[""y@t"", ""throughput_2@t"", ""throughput_2@t-1"", ""throughput_3@t""]",4,50,6250000.0,2960,0.1887894942923406,34.170687629890665,45.016097211012465
"ar_order=2,capacity=True,disc=quantile,n_bins=50,numeric=True,on_change=capchain,other_lags=2,pool=local,target=buffer_size_3",cg_median,2,66758,33201,0.7481401162615584,0.7461746514750491,742.2304185568513,31.15280122096248,33108,0.7498489790987073,0.7175159830434217,738.7978426111166,25.722816237767308,93,0.13978494623655913,10.948660613134434,1964.2274552384426,1964.2274552384426,9114,0.28648233486943164,2.014643247564813,73.04379822654442,36.896613094103884,24087,0.9228214389504712,0.2662135610627058,995.4361667899406,28.979466998692757,22302,0.6890413415837144,0.8988130055015032,1059.891984274078,37.59570890503094,0.6980780312235517,0.3531604580057319,"[""y@t"", ""throughput_2@t"", ""throughput_2@t-1"", ""throughput_3@t""]",4,50,6250000.0,2960,0.1887894942923406,34.170687629890665,45.016097211012465
"ar_order=2,capacity=True,disc=quantile,n_bins=50,numeric=True,on_change=capchain,other_lags=2,pool=local,target=buffer_size_3",linear,2,66758,33201,0.7481401162615584,0.7461746514750491,742.2304185568513,35.61631976253134,33108,0.7498489790987073,0.7175159830434217,738.7978426111166,30.19887275276755,93,0.13978494623655913,10.948660613134434,1964.2274552384426,1964.2274552384426,9114,0.28648233486943164,2.014643247564813,73.04379822654442,40.05310466643027,24087,0.9228214389504712,0.2662135610627058,995.4361667899406,33.93753628538039,22302,0.6890413415837144,0.8988130055015032,1059.891984274078,44.7349125332992,0.6980780312235517,0.3531604580057319,"[""y@t"", ""throughput_2@t"", ""throughput_2@t-1"", ""throughput_3@t""]",4,50,6250000.0,2960,0.1887894942923406,34.170687629890665,45.016097211012465
"ar_order=2,capacity=True,disc=quantile,n_bins=50,numeric=True,on_change=capchain,other_lags=2,pool=local,target=buffer_size_3",clg,2,66758,33201,0.7481401162615584,0.7461746514750491,742.2304185568513,35.61631976253134,33108,0.7498489790987073,0.7175159830434217,738.7978426111166,30.19887275276755,93,0.13978494623655913,10.948660613134434,1964.2274552384426,1964.2274552384426,9114,0.28648233486943164,2.014643247564813,73.04379822654442,40.05310466643027,24087,0.9228214389504712,0.2662135610627058,995.4361667899406,33.93753628538039,22302,0.6890413415837144,0.8988130055015032,1059.891984274078,44.7349125332992,0.6980780312235517,0.3531604580057319,"[""y@t"", ""throughput_2@t"", ""throughput_2@t-1"", ""throughput_3@t""]",4,50,6250000.0,2960,0.1887894942923406,34.170687629890665,45.016097211012465
"ar_order=2,capacity=True,disc=quantile,n_bins=50,numeric=True,on_change=capchain,other_lags=2,pool=local,target=buffer_size_3",ar,2,66758,33201,0.7272070118369929,0.8759815032543801,742.8273239762648,35.74245162937806,33108,0.7287966654584994,0.8534337857774573,739.4026123835494,31.88496028920705,93,0.16129032258064516,8.902968925038792,1962.0246509829944,1409.0093687302572,9114,0.05573842440201887,2.483698664760513,76.95857153703504,37.053038902549126,24087,0.9812762070826587,0.26765609079260005,994.7776627370546,35.24655374223226,22302,0.6172092189041342,1.1113981139507627,1061.071369391644,44.6047376826855,0.6721661096839382,0.3531604580057319,"[""y@t"", ""throughput_2@t"", ""throughput_2@t-1"", ""throughput_3@t""]",4,50,6250000.0,2960,0.1887894942923406,34.170687629890665,45.016097211012465
"ar_order=2,capacity=True,disc=quantile,n_bins=50,numeric=True,on_change=capchain,other_lags=2,pool=local,target=buffer_size_3",persistence,2,66758,33201,0.7254901960784313,7.584986188686268,741.6354225014913,34.17068762989077,33108,0.7270750271837623,7.54119568694969,738.2130145674286,30.323456566388895,93,0.16129032258064516,23.174404806907813,1960.0126470278185,1403.784946236559,9114,0.0,27.63102111592855,76.79768585553623,36.309414088215924,24087,1.0,0.0,993.1956471783391,33.36143978079477,22302,0.5948345439870864,11.195135270537637,1060.1178844252465,45.01609721101259,0.6895210318067643,0.3531604580057319,"[""y@t"", ""throughput_2@t"", ""throughput_2@t-1"", ""throughput_3@t""]",4,50,6250000.0,2960,0.1887894942923406,34.170687629890665,45.016097211012465
"ar_order=2,capacity=True,disc=quantile,n_bins=50,numeric=True,on_change=capchain,other_lags=2,pool=local,target=buffer_size_3",model,3,99959,33201,0.7879883136050119,0.6865294922704841,463.4615902026847,26.163946632742604,33108,0.7898695179412831,0.6565324728195149,461.7056029006241,23.457127051335547,93,0.11827956989247312,11.365468416815535,1088.593069736265,989.7917176136555,8010,0.216354556803995,2.151056694292954,63.10393681117841,34.690342842664,25191,0.969751101583899,0.22085274707577235,590.7635950324242,23.452802428801895,21406,0.6944781836868168,0.9006631541448948,698.8806836695348,33.44959330555806,0.7009420947292444,0.5686597080057254,"[""y@t"", ""throughput_2@t"", ""y@t-1"", ""throughput_2@t-1""]",4,50,6250000.0,4344,0.09201530074395349,23.591970121381888,32.275203214052134
"ar_order=2,capacity=True,disc=quantile,n_bins=50,numeric=True,on_change=capchain,other_lags=2,pool=local,target=buffer_size_3",cg_mean,3,99959,33201,0.7879883136050119,0.6865294922704841,463.4615902026847,24.78756956072594,33108,0.7898695179412831,0.6565324728195149,461.7056029006241,21.799351863603643,93,0.11827956989247312,11.365468416815535,1088.593069736265,1088.593069736265,8010,0.216354556803995,2.151056694292954,63.10393681117841,35.02333440799175,25191,0.969751101583899,0.22085274707577235,590.7635950324242,21.532896208076224,21406,0.6944781836868168,0.9006631541448948,698.8806836695348,31.15599511227691,0.7009420947292444,0.5686597080057254,"[""y@t"", ""throughput_2@t"", ""y@t-1"", ""throughput_2@t-1""]",4,50,6250000.0,4344,0.09201530074395349,23.591970121381888,32.275203214052134
"ar_order=2,capacity=True,disc=quantile,n_bins=50,numeric=True,on_change=capchain,other_lags=2,pool=local,target=buffer_size_3",cg_median,3,99959,33201,0.7879883136050119,0.6865294922704841,463.4615902026847,23.200299854988483,33108,0.7898695179412831,0.6565324728195149,461.7056029006241,20.20762353509726,93,0.11827956989247312,11.365468416815535,1088.593069736265,1088.593069736265,8010,0.216354556803995,2.151056694292954,63.10393681117841,35.12433297765662,25191,0.969751101583899,0.22085274707577235,590.7635950324242,19.40880665056739,21406,0.6944781836868168,0.9006631541448948,698.8806836695348,30.817738017378304,0.7009420947292444,0.5686597080057254,"[""y@t"", ""throughput_2@t"", ""y@t-1"", ""throughput_2@t-1""]",4,50,6250000.0,4344,0.09201530074395349,23.591970121381888,32.275203214052134
"ar_order=2,capacity=True,disc=quantile,n_bins=50,numeric=True,on_change=capchain,other_lags=2,pool=local,target=buffer_size_3",linear,3,99959,33201,0.7879883136050119,0.6865294922704841,463.4615902026847,20.01233797907471,33108,0.7898695179412831,0.6565324728195149,461.7056029006241,17.01070671009384,93,0.11827956989247312,11.365468416815535,1088.593069736265,1088.593069736265,8010,0.216354556803995,2.151056694292954,63.10393681117841,42.820314424991764,25191,0.969751101583899,0.22085274707577235,590.7635950324242,12.760069655792764,21406,0.6944781836868168,0.9006631541448948,698.8806836695348,24.74255755194979,0.7009420947292444,0.5686597080057254,"[""y@t"", ""throughput_2@t"", ""y@t-1"", ""throughput_2@t-1""]",4,50,6250000.0,4344,0.09201530074395349,23.591970121381888,32.275203214052134
"ar_order=2,capacity=True,disc=quantile,n_bins=50,numeric=True,on_change=capchain,other_lags=2,pool=local,target=buffer_size_3",clg,3,99959,33201,0.7879883136050119,0.6865294922704841,463.4615902026847,20.01233797907471,33108,0.7898695179412831,0.6565324728195149,461.7056029006241,17.01070671009384,93,0.11827956989247312,11.365468416815535,1088.593069736265,1088.593069736265,8010,0.216354556803995,2.151056694292954,63.10393681117841,42.820314424991764,25191,0.969751101583899,0.22085274707577235,590.7635950324242,12.760069655792764,21406,0.6944781836868168,0.9006631541448948,698.8806836695348,24.74255755194979,0.7009420947292444,0.5686597080057254,"[""y@t"", ""throughput_2@t"", ""y@t-1"", ""throughput_2@t-1""]",4,50,6250000.0,4344,0.09201530074395349,23.591970121381888,32.275203214052134
"ar_order=2,capacity=True,disc=quantile,n_bins=50,numeric=True,on_change=capchain,other_lags=2,pool=local,target=buffer_size_3",ar,3,99959,33201,0.7581096954910996,0.8410601595824776,464.158524490849,25.197455339466938,33108,0.7599371753050622,0.8174684751811112,462.3954665278376,22.478040581572532,93,0.10752688172043011,9.239699806468948,1091.807159322915,993.309109149875,8010,0.027340823970037453,2.6176699750257284,65.58900596485508,35.89726834124896,25191,0.9904727879004407,0.27615028614750337,590.8919548188713,21.795228268518024,21406,0.6396337475474166,1.1029941251896909,699.8437439647147,32.059924837128754,0.6561405633091048,0.5686597080057254,"[""y@t"", ""throughput_2@t"", ""y@t-1"", ""throughput_2@t-1""]",4,50,6250000.0,4344,0.09201530074395349,23.591970121381888,32.275203214052134
"ar_order=2,capacity=True,disc=quantile,n_bins=50,numeric=True,on_change=capchain,other_lags=2,pool=local,target=buffer_size_3",persistence,3,99959,33201,0.7587422065600433,6.666199184921769,464.8587991972021,23.591970121381927,33108,0.7605714630904917,6.615654959102501,463.09524762655894,20.86755466956631,93,0.10752688172043011,24.659943576581384,1092.6831583461535,993.483870967742,8010,0.0,27.631021115928547,66.8207244503952,36.990262172284645,25191,1.0,0.0,591.423245972714,19.331705767933045,21406,0.6296832663739138,10.232229486404073,701.0227604155567,32.27520321405219,0.6740516424233642,0.5686597080057254,"[""y@t"", ""throughput_2@t"", ""y@t-1"", ""throughput_2@t-1""]",4,50,6250000.0,4344,0.09201530074395349,23.591970121381888,32.275203214052134
"ar_order=2,capacity=True,disc=quantile,n_bins=50,numeric=True,on_change=capchain,other_lags=2,pool=local,target=buffer_size_3",model,4,133160,33558,0.8171821920257465,0.571497711830631,493.7521249189089,38.150306984767376,33464,0.8189696390150609,0.5452098484259524,491.4603571571694,34.89754011445957,94,0.18085106382978725,9.929977083896178,1309.621448098211,1196.135312814349,7600,0.29368421052631577,1.9554003766254153,82.56320268785174,36.34679017875593,25958,0.9704522690500038,0.1663177961036735,614.1402830572878,38.678341799687125,20734,0.7269701938844411,0.7755288264597958,744.9786655669375,53.25927581968135,0.7397160368647547,0.7970473329987726,"[""y@t"", ""throughput_2@t"", ""throughput_2@t-1"", ""y@t-1""]",4,50,6250000.0,5091,0.044609333094940105,30.03936468204303,43.0791453651008
"ar_order=2,capacity=True,disc=quantile,n_bins=50,numeric=True,on_change=capchain,other_lags=2,pool=local,target=buffer_size_3",cg_mean,4,133160,33558,0.8171821920257465,0.571497711830631,493.7521249189089,29.79921274512053,33464,0.8189696390150609,0.5452098484259524,491.4603571571694,26.20420646603882,94,0.18085106382978725,9.929977083896178,1309.621448098211,1309.621448098211,7600,0.29368421052631577,1.9554003766254153,82.56320268785174,37.965525890253716,25958,0.9704522690500038,0.1663177961036735,614.1402830572878,27.408274309840003,20734,0.7269701938844411,0.7755288264597958,744.9786655669375,39.63253009310082,0.7397160368647547,0.7970473329987726,"[""y@t"", ""throughput_2@t"", ""throughput_2@t-1"", ""y@t-1""]",4,50,6250000.0,5091,0.044609333094940105,30.03936468204303,43.0791453651008
"ar_order=2,capacity=True,disc=quantile,n_bins=50,numeric=True,on_change=capchain,other_lags=2,pool=local,target=buffer_size_3",cg_median,4,133160,33558,0.8171821920257465,0.571497711830631,493.7521249189089,28.802444011002795,33464,0.8189696390150609,0.5452098484259524,491.4603571571694,25.204637819746594,94,0.18085106382978725,9.929977083896178,1309.621448098211,1309.621448098211,7600,0.29368421052631577,1.9554003766254153,82.56320268785174,38.42686529556864,25958,0.9704522690500038,0.1663177961036735,614.1402830572878,25.98459973321944,20734,0.7269701938844411,0.7755288264597958,744.9786655669375,40.291791260731166,0.7397160368647547,0.7970473329987726,"[""y@t"", ""throughput_2@t"", ""throughput_2@t-1"", ""y@t-1""]",4,50,6250000.0,5091,0.044609333094940105,30.03936468204303,43.0791453651008
"ar_order=2,capacity=True,disc=quantile,n_bins=50,numeric=True,on_change=capchain,other_lags=2,pool=local,target=buffer_size_3",linear,4,133160,33558,0.8171821920257465,0.571497711830631,493.7521249189089,22.97397075872033,33464,0.8189696390150609,0.5452098484259524,491.4603571571694,19.359792451586927,94,0.18085106382978725,9.929977083896178,1309.621448098211,1309.621448098211,7600,0.29368421052631577,1.9554003766254153,82.56320268785174,46.482905103547,25958,0.9704522690500038,0.1663177961036735,614.1402830572878,16.091009782501718,20734,0.7269701938844411,0.7755288264597958,744.9786655669375,29.558280551957758,0.7397160368647547,0.7970473329987726,"[""y@t"", ""throughput_2@t"", ""throughput_2@t-1"", ""y@t-1""]",4,50,6250000.0,5091,0.044609333094940105,30.03936468204303,43.0791453651008
"ar_order=2,capacity=True,disc=quantile,n_bins=50,numeric=True,on_change=capchain,other_lags=2,pool=local,target=buffer_size_3",clg,4,133160,33558,0.8171821920257465,0.571497711830631,493.7521249189089,22.97397075872033,33464,0.8189696390150609,0.5452098484259524,491.4603571571694,19.359792451586927,94,0.18085106382978725,9.929977083896178,1309.621448098211,1309.621448098211,7600,0.29368421052631577,1.9554003766254153,82.56320268785174,46.482905103547,25958,0.9704522690500038,0.1663177961036735,614.1402830572878,16.091009782501718,20734,0.7269701938844411,0.7755288264597958,744.9786655669375,29.558280551957758,0.7397160368647547,0.7970473329987726,"[""y@t"", ""throughput_2@t"", ""throughput_2@t-1"", ""y@t-1""]",4,50,6250000.0,5091,0.044609333094940105,30.03936468204303,43.0791453651008
"ar_order=2,capacity=True,disc=quantile,n_bins=50,numeric=True,on_change=capchain,other_lags=2,pool=local,target=buffer_size_3",ar,4,133160,33558,0.7743906073067525,0.7581008666559406,495.6334354457451,32.20762419058876,33464,0.7759980874970117,0.7379740739435732,493.314460248912,28.869213504775296,94,0.20212765957446807,7.923239072258752,1321.1886055183377,1220.681828340182,7600,0.02526315789473684,2.5600952247294115,86.67113573848695,39.12756436032935,25958,0.9937206256260113,0.23051179502644759,615.3696816039685,30.181599639774806,20734,0.6460885502073889,1.027862778043024,748.5105456479598,43.21058911184685,0.6890584624877342,0.7970473329987726,"[""y@t"", ""throughput_2@t"", ""throughput_2@t-1"", ""y@t-1""]",4,50,6250000.0,5091,0.044609333094940105,30.03936468204303,43.0791453651008
"ar_order=2,capacity=True,disc=quantile,n_bins=50,numeric=True,on_change=capchain,other_lags=2,pool=local,target=buffer_size_3",persistence,4,133160,33558,0.7735264318493354,6.2576959437706945,495.6563211070808,30.03936468204308,33464,0.7751314845804447,6.213346697865238,493.3366528691325,26.691459478842983,94,0.20212765957446807,22.0460274861132,1321.4582138166838,1221.8936170212762,7600,0.0,27.63102111592855,87.93416049601811,40.036184210526315,25958,1.0,0.0,615.0294785400138,27.112489405963537,20734,0.637069547602971,10.02813899379581,749.1353580448055,43.07914536510085,0.6984778332203234,0.7970473329987726,"[""y@t"", ""throughput_2@t"", ""throughput_2@t-1"", ""y@t-1""]",4,50,6250000.0,5091,0.044609333094940105,30.03936468204303,43.0791453651008
"ar_order=2,capacity=True,disc=quantile,n_bins=50,numeric=True,on_change=capchain,other_lags=2,pool=local,target=buffer_size_3",model,5,166718,33201,0.8014216439263877,0.6552893356671394,482.64002353497966,25.197304706427612,33108,0.8032499697958198,0.6258600712642449,479.19424962862064,22.06533329987123,93,0.15053763440860216,11.132107463097594,1709.3355341987792,1140.1791254404993,7658,0.2793157482371376,2.1239164998411253,71.35043336241938,38.134794033736476,25543,0.9579532552949928,0.21498291812634998,605.9480015149142,21.31853975052849,20097,0.7068219137184655,0.8884938370523877,767.5382172154157,33.498050914621366,0.7281074686552762,1.1798289169964846,"[""y@t"", ""throughput_2@t"", ""throughput_2@t-1"", ""y@t-1""]",4,50,6250000.0,5690,0.0754194150778591,22.81175265805247,32.366273573170126
"ar_order=2,capacity=True,disc=quantile,n_bins=50,numeric=True,on_change=capchain,other_lags=2,pool=local,target=buffer_size_3",cg_mean,5,166718,33201,0.8014216439263877,0.6552893356671394,482.64002353497966,24.860857264132918,33108,0.8032499697958198,0.6258600712642449,479.19424962862064,20.129186823305258,93,0.15053763440860216,11.132107463097594,1709.3355341987792,1709.3355341987792,7658,0.2793157482371376,2.1239164998411253,71.35043336241938,41.5263048003753,25543,0.9579532552949928,0.21498291812634998,605.9480015149142,19.864419992373758,20097,0.7068219137184655,0.8884938370523877,767.5382172154157,30.70144202971936,0.7281074686552762,1.1798289169964846,"[""y@t"", ""throughput_2@t"", ""throughput_2@t-1"", ""y@t-1""]",4,50,6250000.0,5690,0.0754194150778591,22.81175265805247,32.366273573170126
"ar_order=2,capacity=True,disc=quantile,n_bins=50,numeric=True,on_change=capchain,other_lags=2,pool=local,target=buffer_size_3",cg_median,5,166718,33201,0.8014216439263877,0.6552893356671394,482.64002353497966,21.019644127601172,33108,0.8032499697958198,0.6258600712642449,479.19424962862064,16.277183762232692,93,0.15053763440860216,11.132107463097594,1709.3355341987792,1709.3355341987792,7658,0.2793157482371376,2.1239164998411253,71.35043336241938,40.286964338925216,25543,0.9579532552949928,0.21498291812634998,605.9480015149142,15.243144179344526,20097,0.7068219137184655,0.8884938370523877,767.5382172154157,26.023834403144747,0.7281074686552762,1.1798289169964846,"[""y@t"", ""throughput_2@t"", ""throughput_2@t-1"", ""y@t-1""]",4,50,6250000.0,5690,0.0754194150778591,22.81175265805247,32.366273573170126
"ar_order=2,capacity=True,disc=quantile,n_bins=50,numeric=True,on_change=capchain,other_lags=2,pool=local,target=buffer_size_3",linear,5,166718,33201,0.8014216439263877,0.6552893356671394,482.64002353497966,21.05705769290605,33108,0.8032499697958198,0.6258600712642449,479.19424962862064,16.314702421822137,93,0.15053763440860216,11.132107463097594,1709.3355341987792,1709.3355341987792,7658,0.2793157482371376,2.1239164998411253,71.35043336241938,49.151926818347036,25543,0.9579532552949928,0.21498291812634998,605.9480015149142,12.633986488950878,20097,0.7068219137184655,0.8884938370523877,767.5382172154157,24.818293104390623,0.7281074686552762,1.1798289169964846,"[""y@t"", ""throughput_2@t"", ""throughput_2@t-1"", ""y@t-1""]",4,50,6250000.0,5690,0.0754194150778591,22.81175265805247,32.366273573170126
"ar_order=2,capacity=True,disc=quantile,n_bins=50,numeric=True,on_change=capchain,other_lags=2,pool=local,target=buffer_size_3",clg,5,166718,33201,0.8014216439263877,0.6552893356671394,482.64002353497966,21.05705769290605,33108,0.8032499697958198,0.6258600712642449,479.19424962862064,16.314702421822137,93,0.15053763440860216,11.132107463097594,1709.3355341987792,1709.3355341987792,7658,0.2793157482371376,2.1239164998411253,71.35043336241938,49.151926818347036,25543,0.9579532552949928,0.21498291812634998,605.9480015149142,12.633986488950878,20097,0.7068219137184655,0.8884938370523877,767.5382172154157,24.818293104390623,0.7281074686552762,1.1798289169964846,"[""y@t"", ""throughput_2@t"", ""throughput_2@t-1"", ""y@t-1""]",4,50,6250000.0,5690,0.0754194150778591,22.81175265805247,32.366273573170126
"ar_order=2,capacity=True,disc=quantile,n_bins=50,numeric=True,on_change=capchain,other_lags=2,pool=local,target=buffer_size_3",ar,5,166718,33201,0.7660612632149634,0.8168133790760259,482.82132784704237,25.600104984200918,33108,0.7677902621722846,0.7942839287602397,479.35634020039424,22.45260065418715,93,0.15053763440860216,8.837297691495959,1716.3569300537827,1146.1116464691015,7658,0.03499608252807521,2.686294103789604,75.21675369429067,41.145793459314646,25543,0.9852405747171437,0.2563277904663645,605.0245079301093,20.939380623615982,20097,0.6337264268298751,1.1200285332060709,768.034305060612,33.80608625595972,0.6880992564774168,1.1798289169964846,"[""y@t"", ""throughput_2@t"", ""throughput_2@t-1"", ""y@t-1""]",4,50,6250000.0,5690,0.0754194150778591,22.81175265805247,32.366273573170126
"ar_order=2,capacity=True,disc=quantile,n_bins=50,numeric=True,on_change=capchain,other_lags=2,pool=local,target=buffer_size_3",persistence,5,166718,33201,0.7693442968585283,6.373252604011349,484.55221199277673,22.811752658052423,33108,0.7710825178204663,6.325223783907892,481.0806514340007,19.64676211187624,93,0.15053763440860216,23.471512560842527,1720.4277709170767,1149.5483870967741,7658,0.0,27.631021115928547,76.25860851281965,41.85218072603813,25543,1.0,0.0,606.9619686951811,17.10327682731075,20097,0.6228790366721402,10.420237300971412,770.9045405573382,32.36627357317004,0.7034880783161686,1.1798289169964846,"[""y@t"", ""throughput_2@t"", ""throughput_2@t-1"", ""y@t-1""]",4,50,6250000.0,5690,0.0754194150778591,22.81175265805247,32.366273573170126
"ar_order=2,capacity=True,granularity=30,n_bins=4,numeric=True,on_change=capchain,other_lags=2,pool=local",model,1,929,940,0.9457446808510638,0.24330836750842239,33.771951779569065,20.89203254682385,846,0.9550827423167849,0.2246703644469472,30.964506115119615,16.28952482340791,94,0.8617021276595744,0.41105039506169866,59.038962759614094,62.31460205756728,90,0.4444444444444444,1.6863142177156392,93.87177087878537,82.53824459138502,850,0.9988235294117647,0.09051951278059936,27.40844152200498,14.364786565635017,660,0.9424242424242424,0.24549619992154398,28.769984369445513,15.08096083440791,0.9021673422677932,0.003133582998998463,"[""y@t""]",1,4,4.0,4,0.0,19.709148936170212,7.9216161616161616
"ar_order=2,capacity=True,granularity=30,n_bins=4,numeric=True,on_change=capchain,other_lags=2,pool=local",cg_mean,1,929,940,0.9457446808510638,0.24330836750842239,33.771951779569065,19.37407187513191,846,0.9550827423167849,0.2246703644469472,30.964506115119615,14.966861776856112,94,0.8617021276595744,0.41105039506169866,59.038962759614094,59.038962759614094,90,0.4444444444444444,1.6863142177156392,93.87177087878537,81.71117855832341,850,0.9988235294117647,0.09051951278059936,27.40844152200498,12.773672343970457,660,0.9424242424242424,0.24549619992154398,28.769984369445513,14.053340402696845,0.9021673422677932,0.003133582998998463,"[""y@t""]",1,4,4.0,4,0.0,19.709148936170212,7.9216161616161616
"ar_order=2,capacity=True,granularity=30,n_bins=4,numeric=True,on_change=capchain,other_lags=2,pool=local",cg_median,1,929,940,0.9457446808510638,0.24330836750842239,33.771951779569065,11.465882091564247,846,0.9550827423167849,0.2246703644469472,30.964506115119615,6.179984239558707,94,0.8617021276595744,0.41105039506169866,59.038962759614094,59.038962759614094,90,0.4444444444444444,1.6863142177156392,93.87177087878537,85.33052321533329,850,0.9988235294117647,0.09051951278059936,27.40844152200498,3.644920090223994,660,0.9424242424242424,0.24549619992154398,28.769984369445513,7.9216161616161616,0.9021673422677932,0.003133582998998463,"[""y@t""]",1,4,4.0,4,0.0,19.709148936170212,7.9216161616161616
"ar_order=2,capacity=True,granularity=30,n_bins=4,numeric=True,on_change=capchain,other_lags=2,pool=local",linear,1,929,940,0.9457446808510638,0.24330836750842239,33.771951779569065,19.411663344390377,846,0.9550827423167849,0.2246703644469472,30.964506115119615,15.008630076032185,94,0.8617021276595744,0.41105039506169866,59.038962759614094,59.038962759614094,90,0.4444444444444444,1.6863142177156392,93.87177087878537,83.04733170735108,850,0.9988235294117647,0.09051951278059936,27.40844152200498,12.673769047135712,660,0.9424242424242424,0.24549619992154398,28.769984369445513,14.364249217080859,0.9021673422677932,0.003133582998998463,"[""y@t""]",1,4,4.0,4,0.0,19.709148936170212,7.9216161616161616
"ar_order=2,capacity=True,granularity=30,n_bins=4,numeric=True,on_change=capchain,other_lags=2,pool=local",clg,1,929,940,0.9457446808510638,0.24330836750842239,33.771951779569065,19.411663344390377,846,0.9550827423167849,0.2246703644469472,30.964506115119615,15.008630076032185,94,0.8617021276595744,0.41105039506169866,59.038962759614094,59.038962759614094,90,0.4444444444444444,1.6863142177156392,93.87177087878537,83.04733170735108,850,0.9988235294117647,0.09051951278059936,27.40844152200498,12.673769047135712,660,0.9424242424242424,0.24549619992154398,28.769984369445513,14.364249217080859,0.9021673422677932,0.003133582998998463,"[""y@t""]",1,4,4.0,4,0.0,19.709148936170212,7.9216161616161616
"ar_order=2,capacity=True,granularity=30,n_bins=4,numeric=True,on_change=capchain,other_lags=2,pool=local",ar,1,929,940,0.9042553191489362,0.4053359333730239,41.629474068885365,28.244382781817656,846,0.9550827423167849,0.2246703644469472,30.964506115119615,16.28952482340791,94,0.44680851063829785,2.0313260537077142,137.61418565277705,135.8381044075053,90,0.0,3.4160477825488775,179.6441085705555,161.56216295037322,850,1.0,0.08655467875440405,27.01615982753205,14.128382528676473,660,0.9424242424242424,0.24549619992154398,28.769984369445513,15.08096083440791,0.8532166827138592,0.003133582998998463,"[""y@t""]",1,4,4.0,4,0.0,19.709148936170212,7.9216161616161616
"ar_order=2,capacity=True,granularity=30,n_bins=4,numeric=True,on_change=capchain,other_lags=2,pool=local",persistence,1,929,940,0.9042553191489362,2.6455232983335843,40.37165006401209,19.70914893617022,846,0.9550827423167849,1.241109695514521,28.84711485025495,6.179984239558716,94,0.44680851063829785,15.285245723705154,144.09246698782636,141.47163120567376,90,0.0,27.631021115928544,191.06300836992799,172.2062962962963,850,1.0,0.0,24.41609447867982,3.562392156862753,660,0.9424242424242424,1.5908769733413406,28.53463219493918,7.921616161616162,0.8532166827138592,0.003133582998998463,"[""y@t""]",1,4,4.0,4,0.0,19.709148936170212,7.9216161616161616
"ar_order=2,capacity=True,granularity=30,n_bins=4,numeric=True,on_change=capchain,other_lags=2,pool=local",model,2,1869,930,0.946236559139785,0.20124465396648228,35.729298617716466,18.544046986031802,837,0.96415770609319,0.15233664523122833,31.261567184038626,11.138174181732303,93,0.7849462365591398,0.6414167325837679,75.93888152081705,85.19690222472727,83,0.4578313253012048,1.6513151445636665,107.80856706777638,108.25506170134274,847,0.9940968122786304,0.0591480179339365,28.66604090655357,9.753003041083973,675,0.9555555555555556,0.16949118116037148,29.143033858068314,11.305681075306767,0.9109111034776634,0.011959750001551583,"[""y@t"", ""y@t-1"", ""data_quality_3@t+h"", ""avg_p_latency_3@t""]",4,4,512.0,106,0.013978494623655914,21.487670250896056,8.24404938271605
"ar_order=2,capacity=True,granularity=30,n_bins=4,numeric=True,on_change=capchain,other_lags=2,pool=local",cg_mean,2,1869,930,0.946236559139785,0.20124465396648228,35.729298617716466,17.491003888364357,837,0.96415770609319,0.15233664523122833,31.261567184038626,10.996795262536281,93,0.7849462365591398,0.6414167325837679,75.93888152081705,75.93888152081705,83,0.4578313253012048,1.6513151445636665,107.80856706777638,101.52844480584274,847,0.9940968122786304,0.0591480179339365,28.66604090655357,9.255929984998708,675,0.9555555555555556,0.16949118116037148,29.143033858068314,10.896634401045628,0.9109111034776634,0.011959750001551583,"[""y@t"", ""y@t-1"", ""data_quality_3@t+h"", ""avg_p_latency_3@t""]",4,4,512.0,106,0.013978494623655914,21.487670250896056,8.24404938271605
"ar_order=2,capacity=True,granularity=30,n_bins=4,numeric=True,on_change=capchain,other_lags=2,pool=local",cg_median,2,1869,930,0.946236559139785,0.20124465396648228,35.729298617716466,13.518475965701777,837,0.96415770609319,0.15233664523122833,31.261567184038626,6.582875348466747,93,0.7849462365591398,0.6414167325837679,75.93888152081705,75.93888152081705,83,0.4578313253012048,1.6513151445636665,107.80856706777638,104.7214267563958,847,0.9940968122786304,0.0591480179339365,28.66604090655357,4.581232853980874,675,0.9555555555555556,0.16949118116037148,29.143033858068314,8.161703703703703,0.9109111034776634,0.011959750001551583,"[""y@t"", ""y@t-1"", ""data_quality_3@t+h"", ""avg_p_latency_3@t""]",4,4,512.0,106,0.013978494623655914,21.487670250896056,8.24404938271605
"ar_order=2,capacity=True,granularity=30,n_bins=4,numeric=True,on_change=capchain,other_lags=2,pool=local",linear,2,1869,930,0.946236559139785,0.20124465396648228,35.729298617716466,23.83921943071817,837,0.96415770609319,0.15233664523122833,31.261567184038626,18.050368087373855,93,0.7849462365591398,0.6414167325837679,75.93888152081705,75.93888152081705,83,0.4578313253012048,1.6513151445636665,107.80856706777638,98.92926744352505,847,0.9940968122786304,0.0591480179339365,28.66604090655357,16.48092665024241,675,0.9555555555555556,0.16949118116037148,29.143033858068314,18.168155056599158,0.9109111034776634,0.011959750001551583,"[""y@t"", ""y@t-1"", ""data_quality_3@t+h"", ""avg_p_latency_3@t""]",4,4,512.0,106,0.013978494623655914,21.487670250896056,8.24404938271605
"ar_order=2,capacity=True,granularity=30,n_bins=4,numeric=True,on_change=capchain,other_lags=2,pool=local",clg,2,1869,930,0.946236559139785,0.20124465396648228,35.729298617716466,19.716480263693455,837,0.96415770609319,0.15233664523122833,31.261567184038626,13.469546790679722,93,0.7849462365591398,0.6414167325837679,75.93888152081705,75.93888152081705,83,0.4578313253012048,1.6513151445636665,107.80856706777638,100.1565473378769,847,0.9940968122786304,0.0591480179339365,28.66604090655357,11.833923513802988,675,0.9555555555555556,0.16949118116037148,29.143033858068314,14.304226868616755,0.9109111034776634,0.011959750001551583,"[""y@t"", ""y@t-1"", ""data_quality_3@t+h"", ""avg_p_latency_3@t""]",4,4,512.0,106,0.013978494623655914,21.487670250896056,8.24404938271605
"ar_order=2,capacity=True,granularity=30,n_bins=4,numeric=True,on_change=capchain,other_lags=2,pool=local",ar,2,1869,930,0.910752688172043,0.3810094013448451,45.389454157231576,30.957904844442314,837,0.96415770609319,0.19153974239008784,33.366108402869216,17.601436860351225,93,0.43010752688172044,2.0862363319376596,153.5995659464929,151.16611670126215,83,0.0,3.3871440989508828,205.75219096454111,195.08875669665295,847,1.0,0.08642949591237613,29.675041931721907,14.8742440372009,675,0.9555555555555556,0.20595219754153335,31.199271077828296,16.74131284946448,0.8653549499620916,0.011959750001551583,"[""y@t"", ""y@t-1"", ""data_quality_3@t+h"", ""avg_p_latency_3@t""]",4,4,512.0,106,0.013978494623655914,21.487670250896056,8.24404938271605
"ar_order=2,capacity=True,granularity=30,n_bins=4,numeric=True,on_change=capchain,other_lags=2,pool=local",persistence,2,1869,930,0.910752688172043,2.4659943576581393,44.40029442288751,21.487670250896066,837,0.96415770609319,0.9903591797823852,31.698815950751673,6.648426921545208,93,0.43010752688172044,15.746710958539923,158.71360067211,155.04086021505375,83,0.0,27.631021115928544,216.5032431591265,205.6032128514056,847,1.0,0.0,27.53542459395263,3.445651318378598,675,0.9555555555555556,1.2280453829301576,29.34807482653551,8.24404938271605,0.8653549499620916,0.011959750001551583,"[""y@t"", ""y@t-1"", ""data_quality_3@t+h"", ""avg_p_latency_3@t""]",4,4,512.0,106,0.013978494623655914,21.487670250896056,8.24404938271605
"ar_order=2,capacity=True,granularity=30,n_bins=4,numeric=True,on_change=capchain,other_lags=2,pool=local",model,3,2799,930,0.9397849462365592,0.20957312696607794,36.937951828121385,19.180910490753597,837,0.955794504181601,0.17862696763177977,32.82506008283215,12.645887924664358,93,0.7956989247311828,0.4880885609747614,73.95397753572452,77.99611358555674,95,0.4421052631578947,1.4968992856087828,106.80145045409655,100.32635430054715,835,0.9964071856287425,0.06311086939594987,28.989410068279906,9.948794129160314,668,0.9446107784431138,0.20075468336189198,29.811349691848232,12.888889157851162,0.8967542961775108,0.006398417004675139,"[""y@t"", ""capacity_3@t+h"", ""capacity_3@t"", ""throughput_2@t-1""]",4,4,256.0,62,0.002150537634408602,24.001756272401433,9.868662674650698
"ar_order=2,capacity=True,granularity=30,n_bins=4,numeric=True,on_change=capchain,other_lags=2,pool=local",cg_mean,3,2799,930,0.9397849462365592,0.20957312696607794,36.937951828121385,18.2048300617589,837,0.955794504181601,0.17862696763177977,32.82506008283215,12.010480342429387,93,0.7956989247311828,0.4880885609747614,73.95397753572452,73.95397753572452,95,0.4421052631578947,1.4968992856087828,106.80145045409655,98.81592404921933,835,0.9964071856287425,0.06311086939594987,28.989410068279906,9.03350799132927,668,0.9446107784431138,0.20075468336189198,29.811349691848232,12.352762014969137,0.8967542961775108,0.006398417004675139,"[""y@t"", ""capacity_3@t+h"", ""capacity_3@t"", ""throughput_2@t-1""]",4,4,256.0,62,0.002150537634408602,24.001756272401433,9.868662674650698
"ar_order=2,capacity=True,granularity=30,n_bins=4,numeric=True,on_change=capchain,other_lags=2,pool=local",cg_median,3,2799,930,0.9397849462365592,0.20957312696607794,36.937951828121385,14.235576965041988,837,0.955794504181601,0.17862696763177977,32.82506008283215,7.600199123855038,93,0.7956989247311828,0.4880885609747614,73.95397753572452,73.95397753572452,95,0.4421052631578947,1.4968992856087828,106.80145045409655,101.03045721370081,835,0.9964071856287425,0.06311086939594987,28.989410068279906,4.360710349925115,668,0.9446107784431138,0.20075468336189198,29.811349691848232,9.395159680638724,0.8967542961775108,0.006398417004675139,"[""y@t"", ""capacity_3@t+h"", ""capacity_3@t"", ""throughput_2@t-1""]",4,4,256.0,62,0.002150537634408602,24.001756272401433,9.868662674650698
"ar_order=2,capacity=True,granularity=30,n_bins=4,numeric=True,on_change=capchain,other_lags=2,pool=local",linear,3,2799,930,0.9397849462365592,0.20957312696607794,36.937951828121385,22.552363972094174,837,0.955794504181601,0.17862696763177977,32.82506008283215,16.841073576135237,93,0.7956989247311828,0.4880885609747614,73.95397753572452,73.95397753572452,95,0.4421052631578947,1.4968992856087828,106.80145045409655,100.19391501761453,835,0.9964071856287425,0.06311086939594987,28.989410068279906,13.718894092663708,668,0.9446107784431138,0.20075468336189198,29.811349691848232,17.234483573437917,0.8967542961775108,0.006398417004675139,"[""y@t"", ""capacity_3@t+h"", ""capacity_3@t"", ""throughput_2@t-1""]",4,4,256.0,62,0.002150537634408602,24.001756272401433,9.868662674650698
"ar_order=2,capacity=True,granularity=30,n_bins=4,numeric=True,on_change=capchain,other_lags=2,pool=local",clg,3,2799,930,0.9397849462365592,0.20957312696607794,36.937951828121385,18.67225306346581,837,0.955794504181601,0.17862696763177977,32.82506008283215,12.529839233214844,93,0.7956989247311828,0.4880885609747614,73.95397753572452,73.95397753572452,95,0.4421052631578947,1.4968992856087828,106.80145045409655,101.48896351566107,835,0.9964071856287425,0.06311086939594987,28.989410068279906,9.249992592856772,668,0.9446107784431138,0.20075468336189198,29.811349691848232,12.97125521626409,0.8967542961775108,0.006398417004675139,"[""y@t"", ""capacity_3@t+h"", ""capacity_3@t"", ""throughput_2@t-1""]",4,4,256.0,62,0.002150537634408602,24.001756272401433,9.868662674650698
"ar_order=2,capacity=True,granularity=30,n_bins=4,numeric=True,on_change=capchain,other_lags=2,pool=local",ar,3,2799,930,0.8978494623655914,0.4155429281641037,47.75614644546481,31.945105782897745,837,0.955794504181601,0.223592426523984,34.87630253351228,17.485542327819058,93,0.3763440860215054,2.1430974429251806,163.6747416530376,162.0811768786059,95,0.0,3.2706299315122362,198.66236793273228,186.49688828593796,835,1.0,0.09071267029814842,30.587175138530196,14.361370049018914,668,0.9446107784431138,0.24711419355882125,32.024684679490804,17.638382091132623,0.8451361839713272,0.006398417004675139,"[""y@t"", ""capacity_3@t+h"", ""capacity_3@t"", ""throughput_2@t-1""]",4,4,256.0,62,0.002150537634408602,24.001756272401433,9.868662674650698
"ar_order=2,capacity=True,granularity=30,n_bins=4,numeric=True,on_change=capchain,other_lags=2,pool=local",persistence,3,2799,930,0.8978494623655914,2.8225236623797976,46.02971214291406,24.001756272401437,837,0.955794504181601,1.2214429883982751,32.25945284691293,7.876065312624454,93,0.3763440860215054,17.2322497282135,169.9620458069242,169.13297491039427,95,0.0,27.63102111592854,212.18651739074883,199.2736842105263,835,1.0,0.0,27.125644479986743,4.060638722554893,668,0.9446107784431138,1.530460750433168,30.132944872379046,9.868662674650698,0.8451361839713272,0.006398417004675139,"[""y@t"", ""capacity_3@t+h"", ""capacity_3@t"", ""throughput_2@t-1""]",4,4,256.0,62,0.002150537634408602,24.001756272401433,9.868662674650698
"ar_order=2,capacity=True,granularity=30,n_bins=4,numeric=True,on_change=capchain,other_lags=2,pool=local",model,4,3729,940,0.9446808510638298,0.22423198445575104,34.20220063185044,19.437821443037294,846,0.9645390070921985,0.17611520740799438,30.42729892199877,13.688565038736035,94,0.7659574468085106,0.6572829778855613,68.17631602051544,71.1811290817486,79,0.3924050632911392,1.797965972963127,96.82269487341061,91.8322692213207,861,0.9953542392566783,0.07983595066703707,28.45653391282227,12.795357593461924,639,0.9530516431924883,0.1984344039817912,27.032220514854348,12.817058222364057,0.9063225816641595,0.010281832997861784,"[""y@t"", ""data_quality_3@t+h"", ""avg_p_latency_3@t"", ""y@t-1""]",4,4,576.0,132,0.013829787234042552,19.269822695035458,7.43922796035472
"ar_order=2,capacity=True,granularity=30,n_bins=4,numeric=True,on_change=capchain,other_lags=2,pool=local",cg_mean,4,3729,940,0.9446808510638298,0.22423198445575104,34.20220063185044,17.88833516651478,846,0.9645390070921985,0.17611520740799438,30.42729892199877,12.300781738292486,94,0.7659574468085106,0.6572829778855613,68.17631602051544,68.17631602051544,79,0.3924050632911392,1.797965972963127,96.82269487341061,89.08315712967898,861,0.9953542392566783,0.07983595066703707,28.45653391282227,11.355941513680902,639,0.9530516431924883,0.1984344039817912,27.032220514854348,10.954749083270734,0.9063225816641595,0.010281832997861784,"[""y@t"", ""data_quality_3@t+h"", ""avg_p_latency_3@t"", ""y@t-1""]",4,4,576.0,132,0.013829787234042552,19.269822695035458,7.43922796035472
"ar_order=2,capacity=True,granularity=30,n_bins=4,numeric=True,on_change=capchain,other_lags=2,pool=local",cg_median,4,3729,940,0.9446808510638298,0.22423198445575104,34.20220063185044,12.198589048860052,846,0.9645390070921985,0.17611520740799438,30.42729892199877,5.978841607565013,94,0.7659574468085106,0.6572829778855613,68.17631602051544,68.17631602051544,79,0.3924050632911392,1.797965972963127,96.82269487341061,91.09404860090781,861,0.9953542392566783,0.07983595066703707,28.45653391282227,4.959632829798762,639,0.9530516431924883,0.1984344039817912,27.032220514854348,7.357485654668752,0.9063225816641595,0.010281832997861784,"[""y@t"", ""data_quality_3@t+h"", ""avg_p_latency_3@t"", ""y@t-1""]",4,4,576.0,132,0.013829787234042552,19.269822695035458,7.43922796035472
"ar_order=2,capacity=True,granularity=30,n_bins=4,numeric=True,on_change=capchain,other_lags=2,pool=local",linear,4,3729,940,0.9446808510638298,0.22423198445575104,34.20220063185044,27.27637297438178,846,0.9645390070921985,0.17611520740799438,30.42729892199877,22.731934858144704,94,0.7659574468085106,0.6572829778855613,68.17631602051544,68.17631602051544,79,0.3924050632911392,1.797965972963127,96.82269487341061,86.65153371547918,861,0.9953542392566783,0.07983595066703707,28.45653391282227,21.82847785411849,639,0.9530516431924883,0.1984344039817912,27.032220514854348,22.373364104813067,0.9063225816641595,0.010281832997861784,"[""y@t"", ""data_quality_3@t+h"", ""avg_p_latency_3@t"", ""y@t-1""]",4,4,576.0,132,0.013829787234042552,19.269822695035458,7.43922796035472
"ar_order=2,capacity=True,granularity=30,n_bins=4,numeric=True,on_change=capchain,other_lags=2,pool=local",clg,4,3729,940,0.9446808510638298,0.22423198445575104,34.20220063185044,18.32909093768618,846,0.9645390070921985,0.17611520740799438,30.42729892199877,12.790510372927372,94,0.7659574468085106,0.6572829778855613,68.17631602051544,68.17631602051544,79,0.3924050632911392,1.797965972963127,96.82269487341061,87.90559566771438,861,0.9953542392566783,0.07983595066703707,28.45653391282227,11.945183999623197,639,0.9530516431924883,0.1984344039817912,27.032220514854348,12.370102093378183,0.9063225816641595,0.010281832997861784,"[""y@t"", ""data_quality_3@t+h"", ""avg_p_latency_3@t"", ""y@t-1""]",4,4,576.0,132,0.013829787234042552,19.269822695035458,7.43922796035472
"ar_order=2,capacity=True,granularity=30,n_bins=4,numeric=True,on_change=capchain,other_lags=2,pool=local",ar,4,3729,940,0.9159574468085107,0.3676398672317233,43.00389589152071,30.253644055486742,846,0.9645390070921985,0.2020453448056597,32.436223156304806,18.25234386764382,94,0.4787234042553192,1.8579905690662961,138.11295050846388,138.26534574607305,79,0.0,3.285310409743298,188.27265619525602,176.68444684448846,861,1.0,0.09993258168188093,29.674938790481118,16.818065170084722,639,0.9530516431924883,0.21996149995218814,29.979693231173133,16.682127509030426,0.8766710725903404,0.010281832997861784,"[""y@t"", ""data_quality_3@t+h"", ""avg_p_latency_3@t"", ""y@t-1""]",4,4,576.0,132,0.013829787234042552,19.269822695035458,7.43922796035472
"ar_order=2,capacity=True,granularity=30,n_bins=4,numeric=True,on_change=capchain,other_lags=2,pool=local",persistence,4,3729,940,0.9159574468085107,2.322181561870591,41.95958898006021,19.269822695035465,846,0.9645390070921985,0.9798234438272535,30.59199777664184,5.618991331757299,94,0.4787234042553192,14.403404624260624,144.26790981082556,142.127304964539,79,0.0,27.631021115928537,202.02435352851228,188.6286919831224,861,1.0,0.0,27.27304263937761,3.7305071622144887,639,0.9530516431924883,1.2972310383065047,28.635885292802357,7.439227960354723,0.8766710725903404,0.010281832997861784,"[""y@t"", ""data_quality_3@t+h"", ""avg_p_latency_3@t"", ""y@t-1""]",4,4,576.0,132,0.013829787234042552,19.269822695035458,7.43922796035472
"ar_order=2,capacity=True,granularity=30,n_bins=4,numeric=True,on_change=capchain,other_lags=2,pool=local",model,5,4669,930,0.9580645161290322,0.17788210788473086,35.77540414475146,17.498557096877978,837,0.972520908004779,0.13879875177862314,32.144070933731626,10.921800947083113,93,0.8279569892473119,0.5296323128397005,68.45740304392993,76.68936244503172,72,0.5138888888888888,1.423183456037187,106.61047554980036,109.57634862554507,858,0.9953379953379954,0.07338129545235694,29.83120234852358,9.771749416150667,638,0.9639498432601881,0.14990096241883552,30.731648300116703,11.071865525329574,0.9261065074686065,0.015110500004084315,"[""y@t"", ""capacity_3@t+h"", ""capacity_3@t"", ""throughput_2@t""]",4,4,256.0,64,0.004301075268817204,18.861541218637992,8.770637408568442
"ar_order=2,capacity=True,granularity=30,n_bins=4,numeric=True,on_change=capchain,other_lags=2,pool=local",cg_mean,5,4669,930,0.9580645161290322,0.17788210788473086,35.77540414475146,16.387844465490556,837,0.972520908004779,0.13879875177862314,32.144070933731626,10.602337956775068,93,0.8279569892473119,0.5296323128397005,68.45740304392993,68.45740304392993,72,0.5138888888888888,1.423183456037187,106.61047554980036,101.94388827880883,858,0.9953379953379954,0.07338129545235694,29.83120234852358,9.208316313323987,638,0.9639498432601881,0.14990096241883552,30.731648300116703,10.763737856770513,0.9261065074686065,0.015110500004084315,"[""y@t"", ""capacity_3@t+h"", ""capacity_3@t"", ""throughput_2@t""]",4,4,256.0,64,0.004301075268817204,18.861541218637992,8.770637408568442
"ar_order=2,capacity=True,granularity=30,n_bins=4,numeric=True,on_change=capchain,other_lags=2,pool=local",cg_median,5,4669,930,0.9580645161290322,0.17788210788473086,35.77540414475146,12.687819157439588,837,0.972520908004779,0.13879875177862314,32.144070933731626,6.491198725607328,93,0.8279569892473119,0.5296323128397005,68.45740304392993,68.45740304392993,72,0.5138888888888888,1.423183456037187,106.61047554980036,105.97928565289624,858,0.9953379953379954,0.07338129545235694,29.83120234852358,4.859164626352316,638,0.9639498432601881,0.14990096241883552,30.731648300116703,8.514420062695923,0.9261065074686065,0.015110500004084315,"[""y@t"", ""capacity_3@t+h"", ""capacity_3@t"", ""throughput_2@t""]",4,4,256.0,64,0.004301075268817204,18.861541218637992,8.770637408568442
"ar_order=2,capacity=True,granularity=30,n_bins=4,numeric=True,on_change=capchain,other_lags=2,pool=local",linear,5,4669,930,0.9580645161290322,0.17788210788473086,35.77540414475146,20.67527304687766,837,0.972520908004779,0.13879875177862314,32.144070933731626,15.36614749164963,93,0.8279569892473119,0.5296323128397005,68.45740304392993,68.45740304392993,72,0.5138888888888888,1.423183456037187,106.61047554980036,102.66965761198605,858,0.9953379953379954,0.07338129545235694,29.83120234852358,13.794625391064368,638,0.9639498432601881,0.14990096241883552,30.731648300116703,15.69451498438358,0.9261065074686065,0.015110500004084315,"[""y@t"", ""capacity_3@t+h"", ""capacity_3@t"", ""throughput_2@t""]",4,4,256.0,64,0.004301075268817204,18.861541218637992,8.770637408568442
"ar_order=2,capacity=True,granularity=30,n_bins=4,numeric=True,on_change=capchain,other_lags=2,pool=local",clg,5,4669,930,0.9580645161290322,0.17788210788473086,35.77540414475146,16.649759498655495,837,0.972520908004779,0.13879875177862314,32.144070933731626,10.893354660291667,93,0.8279569892473119,0.5296323128397005,68.45740304392993,68.45740304392993,72,0.5138888888888888,1.423183456037187,106.61047554980036,103.33350757067038,858,0.9953379953379954,0.07338129545235694,29.83120234852358,9.375598821283617,638,0.9639498432601881,0.14990096241883552,30.731648300116703,11.52904730836392,0.9261065074686065,0.015110500004084315,"[""y@t"", ""capacity_3@t+h"", ""capacity_3@t"", ""throughput_2@t""]",4,4,256.0,64,0.004301075268817204,18.861541218637992,8.770637408568442
"ar_order=2,capacity=True,granularity=30,n_bins=4,numeric=True,on_change=capchain,other_lags=2,pool=local",ar,5,4669,930,0.9225806451612903,0.3457961287234836,44.74139671261271,28.010413116390495,837,0.972520908004779,0.18050170906886742,35.38603326918013,17.201866089487506,93,0.4731182795698925,1.8334459056150285,128.93966770350596,125.28733635851744,72,0.0,3.2906713836296766,194.22564922928504,186.0088412200485,858,1.0,0.0986737297103765,32.19726363429056,14.75180376503458,638,0.9639498432601881,0.18914879183087674,32.938439311319115,16.972213619320186,0.8882648898054304,0.015110500004084315,"[""y@t"", ""capacity_3@t+h"", ""capacity_3@t"", ""throughput_2@t""]",4,4,256.0,64,0.004301075268817204,18.861541218637992,8.770637408568442
"ar_order=2,capacity=True,granularity=30,n_bins=4,numeric=True,on_change=capchain,other_lags=2,pool=local",persistence,5,4669,930,0.9225806451612903,2.139175828329952,42.243664839605884,18.861541218637996,837,0.972520908004779,0.7592753711664953,32.09904030846107,6.685384309040226,93,0.4731182795698925,14.558279942801061,133.54528561990924,128.44695340501798,72,0.0,27.631021115928547,208.08393763886613,199.86712962962963,858,1.0,0.0,28.32699859071691,3.672261072261077,638,0.9639498432601881,0.9961026421102768,31.385772602387323,8.770637408568442,0.8882648898054304,0.015110500004084315,"[""y@t"", ""capacity_3@t+h"", ""capacity_3@t"", ""throughput_2@t""]",4,4,256.0,64,0.004301075268817204,18.861541218637992,8.770637408568442
"ar_order=2,capacity=True,granularity=30,n_bins=10,numeric=True,on_change=capchain,other_lags=2,pool=local",model,1,929,940,0.9170212765957447,0.4690889276856608,22.716107027531294,20.86577862896666,846,0.9432624113475178,0.3540732895183659,19.379478128507877,17.024054087982346,94,0.6808510638297872,1.5042296711913141,52.74576711874208,55.441299497825455,120,0.36666666666666664,2.6706412926503247,67.95478162289423,67.68690413853297,820,0.9975609756097561,0.1469105328127831,16.095813184307453,14.013906603176466,660,0.9272727272727272,0.3914301604933397,18.214279655869724,15.244607717654226,0.8369752109692874,0.004323375003878027,"[""y@t""]",1,10,10.0,10,0.0,19.709148936170212,7.9216161616161616
"ar_order=2,capacity=True,granularity=30,n_bins=10,numeric=True,on_change=capchain,other_lags=2,pool=local",cg_mean,1,929,940,0.9170212765957447,0.4690889276856608,22.716107027531294,19.28584368178639,846,0.9432624113475178,0.3540732895183659,19.379478128507877,15.568074411013535,94,0.6808510638297872,1.5042296711913141,52.74576711874208,52.74576711874208,120,0.36666666666666664,2.6706412926503247,67.95478162289423,66.30266876598839,820,0.9975609756097561,0.1469105328127831,16.095813184307453,12.405332693854389,660,0.9272727272727272,0.3914301604933397,18.214279655869724,14.21401233976321,0.8369752109692874,0.004323375003878027,"[""y@t""]",1,10,10.0,10,0.0,19.709148936170212,7.9216161616161616
"ar_order=2,capacity=True,granularity=30,n_bins=10,numeric=True,on_change=capchain,other_lags=2,pool=local",cg_median,1,929,940,0.9170212765957447,0.4690889276856608,22.716107027531294,10.83649160549123,846,0.9432624113475178,0.3540732895183659,19.379478128507877,6.179905437352245,94,0.6808510638297872,1.5042296711913141,52.74576711874208,52.74576711874208,120,0.36666666666666664,2.6706412926503247,67.95478162289423,68.09451066323115,820,0.9975609756097561,0.1469105328127831,16.095813184307453,2.457269304358557,660,0.9272727272727272,0.3914301604933397,18.214279655869724,7.921060606060606,0.8369752109692874,0.004323375003878027,"[""y@t""]",1,10,10.0,10,0.0,19.709148936170212,7.9216161616161616
"ar_order=2,capacity=True,granularity=30,n_bins=10,numeric=True,on_change=capchain,other_lags=2,pool=local",linear,1,929,940,0.9170212765957447,0.4690889276856608,22.716107027531294,18.782343780303176,846,0.9432624113475178,0.3540732895183659,19.379478128507877,15.008630076032185,94,0.6808510638297872,1.5042296711913141,52.74576711874208,52.74576711874208,120,0.36666666666666664,2.6706412926503247,67.95478162289423,67.0542683150337,820,0.9975609756097561,0.1469105328127831,16.095813184307453,11.718159702049926,660,0.9272727272727272,0.3914301604933397,18.214279655869724,14.364249217080859,0.8369752109692874,0.004323375003878027,"[""y@t""]",1,10,10.0,10,0.0,19.709148936170212,7.9216161616161616
"ar_order=2,capacity=True,granularity=30,n_bins=10,numeric=True,on_change=capchain,other_lags=2,pool=local",clg,1,929,940,0.9170212765957447,0.4690889276856608,22.716107027531294,18.782343780303176,846,0.9432624113475178,0.3540732895183659,19.379478128507877,15.008630076032185,94,0.6808510638297872,1.5042296711913141,52.74576711874208,52.74576711874208,120,0.36666666666666664,2.6706412926503247,67.95478162289423,67.0542683150337,820,0.9975609756097561,0.1469105328127831,16.095813184307453,11.718159702049926,660,0.9272727272727272,0.3914301604933397,18.214279655869724,14.364249217080859,0.8369752109692874,0.004323375003878027,"[""y@t""]",1,10,10.0,10,0.0,19.709148936170212,7.9216161616161616
"ar_order=2,capacity=True,granularity=30,n_bins=10,numeric=True,on_change=capchain,other_lags=2,pool=local",ar,1,929,940,0.8723404255319149,0.6792312301907446,31.23782615338597,28.990774044291836,846,0.9432624113475178,0.3540732895183659,19.379478128507877,17.024054087982346,94,0.23404255319148937,3.605652696242153,137.96295837728886,136.69125365107723,120,0.0,4.371274818712328,136.0811954549445,132.74513024700863,820,1.0,0.13893216845587875,15.894894060474963,13.807209721943035,660,0.9272727272727272,0.3914301604933397,18.214279655869724,15.244607717654226,0.7935732296488031,0.004323375003878027,"[""y@t""]",1,10,10.0,10,0.0,19.709148936170212,7.9216161616161616
"ar_order=2,capacity=True,granularity=30,n_bins=10,numeric=True,on_change=capchain,other_lags=2,pool=local",persistence,1,929,940,0.8723404255319149,3.5273643977781126,29.10426413801855,19.70914893617022,846,0.9432624113475178,1.5677175101236056,16.37446187548458,6.1799842395587135,94,0.23404255319148937,21.16418638666867,143.67248450082428,141.47163120567376,120,0.0,27.631021115928547,144.97730910069194,139.565,820,1.0,0.0,12.147233167871224,2.1692682926829323,660,0.9272727272727272,2.009528808431167,17.67579282238923,7.9216161616161616,0.7935732296488031,0.004323375003878027,"[""y@t""]",1,10,10.0,10,0.0,19.709148936170212,7.9216161616161616
"ar_order=2,capacity=True,granularity=30,n_bins=10,numeric=True,on_change=capchain,other_lags=2,pool=local",model,2,1869,930,0.9129032258064517,0.49957874356738163,23.902576322844663,22.213337392113715,837,0.946236559139785,0.3298035209968134,18.978311016665895,16.98504429372856,93,0.6129032258064516,2.0275557467024963,68.22096407845356,69.26797527758012,114,0.3157894736842105,2.837166769808509,86.40811685876044,83.71220699449503,816,0.9963235294117647,0.17300394578369485,15.170184630327016,13.62158355060456,675,0.9333333333333333,0.3600069280737289,18.296205616902313,15.949396865690861,0.8600801426888591,0.0034335000018472783,"[""y@t""]",1,10,10.0,10,0.0,21.487670250896056,8.24404938271605
"ar_order=2,capacity=True,granularity=30,n_bins=10,numeric=True,on_change=capchain,other_lags=2,pool=local",cg_mean,2,1869,930,0.9129032258064517,0.49957874356738163,23.902576322844663,21.49139860941349,837,0.946236559139785,0.3298035209968134,18.978311016665895,16.299224668409032,93,0.6129032258064516,2.0275557467024963,68.22096407845356,68.22096407845356,114,0.3157894736842105,2.837166769808509,86.40811685876044,83.46987734825359,816,0.9963235294117647,0.17300394578369485,15.170184630327016,12.832640550310824,675,0.9333333333333333,0.3600069280737289,18.296205616902313,15.458305104584031,0.8600801426888591,0.0034335000018472783,"[""y@t""]",1,10,10.0,10,0.0,21.487670250896056,8.24404938271605
"ar_order=2,capacity=True,granularity=30,n_bins=10,numeric=True,on_change=capchain,other_lags=2,pool=local",cg_median,2,1869,930,0.9129032258064517,0.49957874356738163,23.902576322844663,12.806666300318476,837,0.946236559139785,0.3298035209968134,18.978311016665895,6.649522102747909,93,0.6129032258064516,2.0275557467024963,68.22096407845356,68.22096407845356,114,0.3157894736842105,2.837166769808509,86.40811685876044,84.49895665957624,816,0.9963235294117647,0.17300394578369485,15.170184630327016,2.7908316177751122,675,0.9333333333333333,0.3600069280737289,18.296205616902313,8.243851851851852,0.8600801426888591,0.0034335000018472783,"[""y@t""]",1,10,10.0,10,0.0,21.487670250896056,8.24404938271605
"ar_order=2,capacity=True,granularity=30,n_bins=10,numeric=True,on_change=capchain,other_lags=2,pool=local",linear,2,1869,930,0.9129032258064517,0.49957874356738163,23.902576322844663,21.213967601324452,837,0.946236559139785,0.3298035209968134,18.978311016665895,15.990967992754548,93,0.6129032258064516,2.0275557467024963,68.22096407845356,68.22096407845356,114,0.3157894736842105,2.837166769808509,86.40811685876044,83.15467852301222,816,0.9963235294117647,0.17300394578369485,15.170184630327016,12.5604859284416,675,0.9333333333333333,0.3600069280737289,18.296205616902313,15.830549714919378,0.8600801426888591,0.0034335000018472783,"[""y@t""]",1,10,10.0,10,0.0,21.487670250896056,8.24404938271605
"ar_order=2,capacity=True,granularity=30,n_bins=10,numeric=True,on_change=capchain,other_lags=2,pool=local",clg,2,1869,930,0.9129032258064517,0.49957874356738163,23.902576322844663,21.213967601324452,837,0.946236559139785,0.3298035209968134,18.978311016665895,15.990967992754548,93,0.6129032258064516,2.0275557467024963,68.22096407845356,68.22096407845356,114,0.3157894736842105,2.837166769808509,86.40811685876044,83.15467852301222,816,0.9963235294117647,0.17300394578369485,15.170184630327016,12.5604859284416,675,0.9333333333333333,0.3600069280737289,18.296205616902313,15.830549714919378,0.8600801426888591,0.0034335000018472783,"[""y@t""]",1,10,10.0,10,0.0,21.487670250896056,8.24404938271605
"ar_order=2,capacity=True,granularity=30,n_bins=10,numeric=True,on_change=capchain,other_lags=2,pool=local",ar,2,1869,930,0.8774193548387097,0.6299411804931128,32.13502529206297,30.405335846735213,837,0.946236559139785,0.3298035209968134,18.978311016665895,16.98504429372856,93,0.25806451612903225,3.3311801159598073,150.54545377063664,151.18795982379507,114,0.0,4.199624257992876,156.8066663638372,153.96188635772643,816,1.0,0.13123545643064594,14.717663671741565,13.143758937111437,675,0.9333333333333333,0.3600069280737289,18.296205616902313,15.949396865690861,0.8080967166932057,0.0034335000018472783,"[""y@t""]",1,10,10.0,10,0.0,21.487670250896056,8.24404938271605
"ar_order=2,capacity=True,granularity=30,n_bins=10,numeric=True,on_change=capchain,other_lags=2,pool=local",persistence,2,1869,930,0.8774193548387097,3.3870283948557574,30.647214858217268,21.487670250896056,837,0.946236559139785,1.4855387696735776,16.85068261381406,6.6484269215452025,93,0.25806451612903225,20.500435021495374,154.8160050578461,155.04086021505378,114,0.0,27.631021115928544,164.13680588619673,159.87748538011695,816,1.0,0.0,11.997933758720132,2.153799019607845,675,0.9333333333333333,1.8420680743952362,17.857453012761404,8.244049382716051,0.8080967166932057,0.0034335000018472783,"[""y@t""]",1,10,10.0,10,0.0,21.487670250896056,8.24404938271605
"ar_order=2,capacity=True,granularity=30,n_bins=10,numeric=True,on_change=capchain,other_lags=2,pool=local",model,3,2799,930,0.9032258064516129,0.406413682031999,21.939422610680513,17.142131607328647,837,0.9342891278375149,0.32055940499246066,17.058894658721982,11.603072768957169,93,0.6236559139784946,1.1791021753878443,65.86417417830732,66.99366115267195,133,0.3308270676691729,2.3604113375084754,77.55577728937217,76.52953209429623,797,0.998745294855709,0.08033879096754318,12.658399809844893,7.23181258001787,668,0.9176646706586826,0.36810966446799176,16.97763893659779,11.37015912641762,0.81534695597817,0.01065424999978859,"[""y@t"", ""data_quality_3@t+h"", ""data_quality_3@t"", ""y@t-1""]",4,10,8100.0,251,0.05591397849462366,24.001756272401433,9.868662674650698
"ar_order=2,capacity=True,granularity=30,n_bins=10,numeric=True,on_change=capchain,other_lags=2,pool=local",cg_mean,3,2799,930,0.9032258064516129,0.406413682031999,21.939422610680513,16.953576343074268,837,0.9342891278375149,0.32055940499246066,17.058894658721982,11.51906547249282,93,0.6236559139784946,1.1791021753878443,65.86417417830732,65.86417417830732,133,0.3308270676691729,2.3604113375084754,77.55577728937217,75.85606271718797,797,0.998745294855709,0.08033879096754318,12.658399809844893,7.124177738611132,668,0.9176646706586826,0.36810966446799176,16.97763893659779,11.334032184667933,0.81534695597817,0.01065424999978859,"[""y@t"", ""data_quality_3@t+h"", ""data_quality_3@t"", ""y@t-1""]",4,10,8100.0,251,0.05591397849462366,24.001756272401433,9.868662674650698
"ar_order=2,capacity=True,granularity=30,n_bins=10,numeric=True,on_change=capchain,other_lags=2,pool=local",cg_median,3,2799,930,0.9032258064516129,0.406413682031999,21.939422610680513,13.676058994891665,837,0.9342891278375149,0.32055940499246066,17.058894658721982,7.877379530067702,93,0.6236559139784946,1.1791021753878443,65.86417417830732,65.86417417830732,133,0.3308270676691729,2.3604113375084754,77.55577728937217,79.61048551894271,797,0.998745294855709,0.08033879096754318,12.658399809844893,2.6731998635255545,668,0.9176646706586826,0.36810966446799176,16.97763893659779,9.8689121756487,0.81534695597817,0.01065424999978859,"[""y@t"", ""data_quality_3@t+h"", ""data_quality_3@t"", ""y@t-1""]",4,10,8100.0,251,0.05591397849462366,24.001756272401433,9.868662674650698
"ar_order=2,capacity=True,granularity=30,n_bins=10,numeric=True,on_change=capchain,other_lags=2,pool=local",linear,3,2799,930,0.9032258064516129,0.406413682031999,21.939422610680513,21.053510138931575,837,0.9342891278375149,0.32055940499246066,17.058894658721982,16.074547467889822,93,0.6236559139784946,1.1791021753878443,65.86417417830732,65.86417417830732,133,0.3308270676691729,2.3604113375084754,77.55577728937217,73.48991216794585,797,0.998745294855709,0.08033879096754318,12.658399809844893,12.303144430200204,668,0.9176646706586826,0.36810966446799176,16.97763893659779,16.35519623688636,0.81534695597817,0.01065424999978859,"[""y@t"", ""data_quality_3@t+h"", ""data_quality_3@t"", ""y@t-1""]",4,10,8100.0,251,0.05591397849462366,24.001756272401433,9.868662674650698
"ar_order=2,capacity=True,granularity=30,n_bins=10,numeric=True,on_change=capchain,other_lags=2,pool=local",clg,3,2799,930,0.9032258064516129,0.406413682031999,21.939422610680513,18.77413520161348,837,0.9342891278375149,0.32055940499246066,17.058894658721982,13.541908648647496,93,0.6236559139784946,1.1791021753878443,65.86417417830732,65.86417417830732,133,0.3308270676691729,2.3604113375084754,77.55577728937217,74.63107207374037,797,0.998745294855709,0.08033879096754318,12.658399809844893,9.452965058586033,668,0.9176646706586826,0.36810966446799176,16.97763893659779,14.15348117671811,0.81534695597817,0.01065424999978859,"[""y@t"", ""data_quality_3@t+h"", ""data_quality_3@t"", ""y@t-1""]",4,10,8100.0,251,0.05591397849462366,24.001756272401433,9.868662674650698
"ar_order=2,capacity=True,granularity=30,n_bins=10,numeric=True,on_change=capchain,other_lags=2,pool=local",ar,3,2799,930,0.8569892473118279,0.6947758580394037,33.99080940962824,32.037031564436454,837,0.9342891278375149,0.3819111594148095,19.39805138235047,17.598544908353485,93,0.16129032258064516,3.510558145660751,165.32563165512818,161.9834114691831,133,0.0,4.010757615752656,150.14480029725618,146.31078546898152,797,1.0,0.1414188018588987,14.607521093374148,12.96750926919869,668,0.9176646706586826,0.4264624402035395,18.497883225870424,17.27627712851238,0.7744129644944617,0.01065424999978859,"[""y@t"", ""data_quality_3@t+h"", ""data_quality_3@t"", ""y@t-1""]",4,10,8100.0,251,0.05591397849462366,24.001756272401433,9.868662674650698
"ar_order=2,capacity=True,granularity=30,n_bins=10,numeric=True,on_change=capchain,other_lags=2,pool=local",persistence,3,2799,930,0.8569892473118279,3.9515331273317167,32.01188601304627,24.00175627240144,837,0.9342891278375149,1.8156584962677063,16.424433844620296,7.876065312624458,93,0.16129032258064516,23.174404806907813,172.29895552888004,169.13297491039427,133,0.0,27.631021115928544,159.9174195901905,155.2563909774436,797,1.0,0.0,10.667549795028476,2.0985361773316673,668,0.9176646706586826,2.2750092236168715,17.75883184179391,9.868662674650698,0.7744129644944617,0.01065424999978859,"[""y@t"", ""data_quality_3@t+h"", ""data_quality_3@t"", ""y@t-1""]",4,10,8100.0,251,0.05591397849462366,24.001756272401433,9.868662674650698
"ar_order=2,capacity=True,granularity=30,n_bins=10,numeric=True,on_change=capchain,other_lags=2,pool=local",model,4,3729,940,0.9095744680851063,0.4102829989693626,20.32395848973872,15.60766419259858,846,0.9361702127659575,0.32307248108955533,15.958882961890097,10.955483480556198,94,0.6702127659574468,1.1951776598876278,59.60963824037631,57.47729060098003,121,0.3305785123966942,2.5431248287100545,68.88064238087769,64.33668497615538,819,0.9951159951159951,0.09517449909314317,13.15013828115775,8.408382733733655,639,0.9154929577464789,0.3891253273877821,16.09832802276517,10.382090953219448,0.8894121112441953,0.011943958001211286,"[""y@t"", ""data_quality_3@t+h"", ""avg_p_latency_3@t"", ""y@t-1""]",4,10,8100.0,352,0.09148936170212765,19.269822695035458,7.43922796035472
"ar_order=2,capacity=True,granularity=30,n_bins=10,numeric=True,on_change=capchain,other_lags=2,pool=local",cg_mean,4,3729,940,0.9095744680851063,0.4102829989693626,20.32395848973872,15.731038064231157,846,0.9361702127659575,0.32307248108955533,15.958882961890097,10.855638044659472,94,0.6702127659574468,1.1951776598876278,59.60963824037631,59.60963824037631,121,0.3305785123966942,2.5431248287100545,68.88064238087769,64.8981808623176,819,0.9951159951159951,0.09517449909314317,13.15013828115775,8.46702795608896,639,0.9154929577464789,0.3891253273877821,16.09832802276517,10.304136082502106,0.8894121112441953,0.011943958001211286,"[""y@t"", ""data_quality_3@t+h"", ""avg_p_latency_3@t"", ""y@t-1""]",4,10,8100.0,352,0.09148936170212765,19.269822695035458,7.43922796035472
"ar_order=2,capacity=True,granularity=30,n_bins=10,numeric=True,on_change=capchain,other_lags=2,pool=local",cg_median,4,3729,940,0.9095744680851063,0.4102829989693626,20.32395848973872,10.929669497796498,846,0.9361702127659575,0.32307248108955533,15.958882961890097,5.520784081954294,94,0.6702127659574468,1.1951776598876278,59.60963824037631,59.60963824037631,121,0.3305785123966942,2.5431248287100545,68.88064238087769,65.75869602324487,819,0.9951159951159951,0.09517449909314317,13.15013828115775,2.8291661893969215,639,0.9154929577464789,0.3891253273877821,16.09832802276517,7.290688575899844,0.8894121112441953,0.011943958001211286,"[""y@t"", ""data_quality_3@t+h"", ""avg_p_latency_3@t"", ""y@t-1""]",4,10,8100.0,352,0.09148936170212765,19.269822695035458,7.43922796035472
"ar_order=2,capacity=True,granularity=30,n_bins=10,numeric=True,on_change=capchain,other_lags=2,pool=local",linear,4,3729,940,0.9095744680851063,0.4102829989693626,20.32395848973872,26.419705196367868,846,0.9361702127659575,0.32307248108955533,15.958882961890097,22.731934858144704,94,0.6702127659574468,1.1951776598876278,59.60963824037631,59.60963824037631,121,0.3305785123966942,2.5431248287100545,68.88064238087769,65.62430134286141,819,0.9951159951159951,0.09517449909314317,13.15013828115775,20.627573164956733,639,0.9154929577464789,0.3891253273877821,16.09832802276517,22.373364104813067,0.8894121112441953,0.011943958001211286,"[""y@t"", ""data_quality_3@t+h"", ""avg_p_latency_3@t"", ""y@t-1""]",4,10,8100.0,352,0.09148936170212765,19.269822695035458,7.43922796035472
"ar_order=2,capacity=True,granularity=30,n_bins=10,numeric=True,on_change=capchain,other_lags=2,pool=local",clg,4,3729,940,0.9095744680851063,0.4102829989693626,20.32395848973872,17.83746021445957,846,0.9361702127659575,0.32307248108955533,15.958882961890097,13.196107100468817,94,0.6702127659574468,1.1951776598876278,59.60963824037631,59.60963824037631,121,0.3305785123966942,2.5431248287100545,68.88064238087769,64.37438702604577,819,0.9951159951159951,0.09517449909314317,13.15013828115775,10.962041234970037,639,0.9154929577464789,0.3891253273877821,16.09832802276517,13.076835812008982,0.8894121112441953,0.011943958001211286,"[""y@t"", ""data_quality_3@t+h"", ""avg_p_latency_3@t"", ""y@t-1""]",4,10,8100.0,352,0.09148936170212765,19.269822695035458,7.43922796035472
"ar_order=2,capacity=True,granularity=30,n_bins=10,numeric=True,on_change=capchain,other_lags=2,pool=local",ar,4,3729,940,0.8712765957446809,0.6483507513563698,31.47076971942673,29.73855674281502,846,0.9361702127659575,0.3758575843399003,19.44684953613476,17.774383089741626,94,0.2872340425531915,3.100789254504595,139.6860513690544,137.41611962047563,121,0.0,4.024976841854793,134.80555038795416,129.09616881951948,819,1.0,0.14948413725342824,16.20397062187872,15.059349097782986,639,0.9154929577464789,0.4351809800144931,18.214658712475778,16.192673461197437,0.8521338460907298,0.011943958001211286,"[""y@t"", ""data_quality_3@t+h"", ""avg_p_latency_3@t"", ""y@t-1""]",4,10,8100.0,352,0.09148936170212765,19.269822695035458,7.43922796035472
"ar_order=2,capacity=True,granularity=30,n_bins=10,numeric=True,on_change=capchain,other_lags=2,pool=local",persistence,4,3729,940,0.8712765957446809,3.55675910109293,27.328064876751352,19.269822695035472,846,0.9361702127659575,1.7636821988890563,14.250248764287392,5.618991331757298,94,0.2872340425531915,19.694451220927792,145.02840988892703,142.127304964539,121,0.0,27.631021115928547,143.19388182339145,134.9710743801653,819,1.0,0.0,10.209916097089012,2.1759869759869854,639,0.9154929577464789,2.335015868951708,15.911473291630676,7.439227960354722,0.8521338460907298,0.011943958001211286,"[""y@t"", ""data_quality_3@t+h"", ""avg_p_latency_3@t"", ""y@t-1""]",4,10,8100.0,352,0.09148936170212765,19.269822695035458,7.43922796035472
"ar_order=2,capacity=True,granularity=30,n_bins=10,numeric=True,on_change=capchain,other_lags=2,pool=local",model,5,4669,930,0.9118279569892473,0.40672236776790055,24.491397029880154,20.62032070191179,837,0.9366786140979689,0.34660288267876754,19.98311477204483,15.579903538358293,93,0.6881720430107527,0.9477977335700977,65.06593735039809,65.98407517389329,115,0.34782608695652173,2.3586558943880562,74.21131686617981,71.4976550642535,815,0.9914110429447853,0.1312961646251793,17.475702819850138,13.441310331765417,638,0.9169278996865203,0.41359492641974455,21.048046890029326,16.43874122580295,0.8595804206632398,0.013962416996946558,"[""y@t"", ""y@t-1"", ""throughput_2@t"", ""throughput_2@t-1""]",4,10,10000.0,236,0.01827956989247312,18.861541218637992,8.770637408568442
"ar_order=2,capacity=True,granularity=30,n_bins=10,numeric=True,on_change=capchain,other_lags=2,pool=local",cg_mean,5,4669,930,0.9118279569892473,0.40672236776790055,24.491397029880154,20.671974912710713,837,0.9366786140979689,0.34660288267876754,19.98311477204483,15.739312419634338,93,0.6881720430107527,0.9477977335700977,65.06593735039809,65.06593735039809,115,0.34782608695652173,2.3586558943880562,74.21131686617981,71.81247002714686,815,0.9914110429447853,0.1312961646251793,17.475702819850138,13.455831430305613,638,0.9169278996865203,0.41359492641974455,21.048046890029326,16.619302625712535,0.8595804206632398,0.013962416996946558,"[""y@t"", ""y@t-1"", ""throughput_2@t"", ""throughput_2@t-1""]",4,10,10000.0,236,0.01827956989247312,18.861541218637992,8.770637408568442
"ar_order=2,capacity=True,granularity=30,n_bins=10,numeric=True,on_change=capchain,other_lags=2,pool=local",cg_median,5,4669,930,0.9118279569892473,0.40672236776790055,24.491397029880154,12.520572229663465,837,0.9366786140979689,0.34660288267876754,19.98311477204483,6.682198327359617,93,0.6881720430107527,0.9477977335700977,65.06593735039809,65.06593735039809,115,0.34782608695652173,2.3586558943880562,74.21131686617981,76.32473279998383,815,0.9914110429447853,0.1312961646251793,17.475702819850138,3.5175311675937198,638,0.9169278996865203,0.41359492641974455,21.048046890029326,8.764576802507836,0.8595804206632398,0.013962416996946558,"[""y@t"", ""y@t-1"", ""throughput_2@t"", ""throughput_2@t-1""]",4,10,10000.0,236,0.01827956989247312,18.861541218637992,8.770637408568442
"ar_order=2,capacity=True,granularity=30,n_bins=10,numeric=True,on_change=capchain,other_lags=2,pool=local",linear,5,4669,930,0.9118279569892473,0.40672236776790055,24.491397029880154,21.262438140366697,837,0.9366786140979689,0.34660288267876754,19.98311477204483,16.39538267258543,93,0.6881720430107527,0.9477977335700977,65.06593735039809,65.06593735039809,115,0.34782608695652173,2.3586558943880562,74.21131686617981,71.11948925522375,815,0.9914110429447853,0.1312961646251793,17.475702819850138,14.227394118024906,638,0.9169278996865203,0.41359492641974455,21.048046890029326,16.756036947977503,0.8595804206632398,0.013962416996946558,"[""y@t"", ""y@t-1"", ""throughput_2@t"", ""throughput_2@t-1""]",4,10,10000.0,236,0.01827956989247312,18.861541218637992,8.770637408568442
"ar_order=2,capacity=True,granularity=30,n_bins=10,numeric=True,on_change=capchain,other_lags=2,pool=local",clg,5,4669,930,0.9118279569892473,0.40672236776790055,24.491397029880154,21.262438140366697,837,0.9366786140979689,0.34660288267876754,19.98311477204483,16.39538267258543,93,0.6881720430107527,0.9477977335700977,65.06593735039809,65.06593735039809,115,0.34782608695652173,2.3586558943880562,74.21131686617981,71.11948925522375,815,0.9914110429447853,0.1312961646251793,17.475702819850138,14.227394118024906,638,0.9169278996865203,0.41359492641974455,21.048046890029326,16.756036947977503,0.8595804206632398,0.013962416996946558,"[""y@t"", ""y@t-1"", ""throughput_2@t"", ""throughput_2@t-1""]",4,10,10000.0,236,0.01827956989247312,18.861541218637992,8.770637408568442
"ar_order=2,capacity=True,granularity=30,n_bins=10,numeric=True,on_change=capchain,other_lags=2,pool=local",ar,5,4669,930,0.8763440860215054,0.6090271601904544,31.341581413582738,27.67673005422976,837,0.9366786140979689,0.36961189116800025,20.940526341486784,16.809593687642227,93,0.3333333333333333,2.763764581392542,124.9510770624463,125.48095735351755,115,0.0,3.92776611538395,131.4450710145063,129.97491749296427,815,1.0,0.14073884135947046,17.216549138605792,13.242016489254953,638,0.9169278996865203,0.4259722442673787,21.067562237835332,16.624411841117603,0.828264871710479,0.013962416996946558,"[""y@t"", ""y@t-1"", ""throughput_2@t"", ""throughput_2@t-1""]",4,10,10000.0,236,0.01827956989247312,18.861541218637992,8.770637408568442
"ar_order=2,capacity=True,granularity=30,n_bins=10,numeric=True,on_change=capchain,other_lags=2,pool=local",persistence,5,4669,930,0.8763440860215054,3.416739170249229,28.415527915686177,18.861541218637996,837,0.9366786140979689,1.7496345509488804,17.274648124772902,6.685384309040228,93,0.3333333333333333,18.420680743952364,128.68344603390568,128.44695340501798,115,0.0,27.631021115928544,140.50183746955392,138.24028985507246,815,1.0,0.0,12.599668285385823,2.0166871165644227,638,0.9169278996865203,2.29536695790629,18.653617895352614,8.770637408568442,0.828264871710479,0.013962416996946558,"[""y@t"", ""y@t-1"", ""throughput_2@t"", ""throughput_2@t-1""]",4,10,10000.0,236,0.01827956989247312,18.861541218637992,8.770637408568442
"ar_order=2,capacity=True,granularity=30,numeric=True,on_change=capchain,other_lags=2,pool=local",model,1,929,940,0.8361702127659575,0.8443292439975921,20.749908806891014,21.2696700992624,846,0.8640661938534279,0.6884980501554484,17.733755333117326,18.09590993156036,94,0.5851063829787234,2.2468099885768846,47.89529007085417,49.83351160858076,154,0.33766233766233766,3.269763185599054,55.309665426552144,55.8112930976927,786,0.9338422391857506,0.36911699589756014,13.978658782173692,14.501972972343482,660,0.8818181818181818,0.6276193000707296,15.567911607773388,16.431935920518747,0.5265377733791505,0.0017949169996427372,"[""y@t""]",1,20,20.0,20,0.0,19.709148936170212,7.9216161616161616
"ar_order=2,capacity=True,granularity=30,numeric=True,on_change=capchain,other_lags=2,pool=local",cg_mean,1,929,940,0.8361702127659575,0.8443292439975921,20.749908806891014,20.379611338222535,846,0.8640661938534279,0.6884980501554484,17.733755333117326,17.322313701263457,94,0.5851063829787234,2.2468099885768846,47.89529007085417,47.89529007085417,154,0.33766233766233766,3.269763185599054,55.309665426552144,53.7983692577484,786,0.9338422391857506,0.36911699589756014,13.978658782173692,13.83191576620347,660,0.8818181818181818,0.6276193000707296,15.567911607773388,15.723993894508242,0.5265377733791505,0.0017949169996427372,"[""y@t""]",1,20,20.0,20,0.0,19.709148936170212,7.9216161616161616
"ar_order=2,capacity=True,granularity=30,numeric=True,on_change=capchain,other_lags=2,pool=local",cg_median,1,929,940,0.8361702127659575,0.8443292439975921,20.749908806891014,11.64757865247549,846,0.8640661938534279,0.6884980501554484,17.733755333117326,7.620055161544524,94,0.5851063829787234,2.2468099885768846,47.89529007085417,47.89529007085417,154,0.33766233766233766,3.269763185599054,55.309665426552144,54.92940166762475,786,0.9338422391857506,0.36911699589756014,13.978658782173692,3.167425033731233,660,0.8818181818181818,0.6276193000707296,15.567911607773388,8.3375,0.5265377733791505,0.0017949169996427372,"[""y@t""]",1,20,20.0,20,0.0,19.709148936170212,7.9216161616161616
"ar_order=2,capacity=True,granularity=30,numeric=True,on_change=capchain,other_lags=2,pool=local",linear,1,929,940,0.8361702127659575,0.8443292439975921,20.749908806891014,18.297296075514385,846,0.8640661938534279,0.6884980501554484,17.733755333117326,15.008630076032185,94,0.5851063829787234,2.2468099885768846,47.89529007085417,47.89529007085417,154,0.33766233766233766,3.269763185599054,55.309665426552144,53.30341214865616,786,0.9338422391857506,0.36911699589756014,13.978658782173692,11.438591399606201,660,0.8818181818181818,0.6276193000707296,15.567911607773388,14.364249217080859,0.5265377733791505,0.0017949169996427372,"[""y@t""]",1,20,20.0,20,0.0,19.709148936170212,7.9216161616161616
"ar_order=2,capacity=True,granularity=30,numeric=True,on_change=capchain,other_lags=2,pool=local",clg,1,929,940,0.8361702127659575,0.8443292439975921,20.749908806891014,18.297296075514385,846,0.8640661938534279,0.6884980501554484,17.733755333117326,15.008630076032185,94,0.5851063829787234,2.2468099885768846,47.89529007085417,47.89529007085417,154,0.33766233766233766,3.269763185599054,55.309665426552144,53.30341214865616,786,0.9338422391857506,0.36911699589756014,13.978658782173692,11.438591399606201,660,0.8818181818181818,0.6276193000707296,15.567911607773388,14.364249217080859,0.5265377733791505,0.0017949169996427372,"[""y@t""]",1,20,20.0,20,0.0,19.709148936170212,7.9216161616161616
"ar_order=2,capacity=True,granularity=30,numeric=True,on_change=capchain,other_lags=2,pool=local",ar,1,929,940,0.7946808510638298,1.1606803656257345,29.35093129955269,29.77150350160394,846,0.8640661938534279,0.6884980501554484,17.733755333117326,18.09590993156036,94,0.1702127659574468,5.4103212048583105,133.90551499747102,134.85184563199618,154,0.05194805194805195,5.2828541345576685,108.56485100192036,108.16184974260703,786,0.9402035623409669,0.3530279986848724,13.830646777714751,14.41258070120384,660,0.8818181818181818,0.6276193000707296,15.567911607773388,16.431935920518747,0.478469822590906,0.0017949169996427372,"[""y@t""]",1,20,20.0,20,0.0,19.709148936170212,7.9216161616161616
"ar_order=2,capacity=True,granularity=30,numeric=True,on_change=capchain,other_lags=2,pool=local",persistence,1,929,940,0.8361702127659575,4.5267843104819105,23.781432697584076,19.709148936170212,846,0.9113475177304965,2.449558609568134,10.740209576393955,6.179984239558711,94,0.1595744680851064,23.221815618705897,141.15244078829517,141.47163120567376,154,0.0,27.631021115928547,114.30261183852805,112.43766233766235,786,1.0,0.0,6.045730932055616,1.5409669211195953,660,0.8863636363636364,3.139888763173699,11.719374177168541,7.9216161616161616,0.621928957111424,0.0017949169996427372,"[""y@t""]",1,20,20.0,20,0.0,19.709148936170212,7.9216161616161616
"ar_order=2,capacity=True,granularity=30,numeric=True,on_change=capchain,other_lags=2,pool=local",model,2,1869,930,0.8731182795698925,0.8169226656298094,24.11188699339399,23.080485937830947,837,0.9044205495818399,0.6101948397216099,19.542040696600953,18.272841052527994,93,0.5913978494623656,2.677473098803605,65.24050366453135,66.34928990555754,144,0.3333333333333333,3.3860057944677817,69.48780070379964,69.02904362330789,786,0.9720101781170484,0.3462509473694176,15.79874249683113,14.662429567972577,675,0.8992592592592593,0.5922827880865019,17.920435598058386,16.61511158081922,0.7674011272557835,0.0055914589975145645,"[""y@t""]",1,20,20.0,20,0.0,21.487670250896056,8.24404938271605
"ar_order=2,capacity=True,granularity=30,numeric=True,on_change=capchain,other_lags=2,pool=local",cg_mean,2,1869,930,0.8731182795698925,0.8169226656298094,24.11188699339399,22.370599377944163,837,0.9044205495818399,0.6101948397216099,19.542040696600953,17.607276679434477,93,0.5913978494623656,2.677473098803605,65.24050366453135,65.24050366453135,144,0.3333333333333333,3.3860057944677817,69.48780070379964,68.3678882041548,786,0.9720101781170484,0.3462509473694176,15.79874249683113,13.943615165508623,675,0.8992592592592593,0.5922827880865019,17.920435598058386,16.172641751394597,0.7674011272557835,0.0055914589975145645,"[""y@t""]",1,20,20.0,20,0.0,21.487670250896056,8.24404938271605
"ar_order=2,capacity=True,granularity=30,numeric=True,on_change=capchain,other_lags=2,pool=local",cg_median,2,1869,930,0.8731182795698925,0.8169226656298094,24.11188699339399,12.825914165736288,837,0.9044205495818399,0.6101948397216099,19.542040696600953,7.002070888092392,93,0.5913978494623656,2.677473098803605,65.24050366453135,65.24050366453135,144,0.3333333333333333,3.3860057944677817,69.48780070379964,68.63814894231163,786,0.9720101781170484,0.3462509473694176,15.79874249683113,2.6007719165927123,675,0.8992592592592593,0.5922827880865019,17.920435598058386,8.355555555555556,0.7674011272557835,0.0055914589975145645,"[""y@t""]",1,20,20.0,20,0.0,21.487670250896056,8.24404938271605
"ar_order=2,capacity=True,granularity=30,numeric=True,on_change=capchain,other_lags=2,pool=local",linear,2,1869,930,0.8731182795698925,0.8169226656298094,24.11188699339399,20.915921559932226,837,0.9044205495818399,0.6101948397216099,19.542040696600953,15.990967992754548,93,0.5913978494623656,2.677473098803605,65.24050366453135,65.24050366453135,144,0.3333333333333333,3.3860057944677817,69.48780070379964,68.10486872305644,786,0.9720101781170484,0.3462509473694176,15.79874249683113,12.270618262871304,675,0.8992592592592593,0.5922827880865019,17.920435598058386,15.830549714919378,0.7674011272557835,0.0055914589975145645,"[""y@t""]",1,20,20.0,20,0.0,21.487670250896056,8.24404938271605
"ar_order=2,capacity=True,granularity=30,numeric=True,on_change=capchain,other_lags=2,pool=local",clg,2,1869,930,0.8731182795698925,0.8169226656298094,24.11188699339399,20.915921559932226,837,0.9044205495818399,0.6101948397216099,19.542040696600953,15.990967992754548,93,0.5913978494623656,2.677473098803605,65.24050366453135,65.24050366453135,144,0.3333333333333333,3.3860057944677817,69.48780070379964,68.10486872305644,786,0.9720101781170484,0.3462509473694176,15.79874249683113,12.270618262871304,675,0.8992592592592593,0.5922827880865019,17.920435598058386,15.830549714919378,0.7674011272557835,0.0055914589975145645,"[""y@t""]",1,20,20.0,20,0.0,21.487670250896056,8.24404938271605
"ar_order=2,capacity=True,granularity=30,numeric=True,on_change=capchain,other_lags=2,pool=local",ar,2,1869,930,0.8290322580645161,0.9912975552916071,32.530282372573026,31.468223099374597,837,0.9044205495818399,0.6101948397216099,19.542040696600953,18.272841052527994,93,0.15053763440860216,4.421221995421583,149.42445745632168,150.226661520994,144,0.020833333333333332,4.736239479952282,126.38843357154678,125.78350117802059,786,0.9770992366412213,0.3052013248194225,15.334895893371728,14.189088184202806,675,0.8992592592592593,0.5922827880865019,17.920435598058386,16.61511158081922,0.7099236500380212,0.0055914589975145645,"[""y@t""]",1,20,20.0,20,0.0,21.487670250896056,8.24404938271605
"ar_order=2,capacity=True,granularity=30,numeric=True,on_change=capchain,other_lags=2,pool=local",persistence,2,1869,930,0.8451612903225807,4.278351656659904,25.41316099333587,21.48767025089606,837,0.9223416965352449,2.1457782228618343,11.035326954590209,6.648426921545206,93,0.15053763440860216,23.471512560842527,154.81366734204687,155.04086021505375,144,0.0,27.631021115928547,132.35294011079276,130.30671296296293,786,1.0,0.0,5.821140391664382,1.5513570822731193,675,0.9037037037037037,2.6607649963486746,12.304323382301998,8.24404938271605,0.7560746335574257,0.0055914589975145645,"[""y@t""]",1,20,20.0,20,0.0,21.487670250896056,8.24404938271605
"ar_order=2,capacity=True,granularity=30,numeric=True,on_change=capchain,other_lags=2,pool=local",model,3,2799,930,0.8688172043010752,0.7533751342620879,23.39695059896849,22.94228211495568,837,0.9020310633213859,0.5793058881564811,18.69235721928803,18.10572139151816,93,0.5698924731182796,2.319998349212549,65.7382910160926,66.47132862589329,164,0.27439024390243905,3.360664885754329,65.01616254001067,64.95087347047581,766,0.9960835509138382,0.19515644073111219,14.48630992229627,13.948275610640659,668,0.8772455089820359,0.6509699999815379,17.775047527042528,17.96207473655861,0.6772314669742965,0.0042762909943121485,"[""y@t""]",1,20,20.0,20,0.0,24.001756272401433,9.868662674650698
"ar_order=2,capacity=True,granularity=30,numeric=True,on_change=capchain,other_lags=2,pool=local",cg_mean,3,2799,930,0.8688172043010752,0.7533751342620879,23.39695059896849,22.56913383520478,837,0.9020310633213859,0.5793058881564811,18.69235721928803,17.772560815106132,93,0.5698924731182796,2.319998349212549,65.7382910160926,65.7382910160926,164,0.27439024390243905,3.360664885754329,65.01616254001067,64.39268833071348,766,0.9960835509138382,0.19515644073111219,14.48630992229627,13.614743577680724,668,0.8772455089820359,0.6509699999815379,17.775047527042528,17.73918627677094,0.6772314669742965,0.0042762909943121485,"[""y@t""]",1,20,20.0,20,0.0,24.001756272401433,9.868662674650698
"ar_order=2,capacity=True,granularity=30,numeric=True,on_change=capchain,other_lags=2,pool=local",cg_median,3,2799,930,0.8688172043010752,0.7533751342620879,23.39695059896849,13.6640441553727,837,0.9020310633213859,0.5793058881564811,18.69235721928803,7.878016726403823,93,0.5698924731182796,2.319998349212549,65.7382910160926,65.7382910160926,164,0.27439024390243905,3.360664885754329,65.01616254001067,67.08128874289773,766,0.9960835509138382,0.19515644073111219,14.48630992229627,2.2274539303673446,668,0.8772455089820359,0.6509699999815379,17.775047527042528,9.869111776447104,0.6772314669742965,0.0042762909943121485,"[""y@t""]",1,20,20.0,20,0.0,24.001756272401433,9.868662674650698
"ar_order=2,capacity=True,granularity=30,numeric=True,on_change=capchain,other_lags=2,pool=local",linear,3,2799,930,0.8688172043010752,0.7533751342620879,23.39695059896849,21.73349381715985,837,0.9020310633213859,0.5793058881564811,18.69235721928803,16.844071906167322,93,0.5698924731182796,2.319998349212549,65.7382910160926,65.7382910160926,164,0.27439024390243905,3.360664885754329,65.01616254001067,64.4584344198686,766,0.9960835509138382,0.19515644073111219,14.48630992229627,12.586117500130818,668,0.8772455089820359,0.6509699999815379,17.775047527042528,17.21396253559627,0.6772314669742965,0.0042762909943121485,"[""y@t""]",1,20,20.0,20,0.0,24.001756272401433,9.868662674650698
"ar_order=2,capacity=True,granularity=30,numeric=True,on_change=capchain,other_lags=2,pool=local",clg,3,2799,930,0.8688172043010752,0.7533751342620879,23.39695059896849,21.73349381715985,837,0.9020310633213859,0.5793058881564811,18.69235721928803,16.844071906167322,93,0.5698924731182796,2.319998349212549,65.7382910160926,65.7382910160926,164,0.27439024390243905,3.360664885754329,65.01616254001067,64.4584344198686,766,0.9960835509138382,0.19515644073111219,14.48630992229627,12.586117500130818,668,0.8772455089820359,0.6509699999815379,17.775047527042528,17.21396253559627,0.6772314669742965,0.0042762909943121485,"[""y@t""]",1,20,20.0,20,0.0,24.001756272401433,9.868662674650698
"ar_order=2,capacity=True,granularity=30,numeric=True,on_change=capchain,other_lags=2,pool=local",ar,3,2799,930,0.8236559139784946,0.9703302139387039,33.172222338190664,32.574247458505845,837,0.9020310633213859,0.5793058881564811,18.69235721928803,18.10572139151816,93,0.11827956989247312,4.48954914597871,163.49100840831434,162.79098206139497,164,0.0,4.6339742790763045,123.0068456876153,122.04637819736858,766,1.0,0.1859468892878338,13.938699845624551,13.418334349924262,668,0.8772455089820359,0.6509699999815379,17.775047527042528,17.96207473655861,0.6515500329395066,0.0042762909943121485,"[""y@t""]",1,20,20.0,20,0.0,24.001756272401433,9.868662674650698
"ar_order=2,capacity=True,granularity=30,numeric=True,on_change=capchain,other_lags=2,pool=local",persistence,3,2799,930,0.8236559139784946,4.872567164529335,27.701127065022625,24.001756272401437,837,0.9020310633213859,2.706981758071853,11.880177987380753,7.876065312624454,93,0.11827956989247312,24.362835822646673,170.0896687637995,169.13297491039427,164,0.0,27.631021115928544,130.3506451444316,128.70345528455283,766,1.0,0.0,5.723945648543417,1.585204525674501,668,0.8772455089820359,3.3918319333924267,13.430486026916741,9.8686626746507,0.6515500329395066,0.0042762909943121485,"[""y@t""]",1,20,20.0,20,0.0,24.001756272401433,9.868662674650698
"ar_order=2,capacity=True,granularity=30,numeric=True,on_change=capchain,other_lags=2,pool=local",model,4,3729,940,0.8702127659574468,0.6759399205610954,18.304094694466862,17.00527217038881,846,0.8995271867612293,0.5286148101625237,14.419148275969176,12.89404669051521,94,0.6063829787234043,2.0018659141482398,53.268612460946024,54.00630148925123,158,0.25316455696202533,3.32029074896579,52.358992788652934,51.906900859416886,782,0.9948849104859335,0.1416593184026019,11.423437534771981,9.95353645061076,639,0.86697965571205,0.6437044088861142,13.684103515592284,12.003197655153103,0.7522490274665559,0.011236250000365544,"[""y@t"", ""data_quality_3@t+h"", ""avg_p_latency_3@t"", ""y@t-1""]",4,20,54000.0,583,0.1702127659574468,19.269822695035458,7.43922796035472
"ar_order=2,capacity=True,granularity=30,numeric=True,on_change=capchain,other_lags=2,pool=local",cg_mean,4,3729,940,0.8702127659574468,0.6759399205610954,18.304094694466862,16.81885698615873,846,0.8995271867612293,0.5286148101625237,14.419148275969176,12.768884155626804,94,0.6063829787234043,2.0018659141482398,53.268612460946024,53.268612460946024,158,0.25316455696202533,3.32029074896579,52.358992788652934,51.63888282632483,782,0.9948849104859335,0.1416593184026019,11.423437534771981,9.783608798503682,639,0.86697965571205,0.6437044088861142,13.684103515592284,11.927271515304273,0.7522490274665559,0.011236250000365544,"[""y@t"", ""data_quality_3@t+h"", ""avg_p_latency_3@t"", ""y@t-1""]",4,20,54000.0,583,0.1702127659574468,19.269822695035458,7.43922796035472
"ar_order=2,capacity=True,granularity=30,numeric=True,on_change=capchain,other_lags=2,pool=local",cg_median,4,3729,940,0.8702127659574468,0.6759399205610954,18.304094694466862,10.29384706169744,846,0.8995271867612293,0.5286148101625237,14.419148275969176,5.518873128447596,94,0.6063829787234043,2.0018659141482398,53.268612460946024,53.268612460946024,158,0.25316455696202533,3.32029074896579,52.358992788652934,51.02424858120841,782,0.9948849104859335,0.1416593184026019,11.423437534771981,2.0644308979087764,639,0.86697965571205,0.6437044088861142,13.684103515592284,7.285028690662493,0.7522490274665559,0.011236250000365544,"[""y@t"", ""data_quality_3@t+h"", ""avg_p_latency_3@t"", ""y@t-1""]",4,20,54000.0,583,0.1702127659574468,19.269822695035458,7.43922796035472
"ar_order=2,capacity=True,granularity=30,numeric=True,on_change=capchain,other_lags=2,pool=local",linear,4,3729,940,0.8702127659574468,0.6759399205610954,18.304094694466862,25.78560261842484,846,0.8995271867612293,0.5286148101625237,14.419148275969176,22.731934858144704,94,0.6063829787234043,2.0018659141482398,53.268612460946024,53.268612460946024,158,0.25316455696202533,3.32029074896579,52.358992788652934,52.31308615145922,782,0.9948849104859335,0.1416593184026019,11.423437534771981,20.425829730676202,639,0.86697965571205,0.6437044088861142,13.684103515592284,22.373364104813067,0.7522490274665559,0.011236250000365544,"[""y@t"", ""data_quality_3@t+h"", ""avg_p_latency_3@t"", ""y@t-1""]",4,20,54000.0,583,0.1702127659574468,19.269822695035458,7.43922796035472
"ar_order=2,capacity=True,granularity=30,numeric=True,on_change=capchain,other_lags=2,pool=local",clg,4,3729,940,0.8702127659574468,0.6759399205610954,18.304094694466862,18.180022908630704,846,0.8995271867612293,0.5286148101625237,14.419148275969176,14.281290736151226,94,0.6063829787234043,2.0018659141482398,53.268612460946024,53.268612460946024,158,0.25316455696202533,3.32029074896579,52.358992788652934,49.85481790217793,782,0.9948849104859335,0.1416593184026019,11.423437534771981,11.78025614522858,639,0.86697965571205,0.6437044088861142,13.684103515592284,14.327989785815019,0.7522490274665559,0.011236250000365544,"[""y@t"", ""data_quality_3@t+h"", ""avg_p_latency_3@t"", ""y@t-1""]",4,20,54000.0,583,0.1702127659574468,19.269822695035458,7.43922796035472
"ar_order=2,capacity=True,granularity=30,numeric=True,on_change=capchain,other_lags=2,pool=local",ar,4,3729,940,0.8319148936170213,0.9384444301957285,30.478417291328913,30.064962755277918,846,0.8995271867612293,0.5768248974405183,18.580004872566438,18.16062939324744,94,0.22340425531914893,4.193020224992621,137.5641290601912,137.20396301355225,158,0.0,4.626103858768453,104.84491335106807,104.1961712230406,782,1.0,0.19336746125136736,15.452961565703866,15.087045954885973,639,0.86697965571205,0.683342653302229,17.130867056604618,16.902527639402802,0.7162683130904123,0.011236250000365544,"[""y@t"", ""data_quality_3@t+h"", ""avg_p_latency_3@t"", ""y@t-1""]",4,20,54000.0,583,0.1702127659574468,19.269822695035458,7.43922796035472
"ar_order=2,capacity=True,granularity=30,numeric=True,on_change=capchain,other_lags=2,pool=local",persistence,4,3729,940,0.8319148936170213,4.64436312374118,22.783106278476236,19.269822695035465,846,0.8995271867612293,2.776166424177218,9.47283303011658,5.618991331757295,94,0.22340425531914893,21.45813341981685,142.57556551371314,142.127304964539,158,0.0,27.631021115928544,109.70094838675975,107.3084388185654,782,1.0,0.0,5.221700839718193,1.4819693094629216,639,0.86697965571205,3.6754879418684294,11.358095794003718,7.43922796035472,0.7162683130904123,0.011236250000365544,"[""y@t"", ""data_quality_3@t+h"", ""avg_p_latency_3@t"", ""y@t-1""]",4,20,54000.0,583,0.1702127659574468,19.269822695035458,7.43922796035472
"ar_order=2,capacity=True,granularity=30,numeric=True,on_change=capchain,other_lags=2,pool=local",model,5,4669,930,0.889247311827957,0.6327562433798262,22.301708532335127,21.783393206051457,837,0.9139784946236559,0.5431567470030557,18.059899589789016,17.39532626562679,93,0.6666666666666666,1.439151710770759,60.4779890152501,61.275995669873474,141,0.3262411347517731,2.985456401028851,62.02500811579379,61.90379277817535,789,0.9898605830164765,0.21231172851479121,15.202867922363422,14.613587959322093,638,0.8871473354231975,0.6284521247974699,16.867501736928926,16.634392080810095,0.7448783797756127,0.004545958996459376,"[""y@t""]",1,20,20.0,20,0.0,18.861541218637992,8.770637408568442
"ar_order=2,capacity=True,granularity=30,numeric=True,on_change=capchain,other_lags=2,pool=local",cg_mean,5,4669,930,0.889247311827957,0.6327562433798262,22.301708532335127,21.571060120578398,837,0.9139784946236559,0.5431567470030557,18.059899589789016,17.248068021170436,93,0.6666666666666666,1.439151710770759,60.4779890152501,60.4779890152501,141,0.3262411347517731,2.985456401028851,62.02500811579379,61.69707629102606,789,0.9898605830164765,0.21231172851479121,15.202867922363422,14.400251147152396,638,0.8871473354231975,0.6284521247974699,16.867501736928926,16.52002820572037,0.7448783797756127,0.004545958996459376,"[""y@t""]",1,20,20.0,20,0.0,18.861541218637992,8.770637408568442
"ar_order=2,capacity=True,granularity=30,numeric=True,on_change=capchain,other_lags=2,pool=local",cg_median,5,4669,930,0.889247311827957,0.6327562433798262,22.301708532335127,12.068049797582356,837,0.9139784946236559,0.5431567470030557,18.059899589789016,6.689167662285941,93,0.6666666666666666,1.439151710770759,60.4779890152501,60.4779890152501,141,0.3262411347517731,2.985456401028851,62.02500811579379,63.400766902631716,789,0.9898605830164765,0.21231172851479121,15.202867922363422,2.8945224061857036,638,0.8871473354231975,0.6284521247974699,16.867501736928926,8.77335423197492,0.7448783797756127,0.004545958996459376,"[""y@t""]",1,20,20.0,20,0.0,18.861541218637992,8.770637408568442
"ar_order=2,capacity=True,granularity=30,numeric=True,on_change=capchain,other_lags=2,pool=local",linear,5,4669,930,0.889247311827957,0.6327562433798262,22.301708532335127,20.55565179074789,837,0.9139784946236559,0.5431567470030557,18.059899589789016,16.11983654358098,93,0.6666666666666666,1.439151710770759,60.4779890152501,60.4779890152501,141,0.3262411347517731,2.985456401028851,62.02500811579379,60.95996474481462,789,0.9898605830164765,0.21231172851479121,15.202867922363422,13.335109171580072,638,0.8871473354231975,0.6284521247974699,16.867501736928926,16.380741591499778,0.7448783797756127,0.004545958996459376,"[""y@t""]",1,20,20.0,20,0.0,18.861541218637992,8.770637408568442
"ar_order=2,capacity=True,granularity=30,numeric=True,on_change=capchain,other_lags=2,pool=local",clg,5,4669,930,0.889247311827957,0.6327562433798262,22.301708532335127,20.55565179074789,837,0.9139784946236559,0.5431567470030557,18.059899589789016,16.11983654358098,93,0.6666666666666666,1.439151710770759,60.4779890152501,60.4779890152501,141,0.3262411347517731,2.985456401028851,62.02500811579379,60.95996474481462,789,0.9898605830164765,0.21231172851479121,15.202867922363422,13.335109171580072,638,0.8871473354231975,0.6284521247974699,16.867501736928926,16.380741591499778,0.7448783797756127,0.004545958996459376,"[""y@t""]",1,20,20.0,20,0.0,18.861541218637992,8.770637408568442
"ar_order=2,capacity=True,granularity=30,numeric=True,on_change=capchain,other_lags=2,pool=local",ar,5,4669,930,0.8483870967741935,0.8636012329207946,28.75435662800259,28.20043311392444,837,0.9139784946236559,0.5431567470030557,18.059899589789016,17.39532626562679,93,0.25806451612903225,3.747601606180444,125.00446997192479,125.44639474860331,141,0.0,4.614547391037478,111.1103060082509,110.83867607220535,789,1.0,0.1932800563752273,14.036753506817533,13.43238209096169,638,0.8871473354231975,0.6284521247974699,16.867501736928926,16.634392080810095,0.7139751956196422,0.004545958996459376,"[""y@t""]",1,20,20.0,20,0.0,18.861541218637992,8.770637408568442
"ar_order=2,capacity=True,granularity=30,numeric=True,on_change=capchain,other_lags=2,pool=local",persistence,5,4669,930,0.8483870967741935,4.18921933047949,22.44751644778051,18.861541218638,837,0.9139784946236559,2.3768620314777245,10.624820785867753,6.685384309040229,93,0.25806451612903225,20.500435021495374,128.85177740499532,128.44695340501795,141,0.0,27.631021115928544,117.76274585003114,116.72931442080377,789,1.0,0.0,5.413996364488569,1.3718631178707306,638,0.8871473354231975,3.1182343579104317,12.032582478731847,8.770637408568442,0.7139751956196422,0.004545958996459376,"[""y@t""]",1,20,20.0,20,0.0,18.861541218637992,8.770637408568442
