config,model,fold,n_train,n_all,acc_all,logloss_all,mae_all,maeh_all,n_within,acc_within,logloss_within,mae_within,maeh_within,n_xrun,acc_xrun,logloss_xrun,mae_xrun,maeh_xrun,n_change,acc_change,logloss_change,mae_change,maeh_change,n_stay,acc_stay,logloss_stay,mae_stay,maeh_stay,n_event,acc_event,logloss_event,mae_event,maeh_event,f1_all,search_sec,parents,n_parents,n_y,cpt_configs_possible,cpt_configs_seen,test_unseen_config_frac,mae_persistence_continuous,mae_persistence_continuous_event
"ar_order=2,capacity=True,numeric=True,on_change=capchain,other_lags=2,pool=local,target=throughput_1",model,1,33200,33558,0.9424578341975088,0.2553942627711873,6.41306837569692,2.4321749307387575,33464,0.9427145589289984,0.254690207833926,6.408575241241878,2.4158663339663122,94,0.851063829787234,0.5060378204362116,8.012624241691421,8.238035381729317,2059,0.17484215638659542,3.047456905576117,12.026638767127226,7.919469629538328,31499,0.9926346868154544,0.07288507258942437,6.046125252551582,2.073486090304829,16158,0.8843916326278005,0.45816214671484634,6.287206160180721,3.482570686904788,0.9296714398786826,0.04144332930445671,"[""y@t"", ""capacity_1@t+h"", ""cores_1@t+h"", ""capacity_1@t""]",4,20,40000.0,138,0.3806245902616366,1.9282436378806842,3.343483104344597
"ar_order=2,capacity=True,numeric=True,on_change=capchain,other_lags=2,pool=local,target=throughput_1",cg_mean,1,33200,33558,0.9424578341975088,0.2553942627711873,6.41306837569692,2.0091148485448875,33464,0.9427145589289984,0.254690207833926,6.408575241241878,1.9922510581147008,94,0.851063829787234,0.5060378204362116,8.012624241691421,8.012624241691421,2059,0.17484215638659542,3.047456905576117,12.026638767127226,7.935502402198365,31499,0.9926346868154544,0.07288507258942437,6.046125252551582,1.6217237576222392,16158,0.8843916326278005,0.45816214671484634,6.287206160180721,3.218780266402209,0.9296714398786826,0.04144332930445671,"[""y@t"", ""capacity_1@t+h"", ""cores_1@t+h"", ""capacity_1@t""]",4,20,40000.0,138,0.3806245902616366,1.9282436378806842,3.343483104344597
"ar_order=2,capacity=True,numeric=True,on_change=capchain,other_lags=2,pool=local,target=throughput_1",cg_median,1,33200,33558,0.9424578341975088,0.2553942627711873,6.41306837569692,1.5836219881613622,33464,0.9427145589289984,0.254690207833926,6.408575241241878,1.5655629930671766,94,0.851063829787234,0.5060378204362116,8.012624241691421,8.012624241691421,2059,0.17484215638659542,3.047456905576117,12.026638767127226,8.061236503373085,31499,0.9926346868154544,0.07288507258942437,6.046125252551582,1.1601987592708916,16158,0.8843916326278005,0.45816214671484634,6.287206160180721,3.2140116351033545,0.9296714398786826,0.04144332930445671,"[""y@t"", ""capacity_1@t+h"", ""cores_1@t+h"", ""capacity_1@t""]",4,20,40000.0,138,0.3806245902616366,1.9282436378806842,3.343483104344597
"ar_order=2,capacity=True,numeric=True,on_change=capchain,other_lags=2,pool=local,target=throughput_1",linear,1,33200,33558,0.9424578341975088,0.2553942627711873,6.41306837569692,1.8168198599735825,33464,0.9427145589289984,0.254690207833926,6.408575241241878,1.7994159150811169,94,0.851063829787234,0.5060378204362116,8.012624241691421,8.012624241691421,2059,0.17484215638659542,3.047456905576117,12.026638767127226,9.376217809415142,31499,0.9926346868154544,0.07288507258942437,6.046125252551582,1.3226835261883776,16158,0.8843916326278005,0.45816214671484634,6.287206160180721,3.33820683331396,0.9296714398786826,0.04144332930445671,"[""y@t"", ""capacity_1@t+h"", ""cores_1@t+h"", ""capacity_1@t""]",4,20,40000.0,138,0.3806245902616366,1.9282436378806842,3.343483104344597
"ar_order=2,capacity=True,numeric=True,on_change=capchain,other_lags=2,pool=local,target=throughput_1",clg,1,33200,33558,0.9424578341975088,0.2553942627711873,6.41306837569692,1.9559830726879386,33464,0.9427145589289984,0.254690207833926,6.408575241241878,1.938970035696356,94,0.851063829787234,0.5060378204362116,8.012624241691421,8.012624241691421,2059,0.17484215638659542,3.047456905576117,12.026638767127226,8.944666629330603,31499,0.9926346868154544,0.07288507258942437,6.046125252551582,1.4991527147995216,16158,0.8843916326278005,0.45816214671484634,6.287206160180721,3.1948258224686197,0.9296714398786826,0.04144332930445671,"[""y@t"", ""capacity_1@t+h"", ""cores_1@t+h"", ""capacity_1@t""]",4,20,40000.0,138,0.3806245902616366,1.9282436378806842,3.343483104344597
"ar_order=2,capacity=True,numeric=True,on_change=capchain,other_lags=2,pool=local,target=throughput_1",ar,1,33200,33558,0.9386435425233923,0.3083534294672375,7.030945996072381,2.7142409452728864,33464,0.9407124073631365,0.2887052609378714,6.729617926246918,2.4026035445983425,94,0.20212765957446807,7.303101425921586,114.30373885393686,113.65715558541052,2059,0.0,4.179587887000411,20.589185857121592,13.701148085017198,31499,1.0,0.05530184852622976,6.144682436153007,1.996058088650977,16158,0.8772125263027603,0.531483220573727,6.786093254870199,3.3152378529275572,0.9263446764400245,0.04144332930445671,"[""y@t"", ""capacity_1@t+h"", ""cores_1@t+h"", ""capacity_1@t""]",4,20,40000.0,138,0.3806245902616366,1.9282436378806842,3.343483104344597
"ar_order=2,capacity=True,numeric=True,on_change=capchain,other_lags=2,pool=local,target=throughput_1",persistence,1,33200,33558,0.9386435425233923,1.6953415721347185,6.682816442816695,1.9282436378806889,33464,0.9407124073631365,1.6381767240617453,6.3801435040619,1.6143915849868562,94,0.20212765957446807,22.0460274861132,114.4343826395241,113.65957446808511,2059,0.0,27.63102111592855,21.181200896261142,14.268576979116073,31499,1.0,0.0,5.73509830606181,1.1215911616241836,16158,0.8772125263027603,3.3927432784999523,6.745612237055846,3.343483104344596,0.9263446764400245,0.04144332930445671,"[""y@t"", ""capacity_1@t+h"", ""cores_1@t+h"", ""capacity_1@t""]",4,20,40000.0,138,0.3806245902616366,1.9282436378806842,3.343483104344597
"ar_order=2,capacity=True,numeric=True,on_change=capchain,other_lags=2,pool=local,target=throughput_1",model,2,66758,33201,0.9552121924038433,0.16729397602962173,6.402671331293422,2.2451217565866735,33108,0.9556300592001933,0.16539403112850887,6.396681670816324,2.2246559026622172,93,0.8064516129032258,0.8436743608257953,8.5349904611402,9.530965753693014,1730,0.21098265895953758,2.3091472578814027,11.876446405095002,9.56233597634238,31471,0.9961234152076515,0.04955363801673425,6.101771109575754,1.8428853929446734,17443,0.91738806397982,0.28817719327250135,5.812198848453334,3.6107741277499286,0.938456776568071,0.08985085971653461,"[""y@t"", ""avg_p_latency_1@t"", ""capacity_1@t+h"", ""y@t-1""]",4,20,144000.0,420,0.15755549531640614,2.239932532152646,3.609986814194806
"ar_order=2,capacity=True,numeric=True,on_change=capchain,other_lags=2,pool=local,target=throughput_1",cg_mean,2,66758,33201,0.9552121924038433,0.16729397602962173,6.402671331293422,2.0728911635311342,33108,0.9556300592001933,0.16539403112850887,6.396681670816324,2.054739199212008,93,0.8064516129032258,0.8436743608257953,8.5349904611402,8.5349904611402,1730,0.21098265895953758,2.3091472578814027,11.876446405095002,9.588046981351392,31471,0.9961234152076515,0.04955363801673425,6.101771109575754,1.6597737041294933,17443,0.91738806397982,0.28817719327250135,5.812198848453334,3.4015510534912683,0.938456776568071,0.08985085971653461,"[""y@t"", ""avg_p_latency_1@t"", ""capacity_1@t+h"", ""y@t-1""]",4,20,144000.0,420,0.15755549531640614,2.239932532152646,3.609986814194806
"ar_order=2,capacity=True,numeric=True,on_change=capchain,other_lags=2,pool=local,target=throughput_1",cg_median,2,66758,33201,0.9552121924038433,0.16729397602962173,6.402671331293422,1.8871194877529605,33108,0.9556300592001933,0.16539403112850887,6.396681670816324,1.868445692883895,93,0.8064516129032258,0.8436743608257953,8.5349904611402,8.5349904611402,1730,0.21098265895953758,2.3091472578814027,11.876446405095002,9.69297048076684,31471,0.9961234152076515,0.04955363801673425,6.101771109575754,1.4580221531301645,17443,0.91738806397982,0.28817719327250135,5.812198848453334,3.422375738118443,0.938456776568071,0.08985085971653461,"[""y@t"", ""avg_p_latency_1@t"", ""capacity_1@t+h"", ""y@t-1""]",4,20,144000.0,420,0.15755549531640614,2.239932532152646,3.609986814194806
"ar_order=2,capacity=True,numeric=True,on_change=capchain,other_lags=2,pool=local,target=throughput_1",linear,2,66758,33201,0.9552121924038433,0.16729397602962173,6.402671331293422,2.10731873522884,33108,0.9556300592001933,0.16539403112850887,6.396681670816324,2.089263477571786,93,0.8064516129032258,0.8436743608257953,8.5349904611402,8.5349904611402,1730,0.21098265895953758,2.3091472578814027,11.876446405095002,10.980350232329469,31471,0.9961234152076515,0.04955363801673425,6.101771109575754,1.6195571613994706,17443,0.91738806397982,0.28817719327250135,5.812198848453334,3.367997687290792,0.938456776568071,0.08985085971653461,"[""y@t"", ""avg_p_latency_1@t"", ""capacity_1@t+h"", ""y@t-1""]",4,20,144000.0,420,0.15755549531640614,2.239932532152646,3.609986814194806
"ar_order=2,capacity=True,numeric=True,on_change=capchain,other_lags=2,pool=local,target=throughput_1",clg,2,66758,33201,0.9552121924038433,0.16729397602962173,6.402671331293422,2.0918113934911773,33108,0.9556300592001933,0.16539403112850887,6.396681670816324,2.073712575885422,93,0.8064516129032258,0.8436743608257953,8.5349904611402,8.5349904611402,1730,0.21098265895953758,2.3091472578814027,11.876446405095002,10.150017281353119,31471,0.9961234152076515,0.04955363801673425,6.101771109575754,1.6488417965288582,17443,0.91738806397982,0.28817719327250135,5.812198848453334,3.0820517681731325,0.938456776568071,0.08985085971653461,"[""y@t"", ""avg_p_latency_1@t"", ""capacity_1@t+h"", ""y@t-1""]",4,20,144000.0,420,0.15755549531640614,2.239932532152646,3.609986814194806
"ar_order=2,capacity=True,numeric=True,on_change=capchain,other_lags=2,pool=local,target=throughput_1",ar,2,66758,33201,0.9478931357489232,0.24043086900087723,7.070547145935903,2.646226190823879,33108,0.9499818774918448,0.22041379525620733,6.748306697242486,2.309793352855843,93,0.20430107526881722,7.366509122103346,121.78814688079218,122.4163165074446,1730,0.0,3.7302860375458446,21.765789027455632,16.99792215755473,31471,1.0,0.048589191215525816,6.2627314281312865,1.857295619108828,17443,0.9050622026027633,0.380634624397439,6.469737572385238,3.5801081394370815,0.929344617076336,0.08985085971653461,"[""y@t"", ""avg_p_latency_1@t"", ""capacity_1@t+h"", ""y@t-1""]",4,20,144000.0,420,0.15755549531640614,2.239932532152646,3.609986814194806
"ar_order=2,capacity=True,numeric=True,on_change=capchain,other_lags=2,pool=local,target=throughput_1",persistence,2,66758,33201,0.9478931357489232,1.4397658664063244,6.756927994928004,2.239932532152653,33108,0.9499818774918448,1.3820517992019352,6.433150095190477,1.9019270267005024,93,0.20430107526881722,21.98597379116895,122.02186030148816,122.56989247311827,1730,0.0,27.631021115928544,22.61431503061858,17.807514450867053,31471,1.0,0.0,5.885227713025787,1.3841631978647084,17443,0.9050622026027633,2.623228284582794,6.202168408520531,3.6099868141948055,0.929344617076336,0.08985085971653461,"[""y@t"", ""avg_p_latency_1@t"", ""capacity_1@t+h"", ""y@t-1""]",4,20,144000.0,420,0.15755549531640614,2.239932532152646,3.609986814194806
"ar_order=2,capacity=True,numeric=True,on_change=capchain,other_lags=2,pool=local,target=throughput_1",model,3,99959,33201,0.9519291587602783,0.20816524192710126,6.312342059676005,2.3753490925307594,33108,0.9521565784704603,0.20772034973487566,6.307846575538352,2.357648538970207,93,0.8709677419354839,0.3665468623594114,7.9127344126805035,8.67674616008766,1721,0.2963393375944218,3.183451564605318,11.20184118552254,9.672013084608857,31480,0.9877700127064803,0.045507435023377917,6.04503494418738,1.9764431608164514,15967,0.9070583077597545,0.37771360304314683,5.454318215676186,3.2927055253386763,0.9186837596194053,0.2828985136002302,"[""y@t"", ""capacity_1@t+h"", ""y@t-1"", ""cores_1@t+h""]",4,20,48000.0,371,0.13942351134001987,1.8673533929700912,3.0884950209807727
"ar_order=2,capacity=True,numeric=True,on_change=capchain,other_lags=2,pool=local,target=throughput_1",cg_mean,3,99959,33201,0.9519291587602783,0.20816524192710126,6.312342059676005,2.085065811322411,33108,0.9521565784704603,0.20772034973487566,6.307846575538352,2.0686959557006186,93,0.8709677419354839,0.3665468623594114,7.9127344126805035,7.9127344126805035,1721,0.2963393375944218,3.183451564605318,11.20184118552254,8.34682567144108,31480,0.9877700127064803,0.045507435023377917,6.04503494418738,1.7427377071526455,15967,0.9070583077597545,0.37771360304314683,5.454318215676186,2.965853162647458,0.9186837596194053,0.2828985136002302,"[""y@t"", ""capacity_1@t+h"", ""y@t-1"", ""cores_1@t+h""]",4,20,48000.0,371,0.13942351134001987,1.8673533929700912,3.0884950209807727
"ar_order=2,capacity=True,numeric=True,on_change=capchain,other_lags=2,pool=local,target=throughput_1",cg_median,3,99959,33201,0.9519291587602783,0.20816524192710126,6.312342059676005,1.4982044004812893,33108,0.9521565784704603,0.20772034973487566,6.307846575538352,1.4801860577503927,93,0.8709677419354839,0.3665468623594114,7.9127344126805035,7.9127344126805035,1721,0.2963393375944218,3.183451564605318,11.20184118552254,8.54579017671849,31480,0.9877700127064803,0.045507435023377917,6.04503494418738,1.1129154830446875,15967,0.9070583077597545,0.37771360304314683,5.454318215676186,2.98903989478299,0.9186837596194053,0.2828985136002302,"[""y@t"", ""capacity_1@t+h"", ""y@t-1"", ""cores_1@t+h""]",4,20,48000.0,371,0.13942351134001987,1.8673533929700912,3.0884950209807727
"ar_order=2,capacity=True,numeric=True,on_change=capchain,other_lags=2,pool=local,target=throughput_1",linear,3,99959,33201,0.9519291587602783,0.20816524192710126,6.312342059676005,1.785451149557863,33108,0.9521565784704603,0.20772034973487566,6.307846575538352,1.7682396797176312,93,0.8709677419354839,0.3665468623594114,7.9127344126805035,7.9127344126805035,1721,0.2963393375944218,3.183451564605318,11.20184118552254,9.265340937213065,31480,0.9877700127064803,0.045507435023377917,6.04503494418738,1.3765283311158494,15967,0.9070583077597545,0.37771360304314683,5.454318215676186,2.88645046754167,0.9186837596194053,0.2828985136002302,"[""y@t"", ""capacity_1@t+h"", ""y@t-1"", ""cores_1@t+h""]",4,20,48000.0,371,0.13942351134001987,1.8673533929700912,3.0884950209807727
"ar_order=2,capacity=True,numeric=True,on_change=capchain,other_lags=2,pool=local,target=throughput_1",clg,3,99959,33201,0.9519291587602783,0.20816524192710126,6.312342059676005,3.1840217172528167,33108,0.9521565784704603,0.20772034973487566,6.307846575538352,3.1707388164229635,93,0.8709677419354839,0.3665468623594114,7.9127344126805035,7.9127344126805035,1721,0.2963393375944218,3.183451564605318,11.20184118552254,10.329182863091143,31480,0.9877700127064803,0.045507435023377917,6.04503494418738,2.7933983903154673,15967,0.9070583077597545,0.37771360304314683,5.454318215676186,4.07456013900687,0.9186837596194053,0.2828985136002302,"[""y@t"", ""capacity_1@t+h"", ""y@t-1"", ""cores_1@t+h""]",4,20,48000.0,371,0.13942351134001987,1.8673533929700912,3.0884950209807727
"ar_order=2,capacity=True,numeric=True,on_change=capchain,other_lags=2,pool=local,target=throughput_1",ar,3,99959,33201,0.9481642119213277,0.29097241994409967,6.847512816935935,2.293507033386786,33108,0.950374531835206,0.2702771391099266,6.479156196451952,1.9178032779278082,93,0.16129032258064516,7.658492396909719,137.98246970923387,136.04404397678294,1721,0.0,4.747387440515951,22.09760167369722,16.062136942555266,31480,1.0,0.04734185290457759,6.0137960786104525,1.5407811098264637,15967,0.8971002693054425,0.4990043514682062,6.051173212285049,3.0437473719770813,0.9169067477638864,0.2828985136002302,"[""y@t"", ""capacity_1@t+h"", ""y@t-1"", ""cores_1@t+h""]",4,20,48000.0,371,0.13942351134001987,1.8673533929700912,3.0884950209807727
"ar_order=2,capacity=True,numeric=True,on_change=capchain,other_lags=2,pool=local,target=throughput_1",persistence,3,99959,33201,0.9481642119213277,1.4322757549625924,6.851182089189641,1.8673533929701014,33108,0.950374531835206,1.3712023587492634,6.481609667383811,1.4894889452700355,93,0.16129032258064516,23.174404806907813,138.41896425206514,136.38709677419354,1721,0.0,27.631021115928547,22.90923549869215,16.832074375363167,31480,1.0,0.0,5.97329422649098,1.0492376111817132,15967,0.8971002693054425,2.8432246316446803,6.183878886115495,3.0884950209807727,0.9169067477638864,0.2828985136002302,"[""y@t"", ""capacity_1@t+h"", ""y@t-1"", ""cores_1@t+h""]",4,20,48000.0,371,0.13942351134001987,1.8673533929700912,3.0884950209807727
"ar_order=2,capacity=True,numeric=True,on_change=capchain,other_lags=2,pool=local,target=throughput_1",model,4,133160,33558,0.926336492043626,0.16998023196908688,5.813596316660857,2.0918439044370603,33464,0.9265778149653359,0.1687025353151283,5.808687488544998,2.076630349602326,94,0.8404255319148937,0.6248402407783474,7.561139125906737,7.507869425602617,2764,0.22539797395079594,1.41358508404803,8.234845961383673,7.344434708483184,30794,0.9892511528219783,0.05835706475644162,5.596270408431531,1.6203831983779746,15895,0.8505819440075495,0.32588691941256437,6.396832169956789,3.7187190172150735,0.9189821459139559,0.3517225421965122,"[""y@t"", ""avg_p_latency_1@t"", ""capacity_1@t+h"", ""y@t-1""]",4,20,144000.0,701,0.08430180582871447,1.9367661958400382,3.3672853098458635
"ar_order=2,capacity=True,numeric=True,on_change=capchain,other_lags=2,pool=local,target=throughput_1",cg_mean,4,133160,33558,0.926336492043626,0.16998023196908688,5.813596316660857,1.6769635496899769,33464,0.9265778149653359,0.1687025353151283,5.808687488544998,1.6604349666107163,94,0.8404255319148937,0.6248402407783474,7.561139125906737,7.561139125906737,2764,0.22539797395079594,1.41358508404803,8.234845961383673,6.2760677811412755,30794,0.9892511528219783,0.05835706475644162,5.596270408431531,1.2641583247847552,15895,0.8505819440075495,0.32588691941256437,6.396832169956789,3.001259758923025,0.9189821459139559,0.3517225421965122,"[""y@t"", ""avg_p_latency_1@t"", ""capacity_1@t+h"", ""y@t-1""]",4,20,144000.0,701,0.08430180582871447,1.9367661958400382,3.3672853098458635
"ar_order=2,capacity=True,numeric=True,on_change=capchain,other_lags=2,pool=local,target=throughput_1",cg_median,4,133160,33558,0.926336492043626,0.16998023196908688,5.813596316660857,1.5047752273030346,33464,0.9265778149653359,0.1687025353151283,5.808687488544998,1.4877629691608893,94,0.8404255319148937,0.6248402407783474,7.561139125906737,7.561139125906737,2764,0.22539797395079594,1.41358508404803,8.234845961383673,6.177585204039469,30794,0.9892511528219783,0.05835706475644162,5.596270408431531,1.08535434090635,15895,0.8505819440075495,0.32588691941256437,6.396832169956789,3.013494809688581,0.9189821459139559,0.3517225421965122,"[""y@t"", ""avg_p_latency_1@t"", ""capacity_1@t+h"", ""y@t-1""]",4,20,144000.0,701,0.08430180582871447,1.9367661958400382,3.3672853098458635
"ar_order=2,capacity=True,numeric=True,on_change=capchain,other_lags=2,pool=local,target=throughput_1",linear,4,133160,33558,0.926336492043626,0.16998023196908688,5.813596316660857,1.9131861602078295,33464,0.9265778149653359,0.1687025353151283,5.808687488544998,1.897321123787327,94,0.8404255319148937,0.6248402407783474,7.561139125906737,7.561139125906737,2764,0.22539797395079594,1.41358508404803,8.234845961383673,7.777558997748528,30794,0.9892511528219783,0.05835706475644162,5.596270408431531,1.3868132783814189,15895,0.8505819440075495,0.32588691941256437,6.396832169956789,3.1215150987974902,0.9189821459139559,0.3517225421965122,"[""y@t"", ""avg_p_latency_1@t"", ""capacity_1@t+h"", ""y@t-1""]",4,20,144000.0,701,0.08430180582871447,1.9367661958400382,3.3672853098458635
"ar_order=2,capacity=True,numeric=True,on_change=capchain,other_lags=2,pool=local,target=throughput_1",clg,4,133160,33558,0.926336492043626,0.16998023196908688,5.813596316660857,1.94929720224273,33464,0.9265778149653359,0.1687025353151283,5.808687488544998,1.9335336013335618,94,0.8404255319148937,0.6248402407783474,7.561139125906737,7.561139125906737,2764,0.22539797395079594,1.41358508404803,8.234845961383673,6.709041865821412,30794,0.9892511528219783,0.05835706475644162,5.596270408431531,1.5220732543914774,15895,0.8505819440075495,0.32588691941256437,6.396832169956789,2.765182113498281,0.9189821459139559,0.3517225421965122,"[""y@t"", ""avg_p_latency_1@t"", ""capacity_1@t+h"", ""y@t-1""]",4,20,144000.0,701,0.08430180582871447,1.9367661958400382,3.3672853098458635
"ar_order=2,capacity=True,numeric=True,on_change=capchain,other_lags=2,pool=local,target=throughput_1",ar,4,133160,33558,0.9176351391620478,0.3028055894168419,6.7336528476040085,2.2949892504720646,33464,0.9193461630408798,0.2866669338303474,6.404917677882056,1.9592521921471429,94,0.30851063829787234,6.048166978208877,123.76337326861936,121.8173820141439,2764,0.0,3.1019522285388894,17.033287084833592,11.146772499972672,30794,1.0,0.05156049912219554,5.809180903988286,1.5004731466330152,15895,0.8301981755268952,0.5514915670727095,7.578235846338925,3.2122525488893703,0.911487087963889,0.3517225421965122,"[""y@t"", ""avg_p_latency_1@t"", ""capacity_1@t+h"", ""y@t-1""]",4,20,144000.0,701,0.08430180582871447,1.9367661958400382,3.3672853098458635
"ar_order=2,capacity=True,numeric=True,on_change=capchain,other_lags=2,pool=local,target=throughput_1",persistence,4,133160,33558,0.9176351391620478,2.275825209023974,6.910848439863227,1.9367661958400493,33464,0.9193461630408798,2.2285478720981096,6.581648595873676,1.599420272531687,94,0.30851063829787234,19.106557154631442,124.10599290014375,122.03191489361703,2764,0.0,27.63102111592855,18.264279131475075,12.284008683068004,30794,1.0,0.0,5.891790102797073,1.0080210430603496,15895,0.8301981755268952,4.69179779753955,7.864640998258647,3.3672853098458617,0.911487087963889,0.3517225421965122,"[""y@t"", ""avg_p_latency_1@t"", ""capacity_1@t+h"", ""y@t-1""]",4,20,144000.0,701,0.08430180582871447,1.9367661958400382,3.3672853098458635
"ar_order=2,capacity=True,numeric=True,on_change=capchain,other_lags=2,pool=local,target=throughput_1",model,5,166718,33201,0.9715370018975332,0.07353275397631259,5.599310514609279,1.7338180990934455,33108,0.9717590914582578,0.07302748320971064,5.595846038558717,1.71779757808499,93,0.8924731182795699,0.2534091468866043,6.832663988609239,7.43712357810365,1131,0.19982316534040673,1.3462482172746348,8.5769316657947,7.152206107074481,32070,0.9987527284066106,0.02864840134175061,5.49429992770592,1.5427299532553866,17320,0.9464780600461894,0.12096054693584436,4.968238391386884,2.7848322092777416,0.8962674040375312,0.4134316183626652,"[""y@t"", ""avg_p_latency_1@t"", ""capacity_1@t+h"", ""y@t-1""]",4,20,144000.0,800,0.04150477395259179,1.7716333845366103,2.7788683602771362
"ar_order=2,capacity=True,numeric=True,on_change=capchain,other_lags=2,pool=local,target=throughput_1",cg_mean,5,166718,33201,0.9715370018975332,0.07353275397631259,5.599310514609279,1.5955155799400367,33108,0.9717590914582578,0.07302748320971064,5.595846038558717,1.580804488904449,93,0.8924731182795699,0.2534091468866043,6.832663988609239,6.832663988609239,1131,0.19982316534040673,1.3462482172746348,8.5769316657947,7.236877853903915,32070,0.9987527284066106,0.02864840134175061,5.49429992770592,1.3965638888937897,17320,0.9464780600461894,0.12096054693584436,4.968238391386884,2.562554303235641,0.8962674040375312,0.4134316183626652,"[""y@t"", ""avg_p_latency_1@t"", ""capacity_1@t+h"", ""y@t-1""]",4,20,144000.0,800,0.04150477395259179,1.7716333845366103,2.7788683602771362
"ar_order=2,capacity=True,numeric=True,on_change=capchain,other_lags=2,pool=local,target=throughput_1",cg_median,5,166718,33201,0.9715370018975332,0.07353275397631259,5.599310514609279,1.4146091307774062,33108,0.9717590914582578,0.07302748320971064,5.595846038558717,1.3993898755587773,93,0.8924731182795699,0.2534091468866043,6.832663988609239,6.832663988609239,1131,0.19982316534040673,1.3462482172746348,8.5769316657947,7.255704344939629,32070,0.9987527284066106,0.02864840134175061,5.49429992770592,1.208613537162892,17320,0.9464780600461894,0.12096054693584436,4.968238391386884,2.556524249422633,0.8962674040375312,0.4134316183626652,"[""y@t"", ""avg_p_latency_1@t"", ""capacity_1@t+h"", ""y@t-1""]",4,20,144000.0,800,0.04150477395259179,1.7716333845366103,2.7788683602771362
"ar_order=2,capacity=True,numeric=True,on_change=capchain,other_lags=2,pool=local,target=throughput_1",linear,5,166718,33201,0.9715370018975332,0.07353275397631259,5.599310514609279,1.6323866932153166,33108,0.9717590914582578,0.07302748320971064,5.595846038558717,1.617779172722637,93,0.8924731182795699,0.2534091468866043,6.832663988609239,6.832663988609239,1131,0.19982316534040673,1.3462482172746348,8.5769316657947,8.926697291322771,32070,0.9987527284066106,0.02864840134175061,5.49429992770592,1.375141127688047,17320,0.9464780600461894,0.12096054693584436,4.968238391386884,2.5590242370114633,0.8962674040375312,0.4134316183626652,"[""y@t"", ""avg_p_latency_1@t"", ""capacity_1@t+h"", ""y@t-1""]",4,20,144000.0,800,0.04150477395259179,1.7716333845366103,2.7788683602771362
"ar_order=2,capacity=True,numeric=True,on_change=capchain,other_lags=2,pool=local,target=throughput_1",clg,5,166718,33201,0.9715370018975332,0.07353275397631259,5.599310514609279,1.4558950801426611,33108,0.9717590914582578,0.07302748320971064,5.595846038558717,1.4407917966919122,93,0.8924731182795699,0.2534091468866043,6.832663988609239,6.832663988609239,1131,0.19982316534040673,1.3462482172746348,8.5769316657947,8.05194982192004,32070,0.9987527284066106,0.02864840134175061,5.49429992770592,1.2232746276028976,17320,0.9464780600461894,0.12096054693584436,4.968238391386884,2.263468523275335,0.8962674040375312,0.4134316183626652,"[""y@t"", ""avg_p_latency_1@t"", ""capacity_1@t+h"", ""y@t-1""]",4,20,144000.0,800,0.04150477395259179,1.7716333845366103,2.7788683602771362
"ar_order=2,capacity=True,numeric=True,on_change=capchain,other_lags=2,pool=local,target=throughput_1",ar,5,166718,33201,0.9659347610011747,0.14193414578674535,6.030090040367156,2.082919413880582,33108,0.9680137731061979,0.12346837829728313,5.721077307464177,1.7665401567369736,93,0.22580645161290322,6.7157473720353025,116.03862295382812,114.71393495700518,1131,0.0,2.72713919963653,20.651701043804284,16.789203983790767,32070,1.0,0.05076274211028429,5.514435470835276,1.5642786951849659,17320,0.9388568129330254,0.19101533588740993,5.303559266925366,2.7241163972897424,0.898379800438477,0.4134316183626652,"[""y@t"", ""avg_p_latency_1@t"", ""capacity_1@t+h"", ""y@t-1""]",4,20,144000.0,800,0.04150477395259179,1.7716333845366103,2.7788683602771362
"ar_order=2,capacity=True,numeric=True,on_change=capchain,other_lags=2,pool=local,target=throughput_1",persistence,5,166718,33201,0.9659347610011747,0.9412573380956956,6.045686587476524,1.7716333845366192,33108,0.9680137731061979,0.8838121107215275,5.735893310268609,1.4537271958439135,93,0.22580645161290322,21.391758283299517,116.33209327349465,114.94623655913979,1131,0.0,27.631021115928547,22.63209032478296,18.521662245800183,32070,1.0,0.0,5.460740450061696,1.1809167446211504,17320,0.9388568129330254,1.6894486929427444,5.38012708641824,2.7788683602771362,0.898379800438477,0.4134316183626652,"[""y@t"", ""avg_p_latency_1@t"", ""capacity_1@t+h"", ""y@t-1""]",4,20,144000.0,800,0.04150477395259179,1.7716333845366103,2.7788683602771362
"ar_order=2,capacity=True,n_bins=50,numeric=True,on_change=capchain,other_lags=2,pool=local,target=throughput_1",model,1,33200,33558,0.7363370880267001,0.9510267808260093,13.42076972904932,12.448549130049871,33464,0.7363136504900789,0.943291061859123,13.443334746347336,12.46706796307321,94,0.7446808510638298,3.7049427330375413,5.387623570956447,5.855844573741225,5210,0.2637236084452975,2.398003586438578,9.150503388324244,8.334039295948918,28348,0.8231974036969099,0.6850909420634342,14.205590091515019,13.204743437784668,16158,0.6679044436192598,1.0902955419503575,5.345074734463056,5.18023001871956,0.5609695287531409,0.06534732319414616,"[""y@t"", ""avg_p_latency_1@t-1"", ""y@t-1"", ""capacity_1@t+h""]",4,50,5625000.0,556,0.47529650157935516,1.9282436378806842,3.343483104344597
"ar_order=2,capacity=True,n_bins=50,numeric=True,on_change=capchain,other_lags=2,pool=local,target=throughput_1",cg_mean,1,33200,33558,0.7363370880267001,0.9510267808260093,13.42076972904932,2.235568098369038,33464,0.7363136504900789,0.943291061859123,13.443334746347336,2.2267140099628935,94,0.7446808510638298,3.7049427330375413,5.387623570956447,5.387623570956447,5210,0.2637236084452975,2.398003586438578,9.150503388324244,5.45838401601704,28348,0.8231974036969099,0.6850909420634342,14.205590091515019,1.6432557330894386,16158,0.6679044436192598,1.0902955419503575,5.345074734463056,3.2233654376142415,0.5609695287531409,0.06534732319414616,"[""y@t"", ""avg_p_latency_1@t-1"", ""y@t-1"", ""capacity_1@t+h""]",4,50,5625000.0,556,0.47529650157935516,1.9282436378806842,3.343483104344597
"ar_order=2,capacity=True,n_bins=50,numeric=True,on_change=capchain,other_lags=2,pool=local,target=throughput_1",cg_median,1,33200,33558,0.7363370880267001,0.9510267808260093,13.42076972904932,1.7749549024277342,33464,0.7363136504900789,0.943291061859123,13.443334746347336,1.7648069567296198,94,0.7446808510638298,3.7049427330375413,5.387623570956447,5.387623570956447,5210,0.2637236084452975,2.398003586438578,9.150503388324244,5.425645299161246,28348,0.8231974036969099,0.6850909420634342,14.205590091515019,1.1040046778270005,16158,0.6679044436192598,1.0902955419503575,5.345074734463056,3.211938358707761,0.5609695287531409,0.06534732319414616,"[""y@t"", ""avg_p_latency_1@t-1"", ""y@t-1"", ""capacity_1@t+h""]",4,50,5625000.0,556,0.47529650157935516,1.9282436378806842,3.343483104344597
"ar_order=2,capacity=True,n_bins=50,numeric=True,on_change=capchain,other_lags=2,pool=local,target=throughput_1",linear,1,33200,33558,0.7363370880267001,0.9510267808260093,13.42076972904932,1.8870681621006342,33464,0.7363136504900789,0.943291061859123,13.443334746347336,1.8772351412892414,94,0.7446808510638298,3.7049427330375413,5.387623570956447,5.387623570956447,5210,0.2637236084452975,2.398003586438578,9.150503388324244,5.85978613271981,28348,0.8231974036969099,0.6850909420634342,14.205590091515019,1.156933386210769,16158,0.6679044436192598,1.0902955419503575,5.345074734463056,3.089181669387714,0.5609695287531409,0.06534732319414616,"[""y@t"", ""avg_p_latency_1@t-1"", ""y@t-1"", ""capacity_1@t+h""]",4,50,5625000.0,556,0.47529650157935516,1.9282436378806842,3.343483104344597
"ar_order=2,capacity=True,n_bins=50,numeric=True,on_change=capchain,other_lags=2,pool=local,target=throughput_1",clg,1,33200,33558,0.7363370880267001,0.9510267808260093,13.42076972904932,1.5975359536345628,33464,0.7363136504900789,0.943291061859123,13.443334746347336,1.58688964010276,94,0.7446808510638298,3.7049427330375413,5.387623570956447,5.387623570956447,5210,0.2637236084452975,2.398003586438578,9.150503388324244,5.535175646569724,28348,0.8231974036969099,0.6850909420634342,14.205590091515019,0.873848116743347,16158,0.6679044436192598,1.0902955419503575,5.345074734463056,2.910853370399027,0.5609695287531409,0.06534732319414616,"[""y@t"", ""avg_p_latency_1@t-1"", ""y@t-1"", ""capacity_1@t+h""]",4,50,5625000.0,556,0.47529650157935516,1.9282436378806842,3.343483104344597
"ar_order=2,capacity=True,n_bins=50,numeric=True,on_change=capchain,other_lags=2,pool=local,target=throughput_1",ar,1,33200,33558,0.7231062637821086,1.0413549828662876,13.973468743226308,12.715791296102477,33464,0.7248087497011714,1.0183904338229277,13.70073787975826,12.439518615963506,94,0.11702127659574468,9.216734442302407,111.06565613785139,111.0688654255766,5210,0.05297504798464491,3.0009818604433227,12.249893335397463,10.521464677695276,28348,0.8462678143078877,0.6812006145801174,14.290239869047822,13.119080476358633,16158,0.6290382473078351,1.2393795937091538,5.7356849779023324,5.136307153014126,0.5744548943986734,0.06534732319414616,"[""y@t"", ""avg_p_latency_1@t-1"", ""y@t-1"", ""capacity_1@t+h""]",4,50,5625000.0,556,0.47529650157935516,1.9282436378806842,3.343483104344597
"ar_order=2,capacity=True,n_bins=50,numeric=True,on_change=capchain,other_lags=2,pool=local,target=throughput_1",persistence,1,33200,33558,0.8447464092019786,4.289815245663857,3.61554774605812,1.9282436378806926,33464,0.8466710494860148,4.236635469335088,3.3061399242534897,1.61439158498686,94,0.1595744680851064,23.221815618705904,113.7647323085066,113.65957446808511,5210,0.0,27.631021115928544,10.014770953990826,8.292130518234165,28348,1.0,0.0,2.439452327921765,0.758642585014826,16158,0.6824483228122292,8.774277097773819,3.7748950544039572,3.343483104344597,0.7839927023795011,0.06534732319414616,"[""y@t"", ""avg_p_latency_1@t-1"", ""y@t-1"", ""capacity_1@t+h""]",4,50,5625000.0,556,0.47529650157935516,1.9282436378806842,3.343483104344597
"ar_order=2,capacity=True,n_bins=50,numeric=True,on_change=capchain,other_lags=2,pool=local,target=throughput_1",model,2,66758,33201,0.7934399566278124,0.6709328502601078,7.453457435325167,6.833897930987325,33108,0.7935242237525674,0.6663391079094386,7.462903565780423,6.839839586105603,93,0.7634408602150538,2.3063051270983315,4.0906349932539605,4.7186687088804895,6015,0.26483790523690776,2.2051116482329913,7.63751667978431,7.000752428116109,27186,0.9103950562789671,0.3314902890224526,7.41273366737763,6.796980775089819,17443,0.6904775554663762,0.9378467894351549,4.204238662867341,4.240943956699695,0.6087354676834273,0.15212499164044857,"[""y@t"", ""avg_p_latency_1@t"", ""data_quality_1@t+h""]",3,50,22500.0,517,0.21767416644076987,2.239932532152646,3.609986814194806
"ar_order=2,capacity=True,n_bins=50,numeric=True,on_change=capchain,other_lags=2,pool=local,target=throughput_1",cg_mean,2,66758,33201,0.7934399566278124,0.6709328502601078,7.453457435325167,2.287158218516613,33108,0.7935242237525674,0.6663391079094386,7.462903565780423,2.28209227252016,93,0.7634408602150538,2.3063051270983315,4.0906349932539605,4.0906349932539605,6015,0.26483790523690776,2.2051116482329913,7.63751667978431,5.4739247920776934,27186,0.9103950562789671,0.3314902890224526,7.41273366737763,1.582074685081393,17443,0.6904775554663762,0.9378467894351549,4.204238662867341,3.238134401750404,0.6087354676834273,0.15212499164044857,"[""y@t"", ""avg_p_latency_1@t"", ""data_quality_1@t+h""]",3,50,22500.0,517,0.21767416644076987,2.239932532152646,3.609986814194806
"ar_order=2,capacity=True,n_bins=50,numeric=True,on_change=capchain,other_lags=2,pool=local,target=throughput_1",cg_median,2,66758,33201,0.7934399566278124,0.6709328502601078,7.453457435325167,1.8575322747619836,33108,0.7935242237525674,0.6663391079094386,7.462903565780423,1.8512595143167814,93,0.7634408602150538,2.3063051270983315,4.0906349932539605,4.0906349932539605,6015,0.26483790523690776,2.2051116482329913,7.63751667978431,5.558791705296071,27186,0.9103950562789671,0.3314902890224526,7.41273366737763,1.0386153515418506,17443,0.6904775554663762,0.9378467894351549,4.204238662867341,3.2825775382674998,0.6087354676834273,0.15212499164044857,"[""y@t"", ""avg_p_latency_1@t"", ""data_quality_1@t+h""]",3,50,22500.0,517,0.21767416644076987,2.239932532152646,3.609986814194806
"ar_order=2,capacity=True,n_bins=50,numeric=True,on_change=capchain,other_lags=2,pool=local,target=throughput_1",linear,2,66758,33201,0.7934399566278124,0.6709328502601078,7.453457435325167,2.284891327029386,33108,0.7935242237525674,0.6663391079094386,7.462903565780423,2.2798190133602154,93,0.7634408602150538,2.3063051270983315,4.0906349932539605,4.0906349932539605,6015,0.26483790523690776,2.2051116482329913,7.63751667978431,6.553847568872645,27186,0.9103950562789671,0.3314902890224526,7.41273366737763,1.340369448316548,17443,0.6904775554663762,0.9378467894351549,4.204238662867341,3.5647128608754426,0.6087354676834273,0.15212499164044857,"[""y@t"", ""avg_p_latency_1@t"", ""data_quality_1@t+h""]",3,50,22500.0,517,0.21767416644076987,2.239932532152646,3.609986814194806
"ar_order=2,capacity=True,n_bins=50,numeric=True,on_change=capchain,other_lags=2,pool=local,target=throughput_1",clg,2,66758,33201,0.7934399566278124,0.6709328502601078,7.453457435325167,1.9744717886092094,33108,0.7935242237525674,0.6663391079094386,7.462903565780423,1.9685275099444768,93,0.7634408602150538,2.3063051270983315,4.0906349932539605,4.0906349932539605,6015,0.26483790523690776,2.2051116482329913,7.63751667978431,6.136911118699215,27186,0.9103950562789671,0.3314902890224526,7.41273366737763,1.053517158634539,17443,0.6904775554663762,0.9378467894351549,4.204238662867341,3.354784495435971,0.6087354676834273,0.15212499164044857,"[""y@t"", ""avg_p_latency_1@t"", ""data_quality_1@t+h""]",3,50,22500.0,517,0.21767416644076987,2.239932532152646,3.609986814194806
"ar_order=2,capacity=True,n_bins=50,numeric=True,on_change=capchain,other_lags=2,pool=local,target=throughput_1",ar,2,66758,33201,0.7806692569500918,0.7934823217432009,8.106383600126284,7.185611366941747,33108,0.7823788812371633,0.7705222826723874,7.784416472411121,6.862067469547669,93,0.17204301075268819,8.967256230952787,122.72668106672428,122.36723883923338,6015,0.033582709891936825,2.9259375281820614,10.8543413066125,9.199925771876849,27186,0.9459648348414625,0.321668959471085,7.49838810227759,6.73993708070307,17443,0.6514361061743966,1.1206008927625084,4.790960014769299,4.19600766862588,0.615509842110436,0.15212499164044857,"[""y@t"", ""avg_p_latency_1@t"", ""data_quality_1@t+h""]",3,50,22500.0,517,0.21767416644076987,2.239932532152646,3.609986814194806
"ar_order=2,capacity=True,n_bins=50,numeric=True,on_change=capchain,other_lags=2,pool=local,target=throughput_1",persistence,2,66758,33201,0.8188307581096955,5.005891148227771,3.5916252091137535,2.2399325321526513,33108,0.8206475776247433,4.955690569843654,3.2557979242407855,1.9019270267005004,93,0.17204301075268819,22.87729705297309,123.14613862389037,122.56989247311827,6015,0.0,27.63102111592855,10.195954496752961,8.45901911886949,27186,1.0,0.0,2.130393668425538,0.8639373206797684,17443,0.659576907642034,9.406237653292653,4.137508173415913,3.609986814194805,0.7005280349275632,0.15212499164044857,"[""y@t"", ""avg_p_latency_1@t"", ""data_quality_1@t+h""]",3,50,22500.0,517,0.21767416644076987,2.239932532152646,3.609986814194806
"ar_order=2,capacity=True,n_bins=50,numeric=True,on_change=capchain,other_lags=2,pool=local,target=throughput_1",model,3,99959,33201,0.8737387428089516,0.5333227998962505,3.0746759077185986,2.059451641429327,33108,0.8741391808626314,0.5280251116180075,3.0695140687987634,2.050889332921997,93,0.7311827956989247,2.4192998269508146,4.9122905631798375,5.107633470038842,4244,0.3150329877474081,2.8240102068251827,6.683723563927978,6.180844480327901,28957,0.9556238560624374,0.19759474260418355,2.5457261459009857,1.4554114712360908,15967,0.7906933049414417,0.8776179970706072,3.4503646543147877,3.2845904043873335,0.6688211183633431,0.3169993683695793,"[""y@t"", ""capacity_1@t+h"", ""y@t-1"", ""capacity_1@t""]",4,50,6250000.0,669,0.18984367940724678,1.8673533929700912,3.0884950209807727
"ar_order=2,capacity=True,n_bins=50,numeric=True,on_change=capchain,other_lags=2,pool=local,target=throughput_1",cg_mean,3,99959,33201,0.8737387428089516,0.5333227998962505,3.0746759077185986,1.931494044577427,33108,0.8741391808626314,0.5280251116180075,3.0695140687987634,1.9231210206487686,93,0.7311827956989247,2.4192998269508146,4.9122905631798375,4.9122905631798375,4244,0.3150329877474081,2.8240102068251827,6.683723563927978,5.7047433036958495,28957,0.9556238560624374,0.19759474260418355,2.5457261459009857,1.3784785438108218,15967,0.7906933049414417,0.8776179970706072,3.4503646543147877,2.9751994587180306,0.6688211183633431,0.3169993683695793,"[""y@t"", ""capacity_1@t+h"", ""y@t-1"", ""capacity_1@t""]",4,50,6250000.0,669,0.18984367940724678,1.8673533929700912,3.0884950209807727
"ar_order=2,capacity=True,n_bins=50,numeric=True,on_change=capchain,other_lags=2,pool=local,target=throughput_1",cg_median,3,99959,33201,0.8737387428089516,0.5333227998962505,3.0746759077185986,1.754852053322964,33108,0.8741391808626314,0.5280251116180075,3.0695140687987634,1.745982844025613,93,0.7311827956989247,2.4192998269508146,4.9122905631798375,4.9122905631798375,4244,0.3150329877474081,2.8240102068251827,6.683723563927978,5.706589389806117,28957,0.9556238560624374,0.19759474260418355,2.5457261459009857,1.1756769572828183,15967,0.7906933049414417,0.8776179970706072,3.4503646543147877,2.9844992797645142,0.6688211183633431,0.3169993683695793,"[""y@t"", ""capacity_1@t+h"", ""y@t-1"", ""capacity_1@t""]",4,50,6250000.0,669,0.18984367940724678,1.8673533929700912,3.0884950209807727
"ar_order=2,capacity=True,n_bins=50,numeric=True,on_change=capchain,other_lags=2,pool=local,target=throughput_1",linear,3,99959,33201,0.8737387428089516,0.5333227998962505,3.0746759077185986,1.610570223278388,33108,0.8741391808626314,0.5280251116180075,3.0695140687987634,1.601295727941586,93,0.7311827956989247,2.4192998269508146,4.9122905631798375,4.9122905631798375,4244,0.3150329877474081,2.8240102068251827,6.683723563927978,5.998712190028127,28957,0.9556238560624374,0.19759474260418355,2.5457261459009857,0.9674347290322337,15967,0.7906933049414417,0.8776179970706072,3.4503646543147877,2.885261240759643,0.6688211183633431,0.3169993683695793,"[""y@t"", ""capacity_1@t+h"", ""y@t-1"", ""capacity_1@t""]",4,50,6250000.0,669,0.18984367940724678,1.8673533929700912,3.0884950209807727
"ar_order=2,capacity=True,n_bins=50,numeric=True,on_change=capchain,other_lags=2,pool=local,target=throughput_1",clg,3,99959,33201,0.8737387428089516,0.5333227998962505,3.0746759077185986,1.5371297583533006,33108,0.8741391808626314,0.5280251116180075,3.0695140687987634,1.527648969575698,93,0.7311827956989247,2.4192998269508146,4.9122905631798375,4.9122905631798375,4244,0.3150329877474081,2.8240102068251827,6.683723563927978,5.510380369816053,28957,0.9556238560624374,0.19759474260418355,2.5457261459009857,0.9548016306105126,15967,0.7906933049414417,0.8776179970706072,3.4503646543147877,2.617028481096188,0.6688211183633431,0.3169993683695793,"[""y@t"", ""capacity_1@t+h"", ""y@t-1"", ""capacity_1@t""]",4,50,6250000.0,669,0.18984367940724678,1.8673533929700912,3.0884950209807727
"ar_order=2,capacity=True,n_bins=50,numeric=True,on_change=capchain,other_lags=2,pool=local,target=throughput_1",ar,3,99959,33201,0.855094726062468,0.6752043825495498,3.882128991723563,2.4909381931116608,33108,0.8571644315573276,0.6484516707202693,3.5069869005271417,2.114894248540215,93,0.11827956989247312,10.199169793773388,137.4327134576495,136.36258246054646,4244,0.018614514608859566,3.640613322906528,11.183235871732341,9.313155614443987,28957,0.9776910591566806,0.24058769080403,2.8120631147764605,1.4910593819042017,15967,0.7396505292165091,1.0704473210310799,4.09840403356551,3.1798567412471317,0.6583268908662496,0.3169993683695793,"[""y@t"", ""capacity_1@t+h"", ""y@t-1"", ""capacity_1@t""]",4,50,6250000.0,669,0.18984367940724678,1.8673533929700912,3.0884950209807727
"ar_order=2,capacity=True,n_bins=50,numeric=True,on_change=capchain,other_lags=2,pool=local,target=throughput_1",persistence,3,99959,33201,0.872172524923948,3.5320036630222207,3.5431373314621624,1.8673533929701023,33108,0.8742902017639241,3.47349008954013,3.1666710325799667,1.4894889452700364,93,0.11827956989247312,24.362835822646673,137.56513973352378,136.38709677419354,4244,0.0,27.631021115928544,11.183283415443304,9.286286522148917,28957,1.0,0.0,2.4233811419254017,0.7800186483406557,15967,0.7393373833531659,7.20237426470186,3.8491604875418033,3.0884950209807727,0.7339086176977945,0.3169993683695793,"[""y@t"", ""capacity_1@t+h"", ""y@t-1"", ""capacity_1@t""]",4,50,6250000.0,669,0.18984367940724678,1.8673533929700912,3.0884950209807727
"ar_order=2,capacity=True,n_bins=50,numeric=True,on_change=capchain,other_lags=2,pool=local,target=throughput_1",model,4,133160,33558,0.8799690088801478,0.37891152307674897,2.833015702885406,2.026467029526677,33464,0.8802892660769782,0.37513799972544376,2.8306252497861584,2.0218146321972355,94,0.7659574468085106,1.7222858361414133,3.684017006217473,3.6827204788076493,4895,0.3515832482124617,1.7785742425029993,5.630769526416865,5.296145075348222,28663,0.9702054914000628,0.13988040241277463,2.3552218583406446,1.4680790717310355,15895,0.764454230890217,0.6685583682558542,3.0796756060144514,3.163796431073296,0.7483402237328503,0.4705729503184557,"[""y@t"", ""avg_p_latency_1@t-1"", ""capacity_1@t+h"", ""y@t-1""]",4,50,5625000.0,1415,0.23001966744144467,1.9367661958400382,3.3672853098458635
"ar_order=2,capacity=True,n_bins=50,numeric=True,on_change=capchain,other_lags=2,pool=local,target=throughput_1",cg_mean,4,133160,33558,0.8799690088801478,0.37891152307674897,2.833015702885406,1.8607970513847134,33464,0.8802892660769782,0.37513799972544376,2.8306252497861584,1.8556756470172056,94,0.7659574468085106,1.7222858361414133,3.684017006217473,3.684017006217473,4895,0.3515832482124617,1.7785742425029993,5.630769526416865,5.225271550795455,28663,0.9702054914000628,0.13988040241277463,2.3552218583406446,1.2862199772956238,15895,0.764454230890217,0.6685583682558542,3.0796756060144514,3.024791008592008,0.7483402237328503,0.4705729503184557,"[""y@t"", ""avg_p_latency_1@t-1"", ""capacity_1@t+h"", ""y@t-1""]",4,50,5625000.0,1415,0.23001966744144467,1.9367661958400382,3.3672853098458635
"ar_order=2,capacity=True,n_bins=50,numeric=True,on_change=capchain,other_lags=2,pool=local,target=throughput_1",cg_median,4,133160,33558,0.8799690088801478,0.37891152307674897,2.833015702885406,1.4989211990757625,33464,0.8802892660769782,0.37513799972544376,2.8306252497861584,1.4927832895051398,94,0.7659574468085106,1.7222858361414133,3.684017006217473,3.684017006217473,4895,0.3515832482124617,1.7785742425029993,5.630769526416865,5.263168296058537,28663,0.9702054914000628,0.13988040241277463,2.3552218583406446,0.8560718971977079,15895,0.764454230890217,0.6685583682558542,3.0796756060144514,3.062503932054105,0.7483402237328503,0.4705729503184557,"[""y@t"", ""avg_p_latency_1@t-1"", ""capacity_1@t+h"", ""y@t-1""]",4,50,5625000.0,1415,0.23001966744144467,1.9367661958400382,3.3672853098458635
"ar_order=2,capacity=True,n_bins=50,numeric=True,on_change=capchain,other_lags=2,pool=local,target=throughput_1",linear,4,133160,33558,0.8799690088801478,0.37891152307674897,2.833015702885406,1.9012391055582214,33464,0.8802892660769782,0.37513799972544376,2.8306252497861584,1.8962313024664816,94,0.7659574468085106,1.7222858361414133,3.684017006217473,3.684017006217473,4895,0.3515832482124617,1.7785742425029993,5.630769526416865,6.113310609221422,28663,0.9702054914000628,0.13988040241277463,2.3552218583406446,1.1819114004878737,15895,0.764454230890217,0.6685583682558542,3.0796756060144514,3.1236981956346606,0.7483402237328503,0.4705729503184557,"[""y@t"", ""avg_p_latency_1@t-1"", ""capacity_1@t+h"", ""y@t-1""]",4,50,5625000.0,1415,0.23001966744144467,1.9367661958400382,3.3672853098458635
"ar_order=2,capacity=True,n_bins=50,numeric=True,on_change=capchain,other_lags=2,pool=local,target=throughput_1",clg,4,133160,33558,0.8799690088801478,0.37891152307674897,2.833015702885406,1.8406330859760816,33464,0.8802892660769782,0.37513799972544376,2.8306252497861584,1.835455041256302,94,0.7659574468085106,1.7222858361414133,3.684017006217473,3.684017006217473,4895,0.3515832482124617,1.7785742425029993,5.630769526416865,5.303535855418502,28663,0.9702054914000628,0.13988040241277463,2.3552218583406446,1.249246662488636,15895,0.764454230890217,0.6685583682558542,3.0796756060144514,2.7390904677998322,0.7483402237328503,0.4705729503184557,"[""y@t"", ""avg_p_latency_1@t-1"", ""capacity_1@t+h"", ""y@t-1""]",4,50,5625000.0,1415,0.23001966744144467,1.9367661958400382,3.3672853098458635
"ar_order=2,capacity=True,n_bins=50,numeric=True,on_change=capchain,other_lags=2,pool=local,target=throughput_1",ar,4,133160,33558,0.8574706478336015,0.5193339528704077,3.433849297979318,2.321702561378923,33464,0.8591919674874492,0.4963876849986803,3.0987578145865395,1.9861174944507327,94,0.24468085106382978,8.688205315205373,122.72641738580846,121.78998638781451,4895,0.05107252298263534,2.5773173206785094,9.511589773072725,8.08420486542965,28663,0.9951854306946237,0.16787637392121688,2.3959070160973717,1.3375959159360766,15895,0.706826045926392,0.8797738783851913,3.7206231716326106,3.165648474786327,0.7412769549243158,0.4705729503184557,"[""y@t"", ""avg_p_latency_1@t-1"", ""capacity_1@t+h"", ""y@t-1""]",4,50,5625000.0,1415,0.23001966744144467,1.9367661958400382,3.3672853098458635
"ar_order=2,capacity=True,n_bins=50,numeric=True,on_change=capchain,other_lags=2,pool=local,target=throughput_1",persistence,4,133160,33558,0.8541331426187496,4.030450216415466,3.5036853262948986,1.9367661958400473,33464,0.8558450872579488,3.9831474379404535,3.167415035612036,1.599420272531685,94,0.24468085106382978,20.8702393535205,123.21590880939407,122.03191489361703,4895,0.0,27.631021115928544,10.374944376053215,8.854545454545455,28663,1.0,0.0,2.3302278009637423,0.7553640581935003,15895,0.6965083359547027,8.385784577743902,3.862051806949529,3.3672853098458635,0.7481885478569443,0.4705729503184557,"[""y@t"", ""avg_p_latency_1@t-1"", ""capacity_1@t+h"", ""y@t-1""]",4,50,5625000.0,1415,0.23001966744144467,1.9367661958400382,3.3672853098458635
"ar_order=2,capacity=True,n_bins=50,numeric=True,on_change=capchain,other_lags=2,pool=local,target=throughput_1",model,5,166718,33201,0.8831360501189723,0.31635251924673874,2.5501215399463417,1.8898010684500783,33108,0.8835024767427812,0.3143242637801734,2.5464592029715667,1.8835525041666312,93,0.7526881720430108,1.0384114653439982,3.853913502966299,4.114289953357308,4829,0.37481880306481674,1.338889975902876,4.126853620637963,4.124607666877704,28372,0.9696531791907514,0.14231355906795376,2.281756982718799,1.5094302428541737,17320,0.807621247113164,0.4831154505075803,2.4831667723780866,2.800990583782224,0.7183594252011348,0.5716932658106089,"[""y@t"", ""avg_p_latency_1@t"", ""capacity_1@t+h""]",3,50,112500.0,1044,0.11909279840968645,1.7716333845366103,2.7788683602771362
"ar_order=2,capacity=True,n_bins=50,numeric=True,on_change=capchain,other_lags=2,pool=local,target=throughput_1",cg_mean,5,166718,33201,0.8831360501189723,0.31635251924673874,2.5501215399463417,1.5127036557467908,33108,0.8835024767427812,0.3143242637801734,2.5464592029715667,1.5061272235916796,93,0.7526881720430108,1.0384114653439982,3.853913502966299,3.853913502966299,4829,0.37481880306481674,1.338889975902876,4.126853620637963,3.6413104570522146,28372,0.9696531791907514,0.14231355906795376,2.281756982718799,1.150408356032146,17320,0.807621247113164,0.4831154505075803,2.4831667723780866,2.3562310462111045,0.7183594252011348,0.5716932658106089,"[""y@t"", ""avg_p_latency_1@t"", ""capacity_1@t+h""]",3,50,112500.0,1044,0.11909279840968645,1.7716333845366103,2.7788683602771362
"ar_order=2,capacity=True,n_bins=50,numeric=True,on_change=capchain,other_lags=2,pool=local,target=throughput_1",cg_median,5,166718,33201,0.8831360501189723,0.31635251924673874,2.5501215399463417,1.3186775686207,33108,0.8835024767427812,0.3143242637801734,2.5464592029715667,1.3115561193669203,93,0.7526881720430108,1.0384114653439982,3.853913502966299,3.853913502966299,4829,0.37481880306481674,1.338889975902876,4.126853620637963,3.639228437055919,28372,0.9696531791907514,0.14231355906795376,2.281756982718799,0.9237128095739755,17320,0.807621247113164,0.4831154505075803,2.4831667723780866,2.323469976905312,0.7183594252011348,0.5716932658106089,"[""y@t"", ""avg_p_latency_1@t"", ""capacity_1@t+h""]",3,50,112500.0,1044,0.11909279840968645,1.7716333845366103,2.7788683602771362
"ar_order=2,capacity=True,n_bins=50,numeric=True,on_change=capchain,other_lags=2,pool=local,target=throughput_1",linear,5,166718,33201,0.8831360501189723,0.31635251924673874,2.5501215399463417,1.7173196784606857,33108,0.8835024767427812,0.3143242637801734,2.5464592029715667,1.7113180104143215,93,0.7526881720430108,1.0384114653439982,3.853913502966299,3.853913502966299,4829,0.37481880306481674,1.338889975902876,4.126853620637963,4.816347551869489,28372,0.9696531791907514,0.14231355906795376,2.281756982718799,1.1898557844563464,17320,0.807621247113164,0.4831154505075803,2.4831667723780866,2.7723545921090738,0.7183594252011348,0.5716932658106089,"[""y@t"", ""avg_p_latency_1@t"", ""capacity_1@t+h""]",3,50,112500.0,1044,0.11909279840968645,1.7716333845366103,2.7788683602771362
"ar_order=2,capacity=True,n_bins=50,numeric=True,on_change=capchain,other_lags=2,pool=local,target=throughput_1",clg,5,166718,33201,0.8831360501189723,0.31635251924673874,2.5501215399463417,1.4925676217339223,33108,0.8835024767427812,0.3143242637801734,2.5464592029715667,1.485934627685517,93,0.7526881720430108,1.0384114653439982,3.853913502966299,3.853913502966299,4829,0.37481880306481674,1.338889975902876,4.126853620637963,4.254299929190359,28372,0.9696531791907514,0.14231355906795376,2.281756982718799,1.0225124506953236,17320,0.807621247113164,0.4831154505075803,2.4831667723780866,2.4434243345503837,0.7183594252011348,0.5716932658106089,"[""y@t"", ""avg_p_latency_1@t"", ""capacity_1@t+h""]",3,50,112500.0,1044,0.11909279840968645,1.7716333845366103,2.7788683602771362
"ar_order=2,capacity=True,n_bins=50,numeric=True,on_change=capchain,other_lags=2,pool=local,target=throughput_1",ar,5,166718,33201,0.8593114665220927,0.4804837005371228,3.371401145750745,2.069302149475423,33108,0.8612722000724901,0.45827414043052644,3.0574160204824943,1.7522643181697566,93,0.16129032258064516,8.387087098485445,115.15010574124807,114.93477009429276,4829,0.060260923586663906,2.3532016326085508,8.488311919907323,6.320995091056038,28372,0.9953122797123924,0.161741458397939,2.5004874939672224,1.3456511832096405,17320,0.7368360277136259,0.7327937261690837,3.2229506579813165,2.612624180838303,0.7104769768113813,0.5716932658106089,"[""y@t"", ""avg_p_latency_1@t"", ""capacity_1@t+h""]",3,50,112500.0,1044,0.11909279840968645,1.7716333845366103,2.7788683602771362
"ar_order=2,capacity=True,n_bins=50,numeric=True,on_change=capchain,other_lags=2,pool=local,target=throughput_1",persistence,5,166718,33201,0.8545525737176591,4.0188609068648224,3.340142943671703,1.7716333845366201,33108,0.8564999395916395,3.9650531992804314,3.025945248712611,1.4537271958439144,93,0.16129032258064516,23.174404806907813,115.19452234910852,114.94623655913979,4829,0.0,27.63102111592855,9.187568645944722,6.979913025471117,28372,1.0,0.0,2.3448934471160703,0.8851684759622268,17320,0.7256928406466513,7.5793869123427555,3.3393447650779446,2.778868360277138,0.7212086770439315,0.5716932658106089,"[""y@t"", ""avg_p_latency_1@t"", ""capacity_1@t+h""]",3,50,112500.0,1044,0.11909279840968645,1.7716333845366103,2.7788683602771362
"ar_order=2,capacity=True,numeric=True,on_change=capchain,other_lags=2,pool=local,target=throughput_2",model,1,33200,33558,0.8532987663150366,0.47989830534792155,9.152758761895328,5.68216313507315,33464,0.853842935692087,0.47010104051592116,9.02123983912083,5.53525270499265,94,0.6595744680851063,3.9677245855400742,55.9734952696157,57.98227624373148,4275,0.1742690058479532,2.8253301997314297,25.16911009088485,22.75494835814749,29283,0.9524297373902947,0.13749071908662677,6.814545398120089,3.189721895150916,18778,0.7892746831398445,0.7184487080275932,10.44353053153336,7.764107832452806,0.7056777166469985,0.046303777024149895,"[""y@t"", ""y@t-1"", ""capacity_2@t+h"", ""capacity_2@t""]",4,20,160000.0,314,0.20209786042076405,4.466595148697777,7.246405367983811
"ar_order=2,capacity=True,numeric=True,on_change=capchain,other_lags=2,pool=local,target=throughput_2",cg_mean,1,33200,33558,0.8532987663150366,0.47989830534792155,9.152758761895328,5.0833298039779296,33464,0.853842935692087,0.47010104051592116,9.02123983912083,4.940379900984566,94,0.6595744680851063,3.9677245855400742,55.9734952696157,55.9734952696157,4275,0.1742690058479532,2.8253301997314297,25.16911009088485,21.628718980849698,29283,0.9524297373902947,0.13749071908662677,6.814545398120089,2.6678826595211866,18778,0.7892746831398445,0.7184487080275932,10.44353053153336,7.127771530371999,0.7056777166469985,0.046303777024149895,"[""y@t"", ""y@t-1"", ""capacity_2@t+h"", ""capacity_2@t""]",4,20,160000.0,314,0.20209786042076405,4.466595148697777,7.246405367983811
"ar_order=2,capacity=True,numeric=True,on_change=capchain,other_lags=2,pool=local,target=throughput_2",cg_median,1,33200,33558,0.8532987663150366,0.47989830534792155,9.152758761895328,4.793611316387863,33464,0.853842935692087,0.47010104051592116,9.02123983912083,4.649847597418121,94,0.6595744680851063,3.9677245855400742,55.9734952696157,55.9734952696157,4275,0.1742690058479532,2.8253301997314297,25.16911009088485,21.793067570629805,29283,0.9524297373902947,0.13749071908662677,6.814545398120089,2.3118753095960614,18778,0.7892746831398445,0.7184487080275932,10.44353053153336,7.172302694642667,0.7056777166469985,0.046303777024149895,"[""y@t"", ""y@t-1"", ""capacity_2@t+h"", ""capacity_2@t""]",4,20,160000.0,314,0.20209786042076405,4.466595148697777,7.246405367983811
"ar_order=2,capacity=True,numeric=True,on_change=capchain,other_lags=2,pool=local,target=throughput_2",linear,1,33200,33558,0.8532987663150366,0.47989830534792155,9.152758761895328,4.400662230224045,33464,0.853842935692087,0.47010104051592116,9.02123983912083,4.255794721686429,94,0.6595744680851063,3.9677245855400742,55.9734952696157,55.9734952696157,4275,0.1742690058479532,2.8253301997314297,25.16911009088485,20.444167672332295,29283,0.9524297373902947,0.13749071908662677,6.814545398120089,2.0584846608147367,18778,0.7892746831398445,0.7184487080275932,10.44353053153336,6.442136254090709,0.7056777166469985,0.046303777024149895,"[""y@t"", ""y@t-1"", ""capacity_2@t+h"", ""capacity_2@t""]",4,20,160000.0,314,0.20209786042076405,4.466595148697777,7.246405367983811
"ar_order=2,capacity=True,numeric=True,on_change=capchain,other_lags=2,pool=local,target=throughput_2",clg,1,33200,33558,0.8532987663150366,0.47989830534792155,9.152758761895328,4.391477213433447,33464,0.853842935692087,0.47010104051592116,9.02123983912083,4.246583904286868,94,0.6595744680851063,3.9677245855400742,55.9734952696157,55.9734952696157,4275,0.1742690058479532,2.8253301997314297,25.16911009088485,20.827696188265474,29283,0.9524297373902947,0.13749071908662677,6.814545398120089,1.9919677329359933,18778,0.7892746831398445,0.7184487080275932,10.44353053153336,6.602549951352966,0.7056777166469985,0.046303777024149895,"[""y@t"", ""y@t-1"", ""capacity_2@t+h"", ""capacity_2@t""]",4,20,160000.0,314,0.20209786042076405,4.466595148697777,7.246405367983811
"ar_order=2,capacity=True,numeric=True,on_change=capchain,other_lags=2,pool=local,target=throughput_2",ar,1,33200,33558,0.8498122653316645,0.5481988352159918,9.956096585131965,5.406788629485692,33464,0.8518407841262252,0.5303124094633225,9.574065501381881,5.010195089287265,94,0.1276595744680851,6.915766403166238,145.9591624001621,146.5940889401253,4275,0.051228070175438595,3.306476332748802,30.364949755614383,24.417875002434727,29283,0.9663968855650036,0.14552027420951133,6.976625653061741,2.631376470746589,18778,0.7795292363403984,0.8130507047725267,11.514029485258728,7.22651516508794,0.7030494456972053,0.046303777024149895,"[""y@t"", ""y@t-1"", ""capacity_2@t+h"", ""capacity_2@t""]",4,20,160000.0,314,0.20209786042076405,4.466595148697777,7.246405367983811
"ar_order=2,capacity=True,numeric=True,on_change=capchain,other_lags=2,pool=local,target=throughput_2",persistence,1,33200,33558,0.8726086179152512,3.5199539683710155,9.719627411789412,4.46659514869778,33464,0.8746712885488883,3.4629602725377815,9.335256128193167,4.066250298828596,94,0.13829787234042554,23.809709685002254,146.55580437205194,146.98936170212767,4275,0.0,27.631021115928547,31.87032507598323,25.603274853801175,29283,1.0,0.0,6.4858660992726405,1.380869446436503,18778,0.776653530727447,6.171291008637998,11.451023009935865,7.246405367983811,0.7504235668784474,0.046303777024149895,"[""y@t"", ""y@t-1"", ""capacity_2@t+h"", ""capacity_2@t""]",4,20,160000.0,314,0.20209786042076405,4.466595148697777,7.246405367983811
"ar_order=2,capacity=True,numeric=True,on_change=capchain,other_lags=2,pool=local,target=throughput_2",model,2,66758,33201,0.8831661696936839,0.3714859325842888,8.869003782983762,5.331618275346863,33108,0.8839555394466594,0.3669304846688355,8.72542834324018,5.1735224761117395,93,0.6021505376344086,1.9932253904856614,59.98186033169898,61.613722803050536,4117,0.30434782608695654,2.295609758900109,20.92198545595988,20.80271562387044,29084,0.9651010865080457,0.09911563300574967,7.162838002910779,3.1415994408030747,19649,0.8178024326937757,0.5715971227581064,9.661983432977278,7.386365631702828,0.814622506779954,0.09769912622869015,"[""y@t"", ""throughput_1@t"", ""throughput_1@t-1"", ""y@t-1""]",4,20,160000.0,706,0.09523809523809523,4.111472546007651,6.195277113339102
"ar_order=2,capacity=True,numeric=True,on_change=capchain,other_lags=2,pool=local,target=throughput_2",cg_mean,2,66758,33201,0.8831661696936839,0.3714859325842888,8.869003782983762,4.047001216414227,33108,0.8839555394466594,0.3669304846688355,8.72542834324018,3.8898808256409545,93,0.6021505376344086,1.9932253904856614,59.98186033169898,59.98186033169898,4117,0.30434782608695654,2.295609758900109,20.92198545595988,17.39115705951582,29084,0.9651010865080457,0.09911563300574967,7.162838002910779,2.1580626382939796,19649,0.8178024326937757,0.5715971227581064,9.661983432977278,5.73829083675391,0.814622506779954,0.09769912622869015,"[""y@t"", ""throughput_1@t"", ""throughput_1@t-1"", ""y@t-1""]",4,20,160000.0,706,0.09523809523809523,4.111472546007651,6.195277113339102
"ar_order=2,capacity=True,numeric=True,on_change=capchain,other_lags=2,pool=local,target=throughput_2",cg_median,2,66758,33201,0.8831661696936839,0.3714859325842888,8.869003782983762,3.6817208219887356,33108,0.8839555394466594,0.3669304846688355,8.72542834324018,3.5235743626917966,93,0.6021505376344086,1.9932253904856614,59.98186033169898,59.98186033169898,4117,0.30434782608695654,2.295609758900109,20.92198545595988,17.36772412631658,29084,0.9651010865080457,0.09911563300574967,7.162838002910779,1.7443918574749915,19649,0.8178024326937757,0.5715971227581064,9.661983432977278,5.7140821415848135,0.814622506779954,0.09769912622869015,"[""y@t"", ""throughput_1@t"", ""throughput_1@t-1"", ""y@t-1""]",4,20,160000.0,706,0.09523809523809523,4.111472546007651,6.195277113339102
"ar_order=2,capacity=True,numeric=True,on_change=capchain,other_lags=2,pool=local,target=throughput_2",linear,2,66758,33201,0.8831661696936839,0.3714859325842888,8.869003782983762,4.124398055468357,33108,0.8839555394466594,0.3669304846688355,8.72542834324018,3.967495071546362,93,0.6021505376344086,1.9932253904856614,59.98186033169898,59.98186033169898,4117,0.30434782608695654,2.295609758900109,20.92198545595988,17.795587998969086,29084,0.9651010865080457,0.09911563300574967,7.162838002910779,2.1891660035706644,19649,0.8178024326937757,0.5715971227581064,9.661983432977278,5.699425125916344,0.814622506779954,0.09769912622869015,"[""y@t"", ""throughput_1@t"", ""throughput_1@t-1"", ""y@t-1""]",4,20,160000.0,706,0.09523809523809523,4.111472546007651,6.195277113339102
"ar_order=2,capacity=True,numeric=True,on_change=capchain,other_lags=2,pool=local,target=throughput_2",clg,2,66758,33201,0.8831661696936839,0.3714859325842888,8.869003782983762,4.124398055468357,33108,0.8839555394466594,0.3669304846688355,8.72542834324018,3.967495071546362,93,0.6021505376344086,1.9932253904856614,59.98186033169898,59.98186033169898,4117,0.30434782608695654,2.295609758900109,20.92198545595988,17.795587998969086,29084,0.9651010865080457,0.09911563300574967,7.162838002910779,2.1891660035706644,19649,0.8178024326937757,0.5715971227581064,9.661983432977278,5.699425125916344,0.814622506779954,0.09769912622869015,"[""y@t"", ""throughput_1@t"", ""throughput_1@t-1"", ""y@t-1""]",4,20,160000.0,706,0.09523809523809523,4.111472546007651,6.195277113339102
"ar_order=2,capacity=True,numeric=True,on_change=capchain,other_lags=2,pool=local,target=throughput_2",ar,2,66758,33201,0.8759977109123219,0.49078183132824255,9.7235007335465,5.560604048466048,33108,0.8779147033949498,0.47277317711342864,9.307329275876086,5.13313460072164,93,0.1935483870967742,6.901862731802003,157.8805396642139,157.7397274454754,4117,0.0,3.0456494942958763,27.90598751134329,21.779472673943058,29084,1.0,0.12912627609382676,7.149669827749863,3.264734081092618,19649,0.7942897857397323,0.7002402799357631,10.312136336503231,6.589523035903207,0.7969321509035184,0.09769912622869015,"[""y@t"", ""throughput_1@t"", ""throughput_1@t-1"", ""y@t-1""]",4,20,160000.0,706,0.09523809523809523,4.111472546007651,6.195277113339102
"ar_order=2,capacity=True,numeric=True,on_change=capchain,other_lags=2,pool=local,target=throughput_2",persistence,2,66758,33201,0.8759977109123219,3.4263098682051094,9.100549665208444,4.111472546007658,33108,0.8779147033949498,3.3733414084385402,8.679049125788763,3.676785067053287,93,0.1935483870967742,22.283081545103663,159.1547416986148,158.86021505376345,4117,0.0,27.631021115928547,28.86161067216137,22.36288559630799,29084,1.0,0.0,6.303262903909269,1.52788474762757,19649,0.7942897857397323,5.683983273987643,10.216462576577973,6.195277113339102,0.7969321509035184,0.09769912622869015,"[""y@t"", ""throughput_1@t"", ""throughput_1@t-1"", ""y@t-1""]",4,20,160000.0,706,0.09523809523809523,4.111472546007651,6.195277113339102
"ar_order=2,capacity=True,numeric=True,on_change=capchain,other_lags=2,pool=local,target=throughput_2",model,3,99959,33201,0.9019005451643023,0.32147931473772057,7.735382753039486,4.73472251697064,33108,0.9027727437477346,0.31613037060471066,7.5967724802617695,4.582833378149068,93,0.5913978494623656,2.225703426089236,57.08063986190661,58.80725593745025,3500,0.16885714285714284,2.0442889879219073,22.321197870596674,20.94024551772192,29701,0.9882832227871116,0.11846144139525226,6.016573524008472,2.8250450481100127,19653,0.8404823691039536,0.4778191457503383,8.53156862859895,6.584308365883524,0.7651841779888051,0.15352588705718517,"[""y@t"", ""y@t-1"", ""buffer_size_2@t"", ""buffer_size_2@t-1""]",4,20,160000.0,1032,0.016174211620131922,4.102527032318304,6.254719381264946
"ar_order=2,capacity=True,numeric=True,on_change=capchain,other_lags=2,pool=local,target=throughput_2",cg_mean,3,99959,33201,0.9019005451643023,0.32147931473772057,7.735382753039486,4.15236437555137,33108,0.9027727437477346,0.31613037060471066,7.5967724802617695,4.003689444409923,93,0.5913978494623656,2.225703426089236,57.08063986190661,57.08063986190661,3500,0.16885714285714284,2.0442889879219073,22.321197870596674,20.48229139919091,29701,0.9882832227871116,0.11846144139525226,6.016573524008472,2.2280269935528385,19653,0.8404823691039536,0.4778191457503383,8.53156862859895,5.836920682458527,0.7651841779888051,0.15352588705718517,"[""y@t"", ""y@t-1"", ""buffer_size_2@t"", ""buffer_size_2@t-1""]",4,20,160000.0,1032,0.016174211620131922,4.102527032318304,6.254719381264946
"ar_order=2,capacity=True,numeric=True,on_change=capchain,other_lags=2,pool=local,target=throughput_2",cg_median,3,99959,33201,0.9019005451643023,0.32147931473772057,7.735382753039486,3.6662750973512033,33108,0.9027727437477346,0.31613037060471066,7.5967724802617695,3.5162347468889696,93,0.5913978494623656,2.225703426089236,57.08063986190661,57.08063986190661,3500,0.16885714285714284,2.0442889879219073,22.321197870596674,20.021821674627773,29701,0.9882832227871116,0.11846144139525226,6.016573524008472,1.738918677686277,19653,0.8404823691039536,0.4778191457503383,8.53156862859895,5.57998778812395,0.7651841779888051,0.15352588705718517,"[""y@t"", ""y@t-1"", ""buffer_size_2@t"", ""buffer_size_2@t-1""]",4,20,160000.0,1032,0.016174211620131922,4.102527032318304,6.254719381264946
"ar_order=2,capacity=True,numeric=True,on_change=capchain,other_lags=2,pool=local,target=throughput_2",linear,3,99959,33201,0.9019005451643023,0.32147931473772057,7.735382753039486,4.243669242452122,33108,0.9027727437477346,0.31613037060471066,7.5967724802617695,4.095250785655902,93,0.5913978494623656,2.225703426089236,57.08063986190661,57.08063986190661,3500,0.16885714285714284,2.0442889879219073,22.321197870596674,21.618291242536614,29701,0.9882832227871116,0.11846144139525226,6.016573524008472,2.196223802894675,19653,0.8404823691039536,0.4778191457503383,8.53156862859895,5.727130843409553,0.7651841779888051,0.15352588705718517,"[""y@t"", ""y@t-1"", ""buffer_size_2@t"", ""buffer_size_2@t-1""]",4,20,160000.0,1032,0.016174211620131922,4.102527032318304,6.254719381264946
"ar_order=2,capacity=True,numeric=True,on_change=capchain,other_lags=2,pool=local,target=throughput_2",clg,3,99959,33201,0.9019005451643023,0.32147931473772057,7.735382753039486,3.9873231056490988,33108,0.9027727437477346,0.31613037060471066,7.5967724802617695,3.8381845754348913,93,0.5913978494623656,2.225703426089236,57.08063986190661,57.08063986190661,3500,0.16885714285714284,2.0442889879219073,22.321197870596674,19.85469137886712,29701,0.9882832227871116,0.11846144139525226,6.016573524008472,2.117494178802761,19653,0.8404823691039536,0.4778191457503383,8.53156862859895,5.477101234956874,0.7651841779888051,0.15352588705718517,"[""y@t"", ""y@t-1"", ""buffer_size_2@t"", ""buffer_size_2@t-1""]",4,20,160000.0,1032,0.016174211620131922,4.102527032318304,6.254719381264946
"ar_order=2,capacity=True,numeric=True,on_change=capchain,other_lags=2,pool=local,target=throughput_2",ar,3,99959,33201,0.8945814885093822,0.41885881543315145,8.778723600207897,4.953960982265433,33108,0.8966412951552495,0.40057259960298786,8.404652399043284,4.568912615775351,93,0.16129032258064516,6.928751650971397,141.94807121481043,142.03117945273493,3500,0.0,2.9666861636405115,30.00701473922832,25.359379726958892,29701,1.0,0.11861991038868291,6.277157357099198,2.5493629685141412,19653,0.8258790006614766,0.5989582318852916,9.612419462747043,6.359075449737642,0.7641284796746538,0.15352588705718517,"[""y@t"", ""y@t-1"", ""buffer_size_2@t"", ""buffer_size_2@t-1""]",4,20,160000.0,1032,0.016174211620131922,4.102527032318304,6.254719381264946
"ar_order=2,capacity=True,numeric=True,on_change=capchain,other_lags=2,pool=local,target=throughput_2",persistence,3,99959,33201,0.8945814885093822,2.9128211170070153,8.68309947429087,4.102527032318313,33108,0.8966412951552495,2.8559065560803276,8.306290383399842,3.712818654101737,93,0.16129032258064516,23.174404806907813,142.82713583149646,142.83870967741936,3500,0.0,27.631021115928547,31.539917765352783,26.838571428571427,29701,1.0,0.0,5.989625718568278,1.4232854112656252,19653,0.8258790006614766,4.8111410094493205,9.790838984888415,6.254719381264946,0.7641284796746538,0.15352588705718517,"[""y@t"", ""y@t-1"", ""buffer_size_2@t"", ""buffer_size_2@t-1""]",4,20,160000.0,1032,0.016174211620131922,4.102527032318304,6.254719381264946
"ar_order=2,capacity=True,numeric=True,on_change=capchain,other_lags=2,pool=local,target=throughput_2",model,4,133160,33558,0.8932594314321474,0.3613791868483794,8.336728776920056,6.550030304261617,33464,0.8939756155868993,0.3580143758972159,8.235224529634264,6.440662600926018,94,0.6382978723404256,1.5592518854625603,44.47224081066254,45.48493269173487,3944,0.23427991886409735,2.0207781896134738,22.011585113453886,22.43775972925896,29614,0.9810224893631391,0.14038000852375132,6.515507955980993,4.434098486466334,18003,0.8116425040271066,0.5603962671517886,9.243813982274506,8.76600702528364,0.8795872714280726,0.20861190743744373,"[""y@t"", ""y@t-1"", ""capacity_2@t+h"", ""cores_2@t""]",4,20,48000.0,967,0.09297335955658859,4.073991298647118,6.843748264178193
"ar_order=2,capacity=True,numeric=True,on_change=capchain,other_lags=2,pool=local,target=throughput_2",cg_mean,4,133160,33558,0.8932594314321474,0.3613791868483794,8.336728776920056,5.82304432097442,33464,0.8939756155868993,0.3580143758972159,8.235224529634264,5.71447916229552,94,0.6382978723404256,1.5592518854625603,44.47224081066254,44.47224081066254,3944,0.23427991886409735,2.0207781896134738,22.011585113453886,20.44672570587418,29614,0.9810224893631391,0.14038000852375132,6.515507955980993,3.8754587404366787,18003,0.8116425040271066,0.5603962671517886,9.243813982274506,7.81871525627371,0.8795872714280726,0.20861190743744373,"[""y@t"", ""y@t-1"", ""capacity_2@t+h"", ""cores_2@t""]",4,20,48000.0,967,0.09297335955658859,4.073991298647118,6.843748264178193
"ar_order=2,capacity=True,numeric=True,on_change=capchain,other_lags=2,pool=local,target=throughput_2",cg_median,4,133160,33558,0.8932594314321474,0.3613791868483794,8.336728776920056,5.309237458615004,33464,0.8939756155868993,0.3580143758972159,8.235224529634264,5.199229022232847,94,0.6382978723404256,1.5592518854625603,44.47224081066254,44.47224081066254,3944,0.23427991886409735,2.0207781896134738,22.011585113453886,20.70978130363548,29614,0.9810224893631391,0.14038000852375132,6.515507955980993,3.2581891394159492,18003,0.8116425040271066,0.5603962671517886,9.243813982274506,7.931816919402322,0.8795872714280726,0.20861190743744373,"[""y@t"", ""y@t-1"", ""capacity_2@t+h"", ""cores_2@t""]",4,20,48000.0,967,0.09297335955658859,4.073991298647118,6.843748264178193
"ar_order=2,capacity=True,numeric=True,on_change=capchain,other_lags=2,pool=local,target=throughput_2",linear,4,133160,33558,0.8932594314321474,0.3613791868483794,8.336728776920056,4.470260636733023,33464,0.8939756155868993,0.3580143758972159,8.235224529634264,4.357895523884906,94,0.6382978723404256,1.5592518854625603,44.47224081066254,44.47224081066254,3944,0.23427991886409735,2.0207781896134738,22.011585113453886,19.946694002319365,29614,0.9810224893631391,0.14038000852375132,6.515507955980993,2.409105332016587,18003,0.8116425040271066,0.5603962671517886,9.243813982274506,6.336951128069349,0.8795872714280726,0.20861190743744373,"[""y@t"", ""y@t-1"", ""capacity_2@t+h"", ""cores_2@t""]",4,20,48000.0,967,0.09297335955658859,4.073991298647118,6.843748264178193
"ar_order=2,capacity=True,numeric=True,on_change=capchain,other_lags=2,pool=local,target=throughput_2",clg,4,133160,33558,0.8932594314321474,0.3613791868483794,8.336728776920056,5.094302827913136,33464,0.8939756155868993,0.3580143758972159,8.235224529634264,4.983690642568335,94,0.6382978723404256,1.5592518854625603,44.47224081066254,44.47224081066254,3944,0.23427991886409735,2.0207781896134738,22.011585113453886,20.732716932166444,29614,0.9810224893631391,0.14038000852375132,6.515507955980993,3.0115748875074146,18003,0.8116425040271066,0.5603962671517886,9.243813982274506,7.257317902829558,0.8795872714280726,0.20861190743744373,"[""y@t"", ""y@t-1"", ""capacity_2@t+h"", ""cores_2@t""]",4,20,48000.0,967,0.09297335955658859,4.073991298647118,6.843748264178193
"ar_order=2,capacity=True,numeric=True,on_change=capchain,other_lags=2,pool=local,target=throughput_2",ar,4,133160,33558,0.8824721377912867,0.45937741541946187,8.744059001898712,5.105349272592944,33464,0.8843533349270858,0.44340956718546504,8.367983671879987,4.7187706348860425,94,0.2127659574468085,6.143931386722338,142.62687648856502,142.72734429624964,3944,0.0,2.949029258466651,29.53465997532847,23.83327555475441,29614,1.0,0.12780495411811413,5.97516151290003,2.6111593199744254,18003,0.7850358273621063,0.7168085297955545,9.972256664644405,6.916488494834306,0.8723624556971108,0.20861190743744373,"[""y@t"", ""y@t-1"", ""capacity_2@t+h"", ""cores_2@t""]",4,20,48000.0,967,0.09297335955658859,4.073991298647118,6.843748264178193
"ar_order=2,capacity=True,numeric=True,on_change=capchain,other_lags=2,pool=local,target=throughput_2",persistence,4,133160,33558,0.8824721377912867,3.2474148423988973,8.455879292969122,4.073991298647126,33464,0.8843533349270858,3.1954354446164075,8.076290840048491,3.6818073153239377,94,0.2127659574468085,21.752080452965025,143.58936853271453,143.69148936170214,3944,0.0,27.631021115928547,31.115648072763648,25.07657200811359,29614,1.0,0.0,5.438045563398326,1.2768622948605468,18003,0.7850358273621063,5.93967959332575,10.081365814291624,6.843748264178194,0.8723624556971108,0.20861190743744373,"[""y@t"", ""y@t-1"", ""capacity_2@t+h"", ""cores_2@t""]",4,20,48000.0,967,0.09297335955658859,4.073991298647118,6.843748264178193
"ar_order=2,capacity=True,numeric=True,on_change=capchain,other_lags=2,pool=local,target=throughput_2",model,5,166718,33201,0.8992199030149695,0.3392469778400206,8.131789335372563,5.072630247865626,33108,0.8997221215416213,0.3373058278906735,8.024318001335335,4.953999427275854,93,0.7204301075268817,1.0302963598075978,46.391584252626416,47.305202377824486,3756,0.22603833865814696,2.339914366805611,26.17525549971192,25.40856985194087,29445,0.985090847342503,0.08404213107640175,5.8301673651481245,2.478580692664178,18944,0.8328230574324325,0.5447311989325787,9.34293645637819,7.52245094874115,0.8075910794409432,0.2533018384128809,"[""y@t"", ""y@t-1"", ""data_quality_2@t"", ""avg_p_latency_2@t""]",4,20,60000.0,937,0.032800216860937925,4.604499864461914,7.481999577702703
"ar_order=2,capacity=True,numeric=True,on_change=capchain,other_lags=2,pool=local,target=throughput_2",cg_mean,5,166718,33201,0.8992199030149695,0.3392469778400206,8.131789335372563,4.508317415051027,33108,0.8997221215416213,0.3373058278906735,8.024318001335335,4.390667789102782,93,0.7204301075268817,1.0302963598075978,46.391584252626416,46.391584252626416,3756,0.22603833865814696,2.339914366805611,26.17525549971192,23.92304824634423,29445,0.985090847342503,0.08404213107640175,5.8301673651481245,2.031777119505526,18944,0.8328230574324325,0.5447311989325787,9.34293645637819,6.763990060452767,0.8075910794409432,0.2533018384128809,"[""y@t"", ""y@t-1"", ""data_quality_2@t"", ""avg_p_latency_2@t""]",4,20,60000.0,937,0.032800216860937925,4.604499864461914,7.481999577702703
"ar_order=2,capacity=True,numeric=True,on_change=capchain,other_lags=2,pool=local,target=throughput_2",cg_median,5,166718,33201,0.8992199030149695,0.3392469778400206,8.131789335372563,3.988793028387526,33108,0.8997221215416213,0.3373058278906735,8.024318001335335,3.8696840642744954,93,0.7204301075268817,1.0302963598075978,46.391584252626416,46.391584252626416,3756,0.22603833865814696,2.339914366805611,26.17525549971192,23.359435648807825,29445,0.985090847342503,0.08404213107640175,5.8301673651481245,1.517876618732283,18944,0.8328230574324325,0.5447311989325787,9.34293645637819,6.572344805743243,0.8075910794409432,0.2533018384128809,"[""y@t"", ""y@t-1"", ""data_quality_2@t"", ""avg_p_latency_2@t""]",4,20,60000.0,937,0.032800216860937925,4.604499864461914,7.481999577702703
"ar_order=2,capacity=True,numeric=True,on_change=capchain,other_lags=2,pool=local,target=throughput_2",linear,5,166718,33201,0.8992199030149695,0.3392469778400206,8.131789335372563,4.780253896449665,33108,0.8997221215416213,0.3373058278906735,8.024318001335335,4.663368137022202,93,0.7204301075268817,1.0302963598075978,46.391584252626416,46.391584252626416,3756,0.22603833865814696,2.339914366805611,26.17525549971192,25.39897654865573,29445,0.985090847342503,0.08404213107640175,5.8301673651481245,2.1501325759644887,18944,0.8328230574324325,0.5447311989325787,9.34293645637819,6.9138033178835006,0.8075910794409432,0.2533018384128809,"[""y@t"", ""y@t-1"", ""data_quality_2@t"", ""avg_p_latency_2@t""]",4,20,60000.0,937,0.032800216860937925,4.604499864461914,7.481999577702703
"ar_order=2,capacity=True,numeric=True,on_change=capchain,other_lags=2,pool=local,target=throughput_2",clg,5,166718,33201,0.8992199030149695,0.3392469778400206,8.131789335372563,4.6400197107241725,33108,0.8997221215416213,0.3373058278906735,8.024318001335335,4.522740035044671,93,0.7204301075268817,1.0302963598075978,46.391584252626416,46.391584252626416,3756,0.22603833865814696,2.339914366805611,26.17525549971192,25.256318091686826,29445,0.985090847342503,0.08404213107640175,5.8301673651481245,2.010207629933012,18944,0.8328230574324325,0.5447311989325787,9.34293645637819,6.845109177583564,0.8075910794409432,0.2533018384128809,"[""y@t"", ""y@t-1"", ""data_quality_2@t"", ""avg_p_latency_2@t""]",4,20,60000.0,937,0.032800216860937925,4.604499864461914,7.481999577702703
"ar_order=2,capacity=True,numeric=True,on_change=capchain,other_lags=2,pool=local,target=throughput_2",ar,5,166718,33201,0.8868708773832114,0.4513358595706027,9.559971930780202,5.552942172571436,33108,0.8886069832064758,0.4369262829431522,9.249041873852075,5.234779339031526,93,0.26881720430107525,5.581145138942972,120.25107219719254,118.81891091277927,3756,0.0,3.0406723132989466,34.263776865957496,29.446839665481292,29445,1.0,0.12104047087290663,6.408758096970525,2.505040016573154,18944,0.8053209459459459,0.678230630396895,11.187390365425166,7.771031585267176,0.8003598686550253,0.2533018384128809,"[""y@t"", ""y@t-1"", ""data_quality_2@t"", ""avg_p_latency_2@t""]",4,20,60000.0,937,0.032800216860937925,4.604499864461914,7.481999577702703
"ar_order=2,capacity=True,numeric=True,on_change=capchain,other_lags=2,pool=local,target=throughput_2",persistence,5,166718,33201,0.8868708773832114,3.125873175850957,9.316355501720919,4.60449986446192,33108,0.8886069832064758,3.0779027991888515,9.001814550327069,4.281110305666311,93,0.26881720430107525,20.203327267560653,121.2929341979315,119.73118279569893,3756,0.0,27.631021115928547,35.63335118792465,30.195953141640043,29445,1.0,0.0,5.959363285813931,1.3400577347597304,18944,0.8053209459459459,5.379181053396563,11.119441613319783,7.481999577702703,0.8003598686550253,0.2533018384128809,"[""y@t"", ""y@t-1"", ""data_quality_2@t"", ""avg_p_latency_2@t""]",4,20,60000.0,937,0.032800216860937925,4.604499864461914,7.481999577702703
"ar_order=2,capacity=True,n_bins=50,numeric=True,on_change=capchain,other_lags=2,pool=local,target=throughput_2",model,1,33200,33558,0.7912271291495322,0.7272268149964985,5.416606354935747,4.862850093618194,33464,0.7918360028687544,0.713225775484185,5.281486378652028,4.724449879584568,94,0.574468085106383,5.711596881380121,53.519317911939645,54.13332628958937,6710,0.284053651266766,2.5300282366289073,15.760665576958594,15.007736302073223,26848,0.9179827175208581,0.2766607564761819,2.8313621140323915,2.3273842690229447,18778,0.7156779209713494,1.0543382443096707,6.864550874543857,6.744874703961963,0.530405711003504,0.07516970671713352,"[""y@t"", ""throughput_1@t"", ""throughput_1@t-1""]",3,50,125000.0,597,0.2927170868347339,4.466595148697777,7.246405367983811
"ar_order=2,capacity=True,n_bins=50,numeric=True,on_change=capchain,other_lags=2,pool=local,target=throughput_2",cg_mean,1,33200,33558,0.7912271291495322,0.7272268149964985,5.416606354935747,4.7912068480765635,33464,0.7918360028687544,0.713225775484185,5.281486378652028,4.654330131605039,94,0.574468085106383,5.711596881380121,53.519317911939645,53.519317911939645,6710,0.284053651266766,2.5300282366289073,15.760665576958594,14.811223870443493,26848,0.9179827175208581,0.2766607564761819,2.8313621140323915,2.2869490180675474,18778,0.7156779209713494,1.0543382443096707,6.864550874543857,6.676618692851187,0.530405711003504,0.07516970671713352,"[""y@t"", ""throughput_1@t"", ""throughput_1@t-1""]",3,50,125000.0,597,0.2927170868347339,4.466595148697777,7.246405367983811
"ar_order=2,capacity=True,n_bins=50,numeric=True,on_change=capchain,other_lags=2,pool=local,target=throughput_2",cg_median,1,33200,33558,0.7912271291495322,0.7272268149964985,5.416606354935747,4.400554737580378,33464,0.7918360028687544,0.713225775484185,5.281486378652028,4.262580683719818,94,0.574468085106383,5.711596881380121,53.519317911939645,53.519317911939645,6710,0.284053651266766,2.5300282366289073,15.760665576958594,14.217438419001503,26848,0.9179827175208581,0.2766607564761819,2.8313621140323915,1.9470651107055363,18778,0.7156779209713494,1.0543382443096707,6.864550874543857,6.297209500479284,0.530405711003504,0.07516970671713352,"[""y@t"", ""throughput_1@t"", ""throughput_1@t-1""]",3,50,125000.0,597,0.2927170868347339,4.466595148697777,7.246405367983811
"ar_order=2,capacity=True,n_bins=50,numeric=True,on_change=capchain,other_lags=2,pool=local,target=throughput_2",linear,1,33200,33558,0.7912271291495322,0.7272268149964985,5.416606354935747,4.5394620331349085,33464,0.7918360028687544,0.713225775484185,5.281486378652028,4.401878168306805,94,0.574468085106383,5.711596881380121,53.519317911939645,53.519317911939645,6710,0.284053651266766,2.5300282366289073,15.760665576958594,16.964448679246594,26848,0.9179827175208581,0.2766607564761819,2.8313621140323915,1.4341409516610775,18778,0.7156779209713494,1.0543382443096707,6.864550874543857,7.177404671949732,0.530405711003504,0.07516970671713352,"[""y@t"", ""throughput_1@t"", ""throughput_1@t-1""]",3,50,125000.0,597,0.2927170868347339,4.466595148697777,7.246405367983811
"ar_order=2,capacity=True,n_bins=50,numeric=True,on_change=capchain,other_lags=2,pool=local,target=throughput_2",clg,1,33200,33558,0.7912271291495322,0.7272268149964985,5.416606354935747,4.5394620331349085,33464,0.7918360028687544,0.713225775484185,5.281486378652028,4.401878168306805,94,0.574468085106383,5.711596881380121,53.519317911939645,53.519317911939645,6710,0.284053651266766,2.5300282366289073,15.760665576958594,16.964448679246594,26848,0.9179827175208581,0.2766607564761819,2.8313621140323915,1.4341409516610775,18778,0.7156779209713494,1.0543382443096707,6.864550874543857,7.177404671949732,0.530405711003504,0.07516970671713352,"[""y@t"", ""throughput_1@t"", ""throughput_1@t-1""]",3,50,125000.0,597,0.2927170868347339,4.466595148697777,7.246405367983811
"ar_order=2,capacity=True,n_bins=50,numeric=True,on_change=capchain,other_lags=2,pool=local,target=throughput_2",ar,1,33200,33558,0.7249836104654628,0.8586614353372574,6.074177988832274,5.171411584232372,33464,0.7268109012670332,0.8336515962487204,5.680919679407808,4.77620487574501,94,0.07446808510638298,9.762164150856425,146.07413614394275,145.86499980573325,6710,0.07958271236959762,2.9015370516234094,18.504194782543536,16.884909624944804,26848,0.8862857568533969,0.3480947121072186,2.96759974517157,2.24390965287136,18778,0.6481520928746405,1.1891890324065189,7.514266482922642,6.8110806446252266,0.4468836915259471,0.07516970671713352,"[""y@t"", ""throughput_1@t"", ""throughput_1@t-1""]",3,50,125000.0,597,0.2927170868347339,4.466595148697777,7.246405367983811
"ar_order=2,capacity=True,n_bins=50,numeric=True,on_change=capchain,other_lags=2,pool=local,target=throughput_2",persistence,1,33200,33558,0.8000476786459264,5.524886813513336,5.770988685706843,4.466595148697782,33464,0.8020260578532153,5.470222175861422,5.373380581178017,4.066250298828598,94,0.09574468085106383,24.985497817594958,147.31947389796898,146.98936170212767,6710,0.0,27.63102111592855,20.266489597584005,18.572727272727274,26848,1.0,0.0,2.148193277531346,0.9411129320619843,18778,0.6471935243369901,9.748403178880958,7.842024205037219,7.246405367983811,0.5826109111866771,0.07516970671713352,"[""y@t"", ""throughput_1@t"", ""throughput_1@t-1""]",3,50,125000.0,597,0.2927170868347339,4.466595148697777,7.246405367983811
"ar_order=2,capacity=True,n_bins=50,numeric=True,on_change=capchain,other_lags=2,pool=local,target=throughput_2",model,2,66758,33201,0.7965723923978193,0.8252062283121154,7.253891131156257,6.56487654774686,33108,0.7972997462848859,0.8162246238167915,7.1207090259536026,6.4292090043739725,93,0.5376344086021505,4.022657428647386,54.66672058330132,54.862521988495224,6950,0.35467625899280575,2.1712491108701846,12.618090280653352,12.217147940656881,26251,0.9135651975162851,0.46883892673203914,5.833709648964918,5.068427415114785,19649,0.7542368568374981,0.8746130668773608,5.885180463837965,5.782237831839278,0.5385903674667215,0.14850915037095547,"[""y@t"", ""throughput_1@t"", ""throughput_1@t-1""]",3,50,125000.0,986,0.2653534532092407,4.111472546007651,6.195277113339102
"ar_order=2,capacity=True,n_bins=50,numeric=True,on_change=capchain,other_lags=2,pool=local,target=throughput_2",cg_mean,2,66758,33201,0.7965723923978193,0.8252062283121154,7.253891131156257,6.21654796378245,33108,0.7972997462848859,0.8162246238167915,7.1207090259536026,6.080451973278184,93,0.5376344086021505,4.022657428647386,54.66672058330132,54.66672058330132,6950,0.35467625899280575,2.1712491108701846,12.618090280653352,11.924338599714872,26251,0.9135651975162851,0.46883892673203914,5.833709648964918,4.705400010571894,19649,0.7542368568374981,0.8746130668773608,5.885180463837965,5.606279744845734,0.5385903674667215,0.14850915037095547,"[""y@t"", ""throughput_1@t"", ""throughput_1@t-1""]",3,50,125000.0,986,0.2653534532092407,4.111472546007651,6.195277113339102
"ar_order=2,capacity=True,n_bins=50,numeric=True,on_change=capchain,other_lags=2,pool=local,target=throughput_2",cg_median,2,66758,33201,0.7965723923978193,0.8252062283121154,7.253891131156257,5.753456372225145,33108,0.7972997462848859,0.8162246238167915,7.1207090259536026,5.6160595626434695,93,0.5376344086021505,4.022657428647386,54.66672058330132,54.66672058330132,6950,0.35467625899280575,2.1712491108701846,12.618090280653352,11.78231274945378,26251,0.9135651975162851,0.46883892673203914,5.833709648964918,4.157305679994791,19649,0.7542368568374981,0.8746130668773608,5.885180463837965,5.491475393149779,0.5385903674667215,0.14850915037095547,"[""y@t"", ""throughput_1@t"", ""throughput_1@t-1""]",3,50,125000.0,986,0.2653534532092407,4.111472546007651,6.195277113339102
"ar_order=2,capacity=True,n_bins=50,numeric=True,on_change=capchain,other_lags=2,pool=local,target=throughput_2",linear,2,66758,33201,0.7965723923978193,0.8252062283121154,7.253891131156257,4.345396614549467,33108,0.7972997462848859,0.8162246238167915,7.1207090259536026,4.204044580929378,93,0.5376344086021505,4.022657428647386,54.66672058330132,54.66672058330132,6950,0.35467625899280575,2.1712491108701846,12.618090280653352,14.13833531079974,26251,0.9135651975162851,0.46883892673203914,5.833709648964918,1.7526982815739847,19649,0.7542368568374981,0.8746130668773608,5.885180463837965,6.259971325306417,0.5385903674667215,0.14850915037095547,"[""y@t"", ""throughput_1@t"", ""throughput_1@t-1""]",3,50,125000.0,986,0.2653534532092407,4.111472546007651,6.195277113339102
"ar_order=2,capacity=True,n_bins=50,numeric=True,on_change=capchain,other_lags=2,pool=local,target=throughput_2",clg,2,66758,33201,0.7965723923978193,0.8252062283121154,7.253891131156257,4.345396614549467,33108,0.7972997462848859,0.8162246238167915,7.1207090259536026,4.204044580929378,93,0.5376344086021505,4.022657428647386,54.66672058330132,54.66672058330132,6950,0.35467625899280575,2.1712491108701846,12.618090280653352,14.13833531079974,26251,0.9135651975162851,0.46883892673203914,5.833709648964918,1.7526982815739847,19649,0.7542368568374981,0.8746130668773608,5.885180463837965,6.259971325306417,0.5385903674667215,0.14850915037095547,"[""y@t"", ""throughput_1@t"", ""throughput_1@t-1""]",3,50,125000.0,986,0.2653534532092407,4.111472546007651,6.195277113339102
"ar_order=2,capacity=True,n_bins=50,numeric=True,on_change=capchain,other_lags=2,pool=local,target=throughput_2",ar,2,66758,33201,0.7407608204572151,0.9905157735962562,7.9072305359541275,7.108113650551962,33108,0.742388546574846,0.9679385638208007,7.489777308693848,6.689118593885972,93,0.16129032258064516,9.028002453658374,156.52057944061372,156.27035382364392,6950,0.029496402877697843,2.661761264833867,15.909013445737827,14.477409889579976,26251,0.929069368785951,0.548050489831775,5.788743955519222,5.157079066679169,19649,0.6537228357677235,1.0534801132369322,6.548141598249602,6.009168193688505,0.49143698511688955,0.14850915037095547,"[""y@t"", ""throughput_1@t"", ""throughput_1@t-1""]",3,50,125000.0,986,0.2653534532092407,4.111472546007651,6.195277113339102
"ar_order=2,capacity=True,n_bins=50,numeric=True,on_change=capchain,other_lags=2,pool=local,target=throughput_2",persistence,2,66758,33201,0.7906689557543447,5.784030503771072,5.2874135370239586,4.111472546007654,33108,0.7924368732632596,5.7351811377510264,4.855027785041241,3.6767850670532836,93,0.16129032258064516,23.174404806907813,159.2167412428715,158.86021505376345,6950,0.0,27.631021115928544,17.38473178869051,15.850935251798564,26251,1.0,0.0,2.0846265251355542,1.0034284408213066,19649,0.6502620998524098,9.663615304018576,6.643009034336141,6.195277113339102,0.5907587098184529,0.14850915037095547,"[""y@t"", ""throughput_1@t"", ""throughput_1@t-1""]",3,50,125000.0,986,0.2653534532092407,4.111472546007651,6.195277113339102
"ar_order=2,capacity=True,n_bins=50,numeric=True,on_change=capchain,other_lags=2,pool=local,target=throughput_2",model,3,99959,33201,0.8335291105689587,0.551934972058491,5.033874030640092,4.1495728750671494,33108,0.8343300712818654,0.540406871009728,4.901031949233957,4.012311481449431,93,0.5483870967741935,4.65593894541811,52.32565501122413,53.01462900297497,6707,0.20411510362308036,2.2441386049636063,13.560473861422553,12.89158505414805,26494,0.9928663093530611,0.12355081844278132,2.875351155081175,1.9365180066027565,19653,0.726199562407775,0.8377326926675183,5.931372297397036,5.635145577117913,0.6083527923293802,0.2388650979846716,"[""y@t"", ""throughput_1@t"", ""buffer_size_2@t-1"", ""throughput_1@t-1""]",4,50,6250000.0,5241,0.3532724917924159,4.102527032318304,6.254719381264946
"ar_order=2,capacity=True,n_bins=50,numeric=True,on_change=capchain,other_lags=2,pool=local,target=throughput_2",cg_mean,3,99959,33201,0.8335291105689587,0.551934972058491,5.033874030640092,4.013131666223559,33108,0.8343300712818654,0.540406871009728,4.901031949233957,3.8774223309847944,93,0.5483870967741935,4.65593894541811,52.32565501122413,52.32565501122413,6707,0.20411510362308036,2.2441386049636063,13.560473861422553,12.574637014946441,26494,0.9928663093530611,0.12355081844278132,2.875351155081175,1.8457724009603171,19653,0.726199562407775,0.8377326926675183,5.931372297397036,5.493590843799781,0.6083527923293802,0.2388650979846716,"[""y@t"", ""throughput_1@t"", ""buffer_size_2@t-1"", ""throughput_1@t-1""]",4,50,6250000.0,5241,0.3532724917924159,4.102527032318304,6.254719381264946
"ar_order=2,capacity=True,n_bins=50,numeric=True,on_change=capchain,other_lags=2,pool=local,target=throughput_2",cg_median,3,99959,33201,0.8335291105689587,0.551934972058491,5.033874030640092,3.6337545831765263,33108,0.8343300712818654,0.540406871009728,4.901031949233957,3.4969795819741454,93,0.5483870967741935,4.65593894541811,52.32565501122413,52.32565501122413,6707,0.20411510362308036,2.2441386049636063,13.560473861422553,12.997233053833039,26494,0.9928663093530611,0.12355081844278132,2.875351155081175,1.2633744932432116,19653,0.726199562407775,0.8377326926675183,5.931372297397036,5.611916755711596,0.6083527923293802,0.2388650979846716,"[""y@t"", ""throughput_1@t"", ""buffer_size_2@t-1"", ""throughput_1@t-1""]",4,50,6250000.0,5241,0.3532724917924159,4.102527032318304,6.254719381264946
"ar_order=2,capacity=True,n_bins=50,numeric=True,on_change=capchain,other_lags=2,pool=local,target=throughput_2",linear,3,99959,33201,0.8335291105689587,0.551934972058491,5.033874030640092,4.6318102342174345,33108,0.8343300712818654,0.540406871009728,4.901031949233957,4.4978387601247185,93,0.5483870967741935,4.65593894541811,52.32565501122413,52.32565501122413,6707,0.20411510362308036,2.2441386049636063,13.560473861422553,14.807936966333063,26494,0.9928663093530611,0.12355081844278132,2.875351155081175,2.0557068903546907,19653,0.726199562407775,0.8377326926675183,5.931372297397036,6.432379569581286,0.6083527923293802,0.2388650979846716,"[""y@t"", ""throughput_1@t"", ""buffer_size_2@t-1"", ""throughput_1@t-1""]",4,50,6250000.0,5241,0.3532724917924159,4.102527032318304,6.254719381264946
"ar_order=2,capacity=True,n_bins=50,numeric=True,on_change=capchain,other_lags=2,pool=local,target=throughput_2",clg,3,99959,33201,0.8335291105689587,0.551934972058491,5.033874030640092,3.7153694156496244,33108,0.8343300712818654,0.540406871009728,4.901031949233957,3.57882366959464,93,0.5483870967741935,4.65593894541811,52.32565501122413,52.32565501122413,6707,0.20411510362308036,2.2441386049636063,13.560473861422553,11.400127939216304,26494,0.9928663093530611,0.12355081844278132,2.875351155081175,1.7699600619256974,19653,0.726199562407775,0.8377326926675183,5.931372297397036,4.972414104107909,0.6083527923293802,0.2388650979846716,"[""y@t"", ""throughput_1@t"", ""buffer_size_2@t-1"", ""throughput_1@t-1""]",4,50,6250000.0,5241,0.3532724917924159,4.102527032318304,6.254719381264946
"ar_order=2,capacity=True,n_bins=50,numeric=True,on_change=capchain,other_lags=2,pool=local,target=throughput_2",ar,3,99959,33201,0.7982590885816693,0.7234182158119479,5.8869956294859715,4.727668205200305,33108,0.8001993475897065,0.6998999601147378,5.50727743519191,4.344710304415326,93,0.10752688172043011,9.095917244018755,141.06667279817148,141.06068088465298,6707,0.013717012076934546,2.6899469277354795,16.216841551862473,14.621116091160156,26494,0.99686721521854,0.225588213891848,3.2719780178992277,2.2231254796347915,19653,0.6667175494835395,1.0211487943663882,6.557772133477217,5.736226098983566,0.5631465913487613,0.2388650979846716,"[""y@t"", ""throughput_1@t"", ""buffer_size_2@t-1"", ""throughput_1@t-1""]",4,50,6250000.0,5241,0.3532724917924159,4.102527032318304,6.254719381264946
"ar_order=2,capacity=True,n_bins=50,numeric=True,on_change=capchain,other_lags=2,pool=local,target=throughput_2",persistence,3,99959,33201,0.7979880124092648,5.581797494790301,5.442708581225563,4.102527032318311,33108,0.7999275099673795,5.528207196807741,5.05673966043922,3.7128186541017354,93,0.10752688172043011,24.659943576581387,142.84764438116386,142.83870967741936,6707,0.0,27.63102111592855,17.999977941069165,16.351572983450126,26494,1.0,0.0,2.2638150356502993,1.0016607533781319,19653,0.6629522210349565,9.312974297659935,6.887811498417074,6.254719381264946,0.5909784422076924,0.2388650979846716,"[""y@t"", ""throughput_1@t"", ""buffer_size_2@t-1"", ""throughput_1@t-1""]",4,50,6250000.0,5241,0.3532724917924159,4.102527032318304,6.254719381264946
"ar_order=2,capacity=True,n_bins=50,numeric=True,on_change=capchain,other_lags=2,pool=local,target=throughput_2",model,4,133160,33558,0.8504976458668574,0.4872323192404143,5.167439267655491,4.277469604920967,33464,0.8512431269423858,0.47797840002230985,5.068667229098557,4.174951839937518,94,0.5851063829787234,3.7816275608856342,40.33028499392421,40.77379393902895,6197,0.25512344682911087,2.1387014246085707,14.233989848664883,13.400668189454375,27361,0.9853441029202149,0.11319065241659705,3.113953870538602,2.2111539867654346,18003,0.7332666777759262,0.8070665802734127,6.272994395539549,5.935673873687526,0.6211399175869156,0.4768104236572981,"[""y@t"", ""throughput_1@t"", ""throughput_1@t-1"", ""buffer_size_2@t""]",4,50,6250000.0,6580,0.29086953930508375,4.073991298647118,6.843748264178193
"ar_order=2,capacity=True,n_bins=50,numeric=True,on_change=capchain,other_lags=2,pool=local,target=throughput_2",cg_mean,4,133160,33558,0.8504976458668574,0.4872323192404143,5.167439267655491,4.134415913979632,33464,0.8512431269423858,0.47797840002230985,5.068667229098557,4.032742124429226,94,0.5851063829787234,3.7816275608856342,40.33028499392421,40.33028499392421,6197,0.25512344682911087,2.1387014246085707,14.233989848664883,13.112232045862521,27361,0.9853441029202149,0.11319065241659705,3.113953870538602,2.1010280053038435,18003,0.7332666777759262,0.8070665802734127,6.272994395539549,5.733962808320571,0.6211399175869156,0.4768104236572981,"[""y@t"", ""throughput_1@t"", ""throughput_1@t-1"", ""buffer_size_2@t""]",4,50,6250000.0,6580,0.29086953930508375,4.073991298647118,6.843748264178193
"ar_order=2,capacity=True,n_bins=50,numeric=True,on_change=capchain,other_lags=2,pool=local,target=throughput_2",cg_median,4,133160,33558,0.8504976458668574,0.4872323192404143,5.167439267655491,3.4039289227435745,33464,0.8512431269423858,0.47797840002230985,5.068667229098557,3.3002032034425053,94,0.5851063829787234,3.7816275608856342,40.33028499392421,40.33028499392421,6197,0.25512344682911087,2.1387014246085707,14.233989848664883,13.22697665298169,27361,0.9853441029202149,0.11319065241659705,3.113953870538602,1.1791042897153372,18003,0.7332666777759262,0.8070665802734127,6.272994395539549,5.724490362717325,0.6211399175869156,0.4768104236572981,"[""y@t"", ""throughput_1@t"", ""throughput_1@t-1"", ""buffer_size_2@t""]",4,50,6250000.0,6580,0.29086953930508375,4.073991298647118,6.843748264178193
"ar_order=2,capacity=True,n_bins=50,numeric=True,on_change=capchain,other_lags=2,pool=local,target=throughput_2",linear,4,133160,33558,0.8504976458668574,0.4872323192404143,5.167439267655491,4.60919733475342,33464,0.8512431269423858,0.47797840002230985,5.068667229098557,4.508857200879344,94,0.5851063829787234,3.7816275608856342,40.33028499392421,40.33028499392421,6197,0.25512344682911087,2.1387014246085707,14.233989848664883,16.152130280599078,27361,0.9853441029202149,0.11319065241659705,3.113953870538602,1.9948354523147087,18003,0.7332666777759262,0.8070665802734127,6.272994395539549,7.002945587725283,0.6211399175869156,0.4768104236572981,"[""y@t"", ""throughput_1@t"", ""throughput_1@t-1"", ""buffer_size_2@t""]",4,50,6250000.0,6580,0.29086953930508375,4.073991298647118,6.843748264178193
"ar_order=2,capacity=True,n_bins=50,numeric=True,on_change=capchain,other_lags=2,pool=local,target=throughput_2",clg,4,133160,33558,0.8504976458668574,0.4872323192404143,5.167439267655491,3.494261302835311,33464,0.8512431269423858,0.47797840002230985,5.068667229098557,3.3907893261749487,94,0.5851063829787234,3.7816275608856342,40.33028499392421,40.33028499392421,6197,0.25512344682911087,2.1387014246085707,14.233989848664883,11.419514863735316,27361,0.9853441029202149,0.11319065241659705,3.113953870538602,1.6992685643792116,18003,0.7332666777759262,0.8070665802734127,6.272994395539549,4.9972746115507745,0.6211399175869156,0.4768104236572981,"[""y@t"", ""throughput_1@t"", ""throughput_1@t-1"", ""buffer_size_2@t""]",4,50,6250000.0,6580,0.29086953930508375,4.073991298647118,6.843748264178193
"ar_order=2,capacity=True,n_bins=50,numeric=True,on_change=capchain,other_lags=2,pool=local,target=throughput_2",ar,4,133160,33558,0.8192979319387329,0.6708938401554086,5.6970826782558746,4.7157537361043245,33464,0.8212108534544585,0.6486964580487107,5.312758253346222,4.328167023989015,94,0.13829787234042554,8.57316187013993,142.51657794609233,142.69662324915453,6197,0.039373890592222044,2.6777324905965076,17.51787994661635,15.732495448113767,27361,0.9959431307335258,0.21636443272207326,3.0197872332052604,2.220569042952666,18003,0.6695550741543076,1.0075808730711406,6.955515986565466,6.112356956354598,0.575623308740511,0.4768104236572981,"[""y@t"", ""throughput_1@t"", ""throughput_1@t-1"", ""buffer_size_2@t""]",4,50,6250000.0,6580,0.29086953930508375,4.073991298647118,6.843748264178193
"ar_order=2,capacity=True,n_bins=50,numeric=True,on_change=capchain,other_lags=2,pool=local,target=throughput_2",persistence,4,133160,33558,0.8153346444960963,5.102492337308815,5.508234022440765,4.073991298647129,33464,0.8172364331819268,5.049943973972597,5.119888542229216,3.6818073153239403,94,0.13829787234042554,23.809709685002257,143.759224977752,143.69148936170214,6197,0.0,27.63102111592855,19.875016365443468,18.037760206551553,27361,1.0,0.0,2.2542977562374915,0.9113336500859012,18003,0.660278842415153,9.386842478754595,7.571841111555373,6.843748264178193,0.5931150440263647,0.4768104236572981,"[""y@t"", ""throughput_1@t"", ""throughput_1@t-1"", ""buffer_size_2@t""]",4,50,6250000.0,6580,0.29086953930508375,4.073991298647118,6.843748264178193
"ar_order=2,capacity=True,n_bins=50,numeric=True,on_change=capchain,other_lags=2,pool=local,target=throughput_2",model,5,166718,33201,0.8774735700731906,0.4342574843764315,5.002607043237147,4.305483991849674,33108,0.8780657242962426,0.428664050258536,4.8952602290858644,4.195095413840388,93,0.6666666666666666,2.425520030347272,43.21807288109413,43.60381776315528,5453,0.3513662204291216,2.0622151710971335,17.560095278198652,17.26965002239091,27748,0.9808634856566238,0.11433340820200504,2.5348261817247826,1.7577833516398802,18944,0.7975084459459459,0.6915699084759613,6.471536386261318,6.368382166588525,0.6328984426685684,0.5479440800845623,"[""y@t"", ""throughput_1@t"", ""throughput_1@t-1""]",3,50,125000.0,2030,0.09831029185867896,4.604499864461914,7.481999577702703
"ar_order=2,capacity=True,n_bins=50,numeric=True,on_change=capchain,other_lags=2,pool=local,target=throughput_2",cg_mean,5,166718,33201,0.8774735700731906,0.4342574843764315,5.002607043237147,4.161645081397416,33108,0.8780657242962426,0.428664050258536,4.8952602290858644,4.051936014544336,93,0.6666666666666666,2.425520030347272,43.21807288109413,43.21807288109413,5453,0.3513662204291216,2.0622151710971335,17.560095278198652,16.92591185711567,27748,0.9808634856566238,0.11433340820200504,2.5348261817247826,1.6532283764820486,18944,0.7975084459459459,0.6915699084759613,6.471536386261318,6.200897295895253,0.6328984426685684,0.5479440800845623,"[""y@t"", ""throughput_1@t"", ""throughput_1@t-1""]",3,50,125000.0,2030,0.09831029185867896,4.604499864461914,7.481999577702703
"ar_order=2,capacity=True,n_bins=50,numeric=True,on_change=capchain,other_lags=2,pool=local,target=throughput_2",cg_median,5,166718,33201,0.8774735700731906,0.4342574843764315,5.002607043237147,3.831308718952494,33108,0.8780657242962426,0.428664050258536,4.8952602290858644,3.72067174096895,93,0.6666666666666666,2.425520030347272,43.21807288109413,43.21807288109413,5453,0.3513662204291216,2.0622151710971335,17.560095278198652,16.786916658240457,27748,0.9808634856566238,0.11433340820200504,2.5348261817247826,1.2852899034365186,18944,0.7975084459459459,0.6915699084759613,6.471536386261318,6.154323268581081,0.6328984426685684,0.5479440800845623,"[""y@t"", ""throughput_1@t"", ""throughput_1@t-1""]",3,50,125000.0,2030,0.09831029185867896,4.604499864461914,7.481999577702703
"ar_order=2,capacity=True,n_bins=50,numeric=True,on_change=capchain,other_lags=2,pool=local,target=throughput_2",linear,5,166718,33201,0.8774735700731906,0.4342574843764315,5.002607043237147,4.910656417371116,33108,0.8780657242962426,0.428664050258536,4.8952602290858644,4.803051314944927,93,0.6666666666666666,2.425520030347272,43.21807288109413,43.21807288109413,5453,0.3513662204291216,2.0622151710971335,17.560095278198652,21.360649682015474,27748,0.9808634856566238,0.11433340820200504,2.5348261817247826,1.6779256521950427,18944,0.7975084459459459,0.6915699084759613,6.471536386261318,7.553470207653756,0.6328984426685684,0.5479440800845623,"[""y@t"", ""throughput_1@t"", ""throughput_1@t-1""]",3,50,125000.0,2030,0.09831029185867896,4.604499864461914,7.481999577702703
"ar_order=2,capacity=True,n_bins=50,numeric=True,on_change=capchain,other_lags=2,pool=local,target=throughput_2",clg,5,166718,33201,0.8774735700731906,0.4342574843764315,5.002607043237147,4.910656417371116,33108,0.8780657242962426,0.428664050258536,4.8952602290858644,4.803051314944927,93,0.6666666666666666,2.425520030347272,43.21807288109413,43.21807288109413,5453,0.3513662204291216,2.0622151710971335,17.560095278198652,21.360649682015474,27748,0.9808634856566238,0.11433340820200504,2.5348261817247826,1.6779256521950427,18944,0.7975084459459459,0.6915699084759613,6.471536386261318,7.553470207653756,0.6328984426685684,0.5479440800845623,"[""y@t"", ""throughput_1@t"", ""throughput_1@t-1""]",3,50,125000.0,2030,0.09831029185867896,4.604499864461914,7.481999577702703
"ar_order=2,capacity=True,n_bins=50,numeric=True,on_change=capchain,other_lags=2,pool=local,target=throughput_2",ar,5,166718,33201,0.8377458510285835,0.6178787295250459,6.1570554447477805,5.210221525644273,33108,0.8395251902863357,0.5972215981165255,5.8381371383795075,4.888845852869113,93,0.20430107526881722,7.971817510958312,119.69197251185304,119.61996103360129,5453,0.0260407115349349,2.6636508805766024,21.8576414635092,20.445046111397424,27748,0.9972610638604584,0.2158463113441269,3.0715971933312454,2.2162940906539337,18944,0.7204919763513513,0.8819279784353701,7.408550352285334,6.802554672144174,0.5798106860450124,0.5479440800845623,"[""y@t"", ""throughput_1@t"", ""throughput_1@t-1""]",3,50,125000.0,2030,0.09831029185867896,4.604499864461914,7.481999577702703
"ar_order=2,capacity=True,n_bins=50,numeric=True,on_change=capchain,other_lags=2,pool=local,target=throughput_2",persistence,5,166718,33201,0.8357579590976175,4.538175300296929,5.832450914171455,4.604499864461922,33108,0.8375317143892714,4.48916463037875,5.512199067657376,4.281110305666313,93,0.20430107526881722,21.98597379116895,119.84210827318333,119.73118279569893,5453,0.0,27.631021115928547,24.516629137431362,23.046213093709884,27748,1.0,0.0,2.1606610968355637,0.9803589447888236,18944,0.7160578547297297,7.845611411664889,7.935751528460585,7.481999577702703,0.5924514055444675,0.5479440800845623,"[""y@t"", ""throughput_1@t"", ""throughput_1@t-1""]",3,50,125000.0,2030,0.09831029185867896,4.604499864461914,7.481999577702703
"ar_order=2,capacity=True,numeric=True,on_change=capchain,other_lags=2,pool=local",model,1,33200,33558,0.9095595685082544,0.3878648930164165,9.415625775670096,6.254391435706132,33464,0.9105606024384413,0.38352883457513914,9.269092102164656,6.094379737265238,94,0.5531914893617021,1.9315016981111468,61.58161354360629,63.218556080664186,4381,0.48847295138096325,2.313072604836143,25.333878637265464,26.776193407129345,29177,0.9727867841107721,0.09879010858065473,7.025460035989891,3.1729912082391154,19299,0.8598891134255661,0.5898790831045653,10.678928360463958,8.626620615699968,0.7809958915318662,0.046876803040504456,"[""y@t"", ""throughput_2@t"", ""throughput_2@t-1""]",3,20,8000.0,310,0.09073842302878599,4.986888372370225,7.9259028965231355
"ar_order=2,capacity=True,numeric=True,on_change=capchain,other_lags=2,pool=local",cg_mean,1,33200,33558,0.9095595685082544,0.3878648930164165,9.415625775670096,5.443541132278576,33464,0.9105606024384413,0.38352883457513914,9.269092102164656,5.285849917640015,94,0.5531914893617021,1.9315016981111468,61.58161354360629,61.58161354360629,4381,0.48847295138096325,2.313072604836143,25.333878637265464,22.707335202293038,29177,0.9727867841107721,0.09879010858065473,7.025460035989891,2.8513389928970985,19299,0.8598891134255661,0.5898790831045653,10.678928360463958,7.430851367046966,0.7809958915318662,0.046876803040504456,"[""y@t"", ""throughput_2@t"", ""throughput_2@t-1""]",3,20,8000.0,310,0.09073842302878599,4.986888372370225,7.9259028965231355
"ar_order=2,capacity=True,numeric=True,on_change=capchain,other_lags=2,pool=local",cg_median,1,33200,33558,0.9095595685082544,0.3878648930164165,9.415625775670096,4.648106909622117,33464,0.9105606024384413,0.38352883457513914,9.269092102164656,4.488181329189577,94,0.5531914893617021,1.9315016981111468,61.58161354360629,61.58161354360629,4381,0.48847295138096325,2.313072604836143,25.333878637265464,22.459696825005256,29177,0.9727867841107721,0.09879010858065473,7.025460035989891,1.9736518450406475,19299,0.8598891134255661,0.5898790831045653,10.678928360463958,7.119099435203896,0.7809958915318662,0.046876803040504456,"[""y@t"", ""throughput_2@t"", ""throughput_2@t-1""]",3,20,8000.0,310,0.09073842302878599,4.986888372370225,7.9259028965231355
"ar_order=2,capacity=True,numeric=True,on_change=capchain,other_lags=2,pool=local",linear,1,33200,33558,0.9095595685082544,0.3878648930164165,9.415625775670096,5.325701145335235,33464,0.9105606024384413,0.38352883457513914,9.269092102164656,5.167678919497395,94,0.5531914893617021,1.9315016981111468,61.58161354360629,61.58161354360629,4381,0.48847295138096325,2.313072604836143,25.333878637265464,25.997517327196636,29177,0.9727867841107721,0.09879010858065473,7.025460035989891,2.2217759065260765,19299,0.8598891134255661,0.5898790831045653,10.678928360463958,8.007482325826823,0.7809958915318662,0.046876803040504456,"[""y@t"", ""throughput_2@t"", ""throughput_2@t-1""]",3,20,8000.0,310,0.09073842302878599,4.986888372370225,7.9259028965231355
"ar_order=2,capacity=True,numeric=True,on_change=capchain,other_lags=2,pool=local",clg,1,33200,33558,0.9095595685082544,0.3878648930164165,9.415625775670096,5.325701145335235,33464,0.9105606024384413,0.38352883457513914,9.269092102164656,5.167678919497395,94,0.5531914893617021,1.9315016981111468,61.58161354360629,61.58161354360629,4381,0.48847295138096325,2.313072604836143,25.333878637265464,25.997517327196636,29177,0.9727867841107721,0.09879010858065473,7.025460035989891,2.2217759065260765,19299,0.8598891134255661,0.5898790831045653,10.678928360463958,8.007482325826823,0.7809958915318662,0.046876803040504456,"[""y@t"", ""throughput_2@t"", ""throughput_2@t-1""]",3,20,8000.0,310,0.09073842302878599,4.986888372370225,7.9259028965231355
"ar_order=2,capacity=True,numeric=True,on_change=capchain,other_lags=2,pool=local",ar,1,33200,33558,0.8479051194946063,0.5873854569555976,10.530039868016596,6.37846200412646,33464,0.8498087497011714,0.5704202818279933,10.133059997284537,5.969205359771671,94,0.1702127659574468,6.62698780238272,151.85487384862944,152.07382739443122,4381,0.05820588906642319,3.466579123159004,31.894914064656206,26.98503137735546,29177,0.9664804469273743,0.15506727991076355,7.322050223588513,3.28433373788537,19299,0.7816985336027773,0.8497846832644308,11.889738104344255,7.934815242101226,0.6846330982901161,0.046876803040504456,"[""y@t"", ""throughput_2@t"", ""throughput_2@t-1""]",3,20,8000.0,310,0.09073842302878599,4.986888372370225,7.9259028965231355
"ar_order=2,capacity=True,numeric=True,on_change=capchain,other_lags=2,pool=local",persistence,1,33200,33558,0.8694499076226235,3.607232359165712,9.999003984825238,4.98688837237023,33464,0.8713841740377719,3.5537866030049146,9.597365235822318,4.570941907721736,94,0.18085106382978725,22.63392155240955,152.9823986298647,153.06382978723406,4381,0.0,27.63102111592855,34.103755315723284,28.69139465875371,29177,1.0,0.0,6.3796148913384405,1.4275970798917015,19299,0.7769832633815223,6.1621801587106315,11.808682343600474,7.9259028965231355,0.7291569012797388,0.046876803040504456,"[""y@t"", ""throughput_2@t"", ""throughput_2@t-1""]",3,20,8000.0,310,0.09073842302878599,4.986888372370225,7.9259028965231355
"ar_order=2,capacity=True,numeric=True,on_change=capchain,other_lags=2,pool=local",model,2,66758,33201,0.8928044336013975,0.32976592115515896,8.544910038043662,5.535687502647308,33108,0.8936812854899118,0.32356574752710765,8.368705331168618,5.347833876988307,93,0.5806451612903226,2.53702773274142,71.27378568555896,72.4115782372513,4870,0.4987679671457906,1.689478464341143,19.018380672226122,21.33536572930897,28331,0.9605379266527831,0.09603608156899036,6.744556997612029,2.81977797019726,20321,0.8467102996899759,0.4794793638075286,9.166027620171189,7.674278556730739,0.8105305067768251,0.09879101067781448,"[""y@t"", ""throughput_2@t"", ""throughput_2@t-1""]",3,20,8000.0,526,0.057046474503780004,4.608656365772116,6.818069976871217
"ar_order=2,capacity=True,numeric=True,on_change=capchain,other_lags=2,pool=local",cg_mean,2,66758,33201,0.8928044336013975,0.32976592115515896,8.544910038043662,4.444506180939212,33108,0.8936812854899118,0.32356574752710765,8.368705331168618,4.256783485701516,93,0.5806451612903226,2.53702773274142,71.27378568555896,71.27378568555896,4870,0.4987679671457906,1.689478464341143,19.018380672226122,16.819845224373083,28331,0.9605379266527831,0.09603608156899036,6.744556997612029,2.3172286001435127,20321,0.8467102996899759,0.4794793638075286,9.166027620171189,6.168469556510834,0.8105305067768251,0.09879101067781448,"[""y@t"", ""throughput_2@t"", ""throughput_2@t-1""]",3,20,8000.0,526,0.057046474503780004,4.608656365772116,6.818069976871217
"ar_order=2,capacity=True,numeric=True,on_change=capchain,other_lags=2,pool=local",cg_median,2,66758,33201,0.8928044336013975,0.32976592115515896,8.544910038043662,3.906688415070539,33108,0.8936812854899118,0.32356574752710765,8.368705331168618,3.7174549957714147,93,0.5806451612903226,2.53702773274142,71.27378568555896,71.27378568555896,4870,0.4987679671457906,1.689478464341143,19.018380672226122,16.108425854491323,28331,0.9605379266527831,0.09603608156899036,6.744556997612029,1.809252343983066,20321,0.8467102996899759,0.4794793638075286,9.166027620171189,5.8607598051277,0.8105305067768251,0.09879101067781448,"[""y@t"", ""throughput_2@t"", ""throughput_2@t-1""]",3,20,8000.0,526,0.057046474503780004,4.608656365772116,6.818069976871217
"ar_order=2,capacity=True,numeric=True,on_change=capchain,other_lags=2,pool=local",linear,2,66758,33201,0.8928044336013975,0.32976592115515896,8.544910038043662,5.5643891284326035,33108,0.8936812854899118,0.32356574752710765,8.368705331168618,5.379812171811462,93,0.5806451612903226,2.53702773274142,71.27378568555896,71.27378568555896,4870,0.4987679671457906,1.689478464341143,19.018380672226122,20.482819328429212,28331,0.9605379266527831,0.09603608156899036,6.744556997612029,2.99996305543894,20321,0.8467102996899759,0.4794793638075286,9.166027620171189,7.404897781720941,0.8105305067768251,0.09879101067781448,"[""y@t"", ""throughput_2@t"", ""throughput_2@t-1""]",3,20,8000.0,526,0.057046474503780004,4.608656365772116,6.818069976871217
"ar_order=2,capacity=True,numeric=True,on_change=capchain,other_lags=2,pool=local",clg,2,66758,33201,0.8928044336013975,0.32976592115515896,8.544910038043662,5.5643891284326035,33108,0.8936812854899118,0.32356574752710765,8.368705331168618,5.379812171811462,93,0.5806451612903226,2.53702773274142,71.27378568555896,71.27378568555896,4870,0.4987679671457906,1.689478464341143,19.018380672226122,20.482819328429212,28331,0.9605379266527831,0.09603608156899036,6.744556997612029,2.99996305543894,20321,0.8467102996899759,0.4794793638075286,9.166027620171189,7.404897781720941,0.8105305067768251,0.09879101067781448,"[""y@t"", ""throughput_2@t"", ""throughput_2@t-1""]",3,20,8000.0,526,0.057046474503780004,4.608656365772116,6.818069976871217
"ar_order=2,capacity=True,numeric=True,on_change=capchain,other_lags=2,pool=local",ar,2,66758,33201,0.8533176711544833,0.5421609150774279,10.261335493477878,6.13029255301562,33108,0.855261568201039,0.5241901510660337,9.857821217114283,5.713478733909832,93,0.16129032258064516,6.939752903133789,153.91241787891764,154.51601215467613,4870,0.0,2.908141917411149,27.0481251704205,21.224542885026175,28331,1.0,0.13545704012189452,7.3757449486079265,3.535643613094988,20321,0.764184833423552,0.7585486588794662,10.932651074866357,7.213807660481873,0.765320789938897,0.09879101067781448,"[""y@t"", ""throughput_2@t"", ""throughput_2@t-1""]",3,20,8000.0,526,0.057046474503780004,4.608656365772116,6.818069976871217
"ar_order=2,capacity=True,numeric=True,on_change=capchain,other_lags=2,pool=local",persistence,2,66758,33201,0.8533176711544833,4.0529825256640475,9.509566073772406,4.60865636577212,33108,0.855261568201039,3.9992706653234746,9.100182964346997,4.184789174821801,93,0.16129032258064516,23.174404806907813,155.24995302921795,155.50537634408602,4870,0.0,27.63102111592854,28.511997960823937,22.3258726899384,28331,1.0,0.0,6.243114367516328,1.563128728248215,20321,0.764184833423552,6.515813847130043,10.760368641163039,6.818069976871217,0.765320789938897,0.09879101067781448,"[""y@t"", ""throughput_2@t"", ""throughput_2@t-1""]",3,20,8000.0,526,0.057046474503780004,4.608656365772116,6.818069976871217
"ar_order=2,capacity=True,numeric=True,on_change=capchain,other_lags=2,pool=local",model,3,99959,33201,0.9259962049335864,0.248922568362922,8.63218862975869,5.536319915207381,33108,0.9270569046756071,0.2439609123888382,8.466347077757462,5.357873619772573,93,0.5483870967741935,2.0152720951367367,67.67178114219551,69.06320108999931,3981,0.5551369002763125,1.5749685310629102,22.911910641978416,25.189022548464727,29220,0.9765229295003423,0.06825901677125008,6.686686462385429,2.858790511271807,19992,0.8885554221688675,0.3699610016526749,9.06878894371079,7.445023558896507,0.7732062628026002,0.1511053629219532,"[""y@t"", ""y@t-1"", ""throughput_2@t"", ""throughput_2@t-1""]",4,20,160000.0,1319,0.025270323183036656,4.94388723231228,7.444927971188475
"ar_order=2,capacity=True,numeric=True,on_change=capchain,other_lags=2,pool=local",cg_mean,3,99959,33201,0.9259962049335864,0.248922568362922,8.63218862975869,4.84292049454073,33108,0.9270569046756071,0.2439609123888382,8.466347077757462,4.666434930923722,93,0.5483870967741935,2.0152720951367367,67.67178114219551,67.67178114219551,3981,0.5551369002763125,1.5749685310629102,22.911910641978416,21.75588793621475,29220,0.9765229295003423,0.06825901677125008,6.686686462385429,2.5386589139348334,19992,0.8885554221688675,0.3699610016526749,9.06878894371079,6.529718557314887,0.7732062628026002,0.1511053629219532,"[""y@t"", ""y@t-1"", ""throughput_2@t"", ""throughput_2@t-1""]",4,20,160000.0,1319,0.025270323183036656,4.94388723231228,7.444927971188475
"ar_order=2,capacity=True,numeric=True,on_change=capchain,other_lags=2,pool=local",cg_median,3,99959,33201,0.9259962049335864,0.248922568362922,8.63218862975869,4.151696504509629,33108,0.9270569046756071,0.2439609123888382,8.466347077757462,3.9732693004711854,93,0.5483870967741935,2.0152720951367367,67.67178114219551,67.67178114219551,3981,0.5551369002763125,1.5749685310629102,22.911910641978416,21.786539047110846,29220,0.9765229295003423,0.06825901677125008,6.686686462385429,1.7490849999889082,19992,0.8885554221688675,0.3699610016526749,9.06878894371079,6.351215486194477,0.7732062628026002,0.1511053629219532,"[""y@t"", ""y@t-1"", ""throughput_2@t"", ""throughput_2@t-1""]",4,20,160000.0,1319,0.025270323183036656,4.94388723231228,7.444927971188475
"ar_order=2,capacity=True,numeric=True,on_change=capchain,other_lags=2,pool=local",linear,3,99959,33201,0.9259962049335864,0.248922568362922,8.63218862975869,4.987076994500283,33108,0.9270569046756071,0.2439609123888382,8.466347077757462,4.810996364871927,93,0.5483870967741935,2.0152720951367367,67.67178114219551,67.67178114219551,3981,0.5551369002763125,1.5749685310629102,22.911910641978416,23.902345209111868,29220,0.9765229295003423,0.06825901677125008,6.686686462385429,2.4100173517087455,19992,0.8885554221688675,0.3699610016526749,9.06878894371079,6.8388110999431255,0.7732062628026002,0.1511053629219532,"[""y@t"", ""y@t-1"", ""throughput_2@t"", ""throughput_2@t-1""]",4,20,160000.0,1319,0.025270323183036656,4.94388723231228,7.444927971188475
"ar_order=2,capacity=True,numeric=True,on_change=capchain,other_lags=2,pool=local",clg,3,99959,33201,0.9259962049335864,0.248922568362922,8.63218862975869,4.987076994500283,33108,0.9270569046756071,0.2439609123888382,8.466347077757462,4.810996364871927,93,0.5483870967741935,2.0152720951367367,67.67178114219551,67.67178114219551,3981,0.5551369002763125,1.5749685310629102,22.911910641978416,23.902345209111868,29220,0.9765229295003423,0.06825901677125008,6.686686462385429,2.4100173517087455,19992,0.8885554221688675,0.3699610016526749,9.06878894371079,6.8388110999431255,0.7732062628026002,0.1511053629219532,"[""y@t"", ""y@t-1"", ""throughput_2@t"", ""throughput_2@t-1""]",4,20,160000.0,1319,0.025270323183036656,4.94388723231228,7.444927971188475
"ar_order=2,capacity=True,numeric=True,on_change=capchain,other_lags=2,pool=local",ar,3,99959,33201,0.8800939730731002,0.45797957704839704,9.287228426018627,5.802470914890762,33108,0.8822036969916637,0.44002564049123927,8.851155130967266,5.357819955408952,93,0.12903225806451613,6.849580991396546,164.5293214643031,164.09821249041468,3981,0.0,2.861720316759939,32.36884332134319,27.813178045596775,29220,1.0,0.1304884105599764,6.142536129704902,2.8036815552966248,19992,0.804921968787515,0.6481891135367004,10.321836834743573,7.451671382987645,0.7133930791134014,0.1511053629219532,"[""y@t"", ""y@t-1"", ""throughput_2@t"", ""throughput_2@t-1""]",4,20,160000.0,1319,0.025270323183036656,4.94388723231228,7.444927971188475
"ar_order=2,capacity=True,numeric=True,on_change=capchain,other_lags=2,pool=local",persistence,3,99959,33201,0.8800939730731002,3.313125961944265,9.373593408642652,4.943887232312285,33108,0.8822036969916637,3.2548321358016596,8.936359646175632,4.495559985501998,93,0.12903225806451613,24.06572806871196,165.0288128469024,164.5483870967742,3981,0.0,27.631021115928544,34.83492889718861,30.203466465712133,29220,1.0,0.0,5.9046825058397285,1.5024640657084247,19992,0.804921968787515,5.390205199685941,10.72821257860503,7.444927971188475,0.7133930791134014,0.1511053629219532,"[""y@t"", ""y@t-1"", ""throughput_2@t"", ""throughput_2@t-1""]",4,20,160000.0,1319,0.025270323183036656,4.94388723231228,7.444927971188475
"ar_order=2,capacity=True,numeric=True,on_change=capchain,other_lags=2,pool=local",model,4,133160,33558,0.914357232254604,0.3222737721702669,8.338513559647025,5.916767778423863,33464,0.9153119770499641,0.31864062384289193,8.211980371170553,5.781442265460418,94,0.574468085106383,1.6156745767157799,53.384328657270174,54.0926503934106,4795,0.5572471324296142,1.8631574405465885,23.30100973207813,25.56453878608271,28763,0.9738900671000938,0.06539732708927881,5.844157298241496,2.6413423366506077,18970,0.8630996309963099,0.5246194185710796,9.768143902214787,9.01189203818715,0.8871386516478165,0.20640350133180618,"[""y@t"", ""throughput_2@t"", ""throughput_2@t-1""]",3,20,8000.0,806,0.03563978783002563,5.052863698670958,8.242224565102793
"ar_order=2,capacity=True,numeric=True,on_change=capchain,other_lags=2,pool=local",cg_mean,4,133160,33558,0.914357232254604,0.3222737721702669,8.338513559647025,4.882461136821917,33464,0.9153119770499641,0.31864062384289193,8.211980371170553,4.746219935921781,94,0.574468085106383,1.6156745767157799,53.384328657270174,53.384328657270174,4795,0.5572471324296142,1.8631574405465885,23.30100973207813,20.109800821196625,28763,0.9738900671000938,0.06539732708927881,5.844157298241496,2.343953547676948,18970,0.8630996309963099,0.5246194185710796,9.768143902214787,7.379565362521956,0.8871386516478165,0.20640350133180618,"[""y@t"", ""throughput_2@t"", ""throughput_2@t-1""]",3,20,8000.0,806,0.03563978783002563,5.052863698670958,8.242224565102793
"ar_order=2,capacity=True,numeric=True,on_change=capchain,other_lags=2,pool=local",cg_median,4,133160,33558,0.914357232254604,0.3222737721702669,8.338513559647025,4.134338366225144,33464,0.9153119770499641,0.31864062384289193,8.211980371170553,3.995995696868276,94,0.574468085106383,1.6156745767157799,53.384328657270174,53.384328657270174,4795,0.5572471324296142,1.8631574405465885,23.30100973207813,18.612654657923297,28763,0.9738900671000938,0.06539732708927881,5.844157298241496,1.7206983906074185,18970,0.8630996309963099,0.5246194185710796,9.768143902214787,6.699314707432789,0.8871386516478165,0.20640350133180618,"[""y@t"", ""throughput_2@t"", ""throughput_2@t-1""]",3,20,8000.0,806,0.03563978783002563,5.052863698670958,8.242224565102793
"ar_order=2,capacity=True,numeric=True,on_change=capchain,other_lags=2,pool=local",linear,4,133160,33558,0.914357232254604,0.3222737721702669,8.338513559647025,5.886749766212371,33464,0.9153119770499641,0.31864062384289193,8.211980371170553,5.753329600788052,94,0.574468085106383,1.6156745767157799,53.384328657270174,53.384328657270174,4795,0.5572471324296142,1.8631574405465885,23.30100973207813,25.06225704252272,28763,0.9738900671000938,0.06539732708927881,5.844157298241496,2.6900541019941695,18970,0.8630996309963099,0.5246194185710796,9.768143902214787,8.805322867905604,0.8871386516478165,0.20640350133180618,"[""y@t"", ""throughput_2@t"", ""throughput_2@t-1""]",3,20,8000.0,806,0.03563978783002563,5.052863698670958,8.242224565102793
"ar_order=2,capacity=True,numeric=True,on_change=capchain,other_lags=2,pool=local",clg,4,133160,33558,0.914357232254604,0.3222737721702669,8.338513559647025,5.886749766212371,33464,0.9153119770499641,0.31864062384289193,8.211980371170553,5.753329600788052,94,0.574468085106383,1.6156745767157799,53.384328657270174,53.384328657270174,4795,0.5572471324296142,1.8631574405465885,23.30100973207813,25.06225704252272,28763,0.9738900671000938,0.06539732708927881,5.844157298241496,2.6900541019941695,18970,0.8630996309963099,0.5246194185710796,9.768143902214787,8.805322867905604,0.8871386516478165,0.20640350133180618,"[""y@t"", ""throughput_2@t"", ""throughput_2@t-1""]",3,20,8000.0,806,0.03563978783002563,5.052863698670958,8.242224565102793
"ar_order=2,capacity=True,numeric=True,on_change=capchain,other_lags=2,pool=local",ar,4,133160,33558,0.8571130579891532,0.538099604682822,9.510040671451186,6.077569935595535,33464,0.8588931388955295,0.5228619624646225,9.13941781414343,5.701058293949676,94,0.22340425531914893,5.96270023436185,141.45177787301273,140.11571436152144,4795,0.0,2.9389656115895284,31.132247659790075,25.183190965600055,28763,1.0,0.13785788778550054,5.905462480404183,2.8925248137768214,18970,0.7510806536636795,0.8192545513751086,11.396590774343078,8.209656210863853,0.8331044631028387,0.20640350133180618,"[""y@t"", ""throughput_2@t"", ""throughput_2@t-1""]",3,20,8000.0,806,0.03563978783002563,5.052863698670958,8.242224565102793
"ar_order=2,capacity=True,numeric=True,on_change=capchain,other_lags=2,pool=local",persistence,4,133160,33558,0.8571130579891532,3.9481121118921685,9.341591152950988,5.052863698670964,33464,0.8588931388955295,3.8989266587800198,8.969021453097389,4.6723344489600835,94,0.22340425531914893,21.45813341981685,141.976404300833,140.5212765957447,4795,0.0,27.631021115928547,33.23950694523515,27.01438998957247,28763,1.0,0.0,5.3576358553811065,1.3917185272746313,18970,0.7510806536636795,6.877895714782003,11.610501678806116,8.242224565102793,0.8331044631028387,0.20640350133180618,"[""y@t"", ""throughput_2@t"", ""throughput_2@t-1""]",3,20,8000.0,806,0.03563978783002563,5.052863698670958,8.242224565102793
"ar_order=2,capacity=True,numeric=True,on_change=capchain,other_lags=2,pool=local",model,5,166718,33201,0.9389476220595765,0.20745979539856005,8.262625464396427,5.279816878877666,33108,0.9397728645644557,0.20541512127417444,8.082980699265121,5.08902396349677,93,0.6451612903225806,0.9353637836798393,72.21616185114183,73.20209475447618,3654,0.6554460864805692,1.3751617476786413,25.506279956004455,29.807957809933608,29547,0.9740075134531424,0.06305315737671632,6.130147936649592,2.2464860174677623,18178,0.9062603146660799,0.3337370250405424,9.478803247990042,8.170342449350937,0.8280037727892502,0.26131592877209187,"[""y@t"", ""throughput_2@t"", ""throughput_2@t-1"", ""buffer_size_3@t""]",4,20,160000.0,1862,0.04876359145808861,4.627330502093311,7.7230718450874685
"ar_order=2,capacity=True,numeric=True,on_change=capchain,other_lags=2,pool=local",cg_mean,5,166718,33201,0.9389476220595765,0.20745979539856005,8.262625464396427,4.314899475185778,33108,0.9397728645644557,0.20541512127417444,8.082980699265121,4.12416559210725,93,0.6451612903225806,0.9353637836798393,72.21616185114183,72.21616185114183,3654,0.6554460864805692,1.3751617476786413,25.506279956004455,24.091581390071877,29547,0.9740075134531424,0.06305315737671632,6.130147936649592,1.8691690891231045,18178,0.9062603146660799,0.3337370250405424,9.478803247990042,6.5716965045012135,0.8280037727892502,0.26131592877209187,"[""y@t"", ""throughput_2@t"", ""throughput_2@t-1"", ""buffer_size_3@t""]",4,20,160000.0,1862,0.04876359145808861,4.627330502093311,7.7230718450874685
"ar_order=2,capacity=True,numeric=True,on_change=capchain,other_lags=2,pool=local",cg_median,5,166718,33201,0.9389476220595765,0.20745979539856005,8.262625464396427,3.8358213021341583,33108,0.9397728645644557,0.20541512127417444,8.082980699265121,3.643741693850429,93,0.6451612903225806,0.9353637836798393,72.21616185114183,72.21616185114183,3654,0.6554460864805692,1.3751617476786413,25.506279956004455,22.752681283176152,29547,0.9740075134531424,0.06305315737671632,6.130147936649592,1.496422839659882,18178,0.9062603146660799,0.3337370250405424,9.478803247990042,6.265953350203543,0.8280037727892502,0.26131592877209187,"[""y@t"", ""throughput_2@t"", ""throughput_2@t-1"", ""buffer_size_3@t""]",4,20,160000.0,1862,0.04876359145808861,4.627330502093311,7.7230718450874685
"ar_order=2,capacity=True,numeric=True,on_change=capchain,other_lags=2,pool=local",linear,5,166718,33201,0.9389476220595765,0.20745979539856005,8.262625464396427,5.294318944971583,33108,0.9397728645644557,0.20541512127417444,8.082980699265121,5.10633624017897,93,0.6451612903225806,0.9353637836798393,72.21616185114183,72.21616185114183,3654,0.6554460864805692,1.3751617476786413,25.506279956004455,28.98962622950897,29547,0.9740075134531424,0.06305315737671632,6.130147936649592,2.363982436436042,18178,0.9062603146660799,0.3337370250405424,9.478803247990042,7.892021048823237,0.8280037727892502,0.26131592877209187,"[""y@t"", ""throughput_2@t"", ""throughput_2@t-1"", ""buffer_size_3@t""]",4,20,160000.0,1862,0.04876359145808861,4.627330502093311,7.7230718450874685
"ar_order=2,capacity=True,numeric=True,on_change=capchain,other_lags=2,pool=local",clg,5,166718,33201,0.9389476220595765,0.20745979539856005,8.262625464396427,3.0162923451166432,33108,0.9397728645644557,0.20541512127417444,8.082980699265121,2.821910689200842,93,0.6451612903225806,0.9353637836798393,72.21616185114183,72.21616185114183,3654,0.6554460864805692,1.3751617476786413,25.506279956004455,14.199011255733,29547,0.9740075134531424,0.06305315737671632,6.130147936649592,1.6333548252536396,18178,0.9062603146660799,0.3337370250405424,9.478803247990042,3.918217976678188,0.8280037727892502,0.26131592877209187,"[""y@t"", ""throughput_2@t"", ""throughput_2@t-1"", ""buffer_size_3@t""]",4,20,160000.0,1862,0.04876359145808861,4.627330502093311,7.7230718450874685
"ar_order=2,capacity=True,numeric=True,on_change=capchain,other_lags=2,pool=local",ar,5,166718,33201,0.889943074003795,0.45556155304865315,9.89267614240066,5.9763331869367295,33108,0.8917482179533648,0.4413446571379285,9.527118340766618,5.597362187118702,93,0.24731182795698925,5.516776497266618,140.03125352411914,140.89000912215428,3654,0.0,3.0510384537745106,36.56034546345898,31.29318427975722,29547,1.0,0.1345857316369266,6.594755416129056,2.845464608293683,18178,0.802838596105182,0.7007271872030886,11.744923189437491,8.157410093476832,0.7670290749812423,0.26131592877209187,"[""y@t"", ""throughput_2@t"", ""throughput_2@t-1"", ""buffer_size_3@t""]",4,20,160000.0,1862,0.04876359145808861,4.627330502093311,7.7230718450874685
"ar_order=2,capacity=True,numeric=True,on_change=capchain,other_lags=2,pool=local",persistence,5,166718,33201,0.889943074003795,3.0409852461553237,9.44115106386959,4.627330502093316,33108,0.8917482179533648,2.9911072755674737,9.069772937424974,4.240364866497528,93,0.24731182795698925,20.797542775430088,141.6517640781532,142.38709677419354,3654,0.0,27.631021115928547,38.26535954946101,32.33771209633279,29547,1.0,0.0,5.87653679486255,1.2004602836159401,18178,0.802838596105182,5.44777091426383,11.612693711794495,7.7230718450874685,0.7670290749812423,0.26131592877209187,"[""y@t"", ""throughput_2@t"", ""throughput_2@t-1"", ""buffer_size_3@t""]",4,20,160000.0,1862,0.04876359145808861,4.627330502093311,7.7230718450874685
"ar_order=2,capacity=True,n_bins=50,numeric=True,on_change=capchain,other_lags=2,pool=local",model,1,33200,33558,0.807408069610823,0.7389277697383846,7.8471335286709305,7.420070891013284,33464,0.8083014582835286,0.7319283178383191,7.7274157956821234,7.297798974989589,94,0.48936170212765956,3.2307326461616666,50.46664647268669,50.94887299544901,6857,0.4395508239754995,2.4264440223049486,16.91234914590352,16.645766700334395,26701,0.9018763342196922,0.30556201774973496,5.5191239602141735,5.050848908146919,19299,0.7558422716202912,0.9605693164154159,7.303714938161172,7.30294547731296,0.5558617463072119,0.07223966903984547,"[""y@t"", ""throughput_2@t"", ""throughput_2@t-1""]",3,50,125000.0,845,0.15653495440729484,4.986888372370225,7.9259028965231355
"ar_order=2,capacity=True,n_bins=50,numeric=True,on_change=capchain,other_lags=2,pool=local",cg_mean,1,33200,33558,0.807408069610823,0.7389277697383846,7.8471335286709305,7.400652140744658,33464,0.8083014582835286,0.7319283178383191,7.7274157956821234,7.27968024655381,94,0.48936170212765956,3.2307326461616666,50.46664647268669,50.46664647268669,6857,0.4395508239754995,2.4264440223049486,16.91234914590352,16.11873243662697,26701,0.9018763342196922,0.30556201774973496,5.5191239602141735,5.161789304563804,19299,0.7558422716202912,0.9605693164154159,7.303714938161172,7.028840559209373,0.5558617463072119,0.07223966903984547,"[""y@t"", ""throughput_2@t"", ""throughput_2@t-1""]",3,50,125000.0,845,0.15653495440729484,4.986888372370225,7.9259028965231355
"ar_order=2,capacity=True,n_bins=50,numeric=True,on_change=capchain,other_lags=2,pool=local",cg_median,1,33200,33558,0.807408069610823,0.7389277697383846,7.8471335286709305,6.921087811205451,33464,0.8083014582835286,0.7319283178383191,7.7274157956821234,6.798768826201291,94,0.48936170212765956,3.2307326461616666,50.46664647268669,50.46664647268669,6857,0.4395508239754995,2.4264440223049486,16.91234914590352,15.754722774704813,26701,0.9018763342196922,0.30556201774973496,5.5191239602141735,4.652549743540753,19299,0.7558422716202912,0.9605693164154159,7.303714938161172,6.870252344681072,0.5558617463072119,0.07223966903984547,"[""y@t"", ""throughput_2@t"", ""throughput_2@t-1""]",3,50,125000.0,845,0.15653495440729484,4.986888372370225,7.9259028965231355
"ar_order=2,capacity=True,n_bins=50,numeric=True,on_change=capchain,other_lags=2,pool=local",linear,1,33200,33558,0.807408069610823,0.7389277697383846,7.8471335286709305,5.2945667837920425,33464,0.8083014582835286,0.7319283178383191,7.7274157956821234,5.167678919497395,94,0.48936170212765956,3.2307326461616666,50.46664647268669,50.46664647268669,6857,0.4395508239754995,2.4264440223049486,16.91234914590352,18.739106186242555,26701,0.9018763342196922,0.30556201774973496,5.5191239602141735,1.8419168200227773,19299,0.7558422716202912,0.9605693164154159,7.303714938161172,8.007482325826823,0.5558617463072119,0.07223966903984547,"[""y@t"", ""throughput_2@t"", ""throughput_2@t-1""]",3,50,125000.0,845,0.15653495440729484,4.986888372370225,7.9259028965231355
"ar_order=2,capacity=True,n_bins=50,numeric=True,on_change=capchain,other_lags=2,pool=local",clg,1,33200,33558,0.807408069610823,0.7389277697383846,7.8471335286709305,5.2945667837920425,33464,0.8083014582835286,0.7319283178383191,7.7274157956821234,5.167678919497395,94,0.48936170212765956,3.2307326461616666,50.46664647268669,50.46664647268669,6857,0.4395508239754995,2.4264440223049486,16.91234914590352,18.739106186242555,26701,0.9018763342196922,0.30556201774973496,5.5191239602141735,1.8419168200227773,19299,0.7558422716202912,0.9605693164154159,7.303714938161172,8.007482325826823,0.5558617463072119,0.07223966903984547,"[""y@t"", ""throughput_2@t"", ""throughput_2@t-1""]",3,50,125000.0,845,0.15653495440729484,4.986888372370225,7.9259028965231355
"ar_order=2,capacity=True,n_bins=50,numeric=True,on_change=capchain,other_lags=2,pool=local",ar,1,33200,33558,0.7179808093450146,0.9705155174927659,8.699045246805616,8.033411056641349,33464,0.7198183122161128,0.9471036297237357,8.30190465974547,7.633265087415089,94,0.06382978723404255,9.30514756326751,150.08109424021782,150.4853761011891,6857,0.06810558553303193,3.1480614777716567,19.932862184342287,18.61565461882234,26701,0.8848732257218831,0.41130677438829966,5.814123980160586,5.3158183033409045,19299,0.6528835690968444,1.2158313323679988,7.897232767865248,7.433083185257672,0.4391383832500228,0.07223966903984547,"[""y@t"", ""throughput_2@t"", ""throughput_2@t-1""]",3,50,125000.0,845,0.15653495440729484,4.986888372370225,7.9259028965231355
"ar_order=2,capacity=True,n_bins=50,numeric=True,on_change=capchain,other_lags=2,pool=local",persistence,1,33200,33558,0.7956672030514333,5.645923827162586,6.1406311635010145,4.986888372370235,33464,0.7976332775519962,5.591599181122045,5.7285234143978725,4.57094190772174,94,0.09574468085106383,24.985497817594958,152.85098984421973,153.06382978723406,6857,0.0,27.631021115928547,22.029718219358642,20.565115939915415,26701,1.0,0.0,2.06020458988895,0.9862926482154333,19299,0.6491009896885849,9.695697963473139,8.360962159586489,7.9259028965231355,0.5604510094152217,0.07223966903984547,"[""y@t"", ""throughput_2@t"", ""throughput_2@t-1""]",3,50,125000.0,845,0.15653495440729484,4.986888372370225,7.9259028965231355
"ar_order=2,capacity=True,n_bins=50,numeric=True,on_change=capchain,other_lags=2,pool=local",model,2,66758,33201,0.8311195445920304,0.6013213880580984,6.242594657907895,5.668085722041538,33108,0.8320345535822158,0.5922612011169013,6.070284986706238,5.494046447592543,93,0.5053763440860215,3.8267479391243304,67.58483760569814,67.62606742588395,7730,0.4994825355756792,1.5937885694947624,12.644559472059182,12.675049123730957,25471,0.9317655372776884,0.30012507411261496,4.299711064276335,3.541595710064812,20321,0.7786034151862605,0.6874081373594796,6.059983413631197,6.140026773475023,0.6026010060564495,0.15282094292342663,"[""y@t"", ""throughput_2@t"", ""throughput_2@t-1""]",3,50,125000.0,1369,0.13493569470799072,4.608656365772116,6.818069976871217
"ar_order=2,capacity=True,n_bins=50,numeric=True,on_change=capchain,other_lags=2,pool=local",cg_mean,2,66758,33201,0.8311195445920304,0.6013213880580984,6.242594657907895,5.366570811704316,33108,0.8320345535822158,0.5922612011169013,6.070284986706238,5.191800399361636,93,0.5053763440860215,3.8267479391243304,67.58483760569814,67.58483760569814,7730,0.4994825355756792,1.5937885694947624,12.644559472059182,12.168208572277592,25471,0.9317655372776884,0.30012507411261496,4.299711064276335,3.302393516378987,20321,0.7786034151862605,0.6874081373594796,6.059983413631197,5.873297102272882,0.6026010060564495,0.15282094292342663,"[""y@t"", ""throughput_2@t"", ""throughput_2@t-1""]",3,50,125000.0,1369,0.13493569470799072,4.608656365772116,6.818069976871217
"ar_order=2,capacity=True,n_bins=50,numeric=True,on_change=capchain,other_lags=2,pool=local",cg_median,2,66758,33201,0.8311195445920304,0.6013213880580984,6.242594657907895,4.8550462304548025,33108,0.8320345535822158,0.5922612011169013,6.070284986706238,4.678838951310861,93,0.5053763440860215,3.8267479391243304,67.58483760569814,67.58483760569814,7730,0.4994825355756792,1.5937885694947624,12.644559472059182,11.866223661068863,25471,0.9317655372776884,0.30012507411261496,4.299711064276335,2.7272773349011654,20321,0.7786034151862605,0.6874081373594796,6.059983413631197,5.636509030067418,0.6026010060564495,0.15282094292342663,"[""y@t"", ""throughput_2@t"", ""throughput_2@t-1""]",3,50,125000.0,1369,0.13493569470799072,4.608656365772116,6.818069976871217
"ar_order=2,capacity=True,n_bins=50,numeric=True,on_change=capchain,other_lags=2,pool=local",linear,2,66758,33201,0.8311195445920304,0.6013213880580984,6.242594657907895,5.554055940533833,33108,0.8320345535822158,0.5922612011169013,6.070284986706238,5.379812171811462,93,0.5053763440860215,3.8267479391243304,67.58483760569814,67.58483760569814,7730,0.4994825355756792,1.5937885694947624,12.644559472059182,15.359450676680565,25471,0.9317655372776884,0.30012507411261496,4.299711064276335,2.57829129405689,20321,0.7786034151862605,0.6874081373594796,6.059983413631197,7.404897781720941,0.6026010060564495,0.15282094292342663,"[""y@t"", ""throughput_2@t"", ""throughput_2@t-1""]",3,50,125000.0,1369,0.13493569470799072,4.608656365772116,6.818069976871217
"ar_order=2,capacity=True,n_bins=50,numeric=True,on_change=capchain,other_lags=2,pool=local",clg,2,66758,33201,0.8311195445920304,0.6013213880580984,6.242594657907895,5.554055940533833,33108,0.8320345535822158,0.5922612011169013,6.070284986706238,5.379812171811462,93,0.5053763440860215,3.8267479391243304,67.58483760569814,67.58483760569814,7730,0.4994825355756792,1.5937885694947624,12.644559472059182,15.359450676680565,25471,0.9317655372776884,0.30012507411261496,4.299711064276335,2.57829129405689,20321,0.7786034151862605,0.6874081373594796,6.059983413631197,7.404897781720941,0.6026010060564495,0.15282094292342663,"[""y@t"", ""throughput_2@t"", ""throughput_2@t-1""]",3,50,125000.0,1369,0.13493569470799072,4.608656365772116,6.818069976871217
"ar_order=2,capacity=True,n_bins=50,numeric=True,on_change=capchain,other_lags=2,pool=local",ar,2,66758,33201,0.7325984157103702,0.9171399710491813,7.373741669393244,6.54027614439708,33108,0.7342636220852966,0.8944300371863646,6.959766543001009,6.124044761382651,93,0.13978494623655913,9.001876426211929,154.74888666502878,154.71864849753354,7730,0.0445019404915912,2.482124835829431,16.10773193146314,14.894634394464383,25471,0.9414235797573711,0.44219462124935666,4.723129415229674,4.004875521216983,20321,0.6342207568525171,1.0433943826387624,6.954882050202841,6.479633346249396,0.47865510435458447,0.15282094292342663,"[""y@t"", ""throughput_2@t"", ""throughput_2@t-1""]",3,50,125000.0,1369,0.13493569470799072,4.608656365772116,6.818069976871217
"ar_order=2,capacity=True,n_bins=50,numeric=True,on_change=capchain,other_lags=2,pool=local",persistence,2,66758,33201,0.7671756874792928,6.433173495561208,5.677276858106787,4.608656365772123,33108,0.7689380210221095,6.384478420226332,5.256456302101787,4.184789174821803,93,0.13978494623655913,23.76862031477724,155.48939479588694,155.50537634408602,7730,0.0,27.63102111592855,17.791637839021295,16.433764553686935,25471,1.0,0.0,2.000781613221658,1.0199442503239073,20321,0.6235421485163132,10.401914843602842,7.227764413554053,6.818069976871217,0.5592495592514928,0.15282094292342663,"[""y@t"", ""throughput_2@t"", ""throughput_2@t-1""]",3,50,125000.0,1369,0.13493569470799072,4.608656365772116,6.818069976871217
"ar_order=2,capacity=True,n_bins=50,numeric=True,on_change=capchain,other_lags=2,pool=local",model,3,99959,33201,0.8589199120508418,0.4985840955236591,5.0736722461472,4.448600782136121,33108,0.8598526036003383,0.49185336756307596,4.9201190051161126,4.292022853787808,93,0.5268817204301075,2.8947232494912636,59.73862605321415,60.190343274135536,7313,0.5575003418569671,1.540579871164437,13.129948946267454,13.267961529139843,25888,0.9440667490729295,0.20423477895764372,2.7978861094051015,1.9572540136395886,19992,0.8037214885954381,0.6471400418941757,6.111848260618486,6.162022221045666,0.5966589919190507,0.3888298477977514,"[""y@t"", ""throughput_2@t"", ""throughput_2@t-1""]",3,50,125000.0,1813,0.08650341857172977,4.94388723231228,7.444927971188475
"ar_order=2,capacity=True,n_bins=50,numeric=True,on_change=capchain,other_lags=2,pool=local",cg_mean,3,99959,33201,0.8589199120508418,0.4985840955236591,5.0736722461472,4.286726474190465,33108,0.8598526036003383,0.49185336756307596,4.9201190051161126,4.1309627113280385,93,0.5268817204301075,2.8947232494912636,59.73862605321415,59.73862605321415,7313,0.5575003418569671,1.540579871164437,13.129948946267454,12.746583941016318,25888,0.9440667490729295,0.20423477895764372,2.7978861094051015,1.8969343830711254,19992,0.8037214885954381,0.6471400418941757,6.111848260618486,5.871373973952938,0.5966589919190507,0.3888298477977514,"[""y@t"", ""throughput_2@t"", ""throughput_2@t-1""]",3,50,125000.0,1813,0.08650341857172977,4.94388723231228,7.444927971188475
"ar_order=2,capacity=True,n_bins=50,numeric=True,on_change=capchain,other_lags=2,pool=local",cg_median,3,99959,33201,0.8589199120508418,0.4985840955236591,5.0736722461472,4.038378127856056,33108,0.8598526036003383,0.49185336756307596,4.9201190051161126,3.8819167572792073,93,0.5268817204301075,2.8947232494912636,59.73862605321415,59.73862605321415,7313,0.5575003418569671,1.540579871164437,13.129948946267454,12.828091998341236,25888,0.9440667490729295,0.20423477895764372,2.7978861094051015,1.5554061897048617,19992,0.8037214885954381,0.6471400418941757,6.111848260618486,5.88500400160064,0.5966589919190507,0.3888298477977514,"[""y@t"", ""throughput_2@t"", ""throughput_2@t-1""]",3,50,125000.0,1813,0.08650341857172977,4.94388723231228,7.444927971188475
"ar_order=2,capacity=True,n_bins=50,numeric=True,on_change=capchain,other_lags=2,pool=local",linear,3,99959,33201,0.8589199120508418,0.4985840955236591,5.0736722461472,5.280562992159539,33108,0.8598526036003383,0.49185336756307596,4.9201190051161126,5.127590904909384,93,0.5268817204301075,2.8947232494912636,59.73862605321415,59.73862605321415,7313,0.5575003418569671,1.540579871164437,13.129948946267454,17.291898662631105,25888,0.9440667490729295,0.20423477895764372,2.7978861094051015,1.8875276955681233,19992,0.8037214885954381,0.6471400418941757,6.111848260618486,7.605618312199839,0.5966589919190507,0.3888298477977514,"[""y@t"", ""throughput_2@t"", ""throughput_2@t-1""]",3,50,125000.0,1813,0.08650341857172977,4.94388723231228,7.444927971188475
"ar_order=2,capacity=True,n_bins=50,numeric=True,on_change=capchain,other_lags=2,pool=local",clg,3,99959,33201,0.8589199120508418,0.4985840955236591,5.0736722461472,5.280562992159539,33108,0.8598526036003383,0.49185336756307596,4.9201190051161126,5.127590904909384,93,0.5268817204301075,2.8947232494912636,59.73862605321415,59.73862605321415,7313,0.5575003418569671,1.540579871164437,13.129948946267454,17.291898662631105,25888,0.9440667490729295,0.20423477895764372,2.7978861094051015,1.8875276955681233,19992,0.8037214885954381,0.6471400418941757,6.111848260618486,7.605618312199839,0.5966589919190507,0.3888298477977514,"[""y@t"", ""throughput_2@t"", ""throughput_2@t-1""]",3,50,125000.0,1813,0.08650341857172977,4.94388723231228,7.444927971188475
"ar_order=2,capacity=True,n_bins=50,numeric=True,on_change=capchain,other_lags=2,pool=local",ar,3,99959,33201,0.7703984819734345,0.8172758606999346,6.458884894336006,5.39139163832615,33108,0.7723812975715839,0.7950338825141621,6.015232425849334,4.945189120401973,93,0.06451612903225806,8.735420094834907,164.3991636755914,164.239488019333,7313,0.01859701900724737,2.5891284823324927,17.906942924230105,16.517091802953665,25888,0.9827719406674907,0.3167521345720412,3.224967698236828,2.248536056437978,19992,0.6438575430172069,1.0564925657790885,7.455650921751333,6.703080786905034,0.49207223845002696,0.3888298477977514,"[""y@t"", ""throughput_2@t"", ""throughput_2@t-1""]",3,50,125000.0,1813,0.08650341857172977,4.94388723231228,7.444927971188475
"ar_order=2,capacity=True,n_bins=50,numeric=True,on_change=capchain,other_lags=2,pool=local",persistence,3,99959,33201,0.7797355501340321,6.086131665334944,6.174888903913046,4.9438872323122895,33108,0.7817445934517337,6.030619747000715,5.729390879046296,4.495559985502003,93,0.06451612903225806,25.848374592320244,164.77218575647626,164.5483870967742,7313,0.0,27.631021115928547,20.32946219700618,18.842609052372488,25888,1.0,0.0,2.1764187829152832,1.0176915945611988,19992,0.6385554221688675,9.9870827622899,8.055241529817684,7.444927971188475,0.5368484213669686,0.3888298477977514,"[""y@t"", ""throughput_2@t"", ""throughput_2@t-1""]",3,50,125000.0,1813,0.08650341857172977,4.94388723231228,7.444927971188475
"ar_order=2,capacity=True,n_bins=50,numeric=True,on_change=capchain,other_lags=2,pool=local",model,4,133160,33558,0.8683175397818702,0.4416051827437754,5.388137938755522,4.838789596949741,33464,0.8692326081759503,0.4348426821052546,5.254728948722205,4.702911825757982,94,0.5425531914893617,2.849055410057176,52.88173839061648,53.21127614121622,7407,0.547185095180235,1.610663694880251,14.748879490998817,14.958881742796443,26151,0.9592749799242859,0.1104814628326869,2.7368048089529866,1.9723782733182744,18970,0.7875065893516078,0.7062896996634163,7.071690312161792,7.14754437154721,0.6191844528028264,0.5070768501609564,"[""y@t"", ""throughput_2@t"", ""throughput_2@t-1""]",3,50,125000.0,2145,0.10376065319744919,5.052863698670958,8.242224565102793
"ar_order=2,capacity=True,n_bins=50,numeric=True,on_change=capchain,other_lags=2,pool=local",cg_mean,4,133160,33558,0.8683175397818702,0.4416051827437754,5.388137938755522,4.587255192763621,33464,0.8692326081759503,0.4348426821052546,5.254728948722205,4.451596532095494,94,0.5425531914893617,2.849055410057176,52.88173839061648,52.88173839061648,7407,0.547185095180235,1.610663694880251,14.748879490998817,14.249203706709844,26151,0.9592749799242859,0.1104814628326869,2.7368048089529866,1.850608309554577,18970,0.7875065893516078,0.7062896996634163,7.071690312161792,6.7777438542975705,0.6191844528028264,0.5070768501609564,"[""y@t"", ""throughput_2@t"", ""throughput_2@t-1""]",3,50,125000.0,2145,0.10376065319744919,5.052863698670958,8.242224565102793
"ar_order=2,capacity=True,n_bins=50,numeric=True,on_change=capchain,other_lags=2,pool=local",cg_median,4,133160,33558,0.8683175397818702,0.4416051827437754,5.388137938755522,4.005226277153524,33464,0.8692326081759503,0.4348426821052546,5.254728948722205,3.8679327038010998,94,0.5425531914893617,2.849055410057176,52.88173839061648,52.88173839061648,7407,0.547185095180235,1.610663694880251,14.748879490998817,13.804688920643217,26151,0.9592749799242859,0.1104814628326869,2.7368048089529866,1.2296299404808089,18970,0.7875065893516078,0.7062896996634163,7.071690312161792,6.553821823932525,0.6191844528028264,0.5070768501609564,"[""y@t"", ""throughput_2@t"", ""throughput_2@t-1""]",3,50,125000.0,2145,0.10376065319744919,5.052863698670958,8.242224565102793
"ar_order=2,capacity=True,n_bins=50,numeric=True,on_change=capchain,other_lags=2,pool=local",linear,4,133160,33558,0.8683175397818702,0.4416051827437754,5.388137938755522,5.885341950339392,33464,0.8692326081759503,0.4348426821052546,5.254728948722205,5.753329600788052,94,0.5425531914893617,2.849055410057176,52.88173839061648,52.88173839061648,7407,0.547185095180235,1.610663694880251,14.748879490998817,18.54871999146477,26151,0.9592749799242859,0.1104814628326869,2.7368048089529866,2.298571228354929,18970,0.7875065893516078,0.7062896996634163,7.071690312161792,8.805322867905604,0.6191844528028264,0.5070768501609564,"[""y@t"", ""throughput_2@t"", ""throughput_2@t-1""]",3,50,125000.0,2145,0.10376065319744919,5.052863698670958,8.242224565102793
"ar_order=2,capacity=True,n_bins=50,numeric=True,on_change=capchain,other_lags=2,pool=local",clg,4,133160,33558,0.8683175397818702,0.4416051827437754,5.388137938755522,5.885341950339392,33464,0.8692326081759503,0.4348426821052546,5.254728948722205,5.753329600788052,94,0.5425531914893617,2.849055410057176,52.88173839061648,52.88173839061648,7407,0.547185095180235,1.610663694880251,14.748879490998817,18.54871999146477,26151,0.9592749799242859,0.1104814628326869,2.7368048089529866,2.298571228354929,18970,0.7875065893516078,0.7062896996634163,7.071690312161792,8.805322867905604,0.6191844528028264,0.5070768501609564,"[""y@t"", ""throughput_2@t"", ""throughput_2@t-1""]",3,50,125000.0,2145,0.10376065319744919,5.052863698670958,8.242224565102793
"ar_order=2,capacity=True,n_bins=50,numeric=True,on_change=capchain,other_lags=2,pool=local",ar,4,133160,33558,0.7838071398772275,0.7464284756594431,6.367557779185415,5.628185077278616,33464,0.7855606024384413,0.7241402824799402,5.991201238653577,5.250222750583267,94,0.1595744680851064,8.6810252475625,140.35048620851978,140.18277338082294,7407,0.0371270419873093,2.5835511939041105,18.72556852586838,17.273241738013773,26151,0.9952965469771711,0.2260824860591124,2.867279181782611,2.3298433432697716,18970,0.6237216657880864,1.0983511346422106,8.119812577175798,7.4248361918451815,0.5191341856127449,0.5070768501609564,"[""y@t"", ""throughput_2@t"", ""throughput_2@t-1""]",3,50,125000.0,2145,0.10376065319744919,5.052863698670958,8.242224565102793
"ar_order=2,capacity=True,n_bins=50,numeric=True,on_change=capchain,other_lags=2,pool=local",persistence,4,133160,33558,0.7792776685142142,6.098783402040728,6.288261746258592,5.052863698670967,33464,0.7810184078412622,6.050684996937735,5.909724988466333,4.672334448960085,94,0.1595744680851064,23.221815618705904,141.0473475203031,140.5212765957447,7407,0.0,27.63102111592855,21.20298317402532,19.632779802889157,26151,1.0,0.0,2.063821318914775,0.9232534128714127,18970,0.6137058513442277,10.673701778467285,8.900384734799818,8.242224565102793,0.5391515320147137,0.5070768501609564,"[""y@t"", ""throughput_2@t"", ""throughput_2@t-1""]",3,50,125000.0,2145,0.10376065319744919,5.052863698670958,8.242224565102793
"ar_order=2,capacity=True,n_bins=50,numeric=True,on_change=capchain,other_lags=2,pool=local",model,5,166718,33201,0.9096111562904732,0.308612088671531,5.209137647846283,4.462367332715361,33108,0.9105050138939229,0.30597236142605216,5.03464063750986,4.28551314139041,93,0.5913978494623656,1.248354988062009,67.33007332761278,67.42245944439723,5131,0.5332293899824596,1.564673934817997,18.0080390518695,17.932262691692262,28070,0.9784111150694692,0.07901275370261346,2.8695878400784474,2.0001645152265644,18178,0.8500935196391242,0.5022681109745956,6.400183009804281,6.31051327891822,0.7012906633080339,0.6287797465920448,"[""y@t"", ""throughput_2@t"", ""throughput_2@t-1"", ""buffer_size_3@t""]",4,50,6250000.0,5707,0.11840004819131954,4.627330502093311,7.7230718450874685
"ar_order=2,capacity=True,n_bins=50,numeric=True,on_change=capchain,other_lags=2,pool=local",cg_mean,5,166718,33201,0.9096111562904732,0.308612088671531,5.209137647846283,4.36873627781117,33108,0.9105050138939229,0.30597236142605216,5.03464063750986,4.19187858946903,93,0.5913978494623656,1.248354988062009,67.33007332761278,67.33007332761278,5131,0.5332293899824596,1.564673934817997,18.0080390518695,17.571473589719087,28070,0.9784111150694692,0.07901275370261346,2.8695878400784474,1.9553680858838614,18178,0.8500935196391242,0.5022681109745956,6.400183009804281,6.0583250029572095,0.7012906633080339,0.6287797465920448,"[""y@t"", ""throughput_2@t"", ""throughput_2@t-1"", ""buffer_size_3@t""]",4,50,6250000.0,5707,0.11840004819131954,4.627330502093311,7.7230718450874685
"ar_order=2,capacity=True,n_bins=50,numeric=True,on_change=capchain,other_lags=2,pool=local",cg_median,5,166718,33201,0.9096111562904732,0.308612088671531,5.209137647846283,3.7679797843278213,33108,0.9105050138939229,0.30597236142605216,5.03464063750986,3.58943457774556,93,0.5913978494623656,1.248354988062009,67.33007332761278,67.33007332761278,5131,0.5332293899824596,1.564673934817997,18.0080390518695,17.5326654658895,28070,0.9784111150694692,0.07901275370261346,2.8695878400784474,1.2518913542568206,18178,0.8500935196391242,0.5022681109745956,6.400183009804281,6.0707998679722746,0.7012906633080339,0.6287797465920448,"[""y@t"", ""throughput_2@t"", ""throughput_2@t-1"", ""buffer_size_3@t""]",4,50,6250000.0,5707,0.11840004819131954,4.627330502093311,7.7230718450874685
"ar_order=2,capacity=True,n_bins=50,numeric=True,on_change=capchain,other_lags=2,pool=local",linear,5,166718,33201,0.9096111562904732,0.308612088671531,5.209137647846283,5.280632422496712,33108,0.9105050138939229,0.30597236142605216,5.03464063750986,5.10633624017897,93,0.5913978494623656,1.248354988062009,67.33007332761278,67.33007332761278,5131,0.5332293899824596,1.564673934817997,18.0080390518695,22.888641130970818,28070,0.9784111150694692,0.07901275370261346,2.8695878400784474,2.062011379276882,18178,0.8500935196391242,0.5022681109745956,6.400183009804281,7.892021048823237,0.7012906633080339,0.6287797465920448,"[""y@t"", ""throughput_2@t"", ""throughput_2@t-1"", ""buffer_size_3@t""]",4,50,6250000.0,5707,0.11840004819131954,4.627330502093311,7.7230718450874685
"ar_order=2,capacity=True,n_bins=50,numeric=True,on_change=capchain,other_lags=2,pool=local",clg,5,166718,33201,0.9096111562904732,0.308612088671531,5.209137647846283,3.100796990659258,33108,0.9105050138939229,0.30597236142605216,5.03464063750986,2.9203776751060175,93,0.5913978494623656,1.248354988062009,67.33007332761278,67.33007332761278,5131,0.5332293899824596,1.564673934817997,18.0080390518695,11.64097215898333,28070,0.9784111150694692,0.07901275370261346,2.8695878400784474,1.5397126020354315,18178,0.8500935196391242,0.5022681109745956,6.400183009804281,4.017389915331236,0.7012906633080339,0.6287797465920448,"[""y@t"", ""throughput_2@t"", ""throughput_2@t-1"", ""buffer_size_3@t""]",4,50,6250000.0,5707,0.11840004819131954,4.627330502093311,7.7230718450874685
"ar_order=2,capacity=True,n_bins=50,numeric=True,on_change=capchain,other_lags=2,pool=local",ar,5,166718,33201,0.8472636366374506,0.5943110392701321,6.429239565955806,5.541845404024392,33108,0.8491905279690709,0.574176861942982,6.052760130901415,5.163743825163316,93,0.16129032258064516,7.762078167735536,140.45591844531873,140.14600747856727,5131,0.027285129604365622,2.666926322923236,23.465164575674812,21.968468950178156,28070,0.9971499821873887,0.21545143754501359,3.315191428269014,2.5391733194032673,18178,0.726427549785455,0.8639532707635138,7.68331133753901,6.971053200394835,0.586903959325669,0.6287797465920448,"[""y@t"", ""throughput_2@t"", ""throughput_2@t-1"", ""buffer_size_3@t""]",4,50,6250000.0,5707,0.11840004819131954,4.627330502093311,7.7230718450874685
"ar_order=2,capacity=True,n_bins=50,numeric=True,on_change=capchain,other_lags=2,pool=local",persistence,5,166718,33201,0.8454564621547543,4.270195757532284,5.906972682153157,4.6273305020933195,33108,0.8473782771535581,4.217094046719432,5.522727847326062,4.240364866497532,93,0.16129032258064516,23.174404806907805,142.69813388059904,142.38709677419354,5131,0.0,27.631021115928547,26.5897945636685,25.006236601052425,28070,1.0,0.0,2.1262972609185575,0.9022087638047839,18178,0.7220266255913742,7.680688177950652,8.295814485520427,7.7230718450874685,0.599000207685501,0.6287797465920448,"[""y@t"", ""throughput_2@t"", ""throughput_2@t-1"", ""buffer_size_3@t""]",4,50,6250000.0,5707,0.11840004819131954,4.627330502093311,7.7230718450874685
"ar_order=2,capacity=True,numeric=True,on_change=capchain,other_lags=2,pool=local,target=avg_p_latency_1",model,1,33200,33558,0.8282972763573514,0.4596385499758814,0.7204550919663043,0.46130402051338903,33464,0.8303550083672006,0.4385986559713223,0.6807187808929995,0.4206229370212721,94,0.09574468085106383,7.949840815598911,14.866581834062838,14.943769743706985,5418,0.24861572535991142,1.863162519448043,1.5327222567754504,1.2182552690704314,28140,0.939907604832978,0.1894078155551219,0.5640633542642449,0.31556266071658534,10799,0.6131123252152977,0.9712377962895601,0.9412832935676347,1.0040838134072876,0.6144136136301268,0.04243580810725689,"[""y@t"", ""throughput_1@t-1"", ""data_quality_1@t+h"", ""y@t-1""]",4,20,80000.0,291,0.31902973955539665,0.4225817986769176,1.1815908880451893
"ar_order=2,capacity=True,numeric=True,on_change=capchain,other_lags=2,pool=local,target=avg_p_latency_1",cg_mean,1,33200,33558,0.8282972763573514,0.4596385499758814,0.7204550919663043,0.43309576162937374,33464,0.8303550083672006,0.4385986559713223,0.6807187808929995,0.39255226142590893,94,0.09574468085106383,7.949840815598911,14.866581834062838,14.866581834062838,5418,0.24861572535991142,1.863162519448043,1.5327222567754504,1.2601285585121083,28140,0.939907604832978,0.1894078155551219,0.5640633542642449,0.2738610887967279,10799,0.6131123252152977,0.9712377962895601,0.9412832935676347,1.0232314262982891,0.6144136136301268,0.04243580810725689,"[""y@t"", ""throughput_1@t-1"", ""data_quality_1@t+h"", ""y@t-1""]",4,20,80000.0,291,0.31902973955539665,0.4225817986769176,1.1815908880451893
"ar_order=2,capacity=True,numeric=True,on_change=capchain,other_lags=2,pool=local,target=avg_p_latency_1",cg_median,1,33200,33558,0.8282972763573514,0.4596385499758814,0.7204550919663043,0.403866699219319,33464,0.8303550083672006,0.4385986559713223,0.6807187808929995,0.3632410949079608,94,0.09574468085106383,7.949840815598911,14.866581834062838,14.866581834062838,5418,0.24861572535991142,1.863162519448043,1.5327222567754504,1.2283807375026692,28140,0.939907604832978,0.1894078155551219,0.5640633542642449,0.2451169814005844,10799,0.6131123252152977,0.9712377962895601,0.9412832935676347,1.0089360125937588,0.6144136136301268,0.04243580810725689,"[""y@t"", ""throughput_1@t-1"", ""data_quality_1@t+h"", ""y@t-1""]",4,20,80000.0,291,0.31902973955539665,0.4225817986769176,1.1815908880451893
"ar_order=2,capacity=True,numeric=True,on_change=capchain,other_lags=2,pool=local,target=avg_p_latency_1",linear,1,33200,33558,0.8282972763573514,0.4596385499758814,0.7204550919663043,0.6056539057826578,33464,0.8303550083672006,0.4385986559713223,0.6807187808929995,0.5655951194672639,94,0.09574468085106383,7.949840815598911,14.866581834062838,14.866581834062838,5418,0.24861572535991142,1.863162519448043,1.5327222567754504,1.2682001653639041,28140,0.939907604832978,0.1894078155551219,0.5640633542642449,0.4780890289379103,10799,0.6131123252152977,0.9712377962895601,0.9412832935676347,0.904982495493808,0.6144136136301268,0.04243580810725689,"[""y@t"", ""throughput_1@t-1"", ""data_quality_1@t+h"", ""y@t-1""]",4,20,80000.0,291,0.31902973955539665,0.4225817986769176,1.1815908880451893
"ar_order=2,capacity=True,numeric=True,on_change=capchain,other_lags=2,pool=local,target=avg_p_latency_1",clg,1,33200,33558,0.8282972763573514,0.4596385499758814,0.7204550919663043,0.4847058820709504,33464,0.8303550083672006,0.4385986559713223,0.6807187808929995,0.44430735411591704,94,0.09574468085106383,7.949840815598911,14.866581834062838,14.866581834062838,5418,0.24861572535991142,1.863162519448043,1.5327222567754504,1.1415471190637245,28140,0.939907604832978,0.1894078155551219,0.5640633542642449,0.35823943494846106,10799,0.6131123252152977,0.9712377962895601,0.9412832935676347,0.8003199044314182,0.6144136136301268,0.04243580810725689,"[""y@t"", ""throughput_1@t-1"", ""data_quality_1@t+h"", ""y@t-1""]",4,20,80000.0,291,0.31902973955539665,0.4225817986769176,1.1815908880451893
"ar_order=2,capacity=True,numeric=True,on_change=capchain,other_lags=2,pool=local,target=avg_p_latency_1",ar,1,33200,33558,0.8086894332200966,0.5234528594737982,0.7944618173512632,0.47940961751721217,33464,0.810721969878078,0.5016185313116471,0.7545523393999235,0.4383903762220041,94,0.0851063829787234,8.296473685199553,15.002235968028177,15.08225951861128,5418,0.08600959763750461,2.2235889140643503,1.9119496615965175,1.4770443617526157,28140,0.9478322672352523,0.19611323105263206,0.5793037100264307,0.2873277040748733,10799,0.5391239929623113,1.16346332103994,1.1325254534341829,1.132859905846847,0.5936845590584651,0.04243580810725689,"[""y@t"", ""throughput_1@t-1"", ""data_quality_1@t+h"", ""y@t-1""]",4,20,80000.0,291,0.31902973955539665,0.4225817986769176,1.1815908880451893
"ar_order=2,capacity=True,numeric=True,on_change=capchain,other_lags=2,pool=local,target=avg_p_latency_1",persistence,1,33200,33558,0.8385481852315394,4.461078503072319,0.796270235971517,0.42258179867691803,33464,0.8406347119292374,4.403425639829278,0.7562487355933267,0.3813052832895056,94,0.09574468085106383,24.98549781759495,15.043924370607249,15.117021276595745,5418,0.0,27.631021115928544,2.010413539135909,1.5738279808047244,28140,1.0,0.0,0.5625023462577758,0.20092395167022098,10799,0.5061579775905176,13.645359349129265,1.1709162328463258,1.181590888045189,0.6765970327764521,0.04243580810725689,"[""y@t"", ""throughput_1@t-1"", ""data_quality_1@t+h"", ""y@t-1""]",4,20,80000.0,291,0.31902973955539665,0.4225817986769176,1.1815908880451893
"ar_order=2,capacity=True,numeric=True,on_change=capchain,other_lags=2,pool=local,target=avg_p_latency_1",model,2,66758,33201,0.8497635613385139,0.40768715589581495,0.648881643851881,0.45696825110548916,33108,0.8518787000120817,0.38957974168814685,0.6144023505236503,0.421940886730456,93,0.0967741935483871,6.853926613825668,12.923510068701978,12.92670996861731,5771,0.3240339629180385,1.569019600054289,1.2892966488010993,1.0002720675044787,27430,0.9603718556325191,0.163354325591821,0.5141446772619451,0.3426625156173897,10804,0.6299518696778971,0.8753130331316129,0.8596495434895294,0.9090372934497468,0.7077903968831701,0.09088186919689178,"[""y@t"", ""y@t-1"", ""data_quality_1@t+h"", ""cores_1@t""]",4,20,24000.0,382,0.05228758169934641,0.42348122044516734,1.184468715290633
"ar_order=2,capacity=True,numeric=True,on_change=capchain,other_lags=2,pool=local,target=avg_p_latency_1",cg_mean,2,66758,33201,0.8497635613385139,0.40768715589581495,0.648881643851881,0.4216249964526919,33108,0.8518787000120817,0.38957974168814685,0.6144023505236503,0.3865073417553625,93,0.0967741935483871,6.853926613825668,12.923510068701978,12.923510068701978,5771,0.3240339629180385,1.569019600054289,1.2892966488010993,1.11130106974028,27430,0.9603718556325191,0.163354325591821,0.5141446772619451,0.2765239895645158,10804,0.6299518696778971,0.8753130331316129,0.8596495434895294,0.9647242232254125,0.7077903968831701,0.09088186919689178,"[""y@t"", ""y@t-1"", ""data_quality_1@t+h"", ""cores_1@t""]",4,20,24000.0,382,0.05228758169934641,0.42348122044516734,1.184468715290633
"ar_order=2,capacity=True,numeric=True,on_change=capchain,other_lags=2,pool=local,target=avg_p_latency_1",cg_median,2,66758,33201,0.8497635613385139,0.40768715589581495,0.648881643851881,0.38930714244719383,33108,0.8518787000120817,0.38957974168814685,0.6144023505236503,0.35409870726108494,93,0.0967741935483871,6.853926613825668,12.923510068701978,12.923510068701978,5771,0.3240339629180385,1.569019600054289,1.2892966488010993,1.0589721704285187,27430,0.9603718556325191,0.163354325591821,0.5141446772619451,0.24841626105892467,10804,0.6299518696778971,0.8753130331316129,0.8596495434895294,0.935394298407997,0.7077903968831701,0.09088186919689178,"[""y@t"", ""y@t-1"", ""data_quality_1@t+h"", ""cores_1@t""]",4,20,24000.0,382,0.05228758169934641,0.42348122044516734,1.184468715290633
"ar_order=2,capacity=True,numeric=True,on_change=capchain,other_lags=2,pool=local,target=avg_p_latency_1",linear,2,66758,33201,0.8497635613385139,0.40768715589581495,0.648881643851881,0.5741122014129961,33108,0.8518787000120817,0.38957974168814685,0.6144023505236503,0.5394228815610607,93,0.0967741935483871,6.853926613825668,12.923510068701978,12.923510068701978,5771,0.3240339629180385,1.569019600054289,1.2892966488010993,1.213856049828955,27430,0.9603718556325191,0.163354325591821,0.5141446772619451,0.43951643950236907,10804,0.6299518696778971,0.8753130331316129,0.8596495434895294,0.906005565375672,0.7077903968831701,0.09088186919689178,"[""y@t"", ""y@t-1"", ""data_quality_1@t+h"", ""cores_1@t""]",4,20,24000.0,382,0.05228758169934641,0.42348122044516734,1.184468715290633
"ar_order=2,capacity=True,numeric=True,on_change=capchain,other_lags=2,pool=local,target=avg_p_latency_1",clg,2,66758,33201,0.8497635613385139,0.40768715589581495,0.648881643851881,0.44402347397117364,33108,0.8518787000120817,0.38957974168814685,0.6144023505236503,0.40896873634552533,93,0.0967741935483871,6.853926613825668,12.923510068701978,12.923510068701978,5771,0.3240339629180385,1.569019600054289,1.2892966488010993,1.0860847066306702,27430,0.9603718556325191,0.163354325591821,0.5141446772619451,0.30894015739523656,10804,0.6299518696778971,0.8753130331316129,0.8596495434895294,0.7915075137204018,0.7077903968831701,0.09088186919689178,"[""y@t"", ""y@t-1"", ""data_quality_1@t+h"", ""cores_1@t""]",4,20,24000.0,382,0.05228758169934641,0.42348122044516734,1.184468715290633
"ar_order=2,capacity=True,numeric=True,on_change=capchain,other_lags=2,pool=local,target=avg_p_latency_1",ar,2,66758,33201,0.8294930875576036,0.5336775418603394,0.7824978188808526,0.4862154035693231,33108,0.8315814908783375,0.5119598795334875,0.7465691259102437,0.44944364681316656,93,0.08602150537634409,8.265165330219645,13.573112516417613,13.576960808761058,5771,0.03361635765032057,2.1879968999104205,1.8651120343748055,1.4578612518229062,27430,0.9969376594969012,0.18562515340583646,0.554726523306095,0.2817907520829423,10804,0.48991114402073305,1.2282292406977622,1.1685093047522004,1.1456560538757758,0.6960684649969024,0.09088186919689178,"[""y@t"", ""y@t-1"", ""data_quality_1@t+h"", ""cores_1@t""]",4,20,24000.0,382,0.05228758169934641,0.42348122044516734,1.184468715290633
"ar_order=2,capacity=True,numeric=True,on_change=capchain,other_lags=2,pool=local,target=avg_p_latency_1",persistence,2,66758,33201,0.8261799343393271,4.802825904642138,0.7818099709784202,0.42348122044516817,33108,0.8282590310498973,4.745378339530317,0.7458389112471486,0.3865228947686369,93,0.08602150537634409,25.254159084450816,13.587507235311092,13.580645161290322,5771,0.0,27.631021115928544,1.9438695100741337,1.5343961185236525,27430,1.0,0.0,0.5373241671096136,0.18975574188844438,10804,0.4737134394668641,14.541835067120484,1.1873976998700737,1.184468715290633,0.7049726142790647,0.09088186919689178,"[""y@t"", ""y@t-1"", ""data_quality_1@t+h"", ""cores_1@t""]",4,20,24000.0,382,0.05228758169934641,0.42348122044516734,1.184468715290633
"ar_order=2,capacity=True,numeric=True,on_change=capchain,other_lags=2,pool=local,target=avg_p_latency_1",model,3,99959,33201,0.8686485346826903,0.37334455157232727,0.6300423521446656,0.5037395719327049,33108,0.8709979461157424,0.3539312268913143,0.5901283194037421,0.46347446466816344,93,0.03225806451612903,7.284488138012967,14.839438007913442,14.83811775810945,5181,0.3221385832850801,1.570863713441825,1.3349278350138354,1.0669368276959152,28020,0.9697002141327623,0.15191889926519422,0.49970646039787164,0.3996023491593574,11896,0.7022528581035642,0.7090510884887049,0.7905910610724991,0.944306672825019,0.7109966676546575,0.13783459179103374,"[""y@t"", ""cores_1@t"", ""data_quality_1@t+h"", ""y@t-1""]",4,20,24000.0,452,0.099756031444836,0.45986566669678625,1.1622394082044385
"ar_order=2,capacity=True,numeric=True,on_change=capchain,other_lags=2,pool=local,target=avg_p_latency_1",cg_mean,3,99959,33201,0.8686485346826903,0.37334455157232727,0.6300423521446656,0.46356014289102393,33108,0.8709979461157424,0.3539312268913143,0.5901283194037421,0.4231784634948935,93,0.03225806451612903,7.284488138012967,14.839438007913442,14.839438007913442,5181,0.3221385832850801,1.570863713441825,1.3349278350138354,1.1495020751954097,28020,0.9697002141327623,0.15191889926519422,0.49970646039787164,0.3367269826030502,11896,0.7022528581035642,0.7090510884887049,0.7905910610724991,0.9756697349619748,0.7109966676546575,0.13783459179103374,"[""y@t"", ""cores_1@t"", ""data_quality_1@t+h"", ""y@t-1""]",4,20,24000.0,452,0.099756031444836,0.45986566669678625,1.1622394082044385
"ar_order=2,capacity=True,numeric=True,on_change=capchain,other_lags=2,pool=local,target=avg_p_latency_1",cg_median,3,99959,33201,0.8686485346826903,0.37334455157232727,0.6300423521446656,0.4236790378222327,33108,0.8709979461157424,0.3539312268913143,0.5901283194037421,0.38318533285006645,93,0.03225806451612903,7.284488138012967,14.839438007913442,14.839438007913442,5181,0.3221385832850801,1.570863713441825,1.3349278350138354,1.127114267260511,28020,0.9697002141327623,0.15191889926519422,0.49970646039787164,0.2936113032141057,11896,0.7022528581035642,0.7090510884887049,0.7905910610724991,0.9656607262945528,0.7109966676546575,0.13783459179103374,"[""y@t"", ""cores_1@t"", ""data_quality_1@t+h"", ""y@t-1""]",4,20,24000.0,452,0.099756031444836,0.45986566669678625,1.1622394082044385
"ar_order=2,capacity=True,numeric=True,on_change=capchain,other_lags=2,pool=local,target=avg_p_latency_1",linear,3,99959,33201,0.8686485346826903,0.37334455157232727,0.6300423521446656,0.6101829073959176,33108,0.8709979461157424,0.3539312268913143,0.5901283194037421,0.5702130896978348,93,0.03225806451612903,7.284488138012967,14.839438007913442,14.839438007913442,5181,0.3221385832850801,1.570863713441825,1.3349278350138354,1.2593900292265288,28020,0.9697002141327623,0.15191889926519422,0.49970646039787164,0.4901421472886945,11896,0.7022528581035642,0.7090510884887049,0.7905910610724991,0.9024181492769261,0.7109966676546575,0.13783459179103374,"[""y@t"", ""cores_1@t"", ""data_quality_1@t+h"", ""y@t-1""]",4,20,24000.0,452,0.099756031444836,0.45986566669678625,1.1622394082044385
"ar_order=2,capacity=True,numeric=True,on_change=capchain,other_lags=2,pool=local,target=avg_p_latency_1",clg,3,99959,33201,0.8686485346826903,0.37334455157232727,0.6300423521446656,0.47450570195806424,33108,0.8709979461157424,0.3539312268913143,0.5901283194037421,0.43415476851436935,93,0.03225806451612903,7.284488138012967,14.839438007913442,14.839438007913442,5181,0.3221385832850801,1.570863713441825,1.3349278350138354,1.142782906028112,28020,0.9697002141327623,0.15191889926519422,0.49970646039787164,0.3509388142247696,11896,0.7022528581035642,0.7090510884887049,0.7905910610724991,0.7730947736014981,0.7109966676546575,0.13783459179103374,"[""y@t"", ""cores_1@t"", ""data_quality_1@t+h"", ""y@t-1""]",4,20,24000.0,452,0.099756031444836,0.45986566669678625,1.1622394082044385
"ar_order=2,capacity=True,numeric=True,on_change=capchain,other_lags=2,pool=local,target=avg_p_latency_1",ar,3,99959,33201,0.8452155055570615,0.5138857378523652,0.7759621290325739,0.5302335690973855,33108,0.8474990938745922,0.49178583408911447,0.734658688572691,0.4882435884405048,93,0.03225806451612903,8.381451477569653,15.479986932750897,15.478666682946912,5181,0.014282956958116193,2.262264197256409,1.9863872548518515,1.5509529142918097,28020,0.9988579586009992,0.19060419616170327,0.5521501170101013,0.34149884649023654,11896,0.5777572293207801,1.0500917407903656,1.0817880239134394,1.1470174470226497,0.6980797425733609,0.13783459179103374,"[""y@t"", ""cores_1@t"", ""data_quality_1@t+h"", ""y@t-1""]",4,20,24000.0,452,0.099756031444836,0.45986566669678625,1.1622394082044385
"ar_order=2,capacity=True,numeric=True,on_change=capchain,other_lags=2,pool=local,target=avg_p_latency_1",persistence,3,99959,33201,0.8439504834191741,4.3118074877752415,0.756299762725044,0.4598656666967868,33108,0.8462305183037332,4.248807795734935,0.7148660637610975,0.4176029962546822,93,0.03225806451612903,26.739697854124394,15.506696593890009,15.505376344086022,5181,0.0,27.631021115928547,2.021556979653609,1.585987261146497,28020,1.0,0.0,0.5223490974535632,0.2516416845110641,11896,0.5720410221923335,11.824943552554828,1.0747600467817051,1.1622394082044387,0.7041613777757838,0.13783459179103374,"[""y@t"", ""cores_1@t"", ""data_quality_1@t+h"", ""y@t-1""]",4,20,24000.0,452,0.099756031444836,0.45986566669678625,1.1622394082044385
"ar_order=2,capacity=True,numeric=True,on_change=capchain,other_lags=2,pool=local,target=avg_p_latency_1",model,4,133160,33558,0.8340187138685261,0.39584447185683336,0.6373213707598453,0.4578296959091192,33464,0.8358235715993306,0.3821388432409908,0.6034273227362528,0.4235888757893373,94,0.19148936170212766,5.275048259096774,12.70360246715879,12.647561658551496,6185,0.31333872271624896,1.4710087954465914,1.2002939536014086,0.8801419424859125,27373,0.9516677017498996,0.15290831793133547,0.5101162626286552,0.36240715380275657,11484,0.6113723441309649,0.8346076583709575,0.818012511426722,0.8534267396489275,0.6498589532199802,0.18315117619931698,"[""y@t"", ""capacity_1@t+h"", ""y@t-1"", ""data_quality_1@t+h""]",4,20,80000.0,529,0.0028309196018833065,0.434918648310388,1.1571752002786486
"ar_order=2,capacity=True,numeric=True,on_change=capchain,other_lags=2,pool=local,target=avg_p_latency_1",cg_mean,4,133160,33558,0.8340187138685261,0.39584447185683336,0.6373213707598453,0.4258769521962989,33464,0.8358235715993306,0.3821388432409908,0.6034273227362528,0.3913889591767413,94,0.19148936170212766,5.275048259096774,12.70360246715879,12.70360246715879,6185,0.31333872271624896,1.4710087954465914,1.2002939536014086,1.013365478236003,27373,0.9516677017498996,0.15290831793133547,0.5101162626286552,0.2931324034235824,11484,0.6113723441309649,0.8346076583709575,0.818012511426722,0.9211661385459347,0.6498589532199802,0.18315117619931698,"[""y@t"", ""capacity_1@t+h"", ""y@t-1"", ""data_quality_1@t+h""]",4,20,80000.0,529,0.0028309196018833065,0.434918648310388,1.1571752002786486
"ar_order=2,capacity=True,numeric=True,on_change=capchain,other_lags=2,pool=local,target=avg_p_latency_1",cg_median,4,133160,33558,0.8340187138685261,0.39584447185683336,0.6373213707598453,0.4026651955394519,33464,0.8358235715993306,0.3821388432409908,0.6034273227362528,0.3681120009562515,94,0.19148936170212766,5.275048259096774,12.70360246715879,12.70360246715879,6185,0.31333872271624896,1.4710087954465914,1.2002939536014086,1.0275305771494827,27373,0.9516677017498996,0.15290831793133547,0.5101162626286552,0.26147524978056386,11484,0.6113723441309649,0.8346076583709575,0.818012511426722,0.9277690700104493,0.6498589532199802,0.18315117619931698,"[""y@t"", ""capacity_1@t+h"", ""y@t-1"", ""data_quality_1@t+h""]",4,20,80000.0,529,0.0028309196018833065,0.434918648310388,1.1571752002786486
"ar_order=2,capacity=True,numeric=True,on_change=capchain,other_lags=2,pool=local,target=avg_p_latency_1",linear,4,133160,33558,0.8340187138685261,0.39584447185683336,0.6373213707598453,0.6112468896452878,33464,0.8358235715993306,0.3821388432409908,0.6034273227362528,0.5772795986972162,94,0.19148936170212766,5.275048259096774,12.70360246715879,12.70360246715879,6185,0.31333872271624896,1.4710087954465914,1.2002939536014086,1.1547867425749294,27373,0.9516677017498996,0.15290831793133547,0.5101162626286552,0.488432656993776,11484,0.6113723441309649,0.8346076583709575,0.818012511426722,0.8842392521317468,0.6498589532199802,0.18315117619931698,"[""y@t"", ""capacity_1@t+h"", ""y@t-1"", ""data_quality_1@t+h""]",4,20,80000.0,529,0.0028309196018833065,0.434918648310388,1.1571752002786486
"ar_order=2,capacity=True,numeric=True,on_change=capchain,other_lags=2,pool=local,target=avg_p_latency_1",clg,4,133160,33558,0.8340187138685261,0.39584447185683336,0.6373213707598453,0.45624232065714765,33464,0.8358235715993306,0.3821388432409908,0.6034273227362528,0.4218396236164128,94,0.19148936170212766,5.275048259096774,12.70360246715879,12.70360246715879,6185,0.31333872271624896,1.4710087954465914,1.2002939536014086,0.9976417674082824,27373,0.9516677017498996,0.15290831793133547,0.5101162626286552,0.33391171830608024,11484,0.6113723441309649,0.8346076583709575,0.818012511426722,0.7538270715648435,0.6498589532199802,0.18315117619931698,"[""y@t"", ""capacity_1@t+h"", ""y@t-1"", ""data_quality_1@t+h""]",4,20,80000.0,529,0.0028309196018833065,0.434918648310388,1.1571752002786486
"ar_order=2,capacity=True,numeric=True,on_change=capchain,other_lags=2,pool=local,target=avg_p_latency_1",ar,4,133160,33558,0.8173907861016747,0.523185204613747,0.7828633469428392,0.47632707912075206,33464,0.8192684676069807,0.5043242592874321,0.7458470513210658,0.43867951644339576,94,0.14893617021276595,7.237681740781815,13.960664588294208,13.878859392259628,6185,0.02053354890864996,2.104437794850321,1.81473524052621,1.3814403106661648,27373,0.9974427355423228,0.16589710062027846,0.5497092293155004,0.2718144083463256,11484,0.4778822709857193,1.1858517517987515,1.1280729771776092,1.110420273943313,0.6670649335956114,0.18315117619931698,"[""y@t"", ""capacity_1@t+h"", ""y@t-1"", ""data_quality_1@t+h""]",4,20,80000.0,529,0.0028309196018833065,0.434918648310388,1.1571752002786486
"ar_order=2,capacity=True,numeric=True,on_change=capchain,other_lags=2,pool=local,target=avg_p_latency_1",persistence,4,133160,33558,0.8156922343405447,5.092611764766018,0.7846548718449506,0.4349186483103884,33464,0.8175651446330385,5.0408613409258844,0.7475898640719882,0.3971133158020564,94,0.14893617021276595,23.51576265185408,13.979797639019575,13.893617021276595,6185,0.0,27.63102111592855,1.902037720715445,1.4672594987873882,27373,1.0,0.0,0.5321793331658141,0.20165856866255136,11484,0.46839080459770116,14.688904903582703,1.159032681003514,1.1571752002786482,0.6790929339899375,0.18315117619931698,"[""y@t"", ""capacity_1@t+h"", ""y@t-1"", ""data_quality_1@t+h""]",4,20,80000.0,529,0.0028309196018833065,0.434918648310388,1.1571752002786486
"ar_order=2,capacity=True,numeric=True,on_change=capchain,other_lags=2,pool=local,target=avg_p_latency_1",model,5,166718,33201,0.8488900936718774,0.3652742869876633,0.5919696985045549,0.49045763646659074,33108,0.8508819620635496,0.3493743436384441,0.5576481871818896,0.4557771692013516,93,0.13978494623655913,6.0256541193096975,12.810427729373421,12.836703982891686,5657,0.25066289552766485,1.4064946587715876,1.1689906731672723,0.8960298758995574,27544,0.9717542840546035,0.15142794501911627,0.47346085252477743,0.40716101439019325,11976,0.6406145624582499,0.7038117989773335,0.7626321033064489,0.873428817166384,0.6934472428357932,0.2366974912583828,"[""y@t"", ""capacity_1@t+h"", ""y@t-1"", ""data_quality_1@t+h""]",4,20,80000.0,578,0.004758892804433601,0.4529381645131171,1.1492150968603874
"ar_order=2,capacity=True,numeric=True,on_change=capchain,other_lags=2,pool=local,target=avg_p_latency_1",cg_mean,5,166718,33201,0.8488900936718774,0.3652742869876633,0.5919696985045549,0.45188334009865516,33108,0.8508819620635496,0.3493743436384441,0.5576481871818896,0.4171683277692317,93,0.13978494623655913,6.0256541193096975,12.810427729373421,12.810427729373421,5657,0.25066289552766485,1.4064946587715876,1.1689906731672723,1.0386137787678584,27544,0.9717542840546035,0.15142794501911627,0.47346085252477743,0.33138035971992724,11976,0.6406145624582499,0.7038117989773335,0.7626321033064489,0.9367780831515937,0.6934472428357932,0.2366974912583828,"[""y@t"", ""capacity_1@t+h"", ""y@t-1"", ""data_quality_1@t+h""]",4,20,80000.0,578,0.004758892804433601,0.4529381645131171,1.1492150968603874
"ar_order=2,capacity=True,numeric=True,on_change=capchain,other_lags=2,pool=local,target=avg_p_latency_1",cg_median,5,166718,33201,0.8488900936718774,0.3652742869876633,0.5919696985045549,0.4196219926758751,33108,0.8508819620635496,0.3493743436384441,0.5576481871818896,0.384816358584028,93,0.13978494623655913,6.0256541193096975,12.810427729373421,12.810427729373421,5657,0.25066289552766485,1.4064946587715876,1.1689906731672723,1.1024446553388172,27544,0.9717542840546035,0.15142794501911627,0.47346085252477743,0.27938354500363194,11976,0.6406145624582499,0.7038117989773335,0.7626321033064489,0.9663493653974616,0.6934472428357932,0.2366974912583828,"[""y@t"", ""capacity_1@t+h"", ""y@t-1"", ""data_quality_1@t+h""]",4,20,80000.0,578,0.004758892804433601,0.4529381645131171,1.1492150968603874
"ar_order=2,capacity=True,numeric=True,on_change=capchain,other_lags=2,pool=local,target=avg_p_latency_1",linear,5,166718,33201,0.8488900936718774,0.3652742869876633,0.5919696985045549,0.584137986872235,33108,0.8508819620635496,0.3493743436384441,0.5576481871818896,0.5497944763595911,93,0.13978494623655913,6.0256541193096975,12.810427729373421,12.810427729373421,5657,0.25066289552766485,1.4064946587715876,1.1689906731672723,1.1929192038715186,27544,0.9717542840546035,0.15142794501911627,0.47346085252477743,0.45910620700856414,11976,0.6406145624582499,0.7038117989773335,0.7626321033064489,0.8822673608505726,0.6934472428357932,0.2366974912583828,"[""y@t"", ""capacity_1@t+h"", ""y@t-1"", ""data_quality_1@t+h""]",4,20,80000.0,578,0.004758892804433601,0.4529381645131171,1.1492150968603874
"ar_order=2,capacity=True,numeric=True,on_change=capchain,other_lags=2,pool=local,target=avg_p_latency_1",clg,5,166718,33201,0.8488900936718774,0.3652742869876633,0.5919696985045549,0.46926068694896483,33108,0.8508819620635496,0.3493743436384441,0.5576481871818896,0.4345944873915928,93,0.13978494623655913,6.0256541193096975,12.810427729373421,12.810427729373421,5657,0.25066289552766485,1.4064946587715876,1.1689906731672723,1.0281259142255088,27544,0.9717542840546035,0.15142794501911627,0.47346085252477743,0.3544806771209293,11976,0.6406145624582499,0.7038117989773335,0.7626321033064489,0.7451637906458085,0.6934472428357932,0.2366974912583828,"[""y@t"", ""capacity_1@t+h"", ""y@t-1"", ""data_quality_1@t+h""]",4,20,80000.0,578,0.004758892804433601,0.4529381645131171,1.1492150968603874
"ar_order=2,capacity=True,numeric=True,on_change=capchain,other_lags=2,pool=local,target=avg_p_latency_1",ar,5,166718,33201,0.8300954790518358,0.5040403798404051,0.7364728665941737,0.49841065020868475,33108,0.8320647577624743,0.4846332727166528,0.7001483299837589,0.4613184255325511,93,0.12903225806451613,7.4129705158962285,13.668007899901802,13.703242634912254,5657,0.0028283542513699842,2.1287142574236224,1.8274493255595743,1.4212505747115252,27544,1.0,0.17036407554588504,0.512407595451011,0.3088773415783998,11976,0.5357381429525718,1.0669347441493866,1.0483887449944627,1.1102765423143068,0.6845867199556037,0.2366974912583828,"[""y@t"", ""capacity_1@t+h"", ""y@t-1"", ""data_quality_1@t+h""]",4,20,80000.0,578,0.004758892804433601,0.4529381645131171,1.1492150968603874
"ar_order=2,capacity=True,numeric=True,on_change=capchain,other_lags=2,pool=local,target=avg_p_latency_1",persistence,5,166718,33201,0.8296135658564501,4.707951159688196,0.7404186970272743,0.4529381645131177,33108,0.8315814908783375,4.653575381853859,0.7040828378250997,0.41570013289839375,93,0.12903225806451613,24.065728068711955,13.675984573001383,13.709677419354838,5657,0.0,27.631021115928547,1.9085449197056996,1.502209651758882,27544,1.0,0.0,0.5005083702159232,0.23743828056927185,11976,0.5344021376085505,12.864944367269338,1.078350174877808,1.1492150968603871,0.6837288318839223,0.2366974912583828,"[""y@t"", ""capacity_1@t+h"", ""y@t-1"", ""data_quality_1@t+h""]",4,20,80000.0,578,0.004758892804433601,0.4529381645131171,1.1492150968603874
"ar_order=2,capacity=True,n_bins=50,numeric=True,on_change=capchain,other_lags=2,pool=local,target=avg_p_latency_1",model,1,33200,33558,0.6526014661183622,0.9255604719256677,0.4733886121633171,0.4733886121633169,33464,0.6543150848673202,0.8971978160047306,0.43254108121778784,0.4325410812177876,94,0.0425531914893617,11.02266597977927,15.015109628771732,15.015109628771732,10889,0.30645605657085134,1.951907979435211,1.0288275851597908,1.0288275851597903,22669,0.818871586748423,0.4325568983550903,0.20658482827524963,0.2065848282752495,10799,0.30901009352717845,1.8722895280714784,0.9067574690638625,0.9067574690638625,0.3777626979908535,0.06672642379999161,"[""y@t"", ""throughput_1@t-1"", ""data_quality_1@t+h"", ""capacity_1@t+h""]",4,50,1250000.0,364,0.4716908039811669,0.4225817986769176,1.1815908880451893
"ar_order=2,capacity=True,n_bins=50,numeric=True,on_change=capchain,other_lags=2,pool=local,target=avg_p_latency_1",cg_mean,1,33200,33558,0.6526014661183622,0.9255604719256677,0.4733886121633171,0.47139586428841557,33464,0.6543150848673202,0.8971978160047306,0.43254108121778784,0.4305427357364962,94,0.0425531914893617,11.02266597977927,15.015109628771732,15.015109628771732,10889,0.30645605657085134,1.951907979435211,1.0288275851597908,1.028189278415116,22669,0.818871586748423,0.4325568983550903,0.20658482827524963,0.20394147783883054,10799,0.30901009352717845,1.8722895280714784,0.9067574690638625,0.9061138426037496,0.3777626979908535,0.06672642379999161,"[""y@t"", ""throughput_1@t-1"", ""data_quality_1@t+h"", ""capacity_1@t+h""]",4,50,1250000.0,364,0.4716908039811669,0.4225817986769176,1.1815908880451893
"ar_order=2,capacity=True,n_bins=50,numeric=True,on_change=capchain,other_lags=2,pool=local,target=avg_p_latency_1",cg_median,1,33200,33558,0.6526014661183622,0.9255604719256677,0.4733886121633171,0.44419870984875565,33464,0.6543150848673202,0.8971978160047306,0.43254108121778784,0.40326918479560125,94,0.0425531914893617,11.02266597977927,15.015109628771732,15.015109628771732,10889,0.30645605657085134,1.951907979435211,1.0288275851597908,0.9846936969771614,22669,0.818871586748423,0.4325568983550903,0.20658482827524963,0.1845732338753467,10799,0.30901009352717845,1.8722895280714784,0.9067574690638625,0.8622557644226317,0.3777626979908535,0.06672642379999161,"[""y@t"", ""throughput_1@t-1"", ""data_quality_1@t+h"", ""capacity_1@t+h""]",4,50,1250000.0,364,0.4716908039811669,0.4225817986769176,1.1815908880451893
"ar_order=2,capacity=True,n_bins=50,numeric=True,on_change=capchain,other_lags=2,pool=local,target=avg_p_latency_1",linear,1,33200,33558,0.6526014661183622,0.9255604719256677,0.4733886121633171,0.6970796532723735,33464,0.6543150848673202,0.8971978160047306,0.43254108121778784,0.6568604679479371,94,0.0425531914893617,11.02266597977927,15.015109628771732,15.015109628771732,10889,0.30645605657085134,1.951907979435211,1.0288275851597908,1.1837825878847734,22669,0.818871586748423,0.4325568983550903,0.20658482827524963,0.46329306123062397,10799,0.30901009352717845,1.8722895280714784,0.9067574690638625,1.063003883053337,0.3777626979908535,0.06672642379999161,"[""y@t"", ""throughput_1@t-1"", ""data_quality_1@t+h"", ""capacity_1@t+h""]",4,50,1250000.0,364,0.4716908039811669,0.4225817986769176,1.1815908880451893
"ar_order=2,capacity=True,n_bins=50,numeric=True,on_change=capchain,other_lags=2,pool=local,target=avg_p_latency_1",clg,1,33200,33558,0.6526014661183622,0.9255604719256677,0.4733886121633171,0.424200714288542,33464,0.6543150848673202,0.8971978160047306,0.43254108121778784,0.3832150150905555,94,0.0425531914893617,11.02266597977927,15.015109628771732,15.015109628771732,10889,0.30645605657085134,1.951907979435211,1.0288275851597908,1.0112959958215137,22669,0.818871586748423,0.4325568983550903,0.20658482827524963,0.14219089821317352,10799,0.30901009352717845,1.8722895280714784,0.9067574690638625,0.889079769619053,0.3777626979908535,0.06672642379999161,"[""y@t"", ""throughput_1@t-1"", ""data_quality_1@t+h"", ""capacity_1@t+h""]",4,50,1250000.0,364,0.4716908039811669,0.4225817986769176,1.1815908880451893
"ar_order=2,capacity=True,n_bins=50,numeric=True,on_change=capchain,other_lags=2,pool=local,target=avg_p_latency_1",ar,1,33200,33558,0.6345729781274212,0.9752470417728973,0.5036919957748527,0.5036919957748528,33464,0.6362658379153717,0.9468825189859696,0.46279560001139364,0.4627956000113937,94,0.031914893617021274,11.073017153919094,15.062808887566286,15.062808887566286,10889,0.17705941776104325,2.097787574113625,1.1736615892430167,1.1736615892430167,22669,0.8543385239754732,0.4360373785033141,0.18187370192532973,0.18187370192532978,10799,0.17853504954162422,2.018973637341301,1.0523960686054632,1.0523960686054632,0.3585624005394413,0.06672642379999161,"[""y@t"", ""throughput_1@t-1"", ""data_quality_1@t+h"", ""capacity_1@t+h""]",4,50,1250000.0,364,0.4716908039811669,0.4225817986769176,1.1815908880451893
"ar_order=2,capacity=True,n_bins=50,numeric=True,on_change=capchain,other_lags=2,pool=local,target=avg_p_latency_1",persistence,1,33200,33558,0.675517015316765,8.965796201541986,0.4225817986769176,0.4225817986769176,33464,0.6772950035859431,8.916668570132451,0.38130528328950514,0.38130528328950514,94,0.0425531914893617,26.455232983335836,15.117021276595745,15.117021276595745,10889,0.0,27.631021115928547,1.3023234456791257,1.3023234456791257,22669,1.0,0.0,0.0,0.0,10799,0.0,27.631021115928544,1.1815908880451893,1.1815908880451893,0.4858530602233733,0.06672642379999161,"[""y@t"", ""throughput_1@t-1"", ""data_quality_1@t+h"", ""capacity_1@t+h""]",4,50,1250000.0,364,0.4716908039811669,0.4225817986769176,1.1815908880451893
"ar_order=2,capacity=True,n_bins=50,numeric=True,on_change=capchain,other_lags=2,pool=local,target=avg_p_latency_1",model,2,66758,33201,0.6879310864130599,0.7826838124626617,0.4326856823040526,0.43268568230405247,33108,0.6896520478434215,0.7567198632772205,0.39685980818340727,0.39685980818340716,93,0.07526881720430108,10.025849722479759,13.186696869253762,13.186696869253762,10894,0.281990086286029,1.6883591807102774,0.9722021809075079,0.972202180907508,22307,0.8861792262518492,0.34038195826041484,0.16920369298294063,0.16920369298294044,10804,0.2839689004072566,1.616218750364457,0.8668457626240732,0.8668457626240733,0.4435898478444477,0.13903788477182388,"[""y@t"", ""capacity_1@t+h"", ""y@t-1"", ""data_quality_1@t+h""]",4,50,1250000.0,791,0.04542031866510045,0.42348122044516734,1.184468715290633
"ar_order=2,capacity=True,n_bins=50,numeric=True,on_change=capchain,other_lags=2,pool=local,target=avg_p_latency_1",cg_mean,2,66758,33201,0.6879310864130599,0.7826838124626617,0.4326856823040526,0.4322450916242993,33108,0.6896520478434215,0.7567198632772205,0.39685980818340727,0.39641797988938504,93,0.07526881720430108,10.025849722479759,13.186696869253762,13.186696869253762,10894,0.281990086286029,1.6883591807102774,0.9722021809075079,0.9710639764100718,22307,0.8861792262518492,0.34038195826041484,0.16920369298294063,0.16910379378701923,10804,0.2839689004072566,1.616218750364457,0.8668457626240732,0.8656980766008348,0.4435898478444477,0.13903788477182388,"[""y@t"", ""capacity_1@t+h"", ""y@t-1"", ""data_quality_1@t+h""]",4,50,1250000.0,791,0.04542031866510045,0.42348122044516734,1.184468715290633
"ar_order=2,capacity=True,n_bins=50,numeric=True,on_change=capchain,other_lags=2,pool=local,target=avg_p_latency_1",cg_median,2,66758,33201,0.6879310864130599,0.7826838124626617,0.4326856823040526,0.3907672301689889,33108,0.6896520478434215,0.7567198632772205,0.39685980818340727,0.3548236075872901,93,0.07526881720430108,10.025849722479759,13.186696869253762,13.186696869253762,10894,0.281990086286029,1.6883591807102774,0.9722021809075079,0.9392572920337713,22307,0.8861792262518492,0.34038195826041484,0.16920369298294063,0.12290284975230625,10804,0.2839689004072566,1.616218750364457,0.8668457626240732,0.8336264346538319,0.4435898478444477,0.13903788477182388,"[""y@t"", ""capacity_1@t+h"", ""y@t-1"", ""data_quality_1@t+h""]",4,50,1250000.0,791,0.04542031866510045,0.42348122044516734,1.184468715290633
"ar_order=2,capacity=True,n_bins=50,numeric=True,on_change=capchain,other_lags=2,pool=local,target=avg_p_latency_1",linear,2,66758,33201,0.6879310864130599,0.7826838124626617,0.4326856823040526,0.5597530123286231,33108,0.6896520478434215,0.7567198632772205,0.39685980818340727,0.524284068910294,93,0.07526881720430108,10.025849722479759,13.186696869253762,13.186696869253762,10894,0.281990086286029,1.6883591807102774,0.9722021809075079,1.012494945553718,22307,0.8861792262518492,0.34038195826041484,0.16920369298294063,0.33864884679519486,10804,0.2839689004072566,1.616218750364457,0.8668457626240732,0.9074741759946592,0.4435898478444477,0.13903788477182388,"[""y@t"", ""capacity_1@t+h"", ""y@t-1"", ""data_quality_1@t+h""]",4,50,1250000.0,791,0.04542031866510045,0.42348122044516734,1.184468715290633
"ar_order=2,capacity=True,n_bins=50,numeric=True,on_change=capchain,other_lags=2,pool=local,target=avg_p_latency_1",clg,2,66758,33201,0.6879310864130599,0.7826838124626617,0.4326856823040526,0.451163234323047,33108,0.6896520478434215,0.7567198632772205,0.39685980818340727,0.41538926343841015,93,0.07526881720430108,10.025849722479759,13.186696869253762,13.186696869253762,10894,0.281990086286029,1.6883591807102774,0.9722021809075079,0.8978691694831115,22307,0.8861792262518492,0.34038195826041484,0.16920369298294063,0.23300685033444513,10804,0.2839689004072566,1.616218750364457,0.8668457626240732,0.7918935387757418,0.4435898478444477,0.13903788477182388,"[""y@t"", ""capacity_1@t+h"", ""y@t-1"", ""data_quality_1@t+h""]",4,50,1250000.0,791,0.04542031866510045,0.42348122044516734,1.184468715290633
"ar_order=2,capacity=True,n_bins=50,numeric=True,on_change=capchain,other_lags=2,pool=local,target=avg_p_latency_1",ar,2,66758,33201,0.6593476100117467,0.8965877191375526,0.49618859638599316,0.49618859638599316,33108,0.6611090974990939,0.8692329111660582,0.45946459984309396,0.4594645998430939,93,0.03225806451612903,10.634899356989642,13.569931365658114,13.569931365658114,10894,0.12245272627134203,1.9777996468193622,1.1976470167513997,1.1976470167513995,22307,0.9215492894607074,0.36855962301680006,0.153619535935877,0.15361953593587718,10804,0.1234727878563495,1.902827593596123,1.0908775821901502,1.09087758219015,0.4098126810230255,0.13903788477182388,"[""y@t"", ""capacity_1@t+h"", ""y@t-1"", ""data_quality_1@t+h""]",4,50,1250000.0,791,0.04542031866510045,0.42348122044516734,1.184468715290633
"ar_order=2,capacity=True,n_bins=50,numeric=True,on_change=capchain,other_lags=2,pool=local,target=avg_p_latency_1",persistence,2,66758,33201,0.6718773530917743,9.066363785335552,0.42348122044516734,0.42348122044516734,33108,0.6736740364866498,9.01671958851311,0.386522894768636,0.386522894768636,93,0.03225806451612903,26.739697854124394,13.580645161290322,13.580645161290322,10894,0.0,27.631021115928547,1.2906186891867082,1.2906186891867082,22307,1.0,0.0,0.0,0.0,10804,0.0,27.631021115928544,1.184468715290633,1.184468715290633,0.48519158999249107,0.13903788477182388,"[""y@t"", ""capacity_1@t+h"", ""y@t-1"", ""data_quality_1@t+h""]",4,50,1250000.0,791,0.04542031866510045,0.42348122044516734,1.184468715290633
"ar_order=2,capacity=True,n_bins=50,numeric=True,on_change=capchain,other_lags=2,pool=local,target=avg_p_latency_1",model,3,99959,33201,0.6589560555404957,0.9385497750356708,0.4765730158411289,0.4765730158411289,33108,0.6608070556965084,0.9103958314596265,0.4347756493901536,0.4347756493901535,93,0.0,10.961353688107492,15.356435472388336,15.356435472388336,11989,0.23621653182083577,1.9031560490072523,0.9604015663296444,0.960401566329644,21212,0.8978879879313596,0.39335532761697917,0.20311363003088895,0.203113630030889,11896,0.23806321452589105,1.832341289387521,0.8478569165933078,0.8478569165933075,0.4770580802242555,0.34946429170668125,"[""y@t"", ""throughput_1@t"", ""data_quality_1@t+h"", ""throughput_1@t-1""]",4,50,1250000.0,1025,0.22457154904972743,0.45986566669678625,1.1622394082044385
"ar_order=2,capacity=True,n_bins=50,numeric=True,on_change=capchain,other_lags=2,pool=local,target=avg_p_latency_1",cg_mean,3,99959,33201,0.6589560555404957,0.9385497750356708,0.4765730158411289,0.47643748277937065,33108,0.6608070556965084,0.9103958314596265,0.4347756493901536,0.4346397356175477,93,0.0,10.961353688107492,15.356435472388336,15.356435472388336,11989,0.23621653182083577,1.9031560490072523,0.9604015663296444,0.9604054345517096,21212,0.8978879879313596,0.39335532761697917,0.20311363003088895,0.20289930751072227,11896,0.23806321452589105,1.832341289387521,0.8478569165933078,0.847860815056181,0.4770580802242555,0.34946429170668125,"[""y@t"", ""throughput_1@t"", ""data_quality_1@t+h"", ""throughput_1@t-1""]",4,50,1250000.0,1025,0.22457154904972743,0.45986566669678625,1.1622394082044385
"ar_order=2,capacity=True,n_bins=50,numeric=True,on_change=capchain,other_lags=2,pool=local,target=avg_p_latency_1",cg_median,3,99959,33201,0.6589560555404957,0.9385497750356708,0.4765730158411289,0.42256704614114377,33108,0.6608070556965084,0.9103958314596265,0.4347756493901536,0.3806179775280899,93,0.0,10.961353688107492,15.356435472388336,15.356435472388336,11989,0.23621653182083577,1.9031560490072523,0.9604015663296444,0.9362038951482288,21212,0.8978879879313596,0.39335532761697917,0.20311363003088895,0.13226004148595136,11896,0.23806321452589105,1.832341289387521,0.8478569165933078,0.8234700739744452,0.4770580802242555,0.34946429170668125,"[""y@t"", ""throughput_1@t"", ""data_quality_1@t+h"", ""throughput_1@t-1""]",4,50,1250000.0,1025,0.22457154904972743,0.45986566669678625,1.1622394082044385
"ar_order=2,capacity=True,n_bins=50,numeric=True,on_change=capchain,other_lags=2,pool=local,target=avg_p_latency_1",linear,3,99959,33201,0.6589560555404957,0.9385497750356708,0.4765730158411289,0.6471531669209277,33108,0.6608070556965084,0.9103958314596265,0.4347756493901536,0.6058349581977047,93,0.0,10.961353688107492,15.356435472388336,15.356435472388336,11989,0.23621653182083577,1.9031560490072523,0.9604015663296444,1.1668841936743515,21212,0.8978879879313596,0.39335532761697917,0.20311363003088895,0.3534017394389931,11896,0.23806321452589105,1.832341289387521,0.8478569165933078,1.0559537742963756,0.4770580802242555,0.34946429170668125,"[""y@t"", ""throughput_1@t"", ""data_quality_1@t+h"", ""throughput_1@t-1""]",4,50,1250000.0,1025,0.22457154904972743,0.45986566669678625,1.1622394082044385
"ar_order=2,capacity=True,n_bins=50,numeric=True,on_change=capchain,other_lags=2,pool=local,target=avg_p_latency_1",clg,3,99959,33201,0.6589560555404957,0.9385497750356708,0.4765730158411289,0.5404743681515969,33108,0.6608070556965084,0.9103958314596265,0.4347756493901536,0.4988564998812689,93,0.0,10.961353688107492,15.356435472388336,15.356435472388336,11989,0.23621653182083577,1.9031560490072523,0.9604015663296444,0.9663688815333692,21212,0.8978879879313596,0.39335532761697917,0.20311363003088895,0.29975923893539536,11896,0.23806321452589105,1.832341289387521,0.8478569165933078,0.8538708827985414,0.4770580802242555,0.34946429170668125,"[""y@t"", ""throughput_1@t"", ""data_quality_1@t+h"", ""throughput_1@t-1""]",4,50,1250000.0,1025,0.22457154904972743,0.45986566669678625,1.1622394082044385
"ar_order=2,capacity=True,n_bins=50,numeric=True,on_change=capchain,other_lags=2,pool=local,target=avg_p_latency_1",ar,3,99959,33201,0.6376615162193909,1.0254665992370364,0.5266460897158769,0.5266460897158768,33108,0.6394527002537151,0.9970684232384629,0.4845754766092318,0.4845754766092316,93,0.0,11.135217254729126,15.503784355681535,15.503784355681539,11989,0.016181499708065726,2.135109358213104,1.211030641883197,1.2110306418831969,21212,0.9889213652649443,0.39829768365321216,0.1398326635451244,0.13983266354512416,11896,0.016308002689979825,2.064748729903085,1.0992934112692727,1.0992934112692727,0.4711490441405799,0.34946429170668125,"[""y@t"", ""throughput_1@t"", ""data_quality_1@t+h"", ""throughput_1@t-1""]",4,50,1250000.0,1025,0.22457154904972743,0.45986566669678625,1.1622394082044385
"ar_order=2,capacity=True,n_bins=50,numeric=True,on_change=capchain,other_lags=2,pool=local,target=avg_p_latency_1",persistence,3,99959,33201,0.6388964187825668,9.977660677656317,0.45986566669678625,0.45986566669678625,33108,0.6406910716443156,9.928072586537574,0.41760299625468167,0.41760299625468167,93,0.0,27.63102111592854,15.505376344086022,15.505376344086022,11989,0.0,27.631021115928547,1.2735007089832346,1.2735007089832346,21212,1.0,0.0,0.0,0.0,11896,0.0,27.631021115928547,1.1622394082044385,1.1622394082044385,0.4809049145388237,0.34946429170668125,"[""y@t"", ""throughput_1@t"", ""data_quality_1@t+h"", ""throughput_1@t-1""]",4,50,1250000.0,1025,0.22457154904972743,0.45986566669678625,1.1622394082044385
"ar_order=2,capacity=True,n_bins=50,numeric=True,on_change=capchain,other_lags=2,pool=local,target=avg_p_latency_1",model,4,133160,33558,0.6827284105131415,0.7703461890826346,0.43661174291981003,0.43661174291981014,33464,0.6843174754960555,0.7468789107033172,0.3999265194331754,0.3999265194331754,94,0.11702127659574468,9.12469729211965,13.496551304161732,13.496551304161732,11568,0.27100622406639,1.5873628369809585,0.9107674546819412,0.9107674546819412,21990,0.8993178717598909,0.34054861823735016,0.18717866999282803,0.18717866999282814,11484,0.2729014280738419,1.5244686812486254,0.8070360035200842,0.8070360035200842,0.46575585548388876,0.4690354987978935,"[""y@t"", ""capacity_1@t+h"", ""y@t-1"", ""data_quality_1@t+h""]",4,50,1250000.0,1118,0.006913403659336075,0.434918648310388,1.1571752002786486
"ar_order=2,capacity=True,n_bins=50,numeric=True,on_change=capchain,other_lags=2,pool=local,target=avg_p_latency_1",cg_mean,4,133160,33558,0.6827284105131415,0.7703461890826346,0.43661174291981003,0.43658241942067066,33464,0.6843174754960555,0.7468789107033172,0.3999265194331754,0.3998971135646564,94,0.11702127659574468,9.12469729211965,13.496551304161732,13.496551304161732,11568,0.27100622406639,1.5873628369809585,0.9107674546819412,0.9107313226047907,21990,0.8993178717598909,0.34054861823735016,0.18717866999282803,0.18715292819584567,11484,0.2729014280738419,1.5244686812486254,0.8070360035200842,0.8069996071539679,0.46575585548388876,0.4690354987978935,"[""y@t"", ""capacity_1@t+h"", ""y@t-1"", ""data_quality_1@t+h""]",4,50,1250000.0,1118,0.006913403659336075,0.434918648310388,1.1571752002786486
"ar_order=2,capacity=True,n_bins=50,numeric=True,on_change=capchain,other_lags=2,pool=local,target=avg_p_latency_1",cg_median,4,133160,33558,0.6827284105131415,0.7703461890826346,0.43661174291981003,0.3811811139695811,33464,0.6843174754960555,0.7468789107033172,0.3999265194331754,0.34434018646904135,94,0.11702127659574468,9.12469729211965,13.496551304161732,13.496551304161732,11568,0.27100622406639,1.5873628369809585,0.9107674546819412,0.9226535659868647,21990,0.8993178717598909,0.34054861823735016,0.18717866999282803,0.09633557850182596,11484,0.2729014280738419,1.5244686812486254,0.8070360035200842,0.8190090560780215,0.46575585548388876,0.4690354987978935,"[""y@t"", ""capacity_1@t+h"", ""y@t-1"", ""data_quality_1@t+h""]",4,50,1250000.0,1118,0.006913403659336075,0.434918648310388,1.1571752002786486
"ar_order=2,capacity=True,n_bins=50,numeric=True,on_change=capchain,other_lags=2,pool=local,target=avg_p_latency_1",linear,4,133160,33558,0.6827284105131415,0.7703461890826346,0.43661174291981003,0.6134680348469767,33464,0.6843174754960555,0.7468789107033172,0.3999265194331754,0.5772795986972162,94,0.11702127659574468,9.12469729211965,13.496551304161732,13.496551304161732,11568,0.27100622406639,1.5873628369809585,0.9107674546819412,0.987410098791237,21990,0.8993178717598909,0.34054861823735016,0.18717866999282803,0.41675308279116946,11484,0.2729014280738419,1.5244686812486254,0.8070360035200842,0.8842392521317468,0.46575585548388876,0.4690354987978935,"[""y@t"", ""capacity_1@t+h"", ""y@t-1"", ""data_quality_1@t+h""]",4,50,1250000.0,1118,0.006913403659336075,0.434918648310388,1.1571752002786486
"ar_order=2,capacity=True,n_bins=50,numeric=True,on_change=capchain,other_lags=2,pool=local,target=avg_p_latency_1",clg,4,133160,33558,0.6827284105131415,0.7703461890826346,0.43661174291981003,0.4586108802542315,33464,0.6843174754960555,0.7468789107033172,0.3999265194331754,0.42198745209718797,94,0.11702127659574468,9.12469729211965,13.496551304161732,13.496551304161732,11568,0.27100622406639,1.5873628369809585,0.9107674546819412,0.8580322896340215,21990,0.8993178717598909,0.34054861823735016,0.18717866999282803,0.24849233256412648,11484,0.2729014280738419,1.5244686812486254,0.8070360035200842,0.7539151058124617,0.46575585548388876,0.4690354987978935,"[""y@t"", ""capacity_1@t+h"", ""y@t-1"", ""data_quality_1@t+h""]",4,50,1250000.0,1118,0.006913403659336075,0.434918648310388,1.1571752002786486
"ar_order=2,capacity=True,n_bins=50,numeric=True,on_change=capchain,other_lags=2,pool=local,target=avg_p_latency_1",ar,4,133160,33558,0.655879373025806,0.904718503672673,0.48522797245182075,0.48522797245182087,33464,0.6574229022232847,0.8794405509944169,0.44748762476932086,0.447487624769321,94,0.10638297872340426,9.903669657131903,13.920791747421767,13.920791747421767,11568,0.02627939142461964,1.9541533225441026,1.1881796841330277,1.1881796841330279,21990,0.9870850386539336,0.3526556576197082,0.11543509383753238,0.11543509383753238,11484,0.02647161267850923,1.887618537884653,1.082969993534176,1.0829699935341763,0.44134024607281597,0.4690354987978935,"[""y@t"", ""capacity_1@t+h"", ""y@t-1"", ""data_quality_1@t+h""]",4,50,1250000.0,1118,0.006913403659336075,0.434918648310388,1.1571752002786486
"ar_order=2,capacity=True,n_bins=50,numeric=True,on_change=capchain,other_lags=2,pool=local,target=avg_p_latency_1",persistence,4,133160,33558,0.6552833899517254,9.524871931255182,0.434918648310388,0.434918648310388,33464,0.6568252450394454,9.482268900768691,0.39711331580205594,0.39711331580205594,94,0.10638297872340426,24.691550784446783,13.893617021276595,13.893617021276595,11568,0.0,27.631021115928547,1.2616701244813278,1.2616701244813278,21990,1.0,0.0,0.0,0.0,11484,0.0,27.631021115928544,1.1571752002786486,1.1571752002786486,0.47510669595278826,0.4690354987978935,"[""y@t"", ""capacity_1@t+h"", ""y@t-1"", ""data_quality_1@t+h""]",4,50,1250000.0,1118,0.006913403659336075,0.434918648310388,1.1571752002786486
"ar_order=2,capacity=True,n_bins=50,numeric=True,on_change=capchain,other_lags=2,pool=local,target=avg_p_latency_1",model,5,166718,33201,0.6722990271377368,0.801618722992058,0.4479866294414942,0.4479866294414942,33108,0.6740968950102694,0.7767078754214634,0.4113934206760221,0.4113934206760221,93,0.03225806451612903,9.669880458123776,13.475168949949571,13.475168949949571,12065,0.2576046415250725,1.562989603331626,0.8921051359783368,0.892105135978337,21136,0.9090177895533686,0.3670076484606005,0.1944717836160302,0.19447178361603012,11976,0.25943553774215095,1.499722879192145,0.7942130491654006,0.7942130491654006,0.47722749330677977,0.5769504215568304,"[""y@t"", ""cores_1@t+h"", ""y@t-1"", ""data_quality_1@t+h""]",4,50,150000.0,1275,0.017680190355712177,0.4529381645131171,1.1492150968603874
"ar_order=2,capacity=True,n_bins=50,numeric=True,on_change=capchain,other_lags=2,pool=local,target=avg_p_latency_1",cg_mean,5,166718,33201,0.6722990271377368,0.801618722992058,0.4479866294414942,0.4480120536594949,33108,0.6740968950102694,0.7767078754214634,0.4113934206760221,0.41141891631036553,93,0.03225806451612903,9.669880458123776,13.475168949949571,13.475168949949571,12065,0.2576046415250725,1.562989603331626,0.8921051359783368,0.8921304380765128,21136,0.9090177895533686,0.3670076484606005,0.1944717836160302,0.19449727754332732,11976,0.25943553774215095,1.499722879192145,0.7942130491654006,0.7942385392968713,0.47722749330677977,0.5769504215568304,"[""y@t"", ""cores_1@t+h"", ""y@t-1"", ""data_quality_1@t+h""]",4,50,150000.0,1275,0.017680190355712177,0.4529381645131171,1.1492150968603874
"ar_order=2,capacity=True,n_bins=50,numeric=True,on_change=capchain,other_lags=2,pool=local,target=avg_p_latency_1",cg_median,5,166718,33201,0.6722990271377368,0.801618722992058,0.4479866294414942,0.39559623843695396,33108,0.6740968950102694,0.7767078754214634,0.4113934206760221,0.3588558656518062,93,0.03225806451612903,9.669880458123776,13.475168949949571,13.475168949949571,12065,0.2576046415250725,1.562989603331626,0.8921051359783368,0.9172609190860999,21136,0.9090177895533686,0.3670076484606005,0.1944717836160302,0.0978159407442995,11976,0.25943553774215095,1.499722879192145,0.7942130491654006,0.8195557782231129,0.47722749330677977,0.5769504215568304,"[""y@t"", ""cores_1@t+h"", ""y@t-1"", ""data_quality_1@t+h""]",4,50,150000.0,1275,0.017680190355712177,0.4529381645131171,1.1492150968603874
"ar_order=2,capacity=True,n_bins=50,numeric=True,on_change=capchain,other_lags=2,pool=local,target=avg_p_latency_1",linear,5,166718,33201,0.6722990271377368,0.801618722992058,0.4479866294414942,0.591900409084288,33108,0.6740968950102694,0.7767078754214634,0.4113934206760221,0.5557114525088236,93,0.03225806451612903,9.669880458123776,13.475168949949571,13.475168949949571,12065,0.2576046415250725,1.562989603331626,0.8921051359783368,0.9788100170008518,21136,0.9090177895533686,0.3670076484606005,0.1944717836160302,0.3710419486606815,11976,0.25943553774215095,1.499722879192145,0.7942130491654006,0.881562280088634,0.47722749330677977,0.5769504215568304,"[""y@t"", ""cores_1@t+h"", ""y@t-1"", ""data_quality_1@t+h""]",4,50,150000.0,1275,0.017680190355712177,0.4529381645131171,1.1492150968603874
"ar_order=2,capacity=True,n_bins=50,numeric=True,on_change=capchain,other_lags=2,pool=local,target=avg_p_latency_1",clg,5,166718,33201,0.6722990271377368,0.801618722992058,0.4479866294414942,0.46642088757008626,33108,0.6740968950102694,0.7767078754214634,0.4113934206760221,0.4298794604285708,93,0.03225806451612903,9.669880458123776,13.475168949949571,13.475168949949571,12065,0.2576046415250725,1.562989603331626,0.8921051359783368,0.844539947974905,21136,0.9090177895533686,0.3670076484606005,0.1944717836160302,0.25058030923056424,11976,0.25943553774215095,1.499722879192145,0.7942130491654006,0.7462943790533927,0.47722749330677977,0.5769504215568304,"[""y@t"", ""cores_1@t+h"", ""y@t-1"", ""data_quality_1@t+h""]",4,50,150000.0,1275,0.017680190355712177,0.4529381645131171,1.1492150968603874
"ar_order=2,capacity=True,n_bins=50,numeric=True,on_change=capchain,other_lags=2,pool=local,target=avg_p_latency_1",ar,5,166718,33201,0.6356435047137134,0.9470434384043104,0.501730326972886,0.5017303269728861,33108,0.6373082034553582,0.9215424510517282,0.46465502420577587,0.4646550242057761,93,0.043010752688172046,10.025394935923627,13.700538112064057,13.70053811206406,12065,0.030501450476585163,1.9064280047284812,1.182370865617514,1.1823708656175145,21136,0.9810749432248297,0.39940080059672545,0.11320231321685643,0.1132023132168565,11976,0.03072812291249165,1.8428686221520183,1.0848020750090392,1.0848020750090397,0.4543351003104614,0.5769504215568304,"[""y@t"", ""cores_1@t+h"", ""y@t-1"", ""data_quality_1@t+h""]",4,50,150000.0,1275,0.017680190355712177,0.4529381645131171,1.1492150968603874
"ar_order=2,capacity=True,n_bins=50,numeric=True,on_change=capchain,other_lags=2,pool=local,target=avg_p_latency_1",persistence,5,166718,33201,0.6366073311044848,10.040910507625611,0.4529381645131171,0.4529381645131171,33108,0.6382747372236317,9.994838373938634,0.41570013289839314,0.41570013289839314,93,0.043010752688172046,26.44259010018968,13.709677419354838,13.709677419354838,12065,0.0,27.63102111592855,1.2464152507252384,1.2464152507252384,21136,1.0,0.0,0.0,0.0,11976,0.0,27.631021115928547,1.1492150968603874,1.1492150968603874,0.48257928579759024,0.5769504215568304,"[""y@t"", ""cores_1@t+h"", ""y@t-1"", ""data_quality_1@t+h""]",4,50,150000.0,1275,0.017680190355712177,0.4529381645131171,1.1492150968603874
"ar_order=2,capacity=True,numeric=True,on_change=capchain,other_lags=2,pool=local,target=avg_p_latency_2",model,1,33200,33558,0.8754991358245425,0.3759224047415275,0.5372212536648165,0.39516021910730975,33464,0.8776595744680851,0.36431785064685696,0.5189223761912796,0.3761165026001823,94,0.10638297872340426,4.507143662444223,7.051621634243946,7.174723295644717,4229,0.2071411681248522,2.34419086351052,1.7869918347867404,1.462655938437893,29329,0.9718708445565822,0.09211432017901015,0.3570146394752902,0.24123613724127152,8150,0.5887116564417177,1.220969470508402,1.1278254719678709,1.1917988124668852,0.6410587259164717,0.04612958803772926,"[""y@t"", ""data_quality_2@t+h"", ""y@t-1""]",3,20,4000.0,243,0.0015793551463138447,0.3560402884558079,1.3711656441717792
"ar_order=2,capacity=True,numeric=True,on_change=capchain,other_lags=2,pool=local,target=avg_p_latency_2",cg_mean,1,33200,33558,0.8754991358245425,0.3759224047415275,0.5372212536648165,0.3757232406507257,33464,0.8776595744680851,0.36431785064685696,0.5189223761912796,0.35697071707321665,94,0.10638297872340426,4.507143662444223,7.051621634243946,7.051621634243946,4229,0.2071411681248522,2.34419086351052,1.7869918347867404,1.4986388173299736,29329,0.9718708445565822,0.09211432017901015,0.3570146394752902,0.2138080722584675,8150,0.5887116564417177,1.220969470508402,1.1278254719678709,1.2064094546222037,0.6410587259164717,0.04612958803772926,"[""y@t"", ""data_quality_2@t+h"", ""y@t-1""]",3,20,4000.0,243,0.0015793551463138447,0.3560402884558079,1.3711656441717792
"ar_order=2,capacity=True,numeric=True,on_change=capchain,other_lags=2,pool=local,target=avg_p_latency_2",cg_median,1,33200,33558,0.8754991358245425,0.3759224047415275,0.5372212536648165,0.35837512466830357,33464,0.8776595744680851,0.36431785064685696,0.5189223761912796,0.33957387042792253,94,0.10638297872340426,4.507143662444223,7.051621634243946,7.051621634243946,4229,0.2071411681248522,2.34419086351052,1.7869918347867404,1.4227310424979496,29329,0.9718708445565822,0.09211432017901015,0.3570146394752902,0.2049037762929217,8150,0.5887116564417177,1.220969470508402,1.1278254719678709,1.169877300613497,0.6410587259164717,0.04612958803772926,"[""y@t"", ""data_quality_2@t+h"", ""y@t-1""]",3,20,4000.0,243,0.0015793551463138447,0.3560402884558079,1.3711656441717792
"ar_order=2,capacity=True,numeric=True,on_change=capchain,other_lags=2,pool=local,target=avg_p_latency_2",linear,1,33200,33558,0.8754991358245425,0.3759224047415275,0.5372212536648165,0.5825260619832605,33464,0.8776595744680851,0.36431785064685696,0.5189223761912796,0.5643544452072473,94,0.10638297872340426,4.507143662444223,7.051621634243946,7.051621634243946,4229,0.2071411681248522,2.34419086351052,1.7869918347867404,1.6019693813101132,29329,0.9718708445565822,0.09211432017901015,0.3570146394752902,0.43553074003456604,8150,0.5887116564417177,1.220969470508402,1.1278254719678709,1.193992379202136,0.6410587259164717,0.04612958803772926,"[""y@t"", ""data_quality_2@t+h"", ""y@t-1""]",3,20,4000.0,243,0.0015793551463138447,0.3560402884558079,1.3711656441717792
"ar_order=2,capacity=True,numeric=True,on_change=capchain,other_lags=2,pool=local,target=avg_p_latency_2",clg,1,33200,33558,0.8754991358245425,0.3759224047415275,0.5372212536648165,0.4327613066346109,33464,0.8776595744680851,0.36431785064685696,0.5189223761912796,0.41416900234357334,94,0.10638297872340426,4.507143662444223,7.051621634243946,7.051621634243946,4229,0.2071411681248522,2.34419086351052,1.7869918347867404,1.490505642674904,29329,0.9718708445565822,0.09211432017901015,0.3570146394752902,0.2802432938447305,8150,0.5887116564417177,1.220969470508402,1.1278254719678709,1.078250237378929,0.6410587259164717,0.04612958803772926,"[""y@t"", ""data_quality_2@t+h"", ""y@t-1""]",3,20,4000.0,243,0.0015793551463138447,0.3560402884558079,1.3711656441717792
"ar_order=2,capacity=True,numeric=True,on_change=capchain,other_lags=2,pool=local,target=avg_p_latency_2",ar,1,33200,33558,0.8748435544430538,0.48162271768483933,0.6549428764102836,0.462257433160477,33464,0.8770021515658618,0.46563545586556127,0.6342324956134874,0.44061219435873084,94,0.10638297872340426,6.173087925347809,8.02783844006974,8.16796244658211,4229,0.011823126034523528,3.162742633553124,2.285903182655891,1.8167366269477325,29329,0.9992839851341675,0.09502733004097227,0.41977184653839317,0.26695270028426904,8150,0.4970552147239264,1.6424348200950905,1.3686100289072036,1.3585667399667205,0.6570702302494394,0.04612958803772926,"[""y@t"", ""data_quality_2@t+h"", ""y@t-1""]",3,20,4000.0,243,0.0015793551463138447,0.3560402884558079,1.3711656441717792
"ar_order=2,capacity=True,numeric=True,on_change=capchain,other_lags=2,pool=local,target=avg_p_latency_2",persistence,1,33200,33558,0.8739793789856368,3.482078440290298,0.606024759307303,0.35604028845580843,33464,0.8761355486492948,3.4225012707842413,0.5850061255120351,0.3339409514702373,94,0.10638297872340426,24.691550784446783,8.088658390422667,8.22340425531915,4229,0.0,27.631021115928544,2.3119189794489956,1.8427524237408373,29329,1.0,0.0,0.3600488768367374,0.1416686555968502,8150,0.49141104294478527,14.052832211720718,1.3753080023290538,1.3711656441717792,0.6705900610069236,0.04612958803772926,"[""y@t"", ""data_quality_2@t+h"", ""y@t-1""]",3,20,4000.0,243,0.0015793551463138447,0.3560402884558079,1.3711656441717792
"ar_order=2,capacity=True,numeric=True,on_change=capchain,other_lags=2,pool=local,target=avg_p_latency_2",model,2,66758,33201,0.859672901418632,0.3957442164339148,0.5806241859383551,0.4333508403872603,33108,0.8612117917119729,0.3878936085226025,0.5615374258791505,0.4139598163424757,93,0.3118279569892473,3.19056063286108,7.375510767015187,7.336555400330586,4791,0.17950323523272804,2.005610488165803,1.601709952622904,1.3259758192500213,28410,0.9743752199929602,0.12425990429496804,0.40843052496737037,0.2828205245220196,8878,0.5554178869114665,1.1166468317722802,1.0574575658715673,1.1274247686629186,0.6142650134093768,0.09678407572209835,"[""y@t"", ""data_quality_2@t+h"", ""y@t-1""]",3,20,4000.0,279,0.0030721966205837174,0.3936628414806783,1.3793647217841856
"ar_order=2,capacity=True,numeric=True,on_change=capchain,other_lags=2,pool=local,target=avg_p_latency_2",cg_mean,2,66758,33201,0.859672901418632,0.3957442164339148,0.5806241859383551,0.4076297604523439,33108,0.8612117917119729,0.3878936085226025,0.5615374258791505,0.38805706099570664,93,0.3118279569892473,3.19056063286108,7.375510767015187,7.375510767015187,4791,0.17950323523272804,2.005610488165803,1.601709952622904,1.4123818812815043,28410,0.9743752199929602,0.12425990429496804,0.40843052496737037,0.23819056964303345,8878,0.5554178869114665,1.1166468317722802,1.0574575658715673,1.1705779326418446,0.6142650134093768,0.09678407572209835,"[""y@t"", ""data_quality_2@t+h"", ""y@t-1""]",3,20,4000.0,279,0.0030721966205837174,0.3936628414806783,1.3793647217841856
"ar_order=2,capacity=True,numeric=True,on_change=capchain,other_lags=2,pool=local,target=avg_p_latency_2",cg_median,2,66758,33201,0.859672901418632,0.3957442164339148,0.5806241859383551,0.36569448213404454,33108,0.8612117917119729,0.3878936085226025,0.5615374258791505,0.34600398695179413,93,0.3118279569892473,3.19056063286108,7.375510767015187,7.375510767015187,4791,0.17950323523272804,2.005610488165803,1.601709952622904,1.4098204267979058,28410,0.9743752199929602,0.12425990429496804,0.40843052496737037,0.1896153761542994,8878,0.5554178869114665,1.1166468317722802,1.0574575658715673,1.1691822482541112,0.6142650134093768,0.09678407572209835,"[""y@t"", ""data_quality_2@t+h"", ""y@t-1""]",3,20,4000.0,279,0.0030721966205837174,0.3936628414806783,1.3793647217841856
"ar_order=2,capacity=True,numeric=True,on_change=capchain,other_lags=2,pool=local,target=avg_p_latency_2",linear,2,66758,33201,0.859672901418632,0.3957442164339148,0.5806241859383551,0.5530276541044923,33108,0.8612117917119729,0.3878936085226025,0.5615374258791505,0.5338633756974397,93,0.3118279569892473,3.19056063286108,7.375510767015187,7.375510767015187,4791,0.17950323523272804,2.005610488165803,1.601709952622904,1.5615426891555793,28410,0.9743752199929602,0.12425990429496804,0.40843052496737037,0.3829538937056974,8878,0.5554178869114665,1.1166468317722802,1.0574575658715673,1.1817640686420139,0.6142650134093768,0.09678407572209835,"[""y@t"", ""data_quality_2@t+h"", ""y@t-1""]",3,20,4000.0,279,0.0030721966205837174,0.3936628414806783,1.3793647217841856
"ar_order=2,capacity=True,numeric=True,on_change=capchain,other_lags=2,pool=local,target=avg_p_latency_2",clg,2,66758,33201,0.859672901418632,0.3957442164339148,0.5806241859383551,0.49552706415004094,33108,0.8612117917119729,0.3878936085226025,0.5615374258791505,0.4762012672318805,93,0.3118279569892473,3.19056063286108,7.375510767015187,7.375510767015187,4791,0.17950323523272804,2.005610488165803,1.601709952622904,1.4441896777409724,28410,0.9743752199929602,0.12425990429496804,0.40843052496737037,0.33554668464584697,8878,0.5554178869114665,1.1166468317722802,1.0574575658715673,1.0933918277394836,0.6142650134093768,0.09678407572209835,"[""y@t"", ""data_quality_2@t+h"", ""y@t-1""]",3,20,4000.0,279,0.0030721966205837174,0.3936628414806783,1.3793647217841856
"ar_order=2,capacity=True,numeric=True,on_change=capchain,other_lags=2,pool=local,target=avg_p_latency_2",ar,2,66758,33201,0.8566308243727598,0.5278604007078483,0.675100057771957,0.4525782605509258,33108,0.8584330071281865,0.5131941893924115,0.6520938767249551,0.42906751690540984,93,0.21505376344086022,5.749031629003353,8.865300510504657,8.822402998354617,4791,0.008557712377374243,2.99865399661165,2.155270366801743,1.7564184560454603,28410,0.9996480112636396,0.11119119556968865,0.4254873879176203,0.2327015137499996,8878,0.4730795224149583,1.6368304246084993,1.3220455067029913,1.3409476938516989,0.66153192873175,0.09678407572209835,"[""y@t"", ""data_quality_2@t+h"", ""y@t-1""]",3,20,4000.0,279,0.0030721966205837174,0.3936628414806783,1.3793647217841856
"ar_order=2,capacity=True,numeric=True,on_change=capchain,other_lags=2,pool=local,target=avg_p_latency_2",persistence,2,66758,33201,0.8556971175567001,3.9872359918801745,0.6702585122634812,0.3936628414806786,33108,0.8574966775401716,3.937512311977495,0.6471101538406658,0.3698803914461764,93,0.21505376344086022,21.68886603723423,8.91107411078578,8.86021505376344,4791,0.0,27.631021115928547,2.226445315056012,1.8275934042997284,28410,1.0,0.0,0.4078265878643607,0.15184794086589268,8878,0.4685740031538635,14.683842940408976,1.3602088241454577,1.3793647217841851,0.6680350003809372,0.09678407572209835,"[""y@t"", ""data_quality_2@t+h"", ""y@t-1""]",3,20,4000.0,279,0.0030721966205837174,0.3936628414806783,1.3793647217841856
"ar_order=2,capacity=True,numeric=True,on_change=capchain,other_lags=2,pool=local,target=avg_p_latency_2",model,3,99959,33201,0.8931056293485136,0.30763116551229375,0.5425137998906351,0.43717099348573824,33108,0.8949196568805122,0.29519779873875446,0.5193987553690391,0.4135253434517199,93,0.24731182795698925,4.733909736892274,8.771469649578826,8.855022405596282,3690,0.17479674796747968,1.9771422591360912,2.030913496136835,1.8058933132206487,29511,0.9829216224458677,0.0988786347450608,0.3564070980117263,0.2660285259373048,8006,0.6176617536847364,0.9260647296621802,1.152702709331932,1.2995412491512595,0.6827467710706117,0.1490131039172411,"[""y@t"", ""y@t-1"", ""data_quality_2@t+h"", ""capacity_2@t+h""]",4,20,80000.0,593,0.044396253124905874,0.389415981446342,1.5034973769672746
"ar_order=2,capacity=True,numeric=True,on_change=capchain,other_lags=2,pool=local,target=avg_p_latency_2",cg_mean,3,99959,33201,0.8931056293485136,0.30763116551229375,0.5425137998906351,0.411963972799443,33108,0.8949196568805122,0.29519779873875446,0.5193987553690391,0.38848221528039983,93,0.24731182795698925,4.733909736892274,8.771469649578826,8.771469649578826,3690,0.17479674796747968,1.9771422591360912,2.030913496136835,1.8754276296563432,29511,0.9829216224458677,0.0988786347450608,0.3564070980117263,0.2289752264403917,8006,0.6176617536847364,0.9260647296621802,1.152702709331932,1.3290473733477595,0.6827467710706117,0.1490131039172411,"[""y@t"", ""y@t-1"", ""data_quality_2@t+h"", ""capacity_2@t+h""]",4,20,80000.0,593,0.044396253124905874,0.389415981446342,1.5034973769672746
"ar_order=2,capacity=True,numeric=True,on_change=capchain,other_lags=2,pool=local,target=avg_p_latency_2",cg_median,3,99959,33201,0.8931056293485136,0.30763116551229375,0.5425137998906351,0.3682794698175004,33108,0.8949196568805122,0.29519779873875446,0.5193987553690391,0.34467500302041804,93,0.24731182795698925,4.733909736892274,8.771469649578826,8.771469649578826,3690,0.17479674796747968,1.9771422591360912,2.030913496136835,1.891392117625229,29511,0.9829216224458677,0.0988786347450608,0.3564070980117263,0.17783232568783625,8006,0.6176617536847364,0.9260647296621802,1.152702709331932,1.3364351736197853,0.6827467710706117,0.1490131039172411,"[""y@t"", ""y@t-1"", ""data_quality_2@t+h"", ""capacity_2@t+h""]",4,20,80000.0,593,0.044396253124905874,0.389415981446342,1.5034973769672746
"ar_order=2,capacity=True,numeric=True,on_change=capchain,other_lags=2,pool=local,target=avg_p_latency_2",linear,3,99959,33201,0.8931056293485136,0.30763116551229375,0.5425137998906351,0.5394165448500847,33108,0.8949196568805122,0.29519779873875446,0.5193987553690391,0.5162928001738804,93,0.24731182795698925,4.733909736892274,8.771469649578826,8.771469649578826,3690,0.17479674796747968,1.9771422591360912,2.030913496136835,1.9781865232699432,29511,0.9829216224458677,0.0988786347450608,0.3564070980117263,0.35951544965272525,8006,0.6176617536847364,0.9260647296621802,1.152702709331932,1.3024745532557531,0.6827467710706117,0.1490131039172411,"[""y@t"", ""y@t-1"", ""data_quality_2@t+h"", ""capacity_2@t+h""]",4,20,80000.0,593,0.044396253124905874,0.389415981446342,1.5034973769672746
"ar_order=2,capacity=True,numeric=True,on_change=capchain,other_lags=2,pool=local,target=avg_p_latency_2",clg,3,99959,33201,0.8931056293485136,0.30763116551229375,0.5425137998906351,0.5140340072748882,33108,0.8949196568805122,0.29519779873875446,0.5193987553690391,0.49083896333583216,93,0.24731182795698925,4.733909736892274,8.771469649578826,8.771469649578826,3690,0.17479674796747968,1.9771422591360912,2.030913496136835,1.796637524983014,29511,0.9829216224458677,0.0988786347450608,0.3564070980117263,0.3536596729472482,8006,0.6176617536847364,0.9260647296621802,1.152702709331932,1.2075710764030718,0.6827467710706117,0.1490131039172411,"[""y@t"", ""y@t-1"", ""data_quality_2@t+h"", ""capacity_2@t+h""]",4,20,80000.0,593,0.044396253124905874,0.389415981446342,1.5034973769672746
"ar_order=2,capacity=True,numeric=True,on_change=capchain,other_lags=2,pool=local,target=avg_p_latency_2",ar,3,99959,33201,0.8888587693141773,0.4308304224847971,0.6419105606529037,0.4585484531709973,33108,0.8908118883653497,0.41538926107639884,0.617225403709249,0.43310644221985,93,0.1935483870967742,5.927883883874584,9.429826432593932,9.515904351779449,3690,0.0,2.895131129073248,2.547359511882194,2.192650861480768,29511,1.0,0.12269889162134326,0.40365680340861915,0.2417195457580647,8006,0.5484636522608044,1.3636090227933126,1.37281088970515,1.4669764317063974,0.6849520855593457,0.1490131039172411,"[""y@t"", ""y@t-1"", ""data_quality_2@t+h"", ""capacity_2@t+h""]",4,20,80000.0,593,0.044396253124905874,0.389415981446342,1.5034973769672746
"ar_order=2,capacity=True,numeric=True,on_change=capchain,other_lags=2,pool=local,target=avg_p_latency_2",persistence,3,99959,33201,0.8888587693141773,3.0709456919302536,0.6300844373504897,0.38941598144634243,33108,0.8908118883653497,3.0169790181853844,0.6051430982743499,0.3635677177721401,93,0.1935483870967742,22.283081545103663,9.509201148456228,9.591397849462366,3690,0.0,27.63102111592855,2.6262533658485805,2.2715447154471544,29511,1.0,0.0,0.3804872245770169,0.1540781403544446,8006,0.5484636522608044,12.47641035899097,1.4033705478025882,1.5034973769672746,0.6849520855593457,0.1490131039172411,"[""y@t"", ""y@t-1"", ""data_quality_2@t+h"", ""capacity_2@t+h""]",4,20,80000.0,593,0.044396253124905874,0.389415981446342,1.5034973769672746
"ar_order=2,capacity=True,numeric=True,on_change=capchain,other_lags=2,pool=local,target=avg_p_latency_2",model,4,133160,33558,0.8822635437153585,0.3014497858719583,0.5003724150693272,0.41080745456455287,33464,0.8842636863495099,0.29092151964264573,0.48264899491310254,0.39261810077935894,94,0.1702127659574468,4.049512563507221,6.809909990685275,6.8862174020935765,4175,0.16167664670658682,1.7055871109117815,1.6441311571317732,1.377089855387807,29383,0.9846509886669162,0.1019373694392842,0.3378569214808334,0.2735093902608029,8388,0.5875059608965189,0.8553998727555849,1.030948494229621,1.1420908045466267,0.7453546566862848,0.1954226102679968,"[""y@t"", ""data_quality_2@t+h"", ""cores_2@t"", ""y@t-1""]",4,20,24000.0,776,0.010072113951963764,0.37156564753561,1.3996185026227945
"ar_order=2,capacity=True,numeric=True,on_change=capchain,other_lags=2,pool=local,target=avg_p_latency_2",cg_mean,4,133160,33558,0.8822635437153585,0.3014497858719583,0.5003724150693272,0.39289867507553694,33464,0.8842636863495099,0.29092151964264573,0.48264899491310254,0.3748733623912399,94,0.1702127659574468,4.049512563507221,6.809909990685275,6.809909990685275,4175,0.16167664670658682,1.7055871109117815,1.6441311571317732,1.502452169224163,29383,0.9846509886669162,0.1019373694392842,0.3378569214808334,0.2352433696924748,8388,0.5875059608965189,0.8553998727555849,1.030948494229621,1.2033858993369864,0.7453546566862848,0.1954226102679968,"[""y@t"", ""data_quality_2@t+h"", ""cores_2@t"", ""y@t-1""]",4,20,24000.0,776,0.010072113951963764,0.37156564753561,1.3996185026227945
"ar_order=2,capacity=True,numeric=True,on_change=capchain,other_lags=2,pool=local,target=avg_p_latency_2",cg_median,4,133160,33558,0.8822635437153585,0.3014497858719583,0.5003724150693272,0.3449887221861975,33464,0.8842636863495099,0.29092151964264573,0.48264899491310254,0.3268288309825484,94,0.1702127659574468,4.049512563507221,6.809909990685275,6.809909990685275,4175,0.16167664670658682,1.7055871109117815,1.6441311571317732,1.5157223795499195,29383,0.9846509886669162,0.1019373694392842,0.3378569214808334,0.17864039085537564,8388,0.5875059608965189,0.8553998727555849,1.030948494229621,1.2107773009060563,0.7453546566862848,0.1954226102679968,"[""y@t"", ""data_quality_2@t+h"", ""cores_2@t"", ""y@t-1""]",4,20,24000.0,776,0.010072113951963764,0.37156564753561,1.3996185026227945
"ar_order=2,capacity=True,numeric=True,on_change=capchain,other_lags=2,pool=local,target=avg_p_latency_2",linear,4,133160,33558,0.8822635437153585,0.3014497858719583,0.5003724150693272,0.5363175592056555,33464,0.8842636863495099,0.29092151964264573,0.48264899491310254,0.518695108555432,94,0.1702127659574468,4.049512563507221,6.809909990685275,6.809909990685275,4175,0.16167664670658682,1.7055871109117815,1.6441311571317732,1.6177944956565298,29383,0.9846509886669162,0.1019373694392842,0.3378569214808334,0.3826516227906401,8388,0.5875059608965189,0.8553998727555849,1.030948494229621,1.1698045425442969,0.7453546566862848,0.1954226102679968,"[""y@t"", ""data_quality_2@t+h"", ""cores_2@t"", ""y@t-1""]",4,20,24000.0,776,0.010072113951963764,0.37156564753561,1.3996185026227945
"ar_order=2,capacity=True,numeric=True,on_change=capchain,other_lags=2,pool=local,target=avg_p_latency_2",clg,4,133160,33558,0.8822635437153585,0.3014497858719583,0.5003724150693272,0.4588389498170656,33464,0.8842636863495099,0.29092151964264573,0.48264899491310254,0.44099886262361565,94,0.1702127659574468,4.049512563507221,6.809909990685275,6.809909990685275,4175,0.16167664670658682,1.7055871109117815,1.6441311571317732,1.5074439324795494,29383,0.9846509886669162,0.1019373694392842,0.3378569214808334,0.3098437552278177,8388,0.5875059608965189,0.8553998727555849,1.030948494229621,1.0679441558967708,0.7453546566862848,0.1954226102679968,"[""y@t"", ""data_quality_2@t+h"", ""cores_2@t"", ""y@t-1""]",4,20,24000.0,776,0.010072113951963764,0.37156564753561,1.3996185026227945
"ar_order=2,capacity=True,numeric=True,on_change=capchain,other_lags=2,pool=local,target=avg_p_latency_2",ar,4,133160,33558,0.8756779307467668,0.4520834142443294,0.6010892276797866,0.45434119234502524,33464,0.877779105904853,0.4379067698833234,0.5813987668911559,0.4340271536878548,94,0.1276595744680851,5.498968806762467,7.610893268432334,7.68613895429772,4175,0.0011976047904191617,2.7473824318973525,2.1655040117930304,1.8114645033424819,29383,0.9999319334308954,0.1259467570377347,0.3788031532941625,0.2615089484143721,8388,0.5126371006199333,1.389940963060937,1.278055646223809,1.3471345351903043,0.7380031487623789,0.1954226102679968,"[""y@t"", ""data_quality_2@t+h"", ""cores_2@t"", ""y@t-1""]",4,20,24000.0,776,0.010072113951963764,0.37156564753561,1.3996185026227945
"ar_order=2,capacity=True,numeric=True,on_change=capchain,other_lags=2,pool=local,target=avg_p_latency_2",persistence,4,133160,33558,0.8755885332856547,3.437615863847717,0.5906120352207777,0.3715656475356102,33464,0.8776894573272771,3.379565187290687,0.5706836996603228,0.3508247669136985,94,0.1276595744680851,24.10365671815043,7.685099494742657,7.75531914893617,4175,0.0,27.631021115928547,2.2711652569535428,1.917125748502994,29383,1.0,0.0,0.3518239706686797,0.15195861552598472,8388,0.5120410109680495,13.482805129648968,1.317683059007067,1.3996185026227945,0.7455020874990387,0.1954226102679968,"[""y@t"", ""data_quality_2@t+h"", ""cores_2@t"", ""y@t-1""]",4,20,24000.0,776,0.010072113951963764,0.37156564753561,1.3996185026227945
"ar_order=2,capacity=True,numeric=True,on_change=capchain,other_lags=2,pool=local,target=avg_p_latency_2",model,5,166718,33201,0.9087979277732599,0.28249453228788457,0.5397902368375518,0.40788957276559296,33108,0.9106862389754742,0.27304913152512594,0.5181050237516733,0.38593621941284345,93,0.23655913978494625,3.6450572038299613,8.259726095410242,8.22328336634442,3389,0.24756565358512836,1.9864935879352938,2.066883364794812,1.8144100905021625,29812,0.9839661881121696,0.088785529215663,0.3661917325222708,0.24799764888899178,7258,0.6485257646734638,0.9662865382832169,1.1934119762971291,1.3160408859572248,0.6751407465784826,0.2564026527106762,"[""y@t"", ""data_quality_2@t+h"", ""y@t-1"", ""cores_2@t+h""]",4,20,24000.0,843,0.016535646516671186,0.36908526851600854,1.5665472581978506
"ar_order=2,capacity=True,numeric=True,on_change=capchain,other_lags=2,pool=local,target=avg_p_latency_2",cg_mean,5,166718,33201,0.9087979277732599,0.28249453228788457,0.5397902368375518,0.3868279912999356,33108,0.9106862389754742,0.27304913152512594,0.5181050237516733,0.364713108985019,93,0.23655913978494625,3.6450572038299613,8.259726095410242,8.259726095410242,3389,0.24756565358512836,1.9864935879352938,2.066883364794812,1.8830112129849568,29812,0.9839661881121696,0.088785529215663,0.3661917325222708,0.21674329593261582,7258,0.6485257646734638,0.9662865382832169,1.1934119762971291,1.3426665971130898,0.6751407465784826,0.2564026527106762,"[""y@t"", ""data_quality_2@t+h"", ""y@t-1"", ""cores_2@t+h""]",4,20,24000.0,843,0.016535646516671186,0.36908526851600854,1.5665472581978506
"ar_order=2,capacity=True,numeric=True,on_change=capchain,other_lags=2,pool=local,target=avg_p_latency_2",cg_median,5,166718,33201,0.9087979277732599,0.28249453228788457,0.5397902368375518,0.33990405490416414,33108,0.9106862389754742,0.27304913152512594,0.5181050237516733,0.31765736377914705,93,0.23655913978494625,3.6450572038299613,8.259726095410242,8.259726095410242,3389,0.24756565358512836,1.9864935879352938,2.066883364794812,1.7454807869463786,29812,0.9839661881121696,0.088785529215663,0.3661917325222708,0.18011941969381037,7258,0.6485257646734638,0.9662865382832169,1.1934119762971291,1.2798980435381648,0.6751407465784826,0.2564026527106762,"[""y@t"", ""data_quality_2@t+h"", ""y@t-1"", ""cores_2@t+h""]",4,20,24000.0,843,0.016535646516671186,0.36908526851600854,1.5665472581978506
"ar_order=2,capacity=True,numeric=True,on_change=capchain,other_lags=2,pool=local,target=avg_p_latency_2",linear,5,166718,33201,0.9087979277732599,0.28249453228788457,0.5397902368375518,0.5467217628711738,33108,0.9106862389754742,0.27304913152512594,0.5181050237516733,0.5250560203640414,93,0.23655913978494625,3.6450572038299613,8.259726095410242,8.259726095410242,3389,0.24756565358512836,1.9864935879352938,2.066883364794812,2.0730360922691666,29812,0.9839661881121696,0.088785529215663,0.3661917325222708,0.373211791640468,7258,0.6485257646734638,0.9662865382832169,1.1934119762971291,1.3496981133239134,0.6751407465784826,0.2564026527106762,"[""y@t"", ""data_quality_2@t+h"", ""y@t-1"", ""cores_2@t+h""]",4,20,24000.0,843,0.016535646516671186,0.36908526851600854,1.5665472581978506
"ar_order=2,capacity=True,numeric=True,on_change=capchain,other_lags=2,pool=local,target=avg_p_latency_2",clg,5,166718,33201,0.9087979277732599,0.28249453228788457,0.5397902368375518,0.4637061571488104,33108,0.9106862389754742,0.27304913152512594,0.5181050237516733,0.44180722473796374,93,0.23655913978494625,3.6450572038299613,8.259726095410242,8.259726095410242,3389,0.24756565358512836,1.9864935879352938,2.066883364794812,1.9515819750308883,29812,0.9839661881121696,0.088785529215663,0.3661917325222708,0.2945658395987513,7258,0.6485257646734638,0.9662865382832169,1.1934119762971291,1.2638702410921114,0.6751407465784826,0.2564026527106762,"[""y@t"", ""data_quality_2@t+h"", ""y@t-1"", ""cores_2@t+h""]",4,20,24000.0,843,0.016535646516671186,0.36908526851600854,1.5665472581978506
"ar_order=2,capacity=True,numeric=True,on_change=capchain,other_lags=2,pool=local,target=avg_p_latency_2",ar,5,166718,33201,0.9005150447275685,0.39057822378132745,0.6280688371336864,0.46986664270952977,33108,0.9027123353872176,0.3755512404476595,0.6032125687635375,0.44468093114707485,93,0.11827956989247312,5.740184290567147,9.476900376906682,9.435979958943445,3389,0.043375627028622014,2.668721957520466,2.6494217737309547,2.2927986123008717,29812,0.9979538440896283,0.13160099603270464,0.39828334464314097,0.262637458322536,7258,0.5635161201432901,1.291774346030197,1.4396662238662352,1.5194926737638865,0.6774575617077989,0.2564026527106762,"[""y@t"", ""data_quality_2@t+h"", ""y@t-1"", ""cores_2@t+h""]",4,20,24000.0,843,0.016535646516671186,0.36908526851600854,1.5665472581978506
"ar_order=2,capacity=True,numeric=True,on_change=capchain,other_lags=2,pool=local,target=avg_p_latency_2",persistence,5,166718,33201,0.8979247613023704,2.82044307586765,0.6097324962203045,0.36908526851600876,33108,0.9001147758849825,2.759930736691304,0.5845958667290257,0.3434215295396885,93,0.11827956989247312,24.36283582264667,9.55837259511556,9.505376344086022,3389,0.0,27.631021115928544,2.764820680320445,2.399822956624373,29812,1.0,0.0,0.36474410711808475,0.13823292633838752,7258,0.5443648387985671,12.589664760316301,1.4693038516775823,1.5665472581978506,0.6881214432561366,0.2564026527106762,"[""y@t"", ""data_quality_2@t+h"", ""y@t-1"", ""cores_2@t+h""]",4,20,24000.0,843,0.016535646516671186,0.36908526851600854,1.5665472581978506
"ar_order=2,capacity=True,n_bins=50,numeric=True,on_change=capchain,other_lags=2,pool=local,target=avg_p_latency_2",model,1,33200,33558,0.7469455867453364,0.7088202426299338,0.40090703731790156,0.40090703731790156,33464,0.7488345684915133,0.6863690003112703,0.380151459528059,0.380151459528059,94,0.07446808510638298,8.701462508074124,7.789892730501832,7.789892730501832,8237,0.20553599611509044,2.0741637220697857,1.177470001436591,1.1774700014365913,25321,0.9230678093282256,0.26466976515487134,0.1482886914608798,0.14828869146087986,8150,0.20773006134969324,1.99598615473158,1.1002053846640325,1.1002053846640325,0.36362254936925376,0.07213056646287441,"[""y@t"", ""y@t-1"", ""data_quality_2@t+h""]",3,50,25000.0,603,0.007509386733416771,0.3560402884558079,1.3711656441717792
"ar_order=2,capacity=True,n_bins=50,numeric=True,on_change=capchain,other_lags=2,pool=local,target=avg_p_latency_2",cg_mean,1,33200,33558,0.7469455867453364,0.7088202426299338,0.40090703731790156,0.4008906232857523,33464,0.7488345684915133,0.6863690003112703,0.380151459528059,0.380134999389078,94,0.07446808510638298,8.701462508074124,7.789892730501832,7.789892730501832,8237,0.20553599611509044,2.0741637220697857,1.177470001436591,1.1772026001185052,25321,0.9230678093282256,0.26466976515487134,0.1482886914608798,0.1483539243729375,8150,0.20773006134969324,1.99598615473158,1.1002053846640325,1.0999351288778885,0.36362254936925376,0.07213056646287441,"[""y@t"", ""y@t-1"", ""data_quality_2@t+h""]",3,50,25000.0,603,0.007509386733416771,0.3560402884558079,1.3711656441717792
"ar_order=2,capacity=True,n_bins=50,numeric=True,on_change=capchain,other_lags=2,pool=local,target=avg_p_latency_2",cg_median,1,33200,33558,0.7469455867453364,0.7088202426299338,0.40090703731790156,0.36260354957587376,33464,0.7488345684915133,0.6863690003112703,0.380151459528059,0.3417403777193402,94,0.07446808510638298,8.701462508074124,7.789892730501832,7.789892730501832,8237,0.20553599611509044,2.0741637220697857,1.177470001436591,1.1748387175939463,25321,0.9230678093282256,0.26466976515487134,0.1482886914608798,0.0983809249178878,8150,0.20773006134969324,1.99598615473158,1.1002053846640325,1.0975460122699388,0.36362254936925376,0.07213056646287441,"[""y@t"", ""y@t-1"", ""data_quality_2@t+h""]",3,50,25000.0,603,0.007509386733416771,0.3560402884558079,1.3711656441717792
"ar_order=2,capacity=True,n_bins=50,numeric=True,on_change=capchain,other_lags=2,pool=local,target=avg_p_latency_2",linear,1,33200,33558,0.7469455867453364,0.7088202426299338,0.40090703731790156,0.5845940482472882,33464,0.7488345684915133,0.6863690003112703,0.380151459528059,0.5643544452072474,94,0.07446808510638298,8.701462508074124,7.789892730501832,7.789892730501832,8237,0.20553599611509044,2.0741637220697857,1.177470001436591,1.2702664085612172,25321,0.9230678093282256,0.26466976515487134,0.1482886914608798,0.36154269830432273,8150,0.20773006134969324,1.99598615473158,1.1002053846640325,1.193992379202136,0.36362254936925376,0.07213056646287441,"[""y@t"", ""y@t-1"", ""data_quality_2@t+h""]",3,50,25000.0,603,0.007509386733416771,0.3560402884558079,1.3711656441717792
"ar_order=2,capacity=True,n_bins=50,numeric=True,on_change=capchain,other_lags=2,pool=local,target=avg_p_latency_2",clg,1,33200,33558,0.7469455867453364,0.7088202426299338,0.40090703731790156,0.43482929289863853,33464,0.7488345684915133,0.6863690003112703,0.380151459528059,0.41416900234357334,94,0.07446808510638298,8.701462508074124,7.789892730501832,7.789892730501832,8237,0.20553599611509044,2.0741637220697857,1.177470001436591,1.1557467465654494,25321,0.9230678093282256,0.26466976515487134,0.1482886914608798,0.2003126045429843,8150,0.20773006134969324,1.99598615473158,1.1002053846640325,1.078250237378929,0.36362254936925376,0.07213056646287441,"[""y@t"", ""y@t-1"", ""data_quality_2@t+h""]",3,50,25000.0,603,0.007509386733416771,0.3560402884558079,1.3711656441717792
"ar_order=2,capacity=True,n_bins=50,numeric=True,on_change=capchain,other_lags=2,pool=local,target=avg_p_latency_2",ar,1,33200,33558,0.7358901007211395,0.792519201316894,0.4289893032447821,0.4289893032447822,33464,0.7377480277312933,0.7687619301976241,0.40750963116567346,0.4075096311656736,94,0.07446808510638298,9.250107719777025,8.075752563407455,8.075752563407455,8237,0.07381328153453927,2.4098145889944065,1.3765408031360875,1.3765408031360875,25321,0.9512657477982702,0.26640798500238577,0.12074785525281174,0.1207478552528119,8150,0.07460122699386502,2.3289098643944546,1.298127033969058,1.298127033969058,0.36161850984891536,0.07213056646287441,"[""y@t"", ""y@t-1"", ""data_quality_2@t+h""]",3,50,25000.0,603,0.007509386733416771,0.3560402884558079,1.3711656441717792
"ar_order=2,capacity=True,n_bins=50,numeric=True,on_change=capchain,other_lags=2,pool=local,target=avg_p_latency_2",persistence,1,33200,33558,0.7545443709398653,6.782189669584107,0.3560402884558079,0.3560402884558079,33464,0.756454697585465,6.729405393701221,0.33394095147023667,0.33394095147023667,94,0.07446808510638298,25.573391883891308,8.22340425531915,8.22340425531915,8237,0.0,27.63102111592855,1.450528104892558,1.450528104892558,25321,1.0,0.0,0.0,0.0,8150,0.0,27.631021115928547,1.3711656441717792,1.3711656441717792,0.44538042410446,0.07213056646287441,"[""y@t"", ""y@t-1"", ""data_quality_2@t+h""]",3,50,25000.0,603,0.007509386733416771,0.3560402884558079,1.3711656441717792
"ar_order=2,capacity=True,n_bins=50,numeric=True,on_change=capchain,other_lags=2,pool=local,target=avg_p_latency_2",model,2,66758,33201,0.7351585795608566,0.7458008352173733,0.42232142461163313,0.42232142461163324,33108,0.7367403648664975,0.7262189494582459,0.39999643190414924,0.39999643190414935,93,0.17204301075268819,7.716952165466719,8.3700188284759,8.370018828475901,8956,0.20131755247878516,2.011838846297792,1.1340219315638245,1.1340219315638245,24245,0.932357187048876,0.2781317724318,0.15942228085977397,0.15942228085977408,8878,0.2029736427123226,1.9489113112206304,1.0564050125434477,1.0564050125434477,0.36380245345106016,0.15037989988923073,"[""y@t"", ""data_quality_2@t+h"", ""y@t-1"", ""data_quality_2@t""]",4,50,250000.0,717,0.013433330321375862,0.3936628414806783,1.3793647217841856
"ar_order=2,capacity=True,n_bins=50,numeric=True,on_change=capchain,other_lags=2,pool=local,target=avg_p_latency_2",cg_mean,2,66758,33201,0.7351585795608566,0.7458008352173733,0.42232142461163313,0.4223450626111938,33108,0.7367403648664975,0.7262189494582459,0.39999643190414924,0.40002013630258504,93,0.17204301075268819,7.716952165466719,8.3700188284759,8.3700188284759,8956,0.20131755247878516,2.011838846297792,1.1340219315638245,1.134134134606905,24245,0.932357187048876,0.2781317724318,0.15942228085977397,0.1594132033085092,8878,0.2029736427123226,1.9489113112206304,1.0564050125434477,1.056518201375823,0.36380245345106016,0.15037989988923073,"[""y@t"", ""data_quality_2@t+h"", ""y@t-1"", ""data_quality_2@t""]",4,50,250000.0,717,0.013433330321375862,0.3936628414806783,1.3793647217841856
"ar_order=2,capacity=True,n_bins=50,numeric=True,on_change=capchain,other_lags=2,pool=local,target=avg_p_latency_2",cg_median,2,66758,33201,0.7351585795608566,0.7458008352173733,0.42232142461163313,0.3639020436447173,33108,0.7367403648664975,0.7262189494582459,0.39999643190414924,0.34141295155249485,93,0.17204301075268819,7.716952165466719,8.3700188284759,8.3700188284759,8956,0.20131755247878516,2.011838846297792,1.1340219315638245,1.121040276655302,24245,0.932357187048876,0.2781317724318,0.15942228085977397,0.08421839691991645,8878,0.2029736427123226,1.9489113112206304,1.0564050125434477,1.043309303897274,0.36380245345106016,0.15037989988923073,"[""y@t"", ""data_quality_2@t+h"", ""y@t-1"", ""data_quality_2@t""]",4,50,250000.0,717,0.013433330321375862,0.3936628414806783,1.3793647217841856
"ar_order=2,capacity=True,n_bins=50,numeric=True,on_change=capchain,other_lags=2,pool=local,target=avg_p_latency_2",linear,2,66758,33201,0.7351585795608566,0.7458008352173733,0.42232142461163313,0.502982880259431,33108,0.7367403648664975,0.7262189494582459,0.39999643190414924,0.48088446467455337,93,0.17204301075268819,7.716952165466719,8.3700188284759,8.3700188284759,8956,0.20131755247878516,2.011838846297792,1.1340219315638245,1.2695459413409453,24245,0.932357187048876,0.2781317724318,0.15942228085977397,0.21981774208471294,8878,0.2029736427123226,1.9489113112206304,1.0564050125434477,1.193119704091532,0.36380245345106016,0.15037989988923073,"[""y@t"", ""data_quality_2@t+h"", ""y@t-1"", ""data_quality_2@t""]",4,50,250000.0,717,0.013433330321375862,0.3936628414806783,1.3793647217841856
"ar_order=2,capacity=True,n_bins=50,numeric=True,on_change=capchain,other_lags=2,pool=local,target=avg_p_latency_2",clg,2,66758,33201,0.7351585795608566,0.7458008352173733,0.42232142461163313,0.4544005252706931,33108,0.7367403648664975,0.7262189494582459,0.39999643190414924,0.4321656423965212,93,0.17204301075268819,7.716952165466719,8.3700188284759,8.3700188284759,8956,0.20131755247878516,2.011838846297792,1.1340219315638245,1.2073946198104948,24245,0.932357187048876,0.2781317724318,0.15942228085977397,0.17624770569146173,8878,0.2029736427123226,1.9489113112206304,1.0564050125434477,1.1304223358073788,0.36380245345106016,0.15037989988923073,"[""y@t"", ""data_quality_2@t+h"", ""y@t-1"", ""data_quality_2@t""]",4,50,250000.0,717,0.013433330321375862,0.3936628414806783,1.3793647217841856
"ar_order=2,capacity=True,n_bins=50,numeric=True,on_change=capchain,other_lags=2,pool=local,target=avg_p_latency_2",ar,2,66758,33201,0.7274479684346857,0.8628780479581045,0.448582023569079,0.4485820235690789,33108,0.7290080947203093,0.841400894272821,0.4251669079881215,0.4251669079881215,93,0.17204301075268819,8.508744759919047,8.78436317038995,8.78436317038995,8956,0.05013398838767307,2.4788564266926056,1.3570936811495995,1.3570936811495997,24245,0.9776448752320066,0.2659425000122933,0.11298167688765437,0.11298167688765427,8878,0.05046181572426222,2.411747915080111,1.2770965673285106,1.277096567328511,0.3817593248455773,0.15037989988923073,"[""y@t"", ""data_quality_2@t+h"", ""y@t-1"", ""data_quality_2@t""]",4,50,250000.0,717,0.013433330321375862,0.3936628414806783,1.3793647217841856
"ar_order=2,capacity=True,n_bins=50,numeric=True,on_change=capchain,other_lags=2,pool=local,target=avg_p_latency_2",persistence,2,66758,33201,0.730249088882865,7.453493121118522,0.3936628414806783,0.3936628414806783,33108,0.7318472876646128,7.409333256832598,0.3698803914461761,0.3698803914461761,93,0.16129032258064516,23.174404806907813,8.86021505376344,8.86021505376344,8956,0.0,27.631021115928547,1.4593568557391692,1.4593568557391692,24245,1.0,0.0,0.0,0.0,8878,0.0,27.631021115928547,1.3793647217841856,1.3793647217841856,0.43121291316431304,0.15037989988923073,"[""y@t"", ""data_quality_2@t+h"", ""y@t-1"", ""data_quality_2@t""]",4,50,250000.0,717,0.013433330321375862,0.3936628414806783,1.3793647217841856
"ar_order=2,capacity=True,n_bins=50,numeric=True,on_change=capchain,other_lags=2,pool=local,target=avg_p_latency_2",model,3,99959,33201,0.7749465377548869,0.6348925950989216,0.4134076670360266,0.41340766703602666,33108,0.7767911078893319,0.6157628843565853,0.38861412290103775,0.38861412290103786,93,0.11827956989247312,7.445069619370676,9.239909379092058,9.239909379092058,8089,0.23599950550129806,1.8783038458299999,1.2518930889852184,1.2518930889852184,25112,0.9485504937878305,0.2343687974259489,0.14331732862622207,0.1433173286262222,8006,0.23832125905570822,1.811402680162306,1.1576107534152007,1.1576107534152005,0.455605729931892,0.3848115298897028,"[""y@t"", ""y@t-1"", ""data_quality_2@t+h"", ""capacity_2@t+h""]",4,50,1250000.0,1467,0.04668534080298786,0.389415981446342,1.5034973769672746
"ar_order=2,capacity=True,n_bins=50,numeric=True,on_change=capchain,other_lags=2,pool=local,target=avg_p_latency_2",cg_mean,3,99959,33201,0.7749465377548869,0.6348925950989216,0.4134076670360266,0.41343232203109503,33108,0.7767911078893319,0.6157628843565853,0.38861412290103775,0.3886388471517104,93,0.11827956989247312,7.445069619370676,9.239909379092058,9.239909379092058,8089,0.23599950550129806,1.8783038458299999,1.2518930889852184,1.2519516930315475,25112,0.9485504937878305,0.2343687974259489,0.14331732862622207,0.14333104805759003,8006,0.23832125905570822,1.811402680162306,1.1576107534152007,1.1576699650228393,0.455605729931892,0.3848115298897028,"[""y@t"", ""y@t-1"", ""data_quality_2@t+h"", ""capacity_2@t+h""]",4,50,1250000.0,1467,0.04668534080298786,0.389415981446342,1.5034973769672746
"ar_order=2,capacity=True,n_bins=50,numeric=True,on_change=capchain,other_lags=2,pool=local,target=avg_p_latency_2",cg_median,3,99959,33201,0.7749465377548869,0.6348925950989216,0.4134076670360266,0.3564444315609639,33108,0.7767911078893319,0.6157628843565853,0.38861412290103775,0.3314908783375619,93,0.11827956989247312,7.445069619370676,9.239909379092058,9.239909379092058,8089,0.23599950550129806,1.8783038458299999,1.2518930889852184,1.2522847700530764,25112,0.9485504937878305,0.2343687974259489,0.14331732862622207,0.06787910430456462,8006,0.23832125905570822,1.811402680162306,1.1576107534152007,1.1580064951286535,0.455605729931892,0.3848115298897028,"[""y@t"", ""y@t-1"", ""data_quality_2@t+h"", ""capacity_2@t+h""]",4,50,1250000.0,1467,0.04668534080298786,0.389415981446342,1.5034973769672746
"ar_order=2,capacity=True,n_bins=50,numeric=True,on_change=capchain,other_lags=2,pool=local,target=avg_p_latency_2",linear,3,99959,33201,0.7749465377548869,0.6348925950989216,0.4134076670360266,0.5407287009551638,33108,0.7767911078893319,0.6157628843565853,0.38861412290103775,0.5162928001738804,93,0.11827956989247312,7.445069619370676,9.239909379092058,9.239909379092058,8089,0.23599950550129806,1.8783038458299999,1.2518930889852184,1.3952704633854485,25112,0.9485504937878305,0.2343687974259489,0.14331732862622207,0.2654663436638858,8006,0.23832125905570822,1.811402680162306,1.1576107534152007,1.3024745532557531,0.455605729931892,0.3848115298897028,"[""y@t"", ""y@t-1"", ""data_quality_2@t+h"", ""capacity_2@t+h""]",4,50,1250000.0,1467,0.04668534080298786,0.389415981446342,1.5034973769672746
"ar_order=2,capacity=True,n_bins=50,numeric=True,on_change=capchain,other_lags=2,pool=local,target=avg_p_latency_2",clg,3,99959,33201,0.7749465377548869,0.6348925950989216,0.4134076670360266,0.5150628651113458,33108,0.7767911078893319,0.6157628843565853,0.38861412290103775,0.4905548692855572,93,0.11827956989247312,7.445069619370676,9.239909379092058,9.239909379092058,8089,0.23599950550129806,1.8783038458299999,1.2518930889852184,1.3017423783898026,25112,0.9485504937878305,0.2343687974259489,0.14331732862622207,0.26166008624429266,8006,0.23832125905570822,1.811402680162306,1.1576107534152007,1.2079768415982735,0.455605729931892,0.3848115298897028,"[""y@t"", ""y@t-1"", ""data_quality_2@t+h"", ""capacity_2@t+h""]",4,50,1250000.0,1467,0.04668534080298786,0.389415981446342,1.5034973769672746
"ar_order=2,capacity=True,n_bins=50,numeric=True,on_change=capchain,other_lags=2,pool=local,target=avg_p_latency_2",ar,3,99959,33201,0.7582000542152345,0.7575119541057947,0.4293057658901045,0.42930576589010466,33108,0.7599975836655793,0.7367875792745819,0.40383109834214015,0.4038310983421403,93,0.11827956989247312,8.135389394017572,9.498287412965402,9.498287412965402,8089,0.021139819507973792,2.3072053902083254,1.5022579922238797,1.5022579922238797,25112,0.9956196240841032,0.2583294833892699,0.08368970349706903,0.08368970349706925,8006,0.021234074444166876,2.2367505896848106,1.4075355106931777,1.4075355106931777,0.4610327379165997,0.3848115298897028,"[""y@t"", ""y@t-1"", ""data_quality_2@t+h"", ""capacity_2@t+h""]",4,50,1250000.0,1467,0.04668534080298786,0.389415981446342,1.5034973769672746
"ar_order=2,capacity=True,n_bins=50,numeric=True,on_change=capchain,other_lags=2,pool=local,target=avg_p_latency_2",persistence,3,99959,33201,0.7563627601578266,6.731945718705643,0.389415981446342,0.389415981446342,33108,0.7581853328500664,6.681586174161047,0.36356771777213964,0.36356771777213964,93,0.10752688172043011,24.659943576581387,9.591397849462366,9.591397849462366,8089,0.0,27.63102111592855,1.598343429348498,1.598343429348498,25112,1.0,0.0,0.0,0.0,8006,0.0,27.631021115928547,1.5034973769672746,1.5034973769672746,0.476912625389728,0.3848115298897028,"[""y@t"", ""y@t-1"", ""data_quality_2@t+h"", ""capacity_2@t+h""]",4,50,1250000.0,1467,0.04668534080298786,0.389415981446342,1.5034973769672746
"ar_order=2,capacity=True,n_bins=50,numeric=True,on_change=capchain,other_lags=2,pool=local,target=avg_p_latency_2",model,4,133160,33558,0.7723940640085821,0.6206166457571168,0.3913030128487887,0.39130301284878866,33464,0.7742947645230696,0.6006402576539068,0.3713718136926566,0.37137181369265654,94,0.09574468085106383,7.7322108104998915,7.486809912431805,7.486809912431805,8474,0.23743214538588625,1.7689600691755791,1.1254341909781898,1.12543419097819,25084,0.9531175251156115,0.2326776340345827,0.1432952149111174,0.1432952149111173,8388,0.23974725798760133,1.7006741188970211,1.0532616097883394,1.0532616097883394,0.5220383448560361,0.5046909917145967,"[""y@t"", ""y@t-1"", ""capacity_2@t+h"", ""cores_2@t""]",4,50,750000.0,1783,0.019637642290958938,0.37156564753561,1.3996185026227945
"ar_order=2,capacity=True,n_bins=50,numeric=True,on_change=capchain,other_lags=2,pool=local,target=avg_p_latency_2",cg_mean,4,133160,33558,0.7723940640085821,0.6206166457571168,0.3913030128487887,0.39130553133505724,33464,0.7742947645230696,0.6006402576539068,0.3713718136926566,0.37137433925332475,94,0.09574468085106383,7.7322108104998915,7.486809912431805,7.486809912431805,8474,0.23743214538588625,1.7689600691755791,1.1254341909781898,1.1254445574154661,25084,0.9531175251156115,0.2326776340345827,0.1432952149111174,0.14329508216405637,8388,0.23974725798760133,1.7006741188970211,1.0532616097883394,1.0532720825100226,0.5220383448560361,0.5046909917145967,"[""y@t"", ""y@t-1"", ""capacity_2@t+h"", ""cores_2@t""]",4,50,750000.0,1783,0.019637642290958938,0.37156564753561,1.3996185026227945
"ar_order=2,capacity=True,n_bins=50,numeric=True,on_change=capchain,other_lags=2,pool=local,target=avg_p_latency_2",cg_median,4,133160,33558,0.7723940640085821,0.6206166457571168,0.3913030128487887,0.32794743821945854,33464,0.7742947645230696,0.6006402576539068,0.3713718136926566,0.30783827396605307,94,0.09574468085106383,7.7322108104998915,7.486809912431805,7.486809912431805,8474,0.23743214538588625,1.7689600691755791,1.1254341909781898,1.127527844163865,25084,0.9531175251156115,0.2326776340345827,0.1432952149111174,0.057829260896348184,8388,0.23974725798760133,1.7006741188970211,1.0532616097883394,1.0553767286599904,0.5220383448560361,0.5046909917145967,"[""y@t"", ""y@t-1"", ""capacity_2@t+h"", ""cores_2@t""]",4,50,750000.0,1783,0.019637642290958938,0.37156564753561,1.3996185026227945
"ar_order=2,capacity=True,n_bins=50,numeric=True,on_change=capchain,other_lags=2,pool=local,target=avg_p_latency_2",linear,4,133160,33558,0.7723940640085821,0.6206166457571168,0.3913030128487887,0.4342412631227771,33464,0.7742947645230696,0.6006402576539068,0.3713718136926566,0.4144306770292125,94,0.09574468085106383,7.7322108104998915,7.486809912431805,7.486809912431805,8474,0.23743214538588625,1.7689600691755791,1.1254341909781898,1.291527900553775,25084,0.9531175251156115,0.2326776340345827,0.1432952149111174,0.1446284834389039,8388,0.23974725798760133,1.7006741188970211,1.0532616097883394,1.2210582353180852,0.5220383448560361,0.5046909917145967,"[""y@t"", ""y@t-1"", ""capacity_2@t+h"", ""cores_2@t""]",4,50,750000.0,1783,0.019637642290958938,0.37156564753561,1.3996185026227945
"ar_order=2,capacity=True,n_bins=50,numeric=True,on_change=capchain,other_lags=2,pool=local,target=avg_p_latency_2",clg,4,133160,33558,0.7723940640085821,0.6206166457571168,0.3913030128487887,0.5085230426714814,33464,0.7742947645230696,0.6006402576539068,0.3713718136926566,0.48892111326204235,94,0.09574468085106383,7.7322108104998915,7.486809912431805,7.486809912431805,8474,0.23743214538588625,1.7689600691755791,1.1254341909781898,1.1696687934525103,25084,0.9531175251156115,0.2326776340345827,0.1432952149111174,0.2851715400356004,8388,0.23974725798760133,1.7006741188970211,1.0532616097883394,1.0979497382298498,0.5220383448560361,0.5046909917145967,"[""y@t"", ""y@t-1"", ""capacity_2@t+h"", ""cores_2@t""]",4,50,750000.0,1783,0.019637642290958938,0.37156564753561,1.3996185026227945
"ar_order=2,capacity=True,n_bins=50,numeric=True,on_change=capchain,other_lags=2,pool=local,target=avg_p_latency_2",ar,4,133160,33558,0.7520412420287264,0.7669237262291726,0.4140393762943692,0.4140393762943692,33464,0.7539146545541477,0.7473240620361715,0.3933930302268517,0.3933930302268517,94,0.0851063829787234,7.744404178937554,7.764138576330607,7.764138576330607,8474,0.034812367240972385,2.274805197020172,1.3849339854937825,1.3849339854937828,25084,0.9943390208898102,0.2575238066197432,0.08604699396476347,0.08604699396476348,8388,0.035169289461134956,2.211486959516327,1.3121781426483723,1.3121781426483725,0.5240942252252699,0.5046909917145967,"[""y@t"", ""y@t-1"", ""capacity_2@t+h"", ""cores_2@t""]",4,50,750000.0,1783,0.019637642290958938,0.37156564753561,1.3996185026227945
"ar_order=2,capacity=True,n_bins=50,numeric=True,on_change=capchain,other_lags=2,pool=local,target=avg_p_latency_2",persistence,4,133160,33558,0.747481971512009,6.977330977304325,0.37156564753561,0.37156564753561,33464,0.7493425770977767,6.925920545075564,0.3508247669136983,0.3508247669136983,94,0.0851063829787234,25.279444850743133,7.75531914893617,7.75531914893617,8474,0.0,27.631021115928544,1.471442058059948,1.471442058059948,25084,1.0,0.0,0.0,0.0,8388,0.0,27.631021115928547,1.3996185026227945,1.3996185026227945,0.5357881163598136,0.5046909917145967,"[""y@t"", ""y@t-1"", ""capacity_2@t+h"", ""cores_2@t""]",4,50,750000.0,1783,0.019637642290958938,0.37156564753561,1.3996185026227945
"ar_order=2,capacity=True,n_bins=50,numeric=True,on_change=capchain,other_lags=2,pool=local,target=avg_p_latency_2",model,5,166718,33201,0.7995542302942682,0.5840587492893957,0.3886344020737712,0.388607896848025,33108,0.8014075148000483,0.567847244424125,0.3644947030955265,0.36446812341689905,93,0.13978494623655913,6.355354481325812,8.98236723832889,8.98236723832889,7340,0.23051771117166212,1.8737232481729298,1.2676592367084918,1.2675393457003175,25861,0.9610610571903638,0.2180196393630535,0.13914512144970992,0.13914512144970995,7258,0.23284651419123725,1.8136642544827002,1.1670239192481127,1.16690267372593,0.419176242591077,0.6113275848329067,"[""y@t"", ""capacity_2@t+h"", ""y@t-1"", ""data_quality_2@t+h""]",4,50,1250000.0,1864,0.020511430378603056,0.36908526851600854,1.5665472581978506
"ar_order=2,capacity=True,n_bins=50,numeric=True,on_change=capchain,other_lags=2,pool=local,target=avg_p_latency_2",cg_mean,5,166718,33201,0.7995542302942682,0.5840587492893957,0.3886344020737712,0.3874339894141107,33108,0.8014075148000483,0.567847244424125,0.3644947030955265,0.36329091849019285,93,0.13978494623655913,6.355354481325812,8.98236723832889,8.98236723832889,7340,0.23051771117166212,1.8737232481729298,1.2676592367084918,1.2623617932586733,25861,0.9610610571903638,0.2180196393630535,0.13914512144970992,0.13910754881942805,7258,0.23284651419123725,1.8136642544827002,1.1670239192481127,1.1616666259274089,0.419176242591077,0.6113275848329067,"[""y@t"", ""capacity_2@t+h"", ""y@t-1"", ""data_quality_2@t+h""]",4,50,1250000.0,1864,0.020511430378603056,0.36908526851600854,1.5665472581978506
"ar_order=2,capacity=True,n_bins=50,numeric=True,on_change=capchain,other_lags=2,pool=local,target=avg_p_latency_2",cg_median,5,166718,33201,0.7995542302942682,0.5840587492893957,0.3886344020737712,0.32911238074650123,33108,0.8014075148000483,0.567847244424125,0.3644947030955265,0.30480548507913496,93,0.13978494623655913,6.355354481325812,8.98236723832889,8.98236723832889,7340,0.23051771117166212,1.8737232481729298,1.2676592367084918,1.2298854484383555,25861,0.9610610571903638,0.2180196393630535,0.13914512144970992,0.07345040646638021,7258,0.23284651419123725,1.8136642544827002,1.1670239192481127,1.1288233673188206,0.419176242591077,0.6113275848329067,"[""y@t"", ""capacity_2@t+h"", ""y@t-1"", ""data_quality_2@t+h""]",4,50,1250000.0,1864,0.020511430378603056,0.36908526851600854,1.5665472581978506
"ar_order=2,capacity=True,n_bins=50,numeric=True,on_change=capchain,other_lags=2,pool=local,target=avg_p_latency_2",linear,5,166718,33201,0.7995542302942682,0.5840587492893957,0.3886344020737712,0.5504666352013402,33108,0.8014075148000483,0.567847244424125,0.3644947030955265,0.5267815211476112,93,0.13978494623655913,6.355354481325812,8.98236723832889,8.98236723832889,7340,0.23051771117166212,1.8737232481729298,1.2676592367084918,1.4521736485067427,25861,0.9610610571903638,0.2180196393630535,0.13914512144970992,0.29453958374696293,7258,0.23284651419123725,1.8136642544827002,1.1670239192481127,1.353622952397625,0.419176242591077,0.6113275848329067,"[""y@t"", ""capacity_2@t+h"", ""y@t-1"", ""data_quality_2@t+h""]",4,50,1250000.0,1864,0.020511430378603056,0.36908526851600854,1.5665472581978506
"ar_order=2,capacity=True,n_bins=50,numeric=True,on_change=capchain,other_lags=2,pool=local,target=avg_p_latency_2",clg,5,166718,33201,0.7995542302942682,0.5840587492893957,0.3886344020737712,0.47860509922348243,33108,0.8014075148000483,0.567847244424125,0.3644947030955265,0.45471812692262464,93,0.13978494623655913,6.355354481325812,8.98236723832889,8.98236723832889,7340,0.23051771117166212,1.8737232481729298,1.2676592367084918,1.3632574261111334,25861,0.9610610571903638,0.2180196393630535,0.13914512144970992,0.22751859524624413,7258,0.23284651419123725,1.8136642544827002,1.1670239192481127,1.2637021653510874,0.419176242591077,0.6113275848329067,"[""y@t"", ""capacity_2@t+h"", ""y@t-1"", ""data_quality_2@t+h""]",4,50,1250000.0,1864,0.020511430378603056,0.36908526851600854,1.5665472581978506
"ar_order=2,capacity=True,n_bins=50,numeric=True,on_change=capchain,other_lags=2,pool=local,target=avg_p_latency_2",ar,5,166718,33201,0.783560736122406,0.6777964192519971,0.4127856467776775,0.4127591415519313,33108,0.7854295034432766,0.6569606042627026,0.38734819909558094,0.38732161941695337,93,0.11827956989247312,8.095346555440875,9.468517021604066,9.468517021604066,7340,0.04863760217983651,2.2035632792034794,1.5263355016578473,1.5262156106496727,25861,0.9921503422141449,0.24474554140334934,0.09673228709242004,0.09673228709241993,7258,0.04918710388536787,2.12496795413382,1.422308381475351,1.4221871359531686,0.4240857754156903,0.6113275848329067,"[""y@t"", ""capacity_2@t+h"", ""y@t-1"", ""data_quality_2@t+h""]",4,50,1250000.0,1864,0.020511430378603056,0.36908526851600854,1.5665472581978506
"ar_order=2,capacity=True,n_bins=50,numeric=True,on_change=capchain,other_lags=2,pool=local,target=avg_p_latency_2",persistence,5,166718,33201,0.7789223216168187,6.10860199966614,0.3690587632902623,0.36908526851600854,33108,0.7807780596834601,6.057326061961138,0.3433949498610607,0.3434215295396883,93,0.11827956989247312,24.36283582264667,9.505376344086022,9.505376344086022,7340,0.0,27.631021115928547,1.6693623978201633,1.6694822888283378,25861,1.0,0.0,0.0,0.0,7258,0.0,27.631021115928544,1.5664260126756682,1.5665472581978506,0.44933936478287106,0.6113275848329067,"[""y@t"", ""capacity_2@t+h"", ""y@t-1"", ""data_quality_2@t+h""]",4,50,1250000.0,1864,0.020511430378603056,0.36908526851600854,1.5665472581978506
"ar_order=2,capacity=True,numeric=True,on_change=capchain,other_lags=2,pool=local,target=avg_p_latency_3",model,1,33200,33558,0.8973419154896001,0.39376254175203396,0.6765723492205901,0.38211102431755456,33464,0.8989959359311499,0.37585590558733895,0.6631160109653357,0.3677499286044558,94,0.30851063829787234,6.768525016383469,5.467028768091165,5.494661098180718,3414,0.2747510251903925,2.4513199773202086,1.7238836317674928,1.543769703814932,30144,0.9678542993630573,0.16073105671256518,0.5579576756996529,0.2505457797646072,6488,0.5762946979038225,1.4307418906304192,1.3180494591364316,1.3861166489538475,0.5544543155802819,0.03434408828616142,"[""y@t"", ""y@t-1""]",2,20,400.0,144,0.013409619166815663,0.30457715000893976,1.4921393341553637
"ar_order=2,capacity=True,numeric=True,on_change=capchain,other_lags=2,pool=local,target=avg_p_latency_3",cg_mean,1,33200,33558,0.8973419154896001,0.39376254175203396,0.6765723492205901,0.32982607201018016,33464,0.8989959359311499,0.37585590558733895,0.6631160109653357,0.3153957273582673,94,0.30851063829787234,6.768525016383469,5.467028768091165,5.467028768091165,3414,0.2747510251903925,2.4513199773202086,1.7238836317674928,1.5656787718787732,30144,0.9678542993630573,0.16073105671256518,0.5579576756996529,0.18985788207681445,6488,0.5762946979038225,1.4307418906304192,1.3180494591364316,1.262515453708321,0.5544543155802819,0.03434408828616142,"[""y@t"", ""y@t-1""]",2,20,400.0,144,0.013409619166815663,0.30457715000893976,1.4921393341553637
"ar_order=2,capacity=True,numeric=True,on_change=capchain,other_lags=2,pool=local,target=avg_p_latency_3",cg_median,1,33200,33558,0.8973419154896001,0.39376254175203396,0.6765723492205901,0.2902556977233616,33464,0.8989959359311499,0.37585590558733895,0.6631160109653357,0.275714200334688,94,0.30851063829787234,6.768525016383469,5.467028768091165,5.467028768091165,3414,0.2747510251903925,2.4513199773202086,1.7238836317674928,1.4699994923159072,30144,0.9678542993630573,0.16073105671256518,0.5579576756996529,0.15664219869407053,6488,0.5762946979038225,1.4307418906304192,1.3180494591364316,1.2125462392108508,0.5544543155802819,0.03434408828616142,"[""y@t"", ""y@t-1""]",2,20,400.0,144,0.013409619166815663,0.30457715000893976,1.4921393341553637
"ar_order=2,capacity=True,numeric=True,on_change=capchain,other_lags=2,pool=local,target=avg_p_latency_3",linear,1,33200,33558,0.8973419154896001,0.39376254175203396,0.6765723492205901,0.37572456893108286,33464,0.8989959359311499,0.37585590558733895,0.6631160109653357,0.36142315264130725,94,0.30851063829787234,6.768525016383469,5.467028768091165,5.467028768091165,3414,0.2747510251903925,2.4513199773202086,1.7238836317674928,1.7361647371940028,30144,0.9678542993630573,0.16073105671256518,0.5579576756996529,0.2216460546513055,6488,0.5762946979038225,1.4307418906304192,1.3180494591364316,1.2534828866533552,0.5544543155802819,0.03434408828616142,"[""y@t"", ""y@t-1""]",2,20,400.0,144,0.013409619166815663,0.30457715000893976,1.4921393341553637
"ar_order=2,capacity=True,numeric=True,on_change=capchain,other_lags=2,pool=local,target=avg_p_latency_3",clg,1,33200,33558,0.8973419154896001,0.39376254175203396,0.6765723492205901,0.37572456893108286,33464,0.8989959359311499,0.37585590558733895,0.6631160109653357,0.36142315264130725,94,0.30851063829787234,6.768525016383469,5.467028768091165,5.467028768091165,3414,0.2747510251903925,2.4513199773202086,1.7238836317674928,1.7361647371940028,30144,0.9678542993630573,0.16073105671256518,0.5579576756996529,0.2216460546513055,6488,0.5762946979038225,1.4307418906304192,1.3180494591364316,1.2534828866533552,0.5544543155802819,0.03434408828616142,"[""y@t"", ""y@t-1""]",2,20,400.0,144,0.013409619166815663,0.30457715000893976,1.4921393341553637
"ar_order=2,capacity=True,numeric=True,on_change=capchain,other_lags=2,pool=local,target=avg_p_latency_3",ar,1,33200,33558,0.8845282793968652,0.4468752069464025,0.7273915991139944,0.4174661670528435,33464,0.8861761893377958,0.4325216730623561,0.7138205892205998,0.4029442344731005,94,0.2978723404255319,5.5567332696669105,5.558671121162508,5.587274165441343,3414,0.053895723491505565,2.8204267290250313,2.175247705313286,1.9661951759485348,30144,0.9786027070063694,0.17805537890843673,0.5634126730735093,0.24206274227942623,6488,0.46824907521578296,1.6628276627616085,1.5486281645440536,1.6059065921001485,0.5342238138870575,0.03434408828616142,"[""y@t"", ""y@t-1""]",2,20,400.0,144,0.013409619166815663,0.30457715000893976,1.4921393341553637
"ar_order=2,capacity=True,numeric=True,on_change=capchain,other_lags=2,pool=local,target=avg_p_latency_3",persistence,1,33200,33558,0.8982656892544252,2.8110228884254145,0.6451043041472431,0.3045771500089401,33464,0.8999521874252928,2.764423221854195,0.6308517190739333,0.28929595983743756,94,0.2978723404255319,19.400504187779617,5.719024590245484,5.74468085106383,3414,0.0,27.631021115928547,2.260577604655846,2.0439367311072054,30144,1.0,0.0,0.46214166322578704,0.10758359872611499,6488,0.4839704069050555,14.258424583250429,1.3872032122301925,1.4921393341553637,0.6360426587205381,0.03434408828616142,"[""y@t"", ""y@t-1""]",2,20,400.0,144,0.013409619166815663,0.30457715000893976,1.4921393341553637
"ar_order=2,capacity=True,numeric=True,on_change=capchain,other_lags=2,pool=local,target=avg_p_latency_3",model,2,66758,33201,0.878738592211078,0.3944800158044543,0.6347948675130478,0.36446228509477535,33108,0.8803612419958923,0.38473778583593105,0.6223444719914782,0.3509387894312724,93,0.3010752688172043,3.862713884598735,5.067135673191822,5.178826741301822,4243,0.24322413386754654,1.8116069140143778,1.4150208424833775,1.2028579920391589,28958,0.9718557911457973,0.18683896914706413,0.5204741681622947,0.2416184082881927,6592,0.4858919902912621,1.3689557474041059,1.2579623687196109,1.147995050653508,0.5794435171216159,0.09820978529751301,"[""y@t"", ""y@t-1"", ""capacity_3@t+h"", ""data_quality_3@t+h""]",4,20,64000.0,592,0.04466732929731032,0.3092376735640493,1.4778519417475728
"ar_order=2,capacity=True,numeric=True,on_change=capchain,other_lags=2,pool=local,target=avg_p_latency_3",cg_mean,2,66758,33201,0.878738592211078,0.3944800158044543,0.6347948675130478,0.33342791843182573,33108,0.8803612419958923,0.38473778583593105,0.6223444719914782,0.32013098653643246,93,0.3010752688172043,3.862713884598735,5.067135673191822,5.067135673191822,4243,0.24322413386754654,1.8116069140143778,1.4150208424833775,1.2892384371042616,28958,0.9718557911457973,0.18683896914706413,0.5204741681622947,0.19338012401483745,6592,0.4858919902912621,1.3689557474041059,1.2579623687196109,1.186510062453841,0.5794435171216159,0.09820978529751301,"[""y@t"", ""y@t-1"", ""capacity_3@t+h"", ""data_quality_3@t+h""]",4,20,64000.0,592,0.04466732929731032,0.3092376735640493,1.4778519417475728
"ar_order=2,capacity=True,numeric=True,on_change=capchain,other_lags=2,pool=local,target=avg_p_latency_3",cg_median,2,66758,33201,0.878738592211078,0.3944800158044543,0.6347948675130478,0.29067629341305506,33108,0.8803612419958923,0.38473778583593105,0.6223444719914782,0.2772592726833394,93,0.3010752688172043,3.862713884598735,5.067135673191822,5.067135673191822,4243,0.24322413386754654,1.8116069140143778,1.4150208424833775,1.3318727472788265,28958,0.9718557911457973,0.18683896914706413,0.5204741681622947,0.1381175340459555,6592,0.4858919902912621,1.3689557474041059,1.2579623687196109,1.1940989077669903,0.5794435171216159,0.09820978529751301,"[""y@t"", ""y@t-1"", ""capacity_3@t+h"", ""data_quality_3@t+h""]",4,20,64000.0,592,0.04466732929731032,0.3092376735640493,1.4778519417475728
"ar_order=2,capacity=True,numeric=True,on_change=capchain,other_lags=2,pool=local,target=avg_p_latency_3",linear,2,66758,33201,0.878738592211078,0.3944800158044543,0.6347948675130478,0.48235831251183087,33108,0.8803612419958923,0.38473778583593105,0.6223444719914782,0.4694797244200331,93,0.3010752688172043,3.862713884598735,5.067135673191822,5.067135673191822,4243,0.24322413386754654,1.8116069140143778,1.4150208424833775,1.4788860787104163,28958,0.9718557911457973,0.18683896914706413,0.5204741681622947,0.3363445231624076,6592,0.4858919902912621,1.3689557474041059,1.2579623687196109,1.2173529159479366,0.5794435171216159,0.09820978529751301,"[""y@t"", ""y@t-1"", ""capacity_3@t+h"", ""data_quality_3@t+h""]",4,20,64000.0,592,0.04466732929731032,0.3092376735640493,1.4778519417475728
"ar_order=2,capacity=True,numeric=True,on_change=capchain,other_lags=2,pool=local,target=avg_p_latency_3",clg,2,66758,33201,0.878738592211078,0.3944800158044543,0.6347948675130478,0.43688124922770555,33108,0.8803612419958923,0.38473778583593105,0.6223444719914782,0.4238749165761209,93,0.3010752688172043,3.862713884598735,5.067135673191822,5.067135673191822,4243,0.24322413386754654,1.8116069140143778,1.4150208424833775,1.3606160499497852,28958,0.9718557911457973,0.18683896914706413,0.5204741681622947,0.301533270794672,6592,0.4858919902912621,1.3689557474041059,1.2579623687196109,1.2337499356963302,0.5794435171216159,0.09820978529751301,"[""y@t"", ""y@t-1"", ""capacity_3@t+h"", ""data_quality_3@t+h""]",4,20,64000.0,592,0.04466732929731032,0.3092376735640493,1.4778519417475728
"ar_order=2,capacity=True,numeric=True,on_change=capchain,other_lags=2,pool=local,target=avg_p_latency_3",ar,2,66758,33201,0.8619318695220024,0.4865024862353239,0.727914736315635,0.3655491077766506,33108,0.8635073094116226,0.47380368188118427,0.7146475249172515,0.35096069355495724,93,0.3010752688172043,5.007276836309023,5.451041994140173,5.559024570699509,4243,0.03016733443318407,2.5367598969424208,1.928401469271205,1.6390395666946356,28958,0.9838041301194834,0.18609354246744583,0.5520163590820387,0.17895403846285102,6592,0.3504247572815534,1.8301266291475784,1.5754110034226092,1.4231553140195503,0.5581515004932072,0.09820978529751301,"[""y@t"", ""y@t-1"", ""capacity_3@t+h"", ""data_quality_3@t+h""]",4,20,64000.0,592,0.04466732929731032,0.3092376735640493,1.4778519417475728
"ar_order=2,capacity=True,numeric=True,on_change=capchain,other_lags=2,pool=local,target=avg_p_latency_3",persistence,2,66758,33201,0.8722026444986597,3.531171428417362,0.6962101360025895,0.3092376735640495,33108,0.8738069348797873,3.4868432470203414,0.6826061573039891,0.29424912407877274,93,0.3010752688172043,19.312004005756506,5.539226552704369,5.645161290322581,4243,0.0,27.631021115928544,2.103879932272539,1.8145180296959698,28958,1.0,0.0,0.4899547680361071,0.08868015746943875,6592,0.36620145631067963,17.512500943924373,1.5728841154273834,1.4778519417475728,0.7097186566604571,0.09820978529751301,"[""y@t"", ""y@t-1"", ""capacity_3@t+h"", ""data_quality_3@t+h""]",4,20,64000.0,592,0.04466732929731032,0.3092376735640493,1.4778519417475728
"ar_order=2,capacity=True,numeric=True,on_change=capchain,other_lags=2,pool=local,target=avg_p_latency_3",model,3,99959,33201,0.9101231890605704,0.28122751273764773,0.3945292789790488,0.341139119241715,33108,0.9115923643832307,0.2738223875467478,0.38093752702916933,0.3274892233373232,93,0.3870967741935484,2.917452080698031,5.233192973136155,5.200502061205219,3424,0.2692757009345794,2.0372765673060935,1.6833887096183924,1.5792089281259494,29777,0.9838130100413071,0.07930280699689622,0.24632581017731892,0.1987758514303298,6823,0.6343250769456251,1.0385974232379818,1.0489421331936444,1.2533660511557527,0.711389954060867,0.14916116930544376,"[""y@t"", ""y@t-1"", ""data_quality_3@t+h""]",3,20,3600.0,276,0.0023493268275051955,0.3295382669196711,1.5082808148908105
"ar_order=2,capacity=True,numeric=True,on_change=capchain,other_lags=2,pool=local,target=avg_p_latency_3",cg_mean,3,99959,33201,0.9101231890605704,0.28122751273764773,0.3945292789790488,0.3334457838738684,33108,0.9115923643832307,0.2738223875467478,0.38093752702916933,0.3196824490725698,93,0.3870967741935484,2.917452080698031,5.233192973136155,5.233192973136155,3424,0.2692757009345794,2.0372765673060935,1.6833887096183924,1.5894843986383265,29777,0.9838130100413071,0.07930280699689622,0.24632581017731892,0.18901631760951992,6823,0.6343250769456251,1.0385974232379818,1.0489421331936444,1.2557686257894396,0.711389954060867,0.14916116930544376,"[""y@t"", ""y@t-1"", ""data_quality_3@t+h""]",3,20,3600.0,276,0.0023493268275051955,0.3295382669196711,1.5082808148908105
"ar_order=2,capacity=True,numeric=True,on_change=capchain,other_lags=2,pool=local,target=avg_p_latency_3",cg_median,3,99959,33201,0.9101231890605704,0.28122751273764773,0.3945292789790488,0.28480126943470563,33108,0.9115923643832307,0.2738223875467478,0.38093752702916933,0.27090129273891506,93,0.3870967741935484,2.917452080698031,5.233192973136155,5.233192973136155,3424,0.2692757009345794,2.0372765673060935,1.6833887096183924,1.4633451258507495,29777,0.9838130100413071,0.07930280699689622,0.24632581017731892,0.1492827764915437,6823,0.6343250769456251,1.0385974232379818,1.0489421331936444,1.194196101421662,0.711389954060867,0.14916116930544376,"[""y@t"", ""y@t-1"", ""data_quality_3@t+h""]",3,20,3600.0,276,0.0023493268275051955,0.3295382669196711,1.5082808148908105
"ar_order=2,capacity=True,numeric=True,on_change=capchain,other_lags=2,pool=local,target=avg_p_latency_3",linear,3,99959,33201,0.9101231890605704,0.28122751273764773,0.3945292789790488,0.46887418596622327,33108,0.9115923643832307,0.2738223875467478,0.38093752702916933,0.4554912680247347,93,0.3870967741935484,2.917452080698031,5.233192973136155,5.233192973136155,3424,0.2692757009345794,2.0372765673060935,1.6833887096183924,1.7387391016054798,29777,0.9838130100413071,0.07930280699689622,0.24632581017731892,0.32285485993778473,6823,0.6343250769456251,1.0385974232379818,1.0489421331936444,1.2373370731357816,0.711389954060867,0.14916116930544376,"[""y@t"", ""y@t-1"", ""data_quality_3@t+h""]",3,20,3600.0,276,0.0023493268275051955,0.3295382669196711,1.5082808148908105
"ar_order=2,capacity=True,numeric=True,on_change=capchain,other_lags=2,pool=local,target=avg_p_latency_3",clg,3,99959,33201,0.9101231890605704,0.28122751273764773,0.3945292789790488,0.38961581751429664,33108,0.9115923643832307,0.2738223875467478,0.38093752702916933,0.37601026370637,93,0.3870967741935484,2.917452080698031,5.233192973136155,5.233192973136155,3424,0.2692757009345794,2.0372765673060935,1.6833887096183924,1.6687624849444542,29777,0.9838130100413071,0.07930280699689622,0.24632581017731892,0.24252920068651473,6823,0.6343250769456251,1.0385974232379818,1.0489421331936444,1.1725752856389386,0.711389954060867,0.14916116930544376,"[""y@t"", ""y@t-1"", ""data_quality_3@t+h""]",3,20,3600.0,276,0.0023493268275051955,0.3295382669196711,1.5082808148908105
"ar_order=2,capacity=True,numeric=True,on_change=capchain,other_lags=2,pool=local,target=avg_p_latency_3",ar,3,99959,33201,0.8968705761874642,0.40082530061524096,0.4811496397728493,0.4184487057118135,33108,0.8989066086746406,0.38755212874222983,0.46294145628714783,0.4001738137482068,93,0.17204301075268819,5.1260744874071955,6.963262960682562,6.924310244755817,3424,0.0,2.960004551600175,2.2710114636061602,2.090835627029783,29777,1.0,0.10655019716719671,0.2753368686808905,0.22614414787883083,6823,0.5094533196541111,1.5001434265776532,1.3159456053230532,1.4838362510612735,0.7039894068511103,0.14916116930544376,"[""y@t"", ""y@t-1"", ""data_quality_3@t+h""]",3,20,3600.0,276,0.0023493268275051955,0.3295382669196711,1.5082808148908105
"ar_order=2,capacity=True,numeric=True,on_change=capchain,other_lags=2,pool=local,target=avg_p_latency_3",persistence,3,99959,33201,0.8968705761874642,2.8495712870377203,0.4655488920605819,0.32953826691967136,33108,0.8989066086746406,2.7933136303918342,0.4470839953737169,0.31083121904071553,93,0.17204301075268819,22.87729705297309,7.0390521125845655,6.989247311827957,3424,0.0,27.631021115928547,2.3224071449875923,2.142231308411215,29777,1.0,0.0,0.252032330351139,0.12110017798972393,6823,0.5094533196541111,13.554305682985909,1.334684274133115,1.5082808148908105,0.7039894068511103,0.14916116930544376,"[""y@t"", ""y@t-1"", ""data_quality_3@t+h""]",3,20,3600.0,276,0.0023493268275051955,0.3295382669196711,1.5082808148908105
"ar_order=2,capacity=True,numeric=True,on_change=capchain,other_lags=2,pool=local,target=avg_p_latency_3",model,4,133160,33558,0.9116455092675368,0.27185410205942195,0.3691729959287023,0.3112458863742572,33464,0.9134592397800622,0.2646848485710589,0.35816552246060457,0.30004695633260464,94,0.26595744680851063,2.82410834391664,4.287833550571491,4.2980649812025815,3043,0.2395662175484719,2.2630227051204184,1.6326603045786559,1.5075539119104064,30515,0.978666229723087,0.07329188481824174,0.2431762113892361,0.19194831725393927,5838,0.6116820829051045,1.1724304083133044,1.0597357665809621,1.2474431516107312,0.7225951726385842,0.19629153609275818,"[""y@t"", ""data_quality_3@t+h"", ""y@t-1"", ""cores_3@t+h""]",4,20,21600.0,754,0.00762858334823291,0.26038500506585616,1.4133264816718054
"ar_order=2,capacity=True,numeric=True,on_change=capchain,other_lags=2,pool=local,target=avg_p_latency_3",cg_mean,4,133160,33558,0.9116455092675368,0.27185410205942195,0.3691729959287023,0.2923773829975469,33464,0.9134592397800622,0.2646848485710589,0.35816552246060457,0.2811541915155976,94,0.26595744680851063,2.82410834391664,4.287833550571491,4.287833550571491,3043,0.2395662175484719,2.2630227051204184,1.6326603045786559,1.4942952647894172,30515,0.978666229723087,0.07329188481824174,0.2431762113892361,0.17252039088571136,5838,0.6116820829051045,1.1724304083133044,1.0597357665809621,1.2400583816214075,0.7225951726385842,0.19629153609275818,"[""y@t"", ""data_quality_3@t+h"", ""y@t-1"", ""cores_3@t+h""]",4,20,21600.0,754,0.00762858334823291,0.26038500506585616,1.4133264816718054
"ar_order=2,capacity=True,numeric=True,on_change=capchain,other_lags=2,pool=local,target=avg_p_latency_3",cg_median,4,133160,33558,0.9116455092675368,0.27185410205942195,0.3691729959287023,0.24425044262929024,33464,0.9134592397800622,0.2646848485710589,0.35816552246060457,0.2328920631125986,94,0.26595744680851063,2.82410834391664,4.287833550571491,4.287833550571491,3043,0.2395662175484719,2.2630227051204184,1.6326603045786559,1.3971944195918609,30515,0.978666229723087,0.07329188481824174,0.2431762113892361,0.12927719924416478,5838,0.6116820829051045,1.1724304083133044,1.0597357665809621,1.1881637547105173,0.7225951726385842,0.19629153609275818,"[""y@t"", ""data_quality_3@t+h"", ""y@t-1"", ""cores_3@t+h""]",4,20,21600.0,754,0.00762858334823291,0.26038500506585616,1.4133264816718054
"ar_order=2,capacity=True,numeric=True,on_change=capchain,other_lags=2,pool=local,target=avg_p_latency_3",linear,4,133160,33558,0.9116455092675368,0.27185410205942195,0.3691729959287023,0.4000063315114689,33464,0.9134592397800622,0.2646848485710589,0.35816552246060457,0.38908546853658127,94,0.26595744680851063,2.82410834391664,4.287833550571491,4.287833550571491,3043,0.2395662175484719,2.2630227051204184,1.6326603045786559,1.498556761414482,30515,0.978666229723087,0.07329188481824174,0.2431762113892361,0.2904572914264332,5838,0.6116820829051045,1.1724304083133044,1.0597357665809621,1.1355160176758983,0.7225951726385842,0.19629153609275818,"[""y@t"", ""data_quality_3@t+h"", ""y@t-1"", ""cores_3@t+h""]",4,20,21600.0,754,0.00762858334823291,0.26038500506585616,1.4133264816718054
"ar_order=2,capacity=True,numeric=True,on_change=capchain,other_lags=2,pool=local,target=avg_p_latency_3",clg,4,133160,33558,0.9116455092675368,0.27185410205942195,0.3691729959287023,0.3425158283936203,33464,0.9134592397800622,0.2646848485710589,0.35816552246060457,0.3314334752414353,94,0.26595744680851063,2.82410834391664,4.287833550571491,4.287833550571491,3043,0.2395662175484719,2.2630227051204184,1.6326603045786559,1.4068834342572976,30515,0.978666229723087,0.07329188481824174,0.2431762113892361,0.23637554903451266,5838,0.6116820829051045,1.1724304083133044,1.0597357665809621,1.0326528651536604,0.7225951726385842,0.19629153609275818,"[""y@t"", ""data_quality_3@t+h"", ""y@t-1"", ""cores_3@t+h""]",4,20,21600.0,754,0.00762858334823291,0.26038500506585616,1.4133264816718054
"ar_order=2,capacity=True,numeric=True,on_change=capchain,other_lags=2,pool=local,target=avg_p_latency_3",ar,4,133160,33558,0.9093211752786221,0.36923746523746315,0.4195686620111619,0.34098725905181426,33464,0.9113375567774324,0.3569823756668922,0.40638569644073225,0.3275197849939404,94,0.19148936170212766,4.732049352360717,5.112704405084113,5.135408023654899,3043,0.0,3.1792160474526368,2.0779281790743513,1.836088249325114,30515,1.0,0.0890223308550029,0.2541946488889832,0.19189362269586957,5838,0.49177800616649536,1.6432404498931688,1.2711742771984194,1.4018582677584976,0.795447138719663,0.19629153609275818,"[""y@t"", ""data_quality_3@t+h"", ""y@t-1"", ""cores_3@t+h""]",4,20,21600.0,754,0.00762858334823291,0.26038500506585616,1.4133264816718054
"ar_order=2,capacity=True,numeric=True,on_change=capchain,other_lags=2,pool=local,target=avg_p_latency_3",persistence,4,133160,33558,0.9093211752786221,2.5055485206439765,0.40182522483561023,0.26038500506585643,33464,0.9113375567774324,2.4498338408725795,0.3884228297521078,0.24656347119292407,94,0.19148936170212766,22.339974519261375,5.173077874562481,5.180851063829787,3043,0.0,27.631021115928544,2.1002033868639263,1.8583634571146894,30515,1.0,0.0,0.23246049447178377,0.10103227920694782,5838,0.49177800616649536,14.042692643192874,1.2757743694366022,1.4133264816718054,0.795447138719663,0.19629153609275818,"[""y@t"", ""data_quality_3@t+h"", ""y@t-1"", ""cores_3@t+h""]",4,20,21600.0,754,0.00762858334823291,0.26038500506585616,1.4133264816718054
"ar_order=2,capacity=True,numeric=True,on_change=capchain,other_lags=2,pool=local,target=avg_p_latency_3",model,5,166718,33201,0.9108159392789373,0.2825459456804832,0.411888374511421,0.3384452437496704,33108,0.9121058354476259,0.27715515881640573,0.40000665599310004,0.3262605920948717,93,0.45161290322580644,2.2016660692920507,4.641780167033683,4.676181232858009,3528,0.3217120181405896,1.910916565782822,1.6491912068442238,1.5730012948072414,29673,0.9808580190745796,0.08893924774899496,0.26477805898989876,0.19166150944133925,6473,0.628611154024409,1.074690544129375,1.0912502309375496,1.280166875571837,0.6318916187509857,0.2538527734577656,"[""y@t"", ""data_quality_3@t+h"", ""y@t-1""]",3,20,3600.0,312,0.0006325110689437065,0.3252010481612,1.5739224470879036
"ar_order=2,capacity=True,numeric=True,on_change=capchain,other_lags=2,pool=local,target=avg_p_latency_3",cg_mean,5,166718,33201,0.9108159392789373,0.2825459456804832,0.411888374511421,0.32933357397713314,33108,0.9121058354476259,0.27715515881640573,0.40000665599310004,0.3172199599516934,93,0.45161290322580644,2.2016660692920507,4.641780167033683,4.641780167033683,3528,0.3217120181405896,1.910916565782822,1.6491912068442238,1.540992056256294,29673,0.9808580190745796,0.08893924774899496,0.26477805898989876,0.18527226822844312,6473,0.628611154024409,1.074690544129375,1.0912502309375496,1.2605878505016417,0.6318916187509857,0.2538527734577656,"[""y@t"", ""data_quality_3@t+h"", ""y@t-1""]",3,20,3600.0,312,0.0006325110689437065,0.3252010481612,1.5739224470879036
"ar_order=2,capacity=True,numeric=True,on_change=capchain,other_lags=2,pool=local,target=avg_p_latency_3",cg_median,5,166718,33201,0.9108159392789373,0.2825459456804832,0.411888374511421,0.27734663279823296,33108,0.9121058354476259,0.27715515881640573,0.40000665599310004,0.2650869880391446,93,0.45161290322580644,2.2016660692920507,4.641780167033683,4.641780167033683,3528,0.3217120181405896,1.910916565782822,1.6491912068442238,1.4047827422729011,29673,0.9808580190745796,0.08893924774899496,0.26477805898989876,0.14329902742544867,6473,0.628611154024409,1.074690544129375,1.0912502309375496,1.1853082033060405,0.6318916187509857,0.2538527734577656,"[""y@t"", ""data_quality_3@t+h"", ""y@t-1""]",3,20,3600.0,312,0.0006325110689437065,0.3252010481612,1.5739224470879036
"ar_order=2,capacity=True,numeric=True,on_change=capchain,other_lags=2,pool=local,target=avg_p_latency_3",linear,5,166718,33201,0.9108159392789373,0.2825459456804832,0.411888374511421,0.47231511292550804,33108,0.9121058354476259,0.27715515881640573,0.40000665599310004,0.46060313243644013,93,0.45161290322580644,2.2016660692920507,4.641780167033683,4.641780167033683,3528,0.3217120181405896,1.910916565782822,1.6491912068442238,1.7675204500834916,29673,0.9808580190745796,0.08893924774899496,0.26477805898989876,0.31832042315725523,6473,0.628611154024409,1.074690544129375,1.0912502309375496,1.301125803434222,0.6318916187509857,0.2538527734577656,"[""y@t"", ""data_quality_3@t+h"", ""y@t-1""]",3,20,3600.0,312,0.0006325110689437065,0.3252010481612,1.5739224470879036
"ar_order=2,capacity=True,numeric=True,on_change=capchain,other_lags=2,pool=local,target=avg_p_latency_3",clg,5,166718,33201,0.9108159392789373,0.2825459456804832,0.411888374511421,0.379268750633137,33108,0.9121058354476259,0.27715515881640573,0.40000665599310004,0.3672954039578546,93,0.45161290322580644,2.2016660692920507,4.641780167033683,4.641780167033683,3528,0.3217120181405896,1.910916565782822,1.6491912068442238,1.6357435094505117,29673,0.9808580190745796,0.08893924774899496,0.26477805898989876,0.22987897039158078,6473,0.628611154024409,1.074690544129375,1.0912502309375496,1.1921421884331906,0.6318916187509857,0.2538527734577656,"[""y@t"", ""data_quality_3@t+h"", ""y@t-1""]",3,20,3600.0,312,0.0006325110689437065,0.3252010481612,1.5739224470879036
"ar_order=2,capacity=True,numeric=True,on_change=capchain,other_lags=2,pool=local,target=avg_p_latency_3",ar,5,166718,33201,0.8948826842564983,0.4186633027200521,0.49524771694377195,0.3893107234239418,33108,0.8968829285973179,0.4060973965497017,0.4784654309307745,0.37215509246267425,93,0.1827956989247312,4.892125899364774,6.469741537570874,6.4967153456351525,3528,0.02352607709750567,3.0182997184226394,2.314470530153836,2.092520663012568,29673,0.9984834698210494,0.10957701974904377,0.2789494631438493,0.18680593230512424,6473,0.4767495751583501,1.6643291977921888,1.4191481668634751,1.531780945723373,0.6249180690657804,0.2538527734577656,"[""y@t"", ""data_quality_3@t+h"", ""y@t-1""]",3,20,3600.0,312,0.0006325110689437065,0.3252010481612,1.5739224470879036
"ar_order=2,capacity=True,numeric=True,on_change=capchain,other_lags=2,pool=local,target=avg_p_latency_3",persistence,5,166718,33201,0.8937381404174574,2.936123685943072,0.48903195519112064,0.3252010481612002,33108,0.895735169747493,2.880943726355725,0.47204673934789915,0.30772018847408517,93,0.1827956989247312,22.580189299038377,6.53576879537796,6.548387096774194,3528,0.0,27.63102111592855,2.3888999805199536,2.1669501133786855,29673,1.0,0.0,0.26314531099066485,0.10622451386782628,6473,0.4667078634327205,14.73540628644915,1.4515705153096585,1.5739224470879036,0.6684901599981242,0.2538527734577656,"[""y@t"", ""data_quality_3@t+h"", ""y@t-1""]",3,20,3600.0,312,0.0006325110689437065,0.3252010481612,1.5739224470879036
"ar_order=2,capacity=True,n_bins=50,numeric=True,on_change=capchain,other_lags=2,pool=local,target=avg_p_latency_3",model,1,33200,33558,0.8136956910423744,0.6862775680903701,0.5024871089993159,0.49232559758624017,33464,0.8155928759263686,0.660748240500026,0.4887845618726273,0.47853474116978256,94,0.13829787234042554,9.77471819025284,5.3805938861004625,5.401870481845142,6372,0.2556497175141243,2.603046236640056,1.345761929431717,1.3410538315032798,27186,0.9444934892959611,0.23701508166358398,0.3048358489465218,0.293396137330249,6488,0.251078914919852,2.5337308355585115,1.7637201035595196,1.7271911269873865,0.4543232814192945,0.05306798405945301,"[""y@t"", ""y@t-1""]",2,50,2500.0,282,0.0148101793909053,0.30457715000893976,1.4921393341553637
"ar_order=2,capacity=True,n_bins=50,numeric=True,on_change=capchain,other_lags=2,pool=local,target=avg_p_latency_3",cg_mean,1,33200,33558,0.8136956910423744,0.6862775680903701,0.5024871089993159,0.3343263175240111,33464,0.8155928759263686,0.660748240500026,0.4887845618726273,0.32015140862351554,94,0.13829787234042554,9.77471819025284,5.3805938861004625,5.3805938861004625,6372,0.2556497175141243,2.603046236640056,1.345761929431717,1.2550548410537605,27186,0.9444934892959611,0.23701508166358398,0.3048358489465218,0.11852104451836251,6488,0.251078914919852,2.5337308355585115,1.7637201035595196,1.1915246708923903,0.4543232814192945,0.05306798405945301,"[""y@t"", ""y@t-1""]",2,50,2500.0,282,0.0148101793909053,0.30457715000893976,1.4921393341553637
"ar_order=2,capacity=True,n_bins=50,numeric=True,on_change=capchain,other_lags=2,pool=local,target=avg_p_latency_3",cg_median,1,33200,33558,0.8136956910423744,0.6862775680903701,0.5024871089993159,0.2768274576939461,33464,0.8155928759263686,0.660748240500026,0.4887845618726273,0.2624910351422424,94,0.13829787234042554,9.77471819025284,5.3805938861004625,5.3805938861004625,6372,0.2556497175141243,2.603046236640056,1.345761929431717,1.1546762998186964,27186,0.9444934892959611,0.23701508166358398,0.3048358489465218,0.0710725536249801,6488,0.251078914919852,2.5337308355585115,1.7637201035595196,1.0929408138101109,0.4543232814192945,0.05306798405945301,"[""y@t"", ""y@t-1""]",2,50,2500.0,282,0.0148101793909053,0.30457715000893976,1.4921393341553637
"ar_order=2,capacity=True,n_bins=50,numeric=True,on_change=capchain,other_lags=2,pool=local,target=avg_p_latency_3",linear,1,33200,33558,0.8136956910423744,0.6862775680903701,0.5024871089993159,0.3754824544157027,33464,0.8155928759263686,0.660748240500026,0.4887845618726273,0.36142315264130725,94,0.13829787234042554,9.77471819025284,5.3805938861004625,5.3805938861004625,6372,0.2556497175141243,2.603046236640056,1.345761929431717,1.322843142821232,27186,0.9444934892959611,0.23701508166358398,0.3048358489465218,0.15343499224693818,6488,0.251078914919852,2.5337308355585115,1.7637201035595196,1.2534828866533552,0.4543232814192945,0.05306798405945301,"[""y@t"", ""y@t-1""]",2,50,2500.0,282,0.0148101793909053,0.30457715000893976,1.4921393341553637
"ar_order=2,capacity=True,n_bins=50,numeric=True,on_change=capchain,other_lags=2,pool=local,target=avg_p_latency_3",clg,1,33200,33558,0.8136956910423744,0.6862775680903701,0.5024871089993159,0.3754824544157027,33464,0.8155928759263686,0.660748240500026,0.4887845618726273,0.36142315264130725,94,0.13829787234042554,9.77471819025284,5.3805938861004625,5.3805938861004625,6372,0.2556497175141243,2.603046236640056,1.345761929431717,1.322843142821232,27186,0.9444934892959611,0.23701508166358398,0.3048358489465218,0.15343499224693818,6488,0.251078914919852,2.5337308355585115,1.7637201035595196,1.2534828866533552,0.4543232814192945,0.05306798405945301,"[""y@t"", ""y@t-1""]",2,50,2500.0,282,0.0148101793909053,0.30457715000893976,1.4921393341553637
"ar_order=2,capacity=True,n_bins=50,numeric=True,on_change=capchain,other_lags=2,pool=local,target=avg_p_latency_3",ar,1,33200,33558,0.7893199833124739,0.7574609056130643,0.5428526692204744,0.5326911578073984,33464,0.7911486971073393,0.7373140262881546,0.5290626682185318,0.5188128475156867,94,0.13829787234042554,7.9297499452809115,5.4520930259120535,5.473369621656734,6372,0.028562460765850596,2.9624840700084265,1.6188180005329802,1.6141099026045431,27186,0.9676303979989701,0.24063578961485763,0.29066216340412454,0.27922245178785127,6488,0.028051787916152898,2.913471769930909,2.0308637127457634,1.9943347361736299,0.4323221683424193,0.05306798405945301,"[""y@t"", ""y@t-1""]",2,50,2500.0,282,0.0148101793909053,0.30457715000893976,1.4921393341553637
"ar_order=2,capacity=True,n_bins=50,numeric=True,on_change=capchain,other_lags=2,pool=local,target=avg_p_latency_3",persistence,1,33200,33558,0.8101197925978902,5.246584020224588,0.3061565051552536,0.30457715000893976,33464,0.8120069328233326,5.194440408806672,0.2909395170929955,0.2892959598374372,94,0.13829787234042554,23.809709685002254,5.723404255319149,5.74468085106383,6372,0.0,27.63102111592855,1.56120527306968,1.566541117388575,27186,1.0,0.0,0.011991466195836091,0.008791289634370631,6488,0.030363748458692972,26.792039741107658,1.4842786683107274,1.4921393341553637,0.5254289295283417,0.05306798405945301,"[""y@t"", ""y@t-1""]",2,50,2500.0,282,0.0148101793909053,0.30457715000893976,1.4921393341553637
"ar_order=2,capacity=True,n_bins=50,numeric=True,on_change=capchain,other_lags=2,pool=local,target=avg_p_latency_3",model,2,66758,33201,0.8227463028222042,0.5662941273594712,0.40521362068109035,0.37527476341775484,33108,0.8246949377793886,0.5510487898969213,0.39157873750271527,0.3614651697849431,93,0.12903225806451613,5.993634264027176,5.259232032182631,5.29149009669876,6442,0.24076373796957468,1.9249456352415397,1.1384214821157366,1.1388871759996237,26759,0.9628536193430248,0.23921041669104978,0.22870010958717837,0.19144161711735505,6592,0.23513349514563106,1.9973808193236713,1.3884427906902281,1.290445217874694,0.48871063361713624,0.15015775710344315,"[""y@t"", ""y@t-1"", ""capacity_3@t+h"", ""data_quality_3@t+h""]",4,50,1000000.0,1112,0.05635372428541309,0.3092376735640493,1.4778519417475728
"ar_order=2,capacity=True,n_bins=50,numeric=True,on_change=capchain,other_lags=2,pool=local,target=avg_p_latency_3",cg_mean,2,66758,33201,0.8227463028222042,0.5662941273594712,0.40521362068109035,0.3519595813872068,33108,0.8246949377793886,0.5510487898969213,0.39157873750271527,0.3381751082108152,93,0.12903225806451613,5.993634264027176,5.259232032182631,5.259232032182631,6442,0.24076373796957468,1.9249456352415397,1.1384214821157366,1.1384649089512273,26759,0.9628536193430248,0.23921041669104978,0.22870010958717837,0.16261516193328784,6592,0.23513349514563106,1.9973808193236713,1.3884427906902281,1.2142007633349838,0.48871063361713624,0.15015775710344315,"[""y@t"", ""y@t-1"", ""capacity_3@t+h"", ""data_quality_3@t+h""]",4,50,1000000.0,1112,0.05635372428541309,0.3092376735640493,1.4778519417475728
"ar_order=2,capacity=True,n_bins=50,numeric=True,on_change=capchain,other_lags=2,pool=local,target=avg_p_latency_3",cg_median,2,66758,33201,0.8227463028222042,0.5662941273594712,0.40521362068109035,0.30204236556106695,33108,0.8246949377793886,0.5510487898969213,0.39157873750271527,0.2881176754862873,93,0.12903225806451613,5.993634264027176,5.259232032182631,5.259232032182631,6442,0.24076373796957468,1.9249456352415397,1.1384214821157366,1.1239490083141248,26759,0.9628536193430248,0.23921041669104978,0.22870010958717837,0.1041753827659252,6592,0.23513349514563106,1.9973808193236713,1.3884427906902281,1.2000151699029127,0.48871063361713624,0.15015775710344315,"[""y@t"", ""y@t-1"", ""capacity_3@t+h"", ""data_quality_3@t+h""]",4,50,1000000.0,1112,0.05635372428541309,0.3092376735640493,1.4778519417475728
"ar_order=2,capacity=True,n_bins=50,numeric=True,on_change=capchain,other_lags=2,pool=local,target=avg_p_latency_3",linear,2,66758,33201,0.8227463028222042,0.5662941273594712,0.40521362068109035,0.48289639755102076,33108,0.8246949377793886,0.5510487898969213,0.39157873750271527,0.4694797244200331,93,0.12903225806451613,5.993634264027176,5.259232032182631,5.259232032182631,6442,0.24076373796957468,1.9249456352415397,1.1384214821157366,1.247863812277859,26759,0.9628536193430248,0.23921041669104978,0.22870010958717837,0.2987370460928089,6592,0.23513349514563106,1.9973808193236713,1.3884427906902281,1.2173529159479366,0.48871063361713624,0.15015775710344315,"[""y@t"", ""y@t-1"", ""capacity_3@t+h"", ""data_quality_3@t+h""]",4,50,1000000.0,1112,0.05635372428541309,0.3092376735640493,1.4778519417475728
"ar_order=2,capacity=True,n_bins=50,numeric=True,on_change=capchain,other_lags=2,pool=local,target=avg_p_latency_3",clg,2,66758,33201,0.8227463028222042,0.5662941273594712,0.40521362068109035,0.3990383514739168,33108,0.8246949377793886,0.5510487898969213,0.39157873750271527,0.3853861220337238,93,0.12903225806451613,5.993634264027176,5.259232032182631,5.259232032182631,6442,0.24076373796957468,1.9249456352415397,1.1384214821157366,1.170852001914441,26759,0.9628536193430248,0.23921041669104978,0.22870010958717837,0.2132308274207812,6592,0.23513349514563106,1.9973808193236713,1.3884427906902281,1.1159262610098657,0.48871063361713624,0.15015775710344315,"[""y@t"", ""y@t-1"", ""capacity_3@t+h"", ""data_quality_3@t+h""]",4,50,1000000.0,1112,0.05635372428541309,0.3092376735640493,1.4778519417475728
"ar_order=2,capacity=True,n_bins=50,numeric=True,on_change=capchain,other_lags=2,pool=local,target=avg_p_latency_3",ar,2,66758,33201,0.7952471311105087,0.6686717332735314,0.4391960085547725,0.409257151291437,33108,0.797148725383593,0.6505318489122179,0.42502202153635305,0.3949084538185809,93,0.11827956989247312,7.126470565901128,5.4851353871120825,5.5173934516282115,6442,0.0,2.4051205854178197,1.4085783885087717,1.4090440823926587,26759,0.986696064875369,0.25063654864355617,0.2058255054842667,0.16856701301444355,6592,0.0,2.450691269869381,1.6492938748880588,1.551296302072525,0.49929710666969246,0.15015775710344315,"[""y@t"", ""y@t-1"", ""capacity_3@t+h"", ""data_quality_3@t+h""]",4,50,1000000.0,1112,0.05635372428541309,0.3092376735640493,1.4778519417475728
"ar_order=2,capacity=True,n_bins=50,numeric=True,on_change=capchain,other_lags=2,pool=local,target=avg_p_latency_3",persistence,2,66758,33201,0.8059696997078402,5.361255324502626,0.32803228818409086,0.3092376735640493,33108,0.807901413555636,5.307880098384245,0.31318714510088197,0.2942491240787725,93,0.11827956989247312,24.36283582264667,5.612903225806452,5.645161290322581,6442,0.0,27.631021115928544,1.5360136603539274,1.5364793542378143,26759,1.0,0.0,0.037221121865540566,0.013789752980305691,6592,0.03519417475728155,26.658570130052425,1.5197208737864079,1.4778519417475728,0.5568546446012891,0.15015775710344315,"[""y@t"", ""y@t-1"", ""capacity_3@t+h"", ""data_quality_3@t+h""]",4,50,1000000.0,1112,0.05635372428541309,0.3092376735640493,1.4778519417475728
"ar_order=2,capacity=True,n_bins=50,numeric=True,on_change=capchain,other_lags=2,pool=local,target=avg_p_latency_3",model,3,99959,33201,0.8178970512936358,0.534306214076293,0.31712931913237924,0.31712931913237924,33108,0.8193487978736257,0.5220746367111055,0.3007071516422067,0.3007071516422066,93,0.3010752688172043,4.888747756082998,6.163420945633844,6.163420945633844,6900,0.30492753623188407,1.8838604691844487,1.1598489414824669,1.1598489414824669,26301,0.9524732899889738,0.18025411110506465,0.09604398419395094,0.09604398419395087,6823,0.30660999560310714,1.8386418687217763,1.0889899151262352,1.0889899151262354,0.4643550239798376,0.3805236741900444,"[""y@t"", ""y@t-1"", ""data_quality_3@t+h"", ""data_quality_3@t""]",4,50,202500.0,685,0.004126381735489895,0.3295382669196711,1.5082808148908105
"ar_order=2,capacity=True,n_bins=50,numeric=True,on_change=capchain,other_lags=2,pool=local,target=avg_p_latency_3",cg_mean,3,99959,33201,0.8178970512936358,0.534306214076293,0.31712931913237924,0.3171547458953436,33108,0.8193487978736257,0.5220746367111055,0.3007071516422067,0.30073264982866243,93,0.3010752688172043,4.888747756082998,6.163420945633844,6.163420945633844,6900,0.30492753623188407,1.8838604691844487,1.1598489414824669,1.1599018275717865,26301,0.9524732899889738,0.18025411110506465,0.09604398419395094,0.09606220707296208,6823,0.30660999560310714,1.8386418687217763,1.0889899151262352,1.0890433980540244,0.4643550239798376,0.3805236741900444,"[""y@t"", ""y@t-1"", ""data_quality_3@t+h"", ""data_quality_3@t""]",4,50,202500.0,685,0.004126381735489895,0.3295382669196711,1.5082808148908105
"ar_order=2,capacity=True,n_bins=50,numeric=True,on_change=capchain,other_lags=2,pool=local,target=avg_p_latency_3",cg_median,3,99959,33201,0.8178970512936358,0.534306214076293,0.31712931913237924,0.2703592707431688,33108,0.8193487978736257,0.5220746367111055,0.3007071516422067,0.253805726712577,93,0.3010752688172043,4.888747756082998,6.163420945633844,6.163420945633844,6900,0.30492753623188407,1.8838604691844487,1.1598489414824669,1.0896057254090894,26301,0.9524732899889738,0.18025411110506465,0.09604398419395094,0.0554320612380225,6823,0.30660999560310714,1.8386418687217763,1.0889899151262352,1.0179539791880405,0.4643550239798376,0.3805236741900444,"[""y@t"", ""y@t-1"", ""data_quality_3@t+h"", ""data_quality_3@t""]",4,50,202500.0,685,0.004126381735489895,0.3295382669196711,1.5082808148908105
"ar_order=2,capacity=True,n_bins=50,numeric=True,on_change=capchain,other_lags=2,pool=local,target=avg_p_latency_3",linear,3,99959,33201,0.8178970512936358,0.534306214076293,0.31712931913237924,0.43888449401269863,33108,0.8193487978736257,0.5220746367111055,0.3007071516422067,0.42280433544072915,93,0.3010752688172043,4.888747756082998,6.163420945633844,6.163420945633844,6900,0.30492753623188407,1.8838604691844487,1.1598489414824669,1.3105299805859614,26301,0.9524732899889738,0.18025411110506465,0.09604398419395094,0.2102105326669129,6823,0.30660999560310714,1.8386418687217763,1.0889899151262352,1.241371443752076,0.4643550239798376,0.3805236741900444,"[""y@t"", ""y@t-1"", ""data_quality_3@t+h"", ""data_quality_3@t""]",4,50,202500.0,685,0.004126381735489895,0.3295382669196711,1.5082808148908105
"ar_order=2,capacity=True,n_bins=50,numeric=True,on_change=capchain,other_lags=2,pool=local,target=avg_p_latency_3",clg,3,99959,33201,0.8178970512936358,0.534306214076293,0.31712931913237924,0.3782816402386468,33108,0.8193487978736257,0.5220746367111055,0.3007071516422067,0.36203124893135696,93,0.3010752688172043,4.888747756082998,6.163420945633844,6.163420945633844,6900,0.30492753623188407,1.8838604691844487,1.1598489414824669,1.2725167591917963,26301,0.9524732899889738,0.18025411110506465,0.09604398419395094,0.1436813466841533,6823,0.30660999560310714,1.8386418687217763,1.0889899151262352,1.202929229532563,0.4643550239798376,0.3805236741900444,"[""y@t"", ""y@t-1"", ""data_quality_3@t+h"", ""data_quality_3@t""]",4,50,202500.0,685,0.004126381735489895,0.3295382669196711,1.5082808148908105
"ar_order=2,capacity=True,n_bins=50,numeric=True,on_change=capchain,other_lags=2,pool=local,target=avg_p_latency_3",ar,3,99959,33201,0.7952772506852204,0.6458169287251949,0.37091529496855247,0.3709152949685525,33108,0.7970279086625589,0.6276931053531882,0.3524406861907344,0.35244068619073443,93,0.17204301075268819,7.09789804915954,6.947876019871794,6.947876019871794,6900,0.04101449275362319,2.370836596283393,1.4732798304631292,1.4732798304631292,26301,0.9931561537584123,0.19326243626667372,0.08171278194955782,0.08171278194955793,6823,0.04147735600175876,2.3010233122539137,1.3952766952019238,1.3952766952019238,0.4761361382032232,0.3805236741900444,"[""y@t"", ""y@t-1"", ""data_quality_3@t+h"", ""data_quality_3@t""]",4,50,202500.0,685,0.004126381735489895,0.3295382669196711,1.5082808148908105
"ar_order=2,capacity=True,n_bins=50,numeric=True,on_change=capchain,other_lags=2,pool=local,target=avg_p_latency_3",persistence,3,99959,33201,0.792174934489925,5.742418773528116,0.3295382669196711,0.3295382669196711,33108,0.7939168780959285,5.694287092967877,0.31083121904071526,0.31083121904071526,93,0.17204301075268819,22.87729705297309,6.989247311827957,6.989247311827957,6900,0.0,27.63102111592855,1.5856521739130436,1.5856521739130436,26301,1.0,0.0,0.0,0.0,6823,0.0,27.631021115928547,1.5082808148908105,1.5082808148908105,0.49425349867421564,0.3805236741900444,"[""y@t"", ""y@t-1"", ""data_quality_3@t+h"", ""data_quality_3@t""]",4,50,202500.0,685,0.004126381735489895,0.3295382669196711,1.5082808148908105
"ar_order=2,capacity=True,n_bins=50,numeric=True,on_change=capchain,other_lags=2,pool=local,target=avg_p_latency_3",model,4,133160,33558,0.8520174027057632,0.46983290371161796,0.279002102461514,0.279002102461514,33464,0.853902701410471,0.45687207627717935,0.26623850596192117,0.26623850596192117,94,0.18085106382978725,5.083887470371753,4.822842456316541,4.822842456316541,5917,0.30251816799053577,1.9002761695378014,1.09594091866789,1.0959409186678901,27641,0.9696465395607974,0.16362354790345152,0.10412322776475454,0.10412322776475451,5838,0.3062692702980473,1.8442271220896624,1.033203299451386,1.033203299451386,0.5516462082567866,0.5194250997155905,"[""y@t"", ""y@t-1"", ""data_quality_3@t+h"", ""cores_3@t+h""]",4,50,135000.0,1578,0.021783181357649443,0.26038500506585616,1.4133264816718054
"ar_order=2,capacity=True,n_bins=50,numeric=True,on_change=capchain,other_lags=2,pool=local,target=avg_p_latency_3",cg_mean,4,133160,33558,0.8520174027057632,0.46983290371161796,0.279002102461514,0.278995681347162,33464,0.853902701410471,0.45687207627717935,0.26623850596192117,0.26623206681073114,94,0.18085106382978725,5.083887470371753,4.822842456316541,4.822842456316541,5917,0.30251816799053577,1.9002761695378014,1.09594091866789,1.0959338077811558,27641,0.9696465395607974,0.16362354790345152,0.10412322776475454,0.10411695430725965,5838,0.3062692702980473,1.8442271220896624,1.033203299451386,1.0331960923399082,0.5516462082567866,0.5194250997155905,"[""y@t"", ""y@t-1"", ""data_quality_3@t+h"", ""cores_3@t+h""]",4,50,135000.0,1578,0.021783181357649443,0.26038500506585616,1.4133264816718054
"ar_order=2,capacity=True,n_bins=50,numeric=True,on_change=capchain,other_lags=2,pool=local,target=avg_p_latency_3",cg_median,4,133160,33558,0.8520174027057632,0.46983290371161796,0.279002102461514,0.2202558910213289,33464,0.853902701410471,0.45687207627717935,0.26623850596192117,0.20732727707387041,94,0.18085106382978725,5.083887470371753,4.822842456316541,4.822842456316541,5917,0.30251816799053577,1.9002761695378014,1.09594091866789,1.047548006347932,27641,0.9696465395607974,0.16362354790345152,0.10412322776475454,0.043160726360588986,5838,0.3062692702980473,1.8442271220896624,1.033203299451386,0.9841555327166838,0.5516462082567866,0.5194250997155905,"[""y@t"", ""y@t-1"", ""data_quality_3@t+h"", ""cores_3@t+h""]",4,50,135000.0,1578,0.021783181357649443,0.26038500506585616,1.4133264816718054
"ar_order=2,capacity=True,n_bins=50,numeric=True,on_change=capchain,other_lags=2,pool=local,target=avg_p_latency_3",linear,4,133160,33558,0.8520174027057632,0.46983290371161796,0.279002102461514,0.40150495589730945,33464,0.853902701410471,0.45687207627717935,0.26623850596192117,0.38908546853658127,94,0.18085106382978725,5.083887470371753,4.822842456316541,4.822842456316541,5917,0.30251816799053577,1.9002761695378014,1.09594091866789,1.1968876229090095,27641,0.9696465395607974,0.16362354790345152,0.10412322776475454,0.23124052115514274,5838,0.3062692702980473,1.8442271220896624,1.033203299451386,1.1355160176758985,0.5516462082567866,0.5194250997155905,"[""y@t"", ""y@t-1"", ""data_quality_3@t+h"", ""cores_3@t+h""]",4,50,135000.0,1578,0.021783181357649443,0.26038500506585616,1.4133264816718054
"ar_order=2,capacity=True,n_bins=50,numeric=True,on_change=capchain,other_lags=2,pool=local,target=avg_p_latency_3",clg,4,133160,33558,0.8520174027057632,0.46983290371161796,0.279002102461514,0.34401445277946086,33464,0.853902701410471,0.45687207627717935,0.26623850596192117,0.3314334752414353,94,0.18085106382978725,5.083887470371753,4.822842456316541,4.822842456316541,5917,0.30251816799053577,1.9002761695378014,1.09594091866789,1.095397833416898,27641,0.9696465395607974,0.16362354790345152,0.10412322776475454,0.1831687719708173,5838,0.3062692702980473,1.8442271220896624,1.033203299451386,1.0326528651536604,0.5516462082567866,0.5194250997155905,"[""y@t"", ""y@t-1"", ""data_quality_3@t+h"", ""cores_3@t+h""]",4,50,135000.0,1578,0.021783181357649443,0.26038500506585616,1.4133264816718054
"ar_order=2,capacity=True,n_bins=50,numeric=True,on_change=capchain,other_lags=2,pool=local,target=avg_p_latency_3",ar,4,133160,33558,0.8266583229036295,0.5738356412643143,0.3055283217056056,0.3055283217056057,33464,0.8285321539564906,0.5567674565947225,0.2919150380552105,0.2919150380552105,94,0.1595744680851064,6.650109383638999,5.151857301246278,5.151857301246278,5917,0.05678553320939665,2.4552536272371883,1.3981720215725715,1.3981720215725715,27641,0.9914619586845628,0.17108790337489302,0.07163038848637207,0.0716303884863721,5838,0.05755395683453238,2.3815150351149215,1.3342051869264133,1.3342051869264133,0.5351582612318065,0.5194250997155905,"[""y@t"", ""y@t-1"", ""data_quality_3@t+h"", ""cores_3@t+h""]",4,50,135000.0,1578,0.021783181357649443,0.26038500506585616,1.4133264816718054
"ar_order=2,capacity=True,n_bins=50,numeric=True,on_change=capchain,other_lags=2,pool=local,target=avg_p_latency_3",persistence,4,133160,33558,0.8236784075332261,4.871945644643579,0.26038500506585616,0.26038500506585616,33464,0.8255438680372938,4.820401066064752,0.24656347119292374,0.24656347119292374,94,0.1595744680851064,23.221815618705904,5.180851063829787,5.180851063829787,5917,0.0,27.631021115928544,1.4767618725705594,1.4767618725705594,27641,1.0,0.0,0.0,0.0,5838,0.0,27.63102111592855,1.4133264816718054,1.4133264816718054,0.569465897240739,0.5194250997155905,"[""y@t"", ""y@t-1"", ""data_quality_3@t+h"", ""cores_3@t+h""]",4,50,135000.0,1578,0.021783181357649443,0.26038500506585616,1.4133264816718054
"ar_order=2,capacity=True,n_bins=50,numeric=True,on_change=capchain,other_lags=2,pool=local,target=avg_p_latency_3",model,5,166718,33201,0.8286497394656788,0.5165737098786938,0.31602888500820586,0.31602888500820586,33108,0.8301920985864444,0.5067810261145812,0.3023791121219441,0.30237911212194407,93,0.27956989247311825,4.002769129902764,5.175348032517397,5.175348032517397,6552,0.3002136752136752,1.846869028019977,1.1793873737189622,1.1793873737189622,26649,0.9585725543172352,0.1895034661749268,0.10376107690910738,0.10376107690910738,6473,0.3020237911323961,1.81218419237778,1.1195495815364425,1.1195495815364422,0.46193169358986624,0.6036456152796745,"[""y@t"", ""y@t-1"", ""data_quality_3@t+h""]",3,50,22500.0,754,0.0014758591608686486,0.3252010481612,1.5739224470879036
"ar_order=2,capacity=True,n_bins=50,numeric=True,on_change=capchain,other_lags=2,pool=local,target=avg_p_latency_3",cg_mean,5,166718,33201,0.8286497394656788,0.5165737098786938,0.31602888500820586,0.31604523617424585,33108,0.8301920985864444,0.5067810261145812,0.3023791121219441,0.3023955092182257,93,0.27956989247311825,4.002769129902764,5.175348032517397,5.175348032517397,6552,0.3002136752136752,1.846869028019977,1.1793873737189622,1.1795018687623824,26649,0.9585725543172352,0.1895034661749268,0.10376107690910738,0.10375329813839193,6473,0.3020237911323961,1.81218419237778,1.1195495815364425,1.1196654739394223,0.46193169358986624,0.6036456152796745,"[""y@t"", ""y@t-1"", ""data_quality_3@t+h""]",3,50,22500.0,754,0.0014758591608686486,0.3252010481612,1.5739224470879036
"ar_order=2,capacity=True,n_bins=50,numeric=True,on_change=capchain,other_lags=2,pool=local,target=avg_p_latency_3",cg_median,5,166718,33201,0.8286497394656788,0.5165737098786938,0.31602888500820586,0.2645193628813625,33108,0.8301920985864444,0.5067810261145812,0.3023791121219441,0.25072490032620515,93,0.27956989247311825,4.002769129902764,5.175348032517397,5.175348032517397,6552,0.3002136752136752,1.846869028019977,1.1793873737189622,1.1042432282236339,26649,0.9585725543172352,0.1895034661749268,0.10376107690910738,0.058062431449693,6473,0.3020237911323961,1.81218419237778,1.1195495815364425,1.043488336165611,0.46193169358986624,0.6036456152796745,"[""y@t"", ""y@t-1"", ""data_quality_3@t+h""]",3,50,22500.0,754,0.0014758591608686486,0.3252010481612,1.5739224470879036
"ar_order=2,capacity=True,n_bins=50,numeric=True,on_change=capchain,other_lags=2,pool=local,target=avg_p_latency_3",linear,5,166718,33201,0.8286497394656788,0.5165737098786938,0.31602888500820586,0.47380970078400586,33108,0.8301920985864444,0.5067810261145812,0.3023791121219441,0.46060313243644013,93,0.27956989247311825,4.002769129902764,5.175348032517397,5.175348032517397,6552,0.3002136752136752,1.846869028019977,1.1793873737189622,1.3587742608289022,26649,0.9585725543172352,0.1895034661749268,0.10376107690910738,0.25622976167131273,6473,0.3020237911323961,1.81218419237778,1.1195495815364425,1.301125803434222,0.46193169358986624,0.6036456152796745,"[""y@t"", ""y@t-1"", ""data_quality_3@t+h""]",3,50,22500.0,754,0.0014758591608686486,0.3252010481612,1.5739224470879036
"ar_order=2,capacity=True,n_bins=50,numeric=True,on_change=capchain,other_lags=2,pool=local,target=avg_p_latency_3",clg,5,166718,33201,0.8286497394656788,0.5165737098786938,0.31602888500820586,0.3807633384916348,33108,0.8301920985864444,0.5067810261145812,0.3023791121219441,0.3672954039578546,93,0.27956989247311825,4.002769129902764,5.175348032517397,5.175348032517397,6552,0.3002136752136752,1.846869028019977,1.1793873737189622,1.2511047034568514,26649,0.9585725543172352,0.1895034661749268,0.10376107690910738,0.166778700296877,6473,0.3020237911323961,1.81218419237778,1.1195495815364425,1.1921421884331906,0.46193169358986624,0.6036456152796745,"[""y@t"", ""y@t-1"", ""data_quality_3@t+h""]",3,50,22500.0,754,0.0014758591608686486,0.3252010481612,1.5739224470879036
"ar_order=2,capacity=True,n_bins=50,numeric=True,on_change=capchain,other_lags=2,pool=local,target=avg_p_latency_3",ar,5,166718,33201,0.8053371886388965,0.6307375801793709,0.363611176242646,0.3636111762426459,33108,0.8071463090491724,0.6139012690864307,0.34672392081455283,0.3467239208145527,93,0.16129032258064516,6.624464329266064,6.375474108643808,6.375474108643807,6552,0.05708180708180708,2.339446818221936,1.4851640774146024,1.4851640774146024,26649,0.9893054148373297,0.21062939872209724,0.08786294522164484,0.08786294522164477,6473,0.05762397651784335,2.273141900504578,1.4117563968141151,1.4117563968141151,0.45112123875208193,0.6036456152796745,"[""y@t"", ""y@t-1"", ""data_quality_3@t+h""]",3,50,22500.0,754,0.0014758591608686486,0.3252010481612,1.5739224470879036
"ar_order=2,capacity=True,n_bins=50,numeric=True,on_change=capchain,other_lags=2,pool=local,target=avg_p_latency_3",persistence,5,166718,33201,0.8026565464895635,5.452801131037133,0.3252010481612,0.3252010481612,33108,0.8044883411864202,5.402186773088241,0.30772018847408483,0.30772018847408483,93,0.15053763440860216,23.471512560842527,6.548387096774194,6.548387096774194,6552,0.0,27.63102111592855,1.6478937728937728,1.6478937728937728,26649,1.0,0.0,0.0,0.0,6473,0.0,27.631021115928547,1.5739224470879036,1.5739224470879036,0.48100302323746175,0.6036456152796745,"[""y@t"", ""y@t-1"", ""data_quality_3@t+h""]",3,50,22500.0,754,0.0014758591608686486,0.3252010481612,1.5739224470879036
"ar_order=2,capacity=True,disc=quantile,numeric=True,on_change=capchain,other_lags=2,pool=local,target=buffer_size_2",model,1,33200,33558,0.9102151498897432,0.33595100429075464,1294.1795948555243,52.67529668137129,33464,0.9119650968204638,0.3161789189202923,1289.9532839555663,47.051604733262295,94,0.2872340425531915,7.374813396175355,2798.746275240588,2054.7096302081723,3101,0.1289906481780071,2.986523810411743,344.02241438759285,87.83308502090257,30457,0.9897560495124273,0.06608114607158717,1390.920489120588,49.095682745629546,21429,0.872415885015633,0.44982550273612937,1946.1269979993822,71.17374381447348,0.9000208934279291,0.04723326675593853,"[""y@t"", ""y@t-1"", ""throughput_2@t"", ""throughput_1@t-1""]",4,20,160000.0,656,0.3077954586089755,54.21902377972466,75.8797424051519
"ar_order=2,capacity=True,disc=quantile,numeric=True,on_change=capchain,other_lags=2,pool=local,target=buffer_size_2",cg_mean,1,33200,33558,0.9102151498897432,0.33595100429075464,1294.1795948555243,49.51179215013617,33464,0.9119650968204638,0.3161789189202923,1289.9532839555663,41.78922337741018,94,0.2872340425531915,7.374813396175355,2798.746275240588,2798.746275240588,3101,0.1289906481780071,2.986523810411743,344.02241438759285,98.05948769610693,30457,0.9897560495124273,0.06608114607158717,1390.920489120588,44.56887577990748,21429,0.872415885015633,0.44982550273612937,1946.1269979993822,63.103994745483504,0.9000208934279291,0.04723326675593853,"[""y@t"", ""y@t-1"", ""throughput_2@t"", ""throughput_1@t-1""]",4,20,160000.0,656,0.3077954586089755,54.21902377972466,75.8797424051519
"ar_order=2,capacity=True,disc=quantile,numeric=True,on_change=capchain,other_lags=2,pool=local,target=buffer_size_2",cg_median,1,33200,33558,0.9102151498897432,0.33595100429075464,1294.1795948555243,47.14374068396851,33464,0.9119650968204638,0.3161789189202923,1289.9532839555663,39.414520081281374,94,0.2872340425531915,7.374813396175355,2798.746275240588,2798.746275240588,3101,0.1289906481780071,2.986523810411743,344.02241438759285,97.71217215682657,30457,0.9897560495124273,0.06608114607158717,1390.920489120588,41.99508172224107,21429,0.872415885015633,0.44982550273612937,1946.1269979993822,60.4282514349713,0.9000208934279291,0.04723326675593853,"[""y@t"", ""y@t-1"", ""throughput_2@t"", ""throughput_1@t-1""]",4,20,160000.0,656,0.3077954586089755,54.21902377972466,75.8797424051519
"ar_order=2,capacity=True,disc=quantile,numeric=True,on_change=capchain,other_lags=2,pool=local,target=buffer_size_2",linear,1,33200,33558,0.9102151498897432,0.33595100429075464,1294.1795948555243,23.426970963019215,33464,0.9119650968204638,0.3161789189202923,1289.9532839555663,15.631130220666494,94,0.2872340425531915,7.374813396175355,2798.746275240588,2798.746275240588,3101,0.1289906481780071,2.986523810411743,344.02241438759285,106.70657815424693,30457,0.9897560495124273,0.06608114607158717,1390.920489120588,14.947801579954659,21429,0.872415885015633,0.44982550273612937,1946.1269979993822,21.168234959458353,0.9000208934279291,0.04723326675593853,"[""y@t"", ""y@t-1"", ""throughput_2@t"", ""throughput_1@t-1""]",4,20,160000.0,656,0.3077954586089755,54.21902377972466,75.8797424051519
"ar_order=2,capacity=True,disc=quantile,numeric=True,on_change=capchain,other_lags=2,pool=local,target=buffer_size_2",clg,1,33200,33558,0.9102151498897432,0.33595100429075464,1294.1795948555243,23.426970963019215,33464,0.9119650968204638,0.3161789189202923,1289.9532839555663,15.631130220666494,94,0.2872340425531915,7.374813396175355,2798.746275240588,2798.746275240588,3101,0.1289906481780071,2.986523810411743,344.02241438759285,106.70657815424693,30457,0.9897560495124273,0.06608114607158717,1390.920489120588,14.947801579954659,21429,0.872415885015633,0.44982550273612937,1946.1269979993822,21.168234959458353,0.9000208934279291,0.04723326675593853,"[""y@t"", ""y@t-1"", ""throughput_2@t"", ""throughput_1@t-1""]",4,20,160000.0,656,0.3077954586089755,54.21902377972466,75.8797424051519
"ar_order=2,capacity=True,disc=quantile,numeric=True,on_change=capchain,other_lags=2,pool=local,target=buffer_size_2",ar,1,33200,33558,0.9075928243637881,0.40091070542030494,1295.345936808985,58.342370372171445,33464,0.9093354052115706,0.3858456916858116,1291.1252663498249,52.742526592129195,94,0.2872340425531915,5.76405559489992,2797.904620270079,2051.886756067212,3101,0.0,3.56226155913015,350.789049516761,93.17975428457,30457,1.0,0.07903563573667786,1391.5166334466444,54.79537862930944,21429,0.8584161650100331,0.5484830272194133,1947.2156286293834,79.12166538922385,0.8971503915389609,0.04723326675593853,"[""y@t"", ""y@t-1"", ""throughput_2@t"", ""throughput_1@t-1""]",4,20,160000.0,656,0.3077954586089755,54.21902377972466,75.8797424051519
"ar_order=2,capacity=True,disc=quantile,numeric=True,on_change=capchain,other_lags=2,pool=local,target=buffer_size_2",persistence,1,33200,33558,0.9075928243637881,2.5533046212674897,1296.6251335813818,54.21902377972448,33464,0.9093354052115706,2.505155333066197,1292.3902923207725,48.59033588333715,94,0.2872340425531915,19.694451220927792,2804.2286223582323,2058.031914893618,3101,0.0,27.631021115928547,350.4350106457405,90.45501451144791,30457,1.0,0.0,1392.9621192077868,50.5296319401121,21429,0.8584161650100331,3.912105934281917,1950.2159258801228,75.87974240515159,0.8971503915389609,0.04723326675593853,"[""y@t"", ""y@t-1"", ""throughput_2@t"", ""throughput_1@t-1""]",4,20,160000.0,656,0.3077954586089755,54.21902377972466,75.8797424051519
"ar_order=2,capacity=True,disc=quantile,numeric=True,on_change=capchain,other_lags=2,pool=local,target=buffer_size_2",model,2,66758,33201,0.9175627240143369,0.2866055267886481,1398.7042318442343,38.8197287810808,33108,0.9193246345294189,0.2681621592419668,1394.321873141871,32.77734670210027,93,0.2903225806451613,6.852444373407202,2958.8239298854787,2189.9077488981484,2990,0.19933110367892976,2.5341385578793205,237.80937737845846,94.93445712758647,30211,0.9886465194796598,0.06416589344446522,1513.5986615172892,33.266021927416496,22305,0.8878278412911903,0.36314845491560366,2034.5730582727406,47.00433980434726,0.9045723051002381,0.09938589297235012,"[""y@t"", ""throughput_1@t"", ""y@t-1"", ""throughput_2@t""]",4,20,160000.0,1222,0.1466522092708051,41.89319598807265,53.263124859896884
"ar_order=2,capacity=True,disc=quantile,numeric=True,on_change=capchain,other_lags=2,pool=local,target=buffer_size_2",cg_mean,2,66758,33201,0.9175627240143369,0.2866055267886481,1398.7042318442343,32.47384680046246,33108,0.9193246345294189,0.2681621592419668,1394.321873141871,24.253762297414657,93,0.2903225806451613,6.852444373407202,2958.8239298854787,2958.8239298854787,2990,0.19933110367892976,2.5341385578793205,237.80937737845846,91.87686418376737,30211,0.9886465194796598,0.06416589344446522,1513.5986615172892,26.594696094557936,22305,0.8878278412911903,0.36314845491560366,2034.5730582727406,34.53430132586213,0.9045723051002381,0.09938589297235012,"[""y@t"", ""throughput_1@t"", ""y@t-1"", ""throughput_2@t""]",4,20,160000.0,1222,0.1466522092708051,41.89319598807265,53.263124859896884
"ar_order=2,capacity=True,disc=quantile,numeric=True,on_change=capchain,other_lags=2,pool=local,target=buffer_size_2",cg_median,2,66758,33201,0.9175627240143369,0.2866055267886481,1398.7042318442343,33.11096429262219,33108,0.9193246345294189,0.2681621592419668,1394.321873141871,24.89266944545125,93,0.2903225806451613,6.852444373407202,2958.8239298854787,2958.8239298854787,2990,0.19933110367892976,2.5341385578793205,237.80937737845846,90.38294020071866,30211,0.9886465194796598,0.06416589344446522,1513.5986615172892,27.442723983952888,22305,0.8878278412911903,0.36314845491560366,2034.5730582727406,36.164043936337144,0.9045723051002381,0.09938589297235012,"[""y@t"", ""throughput_1@t"", ""y@t-1"", ""throughput_2@t""]",4,20,160000.0,1222,0.1466522092708051,41.89319598807265,53.263124859896884
"ar_order=2,capacity=True,disc=quantile,numeric=True,on_change=capchain,other_lags=2,pool=local,target=buffer_size_2",linear,2,66758,33201,0.9175627240143369,0.2866055267886481,1398.7042318442343,23.15458459599398,33108,0.9193246345294189,0.2681621592419668,1394.321873141871,14.908322390124644,93,0.2903225806451613,6.852444373407202,2958.8239298854787,2958.8239298854787,2990,0.19933110367892976,2.5341385578793205,237.80937737845846,102.92574499211476,30211,0.9886465194796598,0.06416589344446522,1513.5986615172892,15.259587092289996,22305,0.8878278412911903,0.36314845491560366,2034.5730582727406,19.842572380224325,0.9045723051002381,0.09938589297235012,"[""y@t"", ""throughput_1@t"", ""y@t-1"", ""throughput_2@t""]",4,20,160000.0,1222,0.1466522092708051,41.89319598807265,53.263124859896884
"ar_order=2,capacity=True,disc=quantile,numeric=True,on_change=capchain,other_lags=2,pool=local,target=buffer_size_2",clg,2,66758,33201,0.9175627240143369,0.2866055267886481,1398.7042318442343,23.15458459599398,33108,0.9193246345294189,0.2681621592419668,1394.321873141871,14.908322390124644,93,0.2903225806451613,6.852444373407202,2958.8239298854787,2958.8239298854787,2990,0.19933110367892976,2.5341385578793205,237.80937737845846,102.92574499211476,30211,0.9886465194796598,0.06416589344446522,1513.5986615172892,15.259587092289996,22305,0.8878278412911903,0.36314845491560366,2034.5730582727406,19.842572380224325,0.9045723051002381,0.09938589297235012,"[""y@t"", ""throughput_1@t"", ""y@t-1"", ""throughput_2@t""]",4,20,160000.0,1222,0.1466522092708051,41.89319598807265,53.263124859896884
"ar_order=2,capacity=True,disc=quantile,numeric=True,on_change=capchain,other_lags=2,pool=local,target=buffer_size_2",ar,2,66758,33201,0.9099424716123008,0.3853068077732347,1402.266436818231,44.5986269653855,33108,0.9116829769240062,0.3712921816134147,1397.9101829211,38.598096097020886,93,0.2903225806451613,5.37451372066914,2953.092824196945,2180.787616103187,2990,0.0,3.430311786876533,247.01783241592628,99.64057901286984,30211,1.0,0.08394091827871739,1516.6020538836342,39.151093397414286,22305,0.8689083165209595,0.5031532024059314,2039.3196093943864,55.41818570133839,0.8968746965774115,0.09938589297235012,"[""y@t"", ""throughput_1@t"", ""y@t-1"", ""throughput_2@t""]",4,20,160000.0,1222,0.1466522092708051,41.89319598807265,53.263124859896884
"ar_order=2,capacity=True,disc=quantile,numeric=True,on_change=capchain,other_lags=2,pool=local,target=buffer_size_2",persistence,2,66758,33201,0.9099424716123008,2.4883814685288503,1399.9442597971981,41.89319598807245,33108,0.9116829769240062,2.4402895295087315,1395.5871725785748,35.88359308928336,93,0.2903225806451613,19.609111759691224,2951.067309626989,2181.3118279569894,2990,0.0,27.631021115928547,247.52473028209616,99.1732441471572,30211,1.0,0.0,1513.9998816981663,36.22415676409233,22305,0.8689083165209595,3.622197074331992,2036.6115214961114,53.26312485989655,0.8968746965774115,0.09938589297235012,"[""y@t"", ""throughput_1@t"", ""y@t-1"", ""throughput_2@t""]",4,20,160000.0,1222,0.1466522092708051,41.89319598807265,53.263124859896884
"ar_order=2,capacity=True,disc=quantile,numeric=True,on_change=capchain,other_lags=2,pool=local,target=buffer_size_2",model,3,99959,33201,0.9275925423933014,0.27717572170875365,1998.1452920597483,55.417525184439754,33108,0.9292618098344811,0.26012649050830283,1994.316457685545,49.00898532587716,93,0.3333333333333333,6.346702029069256,3361.210329276172,2336.85771483272,2489,0.14383286460425873,2.765542446203384,429.834898886458,106.88223774710869,30712,0.9911109663974993,0.07551041898450474,2125.2462483181594,51.2466581107069,23387,0.9055885748492752,0.32770888079945637,2767.257152778467,66.76862988347725,0.9117777172692045,0.15182233043015003,"[""y@t"", ""throughput_1@t"", ""y@t-1"", ""throughput_2@t-1""]",4,20,160000.0,1558,0.2078551850847866,59.216499503027016,74.75533416000341
"ar_order=2,capacity=True,disc=quantile,numeric=True,on_change=capchain,other_lags=2,pool=local,target=buffer_size_2",cg_mean,3,99959,33201,0.9275925423933014,0.27717572170875365,1998.1452920597483,50.54574264910797,33108,0.9292618098344811,0.26012649050830283,1994.316457685545,41.24612302375106,93,0.3333333333333333,6.346702029069256,3361.210329276172,3361.210329276172,2489,0.14383286460425873,2.765542446203384,429.834898886458,108.95851467913471,30712,0.9911109663974993,0.07551041898450474,2125.2462483181594,45.81178232145962,23387,0.9055885748492752,0.32770888079945637,2767.257152778467,56.39834157296406,0.9117777172692045,0.15182233043015003,"[""y@t"", ""throughput_1@t"", ""y@t-1"", ""throughput_2@t-1""]",4,20,160000.0,1558,0.2078551850847866,59.216499503027016,74.75533416000341
"ar_order=2,capacity=True,disc=quantile,numeric=True,on_change=capchain,other_lags=2,pool=local,target=buffer_size_2",cg_median,3,99959,33201,0.9275925423933014,0.27717572170875365,1998.1452920597483,46.71330865403704,33108,0.9292618098344811,0.26012649050830283,1994.316457685545,37.402923764649024,93,0.3333333333333333,6.346702029069256,3361.210329276172,3361.210329276172,2489,0.14383286460425873,2.765542446203384,429.834898886458,104.99425276095853,30712,0.9911109663974993,0.07551041898450474,2125.2462483181594,41.99003208845592,23387,0.9055885748492752,0.32770888079945637,2767.257152778467,51.819878565014754,0.9117777172692045,0.15182233043015003,"[""y@t"", ""throughput_1@t"", ""y@t-1"", ""throughput_2@t-1""]",4,20,160000.0,1558,0.2078551850847866,59.216499503027016,74.75533416000341
"ar_order=2,capacity=True,disc=quantile,numeric=True,on_change=capchain,other_lags=2,pool=local,target=buffer_size_2",linear,3,99959,33201,0.9275925423933014,0.27717572170875365,1998.1452920597483,28.05135904530625,33108,0.9292618098344811,0.26012649050830283,1994.316457685545,18.688552949152132,93,0.3333333333333333,6.346702029069256,3361.210329276172,3361.210329276172,2489,0.14383286460425873,2.765542446203384,429.834898886458,119.5603487824367,30712,0.9911109663974993,0.07551041898450474,2125.2462483181594,20.635173988790303,23387,0.9055885748492752,0.32770888079945637,2767.257152778467,23.649653447103272,0.9117777172692045,0.15182233043015003,"[""y@t"", ""throughput_1@t"", ""y@t-1"", ""throughput_2@t-1""]",4,20,160000.0,1558,0.2078551850847866,59.216499503027016,74.75533416000341
"ar_order=2,capacity=True,disc=quantile,numeric=True,on_change=capchain,other_lags=2,pool=local,target=buffer_size_2",clg,3,99959,33201,0.9275925423933014,0.27717572170875365,1998.1452920597483,28.05135904530625,33108,0.9292618098344811,0.26012649050830283,1994.316457685545,18.688552949152132,93,0.3333333333333333,6.346702029069256,3361.210329276172,3361.210329276172,2489,0.14383286460425873,2.765542446203384,429.834898886458,119.5603487824367,30712,0.9911109663974993,0.07551041898450474,2125.2462483181594,20.635173988790303,23387,0.9055885748492752,0.32770888079945637,2767.257152778467,23.649653447103272,0.9117777172692045,0.15182233043015003,"[""y@t"", ""throughput_1@t"", ""y@t-1"", ""throughput_2@t-1""]",4,20,160000.0,1558,0.2078551850847866,59.216499503027016,74.75533416000341
"ar_order=2,capacity=True,disc=quantile,numeric=True,on_change=capchain,other_lags=2,pool=local,target=buffer_size_2",ar,3,99959,33201,0.925032378542815,0.35057094578447295,2000.9489013048546,60.14630329290786,33108,0.9266944545125045,0.3380434040621311,1997.1209086093656,53.75328660020778,93,0.3333333333333333,4.810375798938177,3363.7143008989187,2336.0602458941403,2489,0.0,3.62622784898826,441.3093252559756,111.99334771606013,30712,1.0,0.08510109582112882,2127.3471464463514,55.944450806282894,23387,0.8962243981699235,0.4356760025069372,2770.8967541664465,74.8466548752603,0.9102491052884071,0.15182233043015003,"[""y@t"", ""throughput_1@t"", ""y@t-1"", ""throughput_2@t-1""]",4,20,160000.0,1558,0.2078551850847866,59.216499503027016,74.75533416000341
"ar_order=2,capacity=True,disc=quantile,numeric=True,on_change=capchain,other_lags=2,pool=local,target=buffer_size_2",persistence,3,99959,33201,0.925032378542815,2.0714319314944176,2001.3235113441563,59.21649950302739,33108,0.9266944545125045,2.025507075279648,1997.5051170750164,52.80605895856024,93,0.3333333333333333,18.420680743952364,3360.6718711579647,2341.3333333333335,2489,0.0,27.63102111592855,443.1600795407736,113.39292888710325,30712,1.0,0.0,2127.6021249726605,54.82586611096681,23387,0.8962243981699235,2.867425845485038,2771.7385316155346,74.75533416000391,0.9102491052884071,0.15182233043015003,"[""y@t"", ""throughput_1@t"", ""y@t-1"", ""throughput_2@t-1""]",4,20,160000.0,1558,0.2078551850847866,59.216499503027016,74.75533416000341
"ar_order=2,capacity=True,disc=quantile,numeric=True,on_change=capchain,other_lags=2,pool=local,target=buffer_size_2",model,4,133160,33558,0.9371237856844865,0.2479574796176563,1604.9140699502386,53.623387233621145,33464,0.9389493186708104,0.23010773387385047,1601.3602311879818,48.392835883297295,94,0.2872340425531915,6.60246696441252,2870.080669313707,1915.6996679489134,2170,0.16036866359447005,3.0030885512112944,460.209891883112,136.18658500435953,31388,0.9908245189244297,0.05748231632728435,1684.0528512171454,47.91540522895369,21479,0.9111690488384003,0.32485025677180773,2396.8063443605183,72.5030587334379,0.92108093342639,0.20195053331553936,"[""y@t"", ""y@t-1"", ""throughput_1@t"", ""throughput_2@t""]",4,20,160000.0,1956,0.15361463734429942,52.6987007568985,73.93351645793565
"ar_order=2,capacity=True,disc=quantile,numeric=True,on_change=capchain,other_lags=2,pool=local,target=buffer_size_2",cg_mean,4,133160,33558,0.9371237856844865,0.2479574796176563,1604.9140699502386,41.5718096637616,33464,0.9389493186708104,0.23010773387385047,1601.3602311879818,33.62656005800333,94,0.2872340425531915,6.60246696441252,2870.080669313707,2870.080669313707,2170,0.16036866359447005,3.0030885512112944,460.209891883112,149.28255228516076,31388,0.9908245189244297,0.05748231632728435,1684.0528512171454,34.12525966094409,21479,0.9111690488384003,0.32485025677180773,2396.8063443605183,50.267404750924044,0.92108093342639,0.20195053331553936,"[""y@t"", ""y@t-1"", ""throughput_1@t"", ""throughput_2@t""]",4,20,160000.0,1956,0.15361463734429942,52.6987007568985,73.93351645793565
"ar_order=2,capacity=True,disc=quantile,numeric=True,on_change=capchain,other_lags=2,pool=local,target=buffer_size_2",cg_median,4,133160,33558,0.9371237856844865,0.2479574796176563,1604.9140699502386,37.948777725594155,33464,0.9389493186708104,0.23010773387385047,1601.3602311879818,29.993351063829788,94,0.2872340425531915,6.60246696441252,2870.080669313707,2870.080669313707,2170,0.16036866359447005,3.0030885512112944,460.209891883112,146.92185140685274,31388,0.9908245189244297,0.05748231632728435,1684.0528512171454,30.41495684218867,21479,0.9111690488384003,0.32485025677180773,2396.8063443605183,45.74929000419014,0.92108093342639,0.20195053331553936,"[""y@t"", ""y@t-1"", ""throughput_1@t"", ""throughput_2@t""]",4,20,160000.0,1956,0.15361463734429942,52.6987007568985,73.93351645793565
"ar_order=2,capacity=True,disc=quantile,numeric=True,on_change=capchain,other_lags=2,pool=local,target=buffer_size_2",linear,4,133160,33558,0.9371237856844865,0.2479574796176563,1604.9140699502386,27.638804722682043,33464,0.9389493186708104,0.23010773387385047,1601.3602311879818,19.654417462594893,94,0.2872340425531915,6.60246696441252,2870.080669313707,2870.080669313707,2170,0.16036866359447005,3.0030885512112944,460.209891883112,179.51252675666856,31388,0.9908245189244297,0.05748231632728435,1684.0528512171454,17.139060335854253,21479,0.9111690488384003,0.32485025677180773,2396.8063443605183,26.73942844481816,0.92108093342639,0.20195053331553936,"[""y@t"", ""y@t-1"", ""throughput_1@t"", ""throughput_2@t""]",4,20,160000.0,1956,0.15361463734429942,52.6987007568985,73.93351645793565
"ar_order=2,capacity=True,disc=quantile,numeric=True,on_change=capchain,other_lags=2,pool=local,target=buffer_size_2",clg,4,133160,33558,0.9371237856844865,0.2479574796176563,1604.9140699502386,27.638804722682043,33464,0.9389493186708104,0.23010773387385047,1601.3602311879818,19.654417462594893,94,0.2872340425531915,6.60246696441252,2870.080669313707,2870.080669313707,2170,0.16036866359447005,3.0030885512112944,460.209891883112,179.51252675666856,31388,0.9908245189244297,0.05748231632728435,1684.0528512171454,17.139060335854253,21479,0.9111690488384003,0.32485025677180773,2396.8063443605183,26.73942844481816,0.92108093342639,0.20195053331553936,"[""y@t"", ""y@t-1"", ""throughput_1@t"", ""throughput_2@t""]",4,20,160000.0,1956,0.15361463734429942,52.6987007568985,73.93351645793565
"ar_order=2,capacity=True,disc=quantile,numeric=True,on_change=capchain,other_lags=2,pool=local,target=buffer_size_2",ar,4,133160,33558,0.9353358364622445,0.3239239860770869,1607.5413978849324,56.185338369553605,33464,0.9371563471192924,0.3104253354331003,1604.001737372585,50.96859928943018,94,0.2872340425531915,5.129443615336314,2867.660540280669,1913.3444508934895,2170,0.0,3.78239456135575,477.10076378928204,146.09031666653038,31388,1.0,0.08482365638565391,1685.6940733018932,49.969784562224696,21479,0.9020904138926393,0.43393543479280594,2400.4522067483117,77.1437740050952,0.9176811130107325,0.20195053331553936,"[""y@t"", ""y@t-1"", ""throughput_1@t"", ""throughput_2@t""]",4,20,160000.0,1956,0.15361463734429942,52.6987007568985,73.93351645793565
"ar_order=2,capacity=True,disc=quantile,numeric=True,on_change=capchain,other_lags=2,pool=local,target=buffer_size_2",persistence,4,133160,33558,0.9353358364622445,1.7867368681555797,1607.8055212603579,52.69870075689848,33464,0.9371563471192924,1.7364342997489164,1604.2666416229536,47.454518288309814,94,0.2872340425531915,19.694451220927792,2867.6466721763445,1919.627659574468,2170,0.0,27.631021115928547,479.19015572178984,147.69815668202764,31388,1.0,0.0,1685.8320072810884,46.130941761182605,21479,0.9020904138926393,2.7053418411843073,2401.5698615523143,73.9335164579356,0.9176811130107325,0.20195053331553936,"[""y@t"", ""y@t-1"", ""throughput_1@t"", ""throughput_2@t""]",4,20,160000.0,1956,0.15361463734429942,52.6987007568985,73.93351645793565
"ar_order=2,capacity=True,disc=quantile,numeric=True,on_change=capchain,other_lags=2,pool=local,target=buffer_size_2",model,5,166718,33201,0.9470799072317099,0.2304124410085267,9751.17824870098,47.58672003265672,33108,0.9489247311827957,0.21252658005410632,9748.229304249733,42.69699766296038,93,0.2903225806451613,6.597778940782177,10801.002473346043,1788.3278836445552,1921,0.14107235814679855,3.1331698471224274,315.41167225283004,118.99902819713922,31280,0.9965792838874681,0.05214527422000993,10330.657391711113,43.20107284646839,20815,0.9224597645928417,0.30372919610024524,15389.52542978157,65.21335706809317,0.9451677791867293,0.26124828681349754,"[""y@t"", ""y@t-1"", ""throughput_1@t"", ""throughput_2@t""]",4,20,160000.0,2225,0.11945423330622572,45.42342098129574,64.47307230362719
"ar_order=2,capacity=True,disc=quantile,numeric=True,on_change=capchain,other_lags=2,pool=local,target=buffer_size_2",cg_mean,5,166718,33201,0.9470799072317099,0.2304124410085267,9751.17824870098,61.76151065916209,33108,0.9489247311827957,0.21252658005410632,9748.229304249733,31.59510346060344,93,0.2903225806451613,6.597778940782177,10801.002473346043,10801.002473346043,1921,0.14107235814679855,3.1331698471224274,315.41167225283004,116.99302532266815,31280,0.9965792838874681,0.05214527422000993,10330.657391711113,58.36957524776199,20815,0.9224597645928417,0.30372919610024524,15389.52542978157,48.32545496305461,0.9451677791867293,0.26124828681349754,"[""y@t"", ""y@t-1"", ""throughput_1@t"", ""throughput_2@t""]",4,20,160000.0,2225,0.11945423330622572,45.42342098129574,64.47307230362719
"ar_order=2,capacity=True,disc=quantile,numeric=True,on_change=capchain,other_lags=2,pool=local,target=buffer_size_2",cg_median,5,166718,33201,0.9470799072317099,0.2304124410085267,9751.17824870098,56.943005632998464,33108,0.9489247311827957,0.21252658005410632,9748.229304249733,26.763063307961822,93,0.2903225806451613,6.597778940782177,10801.002473346043,10801.002473346043,1921,0.14107235814679855,3.1331698471224274,315.41167225283004,108.4508406603628,31280,0.9965792838874681,0.05214527422000993,10330.657391711113,53.779752720991844,20815,0.9224597645928417,0.30372919610024524,15389.52542978157,41.83891424453519,0.9451677791867293,0.26124828681349754,"[""y@t"", ""y@t-1"", ""throughput_1@t"", ""throughput_2@t""]",4,20,160000.0,2225,0.11945423330622572,45.42342098129574,64.47307230362719
"ar_order=2,capacity=True,disc=quantile,numeric=True,on_change=capchain,other_lags=2,pool=local,target=buffer_size_2",linear,5,166718,33201,0.9470799072317099,0.2304124410085267,9751.17824870098,48.36816834867248,33108,0.9489247311827957,0.21252658005410632,9748.229304249733,18.164139402050647,93,0.2903225806451613,6.597778940782177,10801.002473346043,10801.002473346043,1921,0.14107235814679855,3.1331698471224274,315.41167225283004,145.4454336997661,31280,0.9965792838874681,0.05214527422000993,10330.657391711113,42.4063580309151,20815,0.9224597645928417,0.30372919610024524,15389.52542978157,26.130360632211985,0.9451677791867293,0.26124828681349754,"[""y@t"", ""y@t-1"", ""throughput_1@t"", ""throughput_2@t""]",4,20,160000.0,2225,0.11945423330622572,45.42342098129574,64.47307230362719
"ar_order=2,capacity=True,disc=quantile,numeric=True,on_change=capchain,other_lags=2,pool=local,target=buffer_size_2",clg,5,166718,33201,0.9470799072317099,0.2304124410085267,9751.17824870098,48.36816834867248,33108,0.9489247311827957,0.21252658005410632,9748.229304249733,18.164139402050647,93,0.2903225806451613,6.597778940782177,10801.002473346043,10801.002473346043,1921,0.14107235814679855,3.1331698471224274,315.41167225283004,145.4454336997661,31280,0.9965792838874681,0.05214527422000993,10330.657391711113,42.4063580309151,20815,0.9224597645928417,0.30372919610024524,15389.52542978157,26.130360632211985,0.9451677791867293,0.26124828681349754,"[""y@t"", ""y@t-1"", ""throughput_1@t"", ""throughput_2@t""]",4,20,160000.0,2225,0.11945423330622572,45.42342098129574,64.47307230362719
"ar_order=2,capacity=True,disc=quantile,numeric=True,on_change=capchain,other_lags=2,pool=local,target=buffer_size_2",ar,5,166718,33201,0.9421402969790067,0.31798309250405177,9756.051480577022,47.86236782832553,33108,0.9439712456203939,0.3050085990367895,9753.138325001248,42.990299604080725,93,0.2903225806451613,4.936902766849388,10793.134865552574,1782.318655659476,1921,0.0,4.267008798156993,333.9060349648885,128.50100608989854,31280,1.0,0.07546140514601782,10334.694108486898,42.91010363073979,20815,0.9108815757866923,0.4354957833435405,15396.337802189106,66.8510808663667,0.940920953368049,0.26124828681349754,"[""y@t"", ""y@t-1"", ""throughput_1@t"", ""throughput_2@t""]",4,20,160000.0,2225,0.11945423330622572,45.42342098129574,64.47307230362719
"ar_order=2,capacity=True,disc=quantile,numeric=True,on_change=capchain,other_lags=2,pool=local,target=buffer_size_2",persistence,5,166718,33201,0.9421402969790067,1.5987226759344217,9751.614979725031,45.423420981295536,33108,0.9439712456203939,1.5481316953620712,9748.69756067806,40.53422133623272,93,0.2903225806451613,19.609111759691224,10790.216160446678,1785.9784946236562,1921,0.0,27.631021115928547,336.10296735515556,130.30765226444564,31280,1.0,0.0,10329.850228310788,40.21042199488468,20815,0.9108815757866923,2.462433061256183,15389.596658636747,64.47307230362684,0.940920953368049,0.26124828681349754,"[""y@t"", ""y@t-1"", ""throughput_1@t"", ""throughput_2@t""]",4,20,160000.0,2225,0.11945423330622572,45.42342098129574,64.47307230362719
"ar_order=2,capacity=True,disc=quantile,n_bins=50,numeric=True,on_change=capchain,other_lags=2,pool=local,target=buffer_size_2",model,1,33200,33558,0.8723106263782109,0.5470173299971486,595.609755838676,55.347840406859554,33464,0.8742529285202009,0.5187481368996959,590.9105438839116,49.729804455970225,94,0.18085106382978725,10.610850072690274,2268.5292117347894,2055.3686389234576,4553,0.09444322424774873,3.3348139368372935,241.71364829219797,78.75371542720723,29005,0.9944147560765385,0.10940871248488568,651.1618667733119,51.673751492270924,21429,0.8087171589901535,0.736052839920963,884.2219381735,76.1521088675623,0.8087066085575134,0.05168709345161915,"[""y@t"", ""y@t-1""]",2,50,2500.0,302,0.005959830740806961,54.21902377972466,75.8797424051519
"ar_order=2,capacity=True,disc=quantile,n_bins=50,numeric=True,on_change=capchain,other_lags=2,pool=local,target=buffer_size_2",cg_mean,1,33200,33558,0.8723106263782109,0.5470173299971486,595.609755838676,55.409203238757335,33464,0.8742529285202009,0.5187481368996959,590.9105438839116,49.19257400140892,94,0.18085106382978725,10.610850072690274,2268.5292117347894,2268.5292117347894,4553,0.09444322424774873,3.3348139368372935,241.71364829219797,85.07015211955955,29005,0.9944147560765385,0.10940871248488568,651.1618667733119,50.75323701726819,21429,0.8087171589901535,0.736052839920963,884.2219381735,75.15594301001197,0.8087066085575134,0.05168709345161915,"[""y@t"", ""y@t-1""]",2,50,2500.0,302,0.005959830740806961,54.21902377972466,75.8797424051519
"ar_order=2,capacity=True,disc=quantile,n_bins=50,numeric=True,on_change=capchain,other_lags=2,pool=local,target=buffer_size_2",cg_median,1,33200,33558,0.8723106263782109,0.5470173299971486,595.609755838676,53.02459162950921,33464,0.8742529285202009,0.5187481368996959,590.9105438839116,46.80126404494382,94,0.18085106382978725,10.610850072690274,2268.5292117347894,2268.5292117347894,4553,0.09444322424774873,3.3348139368372935,241.71364829219797,85.95296071028332,29005,0.9944147560765385,0.10940871248488568,651.1618667733119,47.85572886706258,21429,0.8087171589901535,0.736052839920963,884.2219381735,72.11687432918008,0.8087066085575134,0.05168709345161915,"[""y@t"", ""y@t-1""]",2,50,2500.0,302,0.005959830740806961,54.21902377972466,75.8797424051519
"ar_order=2,capacity=True,disc=quantile,n_bins=50,numeric=True,on_change=capchain,other_lags=2,pool=local,target=buffer_size_2",linear,1,33200,33558,0.8723106263782109,0.5470173299971486,595.609755838676,21.954018671762427,33464,0.8742529285202009,0.5187481368996959,590.9105438839116,15.643414196866283,94,0.18085106382978725,10.610850072690274,2268.5292117347894,2268.5292117347894,4553,0.09444322424774873,3.3348139368372935,241.71364829219797,82.14145935905842,29005,0.9944147560765385,0.10940871248488568,651.1618667733119,12.506219414763333,21429,0.8087171589901535,0.736052839920963,884.2219381735,21.174540723943053,0.8087066085575134,0.05168709345161915,"[""y@t"", ""y@t-1""]",2,50,2500.0,302,0.005959830740806961,54.21902377972466,75.8797424051519
"ar_order=2,capacity=True,disc=quantile,n_bins=50,numeric=True,on_change=capchain,other_lags=2,pool=local,target=buffer_size_2",clg,1,33200,33558,0.8723106263782109,0.5470173299971486,595.609755838676,21.954018671762427,33464,0.8742529285202009,0.5187481368996959,590.9105438839116,15.643414196866283,94,0.18085106382978725,10.610850072690274,2268.5292117347894,2268.5292117347894,4553,0.09444322424774873,3.3348139368372935,241.71364829219797,82.14145935905842,29005,0.9944147560765385,0.10940871248488568,651.1618667733119,12.506219414763333,21429,0.8087171589901535,0.736052839920963,884.2219381735,21.174540723943053,0.8087066085575134,0.05168709345161915,"[""y@t"", ""y@t-1""]",2,50,2500.0,302,0.005959830740806961,54.21902377972466,75.8797424051519
"ar_order=2,capacity=True,disc=quantile,n_bins=50,numeric=True,on_change=capchain,other_lags=2,pool=local,target=buffer_size_2",ar,1,33200,33558,0.8675129626318613,0.577329797595345,596.490092380153,57.27949170400325,33464,0.869441788190294,0.5557398646919036,591.797535188745,51.671510649661435,94,0.18085106382978725,8.263345911220451,2267.0404525214453,2053.72074704969,4553,0.04085218537228201,3.473294152061124,243.79024904500923,81.01169239105539,29005,0.997276331666954,0.12274177119014956,651.8544222096621,53.55417849151753,21429,0.7998040039199216,0.7809633243827622,884.8848213360484,78.03244945516566,0.8012652018904356,0.05168709345161915,"[""y@t"", ""y@t-1""]",2,50,2500.0,302,0.005959830740806961,54.21902377972466,75.8797424051519
"ar_order=2,capacity=True,disc=quantile,n_bins=50,numeric=True,on_change=capchain,other_lags=2,pool=local,target=buffer_size_2",persistence,1,33200,33558,0.8643244531855295,3.7488538989457854,595.6135024203488,54.21902377972472,33464,0.8662443222567535,3.6958059560989778,590.9046937418512,48.5903358833374,94,0.18085106382978725,22.63392155240955,2271.9493919655374,2058.0319148936164,4553,0.0,27.63102111592855,244.06334649926936,80.37447836591258,29005,1.0,0.0,650.7973624413341,50.11332528874342,21429,0.7911241775164497,5.771452261649922,884.6076012234739,75.87974240515199,0.8047312440180392,0.05168709345161915,"[""y@t"", ""y@t-1""]",2,50,2500.0,302,0.005959830740806961,54.21902377972466,75.8797424051519
"ar_order=2,capacity=True,disc=quantile,n_bins=50,numeric=True,on_change=capchain,other_lags=2,pool=local,target=buffer_size_2",model,2,66758,33201,0.8541911388211199,0.4802780888241565,620.0417261866107,42.457040063834874,33108,0.8560468768877613,0.45576021689936624,614.7732869758735,36.422887950984816,93,0.1935483870967742,9.208640494049504,2495.6060852090354,2190.6151922384547,5167,0.17824656473775885,2.4303020750498834,155.4755599081434,64.80865577435279,28034,0.9787757722765213,0.12086544928544166,705.6668022071873,38.337371148366294,22305,0.7967271912127326,0.6126542137385822,888.6065488465606,52.39309245708618,0.8353114018705345,0.1524914801120758,"[""y@t"", ""throughput_1@t"", ""y@t-1"", ""throughput_2@t""]",4,50,6250000.0,3623,0.37366344387217254,41.89319598807265,53.263124859896884
"ar_order=2,capacity=True,disc=quantile,n_bins=50,numeric=True,on_change=capchain,other_lags=2,pool=local,target=buffer_size_2",cg_mean,2,66758,33201,0.8541911388211199,0.4802780888241565,620.0417261866107,39.90713506541089,33108,0.8560468768877613,0.45576021689936624,614.7732869758735,33.00910430658049,93,0.1935483870967742,9.208640494049504,2495.6060852090354,2495.6060852090354,5167,0.17824656473775885,2.4303020750498834,155.4755599081434,66.66021035326392,28034,0.9787757722765213,0.12086544928544166,705.6668022071873,34.97622474179184,22305,0.7967271912127326,0.6126542137385822,888.6065488465606,47.43764238681641,0.8353114018705345,0.1524914801120758,"[""y@t"", ""throughput_1@t"", ""y@t-1"", ""throughput_2@t""]",4,50,6250000.0,3623,0.37366344387217254,41.89319598807265,53.263124859896884
"ar_order=2,capacity=True,disc=quantile,n_bins=50,numeric=True,on_change=capchain,other_lags=2,pool=local,target=buffer_size_2",cg_median,2,66758,33201,0.8541911388211199,0.4802780888241565,620.0417261866107,35.93635330033554,33108,0.8560468768877613,0.45576021689936624,614.7732869758735,29.027168660142564,93,0.1935483870967742,9.208640494049504,2495.6060852090354,2495.6060852090354,5167,0.17824656473775885,2.4303020750498834,155.4755599081434,65.93938462500792,28034,0.9787757722765213,0.12086544928544166,705.6668022071873,30.406437382001297,22305,0.7967271912127326,0.6126542137385822,888.6065488465606,42.39401479488904,0.8353114018705345,0.1524914801120758,"[""y@t"", ""throughput_1@t"", ""y@t-1"", ""throughput_2@t""]",4,50,6250000.0,3623,0.37366344387217254,41.89319598807265,53.263124859896884
"ar_order=2,capacity=True,disc=quantile,n_bins=50,numeric=True,on_change=capchain,other_lags=2,pool=local,target=buffer_size_2",linear,2,66758,33201,0.8541911388211199,0.4802780888241565,620.0417261866107,21.857055619309268,33108,0.8560468768877613,0.45576021689936624,614.7732869758735,14.908322390124644,93,0.1935483870967742,9.208640494049504,2495.6060852090354,2495.6060852090354,5167,0.17824656473775885,2.4303020750498834,155.4755599081434,69.7059064048386,28034,0.9787757722765213,0.12086544928544166,705.6668022071873,13.037942684700221,22305,0.7967271912127326,0.6126542137385822,888.6065488465606,19.842572380224325,0.8353114018705345,0.1524914801120758,"[""y@t"", ""throughput_1@t"", ""y@t-1"", ""throughput_2@t""]",4,50,6250000.0,3623,0.37366344387217254,41.89319598807265,53.263124859896884
"ar_order=2,capacity=True,disc=quantile,n_bins=50,numeric=True,on_change=capchain,other_lags=2,pool=local,target=buffer_size_2",clg,2,66758,33201,0.8541911388211199,0.4802780888241565,620.0417261866107,21.857055619309268,33108,0.8560468768877613,0.45576021689936624,614.7732869758735,14.908322390124644,93,0.1935483870967742,9.208640494049504,2495.6060852090354,2495.6060852090354,5167,0.17824656473775885,2.4303020750498834,155.4755599081434,69.7059064048386,28034,0.9787757722765213,0.12086544928544166,705.6668022071873,13.037942684700221,22305,0.7967271912127326,0.6126542137385822,888.6065488465606,19.842572380224325,0.8353114018705345,0.1524914801120758,"[""y@t"", ""throughput_1@t"", ""y@t-1"", ""throughput_2@t""]",4,50,6250000.0,3623,0.37366344387217254,41.89319598807265,53.263124859896884
"ar_order=2,capacity=True,disc=quantile,n_bins=50,numeric=True,on_change=capchain,other_lags=2,pool=local,target=buffer_size_2",ar,2,66758,33201,0.838468720821662,0.5655907343602381,622.1550489593519,45.629403722465796,33108,0.8402802947927993,0.5449293021782279,616.8823337870357,39.642325619073326,93,0.1935483870967742,7.921060591155827,2499.2416503039212,2177.0292085301858,5167,0.049932262434681636,2.896568960278054,158.49572313999943,66.68633492528038,28034,0.9838053791824214,0.13596369243552672,707.6129834855913,41.74836057753669,22305,0.7770455054920421,0.7281366427356967,890.9877281673067,56.39907680235538,0.8114491986782619,0.1524914801120758,"[""y@t"", ""throughput_1@t"", ""y@t-1"", ""throughput_2@t""]",4,50,6250000.0,3623,0.37366344387217254,41.89319598807265,53.263124859896884
"ar_order=2,capacity=True,disc=quantile,n_bins=50,numeric=True,on_change=capchain,other_lags=2,pool=local,target=buffer_size_2",persistence,2,66758,33201,0.8443721574651366,4.300156203307214,620.6617927600032,41.893195988072776,33108,0.8462003141234747,4.249642368077448,615.3800381487328,35.883593089283686,93,0.1935483870967742,22.283081545103663,2500.9664343723325,2181.3118279569894,5167,0.0,27.63102111592855,159.793882088636,67.8231081865686,28034,1.0,0.0,705.6052362371722,37.114004423200555,22305,0.7717103788388254,6.3078753428517444,889.8027867862609,53.263124859897054,0.8293414361230919,0.1524914801120758,"[""y@t"", ""throughput_1@t"", ""y@t-1"", ""throughput_2@t""]",4,50,6250000.0,3623,0.37366344387217254,41.89319598807265,53.263124859896884
"ar_order=2,capacity=True,disc=quantile,n_bins=50,numeric=True,on_change=capchain,other_lags=2,pool=local,target=buffer_size_2",model,3,99959,33201,0.8668112406252824,0.4674554243563761,796.1589700877578,58.40882934282743,33108,0.8687024284160928,0.4417424864544471,790.5090477395961,52.01112525868398,93,0.1935483870967742,9.621261317443086,2807.531326033342,2335.9914832978975,4869,0.22982131854590265,2.4343896373837213,230.70002649725276,75.79587639491058,28332,0.976281236764083,0.129427657759237,893.3359994659228,55.42077583101773,23387,0.8315730961645359,0.5528197987085623,1096.902060572636,71.79151046173158,0.7942144584931913,0.387865973636508,"[""y@t"", ""throughput_1@t"", ""y@t-1"", ""throughput_2@t""]",4,50,6250000.0,4827,0.3432125538387398,59.216499503027016,74.75533416000341
"ar_order=2,capacity=True,disc=quantile,n_bins=50,numeric=True,on_change=capchain,other_lags=2,pool=local,target=buffer_size_2",cg_mean,3,99959,33201,0.8668112406252824,0.4674554243563761,796.1589700877578,58.05868368517159,33108,0.8687024284160928,0.4417424864544471,790.5090477395961,50.335445925766614,93,0.1935483870967742,9.621261317443086,2807.531326033342,2807.531326033342,4869,0.22982131854590265,2.4343896373837213,230.70002649725276,80.43359451705788,28332,0.976281236764083,0.129427657759237,893.3359994659228,54.21344011463458,23387,0.8315730961645359,0.5528197987085623,1096.902060572636,69.6804410269684,0.7942144584931913,0.387865973636508,"[""y@t"", ""throughput_1@t"", ""y@t-1"", ""throughput_2@t""]",4,50,6250000.0,4827,0.3432125538387398,59.216499503027016,74.75533416000341
"ar_order=2,capacity=True,disc=quantile,n_bins=50,numeric=True,on_change=capchain,other_lags=2,pool=local,target=buffer_size_2",cg_median,3,99959,33201,0.8668112406252824,0.4674554243563761,796.1589700877578,53.23874019821996,33108,0.8687024284160928,0.4417424864544471,790.5090477395961,45.501963271716804,93,0.1935483870967742,9.621261317443086,2807.531326033342,2807.531326033342,4869,0.22982131854590265,2.4343896373837213,230.70002649725276,80.01702683687935,28332,0.976281236764083,0.129427657759237,893.3359994659228,48.63675383496877,23387,0.8315730961645359,0.5528197987085623,1096.902060572636,63.71024500791038,0.7942144584931913,0.387865973636508,"[""y@t"", ""throughput_1@t"", ""y@t-1"", ""throughput_2@t""]",4,50,6250000.0,4827,0.3432125538387398,59.216499503027016,74.75533416000341
"ar_order=2,capacity=True,disc=quantile,n_bins=50,numeric=True,on_change=capchain,other_lags=2,pool=local,target=buffer_size_2",linear,3,99959,33201,0.8668112406252824,0.4674554243563761,796.1589700877578,26.488466622178237,33108,0.8687024284160928,0.4417424864544471,790.5090477395961,18.676548477764857,93,0.1935483870967742,9.621261317443086,2807.531326033342,2807.531326033342,4869,0.22982131854590265,2.4343896373837213,230.70002649725276,79.03832178759055,28332,0.976281236764083,0.129427657759237,893.3359994659228,17.45750358390376,23387,0.8315730961645359,0.5528197987085623,1096.902060572636,23.639968325304945,0.7942144584931913,0.387865973636508,"[""y@t"", ""throughput_1@t"", ""y@t-1"", ""throughput_2@t""]",4,50,6250000.0,4827,0.3432125538387398,59.216499503027016,74.75533416000341
"ar_order=2,capacity=True,disc=quantile,n_bins=50,numeric=True,on_change=capchain,other_lags=2,pool=local,target=buffer_size_2",clg,3,99959,33201,0.8668112406252824,0.4674554243563761,796.1589700877578,26.488466622178237,33108,0.8687024284160928,0.4417424864544471,790.5090477395961,18.676548477764857,93,0.1935483870967742,9.621261317443086,2807.531326033342,2807.531326033342,4869,0.22982131854590265,2.4343896373837213,230.70002649725276,79.03832178759055,28332,0.976281236764083,0.129427657759237,893.3359994659228,17.45750358390376,23387,0.8315730961645359,0.5528197987085623,1096.902060572636,23.639968325304945,0.7942144584931913,0.387865973636508,"[""y@t"", ""throughput_1@t"", ""y@t-1"", ""throughput_2@t""]",4,50,6250000.0,4827,0.3432125538387398,59.216499503027016,74.75533416000341
"ar_order=2,capacity=True,disc=quantile,n_bins=50,numeric=True,on_change=capchain,other_lags=2,pool=local,target=buffer_size_2",ar,3,99959,33201,0.8534381494533297,0.563156075140791,797.4948226553279,60.76046690035975,33108,0.8552917723812976,0.5424343965071146,791.8540124195508,54.37471760060148,93,0.1935483870967742,7.940073668729629,2805.623266591933,2334.087217614308,4869,0.01889505031834052,2.998291832982468,236.9290536994271,80.13735029477263,28332,0.996858675702386,0.14466546364385752,893.83093479165,57.430449773175084,23387,0.7987343395903708,0.6842872728965061,1098.7063478452906,75.73424765095893,0.7827312657381712,0.387865973636508,"[""y@t"", ""throughput_1@t"", ""y@t-1"", ""throughput_2@t""]",4,50,6250000.0,4827,0.3432125538387398,59.216499503027016,74.75533416000341
"ar_order=2,capacity=True,disc=quantile,n_bins=50,numeric=True,on_change=capchain,other_lags=2,pool=local,target=buffer_size_2",persistence,3,99959,33201,0.8533477907291949,4.052150291059188,796.6264653884901,59.21649950302734,33108,0.8552011598405219,4.000939810008501,790.9700588345062,52.806058958560186,93,0.1935483870967742,22.283081545103663,2810.307198606791,2341.333333333332,4869,0.0,27.63102111592854,238.1313059148191,80.93776956253849,28332,1.0,0.0,892.606732629677,55.48358746293981,23387,0.7950143241972035,5.663963536569952,1098.1152227308514,74.75533416000383,0.7865301118584646,0.387865973636508,"[""y@t"", ""throughput_1@t"", ""y@t-1"", ""throughput_2@t""]",4,50,6250000.0,4827,0.3432125538387398,59.216499503027016,74.75533416000341
"ar_order=2,capacity=True,disc=quantile,n_bins=50,numeric=True,on_change=capchain,other_lags=2,pool=local,target=buffer_size_2",model,4,133160,33558,0.8940640085821563,0.41767583407303066,951.289650319529,56.22045053009544,33464,0.8959777671527612,0.3926636169451788,946.9965157109887,50.9756965503458,94,0.2127659574468085,9.322025131588278,2479.6455709598654,1923.3528673209703,4082,0.2229299363057325,2.6307751520134635,256.7667222635822,89.21422852590743,29476,0.9870063780702945,0.11119356321426936,1047.4710383071927,51.65128911813641,21479,0.8466874621723544,0.5389641640943392,1389.662389917047,75.76329164320558,0.8253000692441472,0.5220036208629608,"[""y@t"", ""throughput_1@t"", ""throughput_1@t-1"", ""throughput_2@t""]",4,50,6250000.0,6581,0.29086953930508375,52.6987007568985,73.93351645793565
"ar_order=2,capacity=True,disc=quantile,n_bins=50,numeric=True,on_change=capchain,other_lags=2,pool=local,target=buffer_size_2",cg_mean,4,133160,33558,0.8940640085821563,0.41767583407303066,951.289650319529,51.95600924594598,33464,0.8959777671527612,0.3926636169451788,946.9965157109887,45.13665654450238,94,0.2127659574468085,9.322025131588278,2479.6455709598654,2479.6455709598654,4082,0.2229299363057325,2.6307751520134635,256.7667222635822,86.49891445178396,29476,0.9870063780702945,0.11119356321426936,1047.4710383071927,47.17231610406001,21479,0.8466874621723544,0.5389641640943392,1389.662389917047,67.00368719536002,0.8253000692441472,0.5220036208629608,"[""y@t"", ""throughput_1@t"", ""throughput_1@t-1"", ""throughput_2@t""]",4,50,6250000.0,6581,0.29086953930508375,52.6987007568985,73.93351645793565
"ar_order=2,capacity=True,disc=quantile,n_bins=50,numeric=True,on_change=capchain,other_lags=2,pool=local,target=buffer_size_2",cg_median,4,133160,33558,0.8940640085821563,0.41767583407303066,951.289650319529,48.493643353901525,33464,0.8959777671527612,0.3926636169451788,946.9965157109887,41.66456490557017,94,0.2127659574468085,9.322025131588278,2479.6455709598654,2479.6455709598654,4082,0.2229299363057325,2.6307751520134635,256.7667222635822,82.86712252241982,29476,0.9870063780702945,0.11119356321426936,1047.4710383071927,43.733413269565396,21479,0.8466874621723544,0.5389641640943392,1389.662389917047,63.81989384980679,0.8253000692441472,0.5220036208629608,"[""y@t"", ""throughput_1@t"", ""throughput_1@t-1"", ""throughput_2@t""]",4,50,6250000.0,6581,0.29086953930508375,52.6987007568985,73.93351645793565
"ar_order=2,capacity=True,disc=quantile,n_bins=50,numeric=True,on_change=capchain,other_lags=2,pool=local,target=buffer_size_2",linear,4,133160,33558,0.8940640085821563,0.41767583407303066,951.289650319529,53.966875476140665,33464,0.8959777671527612,0.3926636169451788,946.9965157109887,47.15317127534369,94,0.2127659574468085,9.322025131588278,2479.6455709598654,2479.6455709598654,4082,0.2229299363057325,2.6307751520134635,256.7667222635822,93.54070321206926,29476,0.9870063780702945,0.11119356321426936,1047.4710383071927,48.486472272922434,21479,0.8466874621723544,0.5389641640943392,1389.662389917047,73.22466597637485,0.8253000692441472,0.5220036208629608,"[""y@t"", ""throughput_1@t"", ""throughput_1@t-1"", ""throughput_2@t""]",4,50,6250000.0,6581,0.29086953930508375,52.6987007568985,73.93351645793565
"ar_order=2,capacity=True,disc=quantile,n_bins=50,numeric=True,on_change=capchain,other_lags=2,pool=local,target=buffer_size_2",clg,4,133160,33558,0.8940640085821563,0.41767583407303066,951.289650319529,53.966875476140665,33464,0.8959777671527612,0.3926636169451788,946.9965157109887,47.15317127534369,94,0.2127659574468085,9.322025131588278,2479.6455709598654,2479.6455709598654,4082,0.2229299363057325,2.6307751520134635,256.7667222635822,93.54070321206926,29476,0.9870063780702945,0.11119356321426936,1047.4710383071927,48.486472272922434,21479,0.8466874621723544,0.5389641640943392,1389.662389917047,73.22466597637485,0.8253000692441472,0.5220036208629608,"[""y@t"", ""throughput_1@t"", ""throughput_1@t-1"", ""throughput_2@t""]",4,50,6250000.0,6581,0.29086953930508375,52.6987007568985,73.93351645793565
"ar_order=2,capacity=True,disc=quantile,n_bins=50,numeric=True,on_change=capchain,other_lags=2,pool=local,target=buffer_size_2",ar,4,133160,33558,0.8789558376542106,0.5021120363276845,950.1079107205037,54.774012411310686,33464,0.8808271575424337,0.4823608154067361,945.835816201629,49.549781822798934,94,0.2127659574468085,7.533546684185312,2470.973559439881,1914.6001019214937,4082,0.028417442430181284,3.1439911382093992,263.4528946111891,94.30334074675132,29476,0.9967431130411182,0.13624996230538972,1045.1997066140516,49.2997717319353,21479,0.8185669723916383,0.6609992478426097,1389.307930593007,75.45411125815514,0.8000574575135722,0.5220036208629608,"[""y@t"", ""throughput_1@t"", ""throughput_1@t-1"", ""throughput_2@t""]",4,50,6250000.0,6581,0.29086953930508375,52.6987007568985,73.93351645793565
"ar_order=2,capacity=True,disc=quantile,n_bins=50,numeric=True,on_change=capchain,other_lags=2,pool=local,target=buffer_size_2",persistence,4,133160,33558,0.8783598545801299,3.3610414266410493,950.9095711774335,52.69870075689852,33464,0.8802295003585943,3.3093812046569933,946.6349143124556,47.45451828830984,94,0.2127659574468085,21.752080452965025,2472.6874151094908,1919.627659574468,4082,0.0,27.631021115928547,265.0766671044706,95.04458598726114,29476,1.0,0.0,1045.8875164354683,46.834407653684366,21479,0.8133991340378974,5.155972467649407,1391.1425093596201,73.93351645793565,0.8052764188080717,0.5220036208629608,"[""y@t"", ""throughput_1@t"", ""throughput_1@t-1"", ""throughput_2@t""]",4,50,6250000.0,6581,0.29086953930508375,52.6987007568985,73.93351645793565
"ar_order=2,capacity=True,disc=quantile,n_bins=50,numeric=True,on_change=capchain,other_lags=2,pool=local,target=buffer_size_2",model,5,166718,33201,0.8812385169121412,0.4259731613810991,8111.5519901623065,45.351321174554364,33108,0.8830796182191615,0.3984448575098067,8107.68523198378,40.47270267698935,93,0.22580645161290322,10.2260493395612,9488.117901717691,1782.1395063076993,4398,0.21418826739427013,2.387189129643254,156.26147585762922,67.52481698752601,28803,0.9830920390237128,0.12651033360562572,9326.264613219348,41.965596264459954,20815,0.8287773240451597,0.5495017715283558,12807.480310239154,61.73375934707314,0.8501283089607837,0.6370461247861385,"[""y@t"", ""throughput_1@t"", ""y@t-1"", ""throughput_2@t""]",4,50,6250000.0,7492,0.19321707177494654,45.42342098129574,64.47307230362719
"ar_order=2,capacity=True,disc=quantile,n_bins=50,numeric=True,on_change=capchain,other_lags=2,pool=local,target=buffer_size_2",cg_mean,5,166718,33201,0.8812385169121412,0.4259731613810991,8111.5519901623065,65.736133016273,33108,0.8830796182191615,0.3984448575098067,8107.68523198378,39.2687684974488,93,0.22580645161290322,10.2260493395612,9488.117901717691,9488.117901717691,4398,0.21418826739427013,2.387189129643254,156.26147585762922,70.63297014904563,28803,0.9830920390237128,0.12651033360562572,9326.264613219348,64.9884230655757,20815,0.8287773240451597,0.5495017715283558,12807.480310239154,60.14356995703104,0.8501283089607837,0.6370461247861385,"[""y@t"", ""throughput_1@t"", ""y@t-1"", ""throughput_2@t""]",4,50,6250000.0,7492,0.19321707177494654,45.42342098129574,64.47307230362719
"ar_order=2,capacity=True,disc=quantile,n_bins=50,numeric=True,on_change=capchain,other_lags=2,pool=local,target=buffer_size_2",cg_median,5,166718,33201,0.8812385169121412,0.4259731613810991,8111.5519901623065,62.17469247491778,33108,0.8830796182191615,0.3984448575098067,8107.68523198378,35.69732390962909,93,0.22580645161290322,10.2260493395612,9488.117901717691,9488.117901717691,4398,0.21418826739427013,2.387189129643254,156.26147585762922,68.90823591402672,28803,0.9830920390237128,0.12651033360562572,9326.264613219348,61.146531379018,20815,0.8287773240451597,0.5495017715283558,12807.480310239154,56.183929858275285,0.8501283089607837,0.6370461247861385,"[""y@t"", ""throughput_1@t"", ""y@t-1"", ""throughput_2@t""]",4,50,6250000.0,7492,0.19321707177494654,45.42342098129574,64.47307230362719
"ar_order=2,capacity=True,disc=quantile,n_bins=50,numeric=True,on_change=capchain,other_lags=2,pool=local,target=buffer_size_2",linear,5,166718,33201,0.8812385169121412,0.4259731613810991,8111.5519901623065,44.69062052898522,33108,0.8830796182191615,0.3984448575098067,8107.68523198378,18.164139402050655,93,0.22580645161290322,10.2260493395612,9488.117901717691,9488.117901717691,4398,0.21418826739427013,2.387189129643254,156.26147585762922,77.56733502853943,28803,0.9830920390237128,0.12651033360562572,9326.264613219348,39.67059517159052,20815,0.8287773240451597,0.5495017715283558,12807.480310239154,26.130360632212,0.8501283089607837,0.6370461247861385,"[""y@t"", ""throughput_1@t"", ""y@t-1"", ""throughput_2@t""]",4,50,6250000.0,7492,0.19321707177494654,45.42342098129574,64.47307230362719
"ar_order=2,capacity=True,disc=quantile,n_bins=50,numeric=True,on_change=capchain,other_lags=2,pool=local,target=buffer_size_2",clg,5,166718,33201,0.8812385169121412,0.4259731613810991,8111.5519901623065,44.69062052898522,33108,0.8830796182191615,0.3984448575098067,8107.68523198378,18.164139402050655,93,0.22580645161290322,10.2260493395612,9488.117901717691,9488.117901717691,4398,0.21418826739427013,2.387189129643254,156.26147585762922,77.56733502853943,28803,0.9830920390237128,0.12651033360562572,9326.264613219348,39.67059517159052,20815,0.8287773240451597,0.5495017715283558,12807.480310239154,26.130360632212,0.8501283089607837,0.6370461247861385,"[""y@t"", ""throughput_1@t"", ""y@t-1"", ""throughput_2@t""]",4,50,6250000.0,7492,0.19321707177494654,45.42342098129574,64.47307230362719
"ar_order=2,capacity=True,disc=quantile,n_bins=50,numeric=True,on_change=capchain,other_lags=2,pool=local,target=buffer_size_2",ar,5,166718,33201,0.8669317189241288,0.5470082058926354,8112.844042093681,46.5202915006084,33108,0.8687326325963514,0.525772778321215,8108.981418061778,41.645185690046475,93,0.22580645161290322,8.106820421318286,9487.938197450969,1782.0579600606482,4398,0.011368804001819008,3.1071968206466725,160.6444079220558,70.31095117425721,28803,0.9975696976009444,0.15608679049534158,9327.084711158946,42.88763791436016,20815,0.7945231803987509,0.7211538134938882,12808.677702678715,64.34605294459206,0.8359680561176296,0.6370461247861385,"[""y@t"", ""throughput_1@t"", ""y@t-1"", ""throughput_2@t""]",4,50,6250000.0,7492,0.19321707177494654,45.42342098129574,64.47307230362719
"ar_order=2,capacity=True,disc=quantile,n_bins=50,numeric=True,on_change=capchain,other_lags=2,pool=local,target=buffer_size_2",persistence,5,166718,33201,0.8675341104183609,3.660167792170529,8107.040816598262,45.42342098129572,33108,0.8693367162015223,3.610359953712302,8103.170692737684,40.5342213362329,93,0.22580645161290322,21.391758283299517,9484.804910964085,1785.9784946236562,4398,0.0,27.631021115928544,163.01264036618622,72.33196907685311,28803,1.0,0.0,9320.033765911481,41.31468944207197,20815,0.7921691088157579,5.742579742854042,12799.784993427405,64.47307230362712,0.8417595260205446,0.6370461247861385,"[""y@t"", ""throughput_1@t"", ""y@t-1"", ""throughput_2@t""]",4,50,6250000.0,7492,0.19321707177494654,45.42342098129574,64.47307230362719
"ar_order=2,capacity=True,disc=quantile,numeric=True,on_change=capchain,other_lags=2,pool=local,target=buffer_size_3",model,1,33200,33558,0.8927230466654748,0.44409633776003427,2103.0549529005593,32.86143033793414,33464,0.8947226870666986,0.41970340593376776,2099.405619723931,29.983992481772663,94,0.18085106382978725,9.12798006791092,3402.217563780122,1057.229307131419,3636,0.13091309130913092,3.3235859330604756,173.26302078991236,77.55673008951248,29922,0.98529510059488,0.0941924486980596,2337.555436329284,27.430238910331077,20714,0.8383701844163368,0.6166547598109066,3012.099033944667,44.44887385329559,0.8647565682991477,0.03470451943576336,"[""y@t"", ""y@t-1""]",2,20,400.0,153,0.0023839322963227845,25.622236128493952,36.69561649126195
"ar_order=2,capacity=True,disc=quantile,numeric=True,on_change=capchain,other_lags=2,pool=local,target=buffer_size_3",cg_mean,1,33200,33558,0.8927230466654748,0.44409633776003427,2103.0549529005593,32.99883541282244,33464,0.8947226870666986,0.41970340593376776,2099.405619723931,23.5347378612289,94,0.18085106382978725,9.12798006791092,3402.217563780122,3402.217563780122,3636,0.13091309130913092,3.3235859330604756,173.26302078991236,100.22320600891355,29922,0.98529510059488,0.0941924486980596,2337.555436329284,24.83000273160503,20714,0.8383701844163368,0.6166547598109066,3012.099033944667,36.44429105414212,0.8647565682991477,0.03470451943576336,"[""y@t"", ""y@t-1""]",2,20,400.0,153,0.0023839322963227845,25.622236128493952,36.69561649126195
"ar_order=2,capacity=True,disc=quantile,numeric=True,on_change=capchain,other_lags=2,pool=local,target=buffer_size_3",cg_median,1,33200,33558,0.8927230466654748,0.44409633776003427,2103.0549529005593,33.79009330101113,33464,0.8947226870666986,0.41970340593376776,2099.405619723931,24.328218383934974,94,0.18085106382978725,9.12798006791092,3402.217563780122,3402.217563780122,3636,0.13091309130913092,3.3235859330604756,173.26302078991236,102.58215873745313,29922,0.98529510059488,0.0941924486980596,2337.555436329284,25.43076070536568,20714,0.8383701844163368,0.6166547598109066,3012.099033944667,37.51168291976441,0.8647565682991477,0.03470451943576336,"[""y@t"", ""y@t-1""]",2,20,400.0,153,0.0023839322963227845,25.622236128493952,36.69561649126195
"ar_order=2,capacity=True,disc=quantile,numeric=True,on_change=capchain,other_lags=2,pool=local,target=buffer_size_3",linear,1,33200,33558,0.8927230466654748,0.44409633776003427,2103.0549529005593,26.860591549624054,33464,0.8947226870666986,0.41970340593376776,2099.405619723931,17.37925173998782,94,0.18085106382978725,9.12798006791092,3402.217563780122,3402.217563780122,3636,0.13091309130913092,3.3235859330604756,173.26302078991236,117.60766863400681,29922,0.98529510059488,0.0941924486980596,2337.555436329284,15.833375044082452,20714,0.8383701844163368,0.6166547598109066,3012.099033944667,25.277057989610533,0.8647565682991477,0.03470451943576336,"[""y@t"", ""y@t-1""]",2,20,400.0,153,0.0023839322963227845,25.622236128493952,36.69561649126195
"ar_order=2,capacity=True,disc=quantile,numeric=True,on_change=capchain,other_lags=2,pool=local,target=buffer_size_3",clg,1,33200,33558,0.8927230466654748,0.44409633776003427,2103.0549529005593,26.860591549624054,33464,0.8947226870666986,0.41970340593376776,2099.405619723931,17.37925173998782,94,0.18085106382978725,9.12798006791092,3402.217563780122,3402.217563780122,3636,0.13091309130913092,3.3235859330604756,173.26302078991236,117.60766863400681,29922,0.98529510059488,0.0941924486980596,2337.555436329284,15.833375044082452,20714,0.8383701844163368,0.6166547598109066,3012.099033944667,25.277057989610533,0.8647565682991477,0.03470451943576336,"[""y@t"", ""y@t-1""]",2,20,400.0,153,0.0023839322963227845,25.622236128493952,36.69561649126195
"ar_order=2,capacity=True,disc=quantile,numeric=True,on_change=capchain,other_lags=2,pool=local,target=buffer_size_3",ar,1,33200,33558,0.8916502771321294,0.49075412856473555,2103.9605237344413,34.0910730489812,33464,0.8936469041357877,0.47266553775400894,2100.311381940569,31.216727040698636,94,0.18085106382978725,6.930292457183402,3403.0550023530554,1057.3582519975746,3636,0.0,3.6428232544536208,177.17703908052357,79.64921420758881,29922,1.0,0.10772748122391655,2338.095432838166,28.555032635482863,20714,0.8281838370184417,0.6944221145291559,3013.198175434647,46.137318548253766,0.8620868621067037,0.03470451943576336,"[""y@t"", ""y@t-1""]",2,20,400.0,153,0.0023839322963227845,25.622236128493952,36.69561649126195
"ar_order=2,capacity=True,disc=quantile,numeric=True,on_change=capchain,other_lags=2,pool=local,target=buffer_size_3",persistence,1,33200,33558,0.8916502771321294,2.9938134804671375,2102.666833963565,25.622236128493956,33464,0.8936469041357877,2.938644637568423,2099.016623655321,22.714349748983985,94,0.18085106382978725,22.633921552409554,3402.1417036985135,1060.829787234043,3636,0.0,27.631021115928544,178.336540440084,80.15731573157319,29922,1.0,0.0,2336.503641237523,18.995354588597017,20714,0.8281838370184417,4.74745602740126,3013.4794988978224,36.695616491261916,0.8620868621067037,0.03470451943576336,"[""y@t"", ""y@t-1""]",2,20,400.0,153,0.0023839322963227845,25.622236128493952,36.69561649126195
"ar_order=2,capacity=True,disc=quantile,numeric=True,on_change=capchain,other_lags=2,pool=local,target=buffer_size_3",model,2,66758,33201,0.8653956206138369,0.45285796603322637,1462.077027523038,39.31305899235946,33108,0.8673130361241996,0.43046841479718195,1458.5864924546931,35.48333988457454,93,0.1827956989247312,8.423538206065041,2704.7075118538496,1402.6930613637908,4885,0.1676560900716479,2.3284574477212447,137.01830756849964,58.176724036155555,28316,0.9857677638084476,0.12928459874808834,1690.672586464199,36.05875034216367,22302,0.8135593220338984,0.5689362042711549,2100.790257414563,48.228463594557454,0.8516694605743631,0.10205321572721004,"[""y@t"", ""throughput_2@t"", ""y@t-1"", ""throughput_2@t-1""]",4,20,160000.0,1192,0.061112617089846694,34.170687629890665,45.016097211012465
"ar_order=2,capacity=True,disc=quantile,numeric=True,on_change=capchain,other_lags=2,pool=local,target=buffer_size_3",cg_mean,2,66758,33201,0.8653956206138369,0.45285796603322637,1462.077027523038,42.407644929196564,33108,0.8673130361241996,0.43046841479718195,1458.5864924546931,34.92927451648686,93,0.1827956989247312,8.423538206065041,2704.7075118538496,2704.7075118538496,4885,0.1676560900716479,2.3284574477212447,137.01830756849964,64.40841848422335,28316,0.9857677638084476,0.12928459874808834,1690.672586464199,38.61213077407912,22302,0.8135593220338984,0.5689362042711549,2100.790257414563,48.525993447480374,0.8516694605743631,0.10205321572721004,"[""y@t"", ""throughput_2@t"", ""y@t-1"", ""throughput_2@t-1""]",4,20,160000.0,1192,0.061112617089846694,34.170687629890665,45.016097211012465
"ar_order=2,capacity=True,disc=quantile,numeric=True,on_change=capchain,other_lags=2,pool=local,target=buffer_size_3",cg_median,2,66758,33201,0.8653956206138369,0.45285796603322637,1462.077027523038,39.88323540262064,33108,0.8673130361241996,0.43046841479718195,1458.5864924546931,32.39777395191494,93,0.1827956989247312,8.423538206065041,2704.7075118538496,2704.7075118538496,4885,0.1676560900716479,2.3284574477212447,137.01830756849964,64.12988630391025,28316,0.9857677638084476,0.12928459874808834,1690.672586464199,35.70026854103003,22302,0.8135593220338984,0.5689362042711549,2100.790257414563,46.45238095238095,0.8516694605743631,0.10205321572721004,"[""y@t"", ""throughput_2@t"", ""y@t-1"", ""throughput_2@t-1""]",4,20,160000.0,1192,0.061112617089846694,34.170687629890665,45.016097211012465
"ar_order=2,capacity=True,disc=quantile,numeric=True,on_change=capchain,other_lags=2,pool=local,target=buffer_size_3",linear,2,66758,33201,0.8653956206138369,0.45285796603322637,1462.077027523038,30.86409109640164,33108,0.8673130361241996,0.43046841479718195,1458.5864924546931,23.353294970678473,93,0.1827956989247312,8.423538206065041,2704.7075118538496,2704.7075118538496,4885,0.1676560900716479,2.3284574477212447,137.01830756849964,74.78984812696935,28316,0.9857677638084476,0.12928459874808834,1690.672586464199,23.28613788640294,22302,0.8135593220338984,0.5689362042711549,2100.790257414563,32.80539284969239,0.8516694605743631,0.10205321572721004,"[""y@t"", ""throughput_2@t"", ""y@t-1"", ""throughput_2@t-1""]",4,20,160000.0,1192,0.061112617089846694,34.170687629890665,45.016097211012465
"ar_order=2,capacity=True,disc=quantile,numeric=True,on_change=capchain,other_lags=2,pool=local,target=buffer_size_3",clg,2,66758,33201,0.8653956206138369,0.45285796603322637,1462.077027523038,30.86409109640164,33108,0.8673130361241996,0.43046841479718195,1458.5864924546931,23.353294970678473,93,0.1827956989247312,8.423538206065041,2704.7075118538496,2704.7075118538496,4885,0.1676560900716479,2.3284574477212447,137.01830756849964,74.78984812696935,28316,0.9857677638084476,0.12928459874808834,1690.672586464199,23.28613788640294,22302,0.8135593220338984,0.5689362042711549,2100.790257414563,32.80539284969239,0.8516694605743631,0.10205321572721004,"[""y@t"", ""throughput_2@t"", ""y@t-1"", ""throughput_2@t-1""]",4,20,160000.0,1192,0.061112617089846694,34.170687629890665,45.016097211012465
"ar_order=2,capacity=True,disc=quantile,numeric=True,on_change=capchain,other_lags=2,pool=local,target=buffer_size_3",ar,2,66758,33201,0.8528658775338093,0.5672265834515373,1466.3226491505009,37.92673910171312,33108,0.8547480971366437,0.551160965430057,1462.84018837439,34.10382189220541,93,0.1827956989247312,6.286586599098548,2706.0786854459725,1398.8852656864542,4885,0.0,2.9703772988864054,142.82021128654523,60.99539402854671,28316,1.0,0.15264149922709416,1694.6497225000353,33.94699693058788,22302,0.7843691148775894,0.7372643425499309,2105.043575741288,47.75835103892762,0.8358181789470154,0.10205321572721004,"[""y@t"", ""throughput_2@t"", ""y@t-1"", ""throughput_2@t-1""]",4,20,160000.0,1192,0.061112617089846694,34.170687629890665,45.016097211012465
"ar_order=2,capacity=True,disc=quantile,numeric=True,on_change=capchain,other_lags=2,pool=local,target=buffer_size_3",persistence,2,66758,33201,0.8528658775338093,4.065466044736935,1465.9092802646803,34.17068762989067,33108,0.8547480971366437,4.0134583951462,1462.410797987959,30.323456566388803,93,0.1827956989247312,22.580189299038377,2711.3689707774015,1403.7849462365589,4885,0.0,27.631021115928544,143.14768622555982,60.76458546571136,28316,1.0,0.0,1694.108545234348,29.58278005367991,22302,0.7843691148775894,5.958101540063689,2104.5095365631455,45.01609721101246,0.8358181789470154,0.10205321572721004,"[""y@t"", ""throughput_2@t"", ""y@t-1"", ""throughput_2@t-1""]",4,20,160000.0,1192,0.061112617089846694,34.170687629890665,45.016097211012465
"ar_order=2,capacity=True,disc=quantile,numeric=True,on_change=capchain,other_lags=2,pool=local,target=buffer_size_3",model,3,99959,33201,0.8953043583024608,0.37761812241198933,1244.249154583482,36.429650379748715,33108,0.8974266038419717,0.3553071419645182,1242.325089584049,33.741398089290776,93,0.13978494623655913,8.320327161711733,1929.2162943816363,993.4474657827757,3930,0.2262086513994911,2.4046634013686257,132.73553874065735,63.562207126609124,29271,0.9851388746540944,0.10546179204064633,1393.4838411422706,32.78676328961987,21406,0.8513500887601607,0.49208962754383023,1872.7921325530554,49.320667530990555,0.8572522794743671,0.15375227481126785,"[""y@t"", ""y@t-1"", ""throughput_2@t"", ""throughput_2@t-1""]",4,20,160000.0,1482,0.013162254148971417,23.591970121381888,32.275203214052134
"ar_order=2,capacity=True,disc=quantile,numeric=True,on_change=capchain,other_lags=2,pool=local,target=buffer_size_3",cg_mean,3,99959,33201,0.8953043583024608,0.37761812241198933,1244.249154583482,30.618295833230967,33108,0.8974266038419717,0.3553071419645182,1242.325089584049,25.285155387870283,93,0.13978494623655913,8.320327161711733,1929.2162943816363,1929.2162943816363,3930,0.2262086513994911,2.4046634013686257,132.73553874065735,68.77705426621888,29271,0.9851388746540944,0.10546179204064633,1393.4838411422706,25.495002449279536,21406,0.8513500887601607,0.49208962754383023,1872.7921325530554,37.05889256679204,0.8572522794743671,0.15375227481126785,"[""y@t"", ""y@t-1"", ""throughput_2@t"", ""throughput_2@t-1""]",4,20,160000.0,1482,0.013162254148971417,23.591970121381888,32.275203214052134
"ar_order=2,capacity=True,disc=quantile,numeric=True,on_change=capchain,other_lags=2,pool=local,target=buffer_size_3",cg_median,3,99959,33201,0.8953043583024608,0.37761812241198933,1244.249154583482,31.671895888000122,33108,0.8974266038419717,0.3553071419645182,1242.325089584049,26.34171499335508,93,0.13978494623655913,8.320327161711733,1929.2162943816363,1929.2162943816363,3930,0.2262086513994911,2.4046634013686257,132.73553874065735,68.88735762383551,29271,0.9851388746540944,0.10546179204064633,1393.4838411422706,26.67525195298482,21406,0.8513500887601607,0.49208962754383023,1872.7921325530554,40.248388302345134,0.8572522794743671,0.15375227481126785,"[""y@t"", ""y@t-1"", ""throughput_2@t"", ""throughput_2@t-1""]",4,20,160000.0,1482,0.013162254148971417,23.591970121381888,32.275203214052134
"ar_order=2,capacity=True,disc=quantile,numeric=True,on_change=capchain,other_lags=2,pool=local,target=buffer_size_3",linear,3,99959,33201,0.8953043583024608,0.37761812241198933,1244.249154583482,22.36702488284333,33108,0.8974266038419717,0.3553071419645182,1242.325089584049,17.01070671009391,93,0.13978494623655913,8.320327161711733,1929.2162943816363,1929.2162943816363,3930,0.2262086513994911,2.4046634013686257,132.73553874065735,84.61440154804046,29271,0.9851388746540944,0.10546179204064633,1393.4838411422706,14.009531449266591,21406,0.8513500887601607,0.49208962754383023,1872.7921325530554,24.74255755194979,0.8572522794743671,0.15375227481126785,"[""y@t"", ""y@t-1"", ""throughput_2@t"", ""throughput_2@t-1""]",4,20,160000.0,1482,0.013162254148971417,23.591970121381888,32.275203214052134
"ar_order=2,capacity=True,disc=quantile,numeric=True,on_change=capchain,other_lags=2,pool=local,target=buffer_size_3",clg,3,99959,33201,0.8953043583024608,0.37761812241198933,1244.249154583482,22.36702488284333,33108,0.8974266038419717,0.3553071419645182,1242.325089584049,17.01070671009391,93,0.13978494623655913,8.320327161711733,1929.2162943816363,1929.2162943816363,3930,0.2262086513994911,2.4046634013686257,132.73553874065735,84.61440154804046,29271,0.9851388746540944,0.10546179204064633,1393.4838411422706,14.009531449266591,21406,0.8513500887601607,0.49208962754383023,1872.7921325530554,24.74255755194979,0.8572522794743671,0.15375227481126785,"[""y@t"", ""y@t-1"", ""throughput_2@t"", ""throughput_2@t-1""]",4,20,160000.0,1482,0.013162254148971417,23.591970121381888,32.275203214052134
"ar_order=2,capacity=True,disc=quantile,numeric=True,on_change=capchain,other_lags=2,pool=local,target=buffer_size_3",ar,3,99959,33201,0.8816300713833921,0.5077333054628794,1254.013063496889,26.207959360811376,33108,0.883713906004591,0.4908544255454267,1252.0855181555576,23.488458284285777,93,0.13978494623655913,6.516614556076031,1940.2192050108793,994.3503426039251,3930,0.0,3.220344008732852,140.93312507415976,65.98622542065061,29271,1.0,0.14353119197680123,1403.4580485674821,20.86722670339727,21406,0.8201438848920863,0.6807894902153053,1887.5009081795079,33.714775498774635,0.8415619601278538,0.15375227481126785,"[""y@t"", ""y@t-1"", ""throughput_2@t"", ""throughput_2@t-1""]",4,20,160000.0,1482,0.013162254148971417,23.591970121381888,32.275203214052134
"ar_order=2,capacity=True,disc=quantile,numeric=True,on_change=capchain,other_lags=2,pool=local,target=buffer_size_3",persistence,3,99959,33201,0.8816300713833921,3.2706819970964482,1257.5867293391052,23.591970121381912,33108,0.883713906004591,3.213103518675997,1255.652949085047,20.867554669566296,93,0.13978494623655913,23.76862031477724,1946.012499783891,993.4838709677421,3930,0.0,27.631021115928547,142.3735631262764,67.05928753180662,29271,1.0,0.0,1407.318127078042,17.75593590926176,21406,0.8201438848920863,4.969608114375638,1892.9283945393117,32.27520321405215,0.8415619601278538,0.15375227481126785,"[""y@t"", ""y@t-1"", ""throughput_2@t"", ""throughput_2@t-1""]",4,20,160000.0,1482,0.013162254148971417,23.591970121381888,32.275203214052134
"ar_order=2,capacity=True,disc=quantile,numeric=True,on_change=capchain,other_lags=2,pool=local,target=buffer_size_3",model,4,133160,33558,0.899010668097026,0.338305185965862,1427.292432315208,36.717039280104885,33464,0.9009383217786278,0.31752568702134915,1423.5751457314668,33.4628976753231,94,0.2127659574468085,7.735806810212432,2750.6464561270473,1195.191450582424,3797,0.2251777719252041,2.313394879953472,190.67943703949976,66.37279501487133,29761,0.9849803434024395,0.08631716244276283,1585.0633251972301,32.93346666746055,20734,0.848316774380245,0.46335060053445815,2258.432340853268,51.23943917560229,0.8857550667218635,0.20552519336342812,"[""y@t"", ""y@t-1"", ""throughput_2@t"", ""throughput_2@t-1""]",4,20,160000.0,1773,0.017223910840932118,30.03936468204303,43.0791453651008
"ar_order=2,capacity=True,disc=quantile,numeric=True,on_change=capchain,other_lags=2,pool=local,target=buffer_size_3",cg_mean,4,133160,33558,0.899010668097026,0.338305185965862,1427.292432315208,31.359194301508744,33464,0.9009383217786278,0.31752568702134915,1423.5751457314668,23.720746936830263,94,0.2127659574468085,7.735806810212432,2750.6464561270473,2750.6464561270473,3797,0.2251777719252041,2.313394879953472,190.67943703949976,84.29035368615024,29761,0.9849803434024395,0.08631716244276283,1585.0633251972301,24.606074037287648,20734,0.848316774380245,0.46335060053445815,2258.432340853268,35.61993395420223,0.8857550667218635,0.20552519336342812,"[""y@t"", ""y@t-1"", ""throughput_2@t"", ""throughput_2@t-1""]",4,20,160000.0,1773,0.017223910840932118,30.03936468204303,43.0791453651008
"ar_order=2,capacity=True,disc=quantile,numeric=True,on_change=capchain,other_lags=2,pool=local,target=buffer_size_3",cg_median,4,133160,33558,0.899010668097026,0.338305185965862,1427.292432315208,30.048431577446284,33464,0.9009383217786278,0.31752568702134915,1423.5751457314668,22.406302295003584,94,0.2127659574468085,7.735806810212432,2750.6464561270473,2750.6464561270473,3797,0.2251777719252041,2.313394879953472,190.67943703949976,82.98021318272825,29761,0.9849803434024395,0.08631716244276283,1585.0633251972301,23.295231928400362,20734,0.848316774380245,0.46335060053445815,2258.432340853268,35.748456641265555,0.8857550667218635,0.20552519336342812,"[""y@t"", ""y@t-1"", ""throughput_2@t"", ""throughput_2@t-1""]",4,20,160000.0,1773,0.017223910840932118,30.03936468204303,43.0791453651008
"ar_order=2,capacity=True,disc=quantile,numeric=True,on_change=capchain,other_lags=2,pool=local,target=buffer_size_3",linear,4,133160,33558,0.899010668097026,0.338305185965862,1427.292432315208,27.010455375047645,33464,0.9009383217786278,0.31752568702134915,1423.5751457314668,19.359792451586976,94,0.2127659574468085,7.735806810212432,2750.6464561270473,2750.6464561270473,3797,0.2251777719252041,2.313394879953472,190.67943703949976,101.14253099596274,29761,0.9849803434024395,0.08631716244276283,1585.0633251972301,17.552456949839666,20734,0.848316774380245,0.46335060053445815,2258.432340853268,29.558280551957857,0.8857550667218635,0.20552519336342812,"[""y@t"", ""y@t-1"", ""throughput_2@t"", ""throughput_2@t-1""]",4,20,160000.0,1773,0.017223910840932118,30.03936468204303,43.0791453651008
"ar_order=2,capacity=True,disc=quantile,numeric=True,on_change=capchain,other_lags=2,pool=local,target=buffer_size_3",clg,4,133160,33558,0.899010668097026,0.338305185965862,1427.292432315208,27.010455375047645,33464,0.9009383217786278,0.31752568702134915,1423.5751457314668,19.359792451586976,94,0.2127659574468085,7.735806810212432,2750.6464561270473,2750.6464561270473,3797,0.2251777719252041,2.313394879953472,190.67943703949976,101.14253099596274,29761,0.9849803434024395,0.08631716244276283,1585.0633251972301,17.552456949839666,20734,0.848316774380245,0.46335060053445815,2258.432340853268,29.558280551957857,0.8857550667218635,0.20552519336342812,"[""y@t"", ""y@t-1"", ""throughput_2@t"", ""throughput_2@t-1""]",4,20,160000.0,1773,0.017223910840932118,30.03936468204303,43.0791453651008
"ar_order=2,capacity=True,disc=quantile,numeric=True,on_change=capchain,other_lags=2,pool=local,target=buffer_size_3",ar,4,133160,33558,0.8868526133857798,0.48373212791567977,1429.2494122205794,33.35456146590456,33464,0.888746115228305,0.4683737430418275,1425.4814901630825,30.036146092079008,94,0.2127659574468085,5.951317143007064,2770.6296646894516,1214.710434547804,3797,0.0,3.290010545869064,199.50319145928736,70.35525458269396,29761,1.0,0.1256984881532725,1586.1442208705114,28.633899130484075,20734,0.8204398572393171,0.6800264139396575,2260.4211275476923,45.98626208003652,0.8712698493995832,0.20552519336342812,"[""y@t"", ""y@t-1"", ""throughput_2@t"", ""throughput_2@t-1""]",4,20,160000.0,1773,0.017223910840932118,30.03936468204303,43.0791453651008
"ar_order=2,capacity=True,disc=quantile,numeric=True,on_change=capchain,other_lags=2,pool=local,target=buffer_size_3",persistence,4,133160,33558,0.8868526133857798,3.126377828749648,1432.3093113908442,30.039364682042955,33464,0.888746115228305,3.074058439355785,1428.5292848931258,26.69145947884286,94,0.2127659574468085,21.752080452965025,2777.998744578576,1221.8936170212771,3797,0.0,27.63102111592855,201.62513693946528,71.90861206215436,29761,1.0,0.0,1589.3237870600717,24.697557205738963,20734,0.8204398572393171,4.9614300961995745,2266.141708010014,43.07914536510065,0.8712698493995832,0.20552519336342812,"[""y@t"", ""y@t-1"", ""throughput_2@t"", ""throughput_2@t-1""]",4,20,160000.0,1773,0.017223910840932118,30.03936468204303,43.0791453651008
"ar_order=2,capacity=True,disc=quantile,numeric=True,on_change=capchain,other_lags=2,pool=local,target=buffer_size_3",model,5,166718,33201,0.8919008463600494,0.36321583273449637,915.451947274333,28.945712116135002,33108,0.8938323063912046,0.3409574138616716,912.5929647496312,25.821531595478607,93,0.20430107526881722,8.287212951460116,1933.2497260681855,1141.1539774698115,4107,0.24299975651327002,2.196702172031734,112.65670392956653,62.356111866869306,29094,0.9835017529387503,0.10439516883493792,1028.7770336982333,24.229395632452256,20097,0.8363934915659054,0.49630277138048257,1469.9480057805645,39.50861234770379,0.884445045535687,0.26638996973633766,"[""y@t"", ""throughput_2@t"", ""y@t-1"", ""throughput_2@t-1""]",4,20,160000.0,1981,0.02030059335562182,22.81175265805247,32.366273573170126
"ar_order=2,capacity=True,disc=quantile,numeric=True,on_change=capchain,other_lags=2,pool=local,target=buffer_size_3",cg_mean,5,166718,33201,0.8919008463600494,0.36321583273449637,915.451947274333,25.180816282969,33108,0.8938323063912046,0.3409574138616716,912.5929647496312,19.82107215435884,93,0.20430107526881722,8.287212951460116,1933.2497260681855,1933.2497260681855,4107,0.24299975651327002,2.196702172031734,112.65670392956653,72.94384109981243,29094,0.9835017529387503,0.10439516883493792,1028.7770336982333,18.438438372651543,20097,0.8363934915659054,0.49630277138048257,1469.9480057805645,29.99971649705516,0.884445045535687,0.26638996973633766,"[""y@t"", ""throughput_2@t"", ""y@t-1"", ""throughput_2@t-1""]",4,20,160000.0,1981,0.02030059335562182,22.81175265805247,32.366273573170126
"ar_order=2,capacity=True,disc=quantile,numeric=True,on_change=capchain,other_lags=2,pool=local,target=buffer_size_3",cg_median,5,166718,33201,0.8919008463600494,0.36321583273449637,915.451947274333,21.399030888357014,33108,0.8938323063912046,0.3409574138616716,912.5929647496312,16.02866376706536,93,0.20430107526881722,8.287212951460116,1933.2497260681855,1933.2497260681855,4107,0.24299975651327002,2.196702172031734,112.65670392956653,71.82181637097804,29094,0.9835017529387503,0.10439516883493792,1028.7770336982333,14.281192846935262,20097,0.8363934915659054,0.49630277138048257,1469.9480057805645,25.82962631238493,0.884445045535687,0.26638996973633766,"[""y@t"", ""throughput_2@t"", ""y@t-1"", ""throughput_2@t-1""]",4,20,160000.0,1981,0.02030059335562182,22.81175265805247,32.366273573170126
"ar_order=2,capacity=True,disc=quantile,numeric=True,on_change=capchain,other_lags=2,pool=local,target=buffer_size_3",linear,5,166718,33201,0.8919008463600494,0.36321583273449637,915.451947274333,21.684268314388913,33108,0.8938323063912046,0.3409574138616716,912.5929647496312,16.31470242182207,93,0.20430107526881722,8.287212951460116,1933.2497260681855,1933.2497260681855,4107,0.24299975651327002,2.196702172031734,112.65670392956653,87.3388805741668,29094,0.9835017529387503,0.10439516883493792,1028.7770336982333,12.416257984049057,20097,0.8363934915659054,0.49630277138048257,1469.9480057805645,24.81829310439067,0.884445045535687,0.26638996973633766,"[""y@t"", ""throughput_2@t"", ""y@t-1"", ""throughput_2@t-1""]",4,20,160000.0,1981,0.02030059335562182,22.81175265805247,32.366273573170126
"ar_order=2,capacity=True,disc=quantile,numeric=True,on_change=capchain,other_lags=2,pool=local,target=buffer_size_3",clg,5,166718,33201,0.8919008463600494,0.36321583273449637,915.451947274333,21.684268314388913,33108,0.8938323063912046,0.3409574138616716,912.5929647496312,16.31470242182207,93,0.20430107526881722,8.287212951460116,1933.2497260681855,1933.2497260681855,4107,0.24299975651327002,2.196702172031734,112.65670392956653,87.3388805741668,29094,0.9835017529387503,0.10439516883493792,1028.7770336982333,12.416257984049057,20097,0.8363934915659054,0.49630277138048257,1469.9480057805645,24.81829310439067,0.884445045535687,0.26638996973633766,"[""y@t"", ""throughput_2@t"", ""y@t-1"", ""throughput_2@t-1""]",4,20,160000.0,1981,0.02030059335562182,22.81175265805247,32.366273573170126
"ar_order=2,capacity=True,disc=quantile,numeric=True,on_change=capchain,other_lags=2,pool=local,target=buffer_size_3",ar,5,166718,33201,0.876298906659438,0.5105129672782586,918.1454913940795,26.46482705405195,33108,0.8781865410172768,0.49494574922448736,915.2900504446652,23.326183730075016,93,0.20430107526881722,6.052442594420817,1934.6824693855756,1143.8218503898381,4107,0.0,3.1154646274839437,120.22599547720365,65.51693330424415,29094,1.0,0.14278984675633843,1030.7823020674355,20.952109642573998,20097,0.7993232820819027,0.723893935254163,1472.9048091749685,35.454080009152314,0.8680521254844219,0.26638996973633766,"[""y@t"", ""throughput_2@t"", ""y@t-1"", ""throughput_2@t-1""]",4,20,160000.0,1981,0.02030059335562182,22.81175265805247,32.366273573170126
"ar_order=2,capacity=True,disc=quantile,numeric=True,on_change=capchain,other_lags=2,pool=local,target=buffer_size_3",persistence,5,166718,33201,0.876298906659438,3.4179875221565177,916.2458325080428,22.811752658052473,33108,0.8781865410172768,3.3658302573559213,913.3784136312105,19.646762111876292,93,0.20430107526881722,21.985973791168945,1937.046952660218,1149.5483870967741,4107,0.0,27.631021115928547,121.79534685897681,66.56391526661797,29094,1.0,0.0,1028.3929468464187,16.63556059668661,20097,0.7993232820819027,5.544902630270181,1471.308492584996,32.366273573170126,0.8680521254844219,0.26638996973633766,"[""y@t"", ""throughput_2@t"", ""y@t-1"", ""throughput_2@t-1""]",4,20,160000.0,1981,0.02030059335562182,22.81175265805247,32.366273573170126
"ar_order=2,capacity=True,disc=quantile,n_bins=50,numeric=True,on_change=capchain,other_lags=2,pool=local,target=buffer_size_3",model,1,33200,33558,0.7754037785326897,0.7754257529904964,1332.1715700262823,35.667125322845806,33464,0.7770738704279225,0.7496566961946404,1330.625741415534,32.798498148030866,94,0.18085106382978725,9.949209972315211,1882.4865554526536,1056.8983995569624,8197,0.17994388190801514,2.4282983864681325,72.35176882896602,37.46947729097529,25361,0.9678640432159615,0.2411961494016716,1739.3614643685557,35.0845820839058,20714,0.6661195326832094,1.0339013968971238,1865.5512283811381,49.70628075937559,0.6804454931133711,0.07656636461615562,"[""y@t"", ""throughput_2@t"", ""y@t-1""]",3,50,125000.0,1316,0.19190654985398414,25.622236128493952,36.69561649126195
"ar_order=2,capacity=True,disc=quantile,n_bins=50,numeric=True,on_change=capchain,other_lags=2,pool=local,target=buffer_size_3",cg_mean,1,33200,33558,0.7754037785326897,0.7754257529904964,1332.1715700262823,33.73765480547483,33464,0.7770738704279225,0.7496566961946404,1330.625741415534,28.54453991601647,94,0.18085106382978725,9.949209972315211,1882.4865554526536,1882.4865554526536,8197,0.17994388190801514,2.4282983864681325,72.35176882896602,37.37810561588326,25361,0.9678640432159615,0.2411961494016716,1739.3614643685557,32.561014480057146,20714,0.6661195326832094,1.0339013968971238,1865.5512283811381,41.783356320767005,0.6804454931133711,0.07656636461615562,"[""y@t"", ""throughput_2@t"", ""y@t-1""]",3,50,125000.0,1316,0.19190654985398414,25.622236128493952,36.69561649126195
"ar_order=2,capacity=True,disc=quantile,n_bins=50,numeric=True,on_change=capchain,other_lags=2,pool=local,target=buffer_size_3",cg_median,1,33200,33558,0.7754037785326897,0.7754257529904964,1332.1715700262823,40.70067453997704,33464,0.7770738704279225,0.7496566961946404,1330.625741415534,35.52711869471671,94,0.18085106382978725,9.949209972315211,1882.4865554526536,1882.4865554526536,8197,0.17994388190801514,2.4282983864681325,72.35176882896602,37.81473337189151,25361,0.9678640432159615,0.2411961494016716,1739.3614643685557,41.6334476859412,20714,0.6661195326832094,1.0339013968971238,1865.5512283811381,53.075166554021436,0.6804454931133711,0.07656636461615562,"[""y@t"", ""throughput_2@t"", ""y@t-1""]",3,50,125000.0,1316,0.19190654985398414,25.622236128493952,36.69561649126195
"ar_order=2,capacity=True,disc=quantile,n_bins=50,numeric=True,on_change=capchain,other_lags=2,pool=local,target=buffer_size_3",linear,1,33200,33558,0.7754037785326897,0.7754257529904964,1332.1715700262823,22.632426220951306,33464,0.7770738704279225,0.7496566961946404,1330.625741415534,17.408116869176865,94,0.18085106382978725,9.949209972315211,1882.4865554526536,1882.4865554526536,8197,0.17994388190801514,2.4282983864681325,72.35176882896602,45.5303654383908,25361,0.9678640432159615,0.2411961494016716,1739.3614643685557,15.231519010456791,20714,0.6661195326832094,1.0339013968971238,1865.5512283811381,25.283186285706698,0.6804454931133711,0.07656636461615562,"[""y@t"", ""throughput_2@t"", ""y@t-1""]",3,50,125000.0,1316,0.19190654985398414,25.622236128493952,36.69561649126195
"ar_order=2,capacity=True,disc=quantile,n_bins=50,numeric=True,on_change=capchain,other_lags=2,pool=local,target=buffer_size_3",clg,1,33200,33558,0.7754037785326897,0.7754257529904964,1332.1715700262823,22.632426220951306,33464,0.7770738704279225,0.7496566961946404,1330.625741415534,17.408116869176865,94,0.18085106382978725,9.949209972315211,1882.4865554526536,1882.4865554526536,8197,0.17994388190801514,2.4282983864681325,72.35176882896602,45.5303654383908,25361,0.9678640432159615,0.2411961494016716,1739.3614643685557,15.231519010456791,20714,0.6661195326832094,1.0339013968971238,1865.5512283811381,25.283186285706698,0.6804454931133711,0.07656636461615562,"[""y@t"", ""throughput_2@t"", ""y@t-1""]",3,50,125000.0,1316,0.19190654985398414,25.622236128493952,36.69561649126195
"ar_order=2,capacity=True,disc=quantile,n_bins=50,numeric=True,on_change=capchain,other_lags=2,pool=local,target=buffer_size_3",ar,1,33200,33558,0.7569879015435962,0.8528496343342247,1330.9182933456425,30.839733394590414,33464,0.7586361463064786,0.8311369200244108,1329.366293476501,27.95519569123997,94,0.1702127659574468,8.582575928628007,1883.4302467601012,1057.7351557873478,8197,0.03550079297303892,2.751519049795463,73.98253694352444,38.33886940715513,25361,0.9901817751665943,0.23917536287269828,1737.176027473956,28.415916593399892,20714,0.6219947861349812,1.166093144267879,1864.5596962939496,41.461609073987894,0.6599542242697208,0.07656636461615562,"[""y@t"", ""throughput_2@t"", ""y@t-1""]",3,50,125000.0,1316,0.19190654985398414,25.622236128493952,36.69561649126195
"ar_order=2,capacity=True,disc=quantile,n_bins=50,numeric=True,on_change=capchain,other_lags=2,pool=local,target=buffer_size_3",persistence,1,33200,33558,0.7557363370880267,6.749254427774787,1336.2814889048745,25.622236128494098,33464,0.757381066220416,6.703808882387756,1334.7224100510234,22.71434974898413,94,0.1702127659574468,22.92786858555773,1891.3135608758594,1060.829787234042,8197,0.0,27.631021115928547,74.92663785509117,39.044528486031474,25361,1.0,0.0,1743.96753101895,21.28397933835436,20714,0.6080428695568215,10.830175747814225,1872.3298415454663,36.695616491262,0.672224919596419,0.07656636461615562,"[""y@t"", ""throughput_2@t"", ""y@t-1""]",3,50,125000.0,1316,0.19190654985398414,25.622236128493952,36.69561649126195
"ar_order=2,capacity=True,disc=quantile,n_bins=50,numeric=True,on_change=capchain,other_lags=2,pool=local,target=buffer_size_3",model,2,66758,33201,0.7481401162615584,0.7461746514750491,742.2304185568514,34.92253797715063,33108,0.7498489790987073,0.7175159830434217,738.7978426111167,31.055690308059898,93,0.13978494623655913,10.948660613134434,1964.2274552384426,1411.5203081734496,9114,0.28648233486943164,2.014643247564813,73.04379822654442,33.90924135927618,24087,0.9228214389504712,0.2662135610627058,995.4361667899406,35.30594750823826,22302,0.6890413415837144,0.8988130055015032,1059.8919842740777,41.851133896115165,0.6980780312235517,0.15587593242526054,"[""y@t"", ""throughput_2@t"", ""throughput_2@t-1"", ""throughput_3@t""]",4,50,6250000.0,2960,0.1887894942923406,34.170687629890665,45.016097211012465
"ar_order=2,capacity=True,disc=quantile,n_bins=50,numeric=True,on_change=capchain,other_lags=2,pool=local,target=buffer_size_3",cg_mean,2,66758,33201,0.7481401162615584,0.7461746514750491,742.2304185568514,35.33942207992002,33108,0.7498489790987073,0.7175159830434217,738.7978426111167,29.92119726767698,93,0.13978494623655913,10.948660613134434,1964.2274552384426,1964.2274552384426,9114,0.28648233486943164,2.014643247564813,73.04379822654442,37.33901660787388,24087,0.9228214389504712,0.2662135610627058,995.4361667899406,34.582818745018564,22302,0.6890413415837144,0.8988130055015032,1059.8919842740777,41.11283474677608,0.6980780312235517,0.15587593242526054,"[""y@t"", ""throughput_2@t"", ""throughput_2@t-1"", ""throughput_3@t""]",4,50,6250000.0,2960,0.1887894942923406,34.170687629890665,45.016097211012465
"ar_order=2,capacity=True,disc=quantile,n_bins=50,numeric=True,on_change=capchain,other_lags=2,pool=local,target=buffer_size_3",cg_median,2,66758,33201,0.7481401162615584,0.7461746514750491,742.2304185568514,31.152801220962477,33108,0.7498489790987073,0.7175159830434217,738.7978426111167,25.722816237767308,93,0.13978494623655913,10.948660613134434,1964.2274552384426,1964.2274552384426,9114,0.28648233486943164,2.014643247564813,73.04379822654442,36.896613094103884,24087,0.9228214389504712,0.2662135610627058,995.4361667899406,28.979466998692757,22302,0.6890413415837144,0.8988130055015032,1059.8919842740777,37.59570890503094,0.6980780312235517,0.15587593242526054,"[""y@t"", ""throughput_2@t"", ""throughput_2@t-1"", ""throughput_3@t""]",4,50,6250000.0,2960,0.1887894942923406,34.170687629890665,45.016097211012465
"ar_order=2,capacity=True,disc=quantile,n_bins=50,numeric=True,on_change=capchain,other_lags=2,pool=local,target=buffer_size_3",linear,2,66758,33201,0.7481401162615584,0.7461746514750491,742.2304185568514,35.61631976253375,33108,0.7498489790987073,0.7175159830434217,738.7978426111167,30.19887275276996,93,0.13978494623655913,10.948660613134434,1964.2274552384426,1964.2274552384426,9114,0.28648233486943164,2.014643247564813,73.04379822654442,40.05310466643031,24087,0.9228214389504712,0.2662135610627058,995.4361667899406,33.9375362853837,22302,0.6890413415837144,0.8988130055015032,1059.8919842740777,44.73491253329973,0.6980780312235517,0.15587593242526054,"[""y@t"", ""throughput_2@t"", ""throughput_2@t-1"", ""throughput_3@t""]",4,50,6250000.0,2960,0.1887894942923406,34.170687629890665,45.016097211012465
"ar_order=2,capacity=True,disc=quantile,n_bins=50,numeric=True,on_change=capchain,other_lags=2,pool=local,target=buffer_size_3",clg,2,66758,33201,0.7481401162615584,0.7461746514750491,742.2304185568514,35.61631976253375,33108,0.7498489790987073,0.7175159830434217,738.7978426111167,30.19887275276996,93,0.13978494623655913,10.948660613134434,1964.2274552384426,1964.2274552384426,9114,0.28648233486943164,2.014643247564813,73.04379822654442,40.05310466643031,24087,0.9228214389504712,0.2662135610627058,995.4361667899406,33.9375362853837,22302,0.6890413415837144,0.8988130055015032,1059.8919842740777,44.73491253329973,0.6980780312235517,0.15587593242526054,"[""y@t"", ""throughput_2@t"", ""throughput_2@t-1"", ""throughput_3@t""]",4,50,6250000.0,2960,0.1887894942923406,34.170687629890665,45.016097211012465
"ar_order=2,capacity=True,disc=quantile,n_bins=50,numeric=True,on_change=capchain,other_lags=2,pool=local,target=buffer_size_3",ar,2,66758,33201,0.7272070118369929,0.8759815032543801,742.8273239762649,35.742451629378024,33108,0.7287966654584994,0.8534337857774573,739.4026123835494,31.884960289207015,93,0.16129032258064516,8.902968925038792,1962.0246509829942,1409.0093687302572,9114,0.05573842440201887,2.483698664760513,76.95857153703503,37.05303890254913,24087,0.9812762070826587,0.26765609079260005,994.7776627370545,35.2465537422322,22302,0.6172092189041342,1.1113981139507627,1061.0713693916439,44.60473768268546,0.6721661096839382,0.15587593242526054,"[""y@t"", ""throughput_2@t"", ""throughput_2@t-1"", ""throughput_3@t""]",4,50,6250000.0,2960,0.1887894942923406,34.170687629890665,45.016097211012465
"ar_order=2,capacity=True,disc=quantile,n_bins=50,numeric=True,on_change=capchain,other_lags=2,pool=local,target=buffer_size_3",persistence,2,66758,33201,0.7254901960784313,7.584986188686268,741.6354225014913,34.17068762989077,33108,0.7270750271837623,7.54119568694969,738.2130145674286,30.323456566388895,93,0.16129032258064516,23.174404806907813,1960.0126470278185,1403.784946236559,9114,0.0,27.63102111592855,76.79768585553623,36.309414088215924,24087,1.0,0.0,993.1956471783391,33.36143978079477,22302,0.5948345439870864,11.195135270537637,1060.1178844252465,45.01609721101259,0.6895210318067643,0.15587593242526054,"[""y@t"", ""throughput_2@t"", ""throughput_2@t-1"", ""throughput_3@t""]",4,50,6250000.0,2960,0.1887894942923406,34.170687629890665,45.016097211012465
"ar_order=2,capacity=True,disc=quantile,n_bins=50,numeric=True,on_change=capchain,other_lags=2,pool=local,target=buffer_size_3",model,3,99959,33201,0.7879883136050119,0.6865294922704841,463.46159020268476,26.163946632742537,33108,0.7898695179412831,0.6565324728195149,461.7056029006242,23.457127051335476,93,0.11827956989247312,11.365468416815535,1088.593069736265,989.7917176136556,8010,0.216354556803995,2.151056694292954,63.10393681117841,34.69034284266401,25191,0.969751101583899,0.22085274707577235,590.7635950324242,23.452802428801803,21406,0.6944781836868168,0.9006631541448948,698.8806836695348,33.44959330555795,0.7009420947292444,0.3627572041004896,"[""y@t"", ""throughput_2@t"", ""y@t-1"", ""throughput_2@t-1""]",4,50,6250000.0,4344,0.09201530074395349,23.591970121381888,32.275203214052134
"ar_order=2,capacity=True,disc=quantile,n_bins=50,numeric=True,on_change=capchain,other_lags=2,pool=local,target=buffer_size_3",cg_mean,3,99959,33201,0.7879883136050119,0.6865294922704841,463.46159020268476,24.78756956072594,33108,0.7898695179412831,0.6565324728195149,461.7056029006242,21.799351863603643,93,0.11827956989247312,11.365468416815535,1088.593069736265,1088.593069736265,8010,0.216354556803995,2.151056694292954,63.10393681117841,35.023334407991754,25191,0.969751101583899,0.22085274707577235,590.7635950324242,21.532896208076224,21406,0.6944781836868168,0.9006631541448948,698.8806836695348,31.15599511227691,0.7009420947292444,0.3627572041004896,"[""y@t"", ""throughput_2@t"", ""y@t-1"", ""throughput_2@t-1""]",4,50,6250000.0,4344,0.09201530074395349,23.591970121381888,32.275203214052134
"ar_order=2,capacity=True,disc=quantile,n_bins=50,numeric=True,on_change=capchain,other_lags=2,pool=local,target=buffer_size_3",cg_median,3,99959,33201,0.7879883136050119,0.6865294922704841,463.46159020268476,23.200299854988483,33108,0.7898695179412831,0.6565324728195149,461.7056029006242,20.20762353509726,93,0.11827956989247312,11.365468416815535,1088.593069736265,1088.593069736265,8010,0.216354556803995,2.151056694292954,63.10393681117841,35.12433297765662,25191,0.969751101583899,0.22085274707577235,590.7635950324242,19.40880665056739,21406,0.6944781836868168,0.9006631541448948,698.8806836695348,30.817738017378304,0.7009420947292444,0.3627572041004896,"[""y@t"", ""throughput_2@t"", ""y@t-1"", ""throughput_2@t-1""]",4,50,6250000.0,4344,0.09201530074395349,23.591970121381888,32.275203214052134
"ar_order=2,capacity=True,disc=quantile,n_bins=50,numeric=True,on_change=capchain,other_lags=2,pool=local,target=buffer_size_3",linear,3,99959,33201,0.7879883136050119,0.6865294922704841,463.46159020268476,20.012337979074786,33108,0.7898695179412831,0.6565324728195149,461.7056029006242,17.010706710093913,93,0.11827956989247312,11.365468416815535,1088.593069736265,1088.593069736265,8010,0.216354556803995,2.151056694292954,63.10393681117841,42.82031442499175,25191,0.969751101583899,0.22085274707577235,590.7635950324242,12.760069655792861,21406,0.6944781836868168,0.9006631541448948,698.8806836695348,24.742557551949783,0.7009420947292444,0.3627572041004896,"[""y@t"", ""throughput_2@t"", ""y@t-1"", ""throughput_2@t-1""]",4,50,6250000.0,4344,0.09201530074395349,23.591970121381888,32.275203214052134
"ar_order=2,capacity=True,disc=quantile,n_bins=50,numeric=True,on_change=capchain,other_lags=2,pool=local,target=buffer_size_3",clg,3,99959,33201,0.7879883136050119,0.6865294922704841,463.46159020268476,20.012337979074786,33108,0.7898695179412831,0.6565324728195149,461.7056029006242,17.010706710093913,93,0.11827956989247312,11.365468416815535,1088.593069736265,1088.593069736265,8010,0.216354556803995,2.151056694292954,63.10393681117841,42.82031442499175,25191,0.969751101583899,0.22085274707577235,590.7635950324242,12.760069655792861,21406,0.6944781836868168,0.9006631541448948,698.8806836695348,24.742557551949783,0.7009420947292444,0.3627572041004896,"[""y@t"", ""throughput_2@t"", ""y@t-1"", ""throughput_2@t-1""]",4,50,6250000.0,4344,0.09201530074395349,23.591970121381888,32.275203214052134
"ar_order=2,capacity=True,disc=quantile,n_bins=50,numeric=True,on_change=capchain,other_lags=2,pool=local,target=buffer_size_3",ar,3,99959,33201,0.7581096954910996,0.8410601595824776,464.1585244908491,25.197455339466888,33108,0.7599371753050622,0.8174684751811112,462.3954665278377,22.47804058157248,93,0.10752688172043011,9.239699806468948,1091.807159322915,993.3091091498749,8010,0.027340823970037453,2.6176699750257284,65.58900596485508,35.89726834124896,25191,0.9904727879004407,0.27615028614750337,590.8919548188715,21.795228268517956,21406,0.6396337475474166,1.1029941251896909,699.8437439647147,32.05992483712868,0.6561405633091048,0.3627572041004896,"[""y@t"", ""throughput_2@t"", ""y@t-1"", ""throughput_2@t-1""]",4,50,6250000.0,4344,0.09201530074395349,23.591970121381888,32.275203214052134
"ar_order=2,capacity=True,disc=quantile,n_bins=50,numeric=True,on_change=capchain,other_lags=2,pool=local,target=buffer_size_3",persistence,3,99959,33201,0.7587422065600433,6.666199184921769,464.8587991972021,23.591970121381927,33108,0.7605714630904917,6.615654959102501,463.09524762655894,20.86755466956631,93,0.10752688172043011,24.659943576581384,1092.6831583461535,993.483870967742,8010,0.0,27.631021115928547,66.8207244503952,36.990262172284645,25191,1.0,0.0,591.423245972714,19.331705767933045,21406,0.6296832663739138,10.232229486404073,701.0227604155567,32.27520321405219,0.6740516424233642,0.3627572041004896,"[""y@t"", ""throughput_2@t"", ""y@t-1"", ""throughput_2@t-1""]",4,50,6250000.0,4344,0.09201530074395349,23.591970121381888,32.275203214052134
"ar_order=2,capacity=True,disc=quantile,n_bins=50,numeric=True,on_change=capchain,other_lags=2,pool=local,target=buffer_size_3",model,4,133160,33558,0.8171821920257465,0.571497711830631,493.7521249189089,38.15030698476734,33464,0.8189696390150609,0.5452098484259524,491.4603571571695,34.89754011445954,94,0.18085106382978725,9.929977083896178,1309.6214480982105,1196.1353128143492,7600,0.29368421052631577,1.9554003766254153,82.56320268785174,36.34679017875593,25958,0.9704522690500038,0.1663177961036735,614.1402830572877,38.67834179968709,20734,0.7269701938844411,0.7755288264597958,744.9786655669375,53.25927581968128,0.7397160368647547,0.5150509905070066,"[""y@t"", ""throughput_2@t"", ""throughput_2@t-1"", ""y@t-1""]",4,50,6250000.0,5091,0.044609333094940105,30.03936468204303,43.0791453651008
"ar_order=2,capacity=True,disc=quantile,n_bins=50,numeric=True,on_change=capchain,other_lags=2,pool=local,target=buffer_size_3",cg_mean,4,133160,33558,0.8171821920257465,0.571497711830631,493.7521249189089,29.79921274512053,33464,0.8189696390150609,0.5452098484259524,491.4603571571695,26.20420646603882,94,0.18085106382978725,9.929977083896178,1309.6214480982105,1309.6214480982105,7600,0.29368421052631577,1.9554003766254153,82.56320268785174,37.96552589025371,25958,0.9704522690500038,0.1663177961036735,614.1402830572877,27.408274309840003,20734,0.7269701938844411,0.7755288264597958,744.9786655669375,39.63253009310082,0.7397160368647547,0.5150509905070066,"[""y@t"", ""throughput_2@t"", ""throughput_2@t-1"", ""y@t-1""]",4,50,6250000.0,5091,0.044609333094940105,30.03936468204303,43.0791453651008
"ar_order=2,capacity=True,disc=quantile,n_bins=50,numeric=True,on_change=capchain,other_lags=2,pool=local,target=buffer_size_3",cg_median,4,133160,33558,0.8171821920257465,0.571497711830631,493.7521249189089,28.802444011002795,33464,0.8189696390150609,0.5452098484259524,491.4603571571695,25.204637819746594,94,0.18085106382978725,9.929977083896178,1309.6214480982105,1309.6214480982105,7600,0.29368421052631577,1.9554003766254153,82.56320268785174,38.42686529556863,25958,0.9704522690500038,0.1663177961036735,614.1402830572877,25.98459973321944,20734,0.7269701938844411,0.7755288264597958,744.9786655669375,40.291791260731166,0.7397160368647547,0.5150509905070066,"[""y@t"", ""throughput_2@t"", ""throughput_2@t-1"", ""y@t-1""]",4,50,6250000.0,5091,0.044609333094940105,30.03936468204303,43.0791453651008
"ar_order=2,capacity=True,disc=quantile,n_bins=50,numeric=True,on_change=capchain,other_lags=2,pool=local,target=buffer_size_3",linear,4,133160,33558,0.8171821920257465,0.571497711830631,493.7521249189089,22.97397075872037,33464,0.8189696390150609,0.5452098484259524,491.4603571571695,19.35979245158697,94,0.18085106382978725,9.929977083896178,1309.6214480982105,1309.6214480982105,7600,0.29368421052631577,1.9554003766254153,82.56320268785174,46.48290510354694,25958,0.9704522690500038,0.1663177961036735,614.1402830572877,16.091009782501786,20734,0.7269701938844411,0.7755288264597958,744.9786655669375,29.558280551957846,0.7397160368647547,0.5150509905070066,"[""y@t"", ""throughput_2@t"", ""throughput_2@t-1"", ""y@t-1""]",4,50,6250000.0,5091,0.044609333094940105,30.03936468204303,43.0791453651008
"ar_order=2,capacity=True,disc=quantile,n_bins=50,numeric=True,on_change=capchain,other_lags=2,pool=local,target=buffer_size_3",clg,4,133160,33558,0.8171821920257465,0.571497711830631,493.7521249189089,22.97397075872037,33464,0.8189696390150609,0.5452098484259524,491.4603571571695,19.35979245158697,94,0.18085106382978725,9.929977083896178,1309.6214480982105,1309.6214480982105,7600,0.29368421052631577,1.9554003766254153,82.56320268785174,46.48290510354694,25958,0.9704522690500038,0.1663177961036735,614.1402830572877,16.091009782501786,20734,0.7269701938844411,0.7755288264597958,744.9786655669375,29.558280551957846,0.7397160368647547,0.5150509905070066,"[""y@t"", ""throughput_2@t"", ""throughput_2@t-1"", ""y@t-1""]",4,50,6250000.0,5091,0.044609333094940105,30.03936468204303,43.0791453651008
"ar_order=2,capacity=True,disc=quantile,n_bins=50,numeric=True,on_change=capchain,other_lags=2,pool=local,target=buffer_size_3",ar,4,133160,33558,0.7743906073067525,0.7581008666559406,495.63343544574514,32.207624190588724,33464,0.7759980874970117,0.7379740739435732,493.31446024891204,28.86921350477526,94,0.20212765957446807,7.923239072258752,1321.1886055183377,1220.6818283401828,7600,0.02526315789473684,2.5600952247294115,86.67113573848695,39.12756436032935,25958,0.9937206256260113,0.23051179502644759,615.3696816039686,30.181599639774763,20734,0.6460885502073889,1.027862778043024,748.5105456479598,43.21058911184677,0.6890584624877342,0.5150509905070066,"[""y@t"", ""throughput_2@t"", ""throughput_2@t-1"", ""y@t-1""]",4,50,6250000.0,5091,0.044609333094940105,30.03936468204303,43.0791453651008
"ar_order=2,capacity=True,disc=quantile,n_bins=50,numeric=True,on_change=capchain,other_lags=2,pool=local,target=buffer_size_3",persistence,4,133160,33558,0.7735264318493354,6.2576959437706945,495.6563211070808,30.03936468204308,33464,0.7751314845804447,6.213346697865238,493.3366528691325,26.691459478842983,94,0.20212765957446807,22.0460274861132,1321.4582138166838,1221.8936170212762,7600,0.0,27.63102111592855,87.93416049601811,40.036184210526315,25958,1.0,0.0,615.0294785400138,27.112489405963537,20734,0.637069547602971,10.02813899379581,749.1353580448055,43.07914536510085,0.6984778332203234,0.5150509905070066,"[""y@t"", ""throughput_2@t"", ""throughput_2@t-1"", ""y@t-1""]",4,50,6250000.0,5091,0.044609333094940105,30.03936468204303,43.0791453651008
"ar_order=2,capacity=True,disc=quantile,n_bins=50,numeric=True,on_change=capchain,other_lags=2,pool=local,target=buffer_size_3",model,5,166718,33201,0.8014216439263877,0.6552893356671394,482.64002353497955,25.197304706427623,33108,0.8032499697958198,0.6258600712642449,479.1942496286205,22.065333299871245,93,0.15053763440860216,11.132107463097594,1709.3355341987792,1140.179125440499,7658,0.2793157482371376,2.1239164998411253,71.35043336241938,38.134794033736476,25543,0.9579532552949928,0.21498291812634998,605.9480015149139,21.318539750528505,20097,0.7068219137184655,0.8884938370523877,767.5382172154154,33.49805091462139,0.7281074686552762,0.6360414922237396,"[""y@t"", ""throughput_2@t"", ""throughput_2@t-1"", ""y@t-1""]",4,50,6250000.0,5690,0.0754194150778591,22.81175265805247,32.366273573170126
"ar_order=2,capacity=True,disc=quantile,n_bins=50,numeric=True,on_change=capchain,other_lags=2,pool=local,target=buffer_size_3",cg_mean,5,166718,33201,0.8014216439263877,0.6552893356671394,482.64002353497955,24.860857264132918,33108,0.8032499697958198,0.6258600712642449,479.1942496286205,20.129186823305258,93,0.15053763440860216,11.132107463097594,1709.3355341987792,1709.3355341987792,7658,0.2793157482371376,2.1239164998411253,71.35043336241938,41.5263048003753,25543,0.9579532552949928,0.21498291812634998,605.9480015149139,19.864419992373758,20097,0.7068219137184655,0.8884938370523877,767.5382172154154,30.70144202971936,0.7281074686552762,0.6360414922237396,"[""y@t"", ""throughput_2@t"", ""throughput_2@t-1"", ""y@t-1""]",4,50,6250000.0,5690,0.0754194150778591,22.81175265805247,32.366273573170126
"ar_order=2,capacity=True,disc=quantile,n_bins=50,numeric=True,on_change=capchain,other_lags=2,pool=local,target=buffer_size_3",cg_median,5,166718,33201,0.8014216439263877,0.6552893356671394,482.64002353497955,21.01964412760117,33108,0.8032499697958198,0.6258600712642449,479.1942496286205,16.277183762232692,93,0.15053763440860216,11.132107463097594,1709.3355341987792,1709.3355341987792,7658,0.2793157482371376,2.1239164998411253,71.35043336241938,40.286964338925216,25543,0.9579532552949928,0.21498291812634998,605.9480015149139,15.243144179344522,20097,0.7068219137184655,0.8884938370523877,767.5382172154154,26.023834403144747,0.7281074686552762,0.6360414922237396,"[""y@t"", ""throughput_2@t"", ""throughput_2@t-1"", ""y@t-1""]",4,50,6250000.0,5690,0.0754194150778591,22.81175265805247,32.366273573170126
"ar_order=2,capacity=True,disc=quantile,n_bins=50,numeric=True,on_change=capchain,other_lags=2,pool=local,target=buffer_size_3",linear,5,166718,33201,0.8014216439263877,0.6552893356671394,482.64002353497955,21.05705769290598,33108,0.8032499697958198,0.6258600712642449,479.1942496286205,16.31470242182207,93,0.15053763440860216,11.132107463097594,1709.3355341987792,1709.3355341987792,7658,0.2793157482371376,2.1239164998411253,71.35043336241938,49.151926818347015,25543,0.9579532552949928,0.21498291812634998,605.9480015149139,12.633986488950791,20097,0.7068219137184655,0.8884938370523877,767.5382172154154,24.818293104390666,0.7281074686552762,0.6360414922237396,"[""y@t"", ""throughput_2@t"", ""throughput_2@t-1"", ""y@t-1""]",4,50,6250000.0,5690,0.0754194150778591,22.81175265805247,32.366273573170126
"ar_order=2,capacity=True,disc=quantile,n_bins=50,numeric=True,on_change=capchain,other_lags=2,pool=local,target=buffer_size_3",clg,5,166718,33201,0.8014216439263877,0.6552893356671394,482.64002353497955,21.05705769290598,33108,0.8032499697958198,0.6258600712642449,479.1942496286205,16.31470242182207,93,0.15053763440860216,11.132107463097594,1709.3355341987792,1709.3355341987792,7658,0.2793157482371376,2.1239164998411253,71.35043336241938,49.151926818347015,25543,0.9579532552949928,0.21498291812634998,605.9480015149139,12.633986488950791,20097,0.7068219137184655,0.8884938370523877,767.5382172154154,24.818293104390666,0.7281074686552762,0.6360414922237396,"[""y@t"", ""throughput_2@t"", ""throughput_2@t-1"", ""y@t-1""]",4,50,6250000.0,5690,0.0754194150778591,22.81175265805247,32.366273573170126
"ar_order=2,capacity=True,disc=quantile,n_bins=50,numeric=True,on_change=capchain,other_lags=2,pool=local,target=buffer_size_3",ar,5,166718,33201,0.7660612632149634,0.8168133790760259,482.82132784704226,25.600104984200915,33108,0.7677902621722846,0.7942839287602397,479.35634020039413,22.452600654187147,93,0.15053763440860216,8.837297691495959,1716.3569300537822,1146.1116464691015,7658,0.03499608252807521,2.686294103789604,75.21675369429066,41.14579345931464,25543,0.9852405747171437,0.2563277904663645,605.0245079301089,20.939380623615982,20097,0.6337264268298751,1.1200285332060709,768.0343050606118,33.80608625595973,0.6880992564774168,0.6360414922237396,"[""y@t"", ""throughput_2@t"", ""throughput_2@t-1"", ""y@t-1""]",4,50,6250000.0,5690,0.0754194150778591,22.81175265805247,32.366273573170126
"ar_order=2,capacity=True,disc=quantile,n_bins=50,numeric=True,on_change=capchain,other_lags=2,pool=local,target=buffer_size_3",persistence,5,166718,33201,0.7693442968585283,6.373252604011349,484.55221199277673,22.811752658052423,33108,0.7710825178204663,6.325223783907892,481.0806514340007,19.64676211187624,93,0.15053763440860216,23.471512560842527,1720.4277709170767,1149.5483870967741,7658,0.0,27.631021115928547,76.25860851281965,41.85218072603813,25543,1.0,0.0,606.9619686951811,17.10327682731075,20097,0.6228790366721402,10.420237300971412,770.9045405573382,32.36627357317004,0.7034880783161686,0.6360414922237396,"[""y@t"", ""throughput_2@t"", ""throughput_2@t-1"", ""y@t-1""]",4,50,6250000.0,5690,0.0754194150778591,22.81175265805247,32.366273573170126
"ar_order=2,capacity=True,granularity=30,n_bins=4,numeric=True,on_change=capchain,other_lags=2,pool=local",model,1,929,940,0.9457446808510638,0.24330836750842239,33.771951779569065,20.892032546823852,846,0.9550827423167849,0.2246703644469472,30.964506115119615,16.28952482340791,94,0.8617021276595744,0.41105039506169866,59.038962759614094,62.31460205756729,90,0.4444444444444444,1.6863142177156392,93.87177087878537,82.53824459138502,850,0.9988235294117647,0.09051951278059936,27.40844152200498,14.364786565635018,660,0.9424242424242424,0.24549619992154398,28.769984369445513,15.08096083440791,0.9021673422677932,0.0013153236359357834,"[""y@t""]",1,4,4.0,4,0.0,19.709148936170212,7.9216161616161616
"ar_order=2,capacity=True,granularity=30,n_bins=4,numeric=True,on_change=capchain,other_lags=2,pool=local",cg_mean,1,929,940,0.9457446808510638,0.24330836750842239,33.771951779569065,19.37407187513191,846,0.9550827423167849,0.2246703644469472,30.964506115119615,14.966861776856112,94,0.8617021276595744,0.41105039506169866,59.038962759614094,59.038962759614094,90,0.4444444444444444,1.6863142177156392,93.87177087878537,81.71117855832341,850,0.9988235294117647,0.09051951278059936,27.40844152200498,12.773672343970457,660,0.9424242424242424,0.24549619992154398,28.769984369445513,14.053340402696845,0.9021673422677932,0.0013153236359357834,"[""y@t""]",1,4,4.0,4,0.0,19.709148936170212,7.9216161616161616
"ar_order=2,capacity=True,granularity=30,n_bins=4,numeric=True,on_change=capchain,other_lags=2,pool=local",cg_median,1,929,940,0.9457446808510638,0.24330836750842239,33.771951779569065,11.465882091564247,846,0.9550827423167849,0.2246703644469472,30.964506115119615,6.179984239558707,94,0.8617021276595744,0.41105039506169866,59.038962759614094,59.038962759614094,90,0.4444444444444444,1.6863142177156392,93.87177087878537,85.33052321533329,850,0.9988235294117647,0.09051951278059936,27.40844152200498,3.644920090223994,660,0.9424242424242424,0.24549619992154398,28.769984369445513,7.9216161616161616,0.9021673422677932,0.0013153236359357834,"[""y@t""]",1,4,4.0,4,0.0,19.709148936170212,7.9216161616161616
"ar_order=2,capacity=True,granularity=30,n_bins=4,numeric=True,on_change=capchain,other_lags=2,pool=local",linear,1,929,940,0.9457446808510638,0.24330836750842239,33.771951779569065,19.411663344390377,846,0.9550827423167849,0.2246703644469472,30.964506115119615,15.008630076032187,94,0.8617021276595744,0.41105039506169866,59.038962759614094,59.038962759614094,90,0.4444444444444444,1.6863142177156392,93.87177087878537,83.04733170735108,850,0.9988235294117647,0.09051951278059936,27.40844152200498,12.673769047135714,660,0.9424242424242424,0.24549619992154398,28.769984369445513,14.364249217080859,0.9021673422677932,0.0013153236359357834,"[""y@t""]",1,4,4.0,4,0.0,19.709148936170212,7.9216161616161616
"ar_order=2,capacity=True,granularity=30,n_bins=4,numeric=True,on_change=capchain,other_lags=2,pool=local",clg,1,929,940,0.9457446808510638,0.24330836750842239,33.771951779569065,19.411663344390377,846,0.9550827423167849,0.2246703644469472,30.964506115119615,15.008630076032187,94,0.8617021276595744,0.41105039506169866,59.038962759614094,59.038962759614094,90,0.4444444444444444,1.6863142177156392,93.87177087878537,83.04733170735108,850,0.9988235294117647,0.09051951278059936,27.40844152200498,12.673769047135714,660,0.9424242424242424,0.24549619992154398,28.769984369445513,14.364249217080859,0.9021673422677932,0.0013153236359357834,"[""y@t""]",1,4,4.0,4,0.0,19.709148936170212,7.9216161616161616
"ar_order=2,capacity=True,granularity=30,n_bins=4,numeric=True,on_change=capchain,other_lags=2,pool=local",ar,1,929,940,0.9042553191489362,0.4053359333730239,41.629474068885365,28.244382781817656,846,0.9550827423167849,0.2246703644469472,30.964506115119615,16.28952482340791,94,0.44680851063829785,2.0313260537077142,137.61418565277705,135.8381044075053,90,0.0,3.4160477825488775,179.6441085705555,161.56216295037322,850,1.0,0.08655467875440405,27.01615982753205,14.128382528676473,660,0.9424242424242424,0.24549619992154398,28.769984369445513,15.08096083440791,0.8532166827138592,0.0013153236359357834,"[""y@t""]",1,4,4.0,4,0.0,19.709148936170212,7.9216161616161616
"ar_order=2,capacity=True,granularity=30,n_bins=4,numeric=True,on_change=capchain,other_lags=2,pool=local",persistence,1,929,940,0.9042553191489362,2.6455232983335843,40.37165006401209,19.70914893617022,846,0.9550827423167849,1.241109695514521,28.84711485025495,6.179984239558716,94,0.44680851063829785,15.285245723705154,144.09246698782636,141.47163120567376,90,0.0,27.631021115928544,191.06300836992799,172.2062962962963,850,1.0,0.0,24.41609447867982,3.562392156862753,660,0.9424242424242424,1.5908769733413406,28.53463219493918,7.921616161616162,0.8532166827138592,0.0013153236359357834,"[""y@t""]",1,4,4.0,4,0.0,19.709148936170212,7.9216161616161616
"ar_order=2,capacity=True,granularity=30,n_bins=4,numeric=True,on_change=capchain,other_lags=2,pool=local",model,2,1869,930,0.946236559139785,0.20124465396648228,35.729298617716466,18.544046986031802,837,0.96415770609319,0.15233664523122833,31.261567184038626,11.138174181732303,93,0.7849462365591398,0.6414167325837679,75.93888152081705,85.19690222472725,83,0.4578313253012048,1.6513151445636665,107.80856706777638,108.25506170134274,847,0.9940968122786304,0.0591480179339365,28.66604090655357,9.753003041083973,675,0.9555555555555556,0.16949118116037148,29.143033858068314,11.305681075306767,0.9109111034776634,0.0034247711300849915,"[""y@t"", ""y@t-1"", ""data_quality_3@t+h"", ""avg_p_latency_3@t""]",4,4,512.0,106,0.013978494623655914,21.487670250896056,8.24404938271605
"ar_order=2,capacity=True,granularity=30,n_bins=4,numeric=True,on_change=capchain,other_lags=2,pool=local",cg_mean,2,1869,930,0.946236559139785,0.20124465396648228,35.729298617716466,17.491003888364357,837,0.96415770609319,0.15233664523122833,31.261567184038626,10.996795262536281,93,0.7849462365591398,0.6414167325837679,75.93888152081705,75.93888152081705,83,0.4578313253012048,1.6513151445636665,107.80856706777638,101.52844480584274,847,0.9940968122786304,0.0591480179339365,28.66604090655357,9.255929984998708,675,0.9555555555555556,0.16949118116037148,29.143033858068314,10.896634401045628,0.9109111034776634,0.0034247711300849915,"[""y@t"", ""y@t-1"", ""data_quality_3@t+h"", ""avg_p_latency_3@t""]",4,4,512.0,106,0.013978494623655914,21.487670250896056,8.24404938271605
"ar_order=2,capacity=True,granularity=30,n_bins=4,numeric=True,on_change=capchain,other_lags=2,pool=local",cg_median,2,1869,930,0.946236559139785,0.20124465396648228,35.729298617716466,13.518475965701777,837,0.96415770609319,0.15233664523122833,31.261567184038626,6.582875348466747,93,0.7849462365591398,0.6414167325837679,75.93888152081705,75.93888152081705,83,0.4578313253012048,1.6513151445636665,107.80856706777638,104.7214267563958,847,0.9940968122786304,0.0591480179339365,28.66604090655357,4.581232853980874,675,0.9555555555555556,0.16949118116037148,29.143033858068314,8.161703703703703,0.9109111034776634,0.0034247711300849915,"[""y@t"", ""y@t-1"", ""data_quality_3@t+h"", ""avg_p_latency_3@t""]",4,4,512.0,106,0.013978494623655914,21.487670250896056,8.24404938271605
"ar_order=2,capacity=True,granularity=30,n_bins=4,numeric=True,on_change=capchain,other_lags=2,pool=local",linear,2,1869,930,0.946236559139785,0.20124465396648228,35.729298617716466,23.83921943071811,837,0.96415770609319,0.15233664523122833,31.261567184038626,18.050368087373784,93,0.7849462365591398,0.6414167325837679,75.93888152081705,75.93888152081705,83,0.4578313253012048,1.6513151445636665,107.80856706777638,98.92926744352508,847,0.9940968122786304,0.0591480179339365,28.66604090655357,16.480926650242342,675,0.9555555555555556,0.16949118116037148,29.143033858068314,18.1681550565991,0.9109111034776634,0.0034247711300849915,"[""y@t"", ""y@t-1"", ""data_quality_3@t+h"", ""avg_p_latency_3@t""]",4,4,512.0,106,0.013978494623655914,21.487670250896056,8.24404938271605
"ar_order=2,capacity=True,granularity=30,n_bins=4,numeric=True,on_change=capchain,other_lags=2,pool=local",clg,2,1869,930,0.946236559139785,0.20124465396648228,35.729298617716466,19.716480263693455,837,0.96415770609319,0.15233664523122833,31.261567184038626,13.469546790679722,93,0.7849462365591398,0.6414167325837679,75.93888152081705,75.93888152081705,83,0.4578313253012048,1.6513151445636665,107.80856706777638,100.1565473378769,847,0.9940968122786304,0.0591480179339365,28.66604090655357,11.833923513802988,675,0.9555555555555556,0.16949118116037148,29.143033858068314,14.304226868616752,0.9109111034776634,0.0034247711300849915,"[""y@t"", ""y@t-1"", ""data_quality_3@t+h"", ""avg_p_latency_3@t""]",4,4,512.0,106,0.013978494623655914,21.487670250896056,8.24404938271605
"ar_order=2,capacity=True,granularity=30,n_bins=4,numeric=True,on_change=capchain,other_lags=2,pool=local",ar,2,1869,930,0.910752688172043,0.3810094013448451,45.389454157231576,30.957904844442314,837,0.96415770609319,0.19153974239008784,33.36610840286921,17.601436860351217,93,0.43010752688172044,2.0862363319376596,153.5995659464929,151.16611670126213,83,0.0,3.3871440989508828,205.7521909645411,195.08875669665295,847,1.0,0.08642949591237613,29.675041931721907,14.874244037200894,675,0.9555555555555556,0.20595219754153335,31.199271077828296,16.74131284946448,0.8653549499620916,0.0034247711300849915,"[""y@t"", ""y@t-1"", ""data_quality_3@t+h"", ""avg_p_latency_3@t""]",4,4,512.0,106,0.013978494623655914,21.487670250896056,8.24404938271605
"ar_order=2,capacity=True,granularity=30,n_bins=4,numeric=True,on_change=capchain,other_lags=2,pool=local",persistence,2,1869,930,0.910752688172043,2.4659943576581393,44.40029442288751,21.487670250896066,837,0.96415770609319,0.9903591797823852,31.698815950751673,6.648426921545208,93,0.43010752688172044,15.746710958539923,158.71360067211,155.04086021505375,83,0.0,27.631021115928544,216.5032431591265,205.6032128514056,847,1.0,0.0,27.53542459395263,3.445651318378598,675,0.9555555555555556,1.2280453829301576,29.34807482653551,8.24404938271605,0.8653549499620916,0.0034247711300849915,"[""y@t"", ""y@t-1"", ""data_quality_3@t+h"", ""avg_p_latency_3@t""]",4,4,512.0,106,0.013978494623655914,21.487670250896056,8.24404938271605
"ar_order=2,capacity=True,granularity=30,n_bins=4,numeric=True,on_change=capchain,other_lags=2,pool=local",model,3,2799,930,0.9397849462365592,0.20957312696607794,36.93795182812139,19.1809104907536,837,0.955794504181601,0.17862696763177977,32.82506008283215,12.645887924664363,93,0.7956989247311828,0.4880885609747614,73.95397753572452,77.99611358555674,95,0.4421052631578947,1.4968992856087828,106.80145045409655,100.32635430054714,835,0.9964071856287425,0.06311086939594987,28.98941006827991,9.948794129160321,668,0.9446107784431138,0.20075468336189198,29.811349691848232,12.88888915785117,0.8967542961775108,0.004335569217801094,"[""y@t"", ""capacity_3@t+h"", ""capacity_3@t"", ""throughput_2@t-1""]",4,4,256.0,62,0.002150537634408602,24.001756272401433,9.868662674650698
"ar_order=2,capacity=True,granularity=30,n_bins=4,numeric=True,on_change=capchain,other_lags=2,pool=local",cg_mean,3,2799,930,0.9397849462365592,0.20957312696607794,36.93795182812139,18.2048300617589,837,0.955794504181601,0.17862696763177977,32.82506008283215,12.010480342429387,93,0.7956989247311828,0.4880885609747614,73.95397753572452,73.95397753572452,95,0.4421052631578947,1.4968992856087828,106.80145045409655,98.81592404921933,835,0.9964071856287425,0.06311086939594987,28.98941006827991,9.03350799132927,668,0.9446107784431138,0.20075468336189198,29.811349691848232,12.352762014969137,0.8967542961775108,0.004335569217801094,"[""y@t"", ""capacity_3@t+h"", ""capacity_3@t"", ""throughput_2@t-1""]",4,4,256.0,62,0.002150537634408602,24.001756272401433,9.868662674650698
"ar_order=2,capacity=True,granularity=30,n_bins=4,numeric=True,on_change=capchain,other_lags=2,pool=local",cg_median,3,2799,930,0.9397849462365592,0.20957312696607794,36.93795182812139,14.235576965041988,837,0.955794504181601,0.17862696763177977,32.82506008283215,7.600199123855038,93,0.7956989247311828,0.4880885609747614,73.95397753572452,73.95397753572452,95,0.4421052631578947,1.4968992856087828,106.80145045409655,101.03045721370081,835,0.9964071856287425,0.06311086939594987,28.98941006827991,4.360710349925115,668,0.9446107784431138,0.20075468336189198,29.811349691848232,9.395159680638724,0.8967542961775108,0.004335569217801094,"[""y@t"", ""capacity_3@t+h"", ""capacity_3@t"", ""throughput_2@t-1""]",4,4,256.0,62,0.002150537634408602,24.001756272401433,9.868662674650698
"ar_order=2,capacity=True,granularity=30,n_bins=4,numeric=True,on_change=capchain,other_lags=2,pool=local",linear,3,2799,930,0.9397849462365592,0.20957312696607794,36.93795182812139,22.55236397209418,837,0.955794504181601,0.17862696763177977,32.82506008283215,16.84107357613525,93,0.7956989247311828,0.4880885609747614,73.95397753572452,73.95397753572452,95,0.4421052631578947,1.4968992856087828,106.80145045409655,100.19391501761453,835,0.9964071856287425,0.06311086939594987,28.98941006827991,13.71889409266372,668,0.9446107784431138,0.20075468336189198,29.811349691848232,17.234483573437924,0.8967542961775108,0.004335569217801094,"[""y@t"", ""capacity_3@t+h"", ""capacity_3@t"", ""throughput_2@t-1""]",4,4,256.0,62,0.002150537634408602,24.001756272401433,9.868662674650698
"ar_order=2,capacity=True,granularity=30,n_bins=4,numeric=True,on_change=capchain,other_lags=2,pool=local",clg,3,2799,930,0.9397849462365592,0.20957312696607794,36.93795182812139,18.67225306346581,837,0.955794504181601,0.17862696763177977,32.82506008283215,12.529839233214844,93,0.7956989247311828,0.4880885609747614,73.95397753572452,73.95397753572452,95,0.4421052631578947,1.4968992856087828,106.80145045409655,101.48896351566107,835,0.9964071856287425,0.06311086939594987,28.98941006827991,9.249992592856772,668,0.9446107784431138,0.20075468336189198,29.811349691848232,12.97125521626409,0.8967542961775108,0.004335569217801094,"[""y@t"", ""capacity_3@t+h"", ""capacity_3@t"", ""throughput_2@t-1""]",4,4,256.0,62,0.002150537634408602,24.001756272401433,9.868662674650698
"ar_order=2,capacity=True,granularity=30,n_bins=4,numeric=True,on_change=capchain,other_lags=2,pool=local",ar,3,2799,930,0.8978494623655914,0.4155429281641037,47.756146445464815,31.94510578289774,837,0.955794504181601,0.223592426523984,34.87630253351228,17.485542327819054,93,0.3763440860215054,2.1430974429251806,163.6747416530376,162.0811768786059,95,0.0,3.2706299315122362,198.66236793273228,186.49688828593796,835,1.0,0.09071267029814842,30.587175138530196,14.36137004901891,668,0.9446107784431138,0.24711419355882125,32.024684679490804,17.638382091132623,0.8451361839713272,0.004335569217801094,"[""y@t"", ""capacity_3@t+h"", ""capacity_3@t"", ""throughput_2@t-1""]",4,4,256.0,62,0.002150537634408602,24.001756272401433,9.868662674650698
"ar_order=2,capacity=True,granularity=30,n_bins=4,numeric=True,on_change=capchain,other_lags=2,pool=local",persistence,3,2799,930,0.8978494623655914,2.8225236623797976,46.02971214291406,24.001756272401437,837,0.955794504181601,1.2214429883982751,32.25945284691293,7.876065312624454,93,0.3763440860215054,17.2322497282135,169.9620458069242,169.13297491039427,95,0.0,27.63102111592854,212.18651739074883,199.2736842105263,835,1.0,0.0,27.125644479986743,4.060638722554893,668,0.9446107784431138,1.530460750433168,30.132944872379046,9.868662674650698,0.8451361839713272,0.004335569217801094,"[""y@t"", ""capacity_3@t+h"", ""capacity_3@t"", ""throughput_2@t-1""]",4,4,256.0,62,0.002150537634408602,24.001756272401433,9.868662674650698
"ar_order=2,capacity=True,granularity=30,n_bins=4,numeric=True,on_change=capchain,other_lags=2,pool=local",model,4,3729,940,0.9446808510638298,0.22423198445575104,34.20220063185044,19.437821443037294,846,0.9645390070921985,0.17611520740799438,30.42729892199877,13.688565038736035,94,0.7659574468085106,0.6572829778855613,68.17631602051544,71.1811290817486,79,0.3924050632911392,1.797965972963127,96.82269487341061,91.8322692213207,861,0.9953542392566783,0.07983595066703707,28.45653391282227,12.795357593461926,639,0.9530516431924883,0.1984344039817912,27.032220514854348,12.817058222364059,0.9063225816641595,0.005337679758667946,"[""y@t"", ""data_quality_3@t+h"", ""avg_p_latency_3@t"", ""y@t-1""]",4,4,576.0,132,0.013829787234042552,19.269822695035458,7.43922796035472
"ar_order=2,capacity=True,granularity=30,n_bins=4,numeric=True,on_change=capchain,other_lags=2,pool=local",cg_mean,4,3729,940,0.9446808510638298,0.22423198445575104,34.20220063185044,17.888335166514782,846,0.9645390070921985,0.17611520740799438,30.42729892199877,12.300781738292486,94,0.7659574468085106,0.6572829778855613,68.17631602051544,68.17631602051544,79,0.3924050632911392,1.797965972963127,96.82269487341061,89.083157129679,861,0.9953542392566783,0.07983595066703707,28.45653391282227,11.3559415136809,639,0.9530516431924883,0.1984344039817912,27.032220514854348,10.954749083270734,0.9063225816641595,0.005337679758667946,"[""y@t"", ""data_quality_3@t+h"", ""avg_p_latency_3@t"", ""y@t-1""]",4,4,576.0,132,0.013829787234042552,19.269822695035458,7.43922796035472
"ar_order=2,capacity=True,granularity=30,n_bins=4,numeric=True,on_change=capchain,other_lags=2,pool=local",cg_median,4,3729,940,0.9446808510638298,0.22423198445575104,34.20220063185044,12.198589048860052,846,0.9645390070921985,0.17611520740799438,30.42729892199877,5.978841607565013,94,0.7659574468085106,0.6572829778855613,68.17631602051544,68.17631602051544,79,0.3924050632911392,1.797965972963127,96.82269487341061,91.09404860090783,861,0.9953542392566783,0.07983595066703707,28.45653391282227,4.959632829798762,639,0.9530516431924883,0.1984344039817912,27.032220514854348,7.357485654668752,0.9063225816641595,0.005337679758667946,"[""y@t"", ""data_quality_3@t+h"", ""avg_p_latency_3@t"", ""y@t-1""]",4,4,576.0,132,0.013829787234042552,19.269822695035458,7.43922796035472
"ar_order=2,capacity=True,granularity=30,n_bins=4,numeric=True,on_change=capchain,other_lags=2,pool=local",linear,4,3729,940,0.9446808510638298,0.22423198445575104,34.20220063185044,27.276372974381655,846,0.9645390070921985,0.17611520740799438,30.42729892199877,22.73193485814457,94,0.7659574468085106,0.6572829778855613,68.17631602051544,68.17631602051544,79,0.3924050632911392,1.797965972963127,96.82269487341061,86.65153371547926,861,0.9953542392566783,0.07983595066703707,28.45653391282227,21.828477854118347,639,0.9530516431924883,0.1984344039817912,27.032220514854348,22.373364104812964,0.9063225816641595,0.005337679758667946,"[""y@t"", ""data_quality_3@t+h"", ""avg_p_latency_3@t"", ""y@t-1""]",4,4,576.0,132,0.013829787234042552,19.269822695035458,7.43922796035472
"ar_order=2,capacity=True,granularity=30,n_bins=4,numeric=True,on_change=capchain,other_lags=2,pool=local",clg,4,3729,940,0.9446808510638298,0.22423198445575104,34.20220063185044,18.32909093768618,846,0.9645390070921985,0.17611520740799438,30.42729892199877,12.790510372927375,94,0.7659574468085106,0.6572829778855613,68.17631602051544,68.17631602051544,79,0.3924050632911392,1.797965972963127,96.82269487341061,87.90559566771438,861,0.9953542392566783,0.07983595066703707,28.45653391282227,11.945183999623199,639,0.9530516431924883,0.1984344039817912,27.032220514854348,12.370102093378186,0.9063225816641595,0.005337679758667946,"[""y@t"", ""data_quality_3@t+h"", ""avg_p_latency_3@t"", ""y@t-1""]",4,4,576.0,132,0.013829787234042552,19.269822695035458,7.43922796035472
"ar_order=2,capacity=True,granularity=30,n_bins=4,numeric=True,on_change=capchain,other_lags=2,pool=local",ar,4,3729,940,0.9159574468085107,0.3676398672317233,43.00389589152071,30.253644055486742,846,0.9645390070921985,0.2020453448056597,32.436223156304806,18.25234386764382,94,0.4787234042553192,1.8579905690662961,138.11295050846388,138.26534574607305,79,0.0,3.285310409743298,188.27265619525602,176.68444684448846,861,1.0,0.09993258168188093,29.674938790481118,16.818065170084722,639,0.9530516431924883,0.21996149995218814,29.979693231173133,16.682127509030426,0.8766710725903404,0.005337679758667946,"[""y@t"", ""data_quality_3@t+h"", ""avg_p_latency_3@t"", ""y@t-1""]",4,4,576.0,132,0.013829787234042552,19.269822695035458,7.43922796035472
"ar_order=2,capacity=True,granularity=30,n_bins=4,numeric=True,on_change=capchain,other_lags=2,pool=local",persistence,4,3729,940,0.9159574468085107,2.322181561870591,41.95958898006021,19.269822695035465,846,0.9645390070921985,0.9798234438272535,30.59199777664184,5.618991331757299,94,0.4787234042553192,14.403404624260624,144.26790981082556,142.127304964539,79,0.0,27.631021115928537,202.02435352851228,188.6286919831224,861,1.0,0.0,27.27304263937761,3.7305071622144887,639,0.9530516431924883,1.2972310383065047,28.635885292802357,7.439227960354723,0.8766710725903404,0.005337679758667946,"[""y@t"", ""data_quality_3@t+h"", ""avg_p_latency_3@t"", ""y@t-1""]",4,4,576.0,132,0.013829787234042552,19.269822695035458,7.43922796035472
"ar_order=2,capacity=True,granularity=30,n_bins=4,numeric=True,on_change=capchain,other_lags=2,pool=local",model,5,4669,930,0.9580645161290322,0.17788210788473086,35.77540414475146,17.498557096877978,837,0.972520908004779,0.13879875177862314,32.14407093373163,10.921800947083115,93,0.8279569892473119,0.5296323128397005,68.45740304392993,76.68936244503172,72,0.5138888888888888,1.423183456037187,106.61047554980036,109.57634862554507,858,0.9953379953379954,0.07338129545235694,29.83120234852359,9.77174941615067,638,0.9639498432601881,0.14990096241883552,30.731648300116703,11.071865525329576,0.9261065074686065,0.006102381274104118,"[""y@t"", ""capacity_3@t+h"", ""capacity_3@t"", ""throughput_2@t""]",4,4,256.0,64,0.004301075268817204,18.861541218637992,8.770637408568442
"ar_order=2,capacity=True,granularity=30,n_bins=4,numeric=True,on_change=capchain,other_lags=2,pool=local",cg_mean,5,4669,930,0.9580645161290322,0.17788210788473086,35.77540414475146,16.387844465490556,837,0.972520908004779,0.13879875177862314,32.14407093373163,10.602337956775068,93,0.8279569892473119,0.5296323128397005,68.45740304392993,68.45740304392993,72,0.5138888888888888,1.423183456037187,106.61047554980036,101.94388827880881,858,0.9953379953379954,0.07338129545235694,29.83120234852359,9.208316313323987,638,0.9639498432601881,0.14990096241883552,30.731648300116703,10.763737856770513,0.9261065074686065,0.006102381274104118,"[""y@t"", ""capacity_3@t+h"", ""capacity_3@t"", ""throughput_2@t""]",4,4,256.0,64,0.004301075268817204,18.861541218637992,8.770637408568442
"ar_order=2,capacity=True,granularity=30,n_bins=4,numeric=True,on_change=capchain,other_lags=2,pool=local",cg_median,5,4669,930,0.9580645161290322,0.17788210788473086,35.77540414475146,12.687819157439588,837,0.972520908004779,0.13879875177862314,32.14407093373163,6.491198725607328,93,0.8279569892473119,0.5296323128397005,68.45740304392993,68.45740304392993,72,0.5138888888888888,1.423183456037187,106.61047554980036,105.97928565289624,858,0.9953379953379954,0.07338129545235694,29.83120234852359,4.859164626352316,638,0.9639498432601881,0.14990096241883552,30.731648300116703,8.514420062695923,0.9261065074686065,0.006102381274104118,"[""y@t"", ""capacity_3@t+h"", ""capacity_3@t"", ""throughput_2@t""]",4,4,256.0,64,0.004301075268817204,18.861541218637992,8.770637408568442
"ar_order=2,capacity=True,granularity=30,n_bins=4,numeric=True,on_change=capchain,other_lags=2,pool=local",linear,5,4669,930,0.9580645161290322,0.17788210788473086,35.77540414475146,20.67527304687766,837,0.972520908004779,0.13879875177862314,32.14407093373163,15.366147491649633,93,0.8279569892473119,0.5296323128397005,68.45740304392993,68.45740304392993,72,0.5138888888888888,1.423183456037187,106.61047554980036,102.66965761198604,858,0.9953379953379954,0.07338129545235694,29.83120234852359,13.794625391064372,638,0.9639498432601881,0.14990096241883552,30.731648300116703,15.694514984383583,0.9261065074686065,0.006102381274104118,"[""y@t"", ""capacity_3@t+h"", ""capacity_3@t"", ""throughput_2@t""]",4,4,256.0,64,0.004301075268817204,18.861541218637992,8.770637408568442
"ar_order=2,capacity=True,granularity=30,n_bins=4,numeric=True,on_change=capchain,other_lags=2,pool=local",clg,5,4669,930,0.9580645161290322,0.17788210788473086,35.77540414475146,16.6497594986555,837,0.972520908004779,0.13879875177862314,32.14407093373163,10.893354660291674,93,0.8279569892473119,0.5296323128397005,68.45740304392993,68.45740304392993,72,0.5138888888888888,1.423183456037187,106.61047554980036,103.33350757067036,858,0.9953379953379954,0.07338129545235694,29.83120234852359,9.375598821283623,638,0.9639498432601881,0.14990096241883552,30.731648300116703,11.529047308363925,0.9261065074686065,0.006102381274104118,"[""y@t"", ""capacity_3@t+h"", ""capacity_3@t"", ""throughput_2@t""]",4,4,256.0,64,0.004301075268817204,18.861541218637992,8.770637408568442
"ar_order=2,capacity=True,granularity=30,n_bins=4,numeric=True,on_change=capchain,other_lags=2,pool=local",ar,5,4669,930,0.9225806451612903,0.3457961287234836,44.74139671261271,28.010413116390495,837,0.972520908004779,0.18050170906886742,35.38603326918013,17.201866089487506,93,0.4731182795698925,1.8334459056150285,128.93966770350596,125.28733635851744,72,0.0,3.2906713836296766,194.22564922928504,186.0088412200485,858,1.0,0.0986737297103765,32.19726363429056,14.75180376503458,638,0.9639498432601881,0.18914879183087674,32.938439311319115,16.972213619320186,0.8882648898054304,0.006102381274104118,"[""y@t"", ""capacity_3@t+h"", ""capacity_3@t"", ""throughput_2@t""]",4,4,256.0,64,0.004301075268817204,18.861541218637992,8.770637408568442
"ar_order=2,capacity=True,granularity=30,n_bins=4,numeric=True,on_change=capchain,other_lags=2,pool=local",persistence,5,4669,930,0.9225806451612903,2.139175828329952,42.243664839605884,18.861541218637996,837,0.972520908004779,0.7592753711664953,32.09904030846107,6.685384309040226,93,0.4731182795698925,14.558279942801061,133.54528561990924,128.44695340501798,72,0.0,27.631021115928547,208.08393763886613,199.86712962962963,858,1.0,0.0,28.32699859071691,3.672261072261077,638,0.9639498432601881,0.9961026421102768,31.385772602387323,8.770637408568442,0.8882648898054304,0.006102381274104118,"[""y@t"", ""capacity_3@t+h"", ""capacity_3@t"", ""throughput_2@t""]",4,4,256.0,64,0.004301075268817204,18.861541218637992,8.770637408568442
"ar_order=2,capacity=True,granularity=30,n_bins=10,numeric=True,on_change=capchain,other_lags=2,pool=local",model,1,929,940,0.9170212765957447,0.4690889276856608,22.716107027531294,20.86577862896666,846,0.9432624113475178,0.3540732895183659,19.379478128507877,17.024054087982346,94,0.6808510638297872,1.5042296711913141,52.74576711874208,55.441299497825455,120,0.36666666666666664,2.6706412926503247,67.95478162289423,67.68690413853297,820,0.9975609756097561,0.1469105328127831,16.095813184307453,14.013906603176466,660,0.9272727272727272,0.3914301604933397,18.21427965586972,15.244607717654226,0.8369752109692874,0.0014128126204013824,"[""y@t""]",1,10,10.0,10,0.0,19.709148936170212,7.9216161616161616
"ar_order=2,capacity=True,granularity=30,n_bins=10,numeric=True,on_change=capchain,other_lags=2,pool=local",cg_mean,1,929,940,0.9170212765957447,0.4690889276856608,22.716107027531294,19.28584368178639,846,0.9432624113475178,0.3540732895183659,19.379478128507877,15.568074411013535,94,0.6808510638297872,1.5042296711913141,52.74576711874208,52.74576711874208,120,0.36666666666666664,2.6706412926503247,67.95478162289423,66.30266876598839,820,0.9975609756097561,0.1469105328127831,16.095813184307453,12.405332693854389,660,0.9272727272727272,0.3914301604933397,18.21427965586972,14.21401233976321,0.8369752109692874,0.0014128126204013824,"[""y@t""]",1,10,10.0,10,0.0,19.709148936170212,7.9216161616161616
"ar_order=2,capacity=True,granularity=30,n_bins=10,numeric=True,on_change=capchain,other_lags=2,pool=local",cg_median,1,929,940,0.9170212765957447,0.4690889276856608,22.716107027531294,10.83649160549123,846,0.9432624113475178,0.3540732895183659,19.379478128507877,6.179905437352245,94,0.6808510638297872,1.5042296711913141,52.74576711874208,52.74576711874208,120,0.36666666666666664,2.6706412926503247,67.95478162289423,68.09451066323115,820,0.9975609756097561,0.1469105328127831,16.095813184307453,2.457269304358557,660,0.9272727272727272,0.3914301604933397,18.21427965586972,7.921060606060606,0.8369752109692874,0.0014128126204013824,"[""y@t""]",1,10,10.0,10,0.0,19.709148936170212,7.9216161616161616
"ar_order=2,capacity=True,granularity=30,n_bins=10,numeric=True,on_change=capchain,other_lags=2,pool=local",linear,1,929,940,0.9170212765957447,0.4690889276856608,22.716107027531294,18.782343780303176,846,0.9432624113475178,0.3540732895183659,19.379478128507877,15.008630076032187,94,0.6808510638297872,1.5042296711913141,52.74576711874208,52.74576711874208,120,0.36666666666666664,2.6706412926503247,67.95478162289423,67.0542683150337,820,0.9975609756097561,0.1469105328127831,16.095813184307453,11.718159702049928,660,0.9272727272727272,0.3914301604933397,18.21427965586972,14.364249217080859,0.8369752109692874,0.0014128126204013824,"[""y@t""]",1,10,10.0,10,0.0,19.709148936170212,7.9216161616161616
"ar_order=2,capacity=True,granularity=30,n_bins=10,numeric=True,on_change=capchain,other_lags=2,pool=local",clg,1,929,940,0.9170212765957447,0.4690889276856608,22.716107027531294,18.782343780303176,846,0.9432624113475178,0.3540732895183659,19.379478128507877,15.008630076032187,94,0.6808510638297872,1.5042296711913141,52.74576711874208,52.74576711874208,120,0.36666666666666664,2.6706412926503247,67.95478162289423,67.0542683150337,820,0.9975609756097561,0.1469105328127831,16.095813184307453,11.718159702049928,660,0.9272727272727272,0.3914301604933397,18.21427965586972,14.364249217080859,0.8369752109692874,0.0014128126204013824,"[""y@t""]",1,10,10.0,10,0.0,19.709148936170212,7.9216161616161616
"ar_order=2,capacity=True,granularity=30,n_bins=10,numeric=True,on_change=capchain,other_lags=2,pool=local",ar,1,929,940,0.8723404255319149,0.6792312301907446,31.237826153385967,28.990774044291836,846,0.9432624113475178,0.3540732895183659,19.379478128507877,17.024054087982346,94,0.23404255319148937,3.605652696242153,137.96295837728886,136.69125365107723,120,0.0,4.371274818712328,136.0811954549445,132.74513024700863,820,1.0,0.13893216845587875,15.894894060474963,13.807209721943035,660,0.9272727272727272,0.3914301604933397,18.21427965586972,15.244607717654226,0.7935732296488031,0.0014128126204013824,"[""y@t""]",1,10,10.0,10,0.0,19.709148936170212,7.9216161616161616
"ar_order=2,capacity=True,granularity=30,n_bins=10,numeric=True,on_change=capchain,other_lags=2,pool=local",persistence,1,929,940,0.8723404255319149,3.5273643977781126,29.10426413801855,19.70914893617022,846,0.9432624113475178,1.5677175101236056,16.37446187548458,6.1799842395587135,94,0.23404255319148937,21.16418638666867,143.67248450082428,141.47163120567376,120,0.0,27.631021115928547,144.97730910069194,139.565,820,1.0,0.0,12.147233167871224,2.1692682926829323,660,0.9272727272727272,2.009528808431167,17.67579282238923,7.9216161616161616,0.7935732296488031,0.0014128126204013824,"[""y@t""]",1,10,10.0,10,0.0,19.709148936170212,7.9216161616161616
"ar_order=2,capacity=True,granularity=30,n_bins=10,numeric=True,on_change=capchain,other_lags=2,pool=local",model,2,1869,930,0.9129032258064517,0.49957874356738163,23.902576322844663,22.213337392113715,837,0.946236559139785,0.3298035209968134,18.978311016665895,16.98504429372856,93,0.6129032258064516,2.0275557467024963,68.22096407845356,69.26797527758012,114,0.3157894736842105,2.837166769808509,86.40811685876044,83.71220699449503,816,0.9963235294117647,0.17300394578369485,15.170184630327018,13.621583550604564,675,0.9333333333333333,0.3600069280737289,18.296205616902316,15.949396865690863,0.8600801426888591,0.0017865542322397232,"[""y@t""]",1,10,10.0,10,0.0,21.487670250896056,8.24404938271605
"ar_order=2,capacity=True,granularity=30,n_bins=10,numeric=True,on_change=capchain,other_lags=2,pool=local",cg_mean,2,1869,930,0.9129032258064517,0.49957874356738163,23.902576322844663,21.49139860941349,837,0.946236559139785,0.3298035209968134,18.978311016665895,16.299224668409032,93,0.6129032258064516,2.0275557467024963,68.22096407845356,68.22096407845356,114,0.3157894736842105,2.837166769808509,86.40811685876044,83.46987734825359,816,0.9963235294117647,0.17300394578369485,15.170184630327018,12.832640550310824,675,0.9333333333333333,0.3600069280737289,18.296205616902316,15.458305104584031,0.8600801426888591,0.0017865542322397232,"[""y@t""]",1,10,10.0,10,0.0,21.487670250896056,8.24404938271605
"ar_order=2,capacity=True,granularity=30,n_bins=10,numeric=True,on_change=capchain,other_lags=2,pool=local",cg_median,2,1869,930,0.9129032258064517,0.49957874356738163,23.902576322844663,12.806666300318474,837,0.946236559139785,0.3298035209968134,18.978311016665895,6.649522102747909,93,0.6129032258064516,2.0275557467024963,68.22096407845356,68.22096407845356,114,0.3157894736842105,2.837166769808509,86.40811685876044,84.49895665957624,816,0.9963235294117647,0.17300394578369485,15.170184630327018,2.7908316177751122,675,0.9333333333333333,0.3600069280737289,18.296205616902316,8.243851851851852,0.8600801426888591,0.0017865542322397232,"[""y@t""]",1,10,10.0,10,0.0,21.487670250896056,8.24404938271605
"ar_order=2,capacity=True,granularity=30,n_bins=10,numeric=True,on_change=capchain,other_lags=2,pool=local",linear,2,1869,930,0.9129032258064517,0.49957874356738163,23.902576322844663,21.213967601324445,837,0.946236559139785,0.3298035209968134,18.978311016665895,15.990967992754543,93,0.6129032258064516,2.0275557467024963,68.22096407845356,68.22096407845356,114,0.3157894736842105,2.837166769808509,86.40811685876044,83.15467852301222,816,0.9963235294117647,0.17300394578369485,15.170184630327018,12.560485928441592,675,0.9333333333333333,0.3600069280737289,18.296205616902316,15.830549714919377,0.8600801426888591,0.0017865542322397232,"[""y@t""]",1,10,10.0,10,0.0,21.487670250896056,8.24404938271605
"ar_order=2,capacity=True,granularity=30,n_bins=10,numeric=True,on_change=capchain,other_lags=2,pool=local",clg,2,1869,930,0.9129032258064517,0.49957874356738163,23.902576322844663,21.213967601324445,837,0.946236559139785,0.3298035209968134,18.978311016665895,15.990967992754543,93,0.6129032258064516,2.0275557467024963,68.22096407845356,68.22096407845356,114,0.3157894736842105,2.837166769808509,86.40811685876044,83.15467852301222,816,0.9963235294117647,0.17300394578369485,15.170184630327018,12.560485928441592,675,0.9333333333333333,0.3600069280737289,18.296205616902316,15.830549714919377,0.8600801426888591,0.0017865542322397232,"[""y@t""]",1,10,10.0,10,0.0,21.487670250896056,8.24404938271605
"ar_order=2,capacity=True,granularity=30,n_bins=10,numeric=True,on_change=capchain,other_lags=2,pool=local",ar,2,1869,930,0.8774193548387097,0.6299411804931128,32.13502529206297,30.40533584673521,837,0.946236559139785,0.3298035209968134,18.978311016665895,16.98504429372856,93,0.25806451612903225,3.3311801159598073,150.54545377063664,151.18795982379507,114,0.0,4.199624257992876,156.8066663638372,153.96188635772643,816,1.0,0.13123545643064594,14.71766367174157,13.143758937111443,675,0.9333333333333333,0.3600069280737289,18.296205616902316,15.949396865690863,0.8080967166932057,0.0017865542322397232,"[""y@t""]",1,10,10.0,10,0.0,21.487670250896056,8.24404938271605
"ar_order=2,capacity=True,granularity=30,n_bins=10,numeric=True,on_change=capchain,other_lags=2,pool=local",persistence,2,1869,930,0.8774193548387097,3.3870283948557574,30.647214858217268,21.487670250896056,837,0.946236559139785,1.4855387696735776,16.85068261381406,6.6484269215452025,93,0.25806451612903225,20.500435021495374,154.8160050578461,155.04086021505378,114,0.0,27.631021115928544,164.13680588619673,159.87748538011695,816,1.0,0.0,11.997933758720132,2.153799019607845,675,0.9333333333333333,1.8420680743952362,17.857453012761404,8.244049382716051,0.8080967166932057,0.0017865542322397232,"[""y@t""]",1,10,10.0,10,0.0,21.487670250896056,8.24404938271605
"ar_order=2,capacity=True,granularity=30,n_bins=10,numeric=True,on_change=capchain,other_lags=2,pool=local",model,3,2799,930,0.9032258064516129,0.406413682031999,21.939422610680513,17.14213160732865,837,0.9342891278375149,0.32055940499246066,17.058894658721982,11.603072768957169,93,0.6236559139784946,1.1791021753878443,65.86417417830732,66.99366115267195,133,0.3308270676691729,2.3604113375084754,77.55577728937217,76.52953209429623,797,0.998745294855709,0.08033879096754318,12.658399809844893,7.231812580017872,668,0.9176646706586826,0.36810966446799176,16.977638936597796,11.37015912641762,0.81534695597817,0.0049412790685892105,"[""y@t"", ""data_quality_3@t+h"", ""data_quality_3@t"", ""y@t-1""]",4,10,8100.0,251,0.05591397849462366,24.001756272401433,9.868662674650698
"ar_order=2,capacity=True,granularity=30,n_bins=10,numeric=True,on_change=capchain,other_lags=2,pool=local",cg_mean,3,2799,930,0.9032258064516129,0.406413682031999,21.939422610680513,16.953576343074268,837,0.9342891278375149,0.32055940499246066,17.058894658721982,11.51906547249282,93,0.6236559139784946,1.1791021753878443,65.86417417830732,65.86417417830732,133,0.3308270676691729,2.3604113375084754,77.55577728937217,75.85606271718797,797,0.998745294855709,0.08033879096754318,12.658399809844893,7.124177738611132,668,0.9176646706586826,0.36810966446799176,16.977638936597796,11.334032184667933,0.81534695597817,0.0049412790685892105,"[""y@t"", ""data_quality_3@t+h"", ""data_quality_3@t"", ""y@t-1""]",4,10,8100.0,251,0.05591397849462366,24.001756272401433,9.868662674650698
"ar_order=2,capacity=True,granularity=30,n_bins=10,numeric=True,on_change=capchain,other_lags=2,pool=local",cg_median,3,2799,930,0.9032258064516129,0.406413682031999,21.939422610680513,13.676058994891665,837,0.9342891278375149,0.32055940499246066,17.058894658721982,7.877379530067702,93,0.6236559139784946,1.1791021753878443,65.86417417830732,65.86417417830732,133,0.3308270676691729,2.3604113375084754,77.55577728937217,79.61048551894271,797,0.998745294855709,0.08033879096754318,12.658399809844893,2.6731998635255545,668,0.9176646706586826,0.36810966446799176,16.977638936597796,9.8689121756487,0.81534695597817,0.0049412790685892105,"[""y@t"", ""data_quality_3@t+h"", ""data_quality_3@t"", ""y@t-1""]",4,10,8100.0,251,0.05591397849462366,24.001756272401433,9.868662674650698
"ar_order=2,capacity=True,granularity=30,n_bins=10,numeric=True,on_change=capchain,other_lags=2,pool=local",linear,3,2799,930,0.9032258064516129,0.406413682031999,21.939422610680513,21.053510138931628,837,0.9342891278375149,0.32055940499246066,17.058894658721982,16.074547467889886,93,0.6236559139784946,1.1791021753878443,65.86417417830732,65.86417417830732,133,0.3308270676691729,2.3604113375084754,77.55577728937217,73.48991216794583,797,0.998745294855709,0.08033879096754318,12.658399809844893,12.303144430200275,668,0.9176646706586826,0.36810966446799176,16.977638936597796,16.35519623688641,0.81534695597817,0.0049412790685892105,"[""y@t"", ""data_quality_3@t+h"", ""data_quality_3@t"", ""y@t-1""]",4,10,8100.0,251,0.05591397849462366,24.001756272401433,9.868662674650698
"ar_order=2,capacity=True,granularity=30,n_bins=10,numeric=True,on_change=capchain,other_lags=2,pool=local",clg,3,2799,930,0.9032258064516129,0.406413682031999,21.939422610680513,18.77413520161349,837,0.9342891278375149,0.32055940499246066,17.058894658721982,13.541908648647505,93,0.6236559139784946,1.1791021753878443,65.86417417830732,65.86417417830732,133,0.3308270676691729,2.3604113375084754,77.55577728937217,74.63107207374036,797,0.998745294855709,0.08033879096754318,12.658399809844893,9.45296505858604,668,0.9176646706586826,0.36810966446799176,16.977638936597796,14.153481176718115,0.81534695597817,0.0049412790685892105,"[""y@t"", ""data_quality_3@t+h"", ""data_quality_3@t"", ""y@t-1""]",4,10,8100.0,251,0.05591397849462366,24.001756272401433,9.868662674650698
"ar_order=2,capacity=True,granularity=30,n_bins=10,numeric=True,on_change=capchain,other_lags=2,pool=local",ar,3,2799,930,0.8569892473118279,0.6947758580394037,33.990809409628234,32.037031564436454,837,0.9342891278375149,0.3819111594148095,19.398051382350474,17.598544908353492,93,0.16129032258064516,3.510558145660751,165.32563165512818,161.9834114691831,133,0.0,4.010757615752656,150.14480029725618,146.31078546898152,797,1.0,0.1414188018588987,14.607521093374148,12.967509269198693,668,0.9176646706586826,0.4264624402035395,18.497883225870424,17.276277128512383,0.7744129644944617,0.0049412790685892105,"[""y@t"", ""data_quality_3@t+h"", ""data_quality_3@t"", ""y@t-1""]",4,10,8100.0,251,0.05591397849462366,24.001756272401433,9.868662674650698
"ar_order=2,capacity=True,granularity=30,n_bins=10,numeric=True,on_change=capchain,other_lags=2,pool=local",persistence,3,2799,930,0.8569892473118279,3.9515331273317167,32.01188601304627,24.00175627240144,837,0.9342891278375149,1.8156584962677063,16.424433844620296,7.876065312624458,93,0.16129032258064516,23.174404806907813,172.29895552888004,169.13297491039427,133,0.0,27.631021115928544,159.9174195901905,155.2563909774436,797,1.0,0.0,10.667549795028476,2.0985361773316673,668,0.9176646706586826,2.2750092236168715,17.75883184179391,9.868662674650698,0.7744129644944617,0.0049412790685892105,"[""y@t"", ""data_quality_3@t+h"", ""data_quality_3@t"", ""y@t-1""]",4,10,8100.0,251,0.05591397849462366,24.001756272401433,9.868662674650698
"ar_order=2,capacity=True,granularity=30,n_bins=10,numeric=True,on_change=capchain,other_lags=2,pool=local",model,4,3729,940,0.9095744680851063,0.4102829989693626,20.32395848973872,15.607664192598582,846,0.9361702127659575,0.32307248108955533,15.958882961890097,10.955483480556198,94,0.6702127659574468,1.1951776598876278,59.60963824037631,57.47729060098003,121,0.3305785123966942,2.5431248287100545,68.88064238087769,64.33668497615538,819,0.9951159951159951,0.09517449909314317,13.15013828115775,8.408382733733655,639,0.9154929577464789,0.3891253273877821,16.09832802276517,10.382090953219448,0.8894121112441953,0.006136620417237282,"[""y@t"", ""data_quality_3@t+h"", ""avg_p_latency_3@t"", ""y@t-1""]",4,10,8100.0,352,0.09148936170212765,19.269822695035458,7.43922796035472
"ar_order=2,capacity=True,granularity=30,n_bins=10,numeric=True,on_change=capchain,other_lags=2,pool=local",cg_mean,4,3729,940,0.9095744680851063,0.4102829989693626,20.32395848973872,15.731038064231157,846,0.9361702127659575,0.32307248108955533,15.958882961890097,10.855638044659472,94,0.6702127659574468,1.1951776598876278,59.60963824037631,59.60963824037631,121,0.3305785123966942,2.5431248287100545,68.88064238087769,64.8981808623176,819,0.9951159951159951,0.09517449909314317,13.15013828115775,8.46702795608896,639,0.9154929577464789,0.3891253273877821,16.09832802276517,10.304136082502106,0.8894121112441953,0.006136620417237282,"[""y@t"", ""data_quality_3@t+h"", ""avg_p_latency_3@t"", ""y@t-1""]",4,10,8100.0,352,0.09148936170212765,19.269822695035458,7.43922796035472
"ar_order=2,capacity=True,granularity=30,n_bins=10,numeric=True,on_change=capchain,other_lags=2,pool=local",cg_median,4,3729,940,0.9095744680851063,0.4102829989693626,20.32395848973872,10.929669497796498,846,0.9361702127659575,0.32307248108955533,15.958882961890097,5.520784081954294,94,0.6702127659574468,1.1951776598876278,59.60963824037631,59.60963824037631,121,0.3305785123966942,2.5431248287100545,68.88064238087769,65.75869602324487,819,0.9951159951159951,0.09517449909314317,13.15013828115775,2.8291661893969215,639,0.9154929577464789,0.3891253273877821,16.09832802276517,7.290688575899844,0.8894121112441953,0.006136620417237282,"[""y@t"", ""data_quality_3@t+h"", ""avg_p_latency_3@t"", ""y@t-1""]",4,10,8100.0,352,0.09148936170212765,19.269822695035458,7.43922796035472
"ar_order=2,capacity=True,granularity=30,n_bins=10,numeric=True,on_change=capchain,other_lags=2,pool=local",linear,4,3729,940,0.9095744680851063,0.4102829989693626,20.32395848973872,26.41970519636774,846,0.9361702127659575,0.32307248108955533,15.958882961890097,22.73193485814457,94,0.6702127659574468,1.1951776598876278,59.60963824037631,59.60963824037631,121,0.3305785123966942,2.5431248287100545,68.88064238087769,65.62430134286144,819,0.9951159951159951,0.09517449909314317,13.15013828115775,20.627573164956583,639,0.9154929577464789,0.3891253273877821,16.09832802276517,22.373364104812964,0.8894121112441953,0.006136620417237282,"[""y@t"", ""data_quality_3@t+h"", ""avg_p_latency_3@t"", ""y@t-1""]",4,10,8100.0,352,0.09148936170212765,19.269822695035458,7.43922796035472
"ar_order=2,capacity=True,granularity=30,n_bins=10,numeric=True,on_change=capchain,other_lags=2,pool=local",clg,4,3729,940,0.9095744680851063,0.4102829989693626,20.32395848973872,17.837460214459576,846,0.9361702127659575,0.32307248108955533,15.958882961890097,13.196107100468824,94,0.6702127659574468,1.1951776598876278,59.60963824037631,59.60963824037631,121,0.3305785123966942,2.5431248287100545,68.88064238087769,64.37438702604577,819,0.9951159951159951,0.09517449909314317,13.15013828115775,10.96204123497004,639,0.9154929577464789,0.3891253273877821,16.09832802276517,13.076835812008985,0.8894121112441953,0.006136620417237282,"[""y@t"", ""data_quality_3@t+h"", ""avg_p_latency_3@t"", ""y@t-1""]",4,10,8100.0,352,0.09148936170212765,19.269822695035458,7.43922796035472
"ar_order=2,capacity=True,granularity=30,n_bins=10,numeric=True,on_change=capchain,other_lags=2,pool=local",ar,4,3729,940,0.8712765957446809,0.6483507513563698,31.47076971942673,29.73855674281502,846,0.9361702127659575,0.3758575843399003,19.44684953613476,17.774383089741626,94,0.2872340425531915,3.100789254504595,139.6860513690544,137.41611962047563,121,0.0,4.024976841854793,134.80555038795416,129.09616881951948,819,1.0,0.14948413725342824,16.20397062187872,15.059349097782986,639,0.9154929577464789,0.4351809800144931,18.214658712475778,16.192673461197437,0.8521338460907298,0.006136620417237282,"[""y@t"", ""data_quality_3@t+h"", ""avg_p_latency_3@t"", ""y@t-1""]",4,10,8100.0,352,0.09148936170212765,19.269822695035458,7.43922796035472
"ar_order=2,capacity=True,granularity=30,n_bins=10,numeric=True,on_change=capchain,other_lags=2,pool=local",persistence,4,3729,940,0.8712765957446809,3.55675910109293,27.328064876751352,19.269822695035472,846,0.9361702127659575,1.7636821988890563,14.250248764287392,5.618991331757298,94,0.2872340425531915,19.694451220927792,145.02840988892703,142.127304964539,121,0.0,27.631021115928547,143.19388182339145,134.9710743801653,819,1.0,0.0,10.209916097089012,2.1759869759869854,639,0.9154929577464789,2.335015868951708,15.911473291630676,7.439227960354722,0.8521338460907298,0.006136620417237282,"[""y@t"", ""data_quality_3@t+h"", ""avg_p_latency_3@t"", ""y@t-1""]",4,10,8100.0,352,0.09148936170212765,19.269822695035458,7.43922796035472
"ar_order=2,capacity=True,granularity=30,n_bins=10,numeric=True,on_change=capchain,other_lags=2,pool=local",model,5,4669,930,0.9118279569892473,0.40672236776790055,24.49139702988015,20.620320701911787,837,0.9366786140979689,0.34660288267876754,19.98311477204482,15.579903538358286,93,0.6881720430107527,0.9477977335700977,65.06593735039809,65.98407517389329,115,0.34782608695652173,2.3586558943880562,74.21131686617981,71.4976550642535,815,0.9914110429447853,0.1312961646251793,17.475702819850138,13.441310331765415,638,0.9169278996865203,0.41359492641974455,21.048046890029326,16.438741225802946,0.8595804206632398,0.006960729137063026,"[""y@t"", ""y@t-1"", ""throughput_2@t"", ""throughput_2@t-1""]",4,10,10000.0,236,0.01827956989247312,18.861541218637992,8.770637408568442
"ar_order=2,capacity=True,granularity=30,n_bins=10,numeric=True,on_change=capchain,other_lags=2,pool=local",cg_mean,5,4669,930,0.9118279569892473,0.40672236776790055,24.49139702988015,20.671974912710713,837,0.9366786140979689,0.34660288267876754,19.98311477204482,15.739312419634338,93,0.6881720430107527,0.9477977335700977,65.06593735039809,65.06593735039809,115,0.34782608695652173,2.3586558943880562,74.21131686617981,71.81247002714686,815,0.9914110429447853,0.1312961646251793,17.475702819850138,13.455831430305613,638,0.9169278996865203,0.41359492641974455,21.048046890029326,16.619302625712535,0.8595804206632398,0.006960729137063026,"[""y@t"", ""y@t-1"", ""throughput_2@t"", ""throughput_2@t-1""]",4,10,10000.0,236,0.01827956989247312,18.861541218637992,8.770637408568442
"ar_order=2,capacity=True,granularity=30,n_bins=10,numeric=True,on_change=capchain,other_lags=2,pool=local",cg_median,5,4669,930,0.9118279569892473,0.40672236776790055,24.49139702988015,12.520572229663465,837,0.9366786140979689,0.34660288267876754,19.98311477204482,6.682198327359617,93,0.6881720430107527,0.9477977335700977,65.06593735039809,65.06593735039809,115,0.34782608695652173,2.3586558943880562,74.21131686617981,76.32473279998383,815,0.9914110429447853,0.1312961646251793,17.475702819850138,3.5175311675937198,638,0.9169278996865203,0.41359492641974455,21.048046890029326,8.764576802507836,0.8595804206632398,0.006960729137063026,"[""y@t"", ""y@t-1"", ""throughput_2@t"", ""throughput_2@t-1""]",4,10,10000.0,236,0.01827956989247312,18.861541218637992,8.770637408568442
"ar_order=2,capacity=True,granularity=30,n_bins=10,numeric=True,on_change=capchain,other_lags=2,pool=local",linear,5,4669,930,0.9118279569892473,0.40672236776790055,24.49139702988015,21.262438140366697,837,0.9366786140979689,0.34660288267876754,19.98311477204482,16.395382672585434,93,0.6881720430107527,0.9477977335700977,65.06593735039809,65.06593735039809,115,0.34782608695652173,2.3586558943880562,74.21131686617981,71.11948925522373,815,0.9914110429447853,0.1312961646251793,17.475702819850138,14.22739411802491,638,0.9169278996865203,0.41359492641974455,21.048046890029326,16.756036947977503,0.8595804206632398,0.006960729137063026,"[""y@t"", ""y@t-1"", ""throughput_2@t"", ""throughput_2@t-1""]",4,10,10000.0,236,0.01827956989247312,18.861541218637992,8.770637408568442
"ar_order=2,capacity=True,granularity=30,n_bins=10,numeric=True,on_change=capchain,other_lags=2,pool=local",clg,5,4669,930,0.9118279569892473,0.40672236776790055,24.49139702988015,21.262438140366697,837,0.9366786140979689,0.34660288267876754,19.98311477204482,16.395382672585434,93,0.6881720430107527,0.9477977335700977,65.06593735039809,65.06593735039809,115,0.34782608695652173,2.3586558943880562,74.21131686617981,71.11948925522373,815,0.9914110429447853,0.1312961646251793,17.475702819850138,14.22739411802491,638,0.9169278996865203,0.41359492641974455,21.048046890029326,16.756036947977503,0.8595804206632398,0.006960729137063026,"[""y@t"", ""y@t-1"", ""throughput_2@t"", ""throughput_2@t-1""]",4,10,10000.0,236,0.01827956989247312,18.861541218637992,8.770637408568442
"ar_order=2,capacity=True,granularity=30,n_bins=10,numeric=True,on_change=capchain,other_lags=2,pool=local",ar,5,4669,930,0.8763440860215054,0.6090271601904544,31.341581413582738,27.67673005422976,837,0.9366786140979689,0.36961189116800025,20.940526341486784,16.809593687642227,93,0.3333333333333333,2.763764581392542,124.9510770624463,125.48095735351755,115,0.0,3.92776611538395,131.4450710145063,129.97491749296427,815,1.0,0.14073884135947046,17.216549138605792,13.242016489254953,638,0.9169278996865203,0.4259722442673787,21.067562237835332,16.624411841117603,0.828264871710479,0.006960729137063026,"[""y@t"", ""y@t-1"", ""throughput_2@t"", ""throughput_2@t-1""]",4,10,10000.0,236,0.01827956989247312,18.861541218637992,8.770637408568442
"ar_order=2,capacity=True,granularity=30,n_bins=10,numeric=True,on_change=capchain,other_lags=2,pool=local",persistence,5,4669,930,0.8763440860215054,3.416739170249229,28.415527915686177,18.861541218637996,837,0.9366786140979689,1.7496345509488804,17.274648124772902,6.685384309040228,93,0.3333333333333333,18.420680743952364,128.68344603390568,128.44695340501798,115,0.0,27.631021115928544,140.50183746955392,138.24028985507246,815,1.0,0.0,12.599668285385823,2.0166871165644227,638,0.9169278996865203,2.29536695790629,18.653617895352614,8.770637408568442,0.828264871710479,0.006960729137063026,"[""y@t"", ""y@t-1"", ""throughput_2@t"", ""throughput_2@t-1""]",4,10,10000.0,236,0.01827956989247312,18.861541218637992,8.770637408568442
"ar_order=2,capacity=True,granularity=30,numeric=True,on_change=capchain,other_lags=2,pool=local",model,1,929,940,0.8361702127659575,0.8443292439975921,20.749908806891014,21.2696700992624,846,0.8640661938534279,0.6884980501554484,17.733755333117326,18.09590993156036,94,0.5851063829787234,2.2468099885768846,47.89529007085417,49.83351160858076,154,0.33766233766233766,3.269763185599054,55.309665426552144,55.8112930976927,786,0.9338422391857506,0.36911699589756014,13.978658782173692,14.501972972343482,660,0.8818181818181818,0.6276193000707296,15.567911607773388,16.431935920518747,0.5265377733791505,0.0015336275100708008,"[""y@t""]",1,20,20.0,20,0.0,19.709148936170212,7.9216161616161616
"ar_order=2,capacity=True,granularity=30,numeric=True,on_change=capchain,other_lags=2,pool=local",cg_mean,1,929,940,0.8361702127659575,0.8443292439975921,20.749908806891014,20.379611338222535,846,0.8640661938534279,0.6884980501554484,17.733755333117326,17.322313701263457,94,0.5851063829787234,2.2468099885768846,47.89529007085417,47.89529007085417,154,0.33766233766233766,3.269763185599054,55.309665426552144,53.7983692577484,786,0.9338422391857506,0.36911699589756014,13.978658782173692,13.83191576620347,660,0.8818181818181818,0.6276193000707296,15.567911607773388,15.723993894508242,0.5265377733791505,0.0015336275100708008,"[""y@t""]",1,20,20.0,20,0.0,19.709148936170212,7.9216161616161616
"ar_order=2,capacity=True,granularity=30,numeric=True,on_change=capchain,other_lags=2,pool=local",cg_median,1,929,940,0.8361702127659575,0.8443292439975921,20.749908806891014,11.64757865247549,846,0.8640661938534279,0.6884980501554484,17.733755333117326,7.620055161544524,94,0.5851063829787234,2.2468099885768846,47.89529007085417,47.89529007085417,154,0.33766233766233766,3.269763185599054,55.309665426552144,54.92940166762475,786,0.9338422391857506,0.36911699589756014,13.978658782173692,3.167425033731233,660,0.8818181818181818,0.6276193000707296,15.567911607773388,8.3375,0.5265377733791505,0.0015336275100708008,"[""y@t""]",1,20,20.0,20,0.0,19.709148936170212,7.9216161616161616
"ar_order=2,capacity=True,granularity=30,numeric=True,on_change=capchain,other_lags=2,pool=local",linear,1,929,940,0.8361702127659575,0.8443292439975921,20.749908806891014,18.297296075514385,846,0.8640661938534279,0.6884980501554484,17.733755333117326,15.008630076032187,94,0.5851063829787234,2.2468099885768846,47.89529007085417,47.89529007085417,154,0.33766233766233766,3.269763185599054,55.309665426552144,53.30341214865616,786,0.9338422391857506,0.36911699589756014,13.978658782173692,11.438591399606201,660,0.8818181818181818,0.6276193000707296,15.567911607773388,14.364249217080859,0.5265377733791505,0.0015336275100708008,"[""y@t""]",1,20,20.0,20,0.0,19.709148936170212,7.9216161616161616
"ar_order=2,capacity=True,granularity=30,numeric=True,on_change=capchain,other_lags=2,pool=local",clg,1,929,940,0.8361702127659575,0.8443292439975921,20.749908806891014,18.297296075514385,846,0.8640661938534279,0.6884980501554484,17.733755333117326,15.008630076032187,94,0.5851063829787234,2.2468099885768846,47.89529007085417,47.89529007085417,154,0.33766233766233766,3.269763185599054,55.309665426552144,53.30341214865616,786,0.9338422391857506,0.36911699589756014,13.978658782173692,11.438591399606201,660,0.8818181818181818,0.6276193000707296,15.567911607773388,14.364249217080859,0.5265377733791505,0.0015336275100708008,"[""y@t""]",1,20,20.0,20,0.0,19.709148936170212,7.9216161616161616
"ar_order=2,capacity=True,granularity=30,numeric=True,on_change=capchain,other_lags=2,pool=local",ar,1,929,940,0.7946808510638298,1.1606803656257345,29.35093129955269,29.77150350160394,846,0.8640661938534279,0.6884980501554484,17.733755333117326,18.09590993156036,94,0.1702127659574468,5.4103212048583105,133.90551499747102,134.85184563199618,154,0.05194805194805195,5.2828541345576685,108.56485100192036,108.16184974260703,786,0.9402035623409669,0.3530279986848724,13.830646777714751,14.41258070120384,660,0.8818181818181818,0.6276193000707296,15.567911607773388,16.431935920518747,0.478469822590906,0.0015336275100708008,"[""y@t""]",1,20,20.0,20,0.0,19.709148936170212,7.9216161616161616
"ar_order=2,capacity=True,granularity=30,numeric=True,on_change=capchain,other_lags=2,pool=local",persistence,1,929,940,0.8361702127659575,4.5267843104819105,23.781432697584076,19.709148936170212,846,0.9113475177304965,2.449558609568134,10.740209576393955,6.179984239558711,94,0.1595744680851064,23.221815618705897,141.15244078829517,141.47163120567376,154,0.0,27.631021115928547,114.30261183852805,112.43766233766235,786,1.0,0.0,6.045730932055616,1.5409669211195953,660,0.8863636363636364,3.139888763173699,11.719374177168541,7.9216161616161616,0.621928957111424,0.0015336275100708008,"[""y@t""]",1,20,20.0,20,0.0,19.709148936170212,7.9216161616161616
"ar_order=2,capacity=True,granularity=30,numeric=True,on_change=capchain,other_lags=2,pool=local",model,2,1869,930,0.8731182795698925,0.8169226656298094,24.11188699339399,23.080485937830947,837,0.9044205495818399,0.6101948397216099,19.542040696600953,18.272841052527994,93,0.5913978494623656,2.677473098803605,65.24050366453135,66.34928990555754,144,0.3333333333333333,3.3860057944677817,69.48780070379965,69.02904362330789,786,0.9720101781170484,0.3462509473694176,15.79874249683113,14.66242956797258,675,0.8992592592592593,0.5922827880865019,17.920435598058386,16.61511158081922,0.7674011272557835,0.0020206980407238007,"[""y@t""]",1,20,20.0,20,0.0,21.487670250896056,8.24404938271605
"ar_order=2,capacity=True,granularity=30,numeric=True,on_change=capchain,other_lags=2,pool=local",cg_mean,2,1869,930,0.8731182795698925,0.8169226656298094,24.11188699339399,22.370599377944163,837,0.9044205495818399,0.6101948397216099,19.542040696600953,17.607276679434477,93,0.5913978494623656,2.677473098803605,65.24050366453135,65.24050366453135,144,0.3333333333333333,3.3860057944677817,69.48780070379965,68.3678882041548,786,0.9720101781170484,0.3462509473694176,15.79874249683113,13.943615165508623,675,0.8992592592592593,0.5922827880865019,17.920435598058386,16.172641751394597,0.7674011272557835,0.0020206980407238007,"[""y@t""]",1,20,20.0,20,0.0,21.487670250896056,8.24404938271605
"ar_order=2,capacity=True,granularity=30,numeric=True,on_change=capchain,other_lags=2,pool=local",cg_median,2,1869,930,0.8731182795698925,0.8169226656298094,24.11188699339399,12.825914165736288,837,0.9044205495818399,0.6101948397216099,19.542040696600953,7.002070888092392,93,0.5913978494623656,2.677473098803605,65.24050366453135,65.24050366453135,144,0.3333333333333333,3.3860057944677817,69.48780070379965,68.63814894231164,786,0.9720101781170484,0.3462509473694176,15.79874249683113,2.6007719165927123,675,0.8992592592592593,0.5922827880865019,17.920435598058386,8.355555555555556,0.7674011272557835,0.0020206980407238007,"[""y@t""]",1,20,20.0,20,0.0,21.487670250896056,8.24404938271605
"ar_order=2,capacity=True,granularity=30,numeric=True,on_change=capchain,other_lags=2,pool=local",linear,2,1869,930,0.8731182795698925,0.8169226656298094,24.11188699339399,20.915921559932222,837,0.9044205495818399,0.6101948397216099,19.542040696600953,15.990967992754543,93,0.5913978494623656,2.677473098803605,65.24050366453135,65.24050366453135,144,0.3333333333333333,3.3860057944677817,69.48780070379965,68.10486872305644,786,0.9720101781170484,0.3462509473694176,15.79874249683113,12.270618262871295,675,0.8992592592592593,0.5922827880865019,17.920435598058386,15.830549714919377,0.7674011272557835,0.0020206980407238007,"[""y@t""]",1,20,20.0,20,0.0,21.487670250896056,8.24404938271605
"ar_order=2,capacity=True,granularity=30,numeric=True,on_change=capchain,other_lags=2,pool=local",clg,2,1869,930,0.8731182795698925,0.8169226656298094,24.11188699339399,20.915921559932222,837,0.9044205495818399,0.6101948397216099,19.542040696600953,15.990967992754543,93,0.5913978494623656,2.677473098803605,65.24050366453135,65.24050366453135,144,0.3333333333333333,3.3860057944677817,69.48780070379965,68.10486872305644,786,0.9720101781170484,0.3462509473694176,15.79874249683113,12.270618262871295,675,0.8992592592592593,0.5922827880865019,17.920435598058386,15.830549714919377,0.7674011272557835,0.0020206980407238007,"[""y@t""]",1,20,20.0,20,0.0,21.487670250896056,8.24404938271605
"ar_order=2,capacity=True,granularity=30,numeric=True,on_change=capchain,other_lags=2,pool=local",ar,2,1869,930,0.8290322580645161,0.9912975552916071,32.530282372573026,31.468223099374597,837,0.9044205495818399,0.6101948397216099,19.542040696600953,18.272841052527994,93,0.15053763440860216,4.421221995421583,149.42445745632168,150.226661520994,144,0.020833333333333332,4.736239479952282,126.38843357154678,125.78350117802059,786,0.9770992366412213,0.3052013248194225,15.334895893371728,14.189088184202806,675,0.8992592592592593,0.5922827880865019,17.920435598058386,16.61511158081922,0.7099236500380212,0.0020206980407238007,"[""y@t""]",1,20,20.0,20,0.0,21.487670250896056,8.24404938271605
"ar_order=2,capacity=True,granularity=30,numeric=True,on_change=capchain,other_lags=2,pool=local",persistence,2,1869,930,0.8451612903225807,4.278351656659904,25.41316099333587,21.48767025089606,837,0.9223416965352449,2.1457782228618343,11.035326954590209,6.648426921545206,93,0.15053763440860216,23.471512560842527,154.81366734204687,155.04086021505375,144,0.0,27.631021115928547,132.35294011079276,130.30671296296293,786,1.0,0.0,5.821140391664382,1.5513570822731193,675,0.9037037037037037,2.6607649963486746,12.304323382301998,8.24404938271605,0.7560746335574257,0.0020206980407238007,"[""y@t""]",1,20,20.0,20,0.0,21.487670250896056,8.24404938271605
"ar_order=2,capacity=True,granularity=30,numeric=True,on_change=capchain,other_lags=2,pool=local",model,3,2799,930,0.8688172043010752,0.7533751342620879,23.39695059896849,22.94228211495568,837,0.9020310633213859,0.5793058881564811,18.69235721928803,18.10572139151816,93,0.5698924731182796,2.319998349212549,65.7382910160926,66.47132862589329,164,0.27439024390243905,3.360664885754329,65.01616254001067,64.95087347047581,766,0.9960835509138382,0.19515644073111219,14.48630992229627,13.948275610640659,668,0.8772455089820359,0.6509699999815379,17.775047527042528,17.96207473655861,0.6772314669742965,0.002553097903728485,"[""y@t""]",1,20,20.0,20,0.0,24.001756272401433,9.868662674650698
"ar_order=2,capacity=True,granularity=30,numeric=True,on_change=capchain,other_lags=2,pool=local",cg_mean,3,2799,930,0.8688172043010752,0.7533751342620879,23.39695059896849,22.56913383520478,837,0.9020310633213859,0.5793058881564811,18.69235721928803,17.772560815106132,93,0.5698924731182796,2.319998349212549,65.7382910160926,65.7382910160926,164,0.27439024390243905,3.360664885754329,65.01616254001067,64.39268833071348,766,0.9960835509138382,0.19515644073111219,14.48630992229627,13.614743577680724,668,0.8772455089820359,0.6509699999815379,17.775047527042528,17.73918627677094,0.6772314669742965,0.002553097903728485,"[""y@t""]",1,20,20.0,20,0.0,24.001756272401433,9.868662674650698
"ar_order=2,capacity=True,granularity=30,numeric=True,on_change=capchain,other_lags=2,pool=local",cg_median,3,2799,930,0.8688172043010752,0.7533751342620879,23.39695059896849,13.6640441553727,837,0.9020310633213859,0.5793058881564811,18.69235721928803,7.878016726403823,93,0.5698924731182796,2.319998349212549,65.7382910160926,65.7382910160926,164,0.27439024390243905,3.360664885754329,65.01616254001067,67.08128874289773,766,0.9960835509138382,0.19515644073111219,14.48630992229627,2.2274539303673446,668,0.8772455089820359,0.6509699999815379,17.775047527042528,9.869111776447104,0.6772314669742965,0.002553097903728485,"[""y@t""]",1,20,20.0,20,0.0,24.001756272401433,9.868662674650698
"ar_order=2,capacity=True,granularity=30,numeric=True,on_change=capchain,other_lags=2,pool=local",linear,3,2799,930,0.8688172043010752,0.7533751342620879,23.39695059896849,21.73349381715987,837,0.9020310633213859,0.5793058881564811,18.69235721928803,16.84407190616735,93,0.5698924731182796,2.319998349212549,65.7382910160926,65.7382910160926,164,0.27439024390243905,3.360664885754329,65.01616254001067,64.4584344198686,766,0.9960835509138382,0.19515644073111219,14.48630992229627,12.586117500130854,668,0.8772455089820359,0.6509699999815379,17.775047527042528,17.213962535596295,0.6772314669742965,0.002553097903728485,"[""y@t""]",1,20,20.0,20,0.0,24.001756272401433,9.868662674650698
"ar_order=2,capacity=True,granularity=30,numeric=True,on_change=capchain,other_lags=2,pool=local",clg,3,2799,930,0.8688172043010752,0.7533751342620879,23.39695059896849,21.73349381715987,837,0.9020310633213859,0.5793058881564811,18.69235721928803,16.84407190616735,93,0.5698924731182796,2.319998349212549,65.7382910160926,65.7382910160926,164,0.27439024390243905,3.360664885754329,65.01616254001067,64.4584344198686,766,0.9960835509138382,0.19515644073111219,14.48630992229627,12.586117500130854,668,0.8772455089820359,0.6509699999815379,17.775047527042528,17.213962535596295,0.6772314669742965,0.002553097903728485,"[""y@t""]",1,20,20.0,20,0.0,24.001756272401433,9.868662674650698
"ar_order=2,capacity=True,granularity=30,numeric=True,on_change=capchain,other_lags=2,pool=local",ar,3,2799,930,0.8236559139784946,0.9703302139387039,33.172222338190664,32.574247458505845,837,0.9020310633213859,0.5793058881564811,18.69235721928803,18.10572139151816,93,0.11827956989247312,4.48954914597871,163.49100840831434,162.79098206139497,164,0.0,4.6339742790763045,123.0068456876153,122.04637819736858,766,1.0,0.1859468892878338,13.938699845624551,13.418334349924262,668,0.8772455089820359,0.6509699999815379,17.775047527042528,17.96207473655861,0.6515500329395066,0.002553097903728485,"[""y@t""]",1,20,20.0,20,0.0,24.001756272401433,9.868662674650698
"ar_order=2,capacity=True,granularity=30,numeric=True,on_change=capchain,other_lags=2,pool=local",persistence,3,2799,930,0.8236559139784946,4.872567164529335,27.701127065022625,24.001756272401437,837,0.9020310633213859,2.706981758071853,11.880177987380753,7.876065312624454,93,0.11827956989247312,24.362835822646673,170.0896687637995,169.13297491039427,164,0.0,27.631021115928544,130.3506451444316,128.70345528455283,766,1.0,0.0,5.723945648543417,1.585204525674501,668,0.8772455089820359,3.3918319333924267,13.430486026916741,9.8686626746507,0.6515500329395066,0.002553097903728485,"[""y@t""]",1,20,20.0,20,0.0,24.001756272401433,9.868662674650698
"ar_order=2,capacity=True,granularity=30,numeric=True,on_change=capchain,other_lags=2,pool=local",model,4,3729,940,0.8702127659574468,0.6759399205610954,18.304094694466862,17.00527217038881,846,0.8995271867612293,0.5286148101625237,14.419148275969182,12.894046690515212,94,0.6063829787234043,2.0018659141482398,53.268612460946024,54.00630148925123,158,0.25316455696202533,3.32029074896579,52.358992788652934,51.906900859416886,782,0.9948849104859335,0.1416593184026019,11.423437534771981,9.953536450610763,639,0.86697965571205,0.6437044088861142,13.684103515592284,12.003197655153103,0.7522490274665559,0.007157420739531517,"[""y@t"", ""data_quality_3@t+h"", ""avg_p_latency_3@t"", ""y@t-1""]",4,20,54000.0,583,0.1702127659574468,19.269822695035458,7.43922796035472
"ar_order=2,capacity=True,granularity=30,numeric=True,on_change=capchain,other_lags=2,pool=local",cg_mean,4,3729,940,0.8702127659574468,0.6759399205610954,18.304094694466862,16.81885698615873,846,0.8995271867612293,0.5286148101625237,14.419148275969182,12.768884155626804,94,0.6063829787234043,2.0018659141482398,53.268612460946024,53.268612460946024,158,0.25316455696202533,3.32029074896579,52.358992788652934,51.63888282632483,782,0.9948849104859335,0.1416593184026019,11.423437534771981,9.783608798503682,639,0.86697965571205,0.6437044088861142,13.684103515592284,11.927271515304273,0.7522490274665559,0.007157420739531517,"[""y@t"", ""data_quality_3@t+h"", ""avg_p_latency_3@t"", ""y@t-1""]",4,20,54000.0,583,0.1702127659574468,19.269822695035458,7.43922796035472
"ar_order=2,capacity=True,granularity=30,numeric=True,on_change=capchain,other_lags=2,pool=local",cg_median,4,3729,940,0.8702127659574468,0.6759399205610954,18.304094694466862,10.29384706169744,846,0.8995271867612293,0.5286148101625237,14.419148275969182,5.518873128447596,94,0.6063829787234043,2.0018659141482398,53.268612460946024,53.268612460946024,158,0.25316455696202533,3.32029074896579,52.358992788652934,51.02424858120841,782,0.9948849104859335,0.1416593184026019,11.423437534771981,2.0644308979087764,639,0.86697965571205,0.6437044088861142,13.684103515592284,7.285028690662493,0.7522490274665559,0.007157420739531517,"[""y@t"", ""data_quality_3@t+h"", ""avg_p_latency_3@t"", ""y@t-1""]",4,20,54000.0,583,0.1702127659574468,19.269822695035458,7.43922796035472
"ar_order=2,capacity=True,granularity=30,numeric=True,on_change=capchain,other_lags=2,pool=local",linear,4,3729,940,0.8702127659574468,0.6759399205610954,18.304094694466862,25.78560261842471,846,0.8995271867612293,0.5286148101625237,14.419148275969182,22.73193485814457,94,0.6063829787234043,2.0018659141482398,53.268612460946024,53.268612460946024,158,0.25316455696202533,3.32029074896579,52.358992788652934,52.31308615145927,782,0.9948849104859335,0.1416593184026019,11.423437534771981,20.425829730676046,639,0.86697965571205,0.6437044088861142,13.684103515592284,22.373364104812964,0.7522490274665559,0.007157420739531517,"[""y@t"", ""data_quality_3@t+h"", ""avg_p_latency_3@t"", ""y@t-1""]",4,20,54000.0,583,0.1702127659574468,19.269822695035458,7.43922796035472
"ar_order=2,capacity=True,granularity=30,numeric=True,on_change=capchain,other_lags=2,pool=local",clg,4,3729,940,0.8702127659574468,0.6759399205610954,18.304094694466862,18.18002290863071,846,0.8995271867612293,0.5286148101625237,14.419148275969182,14.281290736151233,94,0.6063829787234043,2.0018659141482398,53.268612460946024,53.268612460946024,158,0.25316455696202533,3.32029074896579,52.358992788652934,49.85481790217793,782,0.9948849104859335,0.1416593184026019,11.423437534771981,11.780256145228588,639,0.86697965571205,0.6437044088861142,13.684103515592284,14.327989785815031,0.7522490274665559,0.007157420739531517,"[""y@t"", ""data_quality_3@t+h"", ""avg_p_latency_3@t"", ""y@t-1""]",4,20,54000.0,583,0.1702127659574468,19.269822695035458,7.43922796035472
"ar_order=2,capacity=True,granularity=30,numeric=True,on_change=capchain,other_lags=2,pool=local",ar,4,3729,940,0.8319148936170213,0.9384444301957285,30.478417291328917,30.06496275527792,846,0.8995271867612293,0.5768248974405183,18.580004872566445,18.160629393247447,94,0.22340425531914893,4.193020224992621,137.5641290601912,137.20396301355223,158,0.0,4.626103858768453,104.84491335106807,104.1961712230406,782,1.0,0.19336746125136736,15.45296156570387,15.08704595488598,639,0.86697965571205,0.683342653302229,17.130867056604618,16.9025276394028,0.7162683130904123,0.007157420739531517,"[""y@t"", ""data_quality_3@t+h"", ""avg_p_latency_3@t"", ""y@t-1""]",4,20,54000.0,583,0.1702127659574468,19.269822695035458,7.43922796035472
"ar_order=2,capacity=True,granularity=30,numeric=True,on_change=capchain,other_lags=2,pool=local",persistence,4,3729,940,0.8319148936170213,4.64436312374118,22.783106278476236,19.269822695035465,846,0.8995271867612293,2.776166424177218,9.47283303011658,5.618991331757295,94,0.22340425531914893,21.45813341981685,142.57556551371314,142.127304964539,158,0.0,27.631021115928544,109.70094838675975,107.3084388185654,782,1.0,0.0,5.221700839718193,1.4819693094629216,639,0.86697965571205,3.6754879418684294,11.358095794003718,7.43922796035472,0.7162683130904123,0.007157420739531517,"[""y@t"", ""data_quality_3@t+h"", ""avg_p_latency_3@t"", ""y@t-1""]",4,20,54000.0,583,0.1702127659574468,19.269822695035458,7.43922796035472
"ar_order=2,capacity=True,granularity=30,numeric=True,on_change=capchain,other_lags=2,pool=local",model,5,4669,930,0.889247311827957,0.6327562433798262,22.301708532335127,21.783393206051457,837,0.9139784946236559,0.5431567470030557,18.059899589789016,17.39532626562679,93,0.6666666666666666,1.439151710770759,60.477989015250095,61.275995669873474,141,0.3262411347517731,2.985456401028851,62.02500811579379,61.90379277817535,789,0.9898605830164765,0.21231172851479121,15.202867922363422,14.613587959322093,638,0.8871473354231975,0.6284521247974699,16.867501736928926,16.634392080810095,0.7448783797756127,0.003731958568096161,"[""y@t""]",1,20,20.0,20,0.0,18.861541218637992,8.770637408568442
"ar_order=2,capacity=True,granularity=30,numeric=True,on_change=capchain,other_lags=2,pool=local",cg_mean,5,4669,930,0.889247311827957,0.6327562433798262,22.301708532335127,21.571060120578398,837,0.9139784946236559,0.5431567470030557,18.059899589789016,17.248068021170436,93,0.6666666666666666,1.439151710770759,60.477989015250095,60.477989015250095,141,0.3262411347517731,2.985456401028851,62.02500811579379,61.69707629102606,789,0.9898605830164765,0.21231172851479121,15.202867922363422,14.400251147152396,638,0.8871473354231975,0.6284521247974699,16.867501736928926,16.52002820572037,0.7448783797756127,0.003731958568096161,"[""y@t""]",1,20,20.0,20,0.0,18.861541218637992,8.770637408568442
"ar_order=2,capacity=True,granularity=30,numeric=True,on_change=capchain,other_lags=2,pool=local",cg_median,5,4669,930,0.889247311827957,0.6327562433798262,22.301708532335127,12.068049797582356,837,0.9139784946236559,0.5431567470030557,18.059899589789016,6.689167662285941,93,0.6666666666666666,1.439151710770759,60.477989015250095,60.477989015250095,141,0.3262411347517731,2.985456401028851,62.02500811579379,63.400766902631716,789,0.9898605830164765,0.21231172851479121,15.202867922363422,2.894522406185703,638,0.8871473354231975,0.6284521247974699,16.867501736928926,8.77335423197492,0.7448783797756127,0.003731958568096161,"[""y@t""]",1,20,20.0,20,0.0,18.861541218637992,8.770637408568442
"ar_order=2,capacity=True,granularity=30,numeric=True,on_change=capchain,other_lags=2,pool=local",linear,5,4669,930,0.889247311827957,0.6327562433798262,22.301708532335127,20.5556517907479,837,0.9139784946236559,0.5431567470030557,18.059899589789016,16.11983654358099,93,0.6666666666666666,1.439151710770759,60.477989015250095,60.477989015250095,141,0.3262411347517731,2.985456401028851,62.02500811579379,60.95996474481462,789,0.9898605830164765,0.21231172851479121,15.202867922363422,13.335109171580083,638,0.8871473354231975,0.6284521247974699,16.867501736928926,16.38074159149979,0.7448783797756127,0.003731958568096161,"[""y@t""]",1,20,20.0,20,0.0,18.861541218637992,8.770637408568442
"ar_order=2,capacity=True,granularity=30,numeric=True,on_change=capchain,other_lags=2,pool=local",clg,5,4669,930,0.889247311827957,0.6327562433798262,22.301708532335127,20.5556517907479,837,0.9139784946236559,0.5431567470030557,18.059899589789016,16.11983654358099,93,0.6666666666666666,1.439151710770759,60.477989015250095,60.477989015250095,141,0.3262411347517731,2.985456401028851,62.02500811579379,60.95996474481462,789,0.9898605830164765,0.21231172851479121,15.202867922363422,13.335109171580083,638,0.8871473354231975,0.6284521247974699,16.867501736928926,16.38074159149979,0.7448783797756127,0.003731958568096161,"[""y@t""]",1,20,20.0,20,0.0,18.861541218637992,8.770637408568442
"ar_order=2,capacity=True,granularity=30,numeric=True,on_change=capchain,other_lags=2,pool=local",ar,5,4669,930,0.8483870967741935,0.8636012329207946,28.75435662800259,28.20043311392444,837,0.9139784946236559,0.5431567470030557,18.059899589789016,17.39532626562679,93,0.25806451612903225,3.747601606180444,125.00446997192479,125.44639474860331,141,0.0,4.614547391037478,111.1103060082509,110.83867607220535,789,1.0,0.1932800563752273,14.036753506817533,13.43238209096169,638,0.8871473354231975,0.6284521247974699,16.867501736928926,16.634392080810095,0.7139751956196422,0.003731958568096161,"[""y@t""]",1,20,20.0,20,0.0,18.861541218637992,8.770637408568442
"ar_order=2,capacity=True,granularity=30,numeric=True,on_change=capchain,other_lags=2,pool=local",persistence,5,4669,930,0.8483870967741935,4.18921933047949,22.44751644778051,18.861541218638,837,0.9139784946236559,2.3768620314777245,10.624820785867753,6.685384309040229,93,0.25806451612903225,20.500435021495374,128.85177740499532,128.44695340501795,141,0.0,27.631021115928544,117.76274585003114,116.72931442080377,789,1.0,0.0,5.413996364488569,1.3718631178707306,638,0.8871473354231975,3.1182343579104317,12.032582478731847,8.770637408568442,0.7139751956196422,0.003731958568096161,"[""y@t""]",1,20,20.0,20,0.0,18.861541218637992,8.770637408568442
