nohup: ignoring input
[1/23] ar_order=2,other_lags=2  (4s)
    model acc=0.9225 ll=0.2808 mae=8.97 acc@change=0.474 | AR acc=0.8873 ll=0.4783 mae=10.07 | persistence acc=0.8878
[2/23] ar_order=2,level=True,other_lags=2  (4s)
    model acc=0.9225 ll=0.2808 mae=8.97 acc@change=0.474 | AR acc=0.8873 ll=0.4783 mae=10.07 | persistence acc=0.8878
[3/23] ar_order=2,forced=('y@t', 'level_throughput_3@t'),level=True,other_lags=2  (2s)
    model acc=0.9230 ll=0.2862 mae=8.90 acc@change=0.498 | AR acc=0.8873 ll=0.4783 mae=10.07 | persistence acc=0.8878
[4/23] ar_order=2,horizon=5,other_lags=2  (3s)
    model acc=0.8793 ll=0.4434 mae=10.08 acc@change=0.189 | AR acc=0.8710 ll=0.5505 mae=11.65 | persistence acc=0.8717
[5/23] ar_order=2,horizon=5,level=True,other_lags=2  (3s)
    model acc=0.8805 ll=0.4417 mae=10.09 acc@change=0.223 | AR acc=0.8710 ll=0.5505 mae=11.65 | persistence acc=0.8717
[6/23] ar_order=2,forced=('y@t', 'level_throughput_3@t'),horizon=5,level=True,other_lags=2  (2s)
    model acc=0.8807 ll=0.4407 mae=10.10 acc@change=0.220 | AR acc=0.8710 ll=0.5505 mae=11.65 | persistence acc=0.8717
[7/23] ar_order=2,horizon=10,other_lags=2  (3s)
    model acc=0.8688 ll=0.4938 mae=11.37 acc@change=0.183 | AR acc=0.8623 ll=0.5819 mae=12.59 | persistence acc=0.8629
[8/23] ar_order=2,horizon=10,level=True,other_lags=2  (3s)
    model acc=0.8726 ll=0.4741 mae=11.07 acc@change=0.212 | AR acc=0.8623 ll=0.5819 mae=12.59 | persistence acc=0.8629
[9/23] ar_order=2,forced=('y@t', 'level_throughput_3@t'),horizon=10,level=True,other_lags=2  (2s)
    model acc=0.8726 ll=0.4741 mae=11.07 acc@change=0.212 | AR acc=0.8623 ll=0.5819 mae=12.59 | persistence acc=0.8629
[10/23] ar_order=2,n_bins=50,other_lags=2  (4s)
    model acc=0.8915 ll=0.3984 mae=5.21 acc@change=0.558 | AR acc=0.8250 ll=0.6561 mae=6.15 | persistence acc=0.8243
[11/23] ar_order=2,level=True,n_bins=50,other_lags=2  (4s)
    model acc=0.8915 ll=0.3984 mae=5.21 acc@change=0.558 | AR acc=0.8250 ll=0.6561 mae=6.15 | persistence acc=0.8243
[12/23] ar_order=2,forced=('y@t', 'level_throughput_3@t'),level=True,n_bins=50,other_lags=2  (3s)
    model acc=0.8879 ll=0.4129 mae=5.27 acc@change=0.507 | AR acc=0.8250 ll=0.6561 mae=6.15 | persistence acc=0.8243
[13/23] ar_order=2,horizon=5,n_bins=50,other_lags=2  (4s)
    model acc=0.8179 ll=0.6634 mae=7.10 acc@change=0.223 | AR acc=0.7997 ll=0.7641 mae=7.76 | persistence acc=0.7980
[14/23] ar_order=2,horizon=5,level=True,n_bins=50,other_lags=2  (4s)
    model acc=0.8180 ll=0.6711 mae=7.27 acc@change=0.207 | AR acc=0.7997 ll=0.7641 mae=7.76 | persistence acc=0.7980
[15/23] ar_order=2,forced=('y@t', 'level_throughput_3@t'),horizon=5,level=True,n_bins=50,other_lags=2  (3s)
    model acc=0.8145 ll=0.6682 mae=7.21 acc@change=0.217 | AR acc=0.7997 ll=0.7641 mae=7.76 | persistence acc=0.7980
[16/23] ar_order=2,horizon=10,n_bins=50,other_lags=2  (4s)
    model acc=0.7984 ll=0.7341 mae=8.34 acc@change=0.193 | AR acc=0.7833 ll=0.8172 mae=8.77 | persistence acc=0.7814
[17/23] ar_order=2,horizon=10,level=True,n_bins=50,other_lags=2  (4s)
    model acc=0.8034 ll=0.7241 mae=8.17 acc@change=0.203 | AR acc=0.7833 ll=0.8172 mae=8.77 | persistence acc=0.7814
[18/23] ar_order=2,forced=('y@t', 'level_throughput_3@t'),horizon=10,level=True,n_bins=50,other_lags=2  (3s)
    model acc=0.7994 ll=0.7247 mae=8.30 acc@change=0.224 | AR acc=0.7833 ll=0.8172 mae=8.77 | persistence acc=0.7814
[19/23] ar_order=2,dynotears_lambda=0.002,engine=dynotears,other_lags=2  (1s)
    model acc=0.9130 ll=0.3320 mae=9.06 acc@change=0.339 | AR acc=0.8873 ll=0.4783 mae=10.07 | persistence acc=0.8878
[20/23] ar_order=2,dynotears_lambda=0.005,engine=dynotears,other_lags=2  (1s)
    model acc=0.9118 ll=0.3377 mae=9.03 acc@change=0.334 | AR acc=0.8873 ll=0.4783 mae=10.07 | persistence acc=0.8878
[21/23] ar_order=2,engine=dynotears,other_lags=2  (1s)
    model acc=0.9164 ll=0.3216 mae=8.84 acc@change=0.445 | AR acc=0.8873 ll=0.4783 mae=10.07 | persistence acc=0.8878
[22/23] ar_order=2,dynotears_lambda=0.05,engine=dynotears,other_lags=2  (1s)
    model acc=0.9164 ll=0.3216 mae=8.84 acc@change=0.445 | AR acc=0.8873 ll=0.4783 mae=10.07 | persistence acc=0.8878
[23/23] ar_order=2,dynotears_lambda=0.1,engine=dynotears,other_lags=2  (1s)
    model acc=0.9164 ll=0.3216 mae=8.84 acc@change=0.445 | AR acc=0.8873 ll=0.4783 mae=10.07 | persistence acc=0.8878

Saved /home/nero/Downloads/dbn_model_construction/results/ablation/extras_20260313_192652_seed783122_run20261008_162811_ga05edf8_folds.csv
Saved /home/nero/Downloads/dbn_model_construction/results/ablation/extras_20260313_192652_seed783122_run20261008_162811_ga05edf8_runs.csv.gz
[1/19] ar_order=2,capacity=True,numeric=True,on_change=capchain,other_lags=2,pool=local,target=throughput_1  (3s)
    model acc=0.9252 ll=0.2045 mae=3.71 acc@change=0.311 | AR acc=0.9116 ll=0.3497 mae=4.77 | persistence acc=0.9116
[2/19] ar_order=2,capacity=True,n_bins=50,numeric=True,on_change=capchain,other_lags=2,pool=local,target=throughput_1  (2s)
    model acc=0.8369 ll=0.4572 mae=1.83 acc@change=0.302 | AR acc=0.8259 ll=0.6043 mae=2.44 | persistence acc=0.8243
[3/19] ar_order=2,capacity=True,numeric=True,on_change=capchain,other_lags=2,pool=local,target=throughput_2  (3s)
    model acc=0.9029 ll=0.3206 mae=8.60 acc@change=0.222 | AR acc=0.8980 ll=0.4362 mae=9.90 | persistence acc=0.8981
[4/19] ar_order=2,capacity=True,n_bins=50,numeric=True,on_change=capchain,other_lags=2,pool=local,target=throughput_2  (4s)
    model acc=0.8787 ll=0.4411 mae=5.48 acc@change=0.362 | AR acc=0.8332 ll=0.6318 mae=5.99 | persistence acc=0.8332
[5/19] ar_order=2,capacity=True,numeric=True,on_change=capchain,other_lags=2,pool=local  (4s)
    model acc=0.9265 ll=0.2564 mae=8.64 acc@change=0.494 | AR acc=0.8873 ll=0.4783 mae=10.07 | persistence acc=0.8878
[6/19] ar_order=2,capacity=True,n_bins=50,numeric=True,on_change=capchain,other_lags=2,pool=local  (6s)
    model acc=0.8929 ll=0.3728 mae=5.01 acc@change=0.566 | AR acc=0.8250 ll=0.6561 mae=6.15 | persistence acc=0.8243
[7/19] ar_order=2,capacity=True,numeric=True,on_change=capchain,other_lags=2,pool=local,target=avg_p_latency_1  (3s)
    model acc=0.8850 ll=0.3082 mae=0.61 acc@change=0.352 | AR acc=0.8647 ll=0.4269 mae=0.72 | persistence acc=0.8636
[8/19] ar_order=2,capacity=True,n_bins=50,numeric=True,on_change=capchain,other_lags=2,pool=local,target=avg_p_latency_1  (2s)
    model acc=0.6993 ll=0.7728 mae=0.42 acc@change=0.274 | AR acc=0.6661 ll=0.8901 mae=0.48 | persistence acc=0.6686
[9/19] ar_order=2,capacity=True,numeric=True,on_change=capchain,other_lags=2,pool=local,target=avg_p_latency_2  (3s)
    model acc=0.9109 ll=0.3033 mae=0.53 acc@change=0.232 | AR acc=0.9022 ll=0.3982 mae=0.61 | persistence acc=0.9017
[10/19] ar_order=2,capacity=True,n_bins=50,numeric=True,on_change=capchain,other_lags=2,pool=local,target=avg_p_latency_2  (2s)
    model acc=0.7721 ll=0.6655 mae=0.40 acc@change=0.214 | AR acc=0.7551 ll=0.7670 mae=0.42 | persistence acc=0.7541
[11/19] ar_order=2,capacity=True,numeric=True,on_change=capchain,other_lags=2,pool=local,target=avg_p_latency_3  (3s)
    model acc=0.9449 ll=0.1950 mae=0.68 acc@change=0.285 | AR acc=0.9380 ll=0.2708 mae=0.75 | persistence acc=0.9416
[12/19] ar_order=2,capacity=True,n_bins=50,numeric=True,on_change=capchain,other_lags=2,pool=local,target=avg_p_latency_3  (2s)
    model acc=0.8504 ll=0.4613 mae=0.36 acc@change=0.247 | AR acc=0.8353 ll=0.5761 mae=0.41 | persistence acc=0.8380
[13/19] ar_order=2,capacity=True,disc=quantile,numeric=True,on_change=capchain,other_lags=2,pool=local,target=buffer_size_2  (3s)
    model acc=0.9233 ll=0.2882 mae=2091.37 acc@change=0.158 | AR acc=0.9187 ll=0.3779 mae=2094.38 | persistence acc=0.9187
[14/19] ar_order=2,capacity=True,disc=quantile,n_bins=50,numeric=True,on_change=capchain,other_lags=2,pool=local,target=buffer_size_2  (2s)
    model acc=0.8715 ll=0.4367 mae=828.56 acc@change=0.261 | AR acc=0.8555 ll=0.5569 mae=831.75 | persistence acc=0.8548
[15/19] ar_order=2,capacity=True,disc=quantile,numeric=True,on_change=capchain,other_lags=2,pool=local,target=buffer_size_3  (3s)
    model acc=0.8934 ll=0.3706 mae=1176.27 acc@change=0.219 | AR acc=0.8828 ll=0.4987 mae=1177.78 | persistence acc=0.8828
[16/19] ar_order=2,capacity=True,disc=quantile,n_bins=50,numeric=True,on_change=capchain,other_lags=2,pool=local,target=buffer_size_3  (2s)
    model acc=0.7937 ll=0.6554 mae=741.52 acc@change=0.277 | AR acc=0.7673 ll=0.8191 mae=738.36 | persistence acc=0.7656
[17/19] ar_order=2,capacity=True,granularity=30,n_bins=4,numeric=True,on_change=capchain,other_lags=2,pool=local  (2s)
    model acc=0.9602 ll=0.1704 mae=31.55 acc@change=0.530 | AR acc=0.9201 ll=0.3432 mae=38.33 | persistence acc=0.9201
[18/19] ar_order=2,capacity=True,granularity=30,n_bins=10,numeric=True,on_change=capchain,other_lags=2,pool=local  (0s)
    model acc=0.9143 ll=0.4124 mae=20.17 acc@change=0.403 | AR acc=0.8649 ll=0.6326 mae=27.73 | persistence acc=0.8659
[19/19] ar_order=2,capacity=True,granularity=30,numeric=True,on_change=capchain,other_lags=2,pool=local  (0s)
    model acc=0.8685 ll=0.6868 mae=18.08 acc@change=0.325 | AR acc=0.8128 ll=0.9321 mae=25.13 | persistence acc=0.8148

Saved /home/nero/Downloads/dbn_model_construction/results/ablation/recommended_20260313_192652_seed783122_run20261008_162917_ga05edf8_folds.csv
Saved /home/nero/Downloads/dbn_model_construction/results/ablation/recommended_20260313_192652_seed783122_run20261008_162917_ga05edf8_runs.csv.gz
[1/28] ar_order=2,n_bins=4,on_change=chain,other_lags=2  (3s)
    model acc=0.9899 ll=0.0428 mae=26.13 acc@change=0.268 | AR acc=0.9874 ll=0.0779 mae=26.76 | persistence acc=0.9874
[2/28] ar_order=2,capacity=True,n_bins=4,on_change=chain,other_lags=2  (3s)
    model acc=0.9901 ll=0.0359 mae=26.31 acc@change=0.313 | AR acc=0.9874 ll=0.0779 mae=26.76 | persistence acc=0.9874
[3/28] ar_order=2,capacity=True,n_bins=4,on_change=capchain,other_lags=2  (2s)
    model acc=0.9903 ll=0.0348 mae=26.25 acc@change=0.326 | AR acc=0.9874 ll=0.0779 mae=26.76 | persistence acc=0.9874
[4/28] ar_order=2,capacity=True,n_bins=4,on_change=capchain,other_lags=2,pool=local  (1s)
    model acc=0.9903 ll=0.0348 mae=26.25 acc@change=0.326 | AR acc=0.9874 ll=0.0779 mae=26.76 | persistence acc=0.9874
[5/28] ar_order=2,n_bins=10,on_change=chain,other_lags=2  (2s)
    model acc=0.9452 ll=0.2049 mae=12.96 acc@change=0.423 | AR acc=0.9299 ll=0.3340 mae=13.72 | persistence acc=0.9299
[6/28] ar_order=2,capacity=True,n_bins=10,on_change=chain,other_lags=2  (3s)
    model acc=0.9452 ll=0.2049 mae=12.96 acc@change=0.423 | AR acc=0.9299 ll=0.3340 mae=13.72 | persistence acc=0.9299
[7/28] ar_order=2,capacity=True,n_bins=10,on_change=capchain,other_lags=2  (3s)
    model acc=0.9457 ll=0.2033 mae=12.86 acc@change=0.429 | AR acc=0.9299 ll=0.3340 mae=13.72 | persistence acc=0.9299
[8/28] ar_order=2,capacity=True,n_bins=10,on_change=capchain,other_lags=2,pool=local  (1s)
    model acc=0.9513 ll=0.1842 mae=12.69 acc@change=0.498 | AR acc=0.9299 ll=0.3340 mae=13.72 | persistence acc=0.9299
[9/28] ar_order=2,on_change=chain,other_lags=2  (4s)
    model acc=0.9232 ll=0.2656 mae=8.91 acc@change=0.482 | AR acc=0.8873 ll=0.4783 mae=10.07 | persistence acc=0.8878
[10/28] ar_order=2,capacity=True,on_change=chain,other_lags=2  (5s)
    model acc=0.9232 ll=0.2656 mae=8.91 acc@change=0.482 | AR acc=0.8873 ll=0.4783 mae=10.07 | persistence acc=0.8878
[11/28] ar_order=2,capacity=True,on_change=capchain,other_lags=2  (5s)
    model acc=0.9238 ll=0.2636 mae=8.77 acc@change=0.487 | AR acc=0.8873 ll=0.4783 mae=10.07 | persistence acc=0.8878
[12/28] ar_order=2,capacity=True,on_change=capchain,other_lags=2,pool=local  (2s)
    model acc=0.9265 ll=0.2564 mae=8.64 acc@change=0.494 | AR acc=0.8873 ll=0.4783 mae=10.07 | persistence acc=0.8878
[13/28] ar_order=2,granularity=30,n_bins=4,on_change=chain,other_lags=2  (1s)
    model acc=0.9489 ll=0.2050 mae=33.02 acc@change=0.463 | AR acc=0.9201 ll=0.3432 mae=38.33 | persistence acc=0.9201
[14/28] ar_order=2,capacity=True,granularity=30,n_bins=4,on_change=chain,other_lags=2  (1s)
    model acc=0.9497 ll=0.1970 mae=32.92 acc@change=0.460 | AR acc=0.9201 ll=0.3432 mae=38.33 | persistence acc=0.9201
[15/28] ar_order=2,capacity=True,granularity=30,n_bins=4,on_change=capchain,other_lags=2  (0s)
    model acc=0.9600 ll=0.1516 mae=30.85 acc@change=0.530 | AR acc=0.9201 ll=0.3432 mae=38.33 | persistence acc=0.9201
[16/28] ar_order=2,capacity=True,granularity=30,n_bins=4,on_change=capchain,other_lags=2,pool=local  (0s)
    model acc=0.9602 ll=0.1704 mae=31.55 acc@change=0.530 | AR acc=0.9201 ll=0.3432 mae=38.33 | persistence acc=0.9201
[17/28] ar_order=2,granularity=30,n_bins=10,on_change=chain,other_lags=2  (0s)
    model acc=0.9013 ll=0.4295 mae=23.61 acc@change=0.329 | AR acc=0.8649 ll=0.6326 mae=27.73 | persistence acc=0.8659
[18/28] ar_order=2,capacity=True,granularity=30,n_bins=10,on_change=chain,other_lags=2  (0s)
    model acc=0.9013 ll=0.4282 mae=23.35 acc@change=0.329 | AR acc=0.8649 ll=0.6326 mae=27.73 | persistence acc=0.8659
[19/28] ar_order=2,capacity=True,granularity=30,n_bins=10,on_change=capchain,other_lags=2  (0s)
    model acc=0.9143 ll=0.4035 mae=19.71 acc@change=0.403 | AR acc=0.8649 ll=0.6326 mae=27.73 | persistence acc=0.8659
[20/28] ar_order=2,capacity=True,granularity=30,n_bins=10,on_change=capchain,other_lags=2,pool=local  (0s)
    model acc=0.9143 ll=0.4124 mae=20.17 acc@change=0.403 | AR acc=0.8649 ll=0.6326 mae=27.73 | persistence acc=0.8659
[21/28] ar_order=2,granularity=30,on_change=chain,other_lags=2  (0s)
    model acc=0.8433 ll=0.6593 mae=21.60 acc@change=0.211 | AR acc=0.8128 ll=0.9321 mae=25.13 | persistence acc=0.8148
[22/28] ar_order=2,capacity=True,granularity=30,on_change=chain,other_lags=2  (0s)
    model acc=0.8433 ll=0.6589 mae=21.72 acc@change=0.210 | AR acc=0.8128 ll=0.9321 mae=25.13 | persistence acc=0.8148
[23/28] ar_order=2,capacity=True,granularity=30,on_change=capchain,other_lags=2  (0s)
    model acc=0.8704 ll=0.6400 mae=15.55 acc@change=0.336 | AR acc=0.8128 ll=0.9321 mae=25.13 | persistence acc=0.8148
[24/28] ar_order=2,capacity=True,granularity=30,on_change=capchain,other_lags=2,pool=local  (0s)
    model acc=0.8685 ll=0.6868 mae=18.08 acc@change=0.325 | AR acc=0.8128 ll=0.9321 mae=25.13 | persistence acc=0.8148
[25/28] ar_order=2,on_change=chain,other_lags=2,target=throughput_1  (4s)
    model acc=0.9236 ll=0.2099 mae=3.81 acc@change=0.312 | AR acc=0.9116 ll=0.3497 mae=4.77 | persistence acc=0.9116
[26/28] ar_order=2,capacity=True,on_change=capchain,other_lags=2,target=throughput_1  (5s)
    model acc=0.9238 ll=0.2149 mae=3.75 acc@change=0.291 | AR acc=0.9116 ll=0.3497 mae=4.77 | persistence acc=0.9116
[27/28] ar_order=2,on_change=chain,other_lags=2,target=throughput_2  (5s)
    model acc=0.9083 ll=0.3092 mae=8.79 acc@change=0.215 | AR acc=0.8980 ll=0.4362 mae=9.90 | persistence acc=0.8981
[28/28] ar_order=2,capacity=True,on_change=capchain,other_lags=2,target=throughput_2  (6s)
    model acc=0.9088 ll=0.3092 mae=8.68 acc@change=0.218 | AR acc=0.8980 ll=0.4362 mae=9.90 | persistence acc=0.8981

Saved /home/nero/Downloads/dbn_model_construction/results/ablation/capacity_20260313_192652_seed783122_run20261008_163008_ga05edf8_folds.csv
Saved /home/nero/Downloads/dbn_model_construction/results/ablation/capacity_20260313_192652_seed783122_run20261008_163008_ga05edf8_runs.csv.gz
[1/48] n_bins=10,target=throughput_1  (3s)
    model acc=0.9597 ll=0.1329 mae=7.72 acc@change=0.222 | AR acc=0.9558 ll=0.2119 mae=8.45 | persistence acc=0.9558
[2/48] ar_order=2,n_bins=10,on_change=chain,other_lags=2,target=throughput_1  (2s)
    model acc=0.9621 ll=0.1171 mae=7.51 acc@change=0.308 | AR acc=0.9558 ll=0.2119 mae=8.45 | persistence acc=0.9558
[3/48] engine=hc-bic,n_bins=10,prior=bdeu,target=throughput_1  (1s)
    model acc=0.9544 ll=0.1655 mae=8.21 acc@change=0.162 | AR acc=0.9558 ll=0.2119 mae=8.45 | persistence acc=0.9558
[4/48] target=throughput_1  (2s)
    model acc=0.9176 ll=0.2404 mae=4.07 acc@change=0.239 | AR acc=0.9116 ll=0.3497 mae=4.77 | persistence acc=0.9116
[5/48] ar_order=2,on_change=chain,other_lags=2,target=throughput_1  (3s)
    model acc=0.9236 ll=0.2099 mae=3.81 acc@change=0.312 | AR acc=0.9116 ll=0.3497 mae=4.77 | persistence acc=0.9116
[6/48] engine=hc-bic,prior=bdeu,target=throughput_1  (1s)
    model acc=0.9123 ll=0.3314 mae=4.68 acc@change=0.010 | AR acc=0.9116 ll=0.3497 mae=4.77 | persistence acc=0.9116
[7/48] n_bins=10,target=throughput_2  (3s)
    model acc=0.9282 ll=0.2727 mae=14.08 acc@change=0.137 | AR acc=0.9391 ll=0.2900 mae=14.17 | persistence acc=0.9391
[8/48] ar_order=2,n_bins=10,on_change=chain,other_lags=2,target=throughput_2  (2s)
    model acc=0.9290 ll=0.2439 mae=13.53 acc@change=0.168 | AR acc=0.9391 ll=0.2900 mae=14.17 | persistence acc=0.9391
[9/48] engine=hc-bic,n_bins=10,prior=bdeu,target=throughput_2  (1s)
    model acc=0.9272 ll=0.3307 mae=15.49 acc@change=0.056 | AR acc=0.9391 ll=0.2900 mae=14.17 | persistence acc=0.9391
[10/48] target=throughput_2  (2s)
    model acc=0.9120 ll=0.3210 mae=9.26 acc@change=0.219 | AR acc=0.8980 ll=0.4362 mae=9.90 | persistence acc=0.8981
[11/48] ar_order=2,on_change=chain,other_lags=2,target=throughput_2  (3s)
    model acc=0.9083 ll=0.3092 mae=8.79 acc@change=0.215 | AR acc=0.8980 ll=0.4362 mae=9.90 | persistence acc=0.8981
[12/48] engine=hc-bic,prior=bdeu,target=throughput_2  (0s)
    model acc=0.8980 ll=0.4362 mae=9.90 acc@change=0.013 | AR acc=0.8980 ll=0.4362 mae=9.90 | persistence acc=0.8981
[13/48] n_bins=10  (3s)
    model acc=0.9434 ll=0.2356 mae=13.26 acc@change=0.350 | AR acc=0.9299 ll=0.3340 mae=13.72 | persistence acc=0.9299
[14/48] ar_order=2,n_bins=10,on_change=chain,other_lags=2  (2s)
    model acc=0.9452 ll=0.2049 mae=12.96 acc@change=0.423 | AR acc=0.9299 ll=0.3340 mae=13.72 | persistence acc=0.9299
[15/48] engine=hc-bic,n_bins=10,prior=bdeu  (1s)
    model acc=0.9246 ll=0.2943 mae=14.53 acc@change=0.234 | AR acc=0.9299 ll=0.3340 mae=13.72 | persistence acc=0.9299
[16/48] ref  (2s)
    model acc=0.9154 ll=0.3242 mae=8.87 acc@change=0.376 | AR acc=0.8873 ll=0.4783 mae=10.07 | persistence acc=0.8878
[17/48] ar_order=2,on_change=chain,other_lags=2  (4s)
    model acc=0.9232 ll=0.2656 mae=8.91 acc@change=0.482 | AR acc=0.8873 ll=0.4783 mae=10.07 | persistence acc=0.8878
[18/48] engine=hc-bic,prior=bdeu  (0s)
    model acc=0.8873 ll=0.4783 mae=10.07 acc@change=0.010 | AR acc=0.8873 ll=0.4783 mae=10.07 | persistence acc=0.8878
[19/48] n_bins=10,target=avg_p_latency_1  (3s)
    model acc=0.9372 ll=0.1633 mae=1.05 acc@change=0.337 | AR acc=0.9308 ll=0.2554 mae=1.23 | persistence acc=0.9308
[20/48] ar_order=2,n_bins=10,on_change=chain,other_lags=2,target=avg_p_latency_1  (2s)
    model acc=0.9373 ll=0.1608 mae=1.04 acc@change=0.339 | AR acc=0.9308 ll=0.2554 mae=1.23 | persistence acc=0.9308
[21/48] engine=hc-bic,n_bins=10,prior=bdeu,target=avg_p_latency_1  (1s)
    model acc=0.8901 ll=0.3418 mae=1.57 acc@change=0.130 | AR acc=0.9308 ll=0.2554 mae=1.23 | persistence acc=0.9308
[22/48] target=avg_p_latency_1  (2s)
    model acc=0.8859 ll=0.3169 mae=0.62 acc@change=0.351 | AR acc=0.8647 ll=0.4269 mae=0.72 | persistence acc=0.8636
[23/48] ar_order=2,on_change=chain,other_lags=2,target=avg_p_latency_1  (3s)
    model acc=0.8805 ll=0.3177 mae=0.62 acc@change=0.358 | AR acc=0.8647 ll=0.4269 mae=0.72 | persistence acc=0.8636
[24/48] engine=hc-bic,prior=bdeu,target=avg_p_latency_1  (1s)
    model acc=0.8659 ll=0.4132 mae=0.75 acc@change=0.232 | AR acc=0.8647 ll=0.4269 mae=0.72 | persistence acc=0.8636
[25/48] n_bins=10,target=avg_p_latency_2  (3s)
    model acc=0.9569 ll=0.1530 mae=0.96 acc@change=0.136 | AR acc=0.9570 ll=0.1996 mae=1.02 | persistence acc=0.9570
[26/48] ar_order=2,n_bins=10,on_change=chain,other_lags=2,target=avg_p_latency_2  (2s)
    model acc=0.9605 ll=0.1391 mae=0.94 acc@change=0.177 | AR acc=0.9570 ll=0.1996 mae=1.02 | persistence acc=0.9570
[27/48] engine=hc-bic,n_bins=10,prior=bdeu,target=avg_p_latency_2  (1s)
    model acc=0.9587 ll=0.1737 mae=0.97 acc@change=0.092 | AR acc=0.9570 ll=0.1996 mae=1.02 | persistence acc=0.9570
[28/48] target=avg_p_latency_2  (2s)
    model acc=0.9085 ll=0.3223 mae=0.55 acc@change=0.166 | AR acc=0.9022 ll=0.3982 mae=0.61 | persistence acc=0.9017
[29/48] ar_order=2,on_change=chain,other_lags=2,target=avg_p_latency_2  (3s)
    model acc=0.9120 ll=0.3024 mae=0.53 acc@change=0.237 | AR acc=0.9022 ll=0.3982 mae=0.61 | persistence acc=0.9017
[30/48] engine=hc-bic,prior=bdeu,target=avg_p_latency_2  (0s)
    model acc=0.9022 ll=0.3982 mae=0.61 acc@change=0.011 | AR acc=0.9022 ll=0.3982 mae=0.61 | persistence acc=0.9017
[31/48] n_bins=10,target=avg_p_latency_3  (3s)
    model acc=0.9727 ll=0.1022 mae=1.20 acc@change=0.178 | AR acc=0.9705 ll=0.1414 mae=1.33 | persistence acc=0.9728
[32/48] ar_order=2,n_bins=10,on_change=chain,other_lags=2,target=avg_p_latency_3  (2s)
    model acc=0.9734 ll=0.0926 mae=1.20 acc@change=0.231 | AR acc=0.9705 ll=0.1414 mae=1.33 | persistence acc=0.9728
[33/48] engine=hc-bic,n_bins=10,prior=bdeu,target=avg_p_latency_3  (1s)
    model acc=0.9731 ll=0.1157 mae=1.26 acc@change=0.172 | AR acc=0.9705 ll=0.1414 mae=1.33 | persistence acc=0.9728
[34/48] target=avg_p_latency_3  (2s)
    model acc=0.9413 ll=0.2197 mae=0.70 acc@change=0.147 | AR acc=0.9380 ll=0.2708 mae=0.75 | persistence acc=0.9416
[35/48] ar_order=2,on_change=chain,other_lags=2,target=avg_p_latency_3  (3s)
    model acc=0.9448 ll=0.1945 mae=0.68 acc@change=0.281 | AR acc=0.9380 ll=0.2708 mae=0.75 | persistence acc=0.9416
[36/48] engine=hc-bic,prior=bdeu,target=avg_p_latency_3  (0s)
    model acc=0.9380 ll=0.2708 mae=0.75 acc@change=0.012 | AR acc=0.9380 ll=0.2708 mae=0.75 | persistence acc=0.9416
[37/48] disc=quantile,n_bins=10,target=buffer_size_2  (3s)
    model acc=0.9530 ll=0.1976 mae=3584.76 acc@change=0.153 | AR acc=0.9491 ll=0.2513 mae=3586.44 | persistence acc=0.9491
[38/48] ar_order=2,disc=quantile,n_bins=10,on_change=chain,other_lags=2,target=buffer_size_2  (2s)
    model acc=0.9530 ll=0.1891 mae=3582.93 acc@change=0.128 | AR acc=0.9491 ll=0.2513 mae=3586.44 | persistence acc=0.9491
[39/48] disc=quantile,engine=hc-bic,n_bins=10,prior=bdeu,target=buffer_size_2  (1s)
    model acc=0.9504 ll=0.2304 mae=3586.78 acc@change=0.095 | AR acc=0.9491 ll=0.2513 mae=3586.44 | persistence acc=0.9491
[40/48] disc=quantile,target=buffer_size_2  (2s)
    model acc=0.9254 ll=0.2841 mae=2091.87 acc@change=0.194 | AR acc=0.9187 ll=0.3779 mae=2094.38 | persistence acc=0.9187
[41/48] ar_order=2,disc=quantile,on_change=chain,other_lags=2,target=buffer_size_2  (3s)
    model acc=0.9253 ll=0.2861 mae=2091.48 acc@change=0.190 | AR acc=0.9187 ll=0.3779 mae=2094.38 | persistence acc=0.9187
[42/48] disc=quantile,engine=hc-bic,prior=bdeu,target=buffer_size_2  (0s)
    model acc=0.9187 ll=0.3779 mae=2094.38 acc@change=0.000 | AR acc=0.9187 ll=0.3779 mae=2094.38 | persistence acc=0.9187
[43/48] disc=quantile,n_bins=10,target=buffer_size_3  (3s)
    model acc=0.9319 ll=0.2702 mae=1941.74 acc@change=0.100 | AR acc=0.9377 ll=0.3181 mae=1946.42 | persistence acc=0.9377
[44/48] ar_order=2,disc=quantile,n_bins=10,on_change=chain,other_lags=2,target=buffer_size_3  (2s)
    model acc=0.9396 ll=0.2465 mae=1951.24 acc@change=0.121 | AR acc=0.9377 ll=0.3181 mae=1946.42 | persistence acc=0.9377
[45/48] disc=quantile,engine=hc-bic,n_bins=10,prior=bdeu,target=buffer_size_3  (1s)
    model acc=0.9263 ll=0.3222 mae=1942.08 acc@change=0.067 | AR acc=0.9377 ll=0.3181 mae=1946.42 | persistence acc=0.9377
[46/48] disc=quantile,target=buffer_size_3  (2s)
    model acc=0.8815 ll=0.4084 mae=1176.67 acc@change=0.187 | AR acc=0.8828 ll=0.4987 mae=1177.78 | persistence acc=0.8828
[47/48] ar_order=2,disc=quantile,on_change=chain,other_lags=2,target=buffer_size_3  (3s)
    model acc=0.8934 ll=0.3706 mae=1176.27 acc@change=0.219 | AR acc=0.8828 ll=0.4987 mae=1177.78 | persistence acc=0.8828
[48/48] disc=quantile,engine=hc-bic,prior=bdeu,target=buffer_size_3  (0s)
    model acc=0.8828 ll=0.4987 mae=1177.78 acc@change=0.000 | AR acc=0.8828 ll=0.4987 mae=1177.78 | persistence acc=0.8828

Saved /home/nero/Downloads/dbn_model_construction/results/ablation/targets_20260313_192652_seed783122_run20261008_163104_ga05edf8_folds.csv
Saved /home/nero/Downloads/dbn_model_construction/results/ablation/targets_20260313_192652_seed783122_run20261008_163104_ga05edf8_runs.csv.gz
[1/16] ref  (3s)
    model acc=0.9154 ll=0.3242 mae=8.87 acc@change=0.376 | AR acc=0.8873 ll=0.4783 mae=10.07 | persistence acc=0.8878
[2/16] pool=local  (1s)
    model acc=0.9215 ll=0.3117 mae=8.60 acc@change=0.423 | AR acc=0.8873 ll=0.4783 mae=10.07 | persistence acc=0.8878
[3/16] ar_order=2,other_lags=2,pool=local  (1s)
    model acc=0.9252 ll=0.2744 mae=8.84 acc@change=0.482 | AR acc=0.8873 ll=0.4783 mae=10.07 | persistence acc=0.8878
[4/16] ar_order=2,other_lags=2  (3s)
    model acc=0.9225 ll=0.2808 mae=8.97 acc@change=0.474 | AR acc=0.8873 ll=0.4783 mae=10.07 | persistence acc=0.8878
[5/16] forced=('y@t', 'throughput_2@t')  (1s)
    model acc=0.9154 ll=0.3242 mae=8.87 acc@change=0.376 | AR acc=0.8873 ll=0.4783 mae=10.07 | persistence acc=0.8878
[6/16] forced=('y@t', 'throughput_2@t', 'buffer_size_3@t')  (1s)
    model acc=0.9175 ll=0.3206 mae=8.80 acc@change=0.374 | AR acc=0.8873 ll=0.4783 mae=10.07 | persistence acc=0.8878
[7/16] forced=('y@t', 'throughput_2@t', 'cores_3@t+h', 'data_quality_3@t+h'),max_parents=5  (1s)
    model acc=0.8938 ll=0.4157 mae=9.70 acc@change=0.186 | AR acc=0.8873 ll=0.4783 mae=10.07 | persistence acc=0.8878
[8/16] forced=('y@t', 'throughput_2@t', 'cores_3@t+h', 'data_quality_3@t+h'),max_parents=6  (1s)
    model acc=0.8955 ll=0.4140 mae=9.65 acc@change=0.179 | AR acc=0.8873 ll=0.4783 mae=10.07 | persistence acc=0.8878
[9/16] forced=('y@t', 'cores_3@t+h', 'data_quality_3@t+h')  (1s)
    model acc=0.8943 ll=0.4210 mae=10.13 acc@change=0.206 | AR acc=0.8873 ll=0.4783 mae=10.07 | persistence acc=0.8878
[10/16] forced=('y@t', 'cores_3@t+h', 'data_quality_3@t+h'),max_parents=5  (1s)
    model acc=0.8938 ll=0.4157 mae=9.70 acc@change=0.186 | AR acc=0.8873 ll=0.4783 mae=10.07 | persistence acc=0.8878
[11/16] exog=none  (1s)
    model acc=0.9151 ll=0.3271 mae=8.86 acc@change=0.371 | AR acc=0.8873 ll=0.4783 mae=10.07 | persistence acc=0.8878
[12/16] exog=none,pool=local  (1s)
    model acc=0.9215 ll=0.3117 mae=8.60 acc@change=0.423 | AR acc=0.8873 ll=0.4783 mae=10.07 | persistence acc=0.8878
[13/16] engine=hc-bic,pool=local  (0s)
    model acc=0.8873 ll=0.4783 mae=10.07 acc@change=0.010 | AR acc=0.8873 ll=0.4783 mae=10.07 | persistence acc=0.8878
[14/16] engine=hc-aic,pool=local  (0s)
    model acc=0.9127 ll=0.3883 mae=9.53 acc@change=0.386 | AR acc=0.8873 ll=0.4783 mae=10.07 | persistence acc=0.8878
[15/16] engine=hc-bdeu,pool=local  (0s)
    model acc=0.9168 ll=0.3390 mae=8.84 acc@change=0.406 | AR acc=0.8873 ll=0.4783 mae=10.07 | persistence acc=0.8878
[16/16] engine=dynotears,pool=local  (0s)
    model acc=0.9152 ll=0.3399 mae=9.11 acc@change=0.417 | AR acc=0.8873 ll=0.4783 mae=10.07 | persistence acc=0.8878

Saved /home/nero/Downloads/dbn_model_construction/results/ablation/constraints_20260313_192652_seed783122_run20261008_163227_ga05edf8_folds.csv
Saved /home/nero/Downloads/dbn_model_construction/results/ablation/constraints_20260313_192652_seed783122_run20261008_163227_ga05edf8_runs.csv.gz
[1/11] n_bins=10,numeric=True,on_change=chain  (4s)
    model acc=0.9443 ll=0.2253 mae=13.18 acc@change=0.366 | AR acc=0.9299 ll=0.3340 mae=13.72 | persistence acc=0.9299
[2/11] ar_order=2,n_bins=10,numeric=True,on_change=chain,other_lags=2  (2s)
    model acc=0.9452 ll=0.2049 mae=12.96 acc@change=0.423 | AR acc=0.9299 ll=0.3340 mae=13.72 | persistence acc=0.9299
[3/11] ar_order=3,max_parents=6,n_bins=10,numeric=True,on_change=chain,other_lags=3  (4s)
    model acc=0.9476 ll=0.1872 mae=12.60 acc@change=0.461 | AR acc=0.9299 ll=0.3340 mae=13.72 | persistence acc=0.9299
[4/11] numeric=True,on_change=chain  (3s)
    model acc=0.9161 ll=0.3102 mae=8.81 acc@change=0.384 | AR acc=0.8873 ll=0.4783 mae=10.07 | persistence acc=0.8878
[5/11] ar_order=2,numeric=True,on_change=chain,other_lags=2  (4s)
    model acc=0.9232 ll=0.2656 mae=8.91 acc@change=0.482 | AR acc=0.8873 ll=0.4783 mae=10.07 | persistence acc=0.8878
[6/11] ar_order=3,max_parents=6,numeric=True,on_change=chain,other_lags=3  (7s)
    model acc=0.9252 ll=0.2579 mae=8.78 acc@change=0.486 | AR acc=0.8873 ll=0.4783 mae=10.07 | persistence acc=0.8878
[7/11] n_bins=50,numeric=True,on_change=chain  (6s)
    model acc=0.8752 ll=0.4570 mae=5.35 acc@change=0.417 | AR acc=0.8250 ll=0.6561 mae=6.15 | persistence acc=0.8243
[8/11] ar_order=2,n_bins=50,numeric=True,on_change=chain,other_lags=2  (8s)
    model acc=0.8920 ll=0.3753 mae=5.19 acc@change=0.562 | AR acc=0.8250 ll=0.6561 mae=6.15 | persistence acc=0.8243
[9/11] ar_order=3,max_parents=6,n_bins=50,numeric=True,on_change=chain,other_lags=3  (11s)
    model acc=0.8916 ll=0.3751 mae=5.21 acc@change=0.543 | AR acc=0.8250 ll=0.6561 mae=6.15 | persistence acc=0.8243
[10/11] granularity=30,n_bins=10,numeric=True,on_change=chain  (2s)
    model acc=0.9013 ll=0.4227 mae=23.71 acc@change=0.329 | AR acc=0.8649 ll=0.6326 mae=27.73 | persistence acc=0.8659
[11/11] ar_order=2,granularity=30,n_bins=10,numeric=True,on_change=chain,other_lags=2  (0s)
    model acc=0.9013 ll=0.4295 mae=23.61 acc@change=0.329 | AR acc=0.8649 ll=0.6326 mae=27.73 | persistence acc=0.8659

Saved /home/nero/Downloads/dbn_model_construction/results/ablation/numeric_20260313_192652_seed783122_run20261008_163245_ga05edf8_folds.csv
Saved /home/nero/Downloads/dbn_model_construction/results/ablation/numeric_20260313_192652_seed783122_run20261008_163245_ga05edf8_runs.csv.gz
[1/21] n_bins=10  (3s)
    model acc=0.9434 ll=0.2356 mae=13.26 acc@change=0.350 | AR acc=0.9299 ll=0.3340 mae=13.72 | persistence acc=0.9299
[2/21] ar_order=2,n_bins=10,on_change=chain,other_lags=2  (2s)
    model acc=0.9452 ll=0.2049 mae=12.96 acc@change=0.423 | AR acc=0.9299 ll=0.3340 mae=13.72 | persistence acc=0.9299
[3/21] ar_order=3,max_parents=6,n_bins=10,on_change=chain,other_lags=3,velocity=binned  (6s)
    model acc=0.9476 ll=0.1872 mae=12.60 acc@change=0.461 | AR acc=0.9299 ll=0.3340 mae=13.72 | persistence acc=0.9299
[4/21] ref  (2s)
    model acc=0.9154 ll=0.3242 mae=8.87 acc@change=0.376 | AR acc=0.8873 ll=0.4783 mae=10.07 | persistence acc=0.8878
[5/21] ar_order=2,on_change=chain,other_lags=2  (4s)
    model acc=0.9232 ll=0.2656 mae=8.91 acc@change=0.482 | AR acc=0.8873 ll=0.4783 mae=10.07 | persistence acc=0.8878
[6/21] ar_order=3,max_parents=6,on_change=chain,other_lags=3,velocity=binned  (9s)
    model acc=0.9252 ll=0.2579 mae=8.78 acc@change=0.486 | AR acc=0.8873 ll=0.4783 mae=10.07 | persistence acc=0.8878
[7/21] n_bins=30  (2s)
    model acc=0.8994 ll=0.3874 mae=6.57 acc@change=0.418 | AR acc=0.8579 ll=0.5584 mae=7.50 | persistence acc=0.8588
[8/21] ar_order=2,n_bins=30,on_change=chain,other_lags=2  (5s)
    model acc=0.9089 ll=0.3195 mae=6.48 acc@change=0.527 | AR acc=0.8579 ll=0.5584 mae=7.50 | persistence acc=0.8588
[9/21] ar_order=3,max_parents=6,n_bins=30,on_change=chain,other_lags=3,velocity=binned  (11s)
    model acc=0.9111 ll=0.3143 mae=6.45 acc@change=0.529 | AR acc=0.8579 ll=0.5584 mae=7.50 | persistence acc=0.8588
[10/21] n_bins=50  (3s)
    model acc=0.8746 ll=0.4775 mae=5.37 acc@change=0.413 | AR acc=0.8250 ll=0.6561 mae=6.15 | persistence acc=0.8243
[11/21] ar_order=2,n_bins=50,on_change=chain,other_lags=2  (8s)
    model acc=0.8920 ll=0.3753 mae=5.19 acc@change=0.562 | AR acc=0.8250 ll=0.6561 mae=6.15 | persistence acc=0.8243
[12/21] ar_order=3,max_parents=6,n_bins=50,on_change=chain,other_lags=3,velocity=binned  (13s)
    model acc=0.8916 ll=0.3751 mae=5.21 acc@change=0.543 | AR acc=0.8250 ll=0.6561 mae=6.15 | persistence acc=0.8243
[13/21] granularity=30,n_bins=4  (2s)
    model acc=0.9201 ll=0.2769 mae=35.24 acc@change=0.018 | AR acc=0.9201 ll=0.3432 mae=38.33 | persistence acc=0.9201
[14/21] ar_order=2,granularity=30,n_bins=4,on_change=chain,other_lags=2  (0s)
    model acc=0.9489 ll=0.2050 mae=33.02 acc@change=0.463 | AR acc=0.9201 ll=0.3432 mae=38.33 | persistence acc=0.9201
[15/21] ar_order=3,granularity=30,max_parents=6,n_bins=4,on_change=chain,other_lags=3,velocity=binned  (0s)
    model acc=0.9489 ll=0.2018 mae=33.02 acc@change=0.463 | AR acc=0.9201 ll=0.3432 mae=38.33 | persistence acc=0.9201
[16/21] granularity=30,n_bins=10  (0s)
    model acc=0.8649 ll=0.5655 mae=25.77 acc@change=0.000 | AR acc=0.8649 ll=0.6326 mae=27.73 | persistence acc=0.8659
[17/21] ar_order=2,granularity=30,n_bins=10,on_change=chain,other_lags=2  (0s)
    model acc=0.9013 ll=0.4295 mae=23.61 acc@change=0.329 | AR acc=0.8649 ll=0.6326 mae=27.73 | persistence acc=0.8659
[18/21] ar_order=3,granularity=30,max_parents=6,n_bins=10,on_change=chain,other_lags=3,velocity=binned  (0s)
    model acc=0.9013 ll=0.4316 mae=23.64 acc@change=0.329 | AR acc=0.8649 ll=0.6326 mae=27.73 | persistence acc=0.8659
[19/21] granularity=30  (0s)
    model acc=0.8152 ll=0.8606 mae=21.86 acc@change=0.018 | AR acc=0.8128 ll=0.9321 mae=25.13 | persistence acc=0.8148
[20/21] ar_order=2,granularity=30,on_change=chain,other_lags=2  (0s)
    model acc=0.8433 ll=0.6593 mae=21.60 acc@change=0.211 | AR acc=0.8128 ll=0.9321 mae=25.13 | persistence acc=0.8148
[21/21] ar_order=3,granularity=30,max_parents=6,on_change=chain,other_lags=3,velocity=binned  (0s)
    model acc=0.8437 ll=0.6584 mae=21.36 acc@change=0.213 | AR acc=0.8128 ll=0.9321 mae=25.13 | persistence acc=0.8148

Saved /home/nero/Downloads/dbn_model_construction/results/ablation/best_20260313_192652_seed783122_run20261008_163334_ga05edf8_folds.csv
Saved /home/nero/Downloads/dbn_model_construction/results/ablation/best_20260313_192652_seed783122_run20261008_163334_ga05edf8_runs.csv.gz
[1/18] n_bins=4  (3s)
    model acc=0.9891 ll=0.0622 mae=26.81 acc@change=0.217 | AR acc=0.9874 ll=0.0779 mae=26.76 | persistence acc=0.9874
[2/18] n_bins=4,on_change=static  (1s)
    model acc=0.9892 ll=0.0587 mae=26.77 acc@change=0.243 | AR acc=0.9874 ll=0.0779 mae=26.76 | persistence acc=0.9874
[3/18] n_bins=4,on_change=chain  (1s)
    model acc=0.9900 ll=0.0549 mae=26.70 acc@change=0.298 | AR acc=0.9874 ll=0.0779 mae=26.76 | persistence acc=0.9874
[4/18] n_bins=10  (1s)
    model acc=0.9434 ll=0.2356 mae=13.26 acc@change=0.350 | AR acc=0.9299 ll=0.3340 mae=13.72 | persistence acc=0.9299
[5/18] n_bins=10,on_change=static  (2s)
    model acc=0.9433 ll=0.2331 mae=13.25 acc@change=0.352 | AR acc=0.9299 ll=0.3340 mae=13.72 | persistence acc=0.9299
[6/18] n_bins=10,on_change=chain  (2s)
    model acc=0.9443 ll=0.2253 mae=13.18 acc@change=0.366 | AR acc=0.9299 ll=0.3340 mae=13.72 | persistence acc=0.9299
[7/18] ref  (2s)
    model acc=0.9154 ll=0.3242 mae=8.87 acc@change=0.376 | AR acc=0.8873 ll=0.4783 mae=10.07 | persistence acc=0.8878
[8/18] on_change=static  (2s)
    model acc=0.9154 ll=0.3194 mae=8.87 acc@change=0.377 | AR acc=0.8873 ll=0.4783 mae=10.07 | persistence acc=0.8878
[9/18] on_change=chain  (3s)
    model acc=0.9161 ll=0.3102 mae=8.81 acc@change=0.384 | AR acc=0.8873 ll=0.4783 mae=10.07 | persistence acc=0.8878
[10/18] granularity=30,n_bins=4  (2s)
    model acc=0.9201 ll=0.2769 mae=35.24 acc@change=0.018 | AR acc=0.9201 ll=0.3432 mae=38.33 | persistence acc=0.9201
[11/18] granularity=30,n_bins=4,on_change=static  (0s)
    model acc=0.9371 ll=0.2397 mae=33.37 acc@change=0.309 | AR acc=0.9201 ll=0.3432 mae=38.33 | persistence acc=0.9201
[12/18] granularity=30,n_bins=4,on_change=chain  (0s)
    model acc=0.9489 ll=0.2043 mae=32.83 acc@change=0.463 | AR acc=0.9201 ll=0.3432 mae=38.33 | persistence acc=0.9201
[13/18] granularity=30,n_bins=10  (0s)
    model acc=0.8649 ll=0.5655 mae=25.77 acc@change=0.000 | AR acc=0.8649 ll=0.6326 mae=27.73 | persistence acc=0.8659
[14/18] granularity=30,n_bins=10,on_change=static  (0s)
    model acc=0.8674 ll=0.5721 mae=25.70 acc@change=0.064 | AR acc=0.8649 ll=0.6326 mae=27.73 | persistence acc=0.8659
[15/18] granularity=30,n_bins=10,on_change=chain  (0s)
    model acc=0.9013 ll=0.4227 mae=23.71 acc@change=0.329 | AR acc=0.8649 ll=0.6326 mae=27.73 | persistence acc=0.8659
[16/18] granularity=30  (0s)
    model acc=0.8152 ll=0.8606 mae=21.86 acc@change=0.018 | AR acc=0.8128 ll=0.9321 mae=25.13 | persistence acc=0.8148
[17/18] granularity=30,on_change=static  (0s)
    model acc=0.8148 ll=0.8253 mae=22.04 acc@change=0.040 | AR acc=0.8128 ll=0.9321 mae=25.13 | persistence acc=0.8148
[18/18] granularity=30,on_change=chain  (0s)
    model acc=0.8435 ll=0.6603 mae=21.60 acc@change=0.212 | AR acc=0.8128 ll=0.9321 mae=25.13 | persistence acc=0.8148

Saved /home/nero/Downloads/dbn_model_construction/results/ablation/config_change_20260313_192652_seed783122_run20261008_163446_ga05edf8_folds.csv
Saved /home/nero/Downloads/dbn_model_construction/results/ablation/config_change_20260313_192652_seed783122_run20261008_163446_ga05edf8_runs.csv.gz
[1/60] ref  (4s)
    model acc=0.9154 ll=0.3242 mae=8.87 acc@change=0.376 | AR acc=0.8873 ll=0.4783 mae=10.07 | persistence acc=0.8878
[2/60] n_bins=4  (1s)
    model acc=0.9891 ll=0.0622 mae=26.81 acc@change=0.217 | AR acc=0.9874 ll=0.0779 mae=26.76 | persistence acc=0.9874
[3/60] n_bins=6  (1s)
    model acc=0.9798 ll=0.0789 mae=21.28 acc@change=0.281 | AR acc=0.9818 ll=0.1153 mae=21.26 | persistence acc=0.9818
[4/60] n_bins=10  (1s)
    model acc=0.9434 ll=0.2356 mae=13.26 acc@change=0.350 | AR acc=0.9299 ll=0.3340 mae=13.72 | persistence acc=0.9299
[5/60] n_bins=30  (2s)
    model acc=0.8994 ll=0.3874 mae=6.57 acc@change=0.418 | AR acc=0.8579 ll=0.5584 mae=7.50 | persistence acc=0.8588
[6/60] n_bins=50  (3s)
    model acc=0.8746 ll=0.4775 mae=5.37 acc@change=0.413 | AR acc=0.8250 ll=0.6561 mae=6.15 | persistence acc=0.8243
[7/60] n_bins=100  (4s)
    model acc=0.8041 ll=0.7078 mae=4.80 acc@change=0.421 | AR acc=0.7297 ll=0.9256 mae=5.48 | persistence acc=0.7358
[8/60] disc=quantile  (1s)
    model acc=0.8706 ll=0.4444 mae=9.04 acc@change=0.483 | AR acc=0.8054 ll=0.6675 mae=10.23 | persistence acc=0.8054
[9/60] disc=kmeans  (2s)
    model acc=0.9498 ll=0.2237 mae=6.83 acc@change=0.304 | AR acc=0.9360 ll=0.3167 mae=7.28 | persistence acc=0.9360
[10/60] disc_x=uniform  (1s)
    model acc=0.9141 ll=0.3316 mae=9.32 acc@change=0.398 | AR acc=0.8873 ll=0.4783 mae=10.07 | persistence acc=0.8878
[11/60] disc_x=kmeans  (4s)
    model acc=0.9135 ll=0.3307 mae=9.21 acc@change=0.392 | AR acc=0.8873 ll=0.4783 mae=10.07 | persistence acc=0.8878
[12/60] n_bins_x=6  (1s)
    model acc=0.9124 ll=0.3402 mae=9.42 acc@change=0.368 | AR acc=0.8873 ll=0.4783 mae=10.07 | persistence acc=0.8878
[13/60] n_bins_x=10  (1s)
    model acc=0.9125 ll=0.3314 mae=9.16 acc@change=0.372 | AR acc=0.8873 ll=0.4783 mae=10.07 | persistence acc=0.8878
[14/60] shared_bins=False  (1s)
    model acc=0.8984 ll=0.3489 mae=8.59 acc@change=0.242 | AR acc=0.8873 ll=0.4783 mae=10.07 | persistence acc=0.8878
[15/60] ar_order=2  (1s)
    model acc=0.9152 ll=0.3215 mae=8.90 acc@change=0.373 | AR acc=0.8873 ll=0.4783 mae=10.07 | persistence acc=0.8878
[16/60] ar_order=3  (1s)
    model acc=0.9152 ll=0.3215 mae=8.90 acc@change=0.373 | AR acc=0.8873 ll=0.4783 mae=10.07 | persistence acc=0.8878
[17/60] ar_order=5  (1s)
    model acc=0.9153 ll=0.3217 mae=8.90 acc@change=0.373 | AR acc=0.8873 ll=0.4783 mae=10.07 | persistence acc=0.8878
[18/60] other_lags=2  (2s)
    model acc=0.9225 ll=0.2808 mae=8.97 acc@change=0.474 | AR acc=0.8873 ll=0.4783 mae=10.07 | persistence acc=0.8878
[19/60] other_lags=3  (2s)
    model acc=0.9239 ll=0.2763 mae=8.92 acc@change=0.479 | AR acc=0.8873 ll=0.4783 mae=10.07 | persistence acc=0.8878
[20/60] other_lags=5  (4s)
    model acc=0.9239 ll=0.2763 mae=8.92 acc@change=0.479 | AR acc=0.8873 ll=0.4783 mae=10.07 | persistence acc=0.8878
[21/60] ar_order=3,other_lags=3  (2s)
    model acc=0.9239 ll=0.2763 mae=8.92 acc@change=0.479 | AR acc=0.8873 ll=0.4783 mae=10.07 | persistence acc=0.8878
[22/60] velocity=sign  (2s)
    model acc=0.9152 ll=0.3101 mae=8.81 acc@change=0.373 | AR acc=0.8873 ll=0.4783 mae=10.07 | persistence acc=0.8878
[23/60] velocity=binned  (2s)
    model acc=0.9151 ll=0.3129 mae=8.83 acc@change=0.379 | AR acc=0.8873 ll=0.4783 mae=10.07 | persistence acc=0.8878
[24/60] ar_order=2,other_lags=2,velocity=binned  (2s)
    model acc=0.9225 ll=0.2808 mae=8.97 acc@change=0.474 | AR acc=0.8873 ll=0.4783 mae=10.07 | persistence acc=0.8878
[25/60] relative=True  (1s)
    model acc=0.9154 ll=0.3242 mae=8.87 acc@change=0.376 | AR acc=0.8873 ll=0.4783 mae=10.07 | persistence acc=0.8878
[26/60] target_mode=delta  (2s)
    model acc=0.9154 ll=0.3257 mae=8.86 acc@change=0.376 | AR acc=0.8873 ll=0.4783 mae=10.07 | persistence acc=0.8878
[27/60] relative=True,target_mode=delta  (2s)
    model acc=0.9154 ll=0.3257 mae=8.86 acc@change=0.376 | AR acc=0.8873 ll=0.4783 mae=10.07 | persistence acc=0.8878
[28/60] exog=none  (1s)
    model acc=0.9151 ll=0.3271 mae=8.86 acc@change=0.371 | AR acc=0.8873 ll=0.4783 mae=10.07 | persistence acc=0.8878
[29/60] exog=controls  (1s)
    model acc=0.9154 ll=0.3242 mae=8.87 acc@change=0.376 | AR acc=0.8873 ll=0.4783 mae=10.07 | persistence acc=0.8878
[30/60] pool=all  (2s)
    model acc=0.9154 ll=0.3242 mae=8.87 acc@change=0.376 | AR acc=0.8873 ll=0.4783 mae=10.07 | persistence acc=0.8878
[31/60] engine=ar  (0s)
    model acc=0.8873 ll=0.4783 mae=10.07 acc@change=0.010 | AR acc=0.8873 ll=0.4783 mae=10.07 | persistence acc=0.8878
[32/60] engine=hc-bic  (0s)
    model acc=0.8873 ll=0.4783 mae=10.07 acc@change=0.010 | AR acc=0.8873 ll=0.4783 mae=10.07 | persistence acc=0.8878
[33/60] engine=hc-bic-obs  (1s)
    model acc=0.8849 ll=0.4792 mae=9.83 acc@change=0.048 | AR acc=0.8873 ll=0.4783 mae=10.07 | persistence acc=0.8878
[34/60] engine=hc-aic  (1s)
    model acc=0.9120 ll=0.3654 mae=9.59 acc@change=0.394 | AR acc=0.8873 ll=0.4783 mae=10.07 | persistence acc=0.8878
[35/60] engine=hc-bdeu  (1s)
    model acc=0.9118 ll=0.3388 mae=9.23 acc@change=0.379 | AR acc=0.8873 ll=0.4783 mae=10.07 | persistence acc=0.8878
[36/60] engine=cmi  (0s)
    model acc=0.9079 ll=0.3529 mae=9.36 acc@change=0.297 | AR acc=0.8873 ll=0.4783 mae=10.07 | persistence acc=0.8878
[37/60] engine=lasso  (0s)
    model acc=0.9055 ll=0.3741 mae=9.41 acc@change=0.245 | AR acc=0.8873 ll=0.4783 mae=10.07 | persistence acc=0.8878
[38/60] engine=dynotears  (1s)
    model acc=0.9140 ll=0.3386 mae=9.16 acc@change=0.407 | AR acc=0.8873 ll=0.4783 mae=10.07 | persistence acc=0.8878
[39/60] engine=ar,prior=bdeu  (0s)
    model acc=0.8873 ll=0.4783 mae=10.07 acc@change=0.010 | AR acc=0.8873 ll=0.4783 mae=10.07 | persistence acc=0.8878
[40/60] engine=hc-bic,prior=bdeu  (0s)
    model acc=0.8873 ll=0.4783 mae=10.07 acc@change=0.010 | AR acc=0.8873 ll=0.4783 mae=10.07 | persistence acc=0.8878
[41/60] engine=hc-bic-obs,prior=bdeu  (1s)
    model acc=0.8788 ll=0.5438 mae=10.33 acc@change=0.048 | AR acc=0.8873 ll=0.4783 mae=10.07 | persistence acc=0.8878
[42/60] engine=hc-aic,prior=bdeu  (1s)
    model acc=0.8577 ll=0.6417 mae=14.81 acc@change=0.434 | AR acc=0.8873 ll=0.4783 mae=10.07 | persistence acc=0.8878
[43/60] engine=hc-bdeu,prior=bdeu  (1s)
    model acc=0.7999 ll=0.9113 mae=25.70 acc@change=0.452 | AR acc=0.8873 ll=0.4783 mae=10.07 | persistence acc=0.8878
[44/60] engine=cmi,prior=bdeu  (0s)
    model acc=0.7393 ll=1.0681 mae=37.92 acc@change=0.402 | AR acc=0.8873 ll=0.4783 mae=10.07 | persistence acc=0.8878
[45/60] engine=lasso,prior=bdeu  (0s)
    model acc=0.6770 ll=1.4151 mae=47.73 acc@change=0.372 | AR acc=0.8873 ll=0.4783 mae=10.07 | persistence acc=0.8878
[46/60] engine=dynotears,prior=bdeu  (1s)
    model acc=0.8683 ll=0.5844 mae=17.33 acc@change=0.481 | AR acc=0.8873 ll=0.4783 mae=10.07 | persistence acc=0.8878
[47/60] prior=bdeu  (1s)
    model acc=0.8912 ll=0.4635 mae=10.80 acc@change=0.227 | AR acc=0.8873 ll=0.4783 mae=10.07 | persistence acc=0.8878
[48/60] engine=fixed,fixed_parents=('y@t', 'throughput_2@t', 'buffer_size_3@t', 'cores_3@t+h', 'data_quality_3@t+h')  (0s)
    model acc=0.8934 ll=0.4168 mae=9.85 acc@change=0.162 | AR acc=0.8873 ll=0.4783 mae=10.07 | persistence acc=0.8878
[49/60] max_parents=2  (1s)
    model acc=0.9168 ll=0.3401 mae=9.17 acc@change=0.449 | AR acc=0.8873 ll=0.4783 mae=10.07 | persistence acc=0.8878
[50/60] max_parents=3  (1s)
    model acc=0.9181 ll=0.3173 mae=8.77 acc@change=0.413 | AR acc=0.8873 ll=0.4783 mae=10.07 | persistence acc=0.8878
[51/60] max_parents=5  (1s)
    model acc=0.9154 ll=0.3216 mae=8.85 acc@change=0.376 | AR acc=0.8873 ll=0.4783 mae=10.07 | persistence acc=0.8878
[52/60] max_parents=6  (1s)
    model acc=0.9154 ll=0.3216 mae=8.85 acc@change=0.376 | AR acc=0.8873 ll=0.4783 mae=10.07 | persistence acc=0.8878
[53/60] forced=()  (1s)
    model acc=0.9154 ll=0.3242 mae=8.87 acc@change=0.376 | AR acc=0.8873 ll=0.4783 mae=10.07 | persistence acc=0.8878
[54/60] ess=1.0  (1s)
    model acc=0.9136 ll=0.3409 mae=9.15 acc@change=0.462 | AR acc=0.8873 ll=0.4838 mae=10.05 | persistence acc=0.8878
[55/60] ess=3.0  (1s)
    model acc=0.9176 ll=0.3320 mae=8.96 acc@change=0.414 | AR acc=0.8873 ll=0.4811 mae=10.05 | persistence acc=0.8878
[56/60] ess=30.0  (1s)
    model acc=0.9143 ll=0.3224 mae=8.90 acc@change=0.345 | AR acc=0.8873 ll=0.4759 mae=10.10 | persistence acc=0.8878
[57/60] ess=100.0  (1s)
    model acc=0.9099 ll=0.3277 mae=8.99 acc@change=0.294 | AR acc=0.8873 ll=0.4736 mae=10.18 | persistence acc=0.8878
[58/60] cross_run=False  (1s)
    model acc=0.9170 ll=0.3052 mae=8.54 acc@change=0.379 | AR acc=0.8892 ll=0.4626 mae=9.75 | persistence acc=0.8897
[59/60] on_change=static  (1s)
    model acc=0.9154 ll=0.3194 mae=8.87 acc@change=0.377 | AR acc=0.8873 ll=0.4783 mae=10.07 | persistence acc=0.8878
[60/60] on_change=chain  (2s)
    model acc=0.9161 ll=0.3102 mae=8.81 acc@change=0.384 | AR acc=0.8873 ll=0.4783 mae=10.07 | persistence acc=0.8878

Saved /home/nero/Downloads/dbn_model_construction/results/ablation/ofat_20260313_192652_seed783122_run20261008_163505_ga05edf8_folds.csv
Saved /home/nero/Downloads/dbn_model_construction/results/ablation/ofat_20260313_192652_seed783122_run20261008_163505_ga05edf8_runs.csv.gz
[1/48] n_bins=4  (3s)
    model acc=0.9891 ll=0.0622 mae=26.81 acc@change=0.217 | AR acc=0.9874 ll=0.0779 mae=26.76 | persistence acc=0.9874
[2/48] engine=hc-bic,n_bins=4,prior=bdeu  (1s)
    model acc=0.9874 ll=0.0566 mae=26.96 acc@change=0.296 | AR acc=0.9874 ll=0.0779 mae=26.76 | persistence acc=0.9874
[3/48] n_bins=6  (1s)
    model acc=0.9798 ll=0.0789 mae=21.28 acc@change=0.281 | AR acc=0.9818 ll=0.1153 mae=21.26 | persistence acc=0.9818
[4/48] engine=hc-bic,n_bins=6,prior=bdeu  (1s)
    model acc=0.9668 ll=0.1096 mae=22.76 acc@change=0.197 | AR acc=0.9818 ll=0.1153 mae=21.26 | persistence acc=0.9818
[5/48] n_bins=10  (1s)
    model acc=0.9434 ll=0.2356 mae=13.26 acc@change=0.350 | AR acc=0.9299 ll=0.3340 mae=13.72 | persistence acc=0.9299
[6/48] engine=hc-bic,n_bins=10,prior=bdeu  (1s)
    model acc=0.9246 ll=0.2943 mae=14.53 acc@change=0.234 | AR acc=0.9299 ll=0.3340 mae=13.72 | persistence acc=0.9299
[7/48] ref  (2s)
    model acc=0.9154 ll=0.3242 mae=8.87 acc@change=0.376 | AR acc=0.8873 ll=0.4783 mae=10.07 | persistence acc=0.8878
[8/48] engine=hc-bic,prior=bdeu  (1s)
    model acc=0.8873 ll=0.4783 mae=10.07 acc@change=0.010 | AR acc=0.8873 ll=0.4783 mae=10.07 | persistence acc=0.8878
[9/48] n_bins=30  (2s)
    model acc=0.8994 ll=0.3874 mae=6.57 acc@change=0.418 | AR acc=0.8579 ll=0.5584 mae=7.50 | persistence acc=0.8588
[10/48] engine=hc-bic,n_bins=30,prior=bdeu  (0s)
    model acc=0.8579 ll=0.5584 mae=7.50 acc@change=0.013 | AR acc=0.8579 ll=0.5584 mae=7.50 | persistence acc=0.8588
[11/48] n_bins=50  (3s)
    model acc=0.8746 ll=0.4775 mae=5.37 acc@change=0.413 | AR acc=0.8250 ll=0.6561 mae=6.15 | persistence acc=0.8243
[12/48] engine=hc-bic,n_bins=50,prior=bdeu  (1s)
    model acc=0.8250 ll=0.6561 mae=6.15 acc@change=0.025 | AR acc=0.8250 ll=0.6561 mae=6.15 | persistence acc=0.8243
[13/48] granularity=5,n_bins=4  (2s)
    model acc=0.9762 ll=0.1170 mae=26.99 acc@change=0.083 | AR acc=0.9746 ll=0.1368 mae=27.66 | persistence acc=0.9746
[14/48] engine=hc-bic,granularity=5,n_bins=4,prior=bdeu  (0s)
    model acc=0.9720 ll=0.1441 mae=27.81 acc@change=0.074 | AR acc=0.9746 ll=0.1368 mae=27.66 | persistence acc=0.9746
[15/48] granularity=5,n_bins=6  (0s)
    model acc=0.9646 ll=0.1604 mae=21.57 acc@change=0.043 | AR acc=0.9635 ll=0.1961 mae=21.91 | persistence acc=0.9635
[16/48] engine=hc-bic,granularity=5,n_bins=6,prior=bdeu  (0s)
    model acc=0.9635 ll=0.1961 mae=21.91 acc@change=0.000 | AR acc=0.9635 ll=0.1961 mae=21.91 | persistence acc=0.9635
[17/48] granularity=5,n_bins=10  (0s)
    model acc=0.9190 ll=0.3520 mae=14.78 acc@change=0.059 | AR acc=0.9180 ll=0.3872 mae=15.24 | persistence acc=0.9191
[18/48] engine=hc-bic,granularity=5,n_bins=10,prior=bdeu  (0s)
    model acc=0.9180 ll=0.3872 mae=15.24 acc@change=0.002 | AR acc=0.9180 ll=0.3872 mae=15.24 | persistence acc=0.9191
[19/48] granularity=5  (0s)
    model acc=0.8811 ll=0.5011 mae=10.28 acc@change=0.084 | AR acc=0.8813 ll=0.5653 mae=10.84 | persistence acc=0.8827
[20/48] engine=hc-bic,granularity=5,prior=bdeu  (0s)
    model acc=0.8813 ll=0.5653 mae=10.84 acc@change=0.009 | AR acc=0.8813 ll=0.5653 mae=10.84 | persistence acc=0.8827
[21/48] granularity=5,n_bins=30  (0s)
    model acc=0.8620 ll=0.6036 mae=8.63 acc@change=0.066 | AR acc=0.8579 ll=0.6758 mae=9.18 | persistence acc=0.8592
[22/48] engine=hc-bic,granularity=5,n_bins=30,prior=bdeu  (0s)
    model acc=0.8579 ll=0.6758 mae=9.18 acc@change=0.021 | AR acc=0.8579 ll=0.6758 mae=9.18 | persistence acc=0.8592
[23/48] granularity=5,n_bins=50  (0s)
    model acc=0.8246 ll=0.7822 mae=7.80 acc@change=0.098 | AR acc=0.8166 ll=0.8689 mae=8.25 | persistence acc=0.8219
[24/48] engine=hc-bic,granularity=5,n_bins=50,prior=bdeu  (0s)
    model acc=0.8166 ll=0.8689 mae=8.25 acc@change=0.033 | AR acc=0.8166 ll=0.8689 mae=8.25 | persistence acc=0.8219
[25/48] granularity=10,n_bins=4  (2s)
    model acc=0.9680 ll=0.1379 mae=28.53 acc@change=0.002 | AR acc=0.9679 ll=0.1664 mae=29.29 | persistence acc=0.9679
[26/48] engine=hc-bic,granularity=10,n_bins=4,prior=bdeu  (0s)
    model acc=0.9653 ll=0.1728 mae=29.51 acc@change=0.054 | AR acc=0.9679 ll=0.1664 mae=29.29 | persistence acc=0.9679
[27/48] granularity=10,n_bins=6  (0s)
    model acc=0.9378 ll=0.2381 mae=23.08 acc@change=0.044 | AR acc=0.9392 ll=0.2883 mae=23.95 | persistence acc=0.9392
[28/48] engine=hc-bic,granularity=10,n_bins=6,prior=bdeu  (0s)
    model acc=0.9392 ll=0.2883 mae=23.95 acc@change=0.000 | AR acc=0.9392 ll=0.2883 mae=23.95 | persistence acc=0.9392
[29/48] granularity=10,n_bins=10  (0s)
    model acc=0.9091 ll=0.3678 mae=17.22 acc@change=0.048 | AR acc=0.9105 ll=0.4239 mae=18.18 | persistence acc=0.9118
[30/48] engine=hc-bic,granularity=10,n_bins=10,prior=bdeu  (0s)
    model acc=0.9105 ll=0.4239 mae=18.18 acc@change=0.001 | AR acc=0.9105 ll=0.4239 mae=18.18 | persistence acc=0.9118
[31/48] granularity=10  (0s)
    model acc=0.8671 ll=0.5636 mae=11.30 acc@change=0.102 | AR acc=0.8626 ll=0.6365 mae=12.37 | persistence acc=0.8651
[32/48] engine=hc-bic,granularity=10,prior=bdeu  (0s)
    model acc=0.8626 ll=0.6365 mae=12.37 acc@change=0.007 | AR acc=0.8626 ll=0.6365 mae=12.37 | persistence acc=0.8651
[33/48] granularity=10,n_bins=30  (0s)
    model acc=0.8278 ll=0.7369 mae=10.44 acc@change=0.113 | AR acc=0.8208 ll=0.8215 mae=11.24 | persistence acc=0.8214
[34/48] engine=hc-bic,granularity=10,n_bins=30,prior=bdeu  (0s)
    model acc=0.8208 ll=0.8215 mae=11.24 acc@change=0.040 | AR acc=0.8208 ll=0.8215 mae=11.24 | persistence acc=0.8214
[35/48] granularity=10,n_bins=50  (0s)
    model acc=0.8081 ll=0.9376 mae=9.90 acc@change=0.155 | AR acc=0.7946 ll=0.9992 mae=10.69 | persistence acc=0.7913
[36/48] engine=hc-bic,granularity=10,n_bins=50,prior=bdeu  (0s)
    model acc=0.7946 ll=0.9992 mae=10.69 acc@change=0.098 | AR acc=0.7946 ll=0.9992 mae=10.69 | persistence acc=0.7913
[37/48] granularity=30,n_bins=4  (1s)
    model acc=0.9201 ll=0.2769 mae=35.24 acc@change=0.018 | AR acc=0.9201 ll=0.3432 mae=38.33 | persistence acc=0.9201
[38/48] engine=hc-bic,granularity=30,n_bins=4,prior=bdeu  (0s)
    model acc=0.9206 ll=0.3273 mae=36.97 acc@change=0.060 | AR acc=0.9201 ll=0.3432 mae=38.33 | persistence acc=0.9201
[39/48] granularity=30,n_bins=6  (0s)
    model acc=0.8842 ll=0.4185 mae=31.52 acc@change=0.015 | AR acc=0.8827 ll=0.5004 mae=33.10 | persistence acc=0.8827
[40/48] engine=hc-bic,granularity=30,n_bins=6,prior=bdeu  (0s)
    model acc=0.8827 ll=0.5004 mae=33.10 acc@change=0.000 | AR acc=0.8827 ll=0.5004 mae=33.10 | persistence acc=0.8827
[41/48] granularity=30,n_bins=10  (0s)
    model acc=0.8649 ll=0.5655 mae=25.77 acc@change=0.000 | AR acc=0.8649 ll=0.6326 mae=27.73 | persistence acc=0.8659
[42/48] engine=hc-bic,granularity=30,n_bins=10,prior=bdeu  (0s)
    model acc=0.8649 ll=0.6326 mae=27.73 acc@change=0.000 | AR acc=0.8649 ll=0.6326 mae=27.73 | persistence acc=0.8659
[43/48] granularity=30  (0s)
    model acc=0.8152 ll=0.8606 mae=21.86 acc@change=0.018 | AR acc=0.8128 ll=0.9321 mae=25.13 | persistence acc=0.8148
[44/48] engine=hc-bic,granularity=30,prior=bdeu  (0s)
    model acc=0.8128 ll=0.9321 mae=25.13 acc@change=0.002 | AR acc=0.8128 ll=0.9321 mae=25.13 | persistence acc=0.8148
[45/48] granularity=30,n_bins=30  (0s)
    model acc=0.7562 ll=1.1573 mae=22.32 acc@change=0.039 | AR acc=0.7482 ll=1.2177 mae=25.40 | persistence acc=0.7491
[46/48] engine=hc-bic,granularity=30,n_bins=30,prior=bdeu  (0s)
    model acc=0.7482 ll=1.2177 mae=25.40 acc@change=0.002 | AR acc=0.7482 ll=1.2177 mae=25.40 | persistence acc=0.7491
[47/48] granularity=30,n_bins=50  (0s)
    model acc=0.6818 ll=1.5700 mae=22.99 acc@change=0.147 | AR acc=0.6450 ll=1.6563 mae=24.66 | persistence acc=0.6482
[48/48] engine=hc-bic,granularity=30,n_bins=50,prior=bdeu  (0s)
    model acc=0.6450 ll=1.6563 mae=24.66 acc@change=0.031 | AR acc=0.6450 ll=1.6563 mae=24.66 | persistence acc=0.6482

Saved /home/nero/Downloads/dbn_model_construction/results/ablation/bins_granularity_20260313_192652_seed783122_run20261008_163627_ga05edf8_folds.csv
Saved /home/nero/Downloads/dbn_model_construction/results/ablation/bins_granularity_20260313_192652_seed783122_run20261008_163627_ga05edf8_runs.csv.gz
[1/11] ref  (3s)
    model acc=0.9154 ll=0.3242 mae=8.87 acc@change=0.376 | AR acc=0.8873 ll=0.4783 mae=10.07 | persistence acc=0.8878
[2/11] horizon=2  (2s)
    model acc=0.9024 ll=0.3584 mae=9.39 acc@change=0.303 | AR acc=0.8800 ll=0.5131 mae=10.95 | persistence acc=0.8812
[3/11] horizon=5  (2s)
    model acc=0.8735 ll=0.4518 mae=10.30 acc@change=0.159 | AR acc=0.8710 ll=0.5505 mae=11.65 | persistence acc=0.8717
[4/11] horizon=10  (2s)
    model acc=0.8567 ll=0.5049 mae=11.80 acc@change=0.155 | AR acc=0.8623 ll=0.5819 mae=12.59 | persistence acc=0.8629
[5/11] horizon=30  (2s)
    model acc=0.8474 ll=0.5685 mae=14.90 acc@change=0.223 | AR acc=0.8298 ll=0.6855 mae=16.08 | persistence acc=0.8311
[6/11] granularity=5  (2s)
    model acc=0.8811 ll=0.5011 mae=10.28 acc@change=0.084 | AR acc=0.8813 ll=0.5653 mae=10.84 | persistence acc=0.8827
[7/11] granularity=5,horizon=2  (0s)
    model acc=0.8708 ll=0.5485 mae=11.34 acc@change=0.048 | AR acc=0.8702 ll=0.6051 mae=11.81 | persistence acc=0.8714
[8/11] granularity=5,horizon=6  (0s)
    model acc=0.8521 ll=0.6330 mae=14.48 acc@change=0.157 | AR acc=0.8356 ll=0.7135 mae=15.15 | persistence acc=0.8382
[9/11] granularity=10  (1s)
    model acc=0.8671 ll=0.5636 mae=11.30 acc@change=0.102 | AR acc=0.8626 ll=0.6365 mae=12.37 | persistence acc=0.8651
[10/11] granularity=10,horizon=3  (0s)
    model acc=0.8398 ll=0.6817 mae=15.32 acc@change=0.118 | AR acc=0.8257 ll=0.7632 mae=15.85 | persistence acc=0.8285
[11/11] granularity=30  (1s)
    model acc=0.8152 ll=0.8606 mae=21.86 acc@change=0.018 | AR acc=0.8128 ll=0.9321 mae=25.13 | persistence acc=0.8148

Saved /home/nero/Downloads/dbn_model_construction/results/ablation/horizon_20260313_192652_seed783122_run20261008_163652_ga05edf8_folds.csv
Saved /home/nero/Downloads/dbn_model_construction/results/ablation/horizon_20260313_192652_seed783122_run20261008_163652_ga05edf8_runs.csv.gz
[1/128] n_bins=10  (3s)
    model acc=0.9434 ll=0.2356 mae=13.26 acc@change=0.350 | AR acc=0.9299 ll=0.3340 mae=13.72 | persistence acc=0.9299
[2/128] max_parents=6,n_bins=10  (2s)
    model acc=0.9434 ll=0.2329 mae=13.23 acc@change=0.350 | AR acc=0.9299 ll=0.3340 mae=13.72 | persistence acc=0.9299
[3/128] n_bins=10,relative=True  (1s)
    model acc=0.9439 ll=0.2311 mae=13.01 acc@change=0.344 | AR acc=0.9299 ll=0.3340 mae=13.72 | persistence acc=0.9299
[4/128] max_parents=6,n_bins=10,relative=True  (2s)
    model acc=0.9449 ll=0.2251 mae=13.04 acc@change=0.363 | AR acc=0.9299 ll=0.3340 mae=13.72 | persistence acc=0.9299
[5/128] ar_order=2,n_bins=10,other_lags=2  (2s)
    model acc=0.9443 ll=0.2154 mae=13.04 acc@change=0.407 | AR acc=0.9299 ll=0.3340 mae=13.72 | persistence acc=0.9299
[6/128] ar_order=2,max_parents=6,n_bins=10,other_lags=2  (3s)
    model acc=0.9469 ll=0.2050 mae=12.75 acc@change=0.408 | AR acc=0.9299 ll=0.3340 mae=13.72 | persistence acc=0.9299
[7/128] ar_order=2,n_bins=10,other_lags=2,relative=True  (2s)
    model acc=0.9449 ll=0.2131 mae=13.02 acc@change=0.417 | AR acc=0.9299 ll=0.3340 mae=13.72 | persistence acc=0.9299
[8/128] ar_order=2,max_parents=6,n_bins=10,other_lags=2,relative=True  (3s)
    model acc=0.9467 ll=0.2067 mae=12.75 acc@change=0.401 | AR acc=0.9299 ll=0.3340 mae=13.72 | persistence acc=0.9299
[9/128] ar_order=2,n_bins=10,other_lags=2,velocity=binned  (2s)
    model acc=0.9443 ll=0.2154 mae=13.04 acc@change=0.407 | AR acc=0.9299 ll=0.3340 mae=13.72 | persistence acc=0.9299
[10/128] ar_order=2,max_parents=6,n_bins=10,other_lags=2,velocity=binned  (4s)
    model acc=0.9458 ll=0.2053 mae=12.76 acc@change=0.376 | AR acc=0.9299 ll=0.3340 mae=13.72 | persistence acc=0.9299
[11/128] ar_order=2,n_bins=10,other_lags=2,relative=True,velocity=binned  (3s)
    model acc=0.9449 ll=0.2131 mae=13.02 acc@change=0.417 | AR acc=0.9299 ll=0.3340 mae=13.72 | persistence acc=0.9299
[12/128] ar_order=2,max_parents=6,n_bins=10,other_lags=2,relative=True,velocity=binned  (4s)
    model acc=0.9456 ll=0.2071 mae=12.76 acc@change=0.369 | AR acc=0.9299 ll=0.3340 mae=13.72 | persistence acc=0.9299
[13/128] ar_order=3,n_bins=10,other_lags=3,velocity=binned  (3s)
    model acc=0.9478 ll=0.1999 mae=12.94 acc@change=0.487 | AR acc=0.9299 ll=0.3340 mae=13.72 | persistence acc=0.9299
[14/128] ar_order=3,max_parents=6,n_bins=10,other_lags=3,velocity=binned  (5s)
    model acc=0.9467 ll=0.1976 mae=12.69 acc@change=0.444 | AR acc=0.9299 ll=0.3340 mae=13.72 | persistence acc=0.9299
[15/128] ar_order=3,n_bins=10,other_lags=3,relative=True,velocity=binned  (3s)
    model acc=0.9478 ll=0.1999 mae=12.94 acc@change=0.487 | AR acc=0.9299 ll=0.3340 mae=13.72 | persistence acc=0.9299
[16/128] ar_order=3,max_parents=6,n_bins=10,other_lags=3,relative=True,velocity=binned  (5s)
    model acc=0.9476 ll=0.1986 mae=12.72 acc@change=0.429 | AR acc=0.9299 ll=0.3340 mae=13.72 | persistence acc=0.9299
[17/128] ref  (2s)
    model acc=0.9154 ll=0.3242 mae=8.87 acc@change=0.376 | AR acc=0.8873 ll=0.4783 mae=10.07 | persistence acc=0.8878
[18/128] max_parents=6  (2s)
    model acc=0.9154 ll=0.3216 mae=8.85 acc@change=0.376 | AR acc=0.8873 ll=0.4783 mae=10.07 | persistence acc=0.8878
[19/128] relative=True  (2s)
    model acc=0.9154 ll=0.3242 mae=8.87 acc@change=0.376 | AR acc=0.8873 ll=0.4783 mae=10.07 | persistence acc=0.8878
[20/128] max_parents=6,relative=True  (3s)
    model acc=0.9154 ll=0.3216 mae=8.85 acc@change=0.376 | AR acc=0.8873 ll=0.4783 mae=10.07 | persistence acc=0.8878
[21/128] ar_order=2,other_lags=2  (3s)
    model acc=0.9225 ll=0.2808 mae=8.97 acc@change=0.474 | AR acc=0.8873 ll=0.4783 mae=10.07 | persistence acc=0.8878
[22/128] ar_order=2,max_parents=6,other_lags=2  (4s)
    model acc=0.9225 ll=0.2785 mae=8.92 acc@change=0.474 | AR acc=0.8873 ll=0.4783 mae=10.07 | persistence acc=0.8878
[23/128] ar_order=2,other_lags=2,relative=True  (3s)
    model acc=0.9221 ll=0.2797 mae=8.97 acc@change=0.472 | AR acc=0.8873 ll=0.4783 mae=10.07 | persistence acc=0.8878
[24/128] ar_order=2,max_parents=6,other_lags=2,relative=True  (4s)
    model acc=0.9221 ll=0.2774 mae=8.92 acc@change=0.472 | AR acc=0.8873 ll=0.4783 mae=10.07 | persistence acc=0.8878
[25/128] ar_order=2,other_lags=2,velocity=binned  (4s)
    model acc=0.9225 ll=0.2808 mae=8.97 acc@change=0.474 | AR acc=0.8873 ll=0.4783 mae=10.07 | persistence acc=0.8878
[26/128] ar_order=2,max_parents=6,other_lags=2,velocity=binned  (5s)
    model acc=0.9225 ll=0.2785 mae=8.92 acc@change=0.474 | AR acc=0.8873 ll=0.4783 mae=10.07 | persistence acc=0.8878
[27/128] ar_order=2,other_lags=2,relative=True,velocity=binned  (4s)
    model acc=0.9221 ll=0.2797 mae=8.97 acc@change=0.472 | AR acc=0.8873 ll=0.4783 mae=10.07 | persistence acc=0.8878
[28/128] ar_order=2,max_parents=6,other_lags=2,relative=True,velocity=binned  (5s)
    model acc=0.9221 ll=0.2774 mae=8.92 acc@change=0.472 | AR acc=0.8873 ll=0.4783 mae=10.07 | persistence acc=0.8878
[29/128] ar_order=3,other_lags=3,velocity=binned  (5s)
    model acc=0.9239 ll=0.2763 mae=8.92 acc@change=0.479 | AR acc=0.8873 ll=0.4783 mae=10.07 | persistence acc=0.8878
[30/128] ar_order=3,max_parents=6,other_lags=3,velocity=binned  (7s)
    model acc=0.9245 ll=0.2727 mae=8.84 acc@change=0.478 | AR acc=0.8873 ll=0.4783 mae=10.07 | persistence acc=0.8878
[31/128] ar_order=3,other_lags=3,relative=True,velocity=binned  (5s)
    model acc=0.9234 ll=0.2779 mae=8.90 acc@change=0.479 | AR acc=0.8873 ll=0.4783 mae=10.07 | persistence acc=0.8878
[32/128] ar_order=3,max_parents=6,other_lags=3,relative=True,velocity=binned  (7s)
    model acc=0.9238 ll=0.2740 mae=8.87 acc@change=0.480 | AR acc=0.8873 ll=0.4783 mae=10.07 | persistence acc=0.8878
[33/128] n_bins=30  (2s)
    model acc=0.8994 ll=0.3874 mae=6.57 acc@change=0.418 | AR acc=0.8579 ll=0.5584 mae=7.50 | persistence acc=0.8588
[34/128] max_parents=6,n_bins=30  (2s)
    model acc=0.8994 ll=0.3859 mae=6.54 acc@change=0.418 | AR acc=0.8579 ll=0.5584 mae=7.50 | persistence acc=0.8588
[35/128] n_bins=30,relative=True  (2s)
    model acc=0.8994 ll=0.3874 mae=6.57 acc@change=0.418 | AR acc=0.8579 ll=0.5584 mae=7.50 | persistence acc=0.8588
[36/128] max_parents=6,n_bins=30,relative=True  (3s)
    model acc=0.8994 ll=0.3859 mae=6.54 acc@change=0.418 | AR acc=0.8579 ll=0.5584 mae=7.50 | persistence acc=0.8588
[37/128] ar_order=2,n_bins=30,other_lags=2  (3s)
    model acc=0.9083 ll=0.3382 mae=6.52 acc@change=0.521 | AR acc=0.8579 ll=0.5584 mae=7.50 | persistence acc=0.8588
[38/128] ar_order=2,max_parents=6,n_bins=30,other_lags=2  (4s)
    model acc=0.9083 ll=0.3382 mae=6.52 acc@change=0.521 | AR acc=0.8579 ll=0.5584 mae=7.50 | persistence acc=0.8588
[39/128] ar_order=2,n_bins=30,other_lags=2,relative=True  (4s)
    model acc=0.9083 ll=0.3382 mae=6.52 acc@change=0.521 | AR acc=0.8579 ll=0.5584 mae=7.50 | persistence acc=0.8588
[40/128] ar_order=2,max_parents=6,n_bins=30,other_lags=2,relative=True  (4s)
    model acc=0.9083 ll=0.3382 mae=6.52 acc@change=0.521 | AR acc=0.8579 ll=0.5584 mae=7.50 | persistence acc=0.8588
[41/128] ar_order=2,n_bins=30,other_lags=2,velocity=binned  (4s)
    model acc=0.9083 ll=0.3382 mae=6.52 acc@change=0.521 | AR acc=0.8579 ll=0.5584 mae=7.50 | persistence acc=0.8588
[42/128] ar_order=2,max_parents=6,n_bins=30,other_lags=2,velocity=binned  (5s)
    model acc=0.9083 ll=0.3382 mae=6.52 acc@change=0.521 | AR acc=0.8579 ll=0.5584 mae=7.50 | persistence acc=0.8588
[43/128] ar_order=2,n_bins=30,other_lags=2,relative=True,velocity=binned  (4s)
    model acc=0.9083 ll=0.3382 mae=6.52 acc@change=0.521 | AR acc=0.8579 ll=0.5584 mae=7.50 | persistence acc=0.8588
[44/128] ar_order=2,max_parents=6,n_bins=30,other_lags=2,relative=True,velocity=binned  (5s)
    model acc=0.9083 ll=0.3382 mae=6.52 acc@change=0.521 | AR acc=0.8579 ll=0.5584 mae=7.50 | persistence acc=0.8588
[45/128] ar_order=3,n_bins=30,other_lags=3,velocity=binned  (5s)
    model acc=0.9083 ll=0.3363 mae=6.53 acc@change=0.533 | AR acc=0.8579 ll=0.5584 mae=7.50 | persistence acc=0.8588
[46/128] ar_order=3,max_parents=6,n_bins=30,other_lags=3,velocity=binned  (8s)
    model acc=0.9105 ll=0.3330 mae=6.49 acc@change=0.523 | AR acc=0.8579 ll=0.5584 mae=7.50 | persistence acc=0.8588
[47/128] ar_order=3,n_bins=30,other_lags=3,relative=True,velocity=binned  (6s)
    model acc=0.9083 ll=0.3363 mae=6.53 acc@change=0.533 | AR acc=0.8579 ll=0.5584 mae=7.50 | persistence acc=0.8588
[48/128] ar_order=3,max_parents=6,n_bins=30,other_lags=3,relative=True,velocity=binned  (8s)
    model acc=0.9105 ll=0.3330 mae=6.49 acc@change=0.523 | AR acc=0.8579 ll=0.5584 mae=7.50 | persistence acc=0.8588
[49/128] n_bins=50  (2s)
    model acc=0.8746 ll=0.4775 mae=5.37 acc@change=0.413 | AR acc=0.8250 ll=0.6561 mae=6.15 | persistence acc=0.8243
[50/128] max_parents=6,n_bins=50  (3s)
    model acc=0.8746 ll=0.4771 mae=5.36 acc@change=0.413 | AR acc=0.8250 ll=0.6561 mae=6.15 | persistence acc=0.8243
[51/128] n_bins=50,relative=True  (3s)
    model acc=0.8746 ll=0.4775 mae=5.37 acc@change=0.413 | AR acc=0.8250 ll=0.6561 mae=6.15 | persistence acc=0.8243
[52/128] max_parents=6,n_bins=50,relative=True  (3s)
    model acc=0.8746 ll=0.4771 mae=5.36 acc@change=0.413 | AR acc=0.8250 ll=0.6561 mae=6.15 | persistence acc=0.8243
[53/128] ar_order=2,n_bins=50,other_lags=2  (4s)
    model acc=0.8915 ll=0.3984 mae=5.21 acc@change=0.558 | AR acc=0.8250 ll=0.6561 mae=6.15 | persistence acc=0.8243
[54/128] ar_order=2,max_parents=6,n_bins=50,other_lags=2  (5s)
    model acc=0.8915 ll=0.3984 mae=5.21 acc@change=0.558 | AR acc=0.8250 ll=0.6561 mae=6.15 | persistence acc=0.8243
[55/128] ar_order=2,n_bins=50,other_lags=2,relative=True  (4s)
    model acc=0.8915 ll=0.3984 mae=5.21 acc@change=0.558 | AR acc=0.8250 ll=0.6561 mae=6.15 | persistence acc=0.8243
[56/128] ar_order=2,max_parents=6,n_bins=50,other_lags=2,relative=True  (5s)
    model acc=0.8915 ll=0.3984 mae=5.21 acc@change=0.558 | AR acc=0.8250 ll=0.6561 mae=6.15 | persistence acc=0.8243
[57/128] ar_order=2,n_bins=50,other_lags=2,velocity=binned  (5s)
    model acc=0.8915 ll=0.3984 mae=5.21 acc@change=0.558 | AR acc=0.8250 ll=0.6561 mae=6.15 | persistence acc=0.8243
[58/128] ar_order=2,max_parents=6,n_bins=50,other_lags=2,velocity=binned  (6s)
    model acc=0.8915 ll=0.3984 mae=5.21 acc@change=0.558 | AR acc=0.8250 ll=0.6561 mae=6.15 | persistence acc=0.8243
[59/128] ar_order=2,n_bins=50,other_lags=2,relative=True,velocity=binned  (5s)
    model acc=0.8915 ll=0.3984 mae=5.21 acc@change=0.558 | AR acc=0.8250 ll=0.6561 mae=6.15 | persistence acc=0.8243
[60/128] ar_order=2,max_parents=6,n_bins=50,other_lags=2,relative=True,velocity=binned  (6s)
    model acc=0.8915 ll=0.3984 mae=5.21 acc@change=0.558 | AR acc=0.8250 ll=0.6561 mae=6.15 | persistence acc=0.8243
[61/128] ar_order=3,n_bins=50,other_lags=3,velocity=binned  (7s)
    model acc=0.8910 ll=0.3981 mae=5.24 acc@change=0.538 | AR acc=0.8250 ll=0.6561 mae=6.15 | persistence acc=0.8243
[62/128] ar_order=3,max_parents=6,n_bins=50,other_lags=3,velocity=binned  (9s)
    model acc=0.8910 ll=0.3981 mae=5.24 acc@change=0.538 | AR acc=0.8250 ll=0.6561 mae=6.15 | persistence acc=0.8243
[63/128] ar_order=3,n_bins=50,other_lags=3,relative=True,velocity=binned  (7s)
    model acc=0.8910 ll=0.3981 mae=5.24 acc@change=0.538 | AR acc=0.8250 ll=0.6561 mae=6.15 | persistence acc=0.8243
[64/128] ar_order=3,max_parents=6,n_bins=50,other_lags=3,relative=True,velocity=binned  (9s)
    model acc=0.8910 ll=0.3981 mae=5.24 acc@change=0.538 | AR acc=0.8250 ll=0.6561 mae=6.15 | persistence acc=0.8243
[65/128] engine=hc-aic,n_bins=10  (1s)
    model acc=0.9227 ll=0.2646 mae=14.06 acc@change=0.300 | AR acc=0.9299 ll=0.3340 mae=13.72 | persistence acc=0.9299
[66/128] engine=hc-aic,max_parents=6,n_bins=10  (1s)
    model acc=0.9227 ll=0.2646 mae=14.06 acc@change=0.300 | AR acc=0.9299 ll=0.3340 mae=13.72 | persistence acc=0.9299
[67/128] engine=hc-aic,n_bins=10,relative=True  (1s)
    model acc=0.9227 ll=0.2646 mae=14.06 acc@change=0.300 | AR acc=0.9299 ll=0.3340 mae=13.72 | persistence acc=0.9299
[68/128] engine=hc-aic,max_parents=6,n_bins=10,relative=True  (1s)
    model acc=0.9227 ll=0.2646 mae=14.06 acc@change=0.300 | AR acc=0.9299 ll=0.3340 mae=13.72 | persistence acc=0.9299
[69/128] ar_order=2,engine=hc-aic,n_bins=10,other_lags=2  (1s)
    model acc=0.9328 ll=0.2471 mae=13.72 acc@change=0.340 | AR acc=0.9299 ll=0.3340 mae=13.72 | persistence acc=0.9299
[70/128] ar_order=2,engine=hc-aic,max_parents=6,n_bins=10,other_lags=2  (1s)
    model acc=0.9328 ll=0.2471 mae=13.72 acc@change=0.340 | AR acc=0.9299 ll=0.3340 mae=13.72 | persistence acc=0.9299
[71/128] ar_order=2,engine=hc-aic,n_bins=10,other_lags=2,relative=True  (1s)
    model acc=0.9328 ll=0.2471 mae=13.72 acc@change=0.340 | AR acc=0.9299 ll=0.3340 mae=13.72 | persistence acc=0.9299
[72/128] ar_order=2,engine=hc-aic,max_parents=6,n_bins=10,other_lags=2,relative=True  (1s)
    model acc=0.9328 ll=0.2471 mae=13.72 acc@change=0.340 | AR acc=0.9299 ll=0.3340 mae=13.72 | persistence acc=0.9299
[73/128] ar_order=2,engine=hc-aic,n_bins=10,other_lags=2,velocity=binned  (1s)
    model acc=0.9328 ll=0.2471 mae=13.72 acc@change=0.340 | AR acc=0.9299 ll=0.3340 mae=13.72 | persistence acc=0.9299
[74/128] ar_order=2,engine=hc-aic,max_parents=6,n_bins=10,other_lags=2,velocity=binned  (1s)
    model acc=0.9328 ll=0.2471 mae=13.72 acc@change=0.340 | AR acc=0.9299 ll=0.3340 mae=13.72 | persistence acc=0.9299
[75/128] ar_order=2,engine=hc-aic,n_bins=10,other_lags=2,relative=True,velocity=binned  (1s)
    model acc=0.9328 ll=0.2471 mae=13.72 acc@change=0.340 | AR acc=0.9299 ll=0.3340 mae=13.72 | persistence acc=0.9299
[76/128] ar_order=2,engine=hc-aic,max_parents=6,n_bins=10,other_lags=2,relative=True,velocity=binned  (1s)
    model acc=0.9328 ll=0.2471 mae=13.72 acc@change=0.340 | AR acc=0.9299 ll=0.3340 mae=13.72 | persistence acc=0.9299
[77/128] ar_order=3,engine=hc-aic,n_bins=10,other_lags=3,velocity=binned  (2s)
    model acc=0.9328 ll=0.2471 mae=13.72 acc@change=0.340 | AR acc=0.9299 ll=0.3340 mae=13.72 | persistence acc=0.9299
[78/128] ar_order=3,engine=hc-aic,max_parents=6,n_bins=10,other_lags=3,velocity=binned  (2s)
    model acc=0.9328 ll=0.2471 mae=13.72 acc@change=0.340 | AR acc=0.9299 ll=0.3340 mae=13.72 | persistence acc=0.9299
[79/128] ar_order=3,engine=hc-aic,n_bins=10,other_lags=3,relative=True,velocity=binned  (2s)
    model acc=0.9328 ll=0.2471 mae=13.72 acc@change=0.340 | AR acc=0.9299 ll=0.3340 mae=13.72 | persistence acc=0.9299
[80/128] ar_order=3,engine=hc-aic,max_parents=6,n_bins=10,other_lags=3,relative=True,velocity=binned  (2s)
    model acc=0.9328 ll=0.2471 mae=13.72 acc@change=0.340 | AR acc=0.9299 ll=0.3340 mae=13.72 | persistence acc=0.9299
[81/128] engine=hc-aic  (1s)
    model acc=0.9120 ll=0.3654 mae=9.59 acc@change=0.394 | AR acc=0.8873 ll=0.4783 mae=10.07 | persistence acc=0.8878
[82/128] engine=hc-aic,max_parents=6  (1s)
    model acc=0.9120 ll=0.3654 mae=9.59 acc@change=0.394 | AR acc=0.8873 ll=0.4783 mae=10.07 | persistence acc=0.8878
[83/128] engine=hc-aic,relative=True  (1s)
    model acc=0.9120 ll=0.3654 mae=9.59 acc@change=0.394 | AR acc=0.8873 ll=0.4783 mae=10.07 | persistence acc=0.8878
[84/128] engine=hc-aic,max_parents=6,relative=True  (1s)
    model acc=0.9120 ll=0.3654 mae=9.59 acc@change=0.394 | AR acc=0.8873 ll=0.4783 mae=10.07 | persistence acc=0.8878
[85/128] ar_order=2,engine=hc-aic,other_lags=2  (1s)
    model acc=0.9120 ll=0.3654 mae=9.59 acc@change=0.394 | AR acc=0.8873 ll=0.4783 mae=10.07 | persistence acc=0.8878
[86/128] ar_order=2,engine=hc-aic,max_parents=6,other_lags=2  (1s)
    model acc=0.9120 ll=0.3654 mae=9.59 acc@change=0.394 | AR acc=0.8873 ll=0.4783 mae=10.07 | persistence acc=0.8878
[87/128] ar_order=2,engine=hc-aic,other_lags=2,relative=True  (1s)
    model acc=0.9120 ll=0.3654 mae=9.59 acc@change=0.394 | AR acc=0.8873 ll=0.4783 mae=10.07 | persistence acc=0.8878
[88/128] ar_order=2,engine=hc-aic,max_parents=6,other_lags=2,relative=True  (1s)
    model acc=0.9120 ll=0.3654 mae=9.59 acc@change=0.394 | AR acc=0.8873 ll=0.4783 mae=10.07 | persistence acc=0.8878
[89/128] ar_order=2,engine=hc-aic,other_lags=2,velocity=binned  (1s)
    model acc=0.9120 ll=0.3654 mae=9.59 acc@change=0.394 | AR acc=0.8873 ll=0.4783 mae=10.07 | persistence acc=0.8878
[90/128] ar_order=2,engine=hc-aic,max_parents=6,other_lags=2,velocity=binned  (1s)
    model acc=0.9120 ll=0.3654 mae=9.59 acc@change=0.394 | AR acc=0.8873 ll=0.4783 mae=10.07 | persistence acc=0.8878
[91/128] ar_order=2,engine=hc-aic,other_lags=2,relative=True,velocity=binned  (1s)
    model acc=0.9120 ll=0.3654 mae=9.59 acc@change=0.394 | AR acc=0.8873 ll=0.4783 mae=10.07 | persistence acc=0.8878
[92/128] ar_order=2,engine=hc-aic,max_parents=6,other_lags=2,relative=True,velocity=binned  (1s)
    model acc=0.9120 ll=0.3654 mae=9.59 acc@change=0.394 | AR acc=0.8873 ll=0.4783 mae=10.07 | persistence acc=0.8878
[93/128] ar_order=3,engine=hc-aic,other_lags=3,velocity=binned  (1s)
    model acc=0.9120 ll=0.3654 mae=9.59 acc@change=0.394 | AR acc=0.8873 ll=0.4783 mae=10.07 | persistence acc=0.8878
[94/128] ar_order=3,engine=hc-aic,max_parents=6,other_lags=3,velocity=binned  (1s)
    model acc=0.9120 ll=0.3654 mae=9.59 acc@change=0.394 | AR acc=0.8873 ll=0.4783 mae=10.07 | persistence acc=0.8878
[95/128] ar_order=3,engine=hc-aic,other_lags=3,relative=True,velocity=binned  (1s)
    model acc=0.9120 ll=0.3654 mae=9.59 acc@change=0.394 | AR acc=0.8873 ll=0.4783 mae=10.07 | persistence acc=0.8878
[96/128] ar_order=3,engine=hc-aic,max_parents=6,other_lags=3,relative=True,velocity=binned  (1s)
    model acc=0.9120 ll=0.3654 mae=9.59 acc@change=0.394 | AR acc=0.8873 ll=0.4783 mae=10.07 | persistence acc=0.8878
[97/128] engine=hc-aic,n_bins=30  (1s)
    model acc=0.8536 ll=0.5331 mae=7.25 acc@change=0.116 | AR acc=0.8579 ll=0.5584 mae=7.50 | persistence acc=0.8588
[98/128] engine=hc-aic,max_parents=6,n_bins=30  (1s)
    model acc=0.8536 ll=0.5331 mae=7.25 acc@change=0.116 | AR acc=0.8579 ll=0.5584 mae=7.50 | persistence acc=0.8588
[99/128] engine=hc-aic,n_bins=30,relative=True  (1s)
    model acc=0.8536 ll=0.5331 mae=7.25 acc@change=0.116 | AR acc=0.8579 ll=0.5584 mae=7.50 | persistence acc=0.8588
[100/128] engine=hc-aic,max_parents=6,n_bins=30,relative=True  (1s)
    model acc=0.8536 ll=0.5331 mae=7.25 acc@change=0.116 | AR acc=0.8579 ll=0.5584 mae=7.50 | persistence acc=0.8588
[101/128] ar_order=2,engine=hc-aic,n_bins=30,other_lags=2  (1s)
    model acc=0.8536 ll=0.5331 mae=7.25 acc@change=0.116 | AR acc=0.8579 ll=0.5584 mae=7.50 | persistence acc=0.8588
[102/128] ar_order=2,engine=hc-aic,max_parents=6,n_bins=30,other_lags=2  (1s)
    model acc=0.8536 ll=0.5331 mae=7.25 acc@change=0.116 | AR acc=0.8579 ll=0.5584 mae=7.50 | persistence acc=0.8588
[103/128] ar_order=2,engine=hc-aic,n_bins=30,other_lags=2,relative=True  (1s)
    model acc=0.8536 ll=0.5331 mae=7.25 acc@change=0.116 | AR acc=0.8579 ll=0.5584 mae=7.50 | persistence acc=0.8588
[104/128] ar_order=2,engine=hc-aic,max_parents=6,n_bins=30,other_lags=2,relative=True  (1s)
    model acc=0.8536 ll=0.5331 mae=7.25 acc@change=0.116 | AR acc=0.8579 ll=0.5584 mae=7.50 | persistence acc=0.8588
[105/128] ar_order=2,engine=hc-aic,n_bins=30,other_lags=2,velocity=binned  (1s)
    model acc=0.8536 ll=0.5331 mae=7.25 acc@change=0.116 | AR acc=0.8579 ll=0.5584 mae=7.50 | persistence acc=0.8588
[106/128] ar_order=2,engine=hc-aic,max_parents=6,n_bins=30,other_lags=2,velocity=binned  (1s)
    model acc=0.8536 ll=0.5331 mae=7.25 acc@change=0.116 | AR acc=0.8579 ll=0.5584 mae=7.50 | persistence acc=0.8588
[107/128] ar_order=2,engine=hc-aic,n_bins=30,other_lags=2,relative=True,velocity=binned  (1s)
    model acc=0.8536 ll=0.5331 mae=7.25 acc@change=0.116 | AR acc=0.8579 ll=0.5584 mae=7.50 | persistence acc=0.8588
[108/128] ar_order=2,engine=hc-aic,max_parents=6,n_bins=30,other_lags=2,relative=True,velocity=binned  (1s)
    model acc=0.8536 ll=0.5331 mae=7.25 acc@change=0.116 | AR acc=0.8579 ll=0.5584 mae=7.50 | persistence acc=0.8588
[109/128] ar_order=3,engine=hc-aic,n_bins=30,other_lags=3,velocity=binned  (1s)
    model acc=0.8536 ll=0.5331 mae=7.25 acc@change=0.116 | AR acc=0.8579 ll=0.5584 mae=7.50 | persistence acc=0.8588
[110/128] ar_order=3,engine=hc-aic,max_parents=6,n_bins=30,other_lags=3,velocity=binned  (1s)
    model acc=0.8536 ll=0.5331 mae=7.25 acc@change=0.116 | AR acc=0.8579 ll=0.5584 mae=7.50 | persistence acc=0.8588
[111/128] ar_order=3,engine=hc-aic,n_bins=30,other_lags=3,relative=True,velocity=binned  (1s)
    model acc=0.8536 ll=0.5331 mae=7.25 acc@change=0.116 | AR acc=0.8579 ll=0.5584 mae=7.50 | persistence acc=0.8588
[112/128] ar_order=3,engine=hc-aic,max_parents=6,n_bins=30,other_lags=3,relative=True,velocity=binned  (1s)
    model acc=0.8536 ll=0.5331 mae=7.25 acc@change=0.116 | AR acc=0.8579 ll=0.5584 mae=7.50 | persistence acc=0.8588
[113/128] engine=hc-aic,n_bins=50  (0s)
    model acc=0.8250 ll=0.6561 mae=6.15 acc@change=0.025 | AR acc=0.8250 ll=0.6561 mae=6.15 | persistence acc=0.8243
[114/128] engine=hc-aic,max_parents=6,n_bins=50  (0s)
    model acc=0.8250 ll=0.6561 mae=6.15 acc@change=0.025 | AR acc=0.8250 ll=0.6561 mae=6.15 | persistence acc=0.8243
[115/128] engine=hc-aic,n_bins=50,relative=True  (1s)
    model acc=0.8250 ll=0.6561 mae=6.15 acc@change=0.025 | AR acc=0.8250 ll=0.6561 mae=6.15 | persistence acc=0.8243
[116/128] engine=hc-aic,max_parents=6,n_bins=50,relative=True  (1s)
    model acc=0.8250 ll=0.6561 mae=6.15 acc@change=0.025 | AR acc=0.8250 ll=0.6561 mae=6.15 | persistence acc=0.8243
[117/128] ar_order=2,engine=hc-aic,n_bins=50,other_lags=2  (1s)
    model acc=0.8250 ll=0.6561 mae=6.15 acc@change=0.025 | AR acc=0.8250 ll=0.6561 mae=6.15 | persistence acc=0.8243
[118/128] ar_order=2,engine=hc-aic,max_parents=6,n_bins=50,other_lags=2  (1s)
    model acc=0.8250 ll=0.6561 mae=6.15 acc@change=0.025 | AR acc=0.8250 ll=0.6561 mae=6.15 | persistence acc=0.8243
[119/128] ar_order=2,engine=hc-aic,n_bins=50,other_lags=2,relative=True  (1s)
    model acc=0.8250 ll=0.6561 mae=6.15 acc@change=0.025 | AR acc=0.8250 ll=0.6561 mae=6.15 | persistence acc=0.8243
[120/128] ar_order=2,engine=hc-aic,max_parents=6,n_bins=50,other_lags=2,relative=True  (1s)
    model acc=0.8250 ll=0.6561 mae=6.15 acc@change=0.025 | AR acc=0.8250 ll=0.6561 mae=6.15 | persistence acc=0.8243
[121/128] ar_order=2,engine=hc-aic,n_bins=50,other_lags=2,velocity=binned  (1s)
    model acc=0.8240 ll=0.6400 mae=6.16 acc@change=0.051 | AR acc=0.8250 ll=0.6561 mae=6.15 | persistence acc=0.8243
[122/128] ar_order=2,engine=hc-aic,max_parents=6,n_bins=50,other_lags=2,velocity=binned  (1s)
    model acc=0.8240 ll=0.6400 mae=6.16 acc@change=0.051 | AR acc=0.8250 ll=0.6561 mae=6.15 | persistence acc=0.8243
[123/128] ar_order=2,engine=hc-aic,n_bins=50,other_lags=2,relative=True,velocity=binned  (1s)
    model acc=0.8240 ll=0.6400 mae=6.16 acc@change=0.051 | AR acc=0.8250 ll=0.6561 mae=6.15 | persistence acc=0.8243
[124/128] ar_order=2,engine=hc-aic,max_parents=6,n_bins=50,other_lags=2,relative=True,velocity=binned  (1s)
    model acc=0.8240 ll=0.6400 mae=6.16 acc@change=0.051 | AR acc=0.8250 ll=0.6561 mae=6.15 | persistence acc=0.8243
[125/128] ar_order=3,engine=hc-aic,n_bins=50,other_lags=3,velocity=binned  (1s)
    model acc=0.8240 ll=0.6400 mae=6.16 acc@change=0.051 | AR acc=0.8250 ll=0.6561 mae=6.15 | persistence acc=0.8243
[126/128] ar_order=3,engine=hc-aic,max_parents=6,n_bins=50,other_lags=3,velocity=binned  (1s)
    model acc=0.8240 ll=0.6400 mae=6.16 acc@change=0.051 | AR acc=0.8250 ll=0.6561 mae=6.15 | persistence acc=0.8243
[127/128] ar_order=3,engine=hc-aic,n_bins=50,other_lags=3,relative=True,velocity=binned  (2s)
    model acc=0.8240 ll=0.6400 mae=6.16 acc@change=0.051 | AR acc=0.8250 ll=0.6561 mae=6.15 | persistence acc=0.8243
[128/128] ar_order=3,engine=hc-aic,max_parents=6,n_bins=50,other_lags=3,relative=True,velocity=binned  (2s)
    model acc=0.8240 ll=0.6400 mae=6.16 acc@change=0.051 | AR acc=0.8250 ll=0.6561 mae=6.15 | persistence acc=0.8243

Saved /home/nero/Downloads/dbn_model_construction/results/ablation/interactions_20260313_192652_seed783122_run20261008_163708_ga05edf8_folds.csv
Saved /home/nero/Downloads/dbn_model_construction/results/ablation/interactions_20260313_192652_seed783122_run20261008_163708_ga05edf8_runs.csv.gz
[1/6] ref  (4s)
    model acc=0.9154 ll=0.3242 mae=8.87 acc@change=0.376 | AR acc=0.8873 ll=0.4783 mae=10.07 | persistence acc=0.8878
[2/6] engine=hc-aic  (1s)
    model acc=0.9120 ll=0.3654 mae=9.59 acc@change=0.394 | AR acc=0.8873 ll=0.4783 mae=10.07 | persistence acc=0.8878
[3/6] engine=hc-bic,prior=bdeu  (1s)
    model acc=0.8873 ll=0.4783 mae=10.07 acc@change=0.010 | AR acc=0.8873 ll=0.4783 mae=10.07 | persistence acc=0.8878
[4/6] cv=blocked  (3s)
    model acc=0.9195 ll=0.2874 mae=8.39 acc@change=0.412 | AR acc=0.8869 ll=0.4547 mae=9.80 | persistence acc=0.8865
[5/6] cv=blocked,engine=hc-aic  (1s)
    model acc=0.9212 ll=0.3081 mae=8.94 acc@change=0.506 | AR acc=0.8869 ll=0.4547 mae=9.80 | persistence acc=0.8865
[6/6] cv=blocked,engine=hc-bic,prior=bdeu  (1s)
    model acc=0.8869 ll=0.4547 mae=9.80 acc@change=0.011 | AR acc=0.8869 ll=0.4547 mae=9.80 | persistence acc=0.8865

Saved /home/nero/Downloads/dbn_model_construction/results/ablation/cv_20260313_192652_seed783122_run20261008_164244_ga05edf8_folds.csv
Saved /home/nero/Downloads/dbn_model_construction/results/ablation/cv_20260313_192652_seed783122_run20261008_164244_ga05edf8_runs.csv.gz
[1/4] ref  (4s)
    model acc=0.9154 ll=0.3242 mae=8.87 acc@change=0.376 | AR acc=0.8873 ll=0.4783 mae=10.07 | persistence acc=0.8878
[2/4] n_bins=50  (3s)
    model acc=0.8746 ll=0.4775 mae=5.37 acc@change=0.413 | AR acc=0.8250 ll=0.6561 mae=6.15 | persistence acc=0.8243
[3/4] granularity=30,n_bins=4  (1s)
    model acc=0.9201 ll=0.2769 mae=35.24 acc@change=0.018 | AR acc=0.9201 ll=0.3432 mae=38.33 | persistence acc=0.9201
[4/4] granularity=30  (0s)
    model acc=0.8152 ll=0.8606 mae=21.86 acc@change=0.018 | AR acc=0.8128 ll=0.9321 mae=25.13 | persistence acc=0.8148

Saved /home/nero/Downloads/dbn_model_construction/results/ablation/refs_20260313_192652_seed783122_run20261008_164255_ga05edf8_folds.csv
Saved /home/nero/Downloads/dbn_model_construction/results/ablation/refs_20260313_192652_seed783122_run20261008_164255_ga05edf8_runs.csv.gz
[1/4] ref  (13s)
    model acc=0.9154 ll=0.3242 mae=8.87 acc@change=0.376 | AR acc=0.8873 ll=0.4783 mae=10.07 | persistence acc=0.8878
[2/4] n_bins=50  (15s)
    model acc=0.8746 ll=0.4775 mae=5.37 acc@change=0.413 | AR acc=0.8250 ll=0.6561 mae=6.15 | persistence acc=0.8243
[3/4] granularity=30,n_bins=4  (6s)
    model acc=0.9201 ll=0.2769 mae=35.24 acc@change=0.018 | AR acc=0.9201 ll=0.3432 mae=38.33 | persistence acc=0.9201
[4/4] granularity=30  (4s)
    model acc=0.8152 ll=0.8606 mae=21.86 acc@change=0.018 | AR acc=0.8128 ll=0.9321 mae=25.13 | persistence acc=0.8148

Saved /home/nero/Downloads/dbn_model_construction/results/ablation/refs_20260313_192652_seed783122_run20261008_164303_ga05edf8_folds.csv
Saved /home/nero/Downloads/dbn_model_construction/results/ablation/refs_20260313_192652_seed783122_run20261008_164303_ga05edf8_runs.csv.gz
[fold 1] learned done
[fold 1] local done
[fold 1] chain done
[fold 1] anchored done
[fold 1] capacity done
[fold 1] level done
[fold 1] level? done
[fold 2] learned done
[fold 2] local done
[fold 2] chain done
[fold 2] anchored done
[fold 2] capacity done
[fold 2] level done
[fold 2] level? done
[fold 3] learned done
[fold 3] local done
[fold 3] chain done
[fold 3] anchored done
[fold 3] capacity done
[fold 3] level done
[fold 3] level? done
[fold 4] learned done
[fold 4] local done
[fold 4] chain done
[fold 4] anchored done
[fold 4] capacity done
[fold 4] level done
[fold 4] level? done
[fold 5] learned done
[fold 5] local done
[fold 5] chain done
[fold 5] anchored done
[fold 5] capacity done
[fold 5] level done
[fold 5] level? done

== acc ==
horizon                                       1      2      5      10     30
target       load_future method                                             
throughput_1 frozen      rollout:anchored  0.955  0.954  0.947  0.926  0.857
                         rollout:capacity  0.952  0.945  0.936  0.916  0.865
                         rollout:chain     0.947  0.949  0.933  0.905  0.830
                         rollout:learned   0.956  0.953  0.948  0.935  0.865
                         rollout:local     0.956  0.953  0.948  0.936  0.865
                         static_chain      0.748  0.747  0.744  0.738  0.715
             known       ar                0.945  0.948  0.939  0.931  0.889
                         direct            0.956  0.954  0.946  0.940  0.947
                         persistence       0.945  0.948  0.939  0.931  0.889
                         rollout:anchored  0.954  0.954  0.948  0.930  0.881
                         rollout:capacity  0.952  0.946  0.939  0.926  0.903
                         rollout:chain     0.947  0.948  0.936  0.916  0.872
                         rollout:learned   0.957  0.953  0.948  0.935  0.863
                         rollout:level     0.956  0.953  0.942  0.928  0.882
                         rollout:level?    0.956  0.952  0.940  0.925  0.876
                         rollout:local     0.956  0.954  0.947  0.934  0.863
                         static_chain      0.749  0.748  0.749  0.750  0.753
throughput_2 frozen      rollout:anchored  0.906  0.890  0.875  0.819  0.700
                         rollout:capacity  0.909  0.883  0.870  0.832  0.753
                         rollout:chain     0.913  0.889  0.870  0.841  0.758
                         rollout:learned   0.911  0.888  0.869  0.825  0.755
                         rollout:local     0.910  0.891  0.879  0.852  0.752
                         static_chain      0.573  0.574  0.571  0.568  0.554
             known       ar                0.900  0.891  0.883  0.879  0.844
                         direct            0.911  0.893  0.886  0.881  0.866
                         persistence       0.900  0.891  0.884  0.879  0.845
                         rollout:anchored  0.905  0.891  0.875  0.820  0.710
                         rollout:capacity  0.909  0.881  0.871  0.834  0.771
                         rollout:chain     0.914  0.890  0.872  0.846  0.780
                         rollout:learned   0.910  0.888  0.868  0.828  0.756
                         rollout:level     0.918  0.901  0.885  0.871  0.812
                         rollout:level?    0.915  0.897  0.883  0.868  0.806
                         rollout:local     0.909  0.891  0.878  0.853  0.756
                         static_chain      0.572  0.573  0.571  0.572  0.573
throughput_3 frozen      rollout:anchored  0.896  0.888  0.852  0.784  0.679
                         rollout:capacity  0.905  0.891  0.869  0.829  0.751
                         rollout:chain     0.922  0.906  0.869  0.826  0.745
                         rollout:learned   0.923  0.900  0.870  0.826  0.749
                         rollout:local     0.927  0.904  0.874  0.831  0.719
                         static_chain      0.466  0.471  0.467  0.466  0.460
             known       ar                0.889  0.879  0.876  0.862  0.832
                         direct            0.923  0.896  0.884  0.870  0.853
                         persistence       0.890  0.881  0.877  0.863  0.833
                         rollout:anchored  0.896  0.886  0.851  0.784  0.686
                         rollout:capacity  0.905  0.893  0.868  0.828  0.769
                         rollout:chain     0.922  0.906  0.869  0.829  0.761
                         rollout:learned   0.924  0.900  0.870  0.826  0.747
                         rollout:level     0.924  0.907  0.876  0.851  0.798
                         rollout:level?    0.924  0.906  0.874  0.846  0.775
                         rollout:local     0.926  0.904  0.872  0.832  0.723
                         static_chain      0.466  0.471  0.466  0.466  0.472

== logloss ==
horizon                                       1      2      5      10     30
target       load_future method                                             
throughput_1 frozen      rollout:anchored  0.153  0.165  0.218  0.297  0.522
                         rollout:capacity  0.172  0.188  0.247  0.333  0.599
                         rollout:chain     0.176  0.192  0.263  0.359  0.676
                         rollout:learned   0.144  0.157  0.203  0.262  0.439
                         rollout:local     0.146  0.159  0.205  0.263  0.436
                         static_chain      0.757  0.765  0.812  0.885  1.167
             known       ar                0.233  0.225  0.257  0.284  0.393
                         direct            0.133  0.139  0.161  0.174  0.169
                         persistence       1.529  1.446  1.689  1.899  3.074
                         rollout:anchored  0.150  0.156  0.193  0.237  0.340
                         rollout:capacity  0.162  0.172  0.204  0.237  0.311
                         rollout:chain     0.170  0.180  0.218  0.258  0.354
                         rollout:learned   0.145  0.157  0.202  0.264  0.436
                         rollout:level     0.147  0.157  0.201  0.263  0.456
                         rollout:level?    0.146  0.156  0.205  0.270  0.484
                         rollout:local     0.145  0.156  0.205  0.266  0.434
                         static_chain      0.750  0.754  0.756  0.750  0.743
throughput_2 frozen      rollout:anchored  0.370  0.420  0.519  0.657  0.990
                         rollout:capacity  0.350  0.409  0.493  0.615  0.903
                         rollout:chain     0.331  0.381  0.448  0.567  0.872
                         rollout:learned   0.322  0.379  0.454  0.573  0.907
                         rollout:local     0.326  0.381  0.456  0.572  0.892
                         static_chain      1.777  1.774  1.788  1.806  1.870
             known       ar                0.419  0.459  0.499  0.523  0.629
                         direct            0.301  0.361  0.401  0.435  0.499
                         persistence       2.761  3.010  3.218  3.336  4.275
                         rollout:anchored  0.371  0.420  0.508  0.636  0.915
                         rollout:capacity  0.351  0.410  0.480  0.574  0.748
                         rollout:chain     0.332  0.384  0.438  0.521  0.733
                         rollout:learned   0.319  0.380  0.448  0.571  0.903
                         rollout:level     0.307  0.360  0.419  0.506  0.776
                         rollout:level?    0.312  0.364  0.425  0.513  0.787
                         rollout:local     0.326  0.381  0.455  0.568  0.891
                         static_chain      1.783  1.780  1.782  1.776  1.762
throughput_3 frozen      rollout:anchored  0.411  0.429  0.563  0.720  1.037
                         rollout:capacity  0.356  0.369  0.492  0.610  0.870
                         rollout:chain     0.279  0.353  0.467  0.582  0.850
                         rollout:learned   0.284  0.350  0.459  0.588  0.907
                         rollout:local     0.277  0.345  0.469  0.603  0.942
                         static_chain      1.989  1.981  1.986  1.992  2.003
             known       ar                0.466  0.503  0.533  0.578  0.671
                         direct            0.267  0.357  0.423  0.480  0.534
                         persistence       3.047  3.294  3.406  3.795  4.613
                         rollout:anchored  0.414  0.432  0.562  0.713  1.010
                         rollout:capacity  0.357  0.368  0.489  0.588  0.775
                         rollout:chain     0.275  0.352  0.461  0.557  0.772
                         rollout:learned   0.280  0.350  0.462  0.582  0.906
                         rollout:level     0.282  0.343  0.442  0.544  0.798
                         rollout:level?    0.275  0.345  0.454  0.569  0.843
                         rollout:local     0.275  0.344  0.472  0.603  0.940
                         static_chain      1.991  1.985  1.990  1.988  1.959

== mae ==
horizon                                        1       2       5       10      30
target       load_future method                                                  
throughput_1 frozen      rollout:anchored   1.820   2.051   2.553   3.092   4.985
                         rollout:capacity   1.848   2.153   2.726   3.201   4.730
                         rollout:chain      1.784   2.120   2.791   3.430   5.471
                         rollout:learned    1.943   2.005   2.595   3.166   4.955
                         rollout:local      1.938   2.016   2.598   3.175   4.964
                         static_chain      22.418  22.483  22.648  22.812  23.484
             known       ar                 1.566   1.683   1.956   2.195   3.257
                         direct             1.905   1.941   2.048   2.275   3.426
                         persistence        1.293   1.382   1.617   1.834   2.903
                         rollout:anchored   1.823   2.038   2.533   3.034   4.921
                         rollout:capacity   1.850   2.143   2.688   3.142   4.703
                         rollout:chain      1.783   2.111   2.771   3.407   5.527
                         rollout:learned    1.941   2.009   2.590   3.178   4.959
                         rollout:level      1.930   2.158   2.751   3.264   4.759
                         rollout:level?     1.951   2.145   2.751   3.259   4.695
                         rollout:local      1.939   2.008   2.607   3.175   4.950
                         static_chain      22.437  22.545  22.705  22.870  23.506
throughput_2 frozen      rollout:anchored   5.813   7.541  10.555  13.752  22.018
                         rollout:capacity   5.797   7.488   9.741  12.174  18.059
                         rollout:chain      5.319   6.775   9.017  11.869  19.306
                         rollout:learned    5.446   6.727   9.007  12.090  20.829
                         rollout:local      5.420   6.652   8.876  11.865  20.765
                         static_chain      74.816  74.925  74.745  74.720  74.104
             known       ar                 5.473   6.526   7.135   7.780  10.667
                         direct             5.326   6.235   7.058   7.832  10.406
                         persistence        4.184   4.982   5.566   6.016   8.424
                         rollout:anchored   5.801   7.597  10.561  13.721  22.136
                         rollout:capacity   5.821   7.529   9.801  12.177  18.145
                         rollout:chain      5.330   6.756   8.971  11.795  19.254
                         rollout:learned    5.427   6.737   9.007  12.086  20.799
                         rollout:level      5.192   6.135   7.786  10.034  17.202
                         rollout:level?     5.189   6.174   7.897  10.128  17.073
                         rollout:local      5.437   6.646   8.982  11.936  20.782
                         static_chain      74.844  74.974  74.806  74.833  74.256
throughput_3 frozen      rollout:anchored   5.425   7.240  10.183  14.030  23.638
                         rollout:capacity   5.277   6.858   9.344  12.405  19.612
                         rollout:chain      5.255   6.598   8.848  11.774  19.068
                         rollout:learned    5.297   6.581   8.889  12.170  21.284
                         rollout:local      5.204   6.487   8.883  12.254  21.757
                         static_chain      93.319  93.326  93.107  93.137  91.705
             known       ar                 5.646   6.951   7.687   8.979  12.547
                         direct             5.226   6.250   7.121   8.858  12.237
                         persistence        4.218   5.186   5.742   6.755   9.582
                         rollout:anchored   5.454   7.227  10.171  14.072  23.735
                         rollout:capacity   5.283   6.823   9.323  12.412  19.666
                         rollout:chain      5.235   6.609   8.835  11.700  19.021
                         rollout:learned    5.296   6.578   8.854  12.121  21.203
                         rollout:level      5.259   6.371   8.196  10.706  17.349
                         rollout:level?     5.213   6.447   8.445  11.270  18.814
                         rollout:local      5.219   6.514   8.922  12.323  21.823
                         static_chain      93.338  93.354  93.145  93.226  91.835

=== 20260313_192652_seed783122 | detecting reconfigurations from surprise, 1 s ===
            auc  caught_at_1pct_false_alarms  realised_false_alarms
detector                                                           
ar        0.891                        0.668                  0.012
dbn       0.880                        0.728                  0.012

=== 20260313_192652_seed783122 | detecting reconfigurations from surprise, 30 s ===
            auc  caught_at_1pct_false_alarms  realised_false_alarms
detector                                                           
ar        0.896                        0.332                  0.011
dbn       0.894                        0.349                  0.011

=== 20260313_192652_seed783122 | regimes by bottleneck ===
variant  +regime parent      ar  global  leave-regime-out  regime structure  regime tables
regime                                                                                    
ALL              0.9182  0.8873  0.9225            0.8284            0.9057         0.9073
none             0.9565  0.9530  0.9623            0.9252            0.9558         0.9566
s1               0.9158  0.8763  0.9207            0.7798            0.9180         0.9177
s23              0.8340  0.7790  0.8311            0.8408            0.7144         0.7280
variant  +regime parent      ar  global  leave-regime-out  regime structure  regime tables
regime                                                                                    
ALL              0.2924  0.4784  0.2809            0.7220            0.3249         0.3211
none             0.1835  0.3182  0.1874            0.4067            0.1878         0.1826
s1               0.2847  0.4861  0.2637            0.8723            0.2681         0.2733
s23              0.6089  0.8429  0.6074            0.7250            0.9708         0.9241
  parents [ALL]: ["y@t", "throughput_2@t", "data_quality_1@t+h", "throughput_2@t-1"] | ["y@t", "throughput_2@t", "throughput_2@t-1", "buffer_size_3@t"] | ["y@t", "throughput_2@t", "throughput_2@t-1", "data_quality_3@t+h"]
  parents [none]: ["y@t", "throughput_2@t", "avg_p_latency_3@t"] | ["y@t", "throughput_2@t", "buffer_size_3@t"] | ["y@t", "throughput_2@t", "cores_3@t+h", "cores_3@t"] | ["y@t", "throughput_2@t", "throughput_2@t-1"] | ["y@t", "throughput_2@t"]
  parents [s1]: ["y@t", "throughput_2@t", "data_quality_1@t+h", "throughput_2@t-1"] | ["y@t", "throughput_2@t", "throughput_2@t-1", "buffer_size_3@t"] | ["y@t", "throughput_2@t", "throughput_2@t-1"] | ["y@t", "y@t-1", "throughput_2@t-1", "throughput_2@t"]
  parents [s23]: ["y@t", "avg_p_latency_3@t-1", "data_quality_2@t+h", "y@t-1"] | ["y@t", "throughput_2@t", "data_quality_2@t+h", "throughput_2@t-1"] | ["y@t", "throughput_2@t", "rps@t+h"] | ["y@t", "throughput_2@t", "throughput_2@t-1", "data_quality_2@t+h"]
               auc_dbn_surprise  auc_ar_surprise  surprise_known  surprise_novel
unseen_regime                                                                   
none                      0.508            0.544           0.331           0.428
s1                        0.783            0.713           0.386           0.886
s23                       0.791            0.785           0.250           0.655

=== 20260313_192652_seed783122 | regimes by load ===
variant  +regime parent      ar  global  leave-regime-out  regime structure  regime tables
regime                                                                                    
ALL              0.9175  0.8873  0.9225            0.8739            0.9150         0.9074
high             0.9141  0.8895  0.9223            0.8059            0.9133         0.9072
low              0.9399  0.9112  0.9426            0.9433            0.9317         0.9290
mid              0.8991  0.8630  0.9036            0.8644            0.9007         0.8873
variant  +regime parent      ar  global  leave-regime-out  regime structure  regime tables
regime                                                                                    
ALL              0.2868  0.4784  0.2809            0.5137            0.3161         0.3301
high             0.2911  0.4534  0.2943            0.6610            0.3145         0.3251
low              0.2305  0.4361  0.2210            0.2830            0.2835         0.2794
mid              0.3363  0.5388  0.3262            0.6101            0.3482         0.3820
  parents [ALL]: ["y@t", "throughput_2@t", "data_quality_1@t+h", "throughput_2@t-1"] | ["y@t", "throughput_2@t", "throughput_2@t-1", "buffer_size_3@t"] | ["y@t", "throughput_2@t", "throughput_2@t-1", "data_quality_3@t+h"]
  parents [high]: ["y@t", "throughput_2@t", "throughput_2@t-1", "buffer_size_3@t"] | ["y@t", "throughput_2@t", "throughput_2@t-1"] | ["y@t", "throughput_2@t"] | ["y@t", "throughput_2@t-1", "throughput_2@t", "cores_2@t+h"]
  parents [low]: ["y@t", "data_quality_1@t", "avg_p_latency_1@t"] | ["y@t", "throughput_2@t", "avg_p_latency_2@t-1", "data_quality_2@t+h"] | ["y@t", "throughput_2@t", "throughput_2@t-1"]
  parents [mid]: ["y@t", "throughput_2@t", "throughput_2@t-1", "buffer_size_3@t"] | ["y@t", "throughput_2@t", "throughput_2@t-1", "cores_1@t"] | ["y@t", "throughput_2@t", "throughput_2@t-1"]
               auc_dbn_surprise  auc_ar_surprise  surprise_known  surprise_novel
unseen_regime                                                                   
high                      0.622            0.587           0.298           0.649
low                       0.464            0.539           0.326           0.284
mid                       0.674            0.672           0.263           0.602
[adaptation] regime none done
[adaptation] regime s1 done
[adaptation] regime s23 done

=== 20260313_192652_seed783122 | accuracy on the new regime, by runs of it seen so far ===
bucket                   0    1-5   6-10  11-20  21-40    >40
regime variant                                               
none   informed      0.937  0.992  0.973  0.975  0.961  0.979
       restructured  0.938  0.992  0.971  0.974  0.959  0.979
       static        0.938  0.992  0.971  0.974  0.960  0.978
       updated       0.938  0.992  0.971  0.974  0.959  0.980
s1     informed      0.986  0.885  0.978  0.927  0.933  0.936
       restructured  0.978  0.843  0.964  0.882  0.903  0.928
       static        0.978  0.843  0.964  0.868  0.899  0.782
       updated       0.978  0.843  0.964  0.872  0.906  0.890
s23    informed      0.801  0.812  0.905  0.894  0.865    NaN
       restructured  0.801  0.839  0.897  0.884  0.865    NaN
       static        0.801  0.819  0.904  0.876  0.856    NaN
       updated       0.801  0.819  0.904  0.890  0.865    NaN
[detection] throughput_3 done
[detection] throughput_2 done
[detection] throughput_1 done
[detection] avg_p_latency_1 done
[detection] avg_p_latency_2 done
[detection] avg_p_latency_3 done
[detection] buffer_size_2 done
[detection] buffer_size_3 done

=== 20260313_192652_seed783122 | CUSUM on per-second miscalibration: unseen regime ===
                           false_alarm_runs  detected_runs  median_seconds_to_alarm
unseen_regime nodes                                                                
none          all nodes                0.03           0.24                   161.70
              service 1                0.06           0.07                    13.20
              service 2                0.06           0.23                   193.88
              service 3                0.03           0.12                   153.67
              target only              0.02           0.07                   309.00
              throughputs              0.03           0.18                   202.88
s1            all nodes                0.07           0.69                   103.40
              service 1                0.14           0.97                     7.20
              service 2                0.05           0.19                   169.38
              service 3                0.03           0.10                   187.80
              target only              0.02           0.17                   232.30
              throughputs              0.04           0.76                    92.80
s23           all nodes                0.05           0.19                   191.25
              service 1                0.10           0.13                   152.33
              service 2                0.07           0.24                   231.38
              service 3                0.06           0.26                   115.62
              target only              0.07           0.26                   208.75
              throughputs              0.04           0.24                   157.25

=== 20260313_192652_seed783122 | run-level AUC for an unseen regime ===
              auc_surprise                                                       auc_miscalibration                                                      
nodes            all nodes service 1 service 2 service 3 target only throughputs          all nodes service 1 service 2 service 3 target only throughputs
unseen_regime                                                                                                                                            
none                 0.203     0.127     0.362     0.265       0.508       0.473              0.799     0.648     0.790     0.648       0.691       0.803
s1                   0.980     0.996     0.895     0.804       0.790       0.976              0.925     0.990     0.739     0.664       0.779       0.943
s23                  0.660     0.380     0.668     0.717       0.790       0.793              0.626     0.642     0.752     0.625       0.736       0.816

=== 20260313_192652_seed783122 | step-level detection of unannounced reconfigurations ===
               auc  caught_at_1pct_false_alarms  realised_false_alarms
score                                                                 
all nodes    0.981                        0.949                  0.011
service 1    0.947                        0.928                  0.010
service 2    0.967                        0.885                  0.010
service 3    0.940                        0.868                  0.013
target only  0.880                        0.728                  0.012
throughputs  0.918                        0.855                  0.011
[fold 1] test rows 1128, of which unseen configuration: 99%
[fold 2] test rows 1116, of which unseen configuration: 97%
[fold 3] test rows 1116, of which unseen configuration: 95%
[fold 4] test rows 1128, of which unseen configuration: 82%
[fold 5] test rows 1116, of which unseen configuration: 88%

== all test rows ==
target                          throughput_1                throughput_2                throughput_3                
                                         acc logloss    mae          acc logloss    mae          acc logloss     mae
model                                                                                                               
boosting (capacities)                  0.930     NaN  1.973        0.641     NaN 24.704        0.546     NaN  33.737
boosting (cores, quality)              0.829     NaN  5.757        0.536     NaN 31.656        0.455     NaN  38.597
capacity chain                         0.841   0.543  8.233        0.720   1.243 51.150        0.679   1.348  68.193
capacity chain, noisy-min prior        0.888   0.318  5.452        0.773   1.572 27.207        0.752   1.325  33.959
min rule                               0.891     NaN  1.683        0.752     NaN 17.349        0.694     NaN  22.421
table chain                            0.763   0.767 28.412        0.576   1.792 82.224        0.476   2.021 100.354

== unseen configurations only ==
target                          throughput_1                throughput_2                throughput_3                
                                         acc logloss    mae          acc logloss    mae          acc logloss     mae
model                                                                                                               
boosting (capacities)                  0.928     NaN  2.079        0.629     NaN 25.457        0.529     NaN  35.063
boosting (cores, quality)              0.823     NaN  6.082        0.518     NaN 32.771        0.432     NaN  40.115
capacity chain                         0.837   0.566  8.464        0.711   1.281 53.745        0.671   1.389  71.471
capacity chain, noisy-min prior        0.886   0.324  5.508        0.769   1.586 27.780        0.747   1.368  34.411
min rule                               0.888     NaN  1.718        0.760     NaN 17.770        0.703     NaN  22.945
table chain                            0.750   0.808 29.996        0.553   1.869 87.276        0.453   2.102 106.212
 fold  rate_dq100  rate_dq200  rate_dq300  rate_dq400  rate_dq500  rate_dq600  rate_dq700  rate_dq800  rate_dq900  rate_dq1000  loglog_slope
    1       417.6       417.6       199.5       110.8        77.2        55.9        43.1        34.4        28.6         25.5          -1.4
    2       500.0       417.6       199.5       110.8        77.2        55.9        43.1        34.4        28.6         25.5          -1.4
    3       500.0       438.7       199.5       116.7        77.2        55.9        43.1        34.4        28.6         25.5          -1.5
    4       500.0       438.7       199.5       116.7        77.2        55.9        43.2        34.4        28.6         25.5          -1.5
    5       500.0       438.7       199.5       116.7        77.2        55.9        44.8        34.4        28.6         25.5          -1.5
[1/23] ar_order=2,other_lags=2  (4s)
    model acc=0.9202 ll=0.2671 mae=7.23 acc@change=0.552 | AR acc=0.8723 ll=0.4659 mae=8.50 | persistence acc=0.8739
[2/23] ar_order=2,level=True,other_lags=2  (4s)
    model acc=0.9184 ll=0.2722 mae=7.15 acc@change=0.550 | AR acc=0.8723 ll=0.4659 mae=8.50 | persistence acc=0.8739
[3/23] ar_order=2,forced=('y@t', 'level_throughput_3@t'),level=True,other_lags=2  (2s)
    model acc=0.9100 ll=0.2891 mae=7.45 acc@change=0.492 | AR acc=0.8723 ll=0.4659 mae=8.50 | persistence acc=0.8739
[4/23] ar_order=2,horizon=5,other_lags=2  (3s)
    model acc=0.8691 ll=0.4064 mae=8.13 acc@change=0.255 | AR acc=0.8576 ll=0.5144 mae=9.61 | persistence acc=0.8589
[5/23] ar_order=2,horizon=5,level=True,other_lags=2  (3s)
    model acc=0.8713 ll=0.4030 mae=8.32 acc@change=0.273 | AR acc=0.8576 ll=0.5144 mae=9.61 | persistence acc=0.8589
[6/23] ar_order=2,forced=('y@t', 'level_throughput_3@t'),horizon=5,level=True,other_lags=2  (2s)
    model acc=0.8718 ll=0.4033 mae=8.40 acc@change=0.279 | AR acc=0.8576 ll=0.5144 mae=9.61 | persistence acc=0.8589
[7/23] ar_order=2,horizon=10,other_lags=2  (3s)
    model acc=0.8701 ll=0.4200 mae=9.18 acc@change=0.269 | AR acc=0.8551 ll=0.5245 mae=10.46 | persistence acc=0.8561
[8/23] ar_order=2,horizon=10,level=True,other_lags=2  (3s)
    model acc=0.8718 ll=0.4114 mae=9.22 acc@change=0.282 | AR acc=0.8551 ll=0.5245 mae=10.46 | persistence acc=0.8561
[9/23] ar_order=2,forced=('y@t', 'level_throughput_3@t'),horizon=10,level=True,other_lags=2  (2s)
    model acc=0.8725 ll=0.4116 mae=9.21 acc@change=0.282 | AR acc=0.8551 ll=0.5245 mae=10.46 | persistence acc=0.8561
[10/23] ar_order=2,n_bins=50,other_lags=2  (4s)
    model acc=0.8817 ll=0.3877 mae=4.49 acc@change=0.538 | AR acc=0.8228 ll=0.5781 mae=5.42 | persistence acc=0.8196
[11/23] ar_order=2,level=True,n_bins=50,other_lags=2  (4s)
    model acc=0.8812 ll=0.3892 mae=4.49 acc@change=0.532 | AR acc=0.8228 ll=0.5781 mae=5.42 | persistence acc=0.8196
[12/23] ar_order=2,forced=('y@t', 'level_throughput_3@t'),level=True,n_bins=50,other_lags=2  (3s)
    model acc=0.8770 ll=0.3990 mae=4.59 acc@change=0.525 | AR acc=0.8228 ll=0.5781 mae=5.42 | persistence acc=0.8196
[13/23] ar_order=2,horizon=5,n_bins=50,other_lags=2  (4s)
    model acc=0.8227 ll=0.5804 mae=6.42 acc@change=0.280 | AR acc=0.8138 ll=0.6474 mae=6.51 | persistence acc=0.8041
[14/23] ar_order=2,horizon=5,level=True,n_bins=50,other_lags=2  (4s)
    model acc=0.8299 ll=0.5723 mae=6.17 acc@change=0.334 | AR acc=0.8138 ll=0.6474 mae=6.51 | persistence acc=0.8041
[15/23] ar_order=2,forced=('y@t', 'level_throughput_3@t'),horizon=5,level=True,n_bins=50,other_lags=2  (3s)
    model acc=0.8356 ll=0.5658 mae=5.98 acc@change=0.328 | AR acc=0.8138 ll=0.6474 mae=6.51 | persistence acc=0.8041
[16/23] ar_order=2,horizon=10,n_bins=50,other_lags=2  (4s)
    model acc=0.8276 ll=0.5797 mae=6.87 acc@change=0.273 | AR acc=0.8132 ll=0.6587 mae=7.40 | persistence acc=0.8015
[17/23] ar_order=2,horizon=10,level=True,n_bins=50,other_lags=2  (4s)
    model acc=0.8350 ll=0.5735 mae=6.82 acc@change=0.339 | AR acc=0.8132 ll=0.6587 mae=7.40 | persistence acc=0.8015
[18/23] ar_order=2,forced=('y@t', 'level_throughput_3@t'),horizon=10,level=True,n_bins=50,other_lags=2  (3s)
    model acc=0.8330 ll=0.5805 mae=6.86 acc@change=0.323 | AR acc=0.8132 ll=0.6587 mae=7.40 | persistence acc=0.8015
[19/23] ar_order=2,dynotears_lambda=0.002,engine=dynotears,other_lags=2  (2s)
    model acc=0.8887 ll=0.3614 mae=7.38 acc@change=0.267 | AR acc=0.8723 ll=0.4659 mae=8.50 | persistence acc=0.8739
[20/23] ar_order=2,dynotears_lambda=0.005,engine=dynotears,other_lags=2  (1s)
    model acc=0.8924 ll=0.3602 mae=7.38 acc@change=0.306 | AR acc=0.8723 ll=0.4659 mae=8.50 | persistence acc=0.8739
[21/23] ar_order=2,engine=dynotears,other_lags=2  (1s)
    model acc=0.8949 ll=0.3413 mae=7.09 acc@change=0.367 | AR acc=0.8723 ll=0.4659 mae=8.50 | persistence acc=0.8739
[22/23] ar_order=2,dynotears_lambda=0.05,engine=dynotears,other_lags=2  (1s)
    model acc=0.8853 ll=0.3724 mae=7.10 acc@change=0.251 | AR acc=0.8723 ll=0.4659 mae=8.50 | persistence acc=0.8739
[23/23] ar_order=2,dynotears_lambda=0.1,engine=dynotears,other_lags=2  (1s)
    model acc=0.8850 ll=0.3758 mae=7.16 acc@change=0.255 | AR acc=0.8723 ll=0.4659 mae=8.50 | persistence acc=0.8739

Saved /home/nero/Downloads/dbn_model_construction/results/ablation/extras_20260316_105011_seed783122_run20261008_165428_ga05edf8_folds.csv
Saved /home/nero/Downloads/dbn_model_construction/results/ablation/extras_20260316_105011_seed783122_run20261008_165428_ga05edf8_runs.csv.gz
[1/19] ar_order=2,capacity=True,numeric=True,on_change=capchain,other_lags=2,pool=local,target=throughput_1  (3s)
    model acc=0.9081 ll=0.2474 mae=1.29 acc@change=0.427 | AR acc=0.8811 ll=0.3655 mae=1.96 | persistence acc=0.8890
[2/19] ar_order=2,capacity=True,n_bins=50,numeric=True,on_change=capchain,other_lags=2,pool=local,target=throughput_1  (2s)
    model acc=0.8001 ll=0.5348 mae=1.03 acc@change=0.415 | AR acc=0.7726 ll=0.6356 mae=1.47 | persistence acc=0.7691
[3/19] ar_order=2,capacity=True,numeric=True,on_change=capchain,other_lags=2,pool=local,target=throughput_2  (3s)
    model acc=0.9019 ll=0.3246 mae=6.38 acc@change=0.281 | AR acc=0.8869 ll=0.4281 mae=7.53 | persistence acc=0.8895
[4/19] ar_order=2,capacity=True,n_bins=50,numeric=True,on_change=capchain,other_lags=2,pool=local,target=throughput_2  (4s)
    model acc=0.8637 ll=0.4260 mae=4.03 acc@change=0.364 | AR acc=0.8381 ll=0.5384 mae=4.67 | persistence acc=0.8395
[5/19] ar_order=2,capacity=True,numeric=True,on_change=capchain,other_lags=2,pool=local  (3s)
    model acc=0.9237 ll=0.2490 mae=6.88 acc@change=0.558 | AR acc=0.8723 ll=0.4659 mae=8.50 | persistence acc=0.8739
[6/19] ar_order=2,capacity=True,n_bins=50,numeric=True,on_change=capchain,other_lags=2,pool=local  (6s)
    model acc=0.8831 ll=0.3657 mae=4.32 acc@change=0.546 | AR acc=0.8228 ll=0.5781 mae=5.42 | persistence acc=0.8196
[7/19] ar_order=2,capacity=True,numeric=True,on_change=capchain,other_lags=2,pool=local,target=avg_p_latency_1  (3s)
    model acc=0.8741 ll=0.3256 mae=0.59 acc@change=0.388 | AR acc=0.8392 ll=0.4565 mae=0.71 | persistence acc=0.8427
[8/19] ar_order=2,capacity=True,n_bins=50,numeric=True,on_change=capchain,other_lags=2,pool=local,target=avg_p_latency_1  (2s)
    model acc=0.7183 ll=0.7152 mae=0.40 acc@change=0.377 | AR acc=0.6714 ll=0.8741 mae=0.47 | persistence acc=0.6739
[9/19] ar_order=2,capacity=True,numeric=True,on_change=capchain,other_lags=2,pool=local,target=avg_p_latency_2  (3s)
    model acc=0.8960 ll=0.3139 mae=0.56 acc@change=0.259 | AR acc=0.8847 ll=0.4338 mae=0.65 | persistence acc=0.8877
[10/19] ar_order=2,capacity=True,n_bins=50,numeric=True,on_change=capchain,other_lags=2,pool=local,target=avg_p_latency_2  (2s)
    model acc=0.7733 ll=0.6453 mae=0.40 acc@change=0.257 | AR acc=0.7536 ll=0.7523 mae=0.43 | persistence acc=0.7539
[11/19] ar_order=2,capacity=True,numeric=True,on_change=capchain,other_lags=2,pool=local,target=avg_p_latency_3  (3s)
    model acc=0.8961 ll=0.3493 mae=0.49 acc@change=0.257 | AR acc=0.8835 ll=0.4478 mae=0.56 | persistence acc=0.8901
[12/19] ar_order=2,capacity=True,n_bins=50,numeric=True,on_change=capchain,other_lags=2,pool=local,target=avg_p_latency_3  (2s)
    model acc=0.8256 ll=0.5604 mae=0.35 acc@change=0.266 | AR acc=0.8055 ll=0.6551 mae=0.39 | persistence acc=0.8097
[13/19] ar_order=2,capacity=True,disc=quantile,numeric=True,on_change=capchain,other_lags=2,pool=local,target=buffer_size_2  (3s)
    model acc=0.9232 ll=0.2648 mae=1046.90 acc@change=0.202 | AR acc=0.9170 ll=0.3520 mae=1051.14 | persistence acc=0.9170
[14/19] ar_order=2,capacity=True,disc=quantile,n_bins=50,numeric=True,on_change=capchain,other_lags=2,pool=local,target=buffer_size_2  (2s)
    model acc=0.8772 ll=0.3856 mae=471.77 acc@change=0.298 | AR acc=0.8612 ll=0.4960 mae=474.74 | persistence acc=0.8583
[15/19] ar_order=2,capacity=True,disc=quantile,numeric=True,on_change=capchain,other_lags=2,pool=local,target=buffer_size_3  (3s)
    model acc=0.8864 ll=0.3623 mae=1385.66 acc@change=0.260 | AR acc=0.8756 ll=0.4917 mae=1391.86 | persistence acc=0.8756
[16/19] ar_order=2,capacity=True,disc=quantile,n_bins=50,numeric=True,on_change=capchain,other_lags=2,pool=local,target=buffer_size_3  (2s)
    model acc=0.7994 ll=0.5807 mae=569.66 acc@change=0.281 | AR acc=0.7734 ll=0.7301 mae=571.64 | persistence acc=0.7702
[17/19] ar_order=2,capacity=True,granularity=30,n_bins=4,numeric=True,on_change=capchain,other_lags=2,pool=local  (2s)
    model acc=0.9689 ll=0.1180 mae=25.66 acc@change=0.605 | AR acc=0.9299 ll=0.2840 mae=31.84 | persistence acc=0.9291
[18/19] ar_order=2,capacity=True,granularity=30,n_bins=10,numeric=True,on_change=capchain,other_lags=2,pool=local  (0s)
    model acc=0.9522 ll=0.2248 mae=17.89 acc@change=0.573 | AR acc=0.9038 ll=0.4514 mae=24.41 | persistence acc=0.9064
[19/19] ar_order=2,capacity=True,granularity=30,numeric=True,on_change=capchain,other_lags=2,pool=local  (0s)
    model acc=0.9301 ll=0.4121 mae=14.10 acc@change=0.494 | AR acc=0.8719 ll=0.6758 mae=20.79 | persistence acc=0.8747

Saved /home/nero/Downloads/dbn_model_construction/results/ablation/recommended_20260316_105011_seed783122_run20261008_165534_ga05edf8_folds.csv
Saved /home/nero/Downloads/dbn_model_construction/results/ablation/recommended_20260316_105011_seed783122_run20261008_165534_ga05edf8_runs.csv.gz
[1/28] ar_order=2,n_bins=4,on_change=chain,other_lags=2  (3s)
    model acc=0.9909 ll=0.0399 mae=22.32 acc@change=0.346 | AR acc=0.9879 ll=0.0716 mae=23.11 | persistence acc=0.9879
[2/28] ar_order=2,capacity=True,n_bins=4,on_change=chain,other_lags=2  (3s)
    model acc=0.9913 ll=0.0395 mae=22.15 acc@change=0.344 | AR acc=0.9879 ll=0.0716 mae=23.11 | persistence acc=0.9879
[3/28] ar_order=2,capacity=True,n_bins=4,on_change=capchain,other_lags=2  (2s)
    model acc=0.9915 ll=0.0385 mae=22.10 acc@change=0.353 | AR acc=0.9879 ll=0.0716 mae=23.11 | persistence acc=0.9879
[4/28] ar_order=2,capacity=True,n_bins=4,on_change=capchain,other_lags=2,pool=local  (1s)
    model acc=0.9917 ll=0.0371 mae=22.26 acc@change=0.396 | AR acc=0.9879 ll=0.0716 mae=23.11 | persistence acc=0.9879
[5/28] ar_order=2,n_bins=10,on_change=chain,other_lags=2  (2s)
    model acc=0.9381 ll=0.2150 mae=9.50 acc@change=0.352 | AR acc=0.9248 ll=0.3296 mae=10.20 | persistence acc=0.9250
[6/28] ar_order=2,capacity=True,n_bins=10,on_change=chain,other_lags=2  (3s)
    model acc=0.9381 ll=0.2150 mae=9.50 acc@change=0.352 | AR acc=0.9248 ll=0.3296 mae=10.20 | persistence acc=0.9250
[7/28] ar_order=2,capacity=True,n_bins=10,on_change=capchain,other_lags=2  (3s)
    model acc=0.9386 ll=0.2134 mae=9.41 acc@change=0.358 | AR acc=0.9248 ll=0.3296 mae=10.20 | persistence acc=0.9250
[8/28] ar_order=2,capacity=True,n_bins=10,on_change=capchain,other_lags=2,pool=local  (1s)
    model acc=0.9474 ll=0.1906 mae=8.86 acc@change=0.465 | AR acc=0.9248 ll=0.3296 mae=10.20 | persistence acc=0.9250
[9/28] ar_order=2,on_change=chain,other_lags=2  (4s)
    model acc=0.9210 ll=0.2527 mae=7.20 acc@change=0.559 | AR acc=0.8723 ll=0.4659 mae=8.50 | persistence acc=0.8739
[10/28] ar_order=2,capacity=True,on_change=chain,other_lags=2  (4s)
    model acc=0.9210 ll=0.2527 mae=7.20 acc@change=0.559 | AR acc=0.8723 ll=0.4659 mae=8.50 | persistence acc=0.8739
[11/28] ar_order=2,capacity=True,on_change=capchain,other_lags=2  (5s)
    model acc=0.9216 ll=0.2506 mae=7.07 acc@change=0.564 | AR acc=0.8723 ll=0.4659 mae=8.50 | persistence acc=0.8739
[12/28] ar_order=2,capacity=True,on_change=capchain,other_lags=2,pool=local  (2s)
    model acc=0.9237 ll=0.2490 mae=6.88 acc@change=0.558 | AR acc=0.8723 ll=0.4659 mae=8.50 | persistence acc=0.8739
[13/28] ar_order=2,granularity=30,n_bins=4,on_change=chain,other_lags=2  (1s)
    model acc=0.9612 ll=0.1385 mae=27.03 acc@change=0.555 | AR acc=0.9299 ll=0.2840 mae=31.84 | persistence acc=0.9291
[14/28] ar_order=2,capacity=True,granularity=30,n_bins=4,on_change=chain,other_lags=2  (1s)
    model acc=0.9610 ll=0.1387 mae=27.05 acc@change=0.555 | AR acc=0.9299 ll=0.2840 mae=31.84 | persistence acc=0.9291
[15/28] ar_order=2,capacity=True,granularity=30,n_bins=4,on_change=capchain,other_lags=2  (0s)
    model acc=0.9689 ll=0.1088 mae=24.95 acc@change=0.605 | AR acc=0.9299 ll=0.2840 mae=31.84 | persistence acc=0.9291
[16/28] ar_order=2,capacity=True,granularity=30,n_bins=4,on_change=capchain,other_lags=2,pool=local  (0s)
    model acc=0.9689 ll=0.1180 mae=25.66 acc@change=0.605 | AR acc=0.9299 ll=0.2840 mae=31.84 | persistence acc=0.9291
[17/28] ar_order=2,granularity=30,n_bins=10,on_change=chain,other_lags=2  (0s)
    model acc=0.9394 ll=0.2566 mae=21.32 acc@change=0.483 | AR acc=0.9038 ll=0.4514 mae=24.41 | persistence acc=0.9064
[18/28] ar_order=2,capacity=True,granularity=30,n_bins=10,on_change=chain,other_lags=2  (0s)
    model acc=0.9394 ll=0.2544 mae=21.26 acc@change=0.483 | AR acc=0.9038 ll=0.4514 mae=24.41 | persistence acc=0.9064
[19/28] ar_order=2,capacity=True,granularity=30,n_bins=10,on_change=capchain,other_lags=2  (0s)
    model acc=0.9522 ll=0.2231 mae=17.68 acc@change=0.573 | AR acc=0.9038 ll=0.4514 mae=24.41 | persistence acc=0.9064
[20/28] ar_order=2,capacity=True,granularity=30,n_bins=10,on_change=capchain,other_lags=2,pool=local  (0s)
    model acc=0.9522 ll=0.2248 mae=17.89 acc@change=0.573 | AR acc=0.9038 ll=0.4514 mae=24.41 | persistence acc=0.9064
[21/28] ar_order=2,granularity=30,on_change=chain,other_lags=2  (0s)
    model acc=0.9021 ll=0.4357 mae=18.16 acc@change=0.309 | AR acc=0.8719 ll=0.6758 mae=20.79 | persistence acc=0.8747
[22/28] ar_order=2,capacity=True,granularity=30,on_change=chain,other_lags=2  (0s)
    model acc=0.9021 ll=0.4367 mae=18.45 acc@change=0.309 | AR acc=0.8719 ll=0.6758 mae=20.79 | persistence acc=0.8747
[23/28] ar_order=2,capacity=True,granularity=30,on_change=capchain,other_lags=2  (0s)
    model acc=0.9297 ll=0.3883 mae=12.56 acc@change=0.489 | AR acc=0.8719 ll=0.6758 mae=20.79 | persistence acc=0.8747
[24/28] ar_order=2,capacity=True,granularity=30,on_change=capchain,other_lags=2,pool=local  (0s)
    model acc=0.9301 ll=0.4121 mae=14.10 acc@change=0.494 | AR acc=0.8719 ll=0.6758 mae=20.79 | persistence acc=0.8747
[25/28] ar_order=2,on_change=chain,other_lags=2,target=throughput_1  (4s)
    model acc=0.9080 ll=0.2475 mae=1.32 acc@change=0.426 | AR acc=0.8811 ll=0.3655 mae=1.96 | persistence acc=0.8890
[26/28] ar_order=2,capacity=True,on_change=capchain,other_lags=2,target=throughput_1  (5s)
    model acc=0.9081 ll=0.2474 mae=1.29 acc@change=0.427 | AR acc=0.8811 ll=0.3655 mae=1.96 | persistence acc=0.8890
[27/28] ar_order=2,on_change=chain,other_lags=2,target=throughput_2  (5s)
    model acc=0.9027 ll=0.3054 mae=6.32 acc@change=0.263 | AR acc=0.8869 ll=0.4281 mae=7.53 | persistence acc=0.8895
[28/28] ar_order=2,capacity=True,on_change=capchain,other_lags=2,target=throughput_2  (5s)
    model acc=0.9000 ll=0.3190 mae=6.25 acc@change=0.256 | AR acc=0.8869 ll=0.4281 mae=7.53 | persistence acc=0.8895

Saved /home/nero/Downloads/dbn_model_construction/results/ablation/capacity_20260316_105011_seed783122_run20261008_165623_ga05edf8_folds.csv
Saved /home/nero/Downloads/dbn_model_construction/results/ablation/capacity_20260316_105011_seed783122_run20261008_165623_ga05edf8_runs.csv.gz
[1/48] n_bins=10,target=throughput_1  (3s)
    model acc=0.9548 ll=0.1212 mae=2.48 acc@change=0.356 | AR acc=0.9472 ll=0.2111 mae=3.10 | persistence acc=0.9472
[2/48] ar_order=2,n_bins=10,on_change=chain,other_lags=2,target=throughput_1  (2s)
    model acc=0.9568 ll=0.1096 mae=2.30 acc@change=0.397 | AR acc=0.9472 ll=0.2111 mae=3.10 | persistence acc=0.9472
[3/48] engine=hc-bic,n_bins=10,prior=bdeu,target=throughput_1  (1s)
    model acc=0.9502 ll=0.1571 mae=3.04 acc@change=0.366 | AR acc=0.9472 ll=0.2111 mae=3.10 | persistence acc=0.9472
[4/48] target=throughput_1  (2s)
    model acc=0.9064 ll=0.2593 mae=1.48 acc@change=0.412 | AR acc=0.8811 ll=0.3655 mae=1.96 | persistence acc=0.8890
[5/48] ar_order=2,on_change=chain,other_lags=2,target=throughput_1  (3s)
    model acc=0.9080 ll=0.2475 mae=1.32 acc@change=0.426 | AR acc=0.8811 ll=0.3655 mae=1.96 | persistence acc=0.8890
[6/48] engine=hc-bic,prior=bdeu,target=throughput_1  (1s)
    model acc=0.8865 ll=0.3442 mae=1.90 acc@change=0.201 | AR acc=0.8811 ll=0.3655 mae=1.96 | persistence acc=0.8890
[7/48] n_bins=10,target=throughput_2  (3s)
    model acc=0.9354 ll=0.2196 mae=9.19 acc@change=0.201 | AR acc=0.9377 ll=0.2786 mae=10.03 | persistence acc=0.9382
[8/48] ar_order=2,n_bins=10,on_change=chain,other_lags=2,target=throughput_2  (2s)
    model acc=0.9390 ll=0.1966 mae=9.01 acc@change=0.276 | AR acc=0.9377 ll=0.2786 mae=10.03 | persistence acc=0.9382
[9/48] engine=hc-bic,n_bins=10,prior=bdeu,target=throughput_2  (1s)
    model acc=0.9253 ll=0.3178 mae=10.94 acc@change=0.082 | AR acc=0.9377 ll=0.2786 mae=10.03 | persistence acc=0.9382
[10/48] target=throughput_2  (2s)
    model acc=0.8981 ll=0.3231 mae=6.45 acc@change=0.229 | AR acc=0.8869 ll=0.4281 mae=7.53 | persistence acc=0.8895
[11/48] ar_order=2,on_change=chain,other_lags=2,target=throughput_2  (3s)
    model acc=0.9027 ll=0.3054 mae=6.32 acc@change=0.263 | AR acc=0.8869 ll=0.4281 mae=7.53 | persistence acc=0.8895
[12/48] engine=hc-bic,prior=bdeu,target=throughput_2  (0s)
    model acc=0.8869 ll=0.4281 mae=7.53 acc@change=0.016 | AR acc=0.8869 ll=0.4281 mae=7.53 | persistence acc=0.8895
[13/48] n_bins=10  (3s)
    model acc=0.9333 ll=0.2298 mae=9.64 acc@change=0.316 | AR acc=0.9248 ll=0.3296 mae=10.20 | persistence acc=0.9250
[14/48] ar_order=2,n_bins=10,on_change=chain,other_lags=2  (2s)
    model acc=0.9381 ll=0.2150 mae=9.50 acc@change=0.352 | AR acc=0.9248 ll=0.3296 mae=10.20 | persistence acc=0.9250
[15/48] engine=hc-bic,n_bins=10,prior=bdeu  (1s)
    model acc=0.9186 ll=0.3024 mae=10.57 acc@change=0.266 | AR acc=0.9248 ll=0.3296 mae=10.20 | persistence acc=0.9250
[16/48] ref  (2s)
    model acc=0.9086 ll=0.3172 mae=7.48 acc@change=0.411 | AR acc=0.8723 ll=0.4659 mae=8.50 | persistence acc=0.8739
[17/48] ar_order=2,on_change=chain,other_lags=2  (4s)
    model acc=0.9210 ll=0.2527 mae=7.20 acc@change=0.559 | AR acc=0.8723 ll=0.4659 mae=8.50 | persistence acc=0.8739
[18/48] engine=hc-bic,prior=bdeu  (0s)
    model acc=0.8723 ll=0.4659 mae=8.50 acc@change=0.015 | AR acc=0.8723 ll=0.4659 mae=8.50 | persistence acc=0.8739
[19/48] n_bins=10,target=avg_p_latency_1  (3s)
    model acc=0.9379 ll=0.1536 mae=1.01 acc@change=0.405 | AR acc=0.9251 ll=0.2680 mae=1.21 | persistence acc=0.9251
[20/48] ar_order=2,n_bins=10,on_change=chain,other_lags=2,target=avg_p_latency_1  (2s)
    model acc=0.9398 ll=0.1538 mae=1.01 acc@change=0.392 | AR acc=0.9251 ll=0.2680 mae=1.21 | persistence acc=0.9251
[21/48] engine=hc-bic,n_bins=10,prior=bdeu,target=avg_p_latency_1  (1s)
    model acc=0.8807 ll=0.3272 mae=1.48 acc@change=0.236 | AR acc=0.9251 ll=0.2680 mae=1.21 | persistence acc=0.9251
[22/48] target=avg_p_latency_1  (2s)
    model acc=0.8733 ll=0.3268 mae=0.59 acc@change=0.385 | AR acc=0.8392 ll=0.4565 mae=0.71 | persistence acc=0.8427
[23/48] ar_order=2,on_change=chain,other_lags=2,target=avg_p_latency_1  (3s)
    model acc=0.8726 ll=0.3277 mae=0.59 acc@change=0.371 | AR acc=0.8392 ll=0.4565 mae=0.71 | persistence acc=0.8427
[24/48] engine=hc-bic,prior=bdeu,target=avg_p_latency_1  (1s)
    model acc=0.8483 ll=0.4089 mae=0.74 acc@change=0.269 | AR acc=0.8392 ll=0.4565 mae=0.71 | persistence acc=0.8427
[25/48] n_bins=10,target=avg_p_latency_2  (3s)
    model acc=0.9513 ll=0.1554 mae=0.96 acc@change=0.174 | AR acc=0.9522 ll=0.2171 mae=1.04 | persistence acc=0.9522
[26/48] ar_order=2,n_bins=10,on_change=chain,other_lags=2,target=avg_p_latency_2  (2s)
    model acc=0.9553 ll=0.1455 mae=0.95 acc@change=0.205 | AR acc=0.9522 ll=0.2171 mae=1.04 | persistence acc=0.9522
[27/48] engine=hc-bic,n_bins=10,prior=bdeu,target=avg_p_latency_2  (1s)
    model acc=0.9441 ll=0.2405 mae=1.08 acc@change=0.104 | AR acc=0.9522 ll=0.2171 mae=1.04 | persistence acc=0.9522
[28/48] target=avg_p_latency_2  (2s)
    model acc=0.8917 ll=0.3462 mae=0.57 acc@change=0.185 | AR acc=0.8847 ll=0.4338 mae=0.65 | persistence acc=0.8877
[29/48] ar_order=2,on_change=chain,other_lags=2,target=avg_p_latency_2  (3s)
    model acc=0.8960 ll=0.3131 mae=0.56 acc@change=0.259 | AR acc=0.8847 ll=0.4338 mae=0.65 | persistence acc=0.8877
[30/48] engine=hc-bic,prior=bdeu,target=avg_p_latency_2  (0s)
    model acc=0.8847 ll=0.4338 mae=0.65 acc@change=0.009 | AR acc=0.8847 ll=0.4338 mae=0.65 | persistence acc=0.8877
[31/48] n_bins=10,target=avg_p_latency_3  (3s)
    model acc=0.9355 ll=0.1943 mae=0.80 acc@change=0.159 | AR acc=0.9406 ll=0.2564 mae=0.91 | persistence acc=0.9426
[32/48] ar_order=2,n_bins=10,on_change=chain,other_lags=2,target=avg_p_latency_3  (2s)
    model acc=0.9450 ll=0.1766 mae=0.79 acc@change=0.224 | AR acc=0.9406 ll=0.2564 mae=0.91 | persistence acc=0.9426
[33/48] engine=hc-bic,n_bins=10,prior=bdeu,target=avg_p_latency_3  (1s)
    model acc=0.9408 ll=0.2356 mae=0.81 acc@change=0.182 | AR acc=0.9406 ll=0.2564 mae=0.91 | persistence acc=0.9426
[34/48] target=avg_p_latency_3  (2s)
    model acc=0.8886 ll=0.3759 mae=0.51 acc@change=0.147 | AR acc=0.8835 ll=0.4478 mae=0.56 | persistence acc=0.8901
[35/48] ar_order=2,on_change=chain,other_lags=2,target=avg_p_latency_3  (3s)
    model acc=0.8961 ll=0.3493 mae=0.49 acc@change=0.257 | AR acc=0.8835 ll=0.4478 mae=0.56 | persistence acc=0.8901
[36/48] engine=hc-bic,prior=bdeu,target=avg_p_latency_3  (0s)
    model acc=0.8835 ll=0.4478 mae=0.56 acc@change=0.018 | AR acc=0.8835 ll=0.4478 mae=0.56 | persistence acc=0.8901
[37/48] disc=quantile,n_bins=10,target=buffer_size_2  (2s)
    model acc=0.9481 ll=0.2009 mae=2028.42 acc@change=0.161 | AR acc=0.9462 ll=0.2497 mae=2029.25 | persistence acc=0.9462
[38/48] ar_order=2,disc=quantile,n_bins=10,on_change=chain,other_lags=2,target=buffer_size_2  (1s)
    model acc=0.9478 ll=0.1880 mae=2025.95 acc@change=0.121 | AR acc=0.9462 ll=0.2497 mae=2029.25 | persistence acc=0.9462
[39/48] disc=quantile,engine=hc-bic,n_bins=10,prior=bdeu,target=buffer_size_2  (0s)
    model acc=0.9465 ll=0.2158 mae=2027.77 acc@change=0.173 | AR acc=0.9462 ll=0.2497 mae=2029.25 | persistence acc=0.9462
[40/48] disc=quantile,target=buffer_size_2  (1s)
    model acc=0.9254 ll=0.2467 mae=1049.43 acc@change=0.276 | AR acc=0.9170 ll=0.3520 mae=1051.14 | persistence acc=0.9170
[41/48] ar_order=2,disc=quantile,on_change=chain,other_lags=2,target=buffer_size_2  (2s)
    model acc=0.9253 ll=0.2455 mae=1048.79 acc@change=0.268 | AR acc=0.9170 ll=0.3520 mae=1051.14 | persistence acc=0.9170
[42/48] disc=quantile,engine=hc-bic,prior=bdeu,target=buffer_size_2  (1s)
    model acc=0.9185 ll=0.3214 mae=1051.33 acc@change=0.132 | AR acc=0.9170 ll=0.3520 mae=1051.14 | persistence acc=0.9170
[43/48] disc=quantile,n_bins=10,target=buffer_size_3  (3s)
    model acc=0.9224 ll=0.2996 mae=1986.46 acc@change=0.150 | AR acc=0.9240 ll=0.3522 mae=1990.60 | persistence acc=0.9240
[44/48] ar_order=2,disc=quantile,n_bins=10,on_change=chain,other_lags=2,target=buffer_size_3  (2s)
    model acc=0.9277 ll=0.2794 mae=1987.23 acc@change=0.197 | AR acc=0.9240 ll=0.3522 mae=1990.60 | persistence acc=0.9240
[45/48] disc=quantile,engine=hc-bic,n_bins=10,prior=bdeu,target=buffer_size_3  (1s)
    model acc=0.9130 ll=0.3660 mae=2035.33 acc@change=0.036 | AR acc=0.9240 ll=0.3522 mae=1990.60 | persistence acc=0.9240
[46/48] disc=quantile,target=buffer_size_3  (1s)
    model acc=0.8849 ll=0.3824 mae=1386.76 acc@change=0.229 | AR acc=0.8756 ll=0.4917 mae=1391.86 | persistence acc=0.8756
[47/48] ar_order=2,disc=quantile,on_change=chain,other_lags=2,target=buffer_size_3  (2s)
    model acc=0.8897 ll=0.3619 mae=1387.97 acc@change=0.249 | AR acc=0.8756 ll=0.4917 mae=1391.86 | persistence acc=0.8756
[48/48] disc=quantile,engine=hc-bic,prior=bdeu,target=buffer_size_3  (1s)
    model acc=0.8721 ll=0.4927 mae=1391.38 acc@change=0.029 | AR acc=0.8756 ll=0.4917 mae=1391.86 | persistence acc=0.8756

Saved /home/nero/Downloads/dbn_model_construction/results/ablation/targets_20260316_105011_seed783122_run20261008_165719_ga05edf8_folds.csv
Saved /home/nero/Downloads/dbn_model_construction/results/ablation/targets_20260316_105011_seed783122_run20261008_165719_ga05edf8_runs.csv.gz
[1/16] ref  (3s)
    model acc=0.9086 ll=0.3172 mae=7.48 acc@change=0.411 | AR acc=0.8723 ll=0.4659 mae=8.50 | persistence acc=0.8739
[2/16] pool=local  (1s)
    model acc=0.9179 ll=0.3002 mae=7.08 acc@change=0.471 | AR acc=0.8723 ll=0.4659 mae=8.50 | persistence acc=0.8739
[3/16] ar_order=2,other_lags=2,pool=local  (1s)
    model acc=0.9222 ll=0.2666 mae=7.04 acc@change=0.546 | AR acc=0.8723 ll=0.4659 mae=8.50 | persistence acc=0.8739
[4/16] ar_order=2,other_lags=2  (3s)
    model acc=0.9202 ll=0.2671 mae=7.23 acc@change=0.552 | AR acc=0.8723 ll=0.4659 mae=8.50 | persistence acc=0.8739
[5/16] forced=('y@t', 'throughput_2@t')  (1s)
    model acc=0.9086 ll=0.3172 mae=7.48 acc@change=0.411 | AR acc=0.8723 ll=0.4659 mae=8.50 | persistence acc=0.8739
[6/16] forced=('y@t', 'throughput_2@t', 'buffer_size_3@t')  (1s)
    model acc=0.9125 ll=0.3027 mae=7.26 acc@change=0.427 | AR acc=0.8723 ll=0.4659 mae=8.50 | persistence acc=0.8739
[7/16] forced=('y@t', 'throughput_2@t', 'cores_3@t+h', 'data_quality_3@t+h'),max_parents=5  (1s)
    model acc=0.8821 ll=0.4296 mae=8.69 acc@change=0.195 | AR acc=0.8723 ll=0.4659 mae=8.50 | persistence acc=0.8739
[8/16] forced=('y@t', 'throughput_2@t', 'cores_3@t+h', 'data_quality_3@t+h'),max_parents=6  (1s)
    model acc=0.8825 ll=0.4226 mae=8.18 acc@change=0.187 | AR acc=0.8723 ll=0.4659 mae=8.50 | persistence acc=0.8739
[9/16] forced=('y@t', 'cores_3@t+h', 'data_quality_3@t+h')  (1s)
    model acc=0.8780 ll=0.4330 mae=8.62 acc@change=0.230 | AR acc=0.8723 ll=0.4659 mae=8.50 | persistence acc=0.8739
[10/16] forced=('y@t', 'cores_3@t+h', 'data_quality_3@t+h'),max_parents=5  (1s)
    model acc=0.8782 ll=0.4316 mae=8.58 acc@change=0.193 | AR acc=0.8723 ll=0.4659 mae=8.50 | persistence acc=0.8739
[11/16] exog=none  (1s)
    model acc=0.9147 ll=0.3071 mae=7.18 acc@change=0.436 | AR acc=0.8723 ll=0.4659 mae=8.50 | persistence acc=0.8739
[12/16] exog=none,pool=local  (1s)
    model acc=0.9179 ll=0.3002 mae=7.08 acc@change=0.471 | AR acc=0.8723 ll=0.4659 mae=8.50 | persistence acc=0.8739
[13/16] engine=hc-bic,pool=local  (0s)
    model acc=0.8723 ll=0.4659 mae=8.50 acc@change=0.015 | AR acc=0.8723 ll=0.4659 mae=8.50 | persistence acc=0.8739
[14/16] engine=hc-aic,pool=local  (0s)
    model acc=0.9005 ll=0.3649 mae=7.62 acc@change=0.381 | AR acc=0.8723 ll=0.4659 mae=8.50 | persistence acc=0.8739
[15/16] engine=hc-bdeu,pool=local  (0s)
    model acc=0.9108 ll=0.3328 mae=7.29 acc@change=0.416 | AR acc=0.8723 ll=0.4659 mae=8.50 | persistence acc=0.8739
[16/16] engine=dynotears,pool=local  (0s)
    model acc=0.8931 ll=0.3913 mae=7.80 acc@change=0.278 | AR acc=0.8723 ll=0.4659 mae=8.50 | persistence acc=0.8739

Saved /home/nero/Downloads/dbn_model_construction/results/ablation/constraints_20260316_105011_seed783122_run20261008_165838_ga05edf8_folds.csv
Saved /home/nero/Downloads/dbn_model_construction/results/ablation/constraints_20260316_105011_seed783122_run20261008_165838_ga05edf8_runs.csv.gz
[1/11] n_bins=10,numeric=True,on_change=chain  (3s)
    model acc=0.9343 ll=0.2206 mae=9.60 acc@change=0.331 | AR acc=0.9248 ll=0.3296 mae=10.20 | persistence acc=0.9250
[2/11] ar_order=2,n_bins=10,numeric=True,on_change=chain,other_lags=2  (2s)
    model acc=0.9381 ll=0.2150 mae=9.50 acc@change=0.352 | AR acc=0.9248 ll=0.3296 mae=10.20 | persistence acc=0.9250
[3/11] ar_order=3,max_parents=6,n_bins=10,numeric=True,on_change=chain,other_lags=3  (3s)
    model acc=0.9414 ll=0.1943 mae=9.22 acc@change=0.348 | AR acc=0.9248 ll=0.3296 mae=10.20 | persistence acc=0.9250
[4/11] numeric=True,on_change=chain  (2s)
    model acc=0.9094 ll=0.3045 mae=7.44 acc@change=0.418 | AR acc=0.8723 ll=0.4659 mae=8.50 | persistence acc=0.8739
[5/11] ar_order=2,numeric=True,on_change=chain,other_lags=2  (3s)
    model acc=0.9210 ll=0.2527 mae=7.20 acc@change=0.559 | AR acc=0.8723 ll=0.4659 mae=8.50 | persistence acc=0.8739
[6/11] ar_order=3,max_parents=6,numeric=True,on_change=chain,other_lags=3  (5s)
    model acc=0.9164 ll=0.2613 mae=7.33 acc@change=0.503 | AR acc=0.8723 ll=0.4659 mae=8.50 | persistence acc=0.8739
[7/11] n_bins=50,numeric=True,on_change=chain  (5s)
    model acc=0.8766 ll=0.4003 mae=4.53 acc@change=0.465 | AR acc=0.8228 ll=0.5781 mae=5.42 | persistence acc=0.8196
[8/11] ar_order=2,n_bins=50,numeric=True,on_change=chain,other_lags=2  (7s)
    model acc=0.8823 ll=0.3676 mae=4.48 acc@change=0.542 | AR acc=0.8228 ll=0.5781 mae=5.42 | persistence acc=0.8196
[9/11] ar_order=3,max_parents=6,n_bins=50,numeric=True,on_change=chain,other_lags=3  (11s)
    model acc=0.8809 ll=0.3703 mae=4.57 acc@change=0.527 | AR acc=0.8228 ll=0.5781 mae=5.42 | persistence acc=0.8196
[10/11] granularity=30,n_bins=10,numeric=True,on_change=chain  (1s)
    model acc=0.9394 ll=0.2587 mae=21.31 acc@change=0.483 | AR acc=0.9038 ll=0.4514 mae=24.41 | persistence acc=0.9064
[11/11] ar_order=2,granularity=30,n_bins=10,numeric=True,on_change=chain,other_lags=2  (0s)
    model acc=0.9394 ll=0.2566 mae=21.32 acc@change=0.483 | AR acc=0.9038 ll=0.4514 mae=24.41 | persistence acc=0.9064

Saved /home/nero/Downloads/dbn_model_construction/results/ablation/numeric_20260316_105011_seed783122_run20261008_165856_ga05edf8_folds.csv
Saved /home/nero/Downloads/dbn_model_construction/results/ablation/numeric_20260316_105011_seed783122_run20261008_165856_ga05edf8_runs.csv.gz
[1/21] n_bins=10  (3s)
    model acc=0.9333 ll=0.2298 mae=9.64 acc@change=0.316 | AR acc=0.9248 ll=0.3296 mae=10.20 | persistence acc=0.9250
[2/21] ar_order=2,n_bins=10,on_change=chain,other_lags=2  (2s)
    model acc=0.9381 ll=0.2150 mae=9.50 acc@change=0.352 | AR acc=0.9248 ll=0.3296 mae=10.20 | persistence acc=0.9250
[3/21] ar_order=3,max_parents=6,n_bins=10,on_change=chain,other_lags=3,velocity=binned  (5s)
    model acc=0.9414 ll=0.1943 mae=9.22 acc@change=0.348 | AR acc=0.9248 ll=0.3296 mae=10.20 | persistence acc=0.9250
[4/21] ref  (2s)
    model acc=0.9086 ll=0.3172 mae=7.48 acc@change=0.411 | AR acc=0.8723 ll=0.4659 mae=8.50 | persistence acc=0.8739
[5/21] ar_order=2,on_change=chain,other_lags=2  (4s)
    model acc=0.9210 ll=0.2527 mae=7.20 acc@change=0.559 | AR acc=0.8723 ll=0.4659 mae=8.50 | persistence acc=0.8739
[6/21] ar_order=3,max_parents=6,on_change=chain,other_lags=3,velocity=binned  (8s)
    model acc=0.9156 ll=0.2626 mae=7.32 acc@change=0.489 | AR acc=0.8723 ll=0.4659 mae=8.50 | persistence acc=0.8739
[7/21] n_bins=30  (2s)
    model acc=0.8834 ll=0.3751 mae=5.68 acc@change=0.385 | AR acc=0.8525 ll=0.5044 mae=6.61 | persistence acc=0.8575
[8/21] ar_order=2,n_bins=30,on_change=chain,other_lags=2  (5s)
    model acc=0.8903 ll=0.3205 mae=5.52 acc@change=0.485 | AR acc=0.8525 ll=0.5044 mae=6.61 | persistence acc=0.8575
[9/21] ar_order=3,max_parents=6,n_bins=30,on_change=chain,other_lags=3,velocity=binned  (10s)
    model acc=0.8917 ll=0.3155 mae=5.51 acc@change=0.473 | AR acc=0.8525 ll=0.5044 mae=6.61 | persistence acc=0.8575
[10/21] n_bins=50  (2s)
    model acc=0.8760 ll=0.4203 mae=4.54 acc@change=0.461 | AR acc=0.8228 ll=0.5781 mae=5.42 | persistence acc=0.8196
[11/21] ar_order=2,n_bins=50,on_change=chain,other_lags=2  (7s)
    model acc=0.8823 ll=0.3676 mae=4.48 acc@change=0.542 | AR acc=0.8228 ll=0.5781 mae=5.42 | persistence acc=0.8196
[12/21] ar_order=3,max_parents=6,n_bins=50,on_change=chain,other_lags=3,velocity=binned  (13s)
    model acc=0.8802 ll=0.3738 mae=4.60 acc@change=0.524 | AR acc=0.8228 ll=0.5781 mae=5.42 | persistence acc=0.8196
[13/21] granularity=30,n_bins=4  (1s)
    model acc=0.9332 ll=0.2046 mae=28.16 acc@change=0.078 | AR acc=0.9299 ll=0.2840 mae=31.84 | persistence acc=0.9291
[14/21] ar_order=2,granularity=30,n_bins=4,on_change=chain,other_lags=2  (0s)
    model acc=0.9612 ll=0.1385 mae=27.03 acc@change=0.555 | AR acc=0.9299 ll=0.2840 mae=31.84 | persistence acc=0.9291
[15/21] ar_order=3,granularity=30,max_parents=6,n_bins=4,on_change=chain,other_lags=3,velocity=binned  (0s)
    model acc=0.9612 ll=0.1408 mae=27.03 acc@change=0.555 | AR acc=0.9299 ll=0.2840 mae=31.84 | persistence acc=0.9291
[16/21] granularity=30,n_bins=10  (0s)
    model acc=0.9051 ll=0.3671 mae=21.83 acc@change=0.037 | AR acc=0.9038 ll=0.4514 mae=24.41 | persistence acc=0.9064
[17/21] ar_order=2,granularity=30,n_bins=10,on_change=chain,other_lags=2  (0s)
    model acc=0.9394 ll=0.2566 mae=21.32 acc@change=0.483 | AR acc=0.9038 ll=0.4514 mae=24.41 | persistence acc=0.9064
[18/21] ar_order=3,granularity=30,max_parents=6,n_bins=10,on_change=chain,other_lags=3,velocity=binned  (0s)
    model acc=0.9394 ll=0.2568 mae=21.33 acc@change=0.483 | AR acc=0.9038 ll=0.4514 mae=24.41 | persistence acc=0.9064
[19/21] granularity=30  (0s)
    model acc=0.8732 ll=0.5783 mae=16.69 acc@change=0.022 | AR acc=0.8719 ll=0.6758 mae=20.79 | persistence acc=0.8747
[20/21] ar_order=2,granularity=30,on_change=chain,other_lags=2  (0s)
    model acc=0.9021 ll=0.4357 mae=18.16 acc@change=0.309 | AR acc=0.8719 ll=0.6758 mae=20.79 | persistence acc=0.8747
[21/21] ar_order=3,granularity=30,max_parents=6,on_change=chain,other_lags=3,velocity=binned  (0s)
    model acc=0.9021 ll=0.4352 mae=18.18 acc@change=0.309 | AR acc=0.8719 ll=0.6758 mae=20.79 | persistence acc=0.8747

Saved /home/nero/Downloads/dbn_model_construction/results/ablation/best_20260316_105011_seed783122_run20261008_165940_ga05edf8_folds.csv
Saved /home/nero/Downloads/dbn_model_construction/results/ablation/best_20260316_105011_seed783122_run20261008_165940_ga05edf8_runs.csv.gz
[1/18] n_bins=4  (2s)
    model acc=0.9893 ll=0.0525 mae=22.78 acc@change=0.145 | AR acc=0.9879 ll=0.0716 mae=23.11 | persistence acc=0.9879
[2/18] n_bins=4,on_change=static  (1s)
    model acc=0.9896 ll=0.0494 mae=22.75 acc@change=0.184 | AR acc=0.9879 ll=0.0716 mae=23.11 | persistence acc=0.9879
[3/18] n_bins=4,on_change=chain  (1s)
    model acc=0.9902 ll=0.0463 mae=22.71 acc@change=0.239 | AR acc=0.9879 ll=0.0716 mae=23.11 | persistence acc=0.9879
[4/18] n_bins=10  (1s)
    model acc=0.9333 ll=0.2298 mae=9.64 acc@change=0.316 | AR acc=0.9248 ll=0.3296 mae=10.20 | persistence acc=0.9250
[5/18] n_bins=10,on_change=static  (2s)
    model acc=0.9334 ll=0.2276 mae=9.63 acc@change=0.318 | AR acc=0.9248 ll=0.3296 mae=10.20 | persistence acc=0.9250
[6/18] n_bins=10,on_change=chain  (1s)
    model acc=0.9343 ll=0.2206 mae=9.60 acc@change=0.331 | AR acc=0.9248 ll=0.3296 mae=10.20 | persistence acc=0.9250
[7/18] ref  (2s)
    model acc=0.9086 ll=0.3172 mae=7.48 acc@change=0.411 | AR acc=0.8723 ll=0.4659 mae=8.50 | persistence acc=0.8739
[8/18] on_change=static  (2s)
    model acc=0.9087 ll=0.3136 mae=7.46 acc@change=0.413 | AR acc=0.8723 ll=0.4659 mae=8.50 | persistence acc=0.8739
[9/18] on_change=chain  (3s)
    model acc=0.9094 ll=0.3045 mae=7.44 acc@change=0.418 | AR acc=0.8723 ll=0.4659 mae=8.50 | persistence acc=0.8739
[10/18] granularity=30,n_bins=4  (1s)
    model acc=0.9332 ll=0.2046 mae=28.16 acc@change=0.078 | AR acc=0.9299 ll=0.2840 mae=31.84 | persistence acc=0.9291
[11/18] granularity=30,n_bins=4,on_change=static  (0s)
    model acc=0.9527 ll=0.1822 mae=26.88 acc@change=0.433 | AR acc=0.9299 ll=0.2840 mae=31.84 | persistence acc=0.9291
[12/18] granularity=30,n_bins=4,on_change=chain  (0s)
    model acc=0.9612 ll=0.1479 mae=27.16 acc@change=0.555 | AR acc=0.9299 ll=0.2840 mae=31.84 | persistence acc=0.9291
[13/18] granularity=30,n_bins=10  (0s)
    model acc=0.9051 ll=0.3671 mae=21.83 acc@change=0.037 | AR acc=0.9038 ll=0.4514 mae=24.41 | persistence acc=0.9064
[14/18] granularity=30,n_bins=10,on_change=static  (0s)
    model acc=0.9223 ll=0.3484 mae=20.79 acc@change=0.279 | AR acc=0.9038 ll=0.4514 mae=24.41 | persistence acc=0.9064
[15/18] granularity=30,n_bins=10,on_change=chain  (0s)
    model acc=0.9394 ll=0.2587 mae=21.31 acc@change=0.483 | AR acc=0.9038 ll=0.4514 mae=24.41 | persistence acc=0.9064
[16/18] granularity=30  (0s)
    model acc=0.8732 ll=0.5783 mae=16.69 acc@change=0.022 | AR acc=0.8719 ll=0.6758 mae=20.79 | persistence acc=0.8747
[17/18] granularity=30,on_change=static  (0s)
    model acc=0.8893 ll=0.5134 mae=15.55 acc@change=0.190 | AR acc=0.8719 ll=0.6758 mae=20.79 | persistence acc=0.8747
[18/18] granularity=30,on_change=chain  (0s)
    model acc=0.9021 ll=0.4393 mae=18.12 acc@change=0.309 | AR acc=0.8719 ll=0.6758 mae=20.79 | persistence acc=0.8747

Saved /home/nero/Downloads/dbn_model_construction/results/ablation/config_change_20260316_105011_seed783122_run20261008_170046_ga05edf8_folds.csv
Saved /home/nero/Downloads/dbn_model_construction/results/ablation/config_change_20260316_105011_seed783122_run20261008_170046_ga05edf8_runs.csv.gz
[1/60] ref  (3s)
    model acc=0.9086 ll=0.3172 mae=7.48 acc@change=0.411 | AR acc=0.8723 ll=0.4659 mae=8.50 | persistence acc=0.8739
[2/60] n_bins=4  (1s)
    model acc=0.9893 ll=0.0525 mae=22.78 acc@change=0.145 | AR acc=0.9879 ll=0.0716 mae=23.11 | persistence acc=0.9879
[3/60] n_bins=6  (1s)
    model acc=0.9853 ll=0.0800 mae=15.32 acc@change=0.192 | AR acc=0.9826 ll=0.1033 mae=15.82 | persistence acc=0.9826
[4/60] n_bins=10  (1s)
    model acc=0.9333 ll=0.2298 mae=9.64 acc@change=0.316 | AR acc=0.9248 ll=0.3296 mae=10.20 | persistence acc=0.9250
[5/60] n_bins=30  (2s)
    model acc=0.8834 ll=0.3751 mae=5.68 acc@change=0.385 | AR acc=0.8525 ll=0.5044 mae=6.61 | persistence acc=0.8575
[6/60] n_bins=50  (2s)
    model acc=0.8760 ll=0.4203 mae=4.54 acc@change=0.461 | AR acc=0.8228 ll=0.5781 mae=5.42 | persistence acc=0.8196
[7/60] n_bins=100  (4s)
    model acc=0.8198 ll=0.6201 mae=4.34 acc@change=0.478 | AR acc=0.7260 ll=0.8052 mae=5.06 | persistence acc=0.7287
[8/60] disc=quantile  (1s)
    model acc=0.8735 ll=0.3913 mae=19.03 acc@change=0.450 | AR acc=0.8133 ll=0.5661 mae=19.88 | persistence acc=0.8124
[9/60] disc=kmeans  (2s)
    model acc=0.9318 ll=0.2519 mae=4.49 acc@change=0.436 | AR acc=0.9026 ll=0.3415 mae=5.30 | persistence acc=0.9026
[10/60] disc_x=uniform  (1s)
    model acc=0.9089 ll=0.3288 mae=7.59 acc@change=0.425 | AR acc=0.8723 ll=0.4659 mae=8.50 | persistence acc=0.8739
[11/60] disc_x=kmeans  (4s)
    model acc=0.9115 ll=0.3233 mae=7.36 acc@change=0.431 | AR acc=0.8723 ll=0.4659 mae=8.50 | persistence acc=0.8739
[12/60] n_bins_x=6  (1s)
    model acc=0.9065 ll=0.3236 mae=7.60 acc@change=0.422 | AR acc=0.8723 ll=0.4659 mae=8.50 | persistence acc=0.8739
[13/60] n_bins_x=10  (1s)
    model acc=0.9088 ll=0.3199 mae=7.44 acc@change=0.418 | AR acc=0.8723 ll=0.4659 mae=8.50 | persistence acc=0.8739
[14/60] shared_bins=False  (1s)
    model acc=0.8884 ll=0.3424 mae=7.13 acc@change=0.304 | AR acc=0.8723 ll=0.4659 mae=8.50 | persistence acc=0.8739
[15/60] ar_order=2  (1s)
    model acc=0.9109 ll=0.2984 mae=7.31 acc@change=0.431 | AR acc=0.8723 ll=0.4659 mae=8.50 | persistence acc=0.8739
[16/60] ar_order=3  (1s)
    model acc=0.9109 ll=0.2975 mae=7.31 acc@change=0.435 | AR acc=0.8723 ll=0.4659 mae=8.50 | persistence acc=0.8739
[17/60] ar_order=5  (1s)
    model acc=0.9102 ll=0.2993 mae=7.37 acc@change=0.424 | AR acc=0.8723 ll=0.4659 mae=8.50 | persistence acc=0.8739
[18/60] other_lags=2  (2s)
    model acc=0.9202 ll=0.2671 mae=7.23 acc@change=0.552 | AR acc=0.8723 ll=0.4659 mae=8.50 | persistence acc=0.8739
[19/60] other_lags=3  (3s)
    model acc=0.9194 ll=0.2691 mae=7.23 acc@change=0.545 | AR acc=0.8723 ll=0.4659 mae=8.50 | persistence acc=0.8739
[20/60] other_lags=5  (4s)
    model acc=0.9194 ll=0.2691 mae=7.23 acc@change=0.545 | AR acc=0.8723 ll=0.4659 mae=8.50 | persistence acc=0.8739
[21/60] ar_order=3,other_lags=3  (3s)
    model acc=0.9183 ll=0.2709 mae=7.28 acc@change=0.553 | AR acc=0.8723 ll=0.4659 mae=8.50 | persistence acc=0.8739
[22/60] velocity=sign  (2s)
    model acc=0.9076 ll=0.3152 mae=7.48 acc@change=0.413 | AR acc=0.8723 ll=0.4659 mae=8.50 | persistence acc=0.8739
[23/60] velocity=binned  (2s)
    model acc=0.9105 ll=0.3046 mae=7.34 acc@change=0.418 | AR acc=0.8723 ll=0.4659 mae=8.50 | persistence acc=0.8739
[24/60] ar_order=2,other_lags=2,velocity=binned  (2s)
    model acc=0.9189 ll=0.2718 mae=7.27 acc@change=0.554 | AR acc=0.8723 ll=0.4659 mae=8.50 | persistence acc=0.8739
[25/60] relative=True  (1s)
    model acc=0.9092 ll=0.3099 mae=7.39 acc@change=0.432 | AR acc=0.8723 ll=0.4659 mae=8.50 | persistence acc=0.8739
[26/60] target_mode=delta  (2s)
    model acc=0.9086 ll=0.3191 mae=7.48 acc@change=0.411 | AR acc=0.8723 ll=0.4659 mae=8.50 | persistence acc=0.8739
[27/60] relative=True,target_mode=delta  (2s)
    model acc=0.9092 ll=0.3118 mae=7.40 acc@change=0.432 | AR acc=0.8723 ll=0.4659 mae=8.50 | persistence acc=0.8739
[28/60] exog=none  (1s)
    model acc=0.9147 ll=0.3071 mae=7.18 acc@change=0.436 | AR acc=0.8723 ll=0.4659 mae=8.50 | persistence acc=0.8739
[29/60] exog=controls  (1s)
    model acc=0.9086 ll=0.3172 mae=7.48 acc@change=0.411 | AR acc=0.8723 ll=0.4659 mae=8.50 | persistence acc=0.8739
[30/60] pool=all  (3s)
    model acc=0.9109 ll=0.3145 mae=7.42 acc@change=0.411 | AR acc=0.8723 ll=0.4659 mae=8.50 | persistence acc=0.8739
[31/60] engine=ar  (0s)
    model acc=0.8723 ll=0.4659 mae=8.50 acc@change=0.015 | AR acc=0.8723 ll=0.4659 mae=8.50 | persistence acc=0.8739
[32/60] engine=hc-bic  (0s)
    model acc=0.8723 ll=0.4659 mae=8.50 acc@change=0.015 | AR acc=0.8723 ll=0.4659 mae=8.50 | persistence acc=0.8739
[33/60] engine=hc-bic-obs  (1s)
    model acc=0.8887 ll=0.4091 mae=7.80 acc@change=0.230 | AR acc=0.8723 ll=0.4659 mae=8.50 | persistence acc=0.8739
[34/60] engine=hc-aic  (1s)
    model acc=0.8915 ll=0.3757 mae=7.60 acc@change=0.345 | AR acc=0.8723 ll=0.4659 mae=8.50 | persistence acc=0.8739
[35/60] engine=hc-bdeu  (1s)
    model acc=0.9024 ll=0.3446 mae=7.79 acc@change=0.382 | AR acc=0.8723 ll=0.4659 mae=8.50 | persistence acc=0.8739
[36/60] engine=cmi  (0s)
    model acc=0.9016 ll=0.3355 mae=7.55 acc@change=0.383 | AR acc=0.8723 ll=0.4659 mae=8.50 | persistence acc=0.8739
[37/60] engine=lasso  (0s)
    model acc=0.8953 ll=0.3631 mae=7.97 acc@change=0.299 | AR acc=0.8723 ll=0.4659 mae=8.50 | persistence acc=0.8739
[38/60] engine=dynotears  (1s)
    model acc=0.8902 ll=0.3980 mae=7.90 acc@change=0.222 | AR acc=0.8723 ll=0.4659 mae=8.50 | persistence acc=0.8739
[39/60] engine=ar,prior=bdeu  (0s)
    model acc=0.8723 ll=0.4659 mae=8.50 acc@change=0.015 | AR acc=0.8723 ll=0.4659 mae=8.50 | persistence acc=0.8739
[40/60] engine=hc-bic,prior=bdeu  (0s)
    model acc=0.8723 ll=0.4659 mae=8.50 acc@change=0.015 | AR acc=0.8723 ll=0.4659 mae=8.50 | persistence acc=0.8739
[41/60] engine=hc-bic-obs,prior=bdeu  (1s)
    model acc=0.8748 ll=0.4698 mae=9.56 acc@change=0.232 | AR acc=0.8723 ll=0.4659 mae=8.50 | persistence acc=0.8739
[42/60] engine=hc-aic,prior=bdeu  (1s)
    model acc=0.8675 ll=0.4749 mae=11.28 acc@change=0.346 | AR acc=0.8723 ll=0.4659 mae=8.50 | persistence acc=0.8739
[43/60] engine=hc-bdeu,prior=bdeu  (1s)
    model acc=0.6852 ll=1.1348 mae=41.24 acc@change=0.429 | AR acc=0.8723 ll=0.4659 mae=8.50 | persistence acc=0.8739
[44/60] engine=cmi,prior=bdeu  (0s)
    model acc=0.7912 ll=0.8241 mae=26.20 acc@change=0.441 | AR acc=0.8723 ll=0.4659 mae=8.50 | persistence acc=0.8739
[45/60] engine=lasso,prior=bdeu  (0s)
    model acc=0.7003 ll=1.2483 mae=44.86 acc@change=0.404 | AR acc=0.8723 ll=0.4659 mae=8.50 | persistence acc=0.8739
[46/60] engine=dynotears,prior=bdeu  (1s)
    model acc=0.8134 ll=0.7849 mae=20.33 acc@change=0.288 | AR acc=0.8723 ll=0.4659 mae=8.50 | persistence acc=0.8739
[47/60] prior=bdeu  (1s)
    model acc=0.8646 ll=0.4997 mae=11.11 acc@change=0.264 | AR acc=0.8723 ll=0.4659 mae=8.50 | persistence acc=0.8739
[48/60] engine=fixed,fixed_parents=('y@t', 'throughput_2@t', 'buffer_size_3@t', 'cores_3@t+h', 'data_quality_3@t+h')  (0s)
    model acc=0.8839 ll=0.4161 mae=8.20 acc@change=0.185 | AR acc=0.8723 ll=0.4659 mae=8.50 | persistence acc=0.8739
[49/60] max_parents=2  (1s)
    model acc=0.9045 ll=0.3393 mae=7.48 acc@change=0.467 | AR acc=0.8723 ll=0.4659 mae=8.50 | persistence acc=0.8739
[50/60] max_parents=3  (1s)
    model acc=0.9128 ll=0.3121 mae=7.39 acc@change=0.456 | AR acc=0.8723 ll=0.4659 mae=8.50 | persistence acc=0.8739
[51/60] max_parents=5  (1s)
    model acc=0.9086 ll=0.3159 mae=7.44 acc@change=0.411 | AR acc=0.8723 ll=0.4659 mae=8.50 | persistence acc=0.8739
[52/60] max_parents=6  (2s)
    model acc=0.9086 ll=0.3159 mae=7.44 acc@change=0.411 | AR acc=0.8723 ll=0.4659 mae=8.50 | persistence acc=0.8739
[53/60] forced=()  (1s)
    model acc=0.9086 ll=0.3172 mae=7.48 acc@change=0.411 | AR acc=0.8723 ll=0.4659 mae=8.50 | persistence acc=0.8739
[54/60] ess=1.0  (1s)
    model acc=0.9043 ll=0.3399 mae=7.63 acc@change=0.472 | AR acc=0.8723 ll=0.4727 mae=8.51 | persistence acc=0.8739
[55/60] ess=3.0  (1s)
    model acc=0.9079 ll=0.3260 mae=7.59 acc@change=0.446 | AR acc=0.8723 ll=0.4694 mae=8.51 | persistence acc=0.8739
[56/60] ess=30.0  (1s)
    model acc=0.9070 ll=0.3138 mae=7.44 acc@change=0.372 | AR acc=0.8723 ll=0.4632 mae=8.51 | persistence acc=0.8739
[57/60] ess=100.0  (1s)
    model acc=0.9007 ll=0.3214 mae=7.47 acc@change=0.326 | AR acc=0.8723 ll=0.4614 mae=8.54 | persistence acc=0.8739
[58/60] cross_run=False  (1s)
    model acc=0.9168 ll=0.2850 mae=6.87 acc@change=0.444 | AR acc=0.8743 ll=0.4486 mae=8.19 | persistence acc=0.8759
[59/60] on_change=static  (2s)
    model acc=0.9087 ll=0.3136 mae=7.46 acc@change=0.413 | AR acc=0.8723 ll=0.4659 mae=8.50 | persistence acc=0.8739
[60/60] on_change=chain  (2s)
    model acc=0.9094 ll=0.3045 mae=7.44 acc@change=0.418 | AR acc=0.8723 ll=0.4659 mae=8.50 | persistence acc=0.8739

Saved /home/nero/Downloads/dbn_model_construction/results/ablation/ofat_20260316_105011_seed783122_run20261008_170104_ga05edf8_folds.csv
Saved /home/nero/Downloads/dbn_model_construction/results/ablation/ofat_20260316_105011_seed783122_run20261008_170104_ga05edf8_runs.csv.gz
[1/48] n_bins=4  (3s)
    model acc=0.9893 ll=0.0525 mae=22.78 acc@change=0.145 | AR acc=0.9879 ll=0.0716 mae=23.11 | persistence acc=0.9879
[2/48] engine=hc-bic,n_bins=4,prior=bdeu  (1s)
    model acc=0.9886 ll=0.0587 mae=23.41 acc@change=0.243 | AR acc=0.9879 ll=0.0716 mae=23.11 | persistence acc=0.9879
[3/48] n_bins=6  (1s)
    model acc=0.9853 ll=0.0800 mae=15.32 acc@change=0.192 | AR acc=0.9826 ll=0.1033 mae=15.82 | persistence acc=0.9826
[4/48] engine=hc-bic,n_bins=6,prior=bdeu  (1s)
    model acc=0.9739 ll=0.1040 mae=17.26 acc@change=0.226 | AR acc=0.9826 ll=0.1033 mae=15.82 | persistence acc=0.9826
[5/48] n_bins=10  (1s)
    model acc=0.9333 ll=0.2298 mae=9.64 acc@change=0.316 | AR acc=0.9248 ll=0.3296 mae=10.20 | persistence acc=0.9250
[6/48] engine=hc-bic,n_bins=10,prior=bdeu  (1s)
    model acc=0.9186 ll=0.3024 mae=10.57 acc@change=0.266 | AR acc=0.9248 ll=0.3296 mae=10.20 | persistence acc=0.9250
[7/48] ref  (1s)
    model acc=0.9086 ll=0.3172 mae=7.48 acc@change=0.411 | AR acc=0.8723 ll=0.4659 mae=8.50 | persistence acc=0.8739
[8/48] engine=hc-bic,prior=bdeu  (0s)
    model acc=0.8723 ll=0.4659 mae=8.50 acc@change=0.015 | AR acc=0.8723 ll=0.4659 mae=8.50 | persistence acc=0.8739
[9/48] n_bins=30  (2s)
    model acc=0.8834 ll=0.3751 mae=5.68 acc@change=0.385 | AR acc=0.8525 ll=0.5044 mae=6.61 | persistence acc=0.8575
[10/48] engine=hc-bic,n_bins=30,prior=bdeu  (0s)
    model acc=0.8525 ll=0.5044 mae=6.61 acc@change=0.022 | AR acc=0.8525 ll=0.5044 mae=6.61 | persistence acc=0.8575
[11/48] n_bins=50  (2s)
    model acc=0.8760 ll=0.4203 mae=4.54 acc@change=0.461 | AR acc=0.8228 ll=0.5781 mae=5.42 | persistence acc=0.8196
[12/48] engine=hc-bic,n_bins=50,prior=bdeu  (0s)
    model acc=0.8228 ll=0.5781 mae=5.42 acc@change=0.116 | AR acc=0.8228 ll=0.5781 mae=5.42 | persistence acc=0.8196
[13/48] granularity=5,n_bins=4  (2s)
    model acc=0.9806 ll=0.0846 mae=22.79 acc@change=0.032 | AR acc=0.9803 ll=0.0970 mae=23.32 | persistence acc=0.9822
[14/48] engine=hc-bic,granularity=5,n_bins=4,prior=bdeu  (0s)
    model acc=0.9808 ll=0.0941 mae=22.84 acc@change=0.116 | AR acc=0.9803 ll=0.0970 mae=23.32 | persistence acc=0.9822
[15/48] granularity=5,n_bins=6  (0s)
    model acc=0.9644 ll=0.1632 mae=16.84 acc@change=0.178 | AR acc=0.9586 ll=0.1974 mae=17.89 | persistence acc=0.9590
[16/48] engine=hc-bic,granularity=5,n_bins=6,prior=bdeu  (0s)
    model acc=0.9603 ll=0.1879 mae=17.70 acc@change=0.118 | AR acc=0.9586 ll=0.1974 mae=17.89 | persistence acc=0.9590
[17/48] granularity=5,n_bins=10  (0s)
    model acc=0.9373 ll=0.2676 mae=13.64 acc@change=0.074 | AR acc=0.9360 ll=0.3038 mae=14.54 | persistence acc=0.9365
[18/48] engine=hc-bic,granularity=5,n_bins=10,prior=bdeu  (0s)
    model acc=0.9360 ll=0.3038 mae=14.54 acc@change=0.006 | AR acc=0.9360 ll=0.3038 mae=14.54 | persistence acc=0.9365
[19/48] granularity=5  (0s)
    model acc=0.8913 ll=0.4236 mae=8.46 acc@change=0.103 | AR acc=0.8866 ll=0.4947 mae=9.15 | persistence acc=0.8898
[20/48] engine=hc-bic,granularity=5,prior=bdeu  (0s)
    model acc=0.8866 ll=0.4947 mae=9.15 acc@change=0.014 | AR acc=0.8866 ll=0.4947 mae=9.15 | persistence acc=0.8898
[21/48] granularity=5,n_bins=30  (0s)
    model acc=0.8863 ll=0.4764 mae=6.85 acc@change=0.167 | AR acc=0.8737 ll=0.5590 mae=7.69 | persistence acc=0.8765
[22/48] engine=hc-bic,granularity=5,n_bins=30,prior=bdeu  (0s)
    model acc=0.8737 ll=0.5590 mae=7.69 acc@change=0.047 | AR acc=0.8737 ll=0.5590 mae=7.69 | persistence acc=0.8765
[23/48] granularity=5,n_bins=50  (0s)
    model acc=0.8314 ll=0.6361 mae=6.45 acc@change=0.164 | AR acc=0.8187 ll=0.7154 mae=7.08 | persistence acc=0.8316
[24/48] engine=hc-bic,granularity=5,n_bins=50,prior=bdeu  (0s)
    model acc=0.8187 ll=0.7154 mae=7.08 acc@change=0.061 | AR acc=0.8187 ll=0.7154 mae=7.08 | persistence acc=0.8316
[25/48] granularity=10,n_bins=4  (2s)
    model acc=0.9720 ll=0.1061 mae=23.69 acc@change=0.031 | AR acc=0.9717 ll=0.1360 mae=24.68 | persistence acc=0.9734
[26/48] engine=hc-bic,granularity=10,n_bins=4,prior=bdeu  (0s)
    model acc=0.9718 ll=0.1306 mae=24.26 acc@change=0.085 | AR acc=0.9717 ll=0.1360 mae=24.68 | persistence acc=0.9734
[27/48] granularity=10,n_bins=6  (0s)
    model acc=0.9422 ll=0.2151 mae=18.32 acc@change=0.080 | AR acc=0.9388 ll=0.2727 mae=20.39 | persistence acc=0.9393
[28/48] engine=hc-bic,granularity=10,n_bins=6,prior=bdeu  (0s)
    model acc=0.9397 ll=0.2639 mae=20.19 acc@change=0.029 | AR acc=0.9388 ll=0.2727 mae=20.39 | persistence acc=0.9393
[29/48] granularity=10,n_bins=10  (0s)
    model acc=0.9283 ll=0.2949 mae=15.65 acc@change=0.069 | AR acc=0.9253 ll=0.3500 mae=17.09 | persistence acc=0.9260
[30/48] engine=hc-bic,granularity=10,n_bins=10,prior=bdeu  (0s)
    model acc=0.9253 ll=0.3500 mae=17.09 acc@change=0.006 | AR acc=0.9253 ll=0.3500 mae=17.09 | persistence acc=0.9260
[31/48] granularity=10  (0s)
    model acc=0.8955 ll=0.4491 mae=9.35 acc@change=0.094 | AR acc=0.8909 ll=0.5177 mae=10.87 | persistence acc=0.8942
[32/48] engine=hc-bic,granularity=10,prior=bdeu  (0s)
    model acc=0.8909 ll=0.5177 mae=10.87 acc@change=0.002 | AR acc=0.8909 ll=0.5177 mae=10.87 | persistence acc=0.8942
[33/48] granularity=10,n_bins=30  (0s)
    model acc=0.8462 ll=0.5877 mae=8.54 acc@change=0.197 | AR acc=0.8326 ll=0.6805 mae=9.95 | persistence acc=0.8443
[34/48] engine=hc-bic,granularity=10,n_bins=30,prior=bdeu  (0s)
    model acc=0.8326 ll=0.6805 mae=9.95 acc@change=0.040 | AR acc=0.8326 ll=0.6805 mae=9.95 | persistence acc=0.8443
[35/48] granularity=10,n_bins=50  (0s)
    model acc=0.8312 ll=0.7410 mae=8.25 acc@change=0.210 | AR acc=0.8135 ll=0.8197 mae=9.58 | persistence acc=0.8162
[36/48] engine=hc-bic,granularity=10,n_bins=50,prior=bdeu  (0s)
    model acc=0.8135 ll=0.8197 mae=9.58 acc@change=0.094 | AR acc=0.8135 ll=0.8197 mae=9.58 | persistence acc=0.8162
[37/48] granularity=30,n_bins=4  (1s)
    model acc=0.9332 ll=0.2046 mae=28.16 acc@change=0.078 | AR acc=0.9299 ll=0.2840 mae=31.84 | persistence acc=0.9291
[38/48] engine=hc-bic,granularity=30,n_bins=4,prior=bdeu  (0s)
    model acc=0.9332 ll=0.2682 mae=30.99 acc@change=0.090 | AR acc=0.9299 ll=0.2840 mae=31.84 | persistence acc=0.9291
[39/48] granularity=30,n_bins=6  (0s)
    model acc=0.8996 ll=0.3475 mae=24.51 acc@change=0.108 | AR acc=0.8910 ll=0.4469 mae=27.81 | persistence acc=0.8904
[40/48] engine=hc-bic,granularity=30,n_bins=6,prior=bdeu  (0s)
    model acc=0.8910 ll=0.4469 mae=27.81 acc@change=0.022 | AR acc=0.8910 ll=0.4469 mae=27.81 | persistence acc=0.8904
[41/48] granularity=30,n_bins=10  (0s)
    model acc=0.9051 ll=0.3671 mae=21.83 acc@change=0.037 | AR acc=0.9038 ll=0.4514 mae=24.41 | persistence acc=0.9064
[42/48] engine=hc-bic,granularity=30,n_bins=10,prior=bdeu  (0s)
    model acc=0.9038 ll=0.4514 mae=24.41 acc@change=0.023 | AR acc=0.9038 ll=0.4514 mae=24.41 | persistence acc=0.9064
[43/48] granularity=30  (0s)
    model acc=0.8732 ll=0.5783 mae=16.69 acc@change=0.022 | AR acc=0.8719 ll=0.6758 mae=20.79 | persistence acc=0.8747
[44/48] engine=hc-bic,granularity=30,prior=bdeu  (0s)
    model acc=0.8719 ll=0.6758 mae=20.79 acc@change=0.012 | AR acc=0.8719 ll=0.6758 mae=20.79 | persistence acc=0.8747
[45/48] granularity=30,n_bins=30  (0s)
    model acc=0.8242 ll=0.8254 mae=17.02 acc@change=0.093 | AR acc=0.8178 ll=0.9258 mae=21.41 | persistence acc=0.8156
[46/48] engine=hc-bic,granularity=30,n_bins=30,prior=bdeu  (0s)
    model acc=0.8178 ll=0.9258 mae=21.41 acc@change=0.066 | AR acc=0.8178 ll=0.9258 mae=21.41 | persistence acc=0.8156
[47/48] granularity=30,n_bins=50  (0s)
    model acc=0.7908 ll=1.0598 mae=17.20 acc@change=0.155 | AR acc=0.7828 ll=1.1711 mae=21.68 | persistence acc=0.7805
[48/48] engine=hc-bic,granularity=30,n_bins=50,prior=bdeu  (0s)
    model acc=0.7828 ll=1.1711 mae=21.68 acc@change=0.065 | AR acc=0.7828 ll=1.1711 mae=21.68 | persistence acc=0.7805

Saved /home/nero/Downloads/dbn_model_construction/results/ablation/bins_granularity_20260316_105011_seed783122_run20261008_170227_ga05edf8_folds.csv
Saved /home/nero/Downloads/dbn_model_construction/results/ablation/bins_granularity_20260316_105011_seed783122_run20261008_170227_ga05edf8_runs.csv.gz
[1/11] ref  (3s)
    model acc=0.9086 ll=0.3172 mae=7.48 acc@change=0.411 | AR acc=0.8723 ll=0.4659 mae=8.50 | persistence acc=0.8739
[2/11] horizon=2  (2s)
    model acc=0.8810 ll=0.3731 mae=7.69 acc@change=0.276 | AR acc=0.8658 ll=0.4889 mae=8.83 | persistence acc=0.8676
[3/11] horizon=5  (2s)
    model acc=0.8701 ll=0.4155 mae=8.22 acc@change=0.252 | AR acc=0.8576 ll=0.5144 mae=9.61 | persistence acc=0.8589
[4/11] horizon=10  (2s)
    model acc=0.8686 ll=0.4239 mae=9.04 acc@change=0.244 | AR acc=0.8551 ll=0.5245 mae=10.46 | persistence acc=0.8561
[5/11] horizon=30  (2s)
    model acc=0.8632 ll=0.4576 mae=11.46 acc@change=0.246 | AR acc=0.8481 ll=0.5546 mae=13.08 | persistence acc=0.8495
[6/11] granularity=5  (2s)
    model acc=0.8913 ll=0.4236 mae=8.46 acc@change=0.103 | AR acc=0.8866 ll=0.4947 mae=9.15 | persistence acc=0.8898
[7/11] granularity=5,horizon=2  (0s)
    model acc=0.8872 ll=0.4597 mae=9.38 acc@change=0.087 | AR acc=0.8826 ll=0.5116 mae=10.01 | persistence acc=0.8856
[8/11] granularity=5,horizon=6  (0s)
    model acc=0.8730 ll=0.5011 mae=11.78 acc@change=0.084 | AR acc=0.8701 ll=0.5525 mae=12.38 | persistence acc=0.8749
[9/11] granularity=10  (1s)
    model acc=0.8955 ll=0.4491 mae=9.35 acc@change=0.094 | AR acc=0.8909 ll=0.5177 mae=10.87 | persistence acc=0.8942
[10/11] granularity=10,horizon=3  (0s)
    model acc=0.8805 ll=0.5027 mae=12.11 acc@change=0.079 | AR acc=0.8806 ll=0.5591 mae=13.35 | persistence acc=0.8835
[11/11] granularity=30  (1s)
    model acc=0.8732 ll=0.5783 mae=16.69 acc@change=0.022 | AR acc=0.8719 ll=0.6758 mae=20.79 | persistence acc=0.8747

Saved /home/nero/Downloads/dbn_model_construction/results/ablation/horizon_20260316_105011_seed783122_run20261008_170250_ga05edf8_folds.csv
Saved /home/nero/Downloads/dbn_model_construction/results/ablation/horizon_20260316_105011_seed783122_run20261008_170250_ga05edf8_runs.csv.gz
[1/128] n_bins=10  (3s)
    model acc=0.9333 ll=0.2298 mae=9.64 acc@change=0.316 | AR acc=0.9248 ll=0.3296 mae=10.20 | persistence acc=0.9250
[2/128] max_parents=6,n_bins=10  (2s)
    model acc=0.9349 ll=0.2306 mae=9.59 acc@change=0.299 | AR acc=0.9248 ll=0.3296 mae=10.20 | persistence acc=0.9250
[3/128] n_bins=10,relative=True  (2s)
    model acc=0.9318 ll=0.2332 mae=9.60 acc@change=0.313 | AR acc=0.9248 ll=0.3296 mae=10.20 | persistence acc=0.9250
[4/128] max_parents=6,n_bins=10,relative=True  (2s)
    model acc=0.9335 ll=0.2319 mae=9.55 acc@change=0.299 | AR acc=0.9248 ll=0.3296 mae=10.20 | persistence acc=0.9250
[5/128] ar_order=2,n_bins=10,other_lags=2  (2s)
    model acc=0.9371 ll=0.2245 mae=9.55 acc@change=0.336 | AR acc=0.9248 ll=0.3296 mae=10.20 | persistence acc=0.9250
[6/128] ar_order=2,max_parents=6,n_bins=10,other_lags=2  (3s)
    model acc=0.9388 ll=0.2076 mae=9.39 acc@change=0.335 | AR acc=0.9248 ll=0.3296 mae=10.20 | persistence acc=0.9250
[7/128] ar_order=2,n_bins=10,other_lags=2,relative=True  (2s)
    model acc=0.9371 ll=0.2245 mae=9.55 acc@change=0.336 | AR acc=0.9248 ll=0.3296 mae=10.20 | persistence acc=0.9250
[8/128] ar_order=2,max_parents=6,n_bins=10,other_lags=2,relative=True  (4s)
    model acc=0.9386 ll=0.2075 mae=9.41 acc@change=0.331 | AR acc=0.9248 ll=0.3296 mae=10.20 | persistence acc=0.9250
[9/128] ar_order=2,n_bins=10,other_lags=2,velocity=binned  (3s)
    model acc=0.9371 ll=0.2245 mae=9.55 acc@change=0.336 | AR acc=0.9248 ll=0.3296 mae=10.20 | persistence acc=0.9250
[10/128] ar_order=2,max_parents=6,n_bins=10,other_lags=2,velocity=binned  (4s)
    model acc=0.9388 ll=0.2076 mae=9.39 acc@change=0.335 | AR acc=0.9248 ll=0.3296 mae=10.20 | persistence acc=0.9250
[11/128] ar_order=2,n_bins=10,other_lags=2,relative=True,velocity=binned  (3s)
    model acc=0.9371 ll=0.2245 mae=9.55 acc@change=0.336 | AR acc=0.9248 ll=0.3296 mae=10.20 | persistence acc=0.9250
[12/128] ar_order=2,max_parents=6,n_bins=10,other_lags=2,relative=True,velocity=binned  (5s)
    model acc=0.9386 ll=0.2075 mae=9.41 acc@change=0.331 | AR acc=0.9248 ll=0.3296 mae=10.20 | persistence acc=0.9250
[13/128] ar_order=3,n_bins=10,other_lags=3,velocity=binned  (4s)
    model acc=0.9385 ll=0.2189 mae=9.40 acc@change=0.332 | AR acc=0.9248 ll=0.3296 mae=10.20 | persistence acc=0.9250
[14/128] ar_order=3,max_parents=6,n_bins=10,other_lags=3,velocity=binned  (6s)
    model acc=0.9404 ll=0.2032 mae=9.27 acc@change=0.333 | AR acc=0.9248 ll=0.3296 mae=10.20 | persistence acc=0.9250
[15/128] ar_order=3,n_bins=10,other_lags=3,relative=True,velocity=binned  (4s)
    model acc=0.9385 ll=0.2189 mae=9.40 acc@change=0.332 | AR acc=0.9248 ll=0.3296 mae=10.20 | persistence acc=0.9250
[16/128] ar_order=3,max_parents=6,n_bins=10,other_lags=3,relative=True,velocity=binned  (6s)
    model acc=0.9402 ll=0.2028 mae=9.24 acc@change=0.329 | AR acc=0.9248 ll=0.3296 mae=10.20 | persistence acc=0.9250
[17/128] ref  (2s)
    model acc=0.9086 ll=0.3172 mae=7.48 acc@change=0.411 | AR acc=0.8723 ll=0.4659 mae=8.50 | persistence acc=0.8739
[18/128] max_parents=6  (3s)
    model acc=0.9086 ll=0.3159 mae=7.44 acc@change=0.411 | AR acc=0.8723 ll=0.4659 mae=8.50 | persistence acc=0.8739
[19/128] relative=True  (2s)
    model acc=0.9092 ll=0.3099 mae=7.39 acc@change=0.432 | AR acc=0.8723 ll=0.4659 mae=8.50 | persistence acc=0.8739
[20/128] max_parents=6,relative=True  (3s)
    model acc=0.9086 ll=0.3052 mae=7.37 acc@change=0.426 | AR acc=0.8723 ll=0.4659 mae=8.50 | persistence acc=0.8739
[21/128] ar_order=2,other_lags=2  (3s)
    model acc=0.9202 ll=0.2671 mae=7.23 acc@change=0.552 | AR acc=0.8723 ll=0.4659 mae=8.50 | persistence acc=0.8739
[22/128] ar_order=2,max_parents=6,other_lags=2  (5s)
    model acc=0.9162 ll=0.2781 mae=7.35 acc@change=0.505 | AR acc=0.8723 ll=0.4659 mae=8.50 | persistence acc=0.8739
[23/128] ar_order=2,other_lags=2,relative=True  (3s)
    model acc=0.9188 ll=0.2680 mae=7.22 acc@change=0.578 | AR acc=0.8723 ll=0.4659 mae=8.50 | persistence acc=0.8739
[24/128] ar_order=2,max_parents=6,other_lags=2,relative=True  (5s)
    model acc=0.9179 ll=0.2709 mae=7.29 acc@change=0.523 | AR acc=0.8723 ll=0.4659 mae=8.50 | persistence acc=0.8739
[25/128] ar_order=2,other_lags=2,velocity=binned  (4s)
    model acc=0.9189 ll=0.2718 mae=7.27 acc@change=0.554 | AR acc=0.8723 ll=0.4659 mae=8.50 | persistence acc=0.8739
[26/128] ar_order=2,max_parents=6,other_lags=2,velocity=binned  (6s)
    model acc=0.9154 ll=0.2791 mae=7.34 acc@change=0.491 | AR acc=0.8723 ll=0.4659 mae=8.50 | persistence acc=0.8739
[27/128] ar_order=2,other_lags=2,relative=True,velocity=binned  (4s)
    model acc=0.9183 ll=0.2712 mae=7.25 acc@change=0.569 | AR acc=0.8723 ll=0.4659 mae=8.50 | persistence acc=0.8739
[28/128] ar_order=2,max_parents=6,other_lags=2,relative=True,velocity=binned  (7s)
    model acc=0.9173 ll=0.2726 mae=7.27 acc@change=0.520 | AR acc=0.8723 ll=0.4659 mae=8.50 | persistence acc=0.8739
[29/128] ar_order=3,other_lags=3,velocity=binned  (5s)
    model acc=0.9181 ll=0.2738 mae=7.27 acc@change=0.547 | AR acc=0.8723 ll=0.4659 mae=8.50 | persistence acc=0.8739
[30/128] ar_order=3,max_parents=6,other_lags=3,velocity=binned  (8s)
    model acc=0.9148 ll=0.2759 mae=7.36 acc@change=0.481 | AR acc=0.8723 ll=0.4659 mae=8.50 | persistence acc=0.8739
[31/128] ar_order=3,other_lags=3,relative=True,velocity=binned  (5s)
    model acc=0.9179 ll=0.2736 mae=7.26 acc@change=0.559 | AR acc=0.8723 ll=0.4659 mae=8.50 | persistence acc=0.8739
[32/128] ar_order=3,max_parents=6,other_lags=3,relative=True,velocity=binned  (9s)
    model acc=0.9167 ll=0.2679 mae=7.28 acc@change=0.510 | AR acc=0.8723 ll=0.4659 mae=8.50 | persistence acc=0.8739
[33/128] n_bins=30  (2s)
    model acc=0.8834 ll=0.3751 mae=5.68 acc@change=0.385 | AR acc=0.8525 ll=0.5044 mae=6.61 | persistence acc=0.8575
[34/128] max_parents=6,n_bins=30  (3s)
    model acc=0.8834 ll=0.3745 mae=5.66 acc@change=0.385 | AR acc=0.8525 ll=0.5044 mae=6.61 | persistence acc=0.8575
[35/128] n_bins=30,relative=True  (3s)
    model acc=0.8871 ll=0.3599 mae=5.70 acc@change=0.421 | AR acc=0.8525 ll=0.5044 mae=6.61 | persistence acc=0.8575
[36/128] max_parents=6,n_bins=30,relative=True  (4s)
    model acc=0.8861 ll=0.3584 mae=5.68 acc@change=0.413 | AR acc=0.8525 ll=0.5044 mae=6.61 | persistence acc=0.8575
[37/128] ar_order=2,n_bins=30,other_lags=2  (4s)
    model acc=0.8896 ll=0.3350 mae=5.53 acc@change=0.479 | AR acc=0.8525 ll=0.5044 mae=6.61 | persistence acc=0.8575
[38/128] ar_order=2,max_parents=6,n_bins=30,other_lags=2  (5s)
    model acc=0.8896 ll=0.3340 mae=5.49 acc@change=0.479 | AR acc=0.8525 ll=0.5044 mae=6.61 | persistence acc=0.8575
[39/128] ar_order=2,n_bins=30,other_lags=2,relative=True  (4s)
    model acc=0.8880 ll=0.3315 mae=5.52 acc@change=0.496 | AR acc=0.8525 ll=0.5044 mae=6.61 | persistence acc=0.8575
[40/128] ar_order=2,max_parents=6,n_bins=30,other_lags=2,relative=True  (6s)
    model acc=0.8889 ll=0.3282 mae=5.46 acc@change=0.486 | AR acc=0.8525 ll=0.5044 mae=6.61 | persistence acc=0.8575
[41/128] ar_order=2,n_bins=30,other_lags=2,velocity=binned  (5s)
    model acc=0.8896 ll=0.3350 mae=5.53 acc@change=0.479 | AR acc=0.8525 ll=0.5044 mae=6.61 | persistence acc=0.8575
[42/128] ar_order=2,max_parents=6,n_bins=30,other_lags=2,velocity=binned  (7s)
    model acc=0.8885 ll=0.3356 mae=5.51 acc@change=0.465 | AR acc=0.8525 ll=0.5044 mae=6.61 | persistence acc=0.8575
[43/128] ar_order=2,n_bins=30,other_lags=2,relative=True,velocity=binned  (5s)
    model acc=0.8880 ll=0.3315 mae=5.52 acc@change=0.496 | AR acc=0.8525 ll=0.5044 mae=6.61 | persistence acc=0.8575
[44/128] ar_order=2,max_parents=6,n_bins=30,other_lags=2,relative=True,velocity=binned  (7s)
    model acc=0.8889 ll=0.3282 mae=5.46 acc@change=0.486 | AR acc=0.8525 ll=0.5044 mae=6.61 | persistence acc=0.8575
[45/128] ar_order=3,n_bins=30,other_lags=3,velocity=binned  (6s)
    model acc=0.8914 ll=0.3332 mae=5.54 acc@change=0.482 | AR acc=0.8525 ll=0.5044 mae=6.61 | persistence acc=0.8575
[46/128] ar_order=3,max_parents=6,n_bins=30,other_lags=3,velocity=binned  (10s)
    model acc=0.8911 ll=0.3300 mae=5.52 acc@change=0.467 | AR acc=0.8525 ll=0.5044 mae=6.61 | persistence acc=0.8575
[47/128] ar_order=3,n_bins=30,other_lags=3,relative=True,velocity=binned  (6s)
    model acc=0.8880 ll=0.3317 mae=5.51 acc@change=0.501 | AR acc=0.8525 ll=0.5044 mae=6.61 | persistence acc=0.8575
[48/128] ar_order=3,max_parents=6,n_bins=30,other_lags=3,relative=True,velocity=binned  (10s)
    model acc=0.8897 ll=0.3245 mae=5.48 acc@change=0.483 | AR acc=0.8525 ll=0.5044 mae=6.61 | persistence acc=0.8575
[49/128] n_bins=50  (3s)
    model acc=0.8760 ll=0.4203 mae=4.54 acc@change=0.461 | AR acc=0.8228 ll=0.5781 mae=5.42 | persistence acc=0.8196
[50/128] max_parents=6,n_bins=50  (3s)
    model acc=0.8760 ll=0.4203 mae=4.54 acc@change=0.461 | AR acc=0.8228 ll=0.5781 mae=5.42 | persistence acc=0.8196
[51/128] n_bins=50,relative=True  (3s)
    model acc=0.8741 ll=0.4215 mae=4.53 acc@change=0.461 | AR acc=0.8228 ll=0.5781 mae=5.42 | persistence acc=0.8196
[52/128] max_parents=6,n_bins=50,relative=True  (4s)
    model acc=0.8723 ll=0.4234 mae=4.56 acc@change=0.453 | AR acc=0.8228 ll=0.5781 mae=5.42 | persistence acc=0.8196
[53/128] ar_order=2,n_bins=50,other_lags=2  (4s)
    model acc=0.8817 ll=0.3877 mae=4.49 acc@change=0.538 | AR acc=0.8228 ll=0.5781 mae=5.42 | persistence acc=0.8196
[54/128] ar_order=2,max_parents=6,n_bins=50,other_lags=2  (6s)
    model acc=0.8817 ll=0.3877 mae=4.49 acc@change=0.538 | AR acc=0.8228 ll=0.5781 mae=5.42 | persistence acc=0.8196
[55/128] ar_order=2,n_bins=50,other_lags=2,relative=True  (5s)
    model acc=0.8822 ll=0.3877 mae=4.49 acc@change=0.545 | AR acc=0.8228 ll=0.5781 mae=5.42 | persistence acc=0.8196
[56/128] ar_order=2,max_parents=6,n_bins=50,other_lags=2,relative=True  (7s)
    model acc=0.8813 ll=0.3876 mae=4.49 acc@change=0.533 | AR acc=0.8228 ll=0.5781 mae=5.42 | persistence acc=0.8196
[57/128] ar_order=2,n_bins=50,other_lags=2,velocity=binned  (5s)
    model acc=0.8809 ll=0.3912 mae=4.52 acc@change=0.534 | AR acc=0.8228 ll=0.5781 mae=5.42 | persistence acc=0.8196
[58/128] ar_order=2,max_parents=6,n_bins=50,other_lags=2,velocity=binned  (7s)
    model acc=0.8809 ll=0.3912 mae=4.52 acc@change=0.534 | AR acc=0.8228 ll=0.5781 mae=5.42 | persistence acc=0.8196
[59/128] ar_order=2,n_bins=50,other_lags=2,relative=True,velocity=binned  (6s)
    model acc=0.8811 ll=0.3903 mae=4.51 acc@change=0.532 | AR acc=0.8228 ll=0.5781 mae=5.42 | persistence acc=0.8196
[60/128] ar_order=2,max_parents=6,n_bins=50,other_lags=2,relative=True,velocity=binned  (9s)
    model acc=0.8807 ll=0.3904 mae=4.51 acc@change=0.531 | AR acc=0.8228 ll=0.5781 mae=5.42 | persistence acc=0.8196
[61/128] ar_order=3,n_bins=50,other_lags=3,velocity=binned  (7s)
    model acc=0.8796 ll=0.3928 mae=4.54 acc@change=0.529 | AR acc=0.8228 ll=0.5781 mae=5.42 | persistence acc=0.8196
[62/128] ar_order=3,max_parents=6,n_bins=50,other_lags=3,velocity=binned  (11s)
    model acc=0.8795 ll=0.3934 mae=4.61 acc@change=0.520 | AR acc=0.8228 ll=0.5781 mae=5.42 | persistence acc=0.8196
[63/128] ar_order=3,n_bins=50,other_lags=3,relative=True,velocity=binned  (8s)
    model acc=0.8798 ll=0.3920 mae=4.54 acc@change=0.527 | AR acc=0.8228 ll=0.5781 mae=5.42 | persistence acc=0.8196
[64/128] ar_order=3,max_parents=6,n_bins=50,other_lags=3,relative=True,velocity=binned  (12s)
    model acc=0.8805 ll=0.3893 mae=4.54 acc@change=0.529 | AR acc=0.8228 ll=0.5781 mae=5.42 | persistence acc=0.8196
[65/128] engine=hc-aic,n_bins=10  (1s)
    model acc=0.9292 ll=0.2540 mae=9.81 acc@change=0.306 | AR acc=0.9248 ll=0.3296 mae=10.20 | persistence acc=0.9250
[66/128] engine=hc-aic,max_parents=6,n_bins=10  (1s)
    model acc=0.9292 ll=0.2540 mae=9.81 acc@change=0.306 | AR acc=0.9248 ll=0.3296 mae=10.20 | persistence acc=0.9250
[67/128] engine=hc-aic,n_bins=10,relative=True  (1s)
    model acc=0.9292 ll=0.2540 mae=9.81 acc@change=0.306 | AR acc=0.9248 ll=0.3296 mae=10.20 | persistence acc=0.9250
[68/128] engine=hc-aic,max_parents=6,n_bins=10,relative=True  (1s)
    model acc=0.9292 ll=0.2540 mae=9.81 acc@change=0.306 | AR acc=0.9248 ll=0.3296 mae=10.20 | persistence acc=0.9250
[69/128] ar_order=2,engine=hc-aic,n_bins=10,other_lags=2  (1s)
    model acc=0.9292 ll=0.2540 mae=9.81 acc@change=0.306 | AR acc=0.9248 ll=0.3296 mae=10.20 | persistence acc=0.9250
[70/128] ar_order=2,engine=hc-aic,max_parents=6,n_bins=10,other_lags=2  (1s)
    model acc=0.9292 ll=0.2540 mae=9.81 acc@change=0.306 | AR acc=0.9248 ll=0.3296 mae=10.20 | persistence acc=0.9250
[71/128] ar_order=2,engine=hc-aic,n_bins=10,other_lags=2,relative=True  (1s)
    model acc=0.9292 ll=0.2540 mae=9.81 acc@change=0.306 | AR acc=0.9248 ll=0.3296 mae=10.20 | persistence acc=0.9250
[72/128] ar_order=2,engine=hc-aic,max_parents=6,n_bins=10,other_lags=2,relative=True  (1s)
    model acc=0.9292 ll=0.2540 mae=9.81 acc@change=0.306 | AR acc=0.9248 ll=0.3296 mae=10.20 | persistence acc=0.9250
[73/128] ar_order=2,engine=hc-aic,n_bins=10,other_lags=2,velocity=binned  (1s)
    model acc=0.9316 ll=0.2500 mae=9.73 acc@change=0.344 | AR acc=0.9248 ll=0.3296 mae=10.20 | persistence acc=0.9250
[74/128] ar_order=2,engine=hc-aic,max_parents=6,n_bins=10,other_lags=2,velocity=binned  (1s)
    model acc=0.9316 ll=0.2500 mae=9.73 acc@change=0.344 | AR acc=0.9248 ll=0.3296 mae=10.20 | persistence acc=0.9250
[75/128] ar_order=2,engine=hc-aic,n_bins=10,other_lags=2,relative=True,velocity=binned  (1s)
    model acc=0.9316 ll=0.2500 mae=9.73 acc@change=0.344 | AR acc=0.9248 ll=0.3296 mae=10.20 | persistence acc=0.9250
[76/128] ar_order=2,engine=hc-aic,max_parents=6,n_bins=10,other_lags=2,relative=True,velocity=binned  (1s)
    model acc=0.9316 ll=0.2500 mae=9.73 acc@change=0.344 | AR acc=0.9248 ll=0.3296 mae=10.20 | persistence acc=0.9250
[77/128] ar_order=3,engine=hc-aic,n_bins=10,other_lags=3,velocity=binned  (2s)
    model acc=0.9316 ll=0.2500 mae=9.73 acc@change=0.344 | AR acc=0.9248 ll=0.3296 mae=10.20 | persistence acc=0.9250
[78/128] ar_order=3,engine=hc-aic,max_parents=6,n_bins=10,other_lags=3,velocity=binned  (2s)
    model acc=0.9316 ll=0.2500 mae=9.73 acc@change=0.344 | AR acc=0.9248 ll=0.3296 mae=10.20 | persistence acc=0.9250
[79/128] ar_order=3,engine=hc-aic,n_bins=10,other_lags=3,relative=True,velocity=binned  (2s)
    model acc=0.9316 ll=0.2500 mae=9.73 acc@change=0.344 | AR acc=0.9248 ll=0.3296 mae=10.20 | persistence acc=0.9250
[80/128] ar_order=3,engine=hc-aic,max_parents=6,n_bins=10,other_lags=3,relative=True,velocity=binned  (2s)
    model acc=0.9316 ll=0.2500 mae=9.73 acc@change=0.344 | AR acc=0.9248 ll=0.3296 mae=10.20 | persistence acc=0.9250
[81/128] engine=hc-aic  (1s)
    model acc=0.8915 ll=0.3757 mae=7.60 acc@change=0.345 | AR acc=0.8723 ll=0.4659 mae=8.50 | persistence acc=0.8739
[82/128] engine=hc-aic,max_parents=6  (1s)
    model acc=0.8915 ll=0.3757 mae=7.60 acc@change=0.345 | AR acc=0.8723 ll=0.4659 mae=8.50 | persistence acc=0.8739
[83/128] engine=hc-aic,relative=True  (1s)
    model acc=0.8915 ll=0.3757 mae=7.60 acc@change=0.345 | AR acc=0.8723 ll=0.4659 mae=8.50 | persistence acc=0.8739
[84/128] engine=hc-aic,max_parents=6,relative=True  (1s)
    model acc=0.8915 ll=0.3757 mae=7.60 acc@change=0.345 | AR acc=0.8723 ll=0.4659 mae=8.50 | persistence acc=0.8739
[85/128] ar_order=2,engine=hc-aic,other_lags=2  (1s)
    model acc=0.8915 ll=0.3757 mae=7.60 acc@change=0.345 | AR acc=0.8723 ll=0.4659 mae=8.50 | persistence acc=0.8739
[86/128] ar_order=2,engine=hc-aic,max_parents=6,other_lags=2  (1s)
    model acc=0.8915 ll=0.3757 mae=7.60 acc@change=0.345 | AR acc=0.8723 ll=0.4659 mae=8.50 | persistence acc=0.8739
[87/128] ar_order=2,engine=hc-aic,other_lags=2,relative=True  (1s)
    model acc=0.8915 ll=0.3757 mae=7.60 acc@change=0.345 | AR acc=0.8723 ll=0.4659 mae=8.50 | persistence acc=0.8739
[88/128] ar_order=2,engine=hc-aic,max_parents=6,other_lags=2,relative=True  (1s)
    model acc=0.8915 ll=0.3757 mae=7.60 acc@change=0.345 | AR acc=0.8723 ll=0.4659 mae=8.50 | persistence acc=0.8739
[89/128] ar_order=2,engine=hc-aic,other_lags=2,velocity=binned  (1s)
    model acc=0.8915 ll=0.3757 mae=7.60 acc@change=0.345 | AR acc=0.8723 ll=0.4659 mae=8.50 | persistence acc=0.8739
[90/128] ar_order=2,engine=hc-aic,max_parents=6,other_lags=2,velocity=binned  (1s)
    model acc=0.8915 ll=0.3757 mae=7.60 acc@change=0.345 | AR acc=0.8723 ll=0.4659 mae=8.50 | persistence acc=0.8739
[91/128] ar_order=2,engine=hc-aic,other_lags=2,relative=True,velocity=binned  (1s)
    model acc=0.8915 ll=0.3757 mae=7.60 acc@change=0.345 | AR acc=0.8723 ll=0.4659 mae=8.50 | persistence acc=0.8739
[92/128] ar_order=2,engine=hc-aic,max_parents=6,other_lags=2,relative=True,velocity=binned  (1s)
    model acc=0.8915 ll=0.3757 mae=7.60 acc@change=0.345 | AR acc=0.8723 ll=0.4659 mae=8.50 | persistence acc=0.8739
[93/128] ar_order=3,engine=hc-aic,other_lags=3,velocity=binned  (1s)
    model acc=0.8915 ll=0.3757 mae=7.60 acc@change=0.345 | AR acc=0.8723 ll=0.4659 mae=8.50 | persistence acc=0.8739
[94/128] ar_order=3,engine=hc-aic,max_parents=6,other_lags=3,velocity=binned  (1s)
    model acc=0.8915 ll=0.3757 mae=7.60 acc@change=0.345 | AR acc=0.8723 ll=0.4659 mae=8.50 | persistence acc=0.8739
[95/128] ar_order=3,engine=hc-aic,other_lags=3,relative=True,velocity=binned  (1s)
    model acc=0.8915 ll=0.3757 mae=7.60 acc@change=0.345 | AR acc=0.8723 ll=0.4659 mae=8.50 | persistence acc=0.8739
[96/128] ar_order=3,engine=hc-aic,max_parents=6,other_lags=3,relative=True,velocity=binned  (1s)
    model acc=0.8915 ll=0.3757 mae=7.60 acc@change=0.345 | AR acc=0.8723 ll=0.4659 mae=8.50 | persistence acc=0.8739
[97/128] engine=hc-aic,n_bins=30  (1s)
    model acc=0.8575 ll=0.4622 mae=6.24 acc@change=0.144 | AR acc=0.8525 ll=0.5044 mae=6.61 | persistence acc=0.8575
[98/128] engine=hc-aic,max_parents=6,n_bins=30  (1s)
    model acc=0.8575 ll=0.4622 mae=6.24 acc@change=0.144 | AR acc=0.8525 ll=0.5044 mae=6.61 | persistence acc=0.8575
[99/128] engine=hc-aic,n_bins=30,relative=True  (1s)
    model acc=0.8575 ll=0.4622 mae=6.24 acc@change=0.144 | AR acc=0.8525 ll=0.5044 mae=6.61 | persistence acc=0.8575
[100/128] engine=hc-aic,max_parents=6,n_bins=30,relative=True  (1s)
    model acc=0.8575 ll=0.4622 mae=6.24 acc@change=0.144 | AR acc=0.8525 ll=0.5044 mae=6.61 | persistence acc=0.8575
[101/128] ar_order=2,engine=hc-aic,n_bins=30,other_lags=2  (1s)
    model acc=0.8575 ll=0.4622 mae=6.24 acc@change=0.144 | AR acc=0.8525 ll=0.5044 mae=6.61 | persistence acc=0.8575
[102/128] ar_order=2,engine=hc-aic,max_parents=6,n_bins=30,other_lags=2  (1s)
    model acc=0.8575 ll=0.4622 mae=6.24 acc@change=0.144 | AR acc=0.8525 ll=0.5044 mae=6.61 | persistence acc=0.8575
[103/128] ar_order=2,engine=hc-aic,n_bins=30,other_lags=2,relative=True  (1s)
    model acc=0.8575 ll=0.4622 mae=6.24 acc@change=0.144 | AR acc=0.8525 ll=0.5044 mae=6.61 | persistence acc=0.8575
[104/128] ar_order=2,engine=hc-aic,max_parents=6,n_bins=30,other_lags=2,relative=True  (1s)
    model acc=0.8575 ll=0.4622 mae=6.24 acc@change=0.144 | AR acc=0.8525 ll=0.5044 mae=6.61 | persistence acc=0.8575
[105/128] ar_order=2,engine=hc-aic,n_bins=30,other_lags=2,velocity=binned  (1s)
    model acc=0.8575 ll=0.4622 mae=6.24 acc@change=0.144 | AR acc=0.8525 ll=0.5044 mae=6.61 | persistence acc=0.8575
[106/128] ar_order=2,engine=hc-aic,max_parents=6,n_bins=30,other_lags=2,velocity=binned  (1s)
    model acc=0.8575 ll=0.4622 mae=6.24 acc@change=0.144 | AR acc=0.8525 ll=0.5044 mae=6.61 | persistence acc=0.8575
[107/128] ar_order=2,engine=hc-aic,n_bins=30,other_lags=2,relative=True,velocity=binned  (1s)
    model acc=0.8575 ll=0.4622 mae=6.24 acc@change=0.144 | AR acc=0.8525 ll=0.5044 mae=6.61 | persistence acc=0.8575
[108/128] ar_order=2,engine=hc-aic,max_parents=6,n_bins=30,other_lags=2,relative=True,velocity=binned  (1s)
    model acc=0.8575 ll=0.4622 mae=6.24 acc@change=0.144 | AR acc=0.8525 ll=0.5044 mae=6.61 | persistence acc=0.8575
[109/128] ar_order=3,engine=hc-aic,n_bins=30,other_lags=3,velocity=binned  (1s)
    model acc=0.8575 ll=0.4622 mae=6.24 acc@change=0.144 | AR acc=0.8525 ll=0.5044 mae=6.61 | persistence acc=0.8575
[110/128] ar_order=3,engine=hc-aic,max_parents=6,n_bins=30,other_lags=3,velocity=binned  (1s)
    model acc=0.8575 ll=0.4622 mae=6.24 acc@change=0.144 | AR acc=0.8525 ll=0.5044 mae=6.61 | persistence acc=0.8575
[111/128] ar_order=3,engine=hc-aic,n_bins=30,other_lags=3,relative=True,velocity=binned  (1s)
    model acc=0.8575 ll=0.4622 mae=6.24 acc@change=0.144 | AR acc=0.8525 ll=0.5044 mae=6.61 | persistence acc=0.8575
[112/128] ar_order=3,engine=hc-aic,max_parents=6,n_bins=30,other_lags=3,relative=True,velocity=binned  (1s)
    model acc=0.8575 ll=0.4622 mae=6.24 acc@change=0.144 | AR acc=0.8525 ll=0.5044 mae=6.61 | persistence acc=0.8575
[113/128] engine=hc-aic,n_bins=50  (0s)
    model acc=0.8228 ll=0.5781 mae=5.42 acc@change=0.116 | AR acc=0.8228 ll=0.5781 mae=5.42 | persistence acc=0.8196
[114/128] engine=hc-aic,max_parents=6,n_bins=50  (0s)
    model acc=0.8228 ll=0.5781 mae=5.42 acc@change=0.116 | AR acc=0.8228 ll=0.5781 mae=5.42 | persistence acc=0.8196
[115/128] engine=hc-aic,n_bins=50,relative=True  (1s)
    model acc=0.8228 ll=0.5781 mae=5.42 acc@change=0.116 | AR acc=0.8228 ll=0.5781 mae=5.42 | persistence acc=0.8196
[116/128] engine=hc-aic,max_parents=6,n_bins=50,relative=True  (1s)
    model acc=0.8228 ll=0.5781 mae=5.42 acc@change=0.116 | AR acc=0.8228 ll=0.5781 mae=5.42 | persistence acc=0.8196
[117/128] ar_order=2,engine=hc-aic,n_bins=50,other_lags=2  (1s)
    model acc=0.8228 ll=0.5781 mae=5.42 acc@change=0.116 | AR acc=0.8228 ll=0.5781 mae=5.42 | persistence acc=0.8196
[118/128] ar_order=2,engine=hc-aic,max_parents=6,n_bins=50,other_lags=2  (1s)
    model acc=0.8228 ll=0.5781 mae=5.42 acc@change=0.116 | AR acc=0.8228 ll=0.5781 mae=5.42 | persistence acc=0.8196
[119/128] ar_order=2,engine=hc-aic,n_bins=50,other_lags=2,relative=True  (1s)
    model acc=0.8228 ll=0.5781 mae=5.42 acc@change=0.116 | AR acc=0.8228 ll=0.5781 mae=5.42 | persistence acc=0.8196
[120/128] ar_order=2,engine=hc-aic,max_parents=6,n_bins=50,other_lags=2,relative=True  (1s)
    model acc=0.8228 ll=0.5781 mae=5.42 acc@change=0.116 | AR acc=0.8228 ll=0.5781 mae=5.42 | persistence acc=0.8196
[121/128] ar_order=2,engine=hc-aic,n_bins=50,other_lags=2,velocity=binned  (1s)
    model acc=0.8228 ll=0.5781 mae=5.42 acc@change=0.116 | AR acc=0.8228 ll=0.5781 mae=5.42 | persistence acc=0.8196
[122/128] ar_order=2,engine=hc-aic,max_parents=6,n_bins=50,other_lags=2,velocity=binned  (1s)
    model acc=0.8228 ll=0.5781 mae=5.42 acc@change=0.116 | AR acc=0.8228 ll=0.5781 mae=5.42 | persistence acc=0.8196
[123/128] ar_order=2,engine=hc-aic,n_bins=50,other_lags=2,relative=True,velocity=binned  (1s)
    model acc=0.8228 ll=0.5781 mae=5.42 acc@change=0.116 | AR acc=0.8228 ll=0.5781 mae=5.42 | persistence acc=0.8196
[124/128] ar_order=2,engine=hc-aic,max_parents=6,n_bins=50,other_lags=2,relative=True,velocity=binned  (1s)
    model acc=0.8228 ll=0.5781 mae=5.42 acc@change=0.116 | AR acc=0.8228 ll=0.5781 mae=5.42 | persistence acc=0.8196
[125/128] ar_order=3,engine=hc-aic,n_bins=50,other_lags=3,velocity=binned  (1s)
    model acc=0.8228 ll=0.5781 mae=5.42 acc@change=0.116 | AR acc=0.8228 ll=0.5781 mae=5.42 | persistence acc=0.8196
[126/128] ar_order=3,engine=hc-aic,max_parents=6,n_bins=50,other_lags=3,velocity=binned  (1s)
    model acc=0.8228 ll=0.5781 mae=5.42 acc@change=0.116 | AR acc=0.8228 ll=0.5781 mae=5.42 | persistence acc=0.8196
[127/128] ar_order=3,engine=hc-aic,n_bins=50,other_lags=3,relative=True,velocity=binned  (1s)
    model acc=0.8228 ll=0.5781 mae=5.42 acc@change=0.116 | AR acc=0.8228 ll=0.5781 mae=5.42 | persistence acc=0.8196
[128/128] ar_order=3,engine=hc-aic,max_parents=6,n_bins=50,other_lags=3,relative=True,velocity=binned  (1s)
    model acc=0.8228 ll=0.5781 mae=5.42 acc@change=0.116 | AR acc=0.8228 ll=0.5781 mae=5.42 | persistence acc=0.8196

Saved /home/nero/Downloads/dbn_model_construction/results/ablation/interactions_20260316_105011_seed783122_run20261008_170306_ga05edf8_folds.csv
Saved /home/nero/Downloads/dbn_model_construction/results/ablation/interactions_20260316_105011_seed783122_run20261008_170306_ga05edf8_runs.csv.gz
[1/6] ref  (3s)
    model acc=0.9086 ll=0.3172 mae=7.48 acc@change=0.411 | AR acc=0.8723 ll=0.4659 mae=8.50 | persistence acc=0.8739
[2/6] engine=hc-aic  (1s)
    model acc=0.8915 ll=0.3757 mae=7.60 acc@change=0.345 | AR acc=0.8723 ll=0.4659 mae=8.50 | persistence acc=0.8739
[3/6] engine=hc-bic,prior=bdeu  (0s)
    model acc=0.8723 ll=0.4659 mae=8.50 acc@change=0.015 | AR acc=0.8723 ll=0.4659 mae=8.50 | persistence acc=0.8739
[4/6] cv=blocked  (3s)
    model acc=0.9150 ll=0.2798 mae=6.68 acc@change=0.449 | AR acc=0.8755 ll=0.4379 mae=8.09 | persistence acc=0.8760
[5/6] cv=blocked,engine=hc-aic  (1s)
    model acc=0.9106 ll=0.3054 mae=6.81 acc@change=0.489 | AR acc=0.8755 ll=0.4379 mae=8.09 | persistence acc=0.8760
[6/6] cv=blocked,engine=hc-bic,prior=bdeu  (1s)
    model acc=0.8755 ll=0.4379 mae=8.09 acc@change=0.010 | AR acc=0.8755 ll=0.4379 mae=8.09 | persistence acc=0.8760

Saved /home/nero/Downloads/dbn_model_construction/results/ablation/cv_20260316_105011_seed783122_run20261008_170931_ga05edf8_folds.csv
Saved /home/nero/Downloads/dbn_model_construction/results/ablation/cv_20260316_105011_seed783122_run20261008_170931_ga05edf8_runs.csv.gz
[1/4] ref  (3s)
    model acc=0.9086 ll=0.3172 mae=7.48 acc@change=0.411 | AR acc=0.8723 ll=0.4659 mae=8.50 | persistence acc=0.8739
[2/4] n_bins=50  (2s)
    model acc=0.8760 ll=0.4203 mae=4.54 acc@change=0.461 | AR acc=0.8228 ll=0.5781 mae=5.42 | persistence acc=0.8196
[3/4] granularity=30,n_bins=4  (1s)
    model acc=0.9332 ll=0.2046 mae=28.16 acc@change=0.078 | AR acc=0.9299 ll=0.2840 mae=31.84 | persistence acc=0.9291
[4/4] granularity=30  (0s)
    model acc=0.8732 ll=0.5783 mae=16.69 acc@change=0.022 | AR acc=0.8719 ll=0.6758 mae=20.79 | persistence acc=0.8747

Saved /home/nero/Downloads/dbn_model_construction/results/ablation/refs_20260316_105011_seed783122_run20261008_170940_ga05edf8_folds.csv
Saved /home/nero/Downloads/dbn_model_construction/results/ablation/refs_20260316_105011_seed783122_run20261008_170940_ga05edf8_runs.csv.gz
[1/4] ref  (14s)
    model acc=0.9086 ll=0.3172 mae=7.48 acc@change=0.411 | AR acc=0.8723 ll=0.4659 mae=8.50 | persistence acc=0.8739
[2/4] n_bins=50  (12s)
    model acc=0.8760 ll=0.4203 mae=4.54 acc@change=0.461 | AR acc=0.8228 ll=0.5781 mae=5.42 | persistence acc=0.8196
[3/4] granularity=30,n_bins=4  (5s)
    model acc=0.9332 ll=0.2046 mae=28.16 acc@change=0.078 | AR acc=0.9299 ll=0.2840 mae=31.84 | persistence acc=0.9291
[4/4] granularity=30  (5s)
    model acc=0.8732 ll=0.5783 mae=16.69 acc@change=0.022 | AR acc=0.8719 ll=0.6758 mae=20.79 | persistence acc=0.8747

Saved /home/nero/Downloads/dbn_model_construction/results/ablation/refs_20260316_105011_seed783122_run20261008_170947_ga05edf8_folds.csv
Saved /home/nero/Downloads/dbn_model_construction/results/ablation/refs_20260316_105011_seed783122_run20261008_170947_ga05edf8_runs.csv.gz
[fold 1] learned done
[fold 1] local done
[fold 1] chain done
[fold 1] anchored done
[fold 1] capacity done
[fold 1] level done
[fold 1] level? done
[fold 2] learned done
[fold 2] local done
[fold 2] chain done
[fold 2] anchored done
[fold 2] capacity done
[fold 2] level done
[fold 2] level? done
[fold 3] learned done
[fold 3] local done
[fold 3] chain done
[fold 3] anchored done
[fold 3] capacity done
[fold 3] level done
[fold 3] level? done
[fold 4] learned done
[fold 4] local done
[fold 4] chain done
[fold 4] anchored done
[fold 4] capacity done
[fold 4] level done
[fold 4] level? done
[fold 5] learned done
[fold 5] local done
[fold 5] chain done
[fold 5] anchored done
[fold 5] capacity done
[fold 5] level done
[fold 5] level? done

== acc ==
horizon                                       1      2      5      10     30
target       load_future method                                             
throughput_1 frozen      rollout:anchored  0.987  0.985  0.986  0.979  0.975
                         rollout:capacity  0.987  0.984  0.985  0.983  0.977
                         rollout:chain     0.986  0.984  0.985  0.977  0.970
                         rollout:learned   0.987  0.985  0.986  0.980  0.975
                         rollout:local     0.987  0.985  0.986  0.980  0.975
                         static_chain      0.906  0.903  0.904  0.902  0.904
             known       ar                0.983  0.981  0.979  0.979  0.981
                         direct            0.987  0.985  0.986  0.984  0.986
                         persistence       0.983  0.981  0.979  0.979  0.981
                         rollout:anchored  0.987  0.985  0.986  0.979  0.976
                         rollout:capacity  0.987  0.984  0.985  0.983  0.977
                         rollout:chain     0.987  0.984  0.985  0.978  0.969
                         rollout:learned   0.987  0.985  0.986  0.979  0.976
                         rollout:level     0.987  0.985  0.986  0.979  0.973
                         rollout:level?    0.987  0.985  0.986  0.979  0.973
                         rollout:local     0.987  0.985  0.986  0.979  0.976
                         static_chain      0.906  0.903  0.904  0.902  0.904
throughput_2 frozen      rollout:anchored  0.946  0.940  0.922  0.909  0.849
                         rollout:capacity  0.950  0.944  0.938  0.931  0.885
                         rollout:chain     0.950  0.942  0.925  0.913  0.877
                         rollout:learned   0.950  0.945  0.932  0.923  0.886
                         rollout:local     0.952  0.947  0.939  0.926  0.897
                         static_chain      0.678  0.675  0.676  0.677  0.682
             known       ar                0.945  0.939  0.935  0.933  0.930
                         direct            0.949  0.946  0.944  0.942  0.940
                         persistence       0.949  0.943  0.939  0.938  0.932
                         rollout:anchored  0.947  0.940  0.923  0.909  0.850
                         rollout:capacity  0.950  0.944  0.938  0.932  0.885
                         rollout:chain     0.949  0.942  0.924  0.912  0.874
                         rollout:learned   0.948  0.945  0.932  0.922  0.884
                         rollout:level     0.952  0.947  0.943  0.936  0.920
                         rollout:level?    0.954  0.948  0.944  0.937  0.920
                         rollout:local     0.953  0.947  0.940  0.927  0.897
                         static_chain      0.678  0.675  0.676  0.677  0.682
throughput_3 frozen      rollout:anchored  0.946  0.937  0.917  0.890  0.817
                         rollout:capacity  0.953  0.942  0.933  0.918  0.868
                         rollout:chain     0.956  0.941  0.923  0.904  0.863
                         rollout:learned   0.954  0.944  0.923  0.908  0.854
                         rollout:local     0.959  0.947  0.932  0.917  0.866
                         static_chain      0.549  0.549  0.548  0.550  0.555
             known       ar                0.939  0.930  0.926  0.920  0.915
                         direct            0.955  0.945  0.936  0.933  0.922
                         persistence       0.940  0.931  0.928  0.921  0.917
                         rollout:anchored  0.945  0.936  0.917  0.890  0.818
                         rollout:capacity  0.954  0.941  0.933  0.919  0.867
                         rollout:chain     0.956  0.941  0.924  0.903  0.862
                         rollout:learned   0.954  0.944  0.923  0.908  0.855
                         rollout:level     0.953  0.939  0.927  0.912  0.892
                         rollout:level?    0.953  0.942  0.928  0.914  0.892
                         rollout:local     0.960  0.947  0.932  0.917  0.866
                         static_chain      0.549  0.549  0.548  0.550  0.555

== logloss ==
horizon                                       1      2      5      10     30
target       load_future method                                             
throughput_1 frozen      rollout:anchored  0.056  0.062  0.063  0.073  0.088
                         rollout:capacity  0.054  0.060  0.062  0.071  0.076
                         rollout:chain     0.058  0.061  0.067  0.076  0.096
                         rollout:learned   0.055  0.061  0.062  0.073  0.088
                         rollout:local     0.056  0.061  0.063  0.073  0.089
                         static_chain      0.285  0.288  0.287  0.291  0.287
             known       ar                0.088  0.094  0.099  0.101  0.097
                         direct            0.045  0.050  0.048  0.050  0.049
                         persistence       0.468  0.519  0.571  0.577  0.532
                         rollout:anchored  0.055  0.060  0.062  0.073  0.088
                         rollout:capacity  0.055  0.060  0.062  0.070  0.077
                         rollout:chain     0.056  0.063  0.065  0.076  0.096
                         rollout:learned   0.056  0.063  0.062  0.073  0.088
                         rollout:level     0.056  0.063  0.064  0.073  0.099
                         rollout:level?    0.057  0.064  0.064  0.074  0.098
                         rollout:local     0.054  0.062  0.062  0.074  0.089
                         static_chain      0.285  0.288  0.287  0.291  0.287
throughput_2 frozen      rollout:anchored  0.214  0.242  0.299  0.353  0.506
                         rollout:capacity  0.189  0.216  0.253  0.285  0.381
                         rollout:chain     0.191  0.224  0.274  0.317  0.435
                         rollout:learned   0.187  0.211  0.259  0.322  0.506
                         rollout:local     0.182  0.203  0.252  0.304  0.473
                         static_chain      1.402  1.404  1.394  1.381  1.343
             known       ar                0.242  0.266  0.285  0.291  0.321
                         direct            0.173  0.191  0.208  0.209  0.240
                         persistence       1.415  1.580  1.689  1.724  1.879
                         rollout:anchored  0.211  0.240  0.295  0.353  0.504
                         rollout:capacity  0.192  0.216  0.256  0.286  0.383
                         rollout:chain     0.191  0.219  0.275  0.319  0.432
                         rollout:learned   0.186  0.208  0.261  0.323  0.508
                         rollout:level     0.176  0.193  0.228  0.263  0.372
                         rollout:level?    0.175  0.195  0.230  0.262  0.372
                         rollout:local     0.182  0.201  0.253  0.306  0.472
                         static_chain      1.402  1.404  1.394  1.381  1.343
throughput_3 frozen      rollout:anchored  0.240  0.274  0.337  0.419  0.632
                         rollout:capacity  0.183  0.222  0.271  0.336  0.459
                         rollout:chain     0.162  0.216  0.286  0.366  0.516
                         rollout:learned   0.155  0.208  0.282  0.369  0.594
                         rollout:local     0.150  0.200  0.268  0.354  0.572
                         static_chain      1.757  1.762  1.759  1.755  1.719
             known       ar                0.263  0.300  0.316  0.341  0.363
                         direct            0.140  0.194  0.231  0.252  0.281
                         persistence       1.658  1.897  2.002  2.170  2.301
                         rollout:anchored  0.239  0.272  0.336  0.422  0.629
                         rollout:capacity  0.185  0.220  0.272  0.338  0.461
                         rollout:chain     0.159  0.214  0.285  0.368  0.512
                         rollout:learned   0.153  0.206  0.281  0.370  0.592
                         rollout:level     0.159  0.207  0.270  0.328  0.458
                         rollout:level?    0.155  0.204  0.268  0.327  0.467
                         rollout:local     0.146  0.200  0.268  0.352  0.571
                         static_chain      1.757  1.762  1.759  1.755  1.719

== mae ==
horizon                                        1       2       5       10      30
target       load_future method                                                  
throughput_1 frozen      rollout:anchored   1.299   1.407   1.538   1.663   1.982
                         rollout:capacity   1.307   1.418   1.509   1.589   1.747
                         rollout:chain      1.318   1.431   1.542   1.645   1.886
                         rollout:learned    1.304   1.410   1.536   1.670   1.989
                         rollout:local      1.303   1.409   1.542   1.682   2.014
                         static_chain       4.544   4.587   4.598   4.599   4.596
             known       ar                 1.192   1.232   1.282   1.282   1.274
                         direct             1.297   1.346   1.373   1.369   1.361
                         persistence        1.039   1.085   1.123   1.128   1.115
                         rollout:anchored   1.299   1.405   1.534   1.668   1.988
                         rollout:capacity   1.307   1.417   1.508   1.591   1.752
                         rollout:chain      1.320   1.441   1.551   1.653   1.898
                         rollout:learned    1.305   1.411   1.537   1.676   1.994
                         rollout:level      1.287   1.424   1.537   1.630   1.842
                         rollout:level?     1.291   1.425   1.537   1.630   1.832
                         rollout:local      1.306   1.413   1.536   1.678   2.006
                         static_chain       4.544   4.587   4.598   4.599   4.596
throughput_2 frozen      rollout:anchored   4.473   5.544   7.341   8.949  13.329
                         rollout:capacity   4.278   5.237   6.647   7.869  11.025
                         rollout:chain      4.397   5.221   6.714   7.881  11.157
                         rollout:learned    4.260   5.223   6.952   8.889  14.871
                         rollout:local      4.331   5.221   6.985   8.699  14.143
                         static_chain      74.903  75.001  74.749  74.252  73.471
             known       ar                 4.553   5.384   6.109   6.676   8.592
                         direct             4.201   4.808   5.450   5.686   7.111
                         persistence        3.639   4.284   4.905   5.236   6.605
                         rollout:anchored   4.458   5.541   7.294   8.920  13.283
                         rollout:capacity   4.280   5.233   6.685   7.869  11.026
                         rollout:chain      4.390   5.215   6.709   7.882  11.208
                         rollout:learned    4.276   5.227   6.963   8.868  14.854
                         rollout:level      4.185   4.972   6.317   7.432  11.012
                         rollout:level?     4.161   4.973   6.291   7.443  11.035
                         rollout:local      4.358   5.213   6.994   8.770  14.206
                         static_chain      74.903  75.001  74.749  74.252  73.471
throughput_3 frozen      rollout:anchored   5.176   6.212   8.558  11.377  17.317
                         rollout:capacity   4.893   5.728   7.474   9.629  13.858
                         rollout:chain      4.809   5.674   7.746  10.065  14.808
                         rollout:learned    4.675   5.687   7.954  10.729  18.199
                         rollout:local      4.587   5.537   7.731  10.447  17.377
                         static_chain      94.905  94.750  94.403  94.054  92.597
             known       ar                 5.496   6.079   6.962   7.988  10.498
                         direct             4.590   5.070   5.994   6.893   9.575
                         persistence        4.168   4.636   5.294   6.071   8.229
                         rollout:anchored   5.200   6.226   8.575  11.405  17.321
                         rollout:capacity   4.910   5.739   7.504   9.641  13.856
                         rollout:chain      4.815   5.669   7.758  10.096  14.791
                         rollout:learned    4.649   5.693   7.934  10.730  18.210
                         rollout:level      4.821   5.453   7.083   8.921  13.140
                         rollout:level?     4.759   5.451   7.075   9.065  13.575
                         rollout:local      4.592   5.538   7.769  10.456  17.520
                         static_chain      94.905  94.750  94.403  94.054  92.597

=== 20260316_105011_seed783122 | detecting reconfigurations from surprise, 1 s ===
            auc  caught_at_1pct_false_alarms  realised_false_alarms
detector                                                           
ar        0.875                        0.677                  0.008
dbn       0.877                        0.762                  0.013

=== 20260316_105011_seed783122 | detecting reconfigurations from surprise, 30 s ===
            auc  caught_at_1pct_false_alarms  realised_false_alarms
detector                                                           
ar        0.863                        0.387                  0.015
dbn       0.869                        0.366                  0.009

=== 20260316_105011_seed783122 | regimes by bottleneck ===
variant  +regime parent      ar  global  leave-regime-out  regime structure  regime tables
regime                                                                                    
ALL              0.9065  0.8723  0.9202            0.8320            0.9015         0.9129
none             0.9627  0.9525  0.9648            0.9525            0.9645         0.9659
s1               0.9101  0.8661  0.9250            0.7935            0.9052         0.9196
s23              0.7830  0.7387  0.8149            0.7392            0.7641         0.7845
variant  +regime parent      ar  global  leave-regime-out  regime structure  regime tables
regime                                                                                    
ALL              0.3245  0.4659  0.2671            0.7552            0.3172         0.2897
none             0.1395  0.2207  0.1273            0.5710            0.1287         0.1203
s1               0.3471  0.5188  0.2647            0.8197            0.3184         0.2829
s23              0.6028  0.7494  0.5498            0.8762            0.6814         0.6468
  parents [ALL]: ["y@t", "throughput_2@t", "throughput_2@t-1", "buffer_size_3@t"] | ["y@t", "throughput_2@t", "throughput_2@t-1", "data_quality_1@t+h"]
  parents [none]: ["y@t", "throughput_1@t-1", "cores_2@t+h", "throughput_2@t"] | ["y@t", "throughput_2@t", "throughput_2@t-1", "buffer_size_2@t"] | ["y@t", "throughput_2@t", "throughput_2@t-1", "buffer_size_3@t"] | ["y@t", "throughput_2@t", "throughput_2@t-1", "data_quality_3@t+h"] | ["y@t", "throughput_2@t-1", "throughput_2@t", "throughput_1@t-1"]
  parents [s1]: ["y@t", "avg_p_latency_1@t", "throughput_2@t", "data_quality_1@t+h"] | ["y@t", "buffer_size_3@t-1", "throughput_2@t", "throughput_2@t-1"] | ["y@t", "throughput_2@t", "throughput_2@t-1", "buffer_size_3@t"] | ["y@t", "throughput_2@t", "throughput_2@t-1", "y@t-1"] | ["y@t", "y@t-1", "throughput_1@t-1", "data_quality_3@t"]
  parents [s23]: ["y@t", "avg_p_latency_2@t-1", "buffer_size_3@t", "throughput_2@t-1"] | ["y@t", "buffer_size_3@t", "throughput_2@t", "cores_2@t"] | ["y@t", "throughput_2@t", "buffer_size_3@t", "cores_2@t+h"] | ["y@t", "throughput_2@t", "cores_2@t+h", "buffer_size_3@t"] | ["y@t", "throughput_2@t", "throughput_2@t-1", "throughput_1@t-1"]
               auc_dbn_surprise  auc_ar_surprise  surprise_known  surprise_novel
unseen_regime                                                                   
none                      0.651            0.526           0.346           0.573
s1                        0.769            0.724           0.317           0.820
s23                       0.852            0.778           0.263           0.864

=== 20260316_105011_seed783122 | regimes by load ===
variant  +regime parent      ar  global  leave-regime-out  regime structure  regime tables
regime                                                                                    
ALL              0.9163  0.8723  0.9202            0.9202            0.9202         0.9202
mid              0.9163  0.8723  0.9202            0.9202            0.9202         0.9202
variant  +regime parent      ar  global  leave-regime-out  regime structure  regime tables
regime                                                                                    
ALL              0.2818  0.4659  0.2671            0.2671            0.2671         0.2671
mid              0.2818  0.4659  0.2671            0.2671            0.2671         0.2671
  parents [ALL]: ["y@t", "throughput_2@t", "throughput_2@t-1", "buffer_size_3@t"] | ["y@t", "throughput_2@t", "throughput_2@t-1", "data_quality_1@t+h"]
  parents [mid]: ["y@t", "throughput_2@t", "throughput_2@t-1", "buffer_size_3@t"] | ["y@t", "throughput_2@t", "throughput_2@t-1", "data_quality_1@t+h"]
[adaptation] regime none done
[adaptation] regime s1 done
[adaptation] regime s23 done

=== 20260316_105011_seed783122 | accuracy on the new regime, by runs of it seen so far ===
bucket                   0    1-5   6-10  11-20  21-40    >40
regime variant                                               
none   informed      0.992  0.992  0.964  0.987  0.977  0.985
       restructured  0.989  0.989  0.954  0.971  0.974  0.980
       static        0.989  0.989  0.933  0.976  0.966  0.965
       updated       0.989  0.989  0.933  0.979  0.970  0.971
s1     informed      0.980  0.965  0.946  0.889  0.950  0.931
       restructured  0.964  0.700  0.920  0.840  0.923  0.912
       static        0.964  0.700  0.894  0.761  0.896  0.717
       updated       0.964  0.700  0.895  0.815  0.909  0.879
s23    informed      0.932  0.809  0.848  0.795  0.850    NaN
       restructured  0.920  0.808  0.783  0.739  0.841    NaN
       static        0.920  0.808  0.759  0.747  0.832    NaN
       updated       0.920  0.808  0.857  0.801  0.837    NaN
[detection] throughput_3 done
[detection] throughput_2 done
[detection] throughput_1 done
[detection] avg_p_latency_1 done
[detection] avg_p_latency_2 done
[detection] avg_p_latency_3 done
[detection] buffer_size_2 done
[detection] buffer_size_3 done

=== 20260316_105011_seed783122 | CUSUM on per-second miscalibration: unseen regime ===
                           false_alarm_runs  detected_runs  median_seconds_to_alarm
unseen_regime nodes                                                                
none          all nodes                0.01           0.37                   166.40
              service 1                0.04           0.02                     1.00
              service 2                0.05           0.32                   165.00
              service 3                0.02           0.45                   176.40
              target only              0.06           0.34                   205.90
              throughputs              0.02           0.35                   218.67
s1            all nodes                0.10           0.96                    21.00
              service 1                0.09           1.00                     2.80
              service 2                0.04           0.34                    95.90
              service 3                0.10           0.41                   116.40
              target only              0.10           0.42                    69.20
              throughputs              0.11           0.92                    14.80
s23           all nodes                0.04           0.21                   129.12
              service 1                0.04           0.06                   181.00
              service 2                0.02           0.11                   139.17
              service 3                0.04           0.12                   133.50
              target only              0.05           0.26                   189.12
              throughputs              0.07           0.24                    97.00

=== 20260316_105011_seed783122 | run-level AUC for an unseen regime ===
              auc_surprise                                                       auc_miscalibration                                                      
nodes            all nodes service 1 service 2 service 3 target only throughputs          all nodes service 1 service 2 service 3 target only throughputs
unseen_regime                                                                                                                                            
none                 0.306     0.253     0.327     0.426       0.653       0.475              0.818     0.655     0.751     0.862       0.838       0.815
s1                   0.999     1.000     0.932     0.858       0.783       0.997              0.988     0.999     0.801     0.819       0.847       0.979
s23                  0.689     0.413     0.657     0.789       0.851       0.769              0.732     0.603     0.730     0.691       0.800       0.835

=== 20260316_105011_seed783122 | step-level detection of unannounced reconfigurations ===
               auc  caught_at_1pct_false_alarms  realised_false_alarms
score                                                                 
all nodes    0.987                        0.940                  0.008
service 1    0.939                        0.906                  0.018
service 2    0.972                        0.868                  0.007
service 3    0.965                        0.898                  0.010
target only  0.877                        0.762                  0.013
throughputs  0.913                        0.868                  0.008
[fold 1] test rows 1128, of which unseen configuration: 99%
[fold 2] test rows 1116, of which unseen configuration: 97%
[fold 3] test rows 1116, of which unseen configuration: 95%
[fold 4] test rows 1128, of which unseen configuration: 82%
[fold 5] test rows 1116, of which unseen configuration: 88%

== all test rows ==
target                          throughput_1                throughput_2                throughput_3                
                                         acc logloss    mae          acc logloss    mae          acc logloss     mae
model                                                                                                               
boosting (capacities)                  0.989     NaN  0.490        0.781     NaN 15.633        0.737     NaN  21.954
boosting (cores, quality)              0.931     NaN  1.699        0.655     NaN 19.435        0.652     NaN  24.036
capacity chain                         0.877   0.349  7.195        0.741   1.104 41.305        0.711   1.134  57.882
capacity chain, noisy-min prior        0.897   0.267  5.067        0.804   1.269 20.941        0.777   1.075  27.380
min rule                               0.907     NaN  1.606        0.766     NaN 13.203        0.716     NaN  17.534
table chain                            0.905   0.301 16.177        0.677   1.473 79.834        0.548   1.765 105.987

== unseen configurations only ==
target                          throughput_1                throughput_2                throughput_3                
                                         acc logloss    mae          acc logloss    mae          acc logloss     mae
model                                                                                                               
boosting (capacities)                  0.988     NaN  0.522        0.771     NaN 15.946        0.726     NaN  22.560
boosting (cores, quality)              0.925     NaN  1.832        0.634     NaN 20.064        0.638     NaN  24.767
capacity chain                         0.867   0.374  7.603        0.730   1.134 42.951        0.700   1.173  60.109
capacity chain, noisy-min prior        0.888   0.285  5.295        0.798   1.262 21.074        0.772   1.118  27.470
min rule                               0.900     NaN  1.691        0.773     NaN 12.984        0.722     NaN  17.401
table chain                            0.897   0.325 17.370        0.658   1.543 84.951        0.521   1.851 112.674
 fold  rate_dq100  rate_dq200  rate_dq300  rate_dq400  rate_dq500  rate_dq600  rate_dq700  rate_dq800  rate_dq900  rate_dq1000  loglog_slope
    1       386.7       386.7       197.3       111.6        72.2        53.0        44.0        34.3        28.9         25.4          -1.4
    2       386.7       386.7       199.3       111.6        77.6        53.0        45.3        34.3        28.9         25.4          -1.4
    3       452.4       386.7       199.3       111.6        77.6        53.0        45.3        34.3        28.9         25.4          -1.4
    4       452.4       386.7       199.3       111.6        77.6        53.0        45.3        34.3        28.9         25.4          -1.4
    5       452.4       386.7       200.0       114.9        77.6        53.0        45.3        34.3        28.9         25.4          -1.4
[1/23] ar_order=2,other_lags=2  (4s)
    model acc=0.9121 ll=0.3276 mae=8.98 acc@change=0.501 | AR acc=0.8657 ll=0.5162 mae=9.90 | persistence acc=0.8700
[2/23] ar_order=2,level=True,other_lags=2  (5s)
    model acc=0.9081 ll=0.3345 mae=8.74 acc@change=0.449 | AR acc=0.8657 ll=0.5162 mae=9.90 | persistence acc=0.8700
[3/23] ar_order=2,forced=('y@t', 'level_throughput_3@t'),level=True,other_lags=2  (2s)
    model acc=0.9003 ll=0.3400 mae=8.78 acc@change=0.428 | AR acc=0.8657 ll=0.5162 mae=9.90 | persistence acc=0.8700
[4/23] ar_order=2,horizon=5,other_lags=2  (3s)
    model acc=0.8614 ll=0.4859 mae=10.89 acc@change=0.222 | AR acc=0.8517 ll=0.5828 mae=11.41 | persistence acc=0.8558
[5/23] ar_order=2,horizon=5,level=True,other_lags=2  (3s)
    model acc=0.8643 ll=0.4765 mae=10.34 acc@change=0.244 | AR acc=0.8517 ll=0.5828 mae=11.41 | persistence acc=0.8558
[6/23] ar_order=2,forced=('y@t', 'level_throughput_3@t'),horizon=5,level=True,other_lags=2  (2s)
    model acc=0.8665 ll=0.4715 mae=10.46 acc@change=0.251 | AR acc=0.8517 ll=0.5828 mae=11.41 | persistence acc=0.8558
[7/23] ar_order=2,horizon=10,other_lags=2  (3s)
    model acc=0.8601 ll=0.5234 mae=12.52 acc@change=0.208 | AR acc=0.8511 ll=0.6133 mae=12.75 | persistence acc=0.8511
[8/23] ar_order=2,horizon=10,level=True,other_lags=2  (3s)
    model acc=0.8658 ll=0.5202 mae=12.09 acc@change=0.206 | AR acc=0.8511 ll=0.6133 mae=12.75 | persistence acc=0.8511
[9/23] ar_order=2,forced=('y@t', 'level_throughput_3@t'),horizon=10,level=True,other_lags=2  (2s)
    model acc=0.8668 ll=0.5142 mae=12.24 acc@change=0.214 | AR acc=0.8511 ll=0.6133 mae=12.75 | persistence acc=0.8511
[10/23] ar_order=2,n_bins=50,other_lags=2  (4s)
    model acc=0.8539 ll=0.5405 mae=6.21 acc@change=0.509 | AR acc=0.7704 ll=0.8091 mae=7.07 | persistence acc=0.7935
[11/23] ar_order=2,level=True,n_bins=50,other_lags=2  (4s)
    model acc=0.8539 ll=0.5405 mae=6.21 acc@change=0.509 | AR acc=0.7704 ll=0.8091 mae=7.07 | persistence acc=0.7935
[12/23] ar_order=2,forced=('y@t', 'level_throughput_3@t'),level=True,n_bins=50,other_lags=2  (3s)
    model acc=0.8462 ll=0.5642 mae=6.28 acc@change=0.470 | AR acc=0.7704 ll=0.8091 mae=7.07 | persistence acc=0.7935
[13/23] ar_order=2,horizon=5,n_bins=50,other_lags=2  (4s)
    model acc=0.7564 ll=0.8415 mae=8.64 acc@change=0.205 | AR acc=0.7506 ll=0.8980 mae=8.61 | persistence acc=0.7788
[14/23] ar_order=2,horizon=5,level=True,n_bins=50,other_lags=2  (4s)
    model acc=0.7703 ll=0.8176 mae=8.28 acc@change=0.239 | AR acc=0.7506 ll=0.8980 mae=8.61 | persistence acc=0.7788
[15/23] ar_order=2,forced=('y@t', 'level_throughput_3@t'),horizon=5,level=True,n_bins=50,other_lags=2  (3s)
    model acc=0.7700 ll=0.8165 mae=8.30 acc@change=0.251 | AR acc=0.7506 ll=0.8980 mae=8.61 | persistence acc=0.7788
[16/23] ar_order=2,horizon=10,n_bins=50,other_lags=2  (4s)
    model acc=0.7588 ll=0.8913 mae=10.16 acc@change=0.208 | AR acc=0.7500 ll=0.9443 mae=10.09 | persistence acc=0.7719
[17/23] ar_order=2,horizon=10,level=True,n_bins=50,other_lags=2  (4s)
    model acc=0.7682 ll=0.8706 mae=10.06 acc@change=0.227 | AR acc=0.7500 ll=0.9443 mae=10.09 | persistence acc=0.7719
[18/23] ar_order=2,forced=('y@t', 'level_throughput_3@t'),horizon=10,level=True,n_bins=50,other_lags=2  (3s)
    model acc=0.7695 ll=0.8658 mae=10.11 acc@change=0.242 | AR acc=0.7500 ll=0.9443 mae=10.09 | persistence acc=0.7719
[19/23] ar_order=2,dynotears_lambda=0.002,engine=dynotears,other_lags=2  (1s)
    model acc=0.8654 ll=0.4519 mae=9.08 acc@change=0.179 | AR acc=0.8657 ll=0.5162 mae=9.90 | persistence acc=0.8700
[20/23] ar_order=2,dynotears_lambda=0.005,engine=dynotears,other_lags=2  (1s)
    model acc=0.8717 ll=0.4573 mae=9.08 acc@change=0.160 | AR acc=0.8657 ll=0.5162 mae=9.90 | persistence acc=0.8700
[21/23] ar_order=2,engine=dynotears,other_lags=2  (1s)
    model acc=0.8744 ll=0.4371 mae=8.84 acc@change=0.198 | AR acc=0.8657 ll=0.5162 mae=9.90 | persistence acc=0.8700
[22/23] ar_order=2,dynotears_lambda=0.05,engine=dynotears,other_lags=2  (1s)
    model acc=0.8744 ll=0.4371 mae=8.84 acc@change=0.198 | AR acc=0.8657 ll=0.5162 mae=9.90 | persistence acc=0.8700
[23/23] ar_order=2,dynotears_lambda=0.1,engine=dynotears,other_lags=2  (1s)
    model acc=0.8744 ll=0.4371 mae=8.84 acc@change=0.198 | AR acc=0.8657 ll=0.5162 mae=9.90 | persistence acc=0.8700

Saved /home/nero/Downloads/dbn_model_construction/results/ablation/extras_20260319_094316_seed783122_run20261008_172046_ga05edf8_folds.csv
Saved /home/nero/Downloads/dbn_model_construction/results/ablation/extras_20260319_094316_seed783122_run20261008_172046_ga05edf8_runs.csv.gz
[1/19] ar_order=2,capacity=True,numeric=True,on_change=capchain,other_lags=2,pool=local,target=throughput_1  (3s)
    model acc=0.9495 ll=0.1749 mae=6.11 acc@change=0.221 | AR acc=0.9437 ll=0.2569 mae=6.74 | persistence acc=0.9437
[2/19] ar_order=2,capacity=True,n_bins=50,numeric=True,on_change=capchain,other_lags=2,pool=local,target=throughput_1  (2s)
    model acc=0.8333 ll=0.5701 mae=5.87 acc@change=0.314 | AR acc=0.8151 ll=0.7020 mae=6.55 | persistence acc=0.8489
[3/19] ar_order=2,capacity=True,numeric=True,on_change=capchain,other_lags=2,pool=local,target=throughput_2  (3s)
    model acc=0.8862 ll=0.3747 mae=8.45 acc@change=0.222 | AR acc=0.8779 ll=0.4737 mae=9.35 | persistence acc=0.8825
[4/19] ar_order=2,capacity=True,n_bins=50,numeric=True,on_change=capchain,other_lags=2,pool=local,target=throughput_2  (4s)
    model acc=0.8299 ll=0.6052 mae=5.57 acc@change=0.290 | AR acc=0.7842 ll=0.7723 mae=6.34 | persistence acc=0.8080
[5/19] ar_order=2,capacity=True,numeric=True,on_change=capchain,other_lags=2,pool=local  (3s)
    model acc=0.9163 ll=0.2993 mae=8.64 acc@change=0.551 | AR acc=0.8657 ll=0.5162 mae=9.90 | persistence acc=0.8700
[6/19] ar_order=2,capacity=True,n_bins=50,numeric=True,on_change=capchain,other_lags=2,pool=local  (6s)
    model acc=0.8551 ll=0.5178 mae=5.95 acc@change=0.515 | AR acc=0.7704 ll=0.8091 mae=7.07 | persistence acc=0.7935
[7/19] ar_order=2,capacity=True,numeric=True,on_change=capchain,other_lags=2,pool=local,target=avg_p_latency_1  (3s)
    model acc=0.8459 ll=0.4004 mae=0.65 acc@change=0.292 | AR acc=0.8262 ll=0.5196 mae=0.77 | persistence acc=0.8308
[8/19] ar_order=2,capacity=True,n_bins=50,numeric=True,on_change=capchain,other_lags=2,pool=local,target=avg_p_latency_1  (2s)
    model acc=0.6709 ll=0.8438 mae=0.45 acc@change=0.271 | AR acc=0.6446 ll=0.9498 mae=0.50 | persistence acc=0.6556
[9/19] ar_order=2,capacity=True,numeric=True,on_change=capchain,other_lags=2,pool=local,target=avg_p_latency_2  (3s)
    model acc=0.8839 ll=0.3326 mae=0.54 acc@change=0.194 | AR acc=0.8793 ll=0.4566 mae=0.64 | persistence acc=0.8784
[10/19] ar_order=2,capacity=True,n_bins=50,numeric=True,on_change=capchain,other_lags=2,pool=local,target=avg_p_latency_2  (2s)
    model acc=0.7658 ll=0.6588 mae=0.40 acc@change=0.222 | AR acc=0.7514 ll=0.7715 mae=0.43 | persistence acc=0.7535
[11/19] ar_order=2,capacity=True,numeric=True,on_change=capchain,other_lags=2,pool=local,target=avg_p_latency_3  (3s)
    model acc=0.9017 ll=0.3248 mae=0.50 acc@change=0.270 | AR acc=0.8895 ll=0.4244 mae=0.57 | persistence acc=0.8941
[12/19] ar_order=2,capacity=True,n_bins=50,numeric=True,on_change=capchain,other_lags=2,pool=local,target=avg_p_latency_3  (2s)
    model acc=0.8270 ll=0.5547 mae=0.36 acc@change=0.281 | AR acc=0.8024 ll=0.6553 mae=0.40 | persistence acc=0.8069
[13/19] ar_order=2,capacity=True,disc=quantile,numeric=True,on_change=capchain,other_lags=2,pool=local,target=buffer_size_2  (3s)
    model acc=0.9279 ll=0.2756 mae=3209.42 acc@change=0.155 | AR acc=0.9240 ll=0.3557 mae=3212.43 | persistence acc=0.9240
[14/19] ar_order=2,capacity=True,disc=quantile,n_bins=50,numeric=True,on_change=capchain,other_lags=2,pool=local,target=buffer_size_2  (2s)
    model acc=0.8737 ll=0.4677 mae=2214.93 acc@change=0.188 | AR acc=0.8611 ll=0.5510 mae=2215.82 | persistence acc=0.8616
[15/19] ar_order=2,capacity=True,disc=quantile,numeric=True,on_change=capchain,other_lags=2,pool=local,target=buffer_size_3  (3s)
    model acc=0.8889 ll=0.3952 mae=1430.43 acc@change=0.199 | AR acc=0.8779 ll=0.5120 mae=1434.34 | persistence acc=0.8779
[16/19] ar_order=2,capacity=True,disc=quantile,n_bins=50,numeric=True,on_change=capchain,other_lags=2,pool=local,target=buffer_size_3  (2s)
    model acc=0.7860 ll=0.6870 mae=702.85 acc@change=0.251 | AR acc=0.7566 ll=0.8290 mae=703.27 | persistence acc=0.7566
[17/19] ar_order=2,capacity=True,granularity=30,n_bins=4,numeric=True,on_change=capchain,other_lags=2,pool=local  (2s)
    model acc=0.9469 ll=0.2112 mae=35.28 acc@change=0.450 | AR acc=0.9103 ll=0.3831 mae=44.50 | persistence acc=0.9103
[18/19] ar_order=2,capacity=True,granularity=30,n_bins=10,numeric=True,on_change=capchain,other_lags=2,pool=local  (0s)
    model acc=0.9109 ll=0.4384 mae=22.67 acc@change=0.338 | AR acc=0.8709 ll=0.6523 mae=32.04 | persistence acc=0.8709
[19/19] ar_order=2,capacity=True,granularity=30,numeric=True,on_change=capchain,other_lags=2,pool=local  (0s)
    model acc=0.8675 ll=0.7447 mae=21.77 acc@change=0.305 | AR acc=0.8255 ll=0.9849 mae=30.86 | persistence acc=0.8371

Saved /home/nero/Downloads/dbn_model_construction/results/ablation/recommended_20260319_094316_seed783122_run20261008_172153_ga05edf8_folds.csv
Saved /home/nero/Downloads/dbn_model_construction/results/ablation/recommended_20260319_094316_seed783122_run20261008_172153_ga05edf8_runs.csv.gz
[1/28] ar_order=2,n_bins=4,on_change=chain,other_lags=2  (3s)
    model acc=0.9908 ll=0.0442 mae=28.54 acc@change=0.239 | AR acc=0.9886 ll=0.0724 mae=29.00 | persistence acc=0.9886
[2/28] ar_order=2,capacity=True,n_bins=4,on_change=chain,other_lags=2  (3s)
    model acc=0.9909 ll=0.0438 mae=28.46 acc@change=0.245 | AR acc=0.9886 ll=0.0724 mae=29.00 | persistence acc=0.9886
[3/28] ar_order=2,capacity=True,n_bins=4,on_change=capchain,other_lags=2  (2s)
    model acc=0.9912 ll=0.0425 mae=28.40 acc@change=0.260 | AR acc=0.9886 ll=0.0724 mae=29.00 | persistence acc=0.9886
[4/28] ar_order=2,capacity=True,n_bins=4,on_change=capchain,other_lags=2,pool=local  (1s)
    model acc=0.9914 ll=0.0370 mae=28.56 acc@change=0.303 | AR acc=0.9886 ll=0.0724 mae=29.00 | persistence acc=0.9886
[5/28] ar_order=2,n_bins=10,on_change=chain,other_lags=2  (3s)
    model acc=0.9352 ll=0.2358 mae=12.88 acc@change=0.386 | AR acc=0.9169 ll=0.3707 mae=13.83 | persistence acc=0.9169
[6/28] ar_order=2,capacity=True,n_bins=10,on_change=chain,other_lags=2  (3s)
    model acc=0.9356 ll=0.2416 mae=12.91 acc@change=0.363 | AR acc=0.9169 ll=0.3707 mae=13.83 | persistence acc=0.9169
[7/28] ar_order=2,capacity=True,n_bins=10,on_change=capchain,other_lags=2  (3s)
    model acc=0.9361 ll=0.2399 mae=12.80 acc@change=0.368 | AR acc=0.9169 ll=0.3707 mae=13.83 | persistence acc=0.9169
[8/28] ar_order=2,capacity=True,n_bins=10,on_change=capchain,other_lags=2,pool=local  (1s)
    model acc=0.9399 ll=0.2255 mae=12.61 acc@change=0.443 | AR acc=0.9169 ll=0.3707 mae=13.83 | persistence acc=0.9169
[9/28] ar_order=2,on_change=chain,other_lags=2  (4s)
    model acc=0.9125 ll=0.3127 mae=8.90 acc@change=0.507 | AR acc=0.8657 ll=0.5162 mae=9.90 | persistence acc=0.8700
[10/28] ar_order=2,capacity=True,on_change=chain,other_lags=2  (5s)
    model acc=0.9125 ll=0.3127 mae=8.90 acc@change=0.507 | AR acc=0.8657 ll=0.5162 mae=9.90 | persistence acc=0.8700
[11/28] ar_order=2,capacity=True,on_change=capchain,other_lags=2  (5s)
    model acc=0.9132 ll=0.3111 mae=8.74 acc@change=0.510 | AR acc=0.8657 ll=0.5162 mae=9.90 | persistence acc=0.8700
[12/28] ar_order=2,capacity=True,on_change=capchain,other_lags=2,pool=local  (3s)
    model acc=0.9163 ll=0.2993 mae=8.64 acc@change=0.551 | AR acc=0.8657 ll=0.5162 mae=9.90 | persistence acc=0.8700
[13/28] ar_order=2,granularity=30,n_bins=4,on_change=chain,other_lags=2  (2s)
    model acc=0.9377 ll=0.2398 mae=38.08 acc@change=0.401 | AR acc=0.9103 ll=0.3831 mae=44.50 | persistence acc=0.9103
[14/28] ar_order=2,capacity=True,granularity=30,n_bins=4,on_change=chain,other_lags=2  (2s)
    model acc=0.9373 ll=0.2286 mae=37.76 acc@change=0.419 | AR acc=0.9103 ll=0.3831 mae=44.50 | persistence acc=0.9103
[15/28] ar_order=2,capacity=True,granularity=30,n_bins=4,on_change=capchain,other_lags=2  (0s)
    model acc=0.9465 ll=0.1895 mae=35.16 acc@change=0.468 | AR acc=0.9103 ll=0.3831 mae=44.50 | persistence acc=0.9103
[16/28] ar_order=2,capacity=True,granularity=30,n_bins=4,on_change=capchain,other_lags=2,pool=local  (0s)
    model acc=0.9469 ll=0.2112 mae=35.28 acc@change=0.450 | AR acc=0.9103 ll=0.3831 mae=44.50 | persistence acc=0.9103
[17/28] ar_order=2,granularity=30,n_bins=10,on_change=chain,other_lags=2  (0s)
    model acc=0.9000 ll=0.4451 mae=26.49 acc@change=0.302 | AR acc=0.8709 ll=0.6523 mae=32.04 | persistence acc=0.8709
[18/28] ar_order=2,capacity=True,granularity=30,n_bins=10,on_change=chain,other_lags=2  (0s)
    model acc=0.9005 ll=0.4474 mae=26.82 acc@change=0.305 | AR acc=0.8709 ll=0.6523 mae=32.04 | persistence acc=0.8709
[19/28] ar_order=2,capacity=True,granularity=30,n_bins=10,on_change=capchain,other_lags=2  (0s)
    model acc=0.9113 ll=0.4228 mae=22.52 acc@change=0.342 | AR acc=0.8709 ll=0.6523 mae=32.04 | persistence acc=0.8709
[20/28] ar_order=2,capacity=True,granularity=30,n_bins=10,on_change=capchain,other_lags=2,pool=local  (0s)
    model acc=0.9109 ll=0.4384 mae=22.67 acc@change=0.338 | AR acc=0.8709 ll=0.6523 mae=32.04 | persistence acc=0.8709
[21/28] ar_order=2,granularity=30,on_change=chain,other_lags=2  (0s)
    model acc=0.8489 ll=0.7361 mae=25.56 acc@change=0.217 | AR acc=0.8255 ll=0.9849 mae=30.86 | persistence acc=0.8371
[22/28] ar_order=2,capacity=True,granularity=30,on_change=chain,other_lags=2  (0s)
    model acc=0.8487 ll=0.7410 mae=26.16 acc@change=0.215 | AR acc=0.8255 ll=0.9849 mae=30.86 | persistence acc=0.8371
[23/28] ar_order=2,capacity=True,granularity=30,on_change=capchain,other_lags=2  (0s)
    model acc=0.8690 ll=0.7027 mae=19.40 acc@change=0.304 | AR acc=0.8255 ll=0.9849 mae=30.86 | persistence acc=0.8371
[24/28] ar_order=2,capacity=True,granularity=30,on_change=capchain,other_lags=2,pool=local  (0s)
    model acc=0.8675 ll=0.7447 mae=21.77 acc@change=0.305 | AR acc=0.8255 ll=0.9849 mae=30.86 | persistence acc=0.8371
[25/28] ar_order=2,on_change=chain,other_lags=2,target=throughput_1  (5s)
    model acc=0.9433 ll=0.1882 mae=6.22 acc@change=0.215 | AR acc=0.9437 ll=0.2569 mae=6.74 | persistence acc=0.9437
[26/28] ar_order=2,capacity=True,on_change=capchain,other_lags=2,target=throughput_1  (6s)
    model acc=0.9495 ll=0.1749 mae=6.11 acc@change=0.221 | AR acc=0.9437 ll=0.2569 mae=6.74 | persistence acc=0.9437
[27/28] ar_order=2,on_change=chain,other_lags=2,target=throughput_2  (5s)
    model acc=0.8866 ll=0.3625 mae=8.12 acc@change=0.228 | AR acc=0.8779 ll=0.4737 mae=9.35 | persistence acc=0.8825
[28/28] ar_order=2,capacity=True,on_change=capchain,other_lags=2,target=throughput_2  (6s)
    model acc=0.8855 ll=0.3745 mae=8.26 acc@change=0.213 | AR acc=0.8779 ll=0.4737 mae=9.35 | persistence acc=0.8825

Saved /home/nero/Downloads/dbn_model_construction/results/ablation/capacity_20260319_094316_seed783122_run20261008_172244_ga05edf8_folds.csv
Saved /home/nero/Downloads/dbn_model_construction/results/ablation/capacity_20260319_094316_seed783122_run20261008_172244_ga05edf8_runs.csv.gz
[1/48] n_bins=10,target=throughput_1  (3s)
    model acc=0.9775 ll=0.1107 mae=12.58 acc@change=0.231 | AR acc=0.9751 ll=0.1428 mae=13.02 | persistence acc=0.9751
[2/48] ar_order=2,n_bins=10,on_change=chain,other_lags=2,target=throughput_1  (2s)
    model acc=0.9793 ll=0.0923 mae=12.31 acc@change=0.338 | AR acc=0.9751 ll=0.1428 mae=13.02 | persistence acc=0.9751
[3/48] engine=hc-bic,n_bins=10,prior=bdeu,target=throughput_1  (1s)
    model acc=0.9738 ll=0.1448 mae=13.08 acc@change=0.092 | AR acc=0.9751 ll=0.1428 mae=13.02 | persistence acc=0.9751
[4/48] target=throughput_1  (2s)
    model acc=0.9407 ll=0.2169 mae=6.41 acc@change=0.166 | AR acc=0.9437 ll=0.2569 mae=6.74 | persistence acc=0.9437
[5/48] ar_order=2,on_change=chain,other_lags=2,target=throughput_1  (3s)
    model acc=0.9433 ll=0.1882 mae=6.22 acc@change=0.215 | AR acc=0.9437 ll=0.2569 mae=6.74 | persistence acc=0.9437
[6/48] engine=hc-bic,prior=bdeu,target=throughput_1  (0s)
    model acc=0.9437 ll=0.2569 mae=6.74 acc@change=0.000 | AR acc=0.9437 ll=0.2569 mae=6.74 | persistence acc=0.9437
[7/48] n_bins=10,target=throughput_2  (3s)
    model acc=0.9308 ll=0.2541 mae=12.95 acc@change=0.182 | AR acc=0.9321 ll=0.3127 mae=13.57 | persistence acc=0.9321
[8/48] ar_order=2,n_bins=10,on_change=chain,other_lags=2,target=throughput_2  (2s)
    model acc=0.9393 ll=0.2178 mae=12.24 acc@change=0.244 | AR acc=0.9321 ll=0.3127 mae=13.57 | persistence acc=0.9321
[9/48] engine=hc-bic,n_bins=10,prior=bdeu,target=throughput_2  (1s)
    model acc=0.8876 ll=0.4344 mae=18.67 acc@change=0.093 | AR acc=0.9321 ll=0.3127 mae=13.57 | persistence acc=0.9321
[10/48] target=throughput_2  (2s)
    model acc=0.8875 ll=0.3827 mae=8.71 acc@change=0.195 | AR acc=0.8779 ll=0.4737 mae=9.35 | persistence acc=0.8825
[11/48] ar_order=2,on_change=chain,other_lags=2,target=throughput_2  (4s)
    model acc=0.8866 ll=0.3625 mae=8.12 acc@change=0.228 | AR acc=0.8779 ll=0.4737 mae=9.35 | persistence acc=0.8825
[12/48] engine=hc-bic,prior=bdeu,target=throughput_2  (1s)
    model acc=0.8766 ll=0.4714 mae=9.80 acc@change=0.040 | AR acc=0.8779 ll=0.4737 mae=9.35 | persistence acc=0.8825
[13/48] n_bins=10  (3s)
    model acc=0.9281 ll=0.2755 mae=13.04 acc@change=0.312 | AR acc=0.9169 ll=0.3707 mae=13.83 | persistence acc=0.9169
[14/48] ar_order=2,n_bins=10,on_change=chain,other_lags=2  (2s)
    model acc=0.9352 ll=0.2358 mae=12.88 acc@change=0.386 | AR acc=0.9169 ll=0.3707 mae=13.83 | persistence acc=0.9169
[15/48] engine=hc-bic,n_bins=10,prior=bdeu  (1s)
    model acc=0.8972 ll=0.4146 mae=15.71 acc@change=0.141 | AR acc=0.9169 ll=0.3707 mae=13.83 | persistence acc=0.9169
[16/48] ref  (2s)
    model acc=0.8992 ll=0.3711 mae=8.86 acc@change=0.359 | AR acc=0.8657 ll=0.5162 mae=9.90 | persistence acc=0.8700
[17/48] ar_order=2,on_change=chain,other_lags=2  (4s)
    model acc=0.9125 ll=0.3127 mae=8.90 acc@change=0.507 | AR acc=0.8657 ll=0.5162 mae=9.90 | persistence acc=0.8700
[18/48] engine=hc-bic,prior=bdeu  (1s)
    model acc=0.8636 ll=0.5224 mae=10.01 acc@change=0.035 | AR acc=0.8657 ll=0.5162 mae=9.90 | persistence acc=0.8700
[19/48] n_bins=10,target=avg_p_latency_1  (3s)
    model acc=0.9134 ll=0.2178 mae=0.99 acc@change=0.350 | AR acc=0.9084 ll=0.3490 mae=1.25 | persistence acc=0.9084
[20/48] ar_order=2,n_bins=10,on_change=chain,other_lags=2,target=avg_p_latency_1  (2s)
    model acc=0.9201 ll=0.2098 mae=0.98 acc@change=0.319 | AR acc=0.9084 ll=0.3490 mae=1.25 | persistence acc=0.9084
[21/48] engine=hc-bic,n_bins=10,prior=bdeu,target=avg_p_latency_1  (1s)
    model acc=0.8625 ll=0.4484 mae=1.76 acc@change=0.097 | AR acc=0.9084 ll=0.3490 mae=1.25 | persistence acc=0.9084
[22/48] target=avg_p_latency_1  (2s)
    model acc=0.8402 ll=0.4128 mae=0.66 acc@change=0.289 | AR acc=0.8262 ll=0.5196 mae=0.77 | persistence acc=0.8308
[23/48] ar_order=2,on_change=chain,other_lags=2,target=avg_p_latency_1  (3s)
    model acc=0.8452 ll=0.4018 mae=0.65 acc@change=0.289 | AR acc=0.8262 ll=0.5196 mae=0.77 | persistence acc=0.8308
[24/48] engine=hc-bic,prior=bdeu,target=avg_p_latency_1  (1s)
    model acc=0.8235 ll=0.5148 mae=0.78 acc@change=0.183 | AR acc=0.8262 ll=0.5196 mae=0.77 | persistence acc=0.8308
[25/48] n_bins=10,target=avg_p_latency_2  (3s)
    model acc=0.9526 ll=0.1619 mae=0.97 acc@change=0.150 | AR acc=0.9501 ll=0.2203 mae=1.05 | persistence acc=0.9504
[26/48] ar_order=2,n_bins=10,on_change=chain,other_lags=2,target=avg_p_latency_2  (2s)
    model acc=0.9525 ll=0.1516 mae=0.95 acc@change=0.185 | AR acc=0.9501 ll=0.2203 mae=1.05 | persistence acc=0.9504
[27/48] engine=hc-bic,n_bins=10,prior=bdeu,target=avg_p_latency_2  (1s)
    model acc=0.9429 ll=0.2372 mae=1.12 acc@change=0.122 | AR acc=0.9501 ll=0.2203 mae=1.05 | persistence acc=0.9504
[28/48] target=avg_p_latency_2  (2s)
    model acc=0.8754 ll=0.3770 mae=0.56 acc@change=0.137 | AR acc=0.8793 ll=0.4566 mae=0.64 | persistence acc=0.8784
[29/48] ar_order=2,on_change=chain,other_lags=2,target=avg_p_latency_2  (3s)
    model acc=0.8841 ll=0.3414 mae=0.55 acc@change=0.175 | AR acc=0.8793 ll=0.4566 mae=0.64 | persistence acc=0.8784
[30/48] engine=hc-bic,prior=bdeu,target=avg_p_latency_2  (0s)
    model acc=0.8793 ll=0.4566 mae=0.64 acc@change=0.013 | AR acc=0.8793 ll=0.4566 mae=0.64 | persistence acc=0.8784
[31/48] n_bins=10,target=avg_p_latency_3  (2s)
    model acc=0.9451 ll=0.1974 mae=0.80 acc@change=0.119 | AR acc=0.9434 ll=0.2408 mae=0.86 | persistence acc=0.9468
[32/48] ar_order=2,n_bins=10,on_change=chain,other_lags=2,target=avg_p_latency_3  (2s)
    model acc=0.9541 ll=0.1627 mae=0.77 acc@change=0.270 | AR acc=0.9434 ll=0.2408 mae=0.86 | persistence acc=0.9468
[33/48] engine=hc-bic,n_bins=10,prior=bdeu,target=avg_p_latency_3  (1s)
    model acc=0.9482 ll=0.1905 mae=0.78 acc@change=0.134 | AR acc=0.9434 ll=0.2408 mae=0.86 | persistence acc=0.9468
[34/48] target=avg_p_latency_3  (2s)
    model acc=0.8952 ll=0.3711 mae=0.53 acc@change=0.117 | AR acc=0.8895 ll=0.4244 mae=0.57 | persistence acc=0.8941
[35/48] ar_order=2,on_change=chain,other_lags=2,target=avg_p_latency_3  (3s)
    model acc=0.9014 ll=0.3304 mae=0.50 acc@change=0.273 | AR acc=0.8895 ll=0.4244 mae=0.57 | persistence acc=0.8941
[36/48] engine=hc-bic,prior=bdeu,target=avg_p_latency_3  (0s)
    model acc=0.8895 ll=0.4244 mae=0.57 acc@change=0.022 | AR acc=0.8895 ll=0.4244 mae=0.57 | persistence acc=0.8941
[37/48] disc=quantile,n_bins=10,target=buffer_size_2  (3s)
    model acc=0.9507 ll=0.1935 mae=4776.44 acc@change=0.120 | AR acc=0.9531 ll=0.2340 mae=4775.96 | persistence acc=0.9531
[38/48] ar_order=2,disc=quantile,n_bins=10,on_change=chain,other_lags=2,target=buffer_size_2  (2s)
    model acc=0.9514 ll=0.1872 mae=4771.75 acc@change=0.100 | AR acc=0.9531 ll=0.2340 mae=4775.96 | persistence acc=0.9531
[39/48] disc=quantile,engine=hc-bic,n_bins=10,prior=bdeu,target=buffer_size_2  (1s)
    model acc=0.9496 ll=0.2391 mae=4778.45 acc@change=0.049 | AR acc=0.9531 ll=0.2340 mae=4775.96 | persistence acc=0.9531
[40/48] disc=quantile,target=buffer_size_2  (2s)
    model acc=0.9275 ll=0.2745 mae=3212.17 acc@change=0.147 | AR acc=0.9240 ll=0.3557 mae=3212.43 | persistence acc=0.9240
[41/48] ar_order=2,disc=quantile,on_change=chain,other_lags=2,target=buffer_size_2  (3s)
    model acc=0.9300 ll=0.2704 mae=3214.62 acc@change=0.153 | AR acc=0.9240 ll=0.3557 mae=3212.43 | persistence acc=0.9240
[42/48] disc=quantile,engine=hc-bic,prior=bdeu,target=buffer_size_2  (0s)
    model acc=0.9240 ll=0.3557 mae=3212.43 acc@change=0.000 | AR acc=0.9240 ll=0.3557 mae=3212.43 | persistence acc=0.9240
[43/48] disc=quantile,n_bins=10,target=buffer_size_3  (3s)
    model acc=0.9297 ll=0.2894 mae=2462.28 acc@change=0.075 | AR acc=0.9293 ll=0.3429 mae=2469.62 | persistence acc=0.9293
[44/48] ar_order=2,disc=quantile,n_bins=10,on_change=chain,other_lags=2,target=buffer_size_3  (2s)
    model acc=0.9346 ll=0.2579 mae=2468.15 acc@change=0.141 | AR acc=0.9293 ll=0.3429 mae=2469.62 | persistence acc=0.9293
[45/48] disc=quantile,engine=hc-bic,n_bins=10,prior=bdeu,target=buffer_size_3  (1s)
    model acc=0.9147 ll=0.3511 mae=2555.11 acc@change=0.055 | AR acc=0.9293 ll=0.3429 mae=2469.62 | persistence acc=0.9293
[46/48] disc=quantile,target=buffer_size_3  (2s)
    model acc=0.8773 ll=0.4266 mae=1432.70 acc@change=0.164 | AR acc=0.8779 ll=0.5120 mae=1434.34 | persistence acc=0.8779
[47/48] ar_order=2,disc=quantile,on_change=chain,other_lags=2,target=buffer_size_3  (3s)
    model acc=0.8889 ll=0.3952 mae=1430.43 acc@change=0.199 | AR acc=0.8779 ll=0.5120 mae=1434.34 | persistence acc=0.8779
[48/48] disc=quantile,engine=hc-bic,prior=bdeu,target=buffer_size_3  (0s)
    model acc=0.8779 ll=0.5120 mae=1434.34 acc@change=0.000 | AR acc=0.8779 ll=0.5120 mae=1434.34 | persistence acc=0.8779

Saved /home/nero/Downloads/dbn_model_construction/results/ablation/targets_20260319_094316_seed783122_run20261008_172346_ga05edf8_folds.csv
Saved /home/nero/Downloads/dbn_model_construction/results/ablation/targets_20260319_094316_seed783122_run20261008_172346_ga05edf8_runs.csv.gz
[1/16] ref  (4s)
    model acc=0.8992 ll=0.3711 mae=8.86 acc@change=0.359 | AR acc=0.8657 ll=0.5162 mae=9.90 | persistence acc=0.8700
[2/16] pool=local  (1s)
    model acc=0.9048 ll=0.3583 mae=8.59 acc@change=0.427 | AR acc=0.8657 ll=0.5162 mae=9.90 | persistence acc=0.8700
[3/16] ar_order=2,other_lags=2,pool=local  (1s)
    model acc=0.9152 ll=0.3168 mae=8.88 acc@change=0.542 | AR acc=0.8657 ll=0.5162 mae=9.90 | persistence acc=0.8700
[4/16] ar_order=2,other_lags=2  (3s)
    model acc=0.9121 ll=0.3276 mae=8.98 acc@change=0.501 | AR acc=0.8657 ll=0.5162 mae=9.90 | persistence acc=0.8700
[5/16] forced=('y@t', 'throughput_2@t')  (1s)
    model acc=0.8992 ll=0.3711 mae=8.86 acc@change=0.359 | AR acc=0.8657 ll=0.5162 mae=9.90 | persistence acc=0.8700
[6/16] forced=('y@t', 'throughput_2@t', 'buffer_size_3@t')  (1s)
    model acc=0.9011 ll=0.3698 mae=8.80 acc@change=0.373 | AR acc=0.8657 ll=0.5162 mae=9.90 | persistence acc=0.8700
[7/16] forced=('y@t', 'throughput_2@t', 'cores_3@t+h', 'data_quality_3@t+h'),max_parents=5  (1s)
    model acc=0.8753 ll=0.4637 mae=9.65 acc@change=0.189 | AR acc=0.8657 ll=0.5162 mae=9.90 | persistence acc=0.8700
[8/16] forced=('y@t', 'throughput_2@t', 'cores_3@t+h', 'data_quality_3@t+h'),max_parents=6  (1s)
    model acc=0.8730 ll=0.4692 mae=9.71 acc@change=0.174 | AR acc=0.8657 ll=0.5162 mae=9.90 | persistence acc=0.8700
[9/16] forced=('y@t', 'cores_3@t+h', 'data_quality_3@t+h')  (1s)
    model acc=0.8665 ll=0.4752 mae=10.14 acc@change=0.215 | AR acc=0.8657 ll=0.5162 mae=9.90 | persistence acc=0.8700
[10/16] forced=('y@t', 'cores_3@t+h', 'data_quality_3@t+h'),max_parents=5  (1s)
    model acc=0.8725 ll=0.4635 mae=9.58 acc@change=0.201 | AR acc=0.8657 ll=0.5162 mae=9.90 | persistence acc=0.8700
[11/16] exog=none  (1s)
    model acc=0.8992 ll=0.3726 mae=8.90 acc@change=0.359 | AR acc=0.8657 ll=0.5162 mae=9.90 | persistence acc=0.8700
[12/16] exog=none,pool=local  (1s)
    model acc=0.9048 ll=0.3583 mae=8.59 acc@change=0.427 | AR acc=0.8657 ll=0.5162 mae=9.90 | persistence acc=0.8700
[13/16] engine=hc-bic,pool=local  (0s)
    model acc=0.8657 ll=0.5162 mae=9.90 acc@change=0.012 | AR acc=0.8657 ll=0.5162 mae=9.90 | persistence acc=0.8700
[14/16] engine=hc-aic,pool=local  (0s)
    model acc=0.8914 ll=0.4441 mae=9.55 acc@change=0.391 | AR acc=0.8657 ll=0.5162 mae=9.90 | persistence acc=0.8700
[15/16] engine=hc-bdeu,pool=local  (0s)
    model acc=0.9033 ll=0.3731 mae=8.93 acc@change=0.452 | AR acc=0.8657 ll=0.5162 mae=9.90 | persistence acc=0.8700
[16/16] engine=dynotears,pool=local  (0s)
    model acc=0.8657 ll=0.5162 mae=9.90 acc@change=0.012 | AR acc=0.8657 ll=0.5162 mae=9.90 | persistence acc=0.8700

Saved /home/nero/Downloads/dbn_model_construction/results/ablation/constraints_20260319_094316_seed783122_run20261008_172516_ga05edf8_folds.csv
Saved /home/nero/Downloads/dbn_model_construction/results/ablation/constraints_20260319_094316_seed783122_run20261008_172516_ga05edf8_runs.csv.gz
[1/11] n_bins=10,numeric=True,on_change=chain  (4s)
    model acc=0.9289 ll=0.2648 mae=12.92 acc@change=0.325 | AR acc=0.9169 ll=0.3707 mae=13.83 | persistence acc=0.9169
[2/11] ar_order=2,n_bins=10,numeric=True,on_change=chain,other_lags=2  (2s)
    model acc=0.9352 ll=0.2358 mae=12.88 acc@change=0.386 | AR acc=0.9169 ll=0.3707 mae=13.83 | persistence acc=0.9169
[3/11] ar_order=3,max_parents=6,n_bins=10,numeric=True,on_change=chain,other_lags=3  (4s)
    model acc=0.9385 ll=0.2223 mae=12.51 acc@change=0.359 | AR acc=0.9169 ll=0.3707 mae=13.83 | persistence acc=0.9169
[4/11] numeric=True,on_change=chain  (2s)
    model acc=0.8996 ll=0.3577 mae=8.78 acc@change=0.364 | AR acc=0.8657 ll=0.5162 mae=9.90 | persistence acc=0.8700
[5/11] ar_order=2,numeric=True,on_change=chain,other_lags=2  (3s)
    model acc=0.9125 ll=0.3127 mae=8.90 acc@change=0.507 | AR acc=0.8657 ll=0.5162 mae=9.90 | persistence acc=0.8700
[6/11] ar_order=3,max_parents=6,numeric=True,on_change=chain,other_lags=3  (6s)
    model acc=0.9141 ll=0.3026 mae=8.69 acc@change=0.444 | AR acc=0.8657 ll=0.5162 mae=9.90 | persistence acc=0.8700
[7/11] n_bins=50,numeric=True,on_change=chain  (6s)
    model acc=0.8365 ll=0.6038 mae=6.20 acc@change=0.422 | AR acc=0.7704 ll=0.8091 mae=7.07 | persistence acc=0.7935
[8/11] ar_order=2,n_bins=50,numeric=True,on_change=chain,other_lags=2  (8s)
    model acc=0.8543 ll=0.5191 mae=6.16 acc@change=0.512 | AR acc=0.7704 ll=0.8091 mae=7.07 | persistence acc=0.7935
[9/11] ar_order=3,max_parents=6,n_bins=50,numeric=True,on_change=chain,other_lags=3  (11s)
    model acc=0.8542 ll=0.5203 mae=6.20 acc@change=0.502 | AR acc=0.7704 ll=0.8091 mae=7.07 | persistence acc=0.7935
[10/11] granularity=30,n_bins=10,numeric=True,on_change=chain  (2s)
    model acc=0.9000 ll=0.4513 mae=26.57 acc@change=0.302 | AR acc=0.8709 ll=0.6523 mae=32.04 | persistence acc=0.8709
[11/11] ar_order=2,granularity=30,n_bins=10,numeric=True,on_change=chain,other_lags=2  (0s)
    model acc=0.9000 ll=0.4451 mae=26.49 acc@change=0.302 | AR acc=0.8709 ll=0.6523 mae=32.04 | persistence acc=0.8709

Saved /home/nero/Downloads/dbn_model_construction/results/ablation/numeric_20260319_094316_seed783122_run20261008_172536_ga05edf8_folds.csv
Saved /home/nero/Downloads/dbn_model_construction/results/ablation/numeric_20260319_094316_seed783122_run20261008_172536_ga05edf8_runs.csv.gz
[1/21] n_bins=10  (3s)
    model acc=0.9281 ll=0.2755 mae=13.04 acc@change=0.312 | AR acc=0.9169 ll=0.3707 mae=13.83 | persistence acc=0.9169
[2/21] ar_order=2,n_bins=10,on_change=chain,other_lags=2  (3s)
    model acc=0.9352 ll=0.2358 mae=12.88 acc@change=0.386 | AR acc=0.9169 ll=0.3707 mae=13.83 | persistence acc=0.9169
[3/21] ar_order=3,max_parents=6,n_bins=10,on_change=chain,other_lags=3,velocity=binned  (6s)
    model acc=0.9385 ll=0.2223 mae=12.51 acc@change=0.359 | AR acc=0.9169 ll=0.3707 mae=13.83 | persistence acc=0.9169
[4/21] ref  (2s)
    model acc=0.8992 ll=0.3711 mae=8.86 acc@change=0.359 | AR acc=0.8657 ll=0.5162 mae=9.90 | persistence acc=0.8700
[5/21] ar_order=2,on_change=chain,other_lags=2  (4s)
    model acc=0.9125 ll=0.3127 mae=8.90 acc@change=0.507 | AR acc=0.8657 ll=0.5162 mae=9.90 | persistence acc=0.8700
[6/21] ar_order=3,max_parents=6,on_change=chain,other_lags=3,velocity=binned  (9s)
    model acc=0.9141 ll=0.3026 mae=8.69 acc@change=0.444 | AR acc=0.8657 ll=0.5162 mae=9.90 | persistence acc=0.8700
[7/21] n_bins=30  (2s)
    model acc=0.8751 ll=0.4510 mae=6.72 acc@change=0.396 | AR acc=0.8299 ll=0.6162 mae=7.54 | persistence acc=0.8383
[8/21] ar_order=2,n_bins=30,on_change=chain,other_lags=2  (5s)
    model acc=0.8901 ll=0.3649 mae=6.51 acc@change=0.490 | AR acc=0.8299 ll=0.6162 mae=7.54 | persistence acc=0.8383
[9/21] ar_order=3,max_parents=6,n_bins=30,on_change=chain,other_lags=3,velocity=binned  (10s)
    model acc=0.8907 ll=0.3630 mae=6.51 acc@change=0.497 | AR acc=0.8299 ll=0.6162 mae=7.54 | persistence acc=0.8383
[10/21] n_bins=50  (3s)
    model acc=0.8362 ll=0.6236 mae=6.24 acc@change=0.419 | AR acc=0.7704 ll=0.8091 mae=7.07 | persistence acc=0.7935
[11/21] ar_order=2,n_bins=50,on_change=chain,other_lags=2  (8s)
    model acc=0.8543 ll=0.5191 mae=6.16 acc@change=0.512 | AR acc=0.7704 ll=0.8091 mae=7.07 | persistence acc=0.7935
[12/21] ar_order=3,max_parents=6,n_bins=50,on_change=chain,other_lags=3,velocity=binned  (13s)
    model acc=0.8542 ll=0.5203 mae=6.20 acc@change=0.502 | AR acc=0.7704 ll=0.8091 mae=7.07 | persistence acc=0.7935
[13/21] granularity=30,n_bins=4  (1s)
    model acc=0.9103 ll=0.3134 mae=41.69 acc@change=0.000 | AR acc=0.9103 ll=0.3831 mae=44.50 | persistence acc=0.9103
[14/21] ar_order=2,granularity=30,n_bins=4,on_change=chain,other_lags=2  (0s)
    model acc=0.9377 ll=0.2398 mae=38.08 acc@change=0.401 | AR acc=0.9103 ll=0.3831 mae=44.50 | persistence acc=0.9103
[15/21] ar_order=3,granularity=30,max_parents=6,n_bins=4,on_change=chain,other_lags=3,velocity=binned  (0s)
    model acc=0.9377 ll=0.2389 mae=37.93 acc@change=0.401 | AR acc=0.9103 ll=0.3831 mae=44.50 | persistence acc=0.9103
[16/21] granularity=30,n_bins=10  (0s)
    model acc=0.8717 ll=0.5964 mae=29.33 acc@change=0.007 | AR acc=0.8709 ll=0.6523 mae=32.04 | persistence acc=0.8709
[17/21] ar_order=2,granularity=30,n_bins=10,on_change=chain,other_lags=2  (0s)
    model acc=0.9000 ll=0.4451 mae=26.49 acc@change=0.302 | AR acc=0.8709 ll=0.6523 mae=32.04 | persistence acc=0.8709
[18/21] ar_order=3,granularity=30,max_parents=6,n_bins=10,on_change=chain,other_lags=3,velocity=binned  (0s)
    model acc=0.9000 ll=0.4451 mae=26.53 acc@change=0.302 | AR acc=0.8709 ll=0.6523 mae=32.04 | persistence acc=0.8709
[19/21] granularity=30  (0s)
    model acc=0.8274 ll=0.9309 mae=27.24 acc@change=0.013 | AR acc=0.8255 ll=0.9849 mae=30.86 | persistence acc=0.8371
[20/21] ar_order=2,granularity=30,on_change=chain,other_lags=2  (0s)
    model acc=0.8489 ll=0.7361 mae=25.56 acc@change=0.217 | AR acc=0.8255 ll=0.9849 mae=30.86 | persistence acc=0.8371
[21/21] ar_order=3,granularity=30,max_parents=6,on_change=chain,other_lags=3,velocity=binned  (0s)
    model acc=0.8487 ll=0.7365 mae=25.49 acc@change=0.215 | AR acc=0.8255 ll=0.9849 mae=30.86 | persistence acc=0.8371

Saved /home/nero/Downloads/dbn_model_construction/results/ablation/best_20260319_094316_seed783122_run20261008_172624_ga05edf8_folds.csv
Saved /home/nero/Downloads/dbn_model_construction/results/ablation/best_20260319_094316_seed783122_run20261008_172624_ga05edf8_runs.csv.gz
[1/18] n_bins=4  (2s)
    model acc=0.9881 ll=0.0581 mae=28.91 acc@change=0.193 | AR acc=0.9886 ll=0.0724 mae=29.00 | persistence acc=0.9886
[2/18] n_bins=4,on_change=static  (1s)
    model acc=0.9884 ll=0.0536 mae=28.79 acc@change=0.243 | AR acc=0.9886 ll=0.0724 mae=29.00 | persistence acc=0.9886
[3/18] n_bins=4,on_change=chain  (1s)
    model acc=0.9889 ll=0.0503 mae=28.75 acc@change=0.281 | AR acc=0.9886 ll=0.0724 mae=29.00 | persistence acc=0.9886
[4/18] n_bins=10  (1s)
    model acc=0.9281 ll=0.2755 mae=13.04 acc@change=0.312 | AR acc=0.9169 ll=0.3707 mae=13.83 | persistence acc=0.9169
[5/18] n_bins=10,on_change=static  (2s)
    model acc=0.9282 ll=0.2723 mae=12.99 acc@change=0.316 | AR acc=0.9169 ll=0.3707 mae=13.83 | persistence acc=0.9169
[6/18] n_bins=10,on_change=chain  (1s)
    model acc=0.9289 ll=0.2648 mae=12.92 acc@change=0.325 | AR acc=0.9169 ll=0.3707 mae=13.83 | persistence acc=0.9169
[7/18] ref  (2s)
    model acc=0.8992 ll=0.3711 mae=8.86 acc@change=0.359 | AR acc=0.8657 ll=0.5162 mae=9.90 | persistence acc=0.8700
[8/18] on_change=static  (2s)
    model acc=0.8991 ll=0.3673 mae=8.82 acc@change=0.360 | AR acc=0.8657 ll=0.5162 mae=9.90 | persistence acc=0.8700
[9/18] on_change=chain  (3s)
    model acc=0.8996 ll=0.3577 mae=8.78 acc@change=0.364 | AR acc=0.8657 ll=0.5162 mae=9.90 | persistence acc=0.8700
[10/18] granularity=30,n_bins=4  (1s)
    model acc=0.9103 ll=0.3134 mae=41.69 acc@change=0.000 | AR acc=0.9103 ll=0.3831 mae=44.50 | persistence acc=0.9103
[11/18] granularity=30,n_bins=4,on_change=static  (0s)
    model acc=0.9206 ll=0.2910 mae=39.41 acc@change=0.213 | AR acc=0.9103 ll=0.3831 mae=44.50 | persistence acc=0.9103
[12/18] granularity=30,n_bins=4,on_change=chain  (0s)
    model acc=0.9377 ll=0.2397 mae=38.09 acc@change=0.401 | AR acc=0.9103 ll=0.3831 mae=44.50 | persistence acc=0.9103
[13/18] granularity=30,n_bins=10  (0s)
    model acc=0.8717 ll=0.5964 mae=29.33 acc@change=0.007 | AR acc=0.8709 ll=0.6523 mae=32.04 | persistence acc=0.8709
[14/18] granularity=30,n_bins=10,on_change=static  (0s)
    model acc=0.8765 ll=0.5779 mae=27.64 acc@change=0.119 | AR acc=0.8709 ll=0.6523 mae=32.04 | persistence acc=0.8709
[15/18] granularity=30,n_bins=10,on_change=chain  (0s)
    model acc=0.9000 ll=0.4513 mae=26.57 acc@change=0.302 | AR acc=0.8709 ll=0.6523 mae=32.04 | persistence acc=0.8709
[16/18] granularity=30  (0s)
    model acc=0.8274 ll=0.9309 mae=27.24 acc@change=0.013 | AR acc=0.8255 ll=0.9849 mae=30.86 | persistence acc=0.8371
[17/18] granularity=30,on_change=static  (0s)
    model acc=0.8259 ll=0.8701 mae=26.67 acc@change=0.064 | AR acc=0.8255 ll=0.9849 mae=30.86 | persistence acc=0.8371
[18/18] granularity=30,on_change=chain  (0s)
    model acc=0.8491 ll=0.7519 mae=26.39 acc@change=0.215 | AR acc=0.8255 ll=0.9849 mae=30.86 | persistence acc=0.8371

Saved /home/nero/Downloads/dbn_model_construction/results/ablation/config_change_20260319_094316_seed783122_run20261008_172735_ga05edf8_folds.csv
Saved /home/nero/Downloads/dbn_model_construction/results/ablation/config_change_20260319_094316_seed783122_run20261008_172735_ga05edf8_runs.csv.gz
[1/60] ref  (3s)
    model acc=0.8992 ll=0.3711 mae=8.86 acc@change=0.359 | AR acc=0.8657 ll=0.5162 mae=9.90 | persistence acc=0.8700
[2/60] n_bins=4  (1s)
    model acc=0.9881 ll=0.0581 mae=28.91 acc@change=0.193 | AR acc=0.9886 ll=0.0724 mae=29.00 | persistence acc=0.9886
[3/60] n_bins=6  (1s)
    model acc=0.9805 ll=0.1041 mae=21.29 acc@change=0.222 | AR acc=0.9779 ll=0.1310 mae=21.46 | persistence acc=0.9779
[4/60] n_bins=10  (1s)
    model acc=0.9281 ll=0.2755 mae=13.04 acc@change=0.312 | AR acc=0.9169 ll=0.3707 mae=13.83 | persistence acc=0.9169
[5/60] n_bins=30  (2s)
    model acc=0.8751 ll=0.4510 mae=6.72 acc@change=0.396 | AR acc=0.8299 ll=0.6162 mae=7.54 | persistence acc=0.8383
[6/60] n_bins=50  (2s)
    model acc=0.8362 ll=0.6236 mae=6.24 acc@change=0.419 | AR acc=0.7704 ll=0.8091 mae=7.07 | persistence acc=0.7935
[7/60] n_bins=100  (4s)
    model acc=0.7446 ll=1.0917 mae=7.52 acc@change=0.416 | AR acc=0.6356 ll=1.3120 mae=7.95 | persistence acc=0.6987
[8/60] disc=quantile  (1s)
    model acc=0.8429 ll=0.5089 mae=9.20 acc@change=0.454 | AR acc=0.7783 ll=0.7166 mae=10.35 | persistence acc=0.7783
[9/60] disc=kmeans  (3s)
    model acc=0.9511 ll=0.2419 mae=6.95 acc@change=0.331 | AR acc=0.9364 ll=0.3069 mae=7.48 | persistence acc=0.9366
[10/60] disc_x=uniform  (1s)
    model acc=0.8972 ll=0.3752 mae=9.09 acc@change=0.382 | AR acc=0.8657 ll=0.5162 mae=9.90 | persistence acc=0.8700
[11/60] disc_x=kmeans  (4s)
    model acc=0.8984 ll=0.3711 mae=9.01 acc@change=0.362 | AR acc=0.8657 ll=0.5162 mae=9.90 | persistence acc=0.8700
[12/60] n_bins_x=6  (1s)
    model acc=0.8977 ll=0.3724 mae=9.00 acc@change=0.380 | AR acc=0.8657 ll=0.5162 mae=9.90 | persistence acc=0.8700
[13/60] n_bins_x=10  (1s)
    model acc=0.8983 ll=0.3761 mae=8.95 acc@change=0.364 | AR acc=0.8657 ll=0.5162 mae=9.90 | persistence acc=0.8700
[14/60] shared_bins=False  (1s)
    model acc=0.8780 ll=0.4102 mae=8.69 acc@change=0.256 | AR acc=0.8657 ll=0.5162 mae=9.90 | persistence acc=0.8700
[15/60] ar_order=2  (1s)
    model acc=0.8977 ll=0.3604 mae=8.93 acc@change=0.373 | AR acc=0.8657 ll=0.5162 mae=9.90 | persistence acc=0.8700
[16/60] ar_order=3  (1s)
    model acc=0.8975 ll=0.3597 mae=8.94 acc@change=0.371 | AR acc=0.8657 ll=0.5162 mae=9.90 | persistence acc=0.8700
[17/60] ar_order=5  (1s)
    model acc=0.8977 ll=0.3598 mae=8.94 acc@change=0.371 | AR acc=0.8657 ll=0.5162 mae=9.90 | persistence acc=0.8700
[18/60] other_lags=2  (2s)
    model acc=0.9121 ll=0.3276 mae=8.98 acc@change=0.501 | AR acc=0.8657 ll=0.5162 mae=9.90 | persistence acc=0.8700
[19/60] other_lags=3  (3s)
    model acc=0.9142 ll=0.3204 mae=8.88 acc@change=0.475 | AR acc=0.8657 ll=0.5162 mae=9.90 | persistence acc=0.8700
[20/60] other_lags=5  (4s)
    model acc=0.9142 ll=0.3204 mae=8.88 acc@change=0.475 | AR acc=0.8657 ll=0.5162 mae=9.90 | persistence acc=0.8700
[21/60] ar_order=3,other_lags=3  (3s)
    model acc=0.9142 ll=0.3204 mae=8.88 acc@change=0.475 | AR acc=0.8657 ll=0.5162 mae=9.90 | persistence acc=0.8700
[22/60] velocity=sign  (2s)
    model acc=0.8997 ll=0.3609 mae=8.84 acc@change=0.364 | AR acc=0.8657 ll=0.5162 mae=9.90 | persistence acc=0.8700
[23/60] velocity=binned  (2s)
    model acc=0.8991 ll=0.3608 mae=8.86 acc@change=0.358 | AR acc=0.8657 ll=0.5162 mae=9.90 | persistence acc=0.8700
[24/60] ar_order=2,other_lags=2,velocity=binned  (2s)
    model acc=0.9121 ll=0.3276 mae=8.98 acc@change=0.501 | AR acc=0.8657 ll=0.5162 mae=9.90 | persistence acc=0.8700
[25/60] relative=True  (1s)
    model acc=0.8964 ll=0.3831 mae=8.86 acc@change=0.340 | AR acc=0.8657 ll=0.5162 mae=9.90 | persistence acc=0.8700
[26/60] target_mode=delta  (2s)
    model acc=0.8992 ll=0.3723 mae=8.86 acc@change=0.359 | AR acc=0.8657 ll=0.5162 mae=9.90 | persistence acc=0.8700
[27/60] relative=True,target_mode=delta  (2s)
    model acc=0.8964 ll=0.3843 mae=8.86 acc@change=0.340 | AR acc=0.8657 ll=0.5162 mae=9.90 | persistence acc=0.8700
[28/60] exog=none  (1s)
    model acc=0.8992 ll=0.3726 mae=8.90 acc@change=0.359 | AR acc=0.8657 ll=0.5162 mae=9.90 | persistence acc=0.8700
[29/60] exog=controls  (1s)
    model acc=0.8992 ll=0.3711 mae=8.86 acc@change=0.359 | AR acc=0.8657 ll=0.5162 mae=9.90 | persistence acc=0.8700
[30/60] pool=all  (3s)
    model acc=0.8984 ll=0.3684 mae=8.82 acc@change=0.361 | AR acc=0.8657 ll=0.5162 mae=9.90 | persistence acc=0.8700
[31/60] engine=ar  (0s)
    model acc=0.8657 ll=0.5162 mae=9.90 acc@change=0.012 | AR acc=0.8657 ll=0.5162 mae=9.90 | persistence acc=0.8700
[32/60] engine=hc-bic  (0s)
    model acc=0.8649 ll=0.5072 mae=9.74 acc@change=0.034 | AR acc=0.8657 ll=0.5162 mae=9.90 | persistence acc=0.8700
[33/60] engine=hc-bic-obs  (1s)
    model acc=0.8685 ll=0.4933 mae=9.87 acc@change=0.059 | AR acc=0.8657 ll=0.5162 mae=9.90 | persistence acc=0.8700
[34/60] engine=hc-aic  (1s)
    model acc=0.8772 ll=0.4550 mae=9.84 acc@change=0.286 | AR acc=0.8657 ll=0.5162 mae=9.90 | persistence acc=0.8700
[35/60] engine=hc-bdeu  (1s)
    model acc=0.8934 ll=0.3811 mae=9.26 acc@change=0.349 | AR acc=0.8657 ll=0.5162 mae=9.90 | persistence acc=0.8700
[36/60] engine=cmi  (0s)
    model acc=0.8897 ll=0.3852 mae=9.06 acc@change=0.306 | AR acc=0.8657 ll=0.5162 mae=9.90 | persistence acc=0.8700
[37/60] engine=lasso  (0s)
    model acc=0.8873 ll=0.4061 mae=9.24 acc@change=0.316 | AR acc=0.8657 ll=0.5162 mae=9.90 | persistence acc=0.8700
[38/60] engine=dynotears  (1s)
    model acc=0.8657 ll=0.5162 mae=9.90 acc@change=0.012 | AR acc=0.8657 ll=0.5162 mae=9.90 | persistence acc=0.8700
[39/60] engine=ar,prior=bdeu  (0s)
    model acc=0.8657 ll=0.5162 mae=9.90 acc@change=0.012 | AR acc=0.8657 ll=0.5162 mae=9.90 | persistence acc=0.8700
[40/60] engine=hc-bic,prior=bdeu  (0s)
    model acc=0.8636 ll=0.5224 mae=10.01 acc@change=0.035 | AR acc=0.8657 ll=0.5162 mae=9.90 | persistence acc=0.8700
[41/60] engine=hc-bic-obs,prior=bdeu  (1s)
    model acc=0.8594 ll=0.5405 mae=10.22 acc@change=0.060 | AR acc=0.8657 ll=0.5162 mae=9.90 | persistence acc=0.8700
[42/60] engine=hc-aic,prior=bdeu  (1s)
    model acc=0.8132 ll=0.8021 mae=19.85 acc@change=0.295 | AR acc=0.8657 ll=0.5162 mae=9.90 | persistence acc=0.8700
[43/60] engine=hc-bdeu,prior=bdeu  (1s)
    model acc=0.7631 ll=1.1328 mae=28.91 acc@change=0.421 | AR acc=0.8657 ll=0.5162 mae=9.90 | persistence acc=0.8700
[44/60] engine=cmi,prior=bdeu  (0s)
    model acc=0.7178 ll=1.0931 mae=38.46 acc@change=0.383 | AR acc=0.8657 ll=0.5162 mae=9.90 | persistence acc=0.8700
[45/60] engine=lasso,prior=bdeu  (0s)
    model acc=0.6927 ll=1.3025 mae=45.05 acc@change=0.402 | AR acc=0.8657 ll=0.5162 mae=9.90 | persistence acc=0.8700
[46/60] engine=dynotears,prior=bdeu  (1s)
    model acc=0.8657 ll=0.5162 mae=9.90 acc@change=0.012 | AR acc=0.8657 ll=0.5162 mae=9.90 | persistence acc=0.8700
[47/60] prior=bdeu  (1s)
    model acc=0.8454 ll=0.6375 mae=15.30 acc@change=0.199 | AR acc=0.8657 ll=0.5162 mae=9.90 | persistence acc=0.8700
[48/60] engine=fixed,fixed_parents=('y@t', 'throughput_2@t', 'buffer_size_3@t', 'cores_3@t+h', 'data_quality_3@t+h')  (0s)
    model acc=0.8742 ll=0.4637 mae=9.91 acc@change=0.165 | AR acc=0.8657 ll=0.5162 mae=9.90 | persistence acc=0.8700
[49/60] max_parents=2  (1s)
    model acc=0.8888 ll=0.4139 mae=9.32 acc@change=0.378 | AR acc=0.8657 ll=0.5162 mae=9.90 | persistence acc=0.8700
[50/60] max_parents=3  (1s)
    model acc=0.8974 ll=0.3724 mae=9.05 acc@change=0.380 | AR acc=0.8657 ll=0.5162 mae=9.90 | persistence acc=0.8700
[51/60] max_parents=5  (1s)
    model acc=0.8992 ll=0.3686 mae=8.79 acc@change=0.359 | AR acc=0.8657 ll=0.5162 mae=9.90 | persistence acc=0.8700
[52/60] max_parents=6  (2s)
    model acc=0.8992 ll=0.3686 mae=8.79 acc@change=0.359 | AR acc=0.8657 ll=0.5162 mae=9.90 | persistence acc=0.8700
[53/60] forced=()  (1s)
    model acc=0.8992 ll=0.3711 mae=8.86 acc@change=0.359 | AR acc=0.8657 ll=0.5162 mae=9.90 | persistence acc=0.8700
[54/60] ess=1.0  (1s)
    model acc=0.9006 ll=0.3916 mae=9.42 acc@change=0.413 | AR acc=0.8657 ll=0.5202 mae=9.89 | persistence acc=0.8700
[55/60] ess=3.0  (1s)
    model acc=0.9016 ll=0.3759 mae=9.04 acc@change=0.390 | AR acc=0.8657 ll=0.5183 mae=9.89 | persistence acc=0.8700
[56/60] ess=30.0  (1s)
    model acc=0.8952 ll=0.3692 mae=8.76 acc@change=0.339 | AR acc=0.8657 ll=0.5145 mae=9.92 | persistence acc=0.8700
[57/60] ess=100.0  (1s)
    model acc=0.8920 ll=0.3717 mae=8.82 acc@change=0.297 | AR acc=0.8657 ll=0.5128 mae=9.99 | persistence acc=0.8700
[58/60] cross_run=False  (1s)
    model acc=0.9012 ll=0.3525 mae=8.38 acc@change=0.365 | AR acc=0.8676 ll=0.5000 mae=9.47 | persistence acc=0.8719
[59/60] on_change=static  (2s)
    model acc=0.8991 ll=0.3673 mae=8.82 acc@change=0.360 | AR acc=0.8657 ll=0.5162 mae=9.90 | persistence acc=0.8700
[60/60] on_change=chain  (2s)
    model acc=0.8996 ll=0.3577 mae=8.78 acc@change=0.364 | AR acc=0.8657 ll=0.5162 mae=9.90 | persistence acc=0.8700

Saved /home/nero/Downloads/dbn_model_construction/results/ablation/ofat_20260319_094316_seed783122_run20261008_172753_ga05edf8_folds.csv
Saved /home/nero/Downloads/dbn_model_construction/results/ablation/ofat_20260319_094316_seed783122_run20261008_172753_ga05edf8_runs.csv.gz
[1/48] n_bins=4  (2s)
    model acc=0.9881 ll=0.0581 mae=28.91 acc@change=0.193 | AR acc=0.9886 ll=0.0724 mae=29.00 | persistence acc=0.9886
[2/48] engine=hc-bic,n_bins=4,prior=bdeu  (1s)
    model acc=0.9876 ll=0.0526 mae=29.25 acc@change=0.279 | AR acc=0.9886 ll=0.0724 mae=29.00 | persistence acc=0.9886
[3/48] n_bins=6  (1s)
    model acc=0.9805 ll=0.1041 mae=21.29 acc@change=0.222 | AR acc=0.9779 ll=0.1310 mae=21.46 | persistence acc=0.9779
[4/48] engine=hc-bic,n_bins=6,prior=bdeu  (1s)
    model acc=0.9664 ll=0.1360 mae=23.13 acc@change=0.114 | AR acc=0.9779 ll=0.1310 mae=21.46 | persistence acc=0.9779
[5/48] n_bins=10  (1s)
    model acc=0.9281 ll=0.2755 mae=13.04 acc@change=0.312 | AR acc=0.9169 ll=0.3707 mae=13.83 | persistence acc=0.9169
[6/48] engine=hc-bic,n_bins=10,prior=bdeu  (1s)
    model acc=0.8972 ll=0.4146 mae=15.71 acc@change=0.141 | AR acc=0.9169 ll=0.3707 mae=13.83 | persistence acc=0.9169
[7/48] ref  (2s)
    model acc=0.8992 ll=0.3711 mae=8.86 acc@change=0.359 | AR acc=0.8657 ll=0.5162 mae=9.90 | persistence acc=0.8700
[8/48] engine=hc-bic,prior=bdeu  (1s)
    model acc=0.8636 ll=0.5224 mae=10.01 acc@change=0.035 | AR acc=0.8657 ll=0.5162 mae=9.90 | persistence acc=0.8700
[9/48] n_bins=30  (2s)
    model acc=0.8751 ll=0.4510 mae=6.72 acc@change=0.396 | AR acc=0.8299 ll=0.6162 mae=7.54 | persistence acc=0.8383
[10/48] engine=hc-bic,n_bins=30,prior=bdeu  (0s)
    model acc=0.8299 ll=0.6162 mae=7.54 acc@change=0.011 | AR acc=0.8299 ll=0.6162 mae=7.54 | persistence acc=0.8383
[11/48] n_bins=50  (2s)
    model acc=0.8362 ll=0.6236 mae=6.24 acc@change=0.419 | AR acc=0.7704 ll=0.8091 mae=7.07 | persistence acc=0.7935
[12/48] engine=hc-bic,n_bins=50,prior=bdeu  (1s)
    model acc=0.7704 ll=0.8091 mae=7.07 acc@change=0.039 | AR acc=0.7704 ll=0.8091 mae=7.07 | persistence acc=0.7935
[13/48] granularity=5,n_bins=4  (2s)
    model acc=0.9767 ll=0.1120 mae=30.12 acc@change=0.029 | AR acc=0.9761 ll=0.1316 mae=30.10 | persistence acc=0.9761
[14/48] engine=hc-bic,granularity=5,n_bins=4,prior=bdeu  (0s)
    model acc=0.9766 ll=0.1248 mae=30.22 acc@change=0.021 | AR acc=0.9761 ll=0.1316 mae=30.10 | persistence acc=0.9761
[15/48] granularity=5,n_bins=6  (0s)
    model acc=0.9557 ll=0.1959 mae=23.15 acc@change=0.067 | AR acc=0.9541 ll=0.2294 mae=23.63 | persistence acc=0.9541
[16/48] engine=hc-bic,granularity=5,n_bins=6,prior=bdeu  (0s)
    model acc=0.9541 ll=0.2294 mae=23.63 acc@change=0.000 | AR acc=0.9541 ll=0.2294 mae=23.63 | persistence acc=0.9541
[17/48] granularity=5,n_bins=10  (0s)
    model acc=0.9256 ll=0.3270 mae=16.34 acc@change=0.036 | AR acc=0.9284 ll=0.3618 mae=17.04 | persistence acc=0.9284
[18/48] engine=hc-bic,granularity=5,n_bins=10,prior=bdeu  (0s)
    model acc=0.9284 ll=0.3618 mae=17.04 acc@change=0.000 | AR acc=0.9284 ll=0.3618 mae=17.04 | persistence acc=0.9284
[19/48] granularity=5  (0s)
    model acc=0.8924 ll=0.4835 mae=9.91 acc@change=0.074 | AR acc=0.8918 ll=0.5379 mae=10.43 | persistence acc=0.8958
[20/48] engine=hc-bic,granularity=5,prior=bdeu  (0s)
    model acc=0.8918 ll=0.5379 mae=10.43 acc@change=0.009 | AR acc=0.8918 ll=0.5379 mae=10.43 | persistence acc=0.8958
[21/48] granularity=5,n_bins=30  (0s)
    model acc=0.8568 ll=0.6506 mae=8.72 acc@change=0.108 | AR acc=0.8501 ll=0.7235 mae=9.25 | persistence acc=0.8615
[22/48] engine=hc-bic,granularity=5,n_bins=30,prior=bdeu  (0s)
    model acc=0.8501 ll=0.7235 mae=9.25 acc@change=0.016 | AR acc=0.8501 ll=0.7235 mae=9.25 | persistence acc=0.8615
[23/48] granularity=5,n_bins=50  (0s)
    model acc=0.8043 ll=0.9149 mae=8.47 acc@change=0.109 | AR acc=0.7919 ll=0.9888 mae=9.04 | persistence acc=0.8142
[24/48] engine=hc-bic,granularity=5,n_bins=50,prior=bdeu  (0s)
    model acc=0.7919 ll=0.9888 mae=9.04 acc@change=0.023 | AR acc=0.7919 ll=0.9888 mae=9.04 | persistence acc=0.8142
[25/48] granularity=10,n_bins=4  (1s)
    model acc=0.9626 ll=0.1621 mae=32.06 acc@change=0.002 | AR acc=0.9627 ll=0.1907 mae=32.62 | persistence acc=0.9627
[26/48] engine=hc-bic,granularity=10,n_bins=4,prior=bdeu  (0s)
    model acc=0.9631 ll=0.1857 mae=32.69 acc@change=0.011 | AR acc=0.9627 ll=0.1907 mae=32.62 | persistence acc=0.9627
[27/48] granularity=10,n_bins=6  (0s)
    model acc=0.9342 ll=0.2685 mae=26.06 acc@change=0.025 | AR acc=0.9370 ll=0.3008 mae=26.60 | persistence acc=0.9370
[28/48] engine=hc-bic,granularity=10,n_bins=6,prior=bdeu  (0s)
    model acc=0.9370 ll=0.3008 mae=26.60 acc@change=0.000 | AR acc=0.9370 ll=0.3008 mae=26.60 | persistence acc=0.9370
[29/48] granularity=10,n_bins=10  (0s)
    model acc=0.9176 ll=0.3839 mae=18.63 acc@change=0.015 | AR acc=0.9164 ll=0.4205 mae=19.47 | persistence acc=0.9164
[30/48] engine=hc-bic,granularity=10,n_bins=10,prior=bdeu  (0s)
    model acc=0.9164 ll=0.4205 mae=19.47 acc@change=0.000 | AR acc=0.9164 ll=0.4205 mae=19.47 | persistence acc=0.9164
[31/48] granularity=10  (0s)
    model acc=0.8796 ll=0.5671 mae=12.94 acc@change=0.024 | AR acc=0.8795 ll=0.6194 mae=14.23 | persistence acc=0.8836
[32/48] engine=hc-bic,granularity=10,prior=bdeu  (0s)
    model acc=0.8795 ll=0.6194 mae=14.23 acc@change=0.004 | AR acc=0.8795 ll=0.6194 mae=14.23 | persistence acc=0.8836
[33/48] granularity=10,n_bins=30  (0s)
    model acc=0.8259 ll=0.8064 mae=12.19 acc@change=0.066 | AR acc=0.8232 ll=0.8618 mae=13.41 | persistence acc=0.8359
[34/48] engine=hc-bic,granularity=10,n_bins=30,prior=bdeu  (0s)
    model acc=0.8232 ll=0.8618 mae=13.41 acc@change=0.012 | AR acc=0.8232 ll=0.8618 mae=13.41 | persistence acc=0.8359
[35/48] granularity=10,n_bins=50  (0s)
    model acc=0.7731 ll=1.0974 mae=12.35 acc@change=0.119 | AR acc=0.7673 ll=1.1536 mae=13.34 | persistence acc=0.7929
[36/48] engine=hc-bic,granularity=10,n_bins=50,prior=bdeu  (0s)
    model acc=0.7673 ll=1.1536 mae=13.34 acc@change=0.046 | AR acc=0.7673 ll=1.1536 mae=13.34 | persistence acc=0.7929
[37/48] granularity=30,n_bins=4  (1s)
    model acc=0.9103 ll=0.3134 mae=41.69 acc@change=0.000 | AR acc=0.9103 ll=0.3831 mae=44.50 | persistence acc=0.9103
[38/48] engine=hc-bic,granularity=30,n_bins=4,prior=bdeu  (0s)
    model acc=0.9103 ll=0.3831 mae=44.50 acc@change=0.000 | AR acc=0.9103 ll=0.3831 mae=44.50 | persistence acc=0.9103
[39/48] granularity=30,n_bins=6  (0s)
    model acc=0.8795 ll=0.4674 mae=36.53 acc@change=0.011 | AR acc=0.8784 ll=0.5321 mae=38.51 | persistence acc=0.8784
[40/48] engine=hc-bic,granularity=30,n_bins=6,prior=bdeu  (0s)
    model acc=0.8784 ll=0.5321 mae=38.51 acc@change=0.000 | AR acc=0.8784 ll=0.5321 mae=38.51 | persistence acc=0.8784
[41/48] granularity=30,n_bins=10  (0s)
    model acc=0.8717 ll=0.5964 mae=29.33 acc@change=0.007 | AR acc=0.8709 ll=0.6523 mae=32.04 | persistence acc=0.8709
[42/48] engine=hc-bic,granularity=30,n_bins=10,prior=bdeu  (0s)
    model acc=0.8709 ll=0.6523 mae=32.04 acc@change=0.000 | AR acc=0.8709 ll=0.6523 mae=32.04 | persistence acc=0.8709
[43/48] granularity=30  (0s)
    model acc=0.8274 ll=0.9309 mae=27.24 acc@change=0.013 | AR acc=0.8255 ll=0.9849 mae=30.86 | persistence acc=0.8371
[44/48] engine=hc-bic,granularity=30,prior=bdeu  (0s)
    model acc=0.8255 ll=0.9849 mae=30.86 acc@change=0.015 | AR acc=0.8255 ll=0.9849 mae=30.86 | persistence acc=0.8371
[45/48] granularity=30,n_bins=30  (0s)
    model acc=0.7823 ll=1.2424 mae=28.48 acc@change=0.036 | AR acc=0.7720 ll=1.2881 mae=32.54 | persistence acc=0.7874
[46/48] engine=hc-bic,granularity=30,n_bins=30,prior=bdeu  (0s)
    model acc=0.7720 ll=1.2881 mae=32.54 acc@change=0.011 | AR acc=0.7720 ll=1.2881 mae=32.54 | persistence acc=0.7874
[47/48] granularity=30,n_bins=50  (0s)
    model acc=0.6996 ll=1.7142 mae=28.83 acc@change=0.092 | AR acc=0.6868 ll=1.7961 mae=32.07 | persistence acc=0.7210
[48/48] engine=hc-bic,granularity=30,n_bins=50,prior=bdeu  (0s)
    model acc=0.6868 ll=1.7961 mae=32.07 acc@change=0.020 | AR acc=0.6868 ll=1.7961 mae=32.07 | persistence acc=0.7210

Saved /home/nero/Downloads/dbn_model_construction/results/ablation/bins_granularity_20260319_094316_seed783122_run20261008_172917_ga05edf8_folds.csv
Saved /home/nero/Downloads/dbn_model_construction/results/ablation/bins_granularity_20260319_094316_seed783122_run20261008_172917_ga05edf8_runs.csv.gz
[1/11] ref  (3s)
    model acc=0.8992 ll=0.3711 mae=8.86 acc@change=0.359 | AR acc=0.8657 ll=0.5162 mae=9.90 | persistence acc=0.8700
[2/11] horizon=2  (2s)
    model acc=0.8793 ll=0.4122 mae=9.29 acc@change=0.278 | AR acc=0.8594 ll=0.5436 mae=10.49 | persistence acc=0.8637
[3/11] horizon=5  (2s)
    model acc=0.8600 ll=0.4990 mae=11.25 acc@change=0.202 | AR acc=0.8517 ll=0.5828 mae=11.41 | persistence acc=0.8558
[4/11] horizon=10  (2s)
    model acc=0.8579 ll=0.5379 mae=13.25 acc@change=0.185 | AR acc=0.8511 ll=0.6133 mae=12.75 | persistence acc=0.8511
[5/11] horizon=30  (2s)
    model acc=0.8306 ll=0.6727 mae=18.38 acc@change=0.169 | AR acc=0.8311 ll=0.7302 mae=18.04 | persistence acc=0.8351
[6/11] granularity=5  (2s)
    model acc=0.8924 ll=0.4835 mae=9.91 acc@change=0.074 | AR acc=0.8918 ll=0.5379 mae=10.43 | persistence acc=0.8958
[7/11] granularity=5,horizon=2  (0s)
    model acc=0.8820 ll=0.5385 mae=11.32 acc@change=0.064 | AR acc=0.8820 ll=0.5817 mae=11.81 | persistence acc=0.8857
[8/11] granularity=5,horizon=6  (0s)
    model acc=0.8622 ll=0.6706 mae=17.09 acc@change=0.036 | AR acc=0.8659 ll=0.6891 mae=17.10 | persistence acc=0.8694
[9/11] granularity=10  (1s)
    model acc=0.8796 ll=0.5671 mae=12.94 acc@change=0.024 | AR acc=0.8795 ll=0.6194 mae=14.23 | persistence acc=0.8836
[10/11] granularity=10,horizon=3  (0s)
    model acc=0.8567 ll=0.6912 mae=17.92 acc@change=0.037 | AR acc=0.8587 ll=0.7360 mae=19.31 | persistence acc=0.8621
[11/11] granularity=30  (1s)
    model acc=0.8274 ll=0.9309 mae=27.24 acc@change=0.013 | AR acc=0.8255 ll=0.9849 mae=30.86 | persistence acc=0.8371

Saved /home/nero/Downloads/dbn_model_construction/results/ablation/horizon_20260319_094316_seed783122_run20261008_172940_ga05edf8_folds.csv
Saved /home/nero/Downloads/dbn_model_construction/results/ablation/horizon_20260319_094316_seed783122_run20261008_172940_ga05edf8_runs.csv.gz
[1/128] n_bins=10  (3s)
    model acc=0.9281 ll=0.2755 mae=13.04 acc@change=0.312 | AR acc=0.9169 ll=0.3707 mae=13.83 | persistence acc=0.9169
[2/128] max_parents=6,n_bins=10  (2s)
    model acc=0.9294 ll=0.2718 mae=12.95 acc@change=0.308 | AR acc=0.9169 ll=0.3707 mae=13.83 | persistence acc=0.9169
[3/128] n_bins=10,relative=True  (1s)
    model acc=0.9263 ll=0.2781 mae=13.19 acc@change=0.282 | AR acc=0.9169 ll=0.3707 mae=13.83 | persistence acc=0.9169
[4/128] max_parents=6,n_bins=10,relative=True  (2s)
    model acc=0.9341 ll=0.2651 mae=12.80 acc@change=0.290 | AR acc=0.9169 ll=0.3707 mae=13.83 | persistence acc=0.9169
[5/128] ar_order=2,n_bins=10,other_lags=2  (2s)
    model acc=0.9344 ll=0.2481 mae=13.00 acc@change=0.373 | AR acc=0.9169 ll=0.3707 mae=13.83 | persistence acc=0.9169
[6/128] ar_order=2,max_parents=6,n_bins=10,other_lags=2  (3s)
    model acc=0.9335 ll=0.2374 mae=12.75 acc@change=0.335 | AR acc=0.9169 ll=0.3707 mae=13.83 | persistence acc=0.9169
[7/128] ar_order=2,n_bins=10,other_lags=2,relative=True  (2s)
    model acc=0.9344 ll=0.2481 mae=13.00 acc@change=0.373 | AR acc=0.9169 ll=0.3707 mae=13.83 | persistence acc=0.9169
[8/128] ar_order=2,max_parents=6,n_bins=10,other_lags=2,relative=True  (3s)
    model acc=0.9335 ll=0.2374 mae=12.75 acc@change=0.335 | AR acc=0.9169 ll=0.3707 mae=13.83 | persistence acc=0.9169
[9/128] ar_order=2,n_bins=10,other_lags=2,velocity=binned  (2s)
    model acc=0.9344 ll=0.2481 mae=13.00 acc@change=0.373 | AR acc=0.9169 ll=0.3707 mae=13.83 | persistence acc=0.9169
[10/128] ar_order=2,max_parents=6,n_bins=10,other_lags=2,velocity=binned  (4s)
    model acc=0.9335 ll=0.2374 mae=12.75 acc@change=0.335 | AR acc=0.9169 ll=0.3707 mae=13.83 | persistence acc=0.9169
[11/128] ar_order=2,n_bins=10,other_lags=2,relative=True,velocity=binned  (3s)
    model acc=0.9344 ll=0.2481 mae=13.00 acc@change=0.373 | AR acc=0.9169 ll=0.3707 mae=13.83 | persistence acc=0.9169
[12/128] ar_order=2,max_parents=6,n_bins=10,other_lags=2,relative=True,velocity=binned  (4s)
    model acc=0.9335 ll=0.2374 mae=12.75 acc@change=0.335 | AR acc=0.9169 ll=0.3707 mae=13.83 | persistence acc=0.9169
[13/128] ar_order=3,n_bins=10,other_lags=3,velocity=binned  (3s)
    model acc=0.9366 ll=0.2472 mae=12.87 acc@change=0.356 | AR acc=0.9169 ll=0.3707 mae=13.83 | persistence acc=0.9169
[14/128] ar_order=3,max_parents=6,n_bins=10,other_lags=3,velocity=binned  (5s)
    model acc=0.9377 ll=0.2325 mae=12.62 acc@change=0.346 | AR acc=0.9169 ll=0.3707 mae=13.83 | persistence acc=0.9169
[15/128] ar_order=3,n_bins=10,other_lags=3,relative=True,velocity=binned  (3s)
    model acc=0.9366 ll=0.2472 mae=12.87 acc@change=0.356 | AR acc=0.9169 ll=0.3707 mae=13.83 | persistence acc=0.9169
[16/128] ar_order=3,max_parents=6,n_bins=10,other_lags=3,relative=True,velocity=binned  (5s)
    model acc=0.9377 ll=0.2325 mae=12.62 acc@change=0.346 | AR acc=0.9169 ll=0.3707 mae=13.83 | persistence acc=0.9169
[17/128] ref  (2s)
    model acc=0.8992 ll=0.3711 mae=8.86 acc@change=0.359 | AR acc=0.8657 ll=0.5162 mae=9.90 | persistence acc=0.8700
[18/128] max_parents=6  (2s)
    model acc=0.8992 ll=0.3686 mae=8.79 acc@change=0.359 | AR acc=0.8657 ll=0.5162 mae=9.90 | persistence acc=0.8700
[19/128] relative=True  (2s)
    model acc=0.8964 ll=0.3831 mae=8.86 acc@change=0.340 | AR acc=0.8657 ll=0.5162 mae=9.90 | persistence acc=0.8700
[20/128] max_parents=6,relative=True  (2s)
    model acc=0.8964 ll=0.3819 mae=8.83 acc@change=0.340 | AR acc=0.8657 ll=0.5162 mae=9.90 | persistence acc=0.8700
[21/128] ar_order=2,other_lags=2  (3s)
    model acc=0.9121 ll=0.3276 mae=8.98 acc@change=0.501 | AR acc=0.8657 ll=0.5162 mae=9.90 | persistence acc=0.8700
[22/128] ar_order=2,max_parents=6,other_lags=2  (4s)
    model acc=0.9116 ll=0.3291 mae=8.85 acc@change=0.475 | AR acc=0.8657 ll=0.5162 mae=9.90 | persistence acc=0.8700
[23/128] ar_order=2,other_lags=2,relative=True  (3s)
    model acc=0.9084 ll=0.3387 mae=8.90 acc@change=0.459 | AR acc=0.8657 ll=0.5162 mae=9.90 | persistence acc=0.8700
[24/128] ar_order=2,max_parents=6,other_lags=2,relative=True  (4s)
    model acc=0.9115 ll=0.3320 mae=8.88 acc@change=0.467 | AR acc=0.8657 ll=0.5162 mae=9.90 | persistence acc=0.8700
[25/128] ar_order=2,other_lags=2,velocity=binned  (3s)
    model acc=0.9121 ll=0.3276 mae=8.98 acc@change=0.501 | AR acc=0.8657 ll=0.5162 mae=9.90 | persistence acc=0.8700
[26/128] ar_order=2,max_parents=6,other_lags=2,velocity=binned  (5s)
    model acc=0.9116 ll=0.3291 mae=8.85 acc@change=0.475 | AR acc=0.8657 ll=0.5162 mae=9.90 | persistence acc=0.8700
[27/128] ar_order=2,other_lags=2,relative=True,velocity=binned  (4s)
    model acc=0.9084 ll=0.3387 mae=8.90 acc@change=0.459 | AR acc=0.8657 ll=0.5162 mae=9.90 | persistence acc=0.8700
[28/128] ar_order=2,max_parents=6,other_lags=2,relative=True,velocity=binned  (5s)
    model acc=0.9115 ll=0.3320 mae=8.88 acc@change=0.467 | AR acc=0.8657 ll=0.5162 mae=9.90 | persistence acc=0.8700
[29/128] ar_order=3,other_lags=3,velocity=binned  (5s)
    model acc=0.9142 ll=0.3204 mae=8.88 acc@change=0.475 | AR acc=0.8657 ll=0.5162 mae=9.90 | persistence acc=0.8700
[30/128] ar_order=3,max_parents=6,other_lags=3,velocity=binned  (8s)
    model acc=0.9136 ll=0.3174 mae=8.77 acc@change=0.438 | AR acc=0.8657 ll=0.5162 mae=9.90 | persistence acc=0.8700
[31/128] ar_order=3,other_lags=3,relative=True,velocity=binned  (5s)
    model acc=0.9105 ll=0.3315 mae=8.80 acc@change=0.434 | AR acc=0.8657 ll=0.5162 mae=9.90 | persistence acc=0.8700
[32/128] ar_order=3,max_parents=6,other_lags=3,relative=True,velocity=binned  (8s)
    model acc=0.9137 ll=0.3207 mae=8.77 acc@change=0.429 | AR acc=0.8657 ll=0.5162 mae=9.90 | persistence acc=0.8700
[33/128] n_bins=30  (2s)
    model acc=0.8751 ll=0.4510 mae=6.72 acc@change=0.396 | AR acc=0.8299 ll=0.6162 mae=7.54 | persistence acc=0.8383
[34/128] max_parents=6,n_bins=30  (2s)
    model acc=0.8751 ll=0.4497 mae=6.68 acc@change=0.396 | AR acc=0.8299 ll=0.6162 mae=7.54 | persistence acc=0.8383
[35/128] n_bins=30,relative=True  (2s)
    model acc=0.8751 ll=0.4510 mae=6.72 acc@change=0.396 | AR acc=0.8299 ll=0.6162 mae=7.54 | persistence acc=0.8383
[36/128] max_parents=6,n_bins=30,relative=True  (3s)
    model acc=0.8751 ll=0.4497 mae=6.68 acc@change=0.396 | AR acc=0.8299 ll=0.6162 mae=7.54 | persistence acc=0.8383
[37/128] ar_order=2,n_bins=30,other_lags=2  (3s)
    model acc=0.8898 ll=0.3833 mae=6.57 acc@change=0.485 | AR acc=0.8299 ll=0.6162 mae=7.54 | persistence acc=0.8383
[38/128] ar_order=2,max_parents=6,n_bins=30,other_lags=2  (4s)
    model acc=0.8898 ll=0.3833 mae=6.57 acc@change=0.485 | AR acc=0.8299 ll=0.6162 mae=7.54 | persistence acc=0.8383
[39/128] ar_order=2,n_bins=30,other_lags=2,relative=True  (4s)
    model acc=0.8898 ll=0.3833 mae=6.57 acc@change=0.485 | AR acc=0.8299 ll=0.6162 mae=7.54 | persistence acc=0.8383
[40/128] ar_order=2,max_parents=6,n_bins=30,other_lags=2,relative=True  (5s)
    model acc=0.8898 ll=0.3833 mae=6.57 acc@change=0.485 | AR acc=0.8299 ll=0.6162 mae=7.54 | persistence acc=0.8383
[41/128] ar_order=2,n_bins=30,other_lags=2,velocity=binned  (4s)
    model acc=0.8898 ll=0.3833 mae=6.57 acc@change=0.485 | AR acc=0.8299 ll=0.6162 mae=7.54 | persistence acc=0.8383
[42/128] ar_order=2,max_parents=6,n_bins=30,other_lags=2,velocity=binned  (5s)
    model acc=0.8898 ll=0.3833 mae=6.57 acc@change=0.485 | AR acc=0.8299 ll=0.6162 mae=7.54 | persistence acc=0.8383
[43/128] ar_order=2,n_bins=30,other_lags=2,relative=True,velocity=binned  (4s)
    model acc=0.8898 ll=0.3833 mae=6.57 acc@change=0.485 | AR acc=0.8299 ll=0.6162 mae=7.54 | persistence acc=0.8383
[44/128] ar_order=2,max_parents=6,n_bins=30,other_lags=2,relative=True,velocity=binned  (6s)
    model acc=0.8898 ll=0.3833 mae=6.57 acc@change=0.485 | AR acc=0.8299 ll=0.6162 mae=7.54 | persistence acc=0.8383
[45/128] ar_order=3,n_bins=30,other_lags=3,velocity=binned  (5s)
    model acc=0.8888 ll=0.3845 mae=6.57 acc@change=0.491 | AR acc=0.8299 ll=0.6162 mae=7.54 | persistence acc=0.8383
[46/128] ar_order=3,max_parents=6,n_bins=30,other_lags=3,velocity=binned  (7s)
    model acc=0.8903 ll=0.3816 mae=6.57 acc@change=0.492 | AR acc=0.8299 ll=0.6162 mae=7.54 | persistence acc=0.8383
[47/128] ar_order=3,n_bins=30,other_lags=3,relative=True,velocity=binned  (6s)
    model acc=0.8888 ll=0.3845 mae=6.57 acc@change=0.491 | AR acc=0.8299 ll=0.6162 mae=7.54 | persistence acc=0.8383
[48/128] ar_order=3,max_parents=6,n_bins=30,other_lags=3,relative=True,velocity=binned  (8s)
    model acc=0.8903 ll=0.3816 mae=6.57 acc@change=0.492 | AR acc=0.8299 ll=0.6162 mae=7.54 | persistence acc=0.8383
[49/128] n_bins=50  (2s)
    model acc=0.8362 ll=0.6236 mae=6.24 acc@change=0.419 | AR acc=0.7704 ll=0.8091 mae=7.07 | persistence acc=0.7935
[50/128] max_parents=6,n_bins=50  (3s)
    model acc=0.8362 ll=0.6236 mae=6.24 acc@change=0.419 | AR acc=0.7704 ll=0.8091 mae=7.07 | persistence acc=0.7935
[51/128] n_bins=50,relative=True  (3s)
    model acc=0.8362 ll=0.6236 mae=6.24 acc@change=0.419 | AR acc=0.7704 ll=0.8091 mae=7.07 | persistence acc=0.7935
[52/128] max_parents=6,n_bins=50,relative=True  (3s)
    model acc=0.8362 ll=0.6236 mae=6.24 acc@change=0.419 | AR acc=0.7704 ll=0.8091 mae=7.07 | persistence acc=0.7935
[53/128] ar_order=2,n_bins=50,other_lags=2  (4s)
    model acc=0.8539 ll=0.5405 mae=6.21 acc@change=0.509 | AR acc=0.7704 ll=0.8091 mae=7.07 | persistence acc=0.7935
[54/128] ar_order=2,max_parents=6,n_bins=50,other_lags=2  (5s)
    model acc=0.8539 ll=0.5405 mae=6.21 acc@change=0.509 | AR acc=0.7704 ll=0.8091 mae=7.07 | persistence acc=0.7935
[55/128] ar_order=2,n_bins=50,other_lags=2,relative=True  (4s)
    model acc=0.8539 ll=0.5405 mae=6.21 acc@change=0.509 | AR acc=0.7704 ll=0.8091 mae=7.07 | persistence acc=0.7935
[56/128] ar_order=2,max_parents=6,n_bins=50,other_lags=2,relative=True  (5s)
    model acc=0.8539 ll=0.5405 mae=6.21 acc@change=0.509 | AR acc=0.7704 ll=0.8091 mae=7.07 | persistence acc=0.7935
[57/128] ar_order=2,n_bins=50,other_lags=2,velocity=binned  (5s)
    model acc=0.8539 ll=0.5405 mae=6.21 acc@change=0.509 | AR acc=0.7704 ll=0.8091 mae=7.07 | persistence acc=0.7935
[58/128] ar_order=2,max_parents=6,n_bins=50,other_lags=2,velocity=binned  (6s)
    model acc=0.8539 ll=0.5405 mae=6.21 acc@change=0.509 | AR acc=0.7704 ll=0.8091 mae=7.07 | persistence acc=0.7935
[59/128] ar_order=2,n_bins=50,other_lags=2,relative=True,velocity=binned  (6s)
    model acc=0.8539 ll=0.5405 mae=6.21 acc@change=0.509 | AR acc=0.7704 ll=0.8091 mae=7.07 | persistence acc=0.7935
[60/128] ar_order=2,max_parents=6,n_bins=50,other_lags=2,relative=True,velocity=binned  (6s)
    model acc=0.8539 ll=0.5405 mae=6.21 acc@change=0.509 | AR acc=0.7704 ll=0.8091 mae=7.07 | persistence acc=0.7935
[61/128] ar_order=3,n_bins=50,other_lags=3,velocity=binned  (7s)
    model acc=0.8538 ll=0.5415 mae=6.24 acc@change=0.499 | AR acc=0.7704 ll=0.8091 mae=7.07 | persistence acc=0.7935
[62/128] ar_order=3,max_parents=6,n_bins=50,other_lags=3,velocity=binned  (8s)
    model acc=0.8538 ll=0.5415 mae=6.24 acc@change=0.499 | AR acc=0.7704 ll=0.8091 mae=7.07 | persistence acc=0.7935
[63/128] ar_order=3,n_bins=50,other_lags=3,relative=True,velocity=binned  (7s)
    model acc=0.8538 ll=0.5415 mae=6.24 acc@change=0.499 | AR acc=0.7704 ll=0.8091 mae=7.07 | persistence acc=0.7935
[64/128] ar_order=3,max_parents=6,n_bins=50,other_lags=3,relative=True,velocity=binned  (9s)
    model acc=0.8538 ll=0.5415 mae=6.24 acc@change=0.499 | AR acc=0.7704 ll=0.8091 mae=7.07 | persistence acc=0.7935
[65/128] engine=hc-aic,n_bins=10  (1s)
    model acc=0.9151 ll=0.3121 mae=13.52 acc@change=0.181 | AR acc=0.9169 ll=0.3707 mae=13.83 | persistence acc=0.9169
[66/128] engine=hc-aic,max_parents=6,n_bins=10  (1s)
    model acc=0.9151 ll=0.3121 mae=13.52 acc@change=0.181 | AR acc=0.9169 ll=0.3707 mae=13.83 | persistence acc=0.9169
[67/128] engine=hc-aic,n_bins=10,relative=True  (1s)
    model acc=0.9151 ll=0.3121 mae=13.52 acc@change=0.181 | AR acc=0.9169 ll=0.3707 mae=13.83 | persistence acc=0.9169
[68/128] engine=hc-aic,max_parents=6,n_bins=10,relative=True  (1s)
    model acc=0.9151 ll=0.3121 mae=13.52 acc@change=0.181 | AR acc=0.9169 ll=0.3707 mae=13.83 | persistence acc=0.9169
[69/128] ar_order=2,engine=hc-aic,n_bins=10,other_lags=2  (1s)
    model acc=0.9151 ll=0.3121 mae=13.52 acc@change=0.181 | AR acc=0.9169 ll=0.3707 mae=13.83 | persistence acc=0.9169
[70/128] ar_order=2,engine=hc-aic,max_parents=6,n_bins=10,other_lags=2  (1s)
    model acc=0.9151 ll=0.3121 mae=13.52 acc@change=0.181 | AR acc=0.9169 ll=0.3707 mae=13.83 | persistence acc=0.9169
[71/128] ar_order=2,engine=hc-aic,n_bins=10,other_lags=2,relative=True  (1s)
    model acc=0.9151 ll=0.3121 mae=13.52 acc@change=0.181 | AR acc=0.9169 ll=0.3707 mae=13.83 | persistence acc=0.9169
[72/128] ar_order=2,engine=hc-aic,max_parents=6,n_bins=10,other_lags=2,relative=True  (1s)
    model acc=0.9151 ll=0.3121 mae=13.52 acc@change=0.181 | AR acc=0.9169 ll=0.3707 mae=13.83 | persistence acc=0.9169
[73/128] ar_order=2,engine=hc-aic,n_bins=10,other_lags=2,velocity=binned  (1s)
    model acc=0.9151 ll=0.3121 mae=13.52 acc@change=0.181 | AR acc=0.9169 ll=0.3707 mae=13.83 | persistence acc=0.9169
[74/128] ar_order=2,engine=hc-aic,max_parents=6,n_bins=10,other_lags=2,velocity=binned  (1s)
    model acc=0.9151 ll=0.3121 mae=13.52 acc@change=0.181 | AR acc=0.9169 ll=0.3707 mae=13.83 | persistence acc=0.9169
[75/128] ar_order=2,engine=hc-aic,n_bins=10,other_lags=2,relative=True,velocity=binned  (1s)
    model acc=0.9151 ll=0.3121 mae=13.52 acc@change=0.181 | AR acc=0.9169 ll=0.3707 mae=13.83 | persistence acc=0.9169
[76/128] ar_order=2,engine=hc-aic,max_parents=6,n_bins=10,other_lags=2,relative=True,velocity=binned  (1s)
    model acc=0.9151 ll=0.3121 mae=13.52 acc@change=0.181 | AR acc=0.9169 ll=0.3707 mae=13.83 | persistence acc=0.9169
[77/128] ar_order=3,engine=hc-aic,n_bins=10,other_lags=3,velocity=binned  (2s)
    model acc=0.9151 ll=0.3121 mae=13.52 acc@change=0.181 | AR acc=0.9169 ll=0.3707 mae=13.83 | persistence acc=0.9169
[78/128] ar_order=3,engine=hc-aic,max_parents=6,n_bins=10,other_lags=3,velocity=binned  (2s)
    model acc=0.9151 ll=0.3121 mae=13.52 acc@change=0.181 | AR acc=0.9169 ll=0.3707 mae=13.83 | persistence acc=0.9169
[79/128] ar_order=3,engine=hc-aic,n_bins=10,other_lags=3,relative=True,velocity=binned  (2s)
    model acc=0.9151 ll=0.3121 mae=13.52 acc@change=0.181 | AR acc=0.9169 ll=0.3707 mae=13.83 | persistence acc=0.9169
[80/128] ar_order=3,engine=hc-aic,max_parents=6,n_bins=10,other_lags=3,relative=True,velocity=binned  (2s)
    model acc=0.9151 ll=0.3121 mae=13.52 acc@change=0.181 | AR acc=0.9169 ll=0.3707 mae=13.83 | persistence acc=0.9169
[81/128] engine=hc-aic  (1s)
    model acc=0.8772 ll=0.4550 mae=9.84 acc@change=0.286 | AR acc=0.8657 ll=0.5162 mae=9.90 | persistence acc=0.8700
[82/128] engine=hc-aic,max_parents=6  (1s)
    model acc=0.8772 ll=0.4550 mae=9.84 acc@change=0.286 | AR acc=0.8657 ll=0.5162 mae=9.90 | persistence acc=0.8700
[83/128] engine=hc-aic,relative=True  (1s)
    model acc=0.8772 ll=0.4550 mae=9.84 acc@change=0.286 | AR acc=0.8657 ll=0.5162 mae=9.90 | persistence acc=0.8700
[84/128] engine=hc-aic,max_parents=6,relative=True  (1s)
    model acc=0.8772 ll=0.4550 mae=9.84 acc@change=0.286 | AR acc=0.8657 ll=0.5162 mae=9.90 | persistence acc=0.8700
[85/128] ar_order=2,engine=hc-aic,other_lags=2  (1s)
    model acc=0.8772 ll=0.4550 mae=9.84 acc@change=0.286 | AR acc=0.8657 ll=0.5162 mae=9.90 | persistence acc=0.8700
[86/128] ar_order=2,engine=hc-aic,max_parents=6,other_lags=2  (1s)
    model acc=0.8772 ll=0.4550 mae=9.84 acc@change=0.286 | AR acc=0.8657 ll=0.5162 mae=9.90 | persistence acc=0.8700
[87/128] ar_order=2,engine=hc-aic,other_lags=2,relative=True  (1s)
    model acc=0.8772 ll=0.4550 mae=9.84 acc@change=0.286 | AR acc=0.8657 ll=0.5162 mae=9.90 | persistence acc=0.8700
[88/128] ar_order=2,engine=hc-aic,max_parents=6,other_lags=2,relative=True  (1s)
    model acc=0.8772 ll=0.4550 mae=9.84 acc@change=0.286 | AR acc=0.8657 ll=0.5162 mae=9.90 | persistence acc=0.8700
[89/128] ar_order=2,engine=hc-aic,other_lags=2,velocity=binned  (1s)
    model acc=0.8772 ll=0.4550 mae=9.84 acc@change=0.286 | AR acc=0.8657 ll=0.5162 mae=9.90 | persistence acc=0.8700
[90/128] ar_order=2,engine=hc-aic,max_parents=6,other_lags=2,velocity=binned  (1s)
    model acc=0.8772 ll=0.4550 mae=9.84 acc@change=0.286 | AR acc=0.8657 ll=0.5162 mae=9.90 | persistence acc=0.8700
[91/128] ar_order=2,engine=hc-aic,other_lags=2,relative=True,velocity=binned  (1s)
    model acc=0.8772 ll=0.4550 mae=9.84 acc@change=0.286 | AR acc=0.8657 ll=0.5162 mae=9.90 | persistence acc=0.8700
[92/128] ar_order=2,engine=hc-aic,max_parents=6,other_lags=2,relative=True,velocity=binned  (1s)
    model acc=0.8772 ll=0.4550 mae=9.84 acc@change=0.286 | AR acc=0.8657 ll=0.5162 mae=9.90 | persistence acc=0.8700
[93/128] ar_order=3,engine=hc-aic,other_lags=3,velocity=binned  (1s)
    model acc=0.8772 ll=0.4550 mae=9.84 acc@change=0.286 | AR acc=0.8657 ll=0.5162 mae=9.90 | persistence acc=0.8700
[94/128] ar_order=3,engine=hc-aic,max_parents=6,other_lags=3,velocity=binned  (1s)
    model acc=0.8772 ll=0.4550 mae=9.84 acc@change=0.286 | AR acc=0.8657 ll=0.5162 mae=9.90 | persistence acc=0.8700
[95/128] ar_order=3,engine=hc-aic,other_lags=3,relative=True,velocity=binned  (1s)
    model acc=0.8772 ll=0.4550 mae=9.84 acc@change=0.286 | AR acc=0.8657 ll=0.5162 mae=9.90 | persistence acc=0.8700
[96/128] ar_order=3,engine=hc-aic,max_parents=6,other_lags=3,relative=True,velocity=binned  (1s)
    model acc=0.8772 ll=0.4550 mae=9.84 acc@change=0.286 | AR acc=0.8657 ll=0.5162 mae=9.90 | persistence acc=0.8700
[97/128] engine=hc-aic,n_bins=30  (1s)
    model acc=0.8315 ll=0.5841 mae=8.42 acc@change=0.121 | AR acc=0.8299 ll=0.6162 mae=7.54 | persistence acc=0.8383
[98/128] engine=hc-aic,max_parents=6,n_bins=30  (1s)
    model acc=0.8315 ll=0.5841 mae=8.42 acc@change=0.121 | AR acc=0.8299 ll=0.6162 mae=7.54 | persistence acc=0.8383
[99/128] engine=hc-aic,n_bins=30,relative=True  (1s)
    model acc=0.8315 ll=0.5841 mae=8.42 acc@change=0.121 | AR acc=0.8299 ll=0.6162 mae=7.54 | persistence acc=0.8383
[100/128] engine=hc-aic,max_parents=6,n_bins=30,relative=True  (1s)
    model acc=0.8315 ll=0.5841 mae=8.42 acc@change=0.121 | AR acc=0.8299 ll=0.6162 mae=7.54 | persistence acc=0.8383
[101/128] ar_order=2,engine=hc-aic,n_bins=30,other_lags=2  (1s)
    model acc=0.8315 ll=0.5841 mae=8.42 acc@change=0.121 | AR acc=0.8299 ll=0.6162 mae=7.54 | persistence acc=0.8383
[102/128] ar_order=2,engine=hc-aic,max_parents=6,n_bins=30,other_lags=2  (1s)
    model acc=0.8315 ll=0.5841 mae=8.42 acc@change=0.121 | AR acc=0.8299 ll=0.6162 mae=7.54 | persistence acc=0.8383
[103/128] ar_order=2,engine=hc-aic,n_bins=30,other_lags=2,relative=True  (1s)
    model acc=0.8315 ll=0.5841 mae=8.42 acc@change=0.121 | AR acc=0.8299 ll=0.6162 mae=7.54 | persistence acc=0.8383
[104/128] ar_order=2,engine=hc-aic,max_parents=6,n_bins=30,other_lags=2,relative=True  (1s)
    model acc=0.8315 ll=0.5841 mae=8.42 acc@change=0.121 | AR acc=0.8299 ll=0.6162 mae=7.54 | persistence acc=0.8383
[105/128] ar_order=2,engine=hc-aic,n_bins=30,other_lags=2,velocity=binned  (1s)
    model acc=0.8315 ll=0.5841 mae=8.42 acc@change=0.121 | AR acc=0.8299 ll=0.6162 mae=7.54 | persistence acc=0.8383
[106/128] ar_order=2,engine=hc-aic,max_parents=6,n_bins=30,other_lags=2,velocity=binned  (1s)
    model acc=0.8315 ll=0.5841 mae=8.42 acc@change=0.121 | AR acc=0.8299 ll=0.6162 mae=7.54 | persistence acc=0.8383
[107/128] ar_order=2,engine=hc-aic,n_bins=30,other_lags=2,relative=True,velocity=binned  (1s)
    model acc=0.8315 ll=0.5841 mae=8.42 acc@change=0.121 | AR acc=0.8299 ll=0.6162 mae=7.54 | persistence acc=0.8383
[108/128] ar_order=2,engine=hc-aic,max_parents=6,n_bins=30,other_lags=2,relative=True,velocity=binned  (1s)
    model acc=0.8315 ll=0.5841 mae=8.42 acc@change=0.121 | AR acc=0.8299 ll=0.6162 mae=7.54 | persistence acc=0.8383
[109/128] ar_order=3,engine=hc-aic,n_bins=30,other_lags=3,velocity=binned  (1s)
    model acc=0.8315 ll=0.5841 mae=8.42 acc@change=0.121 | AR acc=0.8299 ll=0.6162 mae=7.54 | persistence acc=0.8383
[110/128] ar_order=3,engine=hc-aic,max_parents=6,n_bins=30,other_lags=3,velocity=binned  (1s)
    model acc=0.8315 ll=0.5841 mae=8.42 acc@change=0.121 | AR acc=0.8299 ll=0.6162 mae=7.54 | persistence acc=0.8383
[111/128] ar_order=3,engine=hc-aic,n_bins=30,other_lags=3,relative=True,velocity=binned  (1s)
    model acc=0.8315 ll=0.5841 mae=8.42 acc@change=0.121 | AR acc=0.8299 ll=0.6162 mae=7.54 | persistence acc=0.8383
[112/128] ar_order=3,engine=hc-aic,max_parents=6,n_bins=30,other_lags=3,relative=True,velocity=binned  (1s)
    model acc=0.8315 ll=0.5841 mae=8.42 acc@change=0.121 | AR acc=0.8299 ll=0.6162 mae=7.54 | persistence acc=0.8383
[113/128] engine=hc-aic,n_bins=50  (1s)
    model acc=0.7671 ll=0.8013 mae=7.28 acc@change=0.066 | AR acc=0.7704 ll=0.8091 mae=7.07 | persistence acc=0.7935
[114/128] engine=hc-aic,max_parents=6,n_bins=50  (1s)
    model acc=0.7671 ll=0.8013 mae=7.28 acc@change=0.066 | AR acc=0.7704 ll=0.8091 mae=7.07 | persistence acc=0.7935
[115/128] engine=hc-aic,n_bins=50,relative=True  (1s)
    model acc=0.7671 ll=0.8013 mae=7.28 acc@change=0.066 | AR acc=0.7704 ll=0.8091 mae=7.07 | persistence acc=0.7935
[116/128] engine=hc-aic,max_parents=6,n_bins=50,relative=True  (1s)
    model acc=0.7671 ll=0.8013 mae=7.28 acc@change=0.066 | AR acc=0.7704 ll=0.8091 mae=7.07 | persistence acc=0.7935
[117/128] ar_order=2,engine=hc-aic,n_bins=50,other_lags=2  (1s)
    model acc=0.7671 ll=0.8013 mae=7.28 acc@change=0.066 | AR acc=0.7704 ll=0.8091 mae=7.07 | persistence acc=0.7935
[118/128] ar_order=2,engine=hc-aic,max_parents=6,n_bins=50,other_lags=2  (1s)
    model acc=0.7671 ll=0.8013 mae=7.28 acc@change=0.066 | AR acc=0.7704 ll=0.8091 mae=7.07 | persistence acc=0.7935
[119/128] ar_order=2,engine=hc-aic,n_bins=50,other_lags=2,relative=True  (1s)
    model acc=0.7671 ll=0.8013 mae=7.28 acc@change=0.066 | AR acc=0.7704 ll=0.8091 mae=7.07 | persistence acc=0.7935
[120/128] ar_order=2,engine=hc-aic,max_parents=6,n_bins=50,other_lags=2,relative=True  (1s)
    model acc=0.7671 ll=0.8013 mae=7.28 acc@change=0.066 | AR acc=0.7704 ll=0.8091 mae=7.07 | persistence acc=0.7935
[121/128] ar_order=2,engine=hc-aic,n_bins=50,other_lags=2,velocity=binned  (1s)
    model acc=0.7714 ll=0.7839 mae=6.91 acc@change=0.078 | AR acc=0.7704 ll=0.8091 mae=7.07 | persistence acc=0.7935
[122/128] ar_order=2,engine=hc-aic,max_parents=6,n_bins=50,other_lags=2,velocity=binned  (1s)
    model acc=0.7714 ll=0.7839 mae=6.91 acc@change=0.078 | AR acc=0.7704 ll=0.8091 mae=7.07 | persistence acc=0.7935
[123/128] ar_order=2,engine=hc-aic,n_bins=50,other_lags=2,relative=True,velocity=binned  (1s)
    model acc=0.7714 ll=0.7839 mae=6.91 acc@change=0.078 | AR acc=0.7704 ll=0.8091 mae=7.07 | persistence acc=0.7935
[124/128] ar_order=2,engine=hc-aic,max_parents=6,n_bins=50,other_lags=2,relative=True,velocity=binned  (1s)
    model acc=0.7714 ll=0.7839 mae=6.91 acc@change=0.078 | AR acc=0.7704 ll=0.8091 mae=7.07 | persistence acc=0.7935
[125/128] ar_order=3,engine=hc-aic,n_bins=50,other_lags=3,velocity=binned  (1s)
    model acc=0.7714 ll=0.7839 mae=6.91 acc@change=0.078 | AR acc=0.7704 ll=0.8091 mae=7.07 | persistence acc=0.7935
[126/128] ar_order=3,engine=hc-aic,max_parents=6,n_bins=50,other_lags=3,velocity=binned  (1s)
    model acc=0.7714 ll=0.7839 mae=6.91 acc@change=0.078 | AR acc=0.7704 ll=0.8091 mae=7.07 | persistence acc=0.7935
[127/128] ar_order=3,engine=hc-aic,n_bins=50,other_lags=3,relative=True,velocity=binned  (2s)
    model acc=0.7714 ll=0.7839 mae=6.91 acc@change=0.078 | AR acc=0.7704 ll=0.8091 mae=7.07 | persistence acc=0.7935
[128/128] ar_order=3,engine=hc-aic,max_parents=6,n_bins=50,other_lags=3,relative=True,velocity=binned  (2s)
    model acc=0.7714 ll=0.7839 mae=6.91 acc@change=0.078 | AR acc=0.7704 ll=0.8091 mae=7.07 | persistence acc=0.7935

Saved /home/nero/Downloads/dbn_model_construction/results/ablation/interactions_20260319_094316_seed783122_run20261008_172957_ga05edf8_folds.csv
Saved /home/nero/Downloads/dbn_model_construction/results/ablation/interactions_20260319_094316_seed783122_run20261008_172957_ga05edf8_runs.csv.gz
[1/6] ref  (3s)
    model acc=0.8992 ll=0.3711 mae=8.86 acc@change=0.359 | AR acc=0.8657 ll=0.5162 mae=9.90 | persistence acc=0.8700
[2/6] engine=hc-aic  (1s)
    model acc=0.8772 ll=0.4550 mae=9.84 acc@change=0.286 | AR acc=0.8657 ll=0.5162 mae=9.90 | persistence acc=0.8700
[3/6] engine=hc-bic,prior=bdeu  (1s)
    model acc=0.8636 ll=0.5224 mae=10.01 acc@change=0.035 | AR acc=0.8657 ll=0.5162 mae=9.90 | persistence acc=0.8700
[4/6] cv=blocked  (3s)
    model acc=0.9079 ll=0.3242 mae=8.15 acc@change=0.429 | AR acc=0.8719 ll=0.4881 mae=9.57 | persistence acc=0.8719
[5/6] cv=blocked,engine=hc-aic  (1s)
    model acc=0.9084 ll=0.3586 mae=8.95 acc@change=0.486 | AR acc=0.8719 ll=0.4881 mae=9.57 | persistence acc=0.8719
[6/6] cv=blocked,engine=hc-bic,prior=bdeu  (1s)
    model acc=0.8719 ll=0.4881 mae=9.57 acc@change=0.000 | AR acc=0.8719 ll=0.4881 mae=9.57 | persistence acc=0.8719

Saved /home/nero/Downloads/dbn_model_construction/results/ablation/cv_20260319_094316_seed783122_run20261008_173536_ga05edf8_folds.csv
Saved /home/nero/Downloads/dbn_model_construction/results/ablation/cv_20260319_094316_seed783122_run20261008_173536_ga05edf8_runs.csv.gz
[1/4] ref  (3s)
    model acc=0.8992 ll=0.3711 mae=8.86 acc@change=0.359 | AR acc=0.8657 ll=0.5162 mae=9.90 | persistence acc=0.8700
[2/4] n_bins=50  (3s)
    model acc=0.8362 ll=0.6236 mae=6.24 acc@change=0.419 | AR acc=0.7704 ll=0.8091 mae=7.07 | persistence acc=0.7935
[3/4] granularity=30,n_bins=4  (1s)
    model acc=0.9103 ll=0.3134 mae=41.69 acc@change=0.000 | AR acc=0.9103 ll=0.3831 mae=44.50 | persistence acc=0.9103
[4/4] granularity=30  (0s)
    model acc=0.8274 ll=0.9309 mae=27.24 acc@change=0.013 | AR acc=0.8255 ll=0.9849 mae=30.86 | persistence acc=0.8371

Saved /home/nero/Downloads/dbn_model_construction/results/ablation/refs_20260319_094316_seed783122_run20261008_173545_ga05edf8_folds.csv
Saved /home/nero/Downloads/dbn_model_construction/results/ablation/refs_20260319_094316_seed783122_run20261008_173545_ga05edf8_runs.csv.gz
[1/4] ref  (13s)
    model acc=0.8992 ll=0.3711 mae=8.86 acc@change=0.359 | AR acc=0.8657 ll=0.5162 mae=9.90 | persistence acc=0.8700
[2/4] n_bins=50  (13s)
    model acc=0.8362 ll=0.6236 mae=6.24 acc@change=0.419 | AR acc=0.7704 ll=0.8091 mae=7.07 | persistence acc=0.7935
[3/4] granularity=30,n_bins=4  (6s)
    model acc=0.9103 ll=0.3134 mae=41.69 acc@change=0.000 | AR acc=0.9103 ll=0.3831 mae=44.50 | persistence acc=0.9103
[4/4] granularity=30  (5s)
    model acc=0.8274 ll=0.9309 mae=27.24 acc@change=0.013 | AR acc=0.8255 ll=0.9849 mae=30.86 | persistence acc=0.8371

Saved /home/nero/Downloads/dbn_model_construction/results/ablation/refs_20260319_094316_seed783122_run20261008_173553_ga05edf8_folds.csv
Saved /home/nero/Downloads/dbn_model_construction/results/ablation/refs_20260319_094316_seed783122_run20261008_173553_ga05edf8_runs.csv.gz
[fold 1] learned done
[fold 1] local done
[fold 1] chain done
[fold 1] anchored done
[fold 1] capacity done
[fold 1] level done
[fold 1] level? done
[fold 2] learned done
[fold 2] local done
[fold 2] chain done
[fold 2] anchored done
[fold 2] capacity done
[fold 2] level done
[fold 2] level? done
[fold 3] learned done
[fold 3] local done
[fold 3] chain done
[fold 3] anchored done
[fold 3] capacity done
[fold 3] level done
[fold 3] level? done
[fold 4] learned done
[fold 4] local done
[fold 4] chain done
[fold 4] anchored done
[fold 4] capacity done
[fold 4] level done
[fold 4] level? done
[fold 5] learned done
[fold 5] local done
[fold 5] chain done
[fold 5] anchored done
[fold 5] capacity done
[fold 5] level done
[fold 5] level? done

== acc ==
horizon                                       1      2      5      10     30
target       load_future method                                             
throughput_1 frozen      rollout:anchored  0.934  0.933  0.907  0.859  0.751
                         rollout:capacity  0.924  0.923  0.897  0.850  0.770
                         rollout:chain     0.932  0.928  0.900  0.850  0.761
                         rollout:learned   0.939  0.935  0.916  0.891  0.842
                         rollout:local     0.938  0.936  0.916  0.892  0.842
                         static_chain      0.376  0.377  0.375  0.375  0.369
             known       ar                0.929  0.929  0.927  0.923  0.912
                         direct            0.938  0.938  0.933  0.932  0.917
                         persistence       0.935  0.935  0.933  0.930  0.918
                         rollout:anchored  0.933  0.934  0.906  0.859  0.751
                         rollout:capacity  0.923  0.923  0.897  0.850  0.771
                         rollout:chain     0.930  0.927  0.900  0.849  0.764
                         rollout:learned   0.938  0.935  0.916  0.891  0.840
                         rollout:level     0.943  0.943  0.927  0.897  0.839
                         rollout:level?    0.939  0.937  0.919  0.895  0.841
                         rollout:local     0.938  0.935  0.917  0.891  0.840
                         static_chain      0.376  0.378  0.376  0.376  0.375
throughput_2 frozen      rollout:anchored  0.887  0.876  0.830  0.769  0.654
                         rollout:capacity  0.888  0.865  0.829  0.788  0.707
                         rollout:chain     0.892  0.873  0.848  0.808  0.712
                         rollout:learned   0.894  0.884  0.865  0.829  0.728
                         rollout:local     0.889  0.873  0.858  0.821  0.725
                         static_chain      0.407  0.406  0.406  0.405  0.404
             known       ar                0.882  0.877  0.868  0.864  0.852
                         direct            0.892  0.887  0.877  0.875  0.842
                         persistence       0.886  0.881  0.871  0.867  0.855
                         rollout:anchored  0.886  0.876  0.829  0.766  0.654
                         rollout:capacity  0.887  0.865  0.828  0.788  0.706
                         rollout:chain     0.893  0.872  0.849  0.810  0.713
                         rollout:learned   0.893  0.883  0.866  0.832  0.732
                         rollout:level     0.897  0.884  0.864  0.849  0.811
                         rollout:level?    0.896  0.884  0.865  0.852  0.810
                         rollout:local     0.889  0.873  0.857  0.821  0.726
                         static_chain      0.407  0.406  0.406  0.406  0.407
throughput_3 frozen      rollout:anchored  0.877  0.871  0.813  0.755  0.617
                         rollout:capacity  0.891  0.881  0.836  0.803  0.699
                         rollout:chain     0.907  0.884  0.840  0.799  0.697
                         rollout:learned   0.912  0.884  0.854  0.828  0.711
                         rollout:local     0.915  0.886  0.846  0.815  0.708
                         static_chain      0.348  0.350  0.352  0.349  0.346
             known       ar                0.867  0.859  0.851  0.857  0.834
                         direct            0.914  0.883  0.862  0.869  0.841
                         persistence       0.870  0.863  0.855  0.857  0.837
                         rollout:anchored  0.878  0.870  0.816  0.759  0.617
                         rollout:capacity  0.892  0.879  0.835  0.803  0.700
                         rollout:chain     0.908  0.885  0.838  0.800  0.700
                         rollout:learned   0.913  0.884  0.854  0.826  0.711
                         rollout:level     0.911  0.882  0.856  0.841  0.785
                         rollout:level?    0.914  0.882  0.857  0.842  0.781
                         rollout:local     0.915  0.884  0.848  0.816  0.711
                         static_chain      0.349  0.350  0.352  0.350  0.348

== logloss ==
horizon                                       1      2      5      10     30
target       load_future method                                             
throughput_1 frozen      rollout:anchored  0.267  0.314  0.399  0.517  0.796
                         rollout:capacity  0.286  0.329  0.397  0.499  0.763
                         rollout:chain     0.271  0.318  0.389  0.497  0.791
                         rollout:learned   0.214  0.263  0.328  0.407  0.620
                         rollout:local     0.215  0.263  0.328  0.407  0.623
                         static_chain      1.903  1.907  1.919  1.936  1.986
             known       ar                0.315  0.324  0.338  0.368  0.469
                         direct            0.217  0.230  0.253  0.282  0.407
                         persistence       1.802  1.787  1.853  1.945  2.269
                         rollout:anchored  0.268  0.315  0.398  0.519  0.781
                         rollout:capacity  0.284  0.326  0.398  0.492  0.746
                         rollout:chain     0.270  0.318  0.387  0.490  0.761
                         rollout:learned   0.215  0.260  0.327  0.411  0.618
                         rollout:level     0.206  0.246  0.298  0.370  0.619
                         rollout:level?    0.213  0.257  0.320  0.399  0.618
                         rollout:local     0.217  0.260  0.326  0.407  0.626
                         static_chain      1.902  1.904  1.905  1.906  1.908
throughput_2 frozen      rollout:anchored  0.405  0.459  0.584  0.741  1.086
                         rollout:capacity  0.382  0.428  0.525  0.649  0.917
                         rollout:chain     0.363  0.415  0.498  0.611  0.922
                         rollout:learned   0.365  0.396  0.472  0.579  0.896
                         rollout:local     0.363  0.399  0.484  0.597  0.911
                         static_chain      2.288  2.290  2.291  2.293  2.298
             known       ar                0.448  0.480  0.526  0.551  0.660
                         direct            0.352  0.366  0.428  0.458  0.596
                         persistence       3.150  3.284  3.555  3.671  3.997
                         rollout:anchored  0.410  0.461  0.582  0.744  1.083
                         rollout:capacity  0.384  0.434  0.527  0.650  0.911
                         rollout:chain     0.361  0.415  0.500  0.607  0.916
                         rollout:learned   0.368  0.395  0.475  0.581  0.898
                         rollout:level     0.349  0.383  0.448  0.515  0.769
                         rollout:level?    0.349  0.379  0.444  0.514  0.749
                         rollout:local     0.365  0.400  0.485  0.593  0.907
                         static_chain      2.289  2.293  2.288  2.280  2.270
throughput_3 frozen      rollout:anchored  0.452  0.487  0.628  0.793  1.171
                         rollout:capacity  0.380  0.402  0.533  0.645  0.943
                         rollout:chain     0.305  0.396  0.523  0.631  0.954
                         rollout:learned   0.314  0.391  0.497  0.600  0.949
                         rollout:local     0.300  0.381  0.500  0.614  0.971
                         static_chain      2.359  2.359  2.353  2.354  2.363
             known       ar                0.499  0.531  0.561  0.577  0.707
                         direct            0.296  0.388  0.464  0.488  0.648
                         persistence       3.588  3.798  3.994  3.940  4.491
                         rollout:anchored  0.453  0.488  0.630  0.787  1.164
                         rollout:capacity  0.380  0.405  0.533  0.644  0.940
                         rollout:chain     0.310  0.394  0.521  0.632  0.948
                         rollout:learned   0.315  0.393  0.496  0.600  0.948
                         rollout:level     0.304  0.382  0.477  0.546  0.830
                         rollout:level?    0.301  0.377  0.470  0.542  0.811
                         rollout:local     0.302  0.386  0.500  0.611  0.967
                         static_chain      2.360  2.360  2.355  2.351  2.353

== mae ==
horizon                                         1        2        5        10       30
target       load_future method                                                       
throughput_1 frozen      rollout:anchored    3.532    4.144    5.366    7.008   11.458
                         rollout:capacity    3.584    4.149    5.189    6.483   10.071
                         rollout:chain       3.503    4.068    5.193    6.636   10.497
                         rollout:learned     3.926    4.331    5.343    6.545   10.197
                         rollout:local       3.923    4.340    5.338    6.546   10.230
                         static_chain       82.839   82.884   83.036   83.144   83.442
             known       ar                  3.324    3.543    3.972    4.584    6.872
                         direct              3.885    4.086    4.636    5.264    6.950
                         persistence         1.629    1.796    2.102    2.499    3.923
                         rollout:anchored    3.526    4.136    5.360    6.993   11.401
                         rollout:capacity    3.594    4.158    5.180    6.469    9.998
                         rollout:chain       3.526    4.092    5.208    6.627   10.405
                         rollout:learned     3.925    4.337    5.357    6.556   10.206
                         rollout:level       3.843    4.303    5.250    6.496   10.193
                         rollout:level?      3.896    4.310    5.307    6.502   10.231
                         rollout:local       3.921    4.328    5.346    6.533   10.211
                         static_chain       82.844   82.836   82.963   83.013   83.072
throughput_2 frozen      rollout:anchored    5.273    6.815    9.719   12.979   22.558
                         rollout:capacity    5.263    6.616    8.979   11.466   18.602
                         rollout:chain       4.819    5.875    8.033   10.744   19.176
                         rollout:learned     5.071    5.832    7.881   10.526   18.820
                         rollout:local       5.120    5.982    7.996   10.409   18.114
                         static_chain      103.786  103.756  103.585  103.446  102.923
             known       ar                  4.949    5.634    6.588    7.893   12.908
                         direct              4.960    5.620    6.642    7.708   12.838
                         persistence         3.926    4.546    5.259    6.053    9.149
                         rollout:anchored    5.296    6.816    9.626   12.892   22.547
                         rollout:capacity    5.266    6.664    8.996   11.464   18.501
                         rollout:chain       4.819    5.882    8.026   10.695   19.183
                         rollout:learned     5.066    5.848    7.919   10.501   18.866
                         rollout:level       5.034    5.801    7.520    9.586   16.501
                         rollout:level?      5.016    5.768    7.451    9.471   16.305
                         rollout:local       5.115    5.994    8.047   10.480   18.139
                         static_chain      103.798  103.768  103.510  103.322  102.739
throughput_3 frozen      rollout:anchored    5.701    7.408   10.035   13.605   25.055
                         rollout:capacity    5.366    6.687    8.638   11.393   19.966
                         rollout:chain       5.481    6.695    8.667   11.429   20.370
                         rollout:learned     5.473    6.549    8.426   11.338   21.353
                         rollout:local       5.457    6.620    8.573   11.366   21.118
                         static_chain      109.802  109.640  109.420  109.324  108.291
             known       ar                  5.689    6.551    7.182    8.415   14.222
                         direct              5.388    6.225    7.553    9.110   14.983
                         persistence         4.547    5.352    5.668    6.310   10.110
                         rollout:anchored    5.752    7.436   10.044   13.667   25.022
                         rollout:capacity    5.368    6.683    8.610   11.356   19.879
                         rollout:chain       5.489    6.680    8.646   11.381   20.379
                         rollout:learned     5.468    6.543    8.381   11.212   21.217
                         rollout:level       5.464    6.551    8.002   10.149   18.120
                         rollout:level?      5.476    6.538    7.887   10.044   17.972
                         rollout:local       5.471    6.618    8.523   11.344   21.135
                         static_chain      109.818  109.662  109.432  109.246  108.068

=== 20260319_094316_seed783122 | detecting reconfigurations from surprise, 1 s ===
            auc  caught_at_1pct_false_alarms  realised_false_alarms
detector                                                           
ar        0.884                        0.685                  0.013
dbn       0.883                        0.719                  0.017

=== 20260319_094316_seed783122 | detecting reconfigurations from surprise, 30 s ===
            auc  caught_at_1pct_false_alarms  realised_false_alarms
detector                                                           
ar        0.878                        0.209                  0.009
dbn       0.878                        0.209                  0.009

=== 20260319_094316_seed783122 | regimes by bottleneck ===
variant  +regime parent      ar  global  leave-regime-out  regime structure  regime tables
regime                                                                                    
ALL              0.8963  0.8656  0.9121            0.8072            0.8809         0.8853
none             0.9310  0.9267  0.9586            0.7947            0.8996         0.9021
s1               0.9018  0.8614  0.9074            0.8137            0.9051         0.9047
s23              0.7567  0.7265  0.8170            0.7927            0.6445         0.6904
variant  +regime parent      ar  global  leave-regime-out  regime structure  regime tables
regime                                                                                    
ALL              0.3612  0.5164  0.3278            1.0322            0.4577         0.4608
none             0.2642  0.3808  0.2441            1.1563            0.4967         0.4864
s1               0.3514  0.5263  0.3268            1.0249            0.3274         0.3414
s23              0.7072  0.8221  0.5699            0.7396            1.3363         1.2952
  parents [ALL]: ["y@t", "data_quality_1@t+h", "throughput_2@t", "throughput_2@t-1"] | ["y@t", "throughput_2@t", "throughput_2@t-1", "buffer_size_3@t"] | ["y@t", "throughput_2@t", "throughput_2@t-1"]
  parents [none]: ["y@t", "buffer_size_2@t", "rps@t-1", "buffer_size_2@t-1"] | ["y@t", "throughput_2@t", "avg_p_latency_2@t", "throughput_2@t-1"] | ["y@t", "throughput_2@t", "cores_1@t", "throughput_2@t-1"] | ["y@t", "throughput_2@t", "throughput_2@t-1"] | ["y@t", "y@t-1", "avg_p_latency_2@t-1", "avg_p_latency_3@t"]
  parents [s1]: ["y@t", "throughput_2@t", "throughput_2@t-1", "buffer_size_3@t"] | ["y@t", "throughput_2@t", "throughput_2@t-1"]
  parents [s23]: ["y@t", "avg_p_latency_2@t-1", "data_quality_2@t+h", "y@t-1"] | ["y@t", "data_quality_2@t+h", "y@t-1", "avg_p_latency_1@t-1"] | ["y@t", "data_quality_3@t+h", "buffer_size_3@t", "avg_p_latency_3@t"] | ["y@t", "throughput_2@t", "buffer_size_3@t", "throughput_2@t-1"] | ["y@t", "throughput_2@t", "throughput_2@t-1", "cores_2@t+h"]
               auc_dbn_surprise  auc_ar_surprise  surprise_known  surprise_novel
unseen_regime                                                                   
none                      0.651            0.593           0.354           1.165
s1                        0.699            0.619           0.522           1.027
s23                       0.762            0.744           0.327           0.706

=== 20260319_094316_seed783122 | regimes by load ===
variant  +regime parent      ar  global  leave-regime-out  regime structure  regime tables
regime                                                                                    
ALL              0.9070  0.8656  0.9121            0.8758            0.8967         0.8975
high             0.9018  0.8433  0.9136            0.8820            0.8910         0.8906
low              0.9069  0.8808  0.9144            0.9033            0.8973         0.9064
mid              0.9127  0.8741  0.9082            0.8415            0.9023         0.8959
variant  +regime parent      ar  global  leave-regime-out  regime structure  regime tables
regime                                                                                    
ALL              0.3447  0.5164  0.3278            0.5295            0.3919         0.3881
high             0.3575  0.5370  0.3394            0.4772            0.3902         0.3940
low              0.3250  0.5081  0.3073            0.3421            0.3928         0.3612
mid              0.3507  0.5030  0.3360            0.7729            0.3927         0.4087
  parents [ALL]: ["y@t", "data_quality_1@t+h", "throughput_2@t", "throughput_2@t-1"] | ["y@t", "throughput_2@t", "throughput_2@t-1", "buffer_size_3@t"] | ["y@t", "throughput_2@t", "throughput_2@t-1"]
  parents [high]: ["y@t", "throughput_2@t", "throughput_2@t-1", "y@t-1"] | ["y@t", "throughput_2@t", "throughput_2@t-1"]
  parents [low]: ["y@t", "data_quality_1@t+h", "throughput_2@t", "throughput_2@t-1"] | ["y@t", "throughput_2@t", "throughput_2@t-1", "avg_p_latency_3@t"] | ["y@t", "throughput_2@t", "throughput_2@t-1"] | ["y@t", "y@t-1", "data_quality_1@t+h", "throughput_1@t-1"]
  parents [mid]: ["y@t", "throughput_2@t", "throughput_2@t-1", "buffer_size_3@t"] | ["y@t", "throughput_2@t", "throughput_2@t-1"] | ["y@t", "throughput_2@t-1", "data_quality_1@t+h", "throughput_2@t"] | ["y@t", "y@t-1", "throughput_2@t", "throughput_2@t-1"]
               auc_dbn_surprise  auc_ar_surprise  surprise_known  surprise_novel
unseen_regime                                                                   
high                      0.541            0.555           0.355           0.467
low                       0.537            0.547           0.313           0.357
mid                       0.581            0.554           0.345           0.756
[adaptation] regime none done
[adaptation] regime s1 done
[adaptation] regime s23 done

=== 20260319_094316_seed783122 | accuracy on the new regime, by runs of it seen so far ===
bucket                   0    1-5   6-10  11-20  21-40    >40
regime variant                                               
none   informed      0.992  0.982  0.932  0.968  0.965  0.972
       restructured  0.992  0.785  0.934  0.822  0.958  0.973
       static        0.992  0.785  0.934  0.779  0.951  0.754
       updated       0.992  0.785  0.934  0.822  0.959  0.973
s1     informed      0.973  0.872  0.922  0.929  0.905  0.914
       restructured  0.630  0.857  0.908  0.924  0.913  0.907
       static        0.630  0.857  0.909  0.876  0.907  0.791
       updated       0.630  0.857  0.908  0.875  0.906  0.892
s23    informed      0.959  0.912  0.844  0.798  0.877    NaN
       restructured  0.905  0.866  0.839  0.834  0.860    NaN
       static        0.905  0.893  0.798  0.822  0.833    NaN
       updated       0.905  0.893  0.840  0.840  0.882    NaN
[detection] throughput_3 done
[detection] throughput_2 done
[detection] throughput_1 done
[detection] avg_p_latency_1 done
[detection] avg_p_latency_2 done
[detection] avg_p_latency_3 done
[detection] buffer_size_2 done
[detection] buffer_size_3 done

=== 20260319_094316_seed783122 | CUSUM on per-second miscalibration: unseen regime ===
                           false_alarm_runs  detected_runs  median_seconds_to_alarm
unseen_regime nodes                                                                
none          all nodes                0.06           0.32                   170.20
              service 1                0.07           0.17                    75.50
              service 2                0.07           0.22                   116.40
              service 3                0.08           0.27                   110.50
              target only              0.08           0.28                   122.20
              throughputs              0.07           0.36                   158.60
s1            all nodes                0.06           0.59                   119.62
              service 1                0.04           0.97                    29.90
              service 2                0.08           0.18                   207.30
              service 3                0.03           0.10                   140.00
              target only              0.01           0.08                   194.25
              throughputs              0.01           0.46                   188.10
s23           all nodes                0.05           0.09                   108.00
              service 1                0.08           0.14                   168.12
              service 2                0.06           0.02                   157.00
              service 3                0.03           0.09                   259.00
              target only              0.08           0.15                   157.17
              throughputs              0.08           0.06                   183.50

=== 20260319_094316_seed783122 | run-level AUC for an unseen regime ===
              auc_surprise                                                       auc_miscalibration                                                      
nodes            all nodes service 1 service 2 service 3 target only throughputs          all nodes service 1 service 2 service 3 target only throughputs
unseen_regime                                                                                                                                            
none                 0.403     0.316     0.413     0.382       0.644       0.651              0.763     0.756     0.731     0.675       0.714       0.798
s1                   0.969     0.993     0.842     0.741       0.697       0.910              0.956     0.987     0.735     0.703       0.717       0.898
s23                  0.574     0.530     0.508     0.672       0.762       0.721              0.507     0.660     0.594     0.595       0.621       0.668

=== 20260319_094316_seed783122 | step-level detection of unannounced reconfigurations ===
               auc  caught_at_1pct_false_alarms  realised_false_alarms
score                                                                 
all nodes    0.983                        0.945                  0.010
service 1    0.942                        0.906                  0.013
service 2    0.970                        0.834                  0.009
service 3    0.955                        0.894                  0.013
target only  0.883                        0.719                  0.017
throughputs  0.915                        0.851                  0.014
[fold 1] test rows 1128, of which unseen configuration: 99%
[fold 2] test rows 1116, of which unseen configuration: 97%
[fold 3] test rows 1116, of which unseen configuration: 95%
[fold 4] test rows 1128, of which unseen configuration: 82%
[fold 5] test rows 1116, of which unseen configuration: 88%

== all test rows ==
target                          throughput_1                throughput_2                 throughput_3                
                                         acc logloss    mae          acc logloss     mae          acc logloss     mae
model                                                                                                                
boosting (capacities)                  0.859     NaN  4.275        0.549     NaN  32.683        0.472     NaN  39.661
boosting (cores, quality)              0.727     NaN 10.061        0.431     NaN  39.012        0.334     NaN  47.066
capacity chain                         0.726   1.102 30.828        0.655   1.713  68.162        0.575   1.700  81.138
capacity chain, noisy-min prior        0.863   0.405  7.097        0.690   1.827  33.031        0.670   1.407  39.734
min rule                               0.872     NaN  3.003        0.681     NaN  24.418        0.634     NaN  29.422
table chain                            0.480   1.761 78.049        0.453   2.265 110.102        0.395   2.466 119.397

== unseen configurations only ==
target                          throughput_1                throughput_2                 throughput_3                
                                         acc logloss    mae          acc logloss     mae          acc logloss     mae
model                                                                                                                
boosting (capacities)                  0.856     NaN  4.334        0.542     NaN  33.987        0.460     NaN  41.460
boosting (cores, quality)              0.727     NaN  9.956        0.421     NaN  40.489        0.322     NaN  49.133
capacity chain                         0.716   1.148 32.369        0.644   1.738  70.889        0.568   1.743  84.722
capacity chain, noisy-min prior        0.857   0.425  7.243        0.689   1.834  33.925        0.667   1.443  40.811
min rule                               0.868     NaN  3.070        0.686     NaN  25.182        0.640     NaN  30.392
table chain                            0.471   1.801 81.512        0.444   2.278 114.568        0.382   2.471 124.101
 fold  rate_dq100  rate_dq200  rate_dq300  rate_dq400  rate_dq500  rate_dq600  rate_dq700  rate_dq800  rate_dq900  rate_dq1000  loglog_slope
    1       446.0       446.0       199.4       119.7        76.7        53.1        43.3        34.2        28.4         25.2          -1.4
    2       499.2       446.0       199.4       119.7        79.7        56.5        45.2        34.2        28.4         25.2          -1.5
    3       500.0       447.0       199.4       122.1        81.5        56.5        45.2        34.2        28.4         25.2          -1.5
    4       500.0       447.0       202.4       122.1        81.5        56.5        45.2        34.2        28.4         25.2          -1.5
    5       500.0       447.0       202.4       122.1        81.5        56.5        45.2        34.2        28.4         25.2          -1.5
[fold 1] done
[fold 2] done
[fold 3] done
[fold 4] done
[fold 5] done

== DBN acc (rows: trained on, columns: tested on) ==
test             20260313_192652  20260316_105011  20260319_094316
train                                                             
20260313_192652            0.922            0.914            0.895
20260316_105011            0.842            0.920            0.849
20260319_094316            0.925            0.912            0.912
pooled                     0.933            0.926            0.918

== DBN logloss (rows: trained on, columns: tested on) ==
test             20260313_192652  20260316_105011  20260319_094316
train                                                             
20260313_192652            0.281            0.303            0.375
20260316_105011            0.663            0.267            0.586
20260319_094316            0.293            0.327            0.328
pooled                     0.260            0.260            0.297

== DBN acc_change (rows: trained on, columns: tested on) ==
test             20260313_192652  20260316_105011  20260319_094316
train                                                             
20260313_192652            0.474            0.471            0.458
20260316_105011            0.523            0.552            0.487
20260319_094316            0.513            0.494            0.501
pooled                     0.574            0.588            0.559

== AR accuracy ==
test             20260313_192652  20260316_105011  20260319_094316
train                                                             
20260313_192652            0.887            0.874            0.855
20260316_105011            0.803            0.872            0.810
20260319_094316            0.888            0.874            0.866
pooled                     0.888            0.874            0.866

== DBN accuracy minus AR accuracy ==
test             20260313_192652  20260316_105011  20260319_094316
train                                                             
20260313_192652            0.035            0.040            0.040
20260316_105011            0.039            0.048            0.039
20260319_094316            0.037            0.038            0.046
pooled                     0.045            0.052            0.052
