setting,granularity,horizon,n_bins,model,fold,n_train,n_context,n_all,acc_all,logloss_all,mae_all,maeh_all,n_within,acc_within,logloss_within,mae_within,maeh_within,n_xrun,acc_xrun,logloss_xrun,mae_xrun,maeh_xrun,n_change,acc_change,logloss_change,mae_change,maeh_change,n_stay,acc_stay,logloss_stay,mae_stay,maeh_stay,n_event,acc_event,logloss_event,mae_event,maeh_event,f1_all,parents,mae_persistence_continuous
g1s_h1_b20,1,1,20,model,1,33200,10000,2000,0.9025,0.3724545397654814,9.189979621146165,5.28934571906191,1995,0.9037593984962407,0.3613940501465592,9.06810880048757,5.154056792230323,5,0.4,4.785589897715483,57.81643706392547,59.269627524865356,233,0.2575107296137339,2.68262045403095,25.640763576067016,24.777266840150844,1767,0.987549518958687,0.06783164331734658,7.0207477810236085,2.719631162630827,1132,0.8392226148409894,0.5947427022835005,10.846501544847731,7.576325232961441,0.7461516225155699,"y@t,throughput_2@t,buffer_size_3@t",4.2705
g1s_h1_b20,1,1,20,ar,1,33200,10000,2000,0.878,0.5448864702492324,10.50953556553805,6.017146230047002,1995,0.8796992481203008,0.5348211001462253,10.382206980155459,5.882722172697157,5,0.2,4.560969141349085,61.31364113319287,59.65234511263532,233,0.0,3.7226555918473876,31.062161486846918,26.18837839038757,1767,0.9937747594793436,0.12585975529033594,7.799426997532975,3.357328972910979,1132,0.7906360424028268,0.8503925779497172,12.483268858461383,7.983535262660431,0.7092507231395618,"y@t,throughput_2@t,buffer_size_3@t",4.2705
g1s_h1_b20,1,1,20,persistence,1,33200,10000,2000,0.8835,3.2190139600056753,9.155783573473109,4.270500000000002,1995,0.8852130325814537,3.171681120575257,9.0232321855213,4.127819548872182,5,0.2,22.10481689274284,62.04378736624547,61.2,233,0.0,27.631021115928544,31.550624138503395,26.098712446351932,1767,1.0,0.0,6.202757058672849,1.3921901528013598,1132,0.7977031802120141,5.5896676992470296,11.489165373722777,7.274734982332156,0.7842288017365922,"y@t,throughput_2@t,buffer_size_3@t",4.2705
g1s_h1_b20,1,1,20,tabpfn,1,33200,10000,2000,0.905,0.38832983174380764,16.56204671523748,7.302216822327198,1995,0.906265664160401,0.38328185289605876,16.452222056689525,7.205715497054579,5,0.4,2.4024733919956036,60.3820854758697,45.806245606101655,233,0.2317596566523605,1.7379635882161564,27.22663980605954,21.978511161265924,1767,0.9937747594793436,0.21036454297297724,15.1557930705507,5.36697257729453,1132,0.8392226148409894,0.5615775917496441,18.125991389176995,8.534225707309336,0.8161281485498384,"y@t,throughput_2@t,buffer_size_3@t",4.2705
g1s_h1_b20,1,1,20,hgb,1,33200,10000,2000,0.8935,1.4713708742426974,8.96048586871198,4.372638182635921,1995,0.8947368421052632,1.4542832690788994,8.839339138949942,4.233327101576039,5,0.4,8.289325334598066,57.29803104376519,59.957759525528296,233,0.2017167381974249,11.028709831499135,27.859098637201235,23.590571578168184,1767,0.9847198641765704,0.21112187761522092,6.468478638911191,1.8385247241418528,1132,0.8330388692579506,2.3066722643559405,10.790810563551586,6.537112055179308,0.763394725277613,"y@t,throughput_2@t,buffer_size_3@t",4.2705
g1s_h1_b20,1,1,20,hgb_ctx,1,33200,10000,2000,0.8855,1.5818949587064117,9.11550719236732,4.254602737251406,1995,0.8867167919799499,1.5650843562605679,8.99474898722597,4.115331571027251,5,0.4,8.289325334598066,57.29803104376519,59.82379806068951,233,0.21030042918454936,10.910121758040217,29.715309059076937,24.375444080758513,1767,0.9745331069609507,0.3518571294790336,6.399177913961354,1.601430109612948,1132,0.8224381625441696,2.4531264398820634,11.365879458513756,6.843623627143644,0.7644304116807287,"y@t,throughput_2@t,buffer_size_3@t",4.2705
g1s_h1_b20,1,1,20,tabpfn_parents,1,33200,10000,2000,0.935,0.3458741324656669,14.761967704929884,4.642530274849068,1995,0.9363408521303258,0.33266186757668026,14.642812688616955,4.498329267567334,5,0.4,5.617567823171351,62.30481921378896,62.17873218026102,233,0.5450643776824035,1.50565750746507,25.877932725238708,17.303634840503243,1767,0.9864176570458404,0.19294287815052205,13.296195294215707,2.9730128080706733,1132,0.9001766784452296,0.49778837836480544,17.049648713279176,5.236450395269268,0.8783164962475624,"y@t,throughput_2@t,buffer_size_3@t",4.2705
g1s_h1_b20,1,1,20,dbn_rec,1,33200,10000,2000,0.9045,0.334933554675081,9.327685106628795,5.3262858728825,1995,0.9047619047619048,0.334446290161588,9.249498440374415,5.226398774417078,5,0.8,0.5293520955588094,40.52416494212626,45.1812381605859,233,0.2703862660944206,2.4252086015670273,26.859898225645846,26.228206212369766,1767,0.9881154499151104,0.059305888616324166,7.0158539483203795,2.5701186747497693,1132,0.8401060070671378,0.5566690181400391,11.207152794165882,7.9256037604444485,0.7499020034113982,"y@t,throughput_2@t,buffer_size_3@t",4.2705
g1s_h1_b20,1,1,20,dbn_rec_median,1,33200,10000,2000,0.9045,0.334933554675081,9.327685106628795,4.228560412355316,1995,0.9047619047619048,0.334446290161588,9.249498440374415,4.137593984962406,5,0.8,0.5293520955588094,40.52416494212626,40.52416494212626,233,0.2703862660944206,2.4252086015670273,26.859898225645846,21.615944712793766,1767,0.9881154499151104,0.059305888616324166,7.0158539483203795,1.9358266590999909,1132,0.8401060070671378,0.5566690181400391,11.207152794165882,6.728798586572438,0.7499020034113982,"y@t,throughput_2@t,buffer_size_3@t",4.2705
g1s_h1_b20,1,1,20,model,2,66758,10000,2000,0.894,0.3779380087256327,10.089944457373127,6.8699361389940545,1990,0.8974874371859296,0.34597736563497306,9.350702816411598,6.119845689172407,10,0.2,6.738105983766888,157.19903100871767,156.1379356535017,236,0.4025423728813559,2.2313923655910375,33.92871415739512,33.92440763899421,1764,0.9597505668934241,0.12997019227425202,6.900630597279483,3.250403670740064,1194,0.8576214405360134,0.4942452664113654,10.644101645148737,8.458876997198601,0.802747580151751,"y@t,throughput_2@t,data_quality_1@t+h,data_quality_1@t",5.1895
g1s_h1_b20,1,1,20,ar,2,66758,10000,2000,0.8815,0.4786119639161239,10.753766877850907,6.838848837297638,1990,0.8849246231155778,0.44712235048838417,10.017005005674779,6.0894581921518,10,0.2,6.745045036036338,157.36937944089993,155.96758722131943,236,0.03389830508474576,3.1111667090912403,38.482360460658846,33.035237971463,1764,0.9948979591836735,0.12641076218067754,7.044045740921953,3.334116504155334,1194,0.8090452261306532,0.6633210317896919,11.663423760735169,8.030707423950389,0.7893714511415746,"y@t,throughput_2@t,data_quality_1@t+h,data_quality_1@t",5.1895
g1s_h1_b20,1,1,20,persistence,2,66758,10000,2000,0.882,3.2604604916795688,10.156360947376578,5.189500000000006,1990,0.8854271356783919,3.165765233382768,9.414693243322114,4.430653266331665,10,0.2,22.10481689274284,157.74823405421495,156.2,236,0.0,27.631021115928544,39.63846152887337,33.11440677966102,1764,1.0,0.0,6.212043636019863,1.4535147392290326,1194,0.8090452261306532,5.27627538897128,11.414994269712675,7.384422110552764,0.8106408524719516,"y@t,throughput_2@t,data_quality_1@t+h,data_quality_1@t",5.1895
g1s_h1_b20,1,1,20,tabpfn,2,66758,10000,2000,0.892,0.3054823624370489,10.116233278472475,3.7927899553673017,1990,0.8954773869346734,0.295901401659346,9.98799045687862,3.560059903986836,10,0.2,2.2120935571999167,35.63655477564982,50.10607018008002,236,0.3686440677966102,1.4847252810396105,19.59620731779284,15.743351031529656,1764,0.9620181405895691,0.14771516924532294,8.847937431942086,2.193962056288892,1194,0.8509212730318257,0.4133212166537818,10.040169228830143,4.63259861726162,0.7714748549641243,"y@t,throughput_2@t,data_quality_1@t+h,data_quality_1@t",5.1895
g1s_h1_b20,1,1,20,hgb,2,66758,10000,2000,0.8845,1.595710469264376,10.215014342173271,4.990229877769665,1990,0.8879396984924623,1.548189278425549,9.473644174489968,4.231855289195518,10,0.2,11.052427446190922,157.74767771115077,155.90677300402484,236,0.3008474576271186,9.65916833059961,38.0064039587484,31.15408413806591,1764,0.9625850340136054,0.5169258574304103,6.4968919218151475,1.4898502828547477,1194,0.8366834170854272,2.2563209753664317,11.42178103304613,6.817550401383251,0.7829628933867695,"y@t,throughput_2@t,data_quality_1@t+h,data_quality_1@t",5.1895
g1s_h1_b20,1,1,20,hgb_ctx,2,66758,10000,2000,0.88,1.6578802667752153,10.086997829333788,4.907758694714299,1990,0.8834170854271357,1.6106714869791565,9.3336826750101,4.148550823962672,10,0.2,11.052427446190922,159.99671353974756,155.99012497428825,236,0.2584745762711864,10.244571320343859,37.12858090239455,30.467130882162063,1764,0.9631519274376418,0.5090939353453965,6.469189663096633,1.4882508510421504,1194,0.8324958123953099,2.314174872175327,11.174306143131428,6.652787442136922,0.7910677444403446,"y@t,throughput_2@t,data_quality_1@t+h,data_quality_1@t",5.1895
g1s_h1_b20,1,1,20,tabpfn_parents,2,66758,10000,2000,0.8805,0.37364027637162606,11.166064616371099,4.913579435397095,1990,0.8844221105527639,0.36367007485862396,10.890846921185636,4.682350735775147,10,0.1,2.3577103774590342,65.93438595827811,50.9280906601647,236,0.4194915254237288,1.6143879257727438,28.57612852188627,21.821372677679314,1764,0.9421768707482994,0.20764455910480983,8.83682704171034,2.6515390696495875,1194,0.8433835845896147,0.48054174573207276,11.518513764442007,6.589253403854938,0.7421777164769108,"y@t,throughput_2@t,data_quality_1@t+h,data_quality_1@t",5.1895
g1s_h1_b20,1,1,20,dbn_rec,2,66758,10000,2000,0.909,0.297700451567328,8.994279528542975,5.8224556363008,1990,0.9095477386934674,0.2934900712775179,8.836949777093865,5.642591641304923,10,0.8,1.135566129239529,40.30290006691536,41.61539064048017,236,0.4533898305084746,1.8651989405152798,28.614997295892092,30.221786917843144,1764,0.969954648526077,0.0879897693724773,6.369285541528011,2.558146009064977,1194,0.871859296482412,0.43443318069220993,10.337979338557941,8.325305829625828,0.8057917324352764,"y@t,throughput_2@t,data_quality_1@t+h,data_quality_1@t",5.1895
g1s_h1_b20,1,1,20,dbn_rec_median,2,66758,10000,2000,0.909,0.297700451567328,8.994279528542975,4.271514500334577,1990,0.9095477386934674,0.2934900712775179,8.836949777093865,4.090452261306533,10,0.8,1.135566129239529,40.30290006691536,40.30290006691536,236,0.4533898305084746,1.8651989405152798,28.614997295892092,23.471968656593667,1764,0.969954648526077,0.0879897693724773,6.369285541528011,1.7027462572069434,1194,0.871859296482412,0.43443318069220993,10.337979338557941,6.5,0.8057917324352764,"y@t,throughput_2@t,data_quality_1@t+h,data_quality_1@t",5.1895
g1s_h1_b20,1,1,20,model,3,99959,10000,2000,0.9195,0.3086976869277803,9.167522757351394,6.031582653452441,1995,0.9208020050125313,0.29313897399859884,9.026580793986815,5.881566212331881,5,0.4,6.5166241456711615,65.40336613981802,65.88814266055599,213,0.3474178403755869,2.2313517840559998,30.45752541682679,30.59940397920967,1787,0.9876888640179071,0.07952850803113187,6.629878344106705,3.103241331467948,1087,0.8684452621895125,0.46733392328335543,10.325633656290181,8.227630810849197,0.7846256429518071,"y@t,throughput_2@t,buffer_size_3@t,data_quality_1@t+h",4.564
g1s_h1_b20,1,1,20,ar,3,99959,10000,2000,0.895,0.43211603752842365,9.553735862202904,5.765306441204857,1995,0.8962406015037594,0.4169093569487349,9.373281450291385,5.5741422399656795,5,0.4,6.4995815888242365,81.55504621489892,82.03982273563689,213,0.028169014084507043,3.052306606746424,35.6832639753913,30.07693152650257,1787,0.9983212087297146,0.11980457068822543,6.439248179992983,2.867502220069764,1087,0.8095676172953082,0.6606871741757109,11.314655431667767,7.786860272070084,0.7639377171642631,"y@t,throughput_2@t,buffer_size_3@t,data_quality_1@t+h",4.564
g1s_h1_b20,1,1,20,persistence,3,99959,10000,2000,0.8935,2.94270374884639,9.18489257210825,4.564000000000007,1995,0.8947368421052632,2.9085285385187944,9.002611041012628,4.368922305764419,5,0.4,16.578612669557128,81.91522347926202,82.4,213,0.0,27.631021115928547,38.548272164282544,32.924882629107984,1787,1.0,0.0,5.684948614003536,1.1835478455512118,1087,0.8068077276908924,5.338099755607171,11.800214095102808,8.018399264029439,0.759651433272716,"y@t,throughput_2@t,buffer_size_3@t,data_quality_1@t+h",4.564
g1s_h1_b20,1,1,20,tabpfn,3,99959,10000,2000,0.923,0.22269143346617157,8.029948850742606,3.669925409998063,1995,0.9243107769423559,0.2179620313440823,7.84643895701242,3.5200925663030898,5,0.4,2.109722880179791,81.25039644908694,63.4532300442925,213,0.431924882629108,1.40726237157509,22.427439946301604,20.433560908571195,1787,0.9815332960268607,0.08149747162106821,6.31385170281084,1.6717976197372484,1087,0.8785648574057038,0.3383964272725601,8.450248574844643,5.126638681584351,0.8024156316321781,"y@t,throughput_2@t,buffer_size_3@t,data_quality_1@t+h",4.564
g1s_h1_b20,1,1,20,hgb,3,99959,10000,2000,0.912,1.2157839289203585,8.784712403807598,4.513868848712114,1995,0.9132832080200501,1.1980557549712911,8.601430586975102,4.318438234269208,5,0.4,8.289325334598066,81.91415731997363,82.4906840114315,213,0.28169014084507044,9.923836442864262,34.07299448785915,27.86316166103285,1787,0.987129266927812,0.17783474846705555,5.770496352378958,1.7307690339251443,1087,0.8546458141674333,2.0081612888336284,10.985017297516992,6.706527558740608,0.7687349669400189,"y@t,throughput_2@t,buffer_size_3@t,data_quality_1@t+h",4.564
g1s_h1_b20,1,1,20,hgb_ctx,3,99959,10000,2000,0.9145,1.1812451525254475,8.900980407302558,4.355021453263386,1995,0.9157894736842105,1.16343041522702,8.717989988975063,4.159069281504736,5,0.4,8.289325334598066,81.91415731997363,82.5399379849642,213,0.2863849765258216,9.858974890948938,35.27710517050547,28.881490202490102,1787,0.9893676552881925,0.14691027044139404,5.757099839556494,1.431609117737201,1087,0.859245630174793,1.9446124822192574,11.172724583538093,6.8348648086761425,0.7957526581602716,"y@t,throughput_2@t,buffer_size_3@t,data_quality_1@t+h",4.564
g1s_h1_b20,1,1,20,tabpfn_parents,3,99959,10000,2000,0.9035,0.3513996604762373,14.254246642813596,7.974701387751748,1995,0.9047619047619048,0.3469011898622903,14.091246108771307,7.749422458541334,5,0.4,2.1462894354410746,79.29145972568699,97.86099414270711,213,0.4835680751173709,1.533708314014013,30.371450725925413,25.782191669831516,1787,0.9535534415221041,0.2104753497859484,12.333169715167921,5.852152182333174,1087,0.8555657773689053,0.4943867271071928,16.763239314280725,11.121815519447372,0.7804621750672611,"y@t,throughput_2@t,buffer_size_3@t,data_quality_1@t+h",4.564
g1s_h1_b20,1,1,20,dbn_rec,3,99959,10000,2000,0.9365,0.23731485958702292,8.451572357521771,5.269395851449637,1995,0.9368421052631579,0.22364558029237694,8.371995702036997,5.176269185263805,5,0.8,5.691357298150764,40.20265789594614,42.426935659596644,213,0.5915492957746479,1.7381995357152007,27.542659073527528,29.912570103292346,1787,0.9776161163961947,0.05841814105579636,6.1760259274662435,2.3320728992154467,1087,0.9024839006439742,0.3660211515522437,9.939726680268901,8.049762129592377,0.8457584670890295,"y@t,throughput_2@t,buffer_size_3@t,data_quality_1@t+h",4.564
g1s_h1_b20,1,1,20,dbn_rec_median,3,99959,10000,2000,0.9365,0.23731485958702292,8.451572357521771,4.2387566447398655,1995,0.9368421052631579,0.22364558029237694,8.371995702036997,4.148621553884712,5,0.8,5.691357298150764,40.20265789594614,40.20265789594614,213,0.5915492957746479,1.7381995357152007,27.542659073527528,24.632668395059813,1787,0.9776161163961947,0.05841814105579636,6.1760259274662435,1.8079210527879075,1087,0.9024839006439742,0.3660211515522437,9.939726680268901,6.609935602575897,0.8457584670890295,"y@t,throughput_2@t,buffer_size_3@t,data_quality_1@t+h",4.564
g1s_h1_b20,1,1,20,model,4,133160,10000,2000,0.937,0.229040751418051,6.265288710113735,3.909040523808606,1998,0.9374374374374375,0.22540108230003164,6.2454435673960615,3.8860375422664357,2,0.5,3.8650702003193858,26.090586285069385,26.889019084436523,229,0.5021834061135371,1.5267781820184312,14.963198426895714,17.085600728059312,1771,0.9932241671372106,0.061236193762778834,5.140601344137973,2.2052391196451886,1013,0.8835143139190523,0.3954332751761739,6.798961003283692,6.126041870849227,0.8060095723548066,"y@t,throughput_2@t,buffer_size_3@t,data_quality_2@t+h",2.82
g1s_h1_b20,1,1,20,ar,4,133160,10000,2000,0.8855,0.45823032851942336,7.809165395299057,4.028520909396726,1998,0.8858858858858859,0.454756476760001,7.789001742591136,4.003773595742589,2,0.5,3.928608236182396,27.952654450512334,28.751087249879458,229,0.0,3.0713783621392223,22.18861295510699,14.639729419266244,1771,1.0,0.12033597521680682,5.9498240676897876,2.6564335300855344,1013,0.7749259624876604,0.7779837972743834,8.883836433015151,5.337476284543067,0.7673255348835458,"y@t,throughput_2@t,buffer_size_3@t,data_quality_2@t+h",2.82
g1s_h1_b20,1,1,20,persistence,4,133160,10000,2000,0.8855,3.1637519177738187,7.441892364423093,2.8200000000000056,1998,0.8858858858858859,3.153089496712567,7.422613410633092,2.795295295295301,2,0.5,13.815510557964274,26.701567200632862,27.500000000000004,229,0.0,27.631021115928547,23.956685072876635,16.148471615720524,1771,1.0,0.0,5.306439213527631,1.0965556182947551,1013,0.7749259624876604,6.21902548315075,9.140086237154048,5.513326752221126,0.7673255348835458,"y@t,throughput_2@t,buffer_size_3@t,data_quality_2@t+h",2.82
g1s_h1_b20,1,1,20,tabpfn,4,133160,10000,2000,0.926,0.18389952451968536,6.712514106973793,1.9859981976002385,1998,0.9264264264264265,0.18109797770986674,6.573265225094154,1.826918993682499,2,0.5,2.9826447875284905,145.8221471047326,160.9061229114222,229,0.4672489082969432,1.0132387434887136,11.030853852691907,7.863187330929676,1771,0.9853190287972897,0.07666142110697648,6.154129125737516,1.226045452522632,1013,0.8677196446199408,0.29913789080961745,5.911654191632563,2.969043487799634,0.8001924869139211,"y@t,throughput_2@t,buffer_size_3@t,data_quality_2@t+h",2.82
g1s_h1_b20,1,1,20,hgb,4,133160,10000,2000,0.9135,1.1950606630834117,7.065783642670091,2.3818464107281208,1998,0.913913913913914,1.1893422310356458,7.046129188670777,2.3567036710922733,2,0.5,6.907774278801639,26.700583187985124,27.499443306939412,229,0.37554585152838427,8.6271718809937,19.653941181102415,11.887151153834722,1771,0.9830604178430266,0.234047975956672,5.438065925955804,1.1527584456398017,1013,0.8450148075024679,2.141218563097282,8.271809331243652,4.22069245116683,0.7676922144556034,"y@t,throughput_2@t,buffer_size_3@t,data_quality_2@t+h",2.82
g1s_h1_b20,1,1,20,hgb_ctx,4,133160,10000,2000,0.9145,1.1812451525254473,7.029906490901985,2.3112322766835085,1998,0.914914914914915,1.175512891137784,7.010216123837838,2.2860045620648504,2,0.5,6.907774278801639,26.700583187985124,27.513719180722745,229,0.33624454148471616,9.170139544843822,19.76295437049575,11.957181119459817,1771,0.9892715979672502,0.14823735137304297,5.383453659492063,1.0639582591816599,1013,0.8400789733464955,2.2094096319914787,8.254443987319412,4.241823142101401,0.7736448855814374,"y@t,throughput_2@t,buffer_size_3@t,data_quality_2@t+h",2.82
g1s_h1_b20,1,1,20,tabpfn_parents,4,133160,10000,2000,0.941,0.1782175891104714,7.59665197410476,2.0892287742576765,1998,0.9414414414414415,0.17453588110329624,7.577240165959266,2.0638082851716137,2,0.5,3.856243888278459,26.98904831145348,27.48429737123429,229,0.6244541484716157,0.9785002098922293,12.529258044315208,5.320862356133204,1771,0.9819311123658949,0.07473666299018762,6.958838992694148,1.6713608520388759,1013,0.9002961500493584,0.28195478086991,6.957459592793593,2.3593414027114097,0.8027565998676586,"y@t,throughput_2@t,buffer_size_3@t,data_quality_2@t+h",2.82
g1s_h1_b20,1,1,20,dbn_rec,4,133160,10000,2000,0.9365,0.22250711718701133,6.745235246085825,4.252452115402844,1998,0.9364364364364365,0.22255150173154256,6.745027973602557,4.248950332479085,2,1.0,0.17816695720030012,6.952300456869935,7.750733256237073,229,0.5633187772925764,1.4908073548458225,14.245868517399641,19.165194162352385,1771,0.9847543760587238,0.0585089498104626,5.7753622821497075,2.324152889682095,1013,0.8884501480750246,0.39347931032692496,7.1468853185865795,6.786495730268723,0.8041759051535633,"y@t,throughput_2@t,buffer_size_3@t,data_quality_2@t+h",2.82
g1s_h1_b20,1,1,20,dbn_rec_median,4,133160,10000,2000,0.9365,0.22250711718701133,6.745235246085825,2.53520230045687,1998,0.9364364364364365,0.22255150173154256,6.745027973602557,2.530780780780781,2,1.0,0.17816695720030012,6.952300456869935,6.952300456869935,229,0.5633187772925764,1.4908073548458225,14.245868517399641,12.411835739815047,1771,0.9847543760587238,0.0585089498104626,5.7753622821497075,1.2580995011271001,1013,0.8884501480750246,0.39347931032692496,7.1468853185865795,4.873642645607108,0.8041759051535633,"y@t,throughput_2@t,buffer_size_3@t,data_quality_2@t+h",2.82
g1s_h1_b20,1,1,20,model,5,166718,10000,2000,0.9325,0.27302579544356137,8.409481341034898,5.605943596053714,1992,0.9357429718875502,0.23854003068440346,8.085337719767452,5.262387706971414,8,0.125,8.859981220473895,89.12124303662864,91.15135997754635,188,0.4574468085106383,2.129974717625853,32.66538796709571,34.659087206779354,1812,0.9817880794701986,0.08036222073590642,5.892864097271414,2.5915997777223567,1113,0.9002695417789758,0.37067838803522646,9.440653766637842,7.803644807895924,0.7807296644996233,"y@t,throughput_2@t,buffer_size_3@t",4.502
g1s_h1_b20,1,1,20,ar,5,166718,10000,2000,0.906,0.42410852000399896,10.133505102101925,6.215084646820949,1992,0.9091365461847389,0.39892229048108163,9.820127976810134,5.876532754904387,8,0.125,6.695479671210414,88.16440929975766,90.5145057340446,188,0.0,3.2864918430075445,39.95576721130136,33.94289496042572,1812,1.0,0.12712835183365326,7.039363117262249,3.33824781516659,1113,0.8373764600179695,0.6163906412334105,11.602186438328644,7.897378370246726,0.7624273948868222,"y@t,throughput_2@t,buffer_size_3@t",4.502
g1s_h1_b20,1,1,20,persistence,5,166718,10000,2000,0.906,2.5973159848972838,9.34927205945914,4.502000000000007,1992,0.9091365461847389,2.510650011035676,9.0310165935972,4.156124497991975,8,0.125,24.17714347643748,88.5948830590823,90.625,188,0.0,27.631021115928544,42.56656301515558,36.1436170212766,1812,1.0,0.0,5.902886463614256,1.2190949227373153,1113,0.8373764600179695,4.493454467190537,11.396197999021657,7.438454627133872,0.7624273948868222,"y@t,throughput_2@t,buffer_size_3@t",4.502
g1s_h1_b20,1,1,20,tabpfn,5,166718,10000,2000,0.9295,0.19385689223992927,7.467837996699169,3.3179786178631687,1992,0.9322289156626506,0.18316362429895,7.246377862980631,3.033188802732757,8,0.25,2.8564806095437616,62.6114112926152,74.23064258533572,188,0.4095744680851064,1.310635216021191,23.26123916484665,22.863660089813962,1812,0.9834437086092715,0.07798805952973208,5.82922904547857,1.2900602311486273,1113,0.8921832884097035,0.27478129196957096,7.6622169214592315,4.623196596794917,0.7771812998421728,"y@t,throughput_2@t,buffer_size_3@t",4.502
g1s_h1_b20,1,1,20,hgb,5,166718,10000,2000,0.922,1.0776288233407154,8.771788011001822,3.7701175050746905,1992,0.9252008032128514,1.033408092759601,8.451220886331694,3.419862766148304,8,0.125,12.088590738038242,88.59300205386415,90.98354749774492,188,0.31382978723404253,9.479810818848179,32.97442900573498,26.01098316967561,1812,0.9850993377483444,0.20587925647791,6.260697223468803,1.462566321330224,1113,0.8814016172506739,1.6385162088503056,9.81136497386184,5.392971758847112,0.7723457873899139,"y@t,throughput_2@t,buffer_size_3@t",4.502
g1s_h1_b20,1,1,20,hgb_ctx,5,166718,10000,2000,0.9195,1.112167599735626,9.180166382274177,4.153221621557045,1992,0.9226907630522089,1.0680855790998727,8.861239331384256,3.8059093523574035,8,0.125,12.088590738038242,88.59300205386415,90.63397665226782,188,0.2872340425531915,9.8472446102834,39.18683236653603,32.6559180733941,1812,0.9850993377483444,0.20587925647791,6.066891986556058,1.1959882148543042,1113,0.8769092542677448,1.7005804970711695,10.884385234301341,6.453149235591296,0.7722000818717097,"y@t,throughput_2@t,buffer_size_3@t",4.502
g1s_h1_b20,1,1,20,tabpfn_parents,5,166718,10000,2000,0.937,0.22750794629059187,8.029432610852558,3.2364695603865963,1992,0.9402610441767069,0.19734789875359893,7.683839851682124,2.8777940569362666,8,0.125,7.737359783001827,94.08202964429105,92.54666991951868,188,0.526595744680851,1.6282788366030252,27.37666611856734,22.666526220260064,1812,0.9795805739514348,0.08217410115883828,6.022103748021223,1.2205475669780912,1113,0.9074573225516622,0.29501864009787065,8.548772901009235,4.2756091675351255,0.7826373359802581,"y@t,throughput_2@t,buffer_size_3@t",4.502
g1s_h1_b20,1,1,20,dbn_rec,5,166718,10000,2000,0.9465,0.18766158507457248,8.47942496735413,5.4285957563835705,1992,0.9477911646586346,0.18375185016328952,8.179397011688529,5.118035071123054,8,0.625,1.1611855779840337,83.18638592808871,82.75820638625248,188,0.6595744680851063,1.378189907075471,30.65304627971236,35.88809698647544,1812,0.9762693156732892,0.06414098654467794,6.178850570707692,2.2683384543652094,1113,0.9254267744833783,0.2849637202239185,9.497502057314373,7.96845017886453,0.788556025136176,"y@t,throughput_2@t,buffer_size_3@t",4.502
g1s_h1_b20,1,1,20,dbn_rec_median,5,166718,10000,2000,0.9465,0.18766158507457248,8.47942496735413,3.991245543712355,1992,0.9477911646586346,0.18375185016328952,8.179397011688529,3.6731927710843375,8,0.625,1.1611855779840337,83.18638592808871,83.18638592808871,188,0.6595744680851063,1.378189907075471,30.65304627971236,26.3010979095367,1812,0.9762693156732892,0.06414098654467794,6.178850570707692,1.676536799355303,1113,0.9254267744833783,0.2849637202239185,9.497502057314373,5.8517520215633425,0.788556025136176,"y@t,throughput_2@t,buffer_size_3@t",4.502
g1s_h1_b50,1,1,50,model,1,33200,10000,2000,0.833,0.6693101941767613,5.764035372052971,5.252996514524122,1995,0.8350877192982457,0.6487744114111402,5.627433744607725,5.11574893143278,5,0.0,8.86308751765959,60.26808472270593,60.01478216796979,394,0.21573604060913706,2.7202225331250376,17.495325289552916,16.71431306608206,1606,0.9844333748443338,0.16615984452195395,2.8859978704994345,2.4411915821991985,1132,0.7208480565371025,1.0409863309357124,7.471871891202932,7.198171198315747,0.6137225417902845,"y@t,throughput_2@t,buffer_size_3@t,data_quality_1@t+h",4.2705
g1s_h1_b50,1,1,50,ar,1,33200,10000,2000,0.801,0.7829748172470153,6.163066334923448,5.558086700069278,1995,0.8030075187969925,0.7627239082234251,6.027464785079381,5.421603754034441,5,0.0,8.86308751765959,60.26808472270587,60.01478216796973,394,0.005076142131979695,2.9954605529031393,18.66561468380258,17.420504548639133,1606,0.9962640099626401,0.24018566416574966,3.095815992794943,2.6478795815533864,1132,0.6554770318021201,1.1707835676046296,7.740394798857387,7.25444782703022,0.5804144571181672,"y@t,throughput_2@t,buffer_size_3@t,data_quality_1@t+h",4.2705
g1s_h1_b50,1,1,50,persistence,1,33200,10000,2000,0.803,5.443311159837924,5.105984262560895,4.270500000000002,1995,0.8050125313283208,5.387702864208624,4.964762913457701,4.127819548872182,5,0.0,27.631021115928547,61.45330255473615,61.2,394,0.0,27.631021115928547,19.125675489252483,17.82741116751269,1606,1.0,0.0,1.6665332393252268,0.9445828144458313,1132,0.6563604240282686,9.495112379943643,7.65869531849759,7.274734982332156,0.5803642905780398,"y@t,throughput_2@t,buffer_size_3@t,data_quality_1@t+h",4.2705
g1s_h1_b50,1,1,50,tabpfn,1,33200,10000,2000,0.8275,0.6319004923303705,14.12585228358071,7.302216822327198,1995,0.8295739348370927,0.6241420194350303,14.009233383615458,7.205715497054579,5,0.0,3.727531177571109,60.656793369715885,45.806245606101655,394,0.1751269035532995,1.908031715761416,21.023956800698514,15.505087136119295,1606,0.987546699875467,0.31882720339398707,12.433540216492032,5.289806546091777,1132,0.7075971731448764,0.9394920339710985,16.29569731767464,8.534225707309336,0.5937633315044488,"y@t,throughput_2@t,buffer_size_3@t,data_quality_1@t+h",4.2705
g1s_h1_b50,1,1,50,hgb,1,33200,10000,2000,0.8105,2.618088249533769,4.870097960464489,4.372638182635921,1995,0.8120300751879699,2.596949479619891,4.740387182842552,4.233327101576039,5,0.2,11.052457445170955,56.62469823161753,59.957759525528296,394,0.21065989847715735,10.905185505212964,15.965104522218999,15.953078131881883,1606,0.9576587795765878,0.5850145765962823,2.1481598624998086,1.5316087056727148,1132,0.6934628975265018,4.23501557442993,6.770788566933158,6.537112055179308,0.5793076428575715,"y@t,throughput_2@t,buffer_size_3@t,data_quality_1@t+h",4.2705
g1s_h1_b50,1,1,50,hgb_ctx,1,33200,10000,2000,0.799,2.776966620950358,4.99379492153032,4.254602737251406,1995,0.800501253132832,2.756226042443539,4.864394161354663,4.115331571027251,5,0.2,11.052457445170955,56.62469823161753,59.82379806068951,394,0.22588832487309646,10.694797019558685,17.405947327167556,16.428406139108667,1606,0.9396014943960149,0.8344851906566585,1.9487214172830771,1.268003397069737,1132,0.6775618374558304,4.454696837719115,7.361409824699956,6.843623627143644,0.5637674591991421,"y@t,throughput_2@t,buffer_size_3@t,data_quality_1@t+h",4.2705
g1s_h1_b50,1,1,50,dbn_rec,1,33200,10000,2000,0.8515,0.5421511836983193,5.2988034422565375,4.86669526000789,1995,0.8521303258145363,0.5412154924102123,5.230914029055673,4.791729402257095,5,0.6,0.9154920076529967,32.38667930940167,34.77807250257522,394,0.4213197969543147,2.150524041731853,16.321192140982262,16.098875781182937,1606,0.9570361145703612,0.14756905040740254,2.5946806855330404,2.1111042728703007,1132,0.7597173144876325,0.8740917489991792,7.094518303760436,7.0866658400007765,0.6691289568779546,"y@t,throughput_2@t,buffer_size_3@t,data_quality_1@t+h",4.2705
g1s_h1_b50,1,1,50,dbn_rec_median,1,33200,10000,2000,0.8515,0.5421511836983193,5.2988034422565375,4.208216698273504,1995,0.8521303258145363,0.5412154924102123,5.230914029055673,4.137593984962406,5,0.6,0.9154920076529967,32.38667930940167,32.38667930940167,394,0.4213197969543147,2.150524041731853,16.321192140982262,15.523942630829971,1606,0.9570361145703612,0.14756905040740254,2.5946806855330404,1.432129514321295,1132,0.7597173144876325,0.8740917489991792,7.094518303760436,6.7363074204946995,0.6691289568779546,"y@t,throughput_2@t,buffer_size_3@t,data_quality_1@t+h",4.2705
g1s_h1_b50,1,1,50,model,2,66758,10000,2000,0.838,0.5498754748574284,6.054417311178685,5.559949193837338,1990,0.8412060301507538,0.5076512716068244,5.307507614690388,4.810374501066985,10,0.2,8.952491921727612,154.68944691234987,154.72531305513738,419,0.360381861575179,2.0375474158825875,19.421734568751624,18.75363955197035,1581,0.9645793801391525,0.15560947657182328,2.511782313757393,2.0633291685003785,1194,0.7495812395309883,0.7789754982287865,6.992557977236755,6.898222724727934,0.6221163715959875,"y@t,throughput_2@t,data_quality_1@t+h,data_quality_1@t",5.1895
g1s_h1_b50,1,1,50,ar,2,66758,10000,2000,0.794,0.7016581484499284,6.571082333627849,5.889014207883032,1990,0.7974874371859296,0.6598649648632552,5.825976951737313,5.140644664995074,10,0.1,9.018501682197906,154.84705332984433,154.81455324258687,419,0.045346062052505964,2.497092568125789,21.591701322911128,20.082522587994063,1581,0.9924098671726755,0.22582828011078507,2.590285776695719,2.1274202728630938,1194,0.6641541038525963,0.9712415552377242,7.751516137414512,7.184666211907735,0.6072571955414731,"y@t,throughput_2@t,data_quality_1@t+h,data_quality_1@t",5.1895
g1s_h1_b50,1,1,50,persistence,2,66758,10000,2000,0.7905,5.78869892378703,6.133565151704805,5.189500000000005,1990,0.7939698492462312,5.692823445995328,5.379158105453136,4.430653266331664,10,0.1,24.867919004335693,156.26056735578715,156.2,419,0.0,27.631021115928544,22.788367171233304,21.162291169451073,1581,1.0,0.0,1.7196739143977593,0.9563567362428917,1194,0.6566164154103853,9.488039076658882,7.876356065366194,7.384422110552764,0.6233523588606985,"y@t,throughput_2@t,data_quality_1@t+h,data_quality_1@t",5.1895
g1s_h1_b50,1,1,50,tabpfn,2,66758,10000,2000,0.834,0.4905238346934077,7.346272163211815,3.7927899553673017,1990,0.8371859296482412,0.4783405370301767,7.2068371797467865,3.560059903986836,10,0.2,2.915000069676366,35.09383387275242,50.10607018008002,419,0.324582338902148,1.576066088404627,13.115787860618855,11.169327875402328,1581,0.9690069576217584,0.20283110584773978,5.817222778510012,1.8378441055920482,1194,0.7420435510887772,0.7075956667918956,7.933335544330484,4.63259861726162,0.6331180659105277,"y@t,throughput_2@t,data_quality_1@t+h,data_quality_1@t",5.1895
g1s_h1_b50,1,1,50,hgb,2,66758,10000,2000,0.823,2.4453943675592154,6.003372322413545,4.990229877769665,1990,0.8261306532663316,2.402142794304885,5.25060620536328,4.231855289195518,10,0.2,11.052457445170958,155.80382961541653,155.90677300402484,419,0.29594272076372313,9.726959773499923,21.256165043507625,20.120664885134953,1581,0.9626818469323213,0.5156183365097804,1.9610445867156217,0.9803296449511595,1194,0.7294807370184254,3.7374107326541957,7.52700496798997,6.817550401383251,0.6243151287598017,"y@t,throughput_2@t,data_quality_1@t+h,data_quality_1@t",5.1895
g1s_h1_b50,1,1,50,hgb_ctx,2,66758,10000,2000,0.803,2.7217045787185006,5.901532910145209,4.907758694714299,1990,0.8060301507537688,2.679841498987584,5.144639054570093,4.148550823962672,10,0.2,11.052457445170958,156.52341016959338,155.99012497428825,419,0.23627684964200477,10.551274245932161,20.61200673497871,19.374698307600163,1581,0.9531941808981658,0.646695286775096,2.002931687751006,1.0736994298191849,1194,0.7001675041876047,4.142388010316465,7.340510118038863,6.652787442136922,0.6207504281025382,"y@t,throughput_2@t,data_quality_1@t+h,data_quality_1@t",5.1895
g1s_h1_b50,1,1,50,dbn_rec,2,66758,10000,2000,0.871,0.4183714071854374,5.1691789408767574,4.7354491089633175,1990,0.8723618090452261,0.4106855167656994,4.996749273497804,4.559615472886466,10,0.6,1.9478636007132923,39.482682749288266,39.72634268825681,419,0.5465393794749404,1.5596314670336575,16.318651685196247,16.27400120019536,1581,0.956989247311828,0.11591222623894507,2.2143218378597638,1.6774773656197213,1194,0.8056951423785594,0.6383603092675595,6.7925039058245416,6.865974985037389,0.6554664758794962,"y@t,throughput_2@t,data_quality_1@t+h,data_quality_1@t",5.1895
g1s_h1_b50,1,1,50,dbn_rec_median,2,66758,10000,2000,0.871,0.4183714071854374,5.1691789408767574,4.118163413746442,1990,0.8723618090452261,0.4106855167656994,4.996749273497804,3.9404522613065325,10,0.6,1.9478636007132923,39.482682749288266,39.482682749288266,419,0.5465393794749404,1.5596314670336575,16.318651685196247,15.120109947541575,1581,0.956989247311828,0.11591222623894507,2.2143218378597638,1.2024040224370418,1194,0.8056951423785594,0.6383603092675595,6.7925039058245416,6.38819095477387,0.6554664758794962,"y@t,throughput_2@t,data_quality_1@t+h,data_quality_1@t",5.1895
g1s_h1_b50,1,1,50,model,3,99959,10000,2000,0.8885,0.44248674271150695,5.534218637320203,4.833546879244757,1995,0.8907268170426065,0.4104888205997908,5.338394804757858,4.639558303346671,5,0.0,13.209657665286247,83.66792782969578,82.2349886625813,335,0.44776119402985076,2.097321737508843,18.987161272092646,18.474392776740043,1665,0.9771771771771772,0.10953195396849952,2.8274704195131344,2.0889922992682286,1087,0.812327506899724,0.6856137159828213,7.061413434098547,6.811557545311644,0.7337607460416891,"y@t,throughput_2@t,buffer_size_3@t",4.564
g1s_h1_b50,1,1,50,ar,3,99959,10000,2000,0.838,0.6311991701842466,6.4049596440771435,5.4412555996771825,1995,0.8401002506265665,0.6097469015467155,6.212471449005627,5.249943432482144,5,0.0,9.190654356559126,83.20774947761181,81.77481031049736,335,0.04776119402985075,2.7503113239999366,22.292413579847892,20.68100916241248,1665,0.996996996996997,0.20483125935646512,3.2083848281713165,2.374998876844554,1087,0.7074517019319227,0.9710837995865349,8.319157869672512,7.410567080962679,0.651779790914865,"y@t,throughput_2@t,buffer_size_3@t",4.564
g1s_h1_b50,1,1,50,persistence,3,99959,10000,2000,0.8325,4.628196036918031,5.71199327700404,4.564000000000009,1995,0.8345864661654135,4.57054484624382,5.516201432667923,4.36892230576442,5,0.0,27.631021115928547,83.83293916711446,82.4,335,0.0,27.631021115928547,24.596985538784434,22.982089552238804,1665,1.0,0.0,1.9123101492584353,0.8582582582582694,1087,0.6964121435142594,8.388442473096983,8.70134476014668,8.018399264029439,0.6364715273700697,"y@t,throughput_2@t,buffer_size_3@t",4.564
g1s_h1_b50,1,1,50,tabpfn,3,99959,10000,2000,0.8865,0.35495845358546874,5.22592184676663,3.669925409998063,1995,0.8887218045112782,0.3473807653334019,5.0369039511432225,3.5200925663030898,5,0.0,3.3784560661601413,80.64406220050623,63.4532300442925,335,0.4388059701492537,1.4491689491211155,15.310298176909582,14.818754685413168,1665,0.9765765765765766,0.13480198751673506,3.196933215776906,1.4267675677974265,1087,0.8169273229070837,0.544155687122976,5.90867309218094,5.126638681584351,0.6547943703555057,"y@t,throughput_2@t,buffer_size_3@t",4.564
g1s_h1_b50,1,1,50,hgb,3,99959,10000,2000,0.8375,2.2450694644687332,5.553249450791413,4.513868848712114,1995,0.8395989974937343,2.216070742432906,5.3570666602763275,4.318438234269208,5,0.0,13.815559556763812,83.83018286631058,82.4906840114315,335,0.26865671641791045,10.103929854624157,20.809482541328137,19.530237907400533,1665,0.9519519519519519,0.6638573138969213,2.48367702716991,1.4925573564234533,1087,0.7718491260349586,3.1520698068723445,7.598827630147716,6.706527558740608,0.6298812291433542,"y@t,throughput_2@t,buffer_size_3@t",4.564
g1s_h1_b50,1,1,50,hgb_ctx,3,99959,10000,2000,0.8575,1.9687592533094478,5.288211258490139,4.355021453263386,1995,0.8596491228070176,1.939068024478735,5.091364211853998,4.159069281504736,5,0.0,13.815559556763812,83.83018286631058,82.5399379849642,335,0.23582089552238805,10.557573484885673,21.4576680524161,20.123146720426597,1665,0.9825825825825826,0.24067951302233978,2.034897128781311,1.1824557088191354,1087,0.7589696412143514,3.3300064653925836,7.783725583055189,6.8348648086761425,0.6522906844139527,"y@t,throughput_2@t,buffer_size_3@t",4.564
g1s_h1_b50,1,1,50,dbn_rec,3,99959,10000,2000,0.905,0.3552280212283833,5.413526180276496,4.670769172141889,1995,0.9057644110275689,0.34127065251079675,5.325435655974667,4.582266376476771,5,0.6,5.924218139545438,40.56164537670615,39.9833846425242,335,0.6238805970149254,1.6551102880263457,17.68773743263535,17.445853904564224,1665,0.9615615615615616,0.09369014772849296,2.943940132504595,2.10040677853139,1087,0.8454461821527139,0.5709404588437991,6.938111986472561,6.689426744218866,0.7684229220553586,"y@t,throughput_2@t,buffer_size_3@t",4.564
g1s_h1_b50,1,1,50,dbn_rec_median,3,99959,10000,2000,0.905,0.3552280212283833,5.413526180276496,3.8484041134417653,1995,0.9057644110275689,0.34127065251079675,5.325435655974667,3.756390977443609,5,0.6,5.924218139545438,40.56164537670615,40.56164537670615,335,0.6238805970149254,1.6551102880263457,17.68773743263535,16.506890229503075,1665,0.9615615615615616,0.09369014772849296,2.943940132504595,1.3015015015015015,1087,0.8454461821527139,0.5709404588437991,6.938111986472561,6.304507819687212,0.7684229220553586,"y@t,throughput_2@t,buffer_size_3@t",4.564
g1s_h1_b50,1,1,50,model,4,133160,10000,2000,0.926,0.299658132069016,3.4764268611942684,2.9975941371134986,1998,0.9269269269269269,0.2871862712434534,3.4521340787084007,2.9731278689862877,2,0.0,12.759047096805975,27.74491656457647,27.439395996197316,298,0.5771812080536913,1.4441949427058622,10.149249444491339,10.435790201867889,1702,0.9870740305522914,0.0992633203358901,2.3080948225206335,1.6952542855877593,1013,0.8677196446199408,0.4925995477407895,4.507264958962872,4.658595181325967,0.7941149268578748,"y@t,throughput_2@t,buffer_size_3@t",2.82
g1s_h1_b50,1,1,50,ar,4,133160,10000,2000,0.854,0.5411960910695813,4.434523130153213,3.511822892866581,1998,0.8548548548548549,0.5318791094503311,4.411010948754496,3.4876929140014896,2,0.0,9.848860728700718,27.923192347471762,27.617671779092607,298,0.03355704697986577,2.505436356264844,13.546916873250172,11.462085609745081,1702,0.9976498237367802,0.1972809330036659,2.8390511351808914,2.1198262479607095,1013,0.7147087857847977,0.8834733252239827,5.672415898392961,4.87234603774024,0.7376375346410028,"y@t,throughput_2@t,buffer_size_3@t",2.82
g1s_h1_b50,1,1,50,persistence,4,133160,10000,2000,0.851,4.117022146273354,3.995723588013748,2.820000000000008,1998,0.8518518518518519,4.0934846097671915,3.9718899574027717,2.795295295295303,2,0.0,27.631021115928547,27.805520568379155,27.499999999999996,298,0.0,27.631021115928547,15.976168929300325,13.832214765100671,1702,1.0,0.0,1.898089797353701,0.8918918918919007,1013,0.7077986179664363,8.073822557072901,6.152823536442376,5.513326752221126,0.7434838299029839,"y@t,throughput_2@t,buffer_size_3@t",2.82
g1s_h1_b50,1,1,50,tabpfn,4,133160,10000,2000,0.9135,0.2725002712492516,4.332301480630278,1.9859981976002385,1998,0.9144144144144144,0.26809441218657803,4.193266834419854,1.826918993682499,2,0.0,4.673953474860122,143.22791304484446,160.9061229114222,298,0.4865771812080537,1.177345348195679,8.982786799180927,7.491290566359017,1702,0.9882491186839013,0.11407263733031182,3.518056695126111,1.0220868427881842,1013,0.84106614017769,0.4549445934934978,4.27334978288635,2.969043487799634,0.7883054331623973,"y@t,throughput_2@t,buffer_size_3@t",2.82
g1s_h1_b50,1,1,50,hgb,4,133160,10000,2000,0.8835,1.6095559788023766,3.6120737225191597,2.3818464107281208,1998,0.8843843843843844,1.5973377570026155,3.5878585756792454,2.3567036710922733,2,0.0,13.815559556763812,27.803005415593272,27.499443306939412,298,0.3389261744966443,9.133121414634982,12.147141511514643,10.401267905412446,1702,0.9788484136310224,0.2922689635978429,2.1176846501803497,0.9777408846318045,1013,0.7986179664363278,2.782244609682768,5.081632563592046,4.22069245116683,0.6775447255840297,"y@t,throughput_2@t,buffer_size_3@t",2.82
g1s_h1_b50,1,1,50,hgb_ctx,4,133160,10000,2000,0.894,1.4644931179437517,3.51919254421942,2.3112322766835085,1998,0.8948948948948949,1.4521296880750632,3.494884423227054,2.2860045620648504,2,0.0,13.815559556763812,27.803005415593272,27.513719180722745,298,0.348993288590604,8.99403909358165,12.201403526103359,10.463094471975765,1702,0.9894242068155111,0.14615898119869072,1.9990404451586603,0.8839379557686484,1013,0.8035538005923001,2.714053540788571,5.092116081007012,4.241823142101401,0.7133410019336816,"y@t,throughput_2@t,buffer_size_3@t",2.82
g1s_h1_b50,1,1,50,dbn_rec,4,133160,10000,2000,0.9305,0.2609531695010312,3.400243027640319,2.801289158308143,1998,0.9304304304304304,0.26068397795032594,3.3955337150561165,2.7986648436715647,2,1.0,0.5298755286555435,8.10484629925869,5.422979480250433,298,0.697986577181208,1.2580433845674124,9.462141519629503,10.15486288462157,1702,0.9712103407755581,0.08637450669857437,2.33887654666924,1.5137656739124907,1013,0.8815399802566634,0.4596949057599024,4.481739497069432,4.691614226835771,0.7936058631481403,"y@t,throughput_2@t,buffer_size_3@t",2.82
g1s_h1_b50,1,1,50,dbn_rec_median,4,133160,10000,2000,0.9305,0.2609531695010312,3.400243027640319,2.0711048462992583,1998,0.9304304304304304,0.26068397795032594,3.3955337150561165,2.065065065065065,2,1.0,0.5298755286555435,8.10484629925869,8.10484629925869,298,0.697986577181208,1.2580433845674124,9.462141519629503,7.673522458384287,1702,0.9712103407755581,0.08637450669857437,2.33887654666924,1.0901880141010576,1013,0.8815399802566634,0.4596949057599024,4.481739497069432,3.884995064165844,0.7936058631481403,"y@t,throughput_2@t,buffer_size_3@t",2.82
g1s_h1_b50,1,1,50,model,5,166718,10000,2000,0.893,0.37605999498599446,5.022636173761222,4.509463364526531,1992,0.8960843373493976,0.33739172554837077,4.682081357919704,4.164563661200424,8,0.125,10.004459084954306,89.8207853182991,90.38948949272731,289,0.4809688581314879,1.8927613437249655,20.02624783182128,19.81986182121067,1711,0.9625949736995909,0.11987841124224073,2.4884200608568636,1.9234287917727528,1113,0.839173405211141,0.5296376831638369,6.256850273924653,6.166726319024097,0.7346547800206885,"y@t,throughput_2@t,buffer_size_3@t",4.502
g1s_h1_b50,1,1,50,ar,5,166718,10000,2000,0.86,0.5414570033330313,5.879794945910754,4.971317603812417,1992,0.8629518072289156,0.5127973302307487,5.542510538549703,4.628128990616606,8,0.125,7.677715605801417,89.86361237881259,90.42528228956937,289,0.03460207612456748,2.7175263786713715,23.718072054855444,21.891744128788822,1711,0.9994155464640561,0.17390349691995105,2.866783791916006,2.1133379043862437,1113,0.7547169811320755,0.8007685370247147,7.357129079148788,6.5120030899168855,0.7091599657689249,"y@t,throughput_2@t,buffer_size_3@t",4.502
g1s_h1_b50,1,1,50,persistence,5,166718,10000,2000,0.8555,3.9926825512516753,5.604463242536538,4.502000000000007,1992,0.858433734939759,3.9116204591826556,5.265271006204382,4.156124497991976,8,0.125,24.17714347643748,90.06333008924324,90.625,289,0.0,27.631021115928547,27.591746063654835,25.70242214532872,1711,1.0,0.0,1.8906556824528506,0.9210987726475837,1113,0.7466307277628033,7.000851711313432,8.15456528638116,7.438454627133872,0.7106908001763312,"y@t,throughput_2@t,buffer_size_3@t",4.502
g1s_h1_b50,1,1,50,tabpfn,5,166718,10000,2000,0.8965,0.31124125618219867,4.671703312007288,3.3179786178631687,1992,0.8990963855421686,0.29870187241745244,4.4391834290277155,3.033188802732757,8,0.25,3.4335478136040023,62.56915417392099,74.23064258533572,289,0.4463667820069204,1.3883435425225423,15.201086369350909,16.056028696462416,1711,0.972530683810637,0.12931106287281272,2.893216051006525,1.1664318775270015,1113,0.8400718778077269,0.457991580082441,5.182832189578243,4.623196596794917,0.7252906675709353,"y@t,throughput_2@t,buffer_size_3@t",4.502
g1s_h1_b50,1,1,50,hgb,5,166718,10000,2000,0.8775,1.692449042150162,4.954507981625263,3.7701175050746905,1992,0.8805220883534136,1.6506973485964749,4.612719400858504,3.419862766148304,8,0.125,12.088620737018278,90.05986459254815,90.98354749774492,289,0.25951557093425603,10.230219446565473,20.48404449378074,18.870889063154518,1711,0.9818819403857393,0.250359242690183,2.331459441582638,1.2194903979530836,1113,0.8023360287511231,2.730877680517544,6.342806621846237,5.392971758847112,0.6950938218383087,"y@t,throughput_2@t,buffer_size_3@t",4.502
g1s_h1_b50,1,1,50,hgb_ctx,5,166718,10000,2000,0.8755,1.7200800632660906,5.368671849630796,4.153221621557045,1992,0.8785140562248996,1.6784393376686921,5.028546577570887,3.8059093523574035,8,0.125,12.088620737018278,90.05986459254815,90.63397665226782,289,0.2560553633217993,10.278023981368117,24.738698219156742,23.092722450185295,1711,0.9801285797779077,0.27458281467960016,2.0969374131649876,0.9542059935771712,1113,0.7987421383647799,2.7805291110942356,7.462501418787923,6.453149235591296,0.7170109017089499,"y@t,throughput_2@t,buffer_size_3@t",4.502
g1s_h1_b50,1,1,50,dbn_rec,5,166718,10000,2000,0.908,0.28976128647987115,5.024686068442753,4.445416383407419,1992,0.9091365461847389,0.2842622800986327,4.727908968535331,4.143140009910073,8,0.625,1.659013875408255,78.92218394539084,79.71223338424694,289,0.5882352941176471,1.4307287329562388,20.013220877474673,20.05242370345027,1711,0.962010520163647,0.09704381597626499,2.4930165419610324,1.8092824760477564,1113,0.8607367475292004,0.4513195472451989,6.386731243447742,6.280327333342485,0.7462454386230226,"y@t,throughput_2@t,buffer_size_3@t",4.502
g1s_h1_b50,1,1,50,dbn_rec_median,5,166718,10000,2000,0.908,0.28976128647987115,5.024686068442753,3.9559387357815634,1992,0.9091365461847389,0.2842622800986327,4.727908968535331,3.6548694779116464,8,0.625,1.659013875408255,78.92218394539084,78.92218394539084,289,0.5882352941176471,1.4307287329562388,20.013220877474673,19.128768460407958,1711,0.962010520163647,0.09704381597626499,2.4930165419610324,1.3931404947429733,1113,0.8607367475292004,0.4513195472451989,6.386731243447742,5.836477987421383,0.7462454386230226,"y@t,throughput_2@t,buffer_size_3@t",4.502
g1s_h1_b10,1,1,10,model,1,33200,10000,2000,0.937,0.2747991507158548,11.569894483011048,5.042152972006503,1995,0.9383458646616541,0.2661281722502161,11.468870912657584,4.896963262509829,5,0.4,3.734519558505698,51.878299054043694,62.97284706117946,158,0.2911392405063291,3.0560928175870794,32.987735687239756,30.041650321202148,1842,0.992399565689468,0.03622998710800819,9.732750666361682,2.897787835647702,1132,0.901060070671378,0.4438235680652422,11.80397010073902,7.282275817032318,0.9078156218115531,"y@t,throughput_2@t,buffer_size_3@t",4.2705
g1s_h1_b10,1,1,10,ar,1,33200,10000,2000,0.921,0.39155638849147045,12.814531730846134,5.580492724622527,1995,0.9228070175438596,0.38254460766109166,12.711629586036258,5.447145008736571,5,0.2,3.9872569398125868,53.87248750998742,58.786231363118574,158,0.0,4.335074906287358,43.10311483190118,31.146524967732994,1842,1.0,0.053295842448175,10.216488229235548,3.387532304203714,1132,0.8639575971731449,0.6421728959130834,13.63396358374246,7.825937517672366,0.8741837412899993,"y@t,throughput_2@t,buffer_size_3@t",4.2705
g1s_h1_b10,1,1,10,persistence,1,33200,10000,2000,0.921,2.182850668158355,12.047126654611334,4.270500000000004,1995,0.9228070175438596,2.132920928247116,11.938145676921327,4.127819548872184,5,0.2,22.10481689274284,55.53053675292483,61.20000000000001,158,0.0,27.631021115928544,45.009994026574574,32.10126582278481,1842,1.0,0.0,9.219692862662264,1.883279044516834,1132,0.8639575971731449,3.758990505170491,13.244993081314458,7.274734982332157,0.8741837412899993,"y@t,throughput_2@t,buffer_size_3@t",4.2705
g1s_h1_b10,1,1,10,tabpfn,1,33200,10000,2000,0.937,0.27199349846888643,19.1098343417602,7.302216822327198,1995,0.937844611528822,0.26826456772229434,19.01024323099268,7.205715497054579,5,0.6,1.7598368663591457,58.846687538002655,45.806245606101655,158,0.26582278481012656,1.7120609616229725,35.69936369683208,27.475372354118786,1842,0.99457111834962,0.14846979641766733,17.686845395993995,5.571837574757668,1132,0.8957597173144877,0.3864520056952714,19.64221863741826,8.534225707309336,0.9026690257236396,"y@t,throughput_2@t,buffer_size_3@t",4.2705
g1s_h1_b10,1,1,10,hgb,1,33200,10000,2000,0.927,1.0085412706908918,11.908830368647916,4.372638182635921,1995,0.9283208020050125,0.9902937166456609,11.81406833176697,4.233327101576039,5,0.4,8.289315334738067,49.71888308414433,59.957759525528296,158,0.17721518987341772,11.36720123119593,40.08356000515034,28.38326187454675,1842,0.991313789359392,0.12001343477352183,9.492105459545101,2.313094999507847,1132,0.8851590106007067,1.5865959014924995,12.63217439826571,6.537112055179308,0.8592452541394934,"y@t,throughput_2@t,buffer_size_3@t",4.2705
g1s_h1_b10,1,1,10,hgb_ctx,1,33200,10000,2000,0.9235,1.056895557643767,12.006498089776414,4.254602737251406,1995,0.924812030075188,1.038769192287641,11.911980834151432,4.115331571027251,5,0.4,8.289315334738067,49.71888308414433,59.82379806068951,158,0.17088607594936708,11.45464117143621,43.087216105284654,30.990335458236288,1842,0.988056460369164,0.16501509782878002,9.340508162278963,1.9613097025523778,1132,0.8807420494699647,1.6476184746283844,13.094467184562168,6.843623627143644,0.8612298066090581,"y@t,throughput_2@t,buffer_size_3@t",4.2705
g1s_h1_b10,1,1,10,tabpfn_clf,1,33200,10000,2000,0.9,0.5455976263193345,28.68466052879027,26.551836587923127,1995,0.9007518796992481,0.5434894112011747,28.631047929983165,26.453686161670298,5,0.6,1.3867754584651206,50.076087452826116,65.71385666280378,158,0.4873417721518987,1.3331533979013357,36.82040886632464,42.68393364792281,1842,0.9353963083604777,0.4780439825028545,27.986805893974616,25.168084505686455,1132,0.8515901060070671,0.6928648239420315,26.436330013867064,26.783417331158685,0.8425408200779605,"y@t,throughput_2@t,buffer_size_3@t",4.2705
g1s_h1_b10,1,1,10,dbn_rec,1,33200,10000,2000,0.94,0.2377258920081815,11.65159359590639,5.08633048777024,1995,0.9398496240601504,0.2376745000052751,11.596599607914964,4.989136445640877,5,1.0,0.25823130116784215,33.594194804485866,43.86675329738604,158,0.27848101265822783,2.6766820492518053,35.32030867084239,32.94941267036437,1842,0.996742671009772,0.028521183623549298,9.621378079163778,2.6963375535412104,1132,0.8975265017667845,0.40134249210263895,12.170638803944435,7.742482134292949,0.9155026483548176,"y@t,throughput_2@t,buffer_size_3@t",4.2705
g1s_h1_b10,1,1,10,dbn_rec_median,1,33200,10000,2000,0.94,0.2377258920081815,11.65159359590639,4.128235487011215,1995,0.9398496240601504,0.2376745000052751,11.596599607914964,4.054385964912281,5,1.0,0.25823130116784215,33.594194804485866,33.594194804485866,158,0.27848101265822783,2.6766820492518053,35.32030867084239,26.865388468408817,1842,0.996742671009772,0.028521183623549298,9.621378079163778,2.1779259478902473,1132,0.8975265017667845,0.40134249210263895,12.170638803944435,6.663427561837456,0.9155026483548176,"y@t,throughput_2@t,buffer_size_3@t",4.2705
g1s_h1_b10,1,1,10,model,2,66758,10000,2000,0.931,0.25543245949131893,13.563390100650238,8.139189241091719,1990,0.9346733668341709,0.2339385388775916,12.84408334357151,7.4018861076503715,10,0.2,4.5327226616230565,156.70543475931746,154.86251279592003,137,0.34306569343065696,2.568697122865932,55.987564812926124,55.20590582416196,1863,0.9742351046698873,0.08532120942029267,10.443630607584327,4.678029728541734,1194,0.9061976549413735,0.34772853088004196,12.81651683174219,9.836608207866773,0.9139742656546469,"y@t,data_quality_1@t+h,throughput_2@t,data_quality_1@t",5.1895
g1s_h1_b10,1,1,10,ar,2,66758,10000,2000,0.9315,0.3295225347909019,13.810105320407931,6.679173291036252,1990,0.9351758793969849,0.30575245630486986,13.086731757325486,5.930182791498836,10,0.2,5.059768153511286,157.7614443738141,155.72828269898218,137,0.0,3.758855574136359,63.88425216084769,50.45194537165418,1863,1.0,0.07733862368498268,10.127787490488315,3.460241581404123,1194,0.8919597989949749,0.4736646900713656,13.95235884056218,8.222519286422266,0.9185053669847653,"y@t,data_quality_1@t+h,throughput_2@t,data_quality_1@t",5.1895
g1s_h1_b10,1,1,10,persistence,2,66758,10000,2000,0.9315,1.8927249464411053,13.255894327699066,5.189500000000009,1990,0.9351758793969849,1.7911566452034084,12.528513565101477,4.430653266331667,10,0.2,22.10481689274284,158.00466608461915,156.2,137,0.0,27.631021115928547,65.5034994946344,50.941605839416056,1863,1.0,0.0,9.41374622900334,1.8250134192163285,1194,0.8919597989949749,2.985261075339014,13.464171249444473,7.384422110552764,0.9185053669847653,"y@t,data_quality_1@t+h,throughput_2@t,data_quality_1@t",5.1895
g1s_h1_b10,1,1,10,tabpfn,2,66758,10000,2000,0.934,0.18277176998111025,12.785809737358516,3.7927899553673017,1990,0.9371859296482412,0.175280459497325,12.67250386596461,3.560059903986836,10,0.3,1.6735425562543784,35.333678144746294,50.10607018008002,137,0.3795620437956204,1.3619182726031909,29.24151866824085,23.064480659375096,1863,0.974771873322598,0.09606051348125784,11.575701243783165,2.375601750080631,1194,0.9053601340033501,0.24280759410171948,11.516400416336369,4.63259861726162,0.8768703825995956,"y@t,data_quality_1@t+h,throughput_2@t,data_quality_1@t",5.1895
g1s_h1_b10,1,1,10,hgb,2,66758,10000,2000,0.9295,0.9740024942959812,13.235313043984762,4.990229877769665,1990,0.9331658291457287,0.9233571930294742,12.507830985485796,4.231855289195518,10,0.2,11.05241744633092,158.00424268527883,155.90677300402484,137,0.23357664233576642,10.58853898964015,61.8460414055459,48.96918803344173,1863,0.9806763285024155,0.26697538755301253,9.660611065705709,1.7561357997626477,1194,0.9003350083752094,1.3769317440112159,13.360569761377565,6.817550401383251,0.8948608076195862,"y@t,data_quality_1@t+h,throughput_2@t,data_quality_1@t",5.1895
g1s_h1_b10,1,1,10,hgb_ctx,2,66758,10000,2000,0.9245,1.0430800470858028,13.34930523807024,4.907758694714299,1990,0.9281407035175879,0.9927818692001488,12.59286749297502,4.148550823962672,10,0.2,11.05241744633092,163.88041651201843,155.99012497428825,137,0.1678832116788321,11.49612727446992,63.75010220351674,47.875181879729716,1863,0.9801395598497048,0.27439112054172116,9.642966438142071,1.7480501727888507,1194,0.8944723618090452,1.4579271995436696,13.497605560533461,6.652787442136922,0.9043594294230651,"y@t,data_quality_1@t+h,throughput_2@t,data_quality_1@t",5.1895
g1s_h1_b10,1,1,10,tabpfn_clf,2,66758,10000,2000,0.929,0.3150106970482569,16.715525531458916,13.60301448275062,1990,0.9321608040201005,0.3069478173436182,16.596179365240506,13.482875655562866,10,0.3,1.9195237582713627,40.46541260892296,37.51064109311328,137,0.5255474452554745,1.2654788143510811,35.95077675387079,43.63796735403436,1863,0.9586688137412775,0.24511583281289087,15.30101698745976,11.394324980138771,1194,0.8986599664991625,0.4107528674916489,14.989459915074141,14.647372473891954,0.81766344187792,"y@t,data_quality_1@t+h,throughput_2@t,data_quality_1@t",5.1895
g1s_h1_b10,1,1,10,dbn_rec,2,66758,10000,2000,0.9515,0.19047518624093585,12.335854539098243,6.174584872199927,1990,0.9527638190954774,0.18653861415437276,12.157581338523691,5.940374927149313,10,0.7,0.9738530314669797,47.812221453434105,52.78236393727203,137,0.39416058394160586,2.1789156003597867,47.706877236371206,47.67969198462877,1863,0.9924852388620504,0.044250636195695574,9.734764839942903,3.122411133926845,1194,0.9279731993299832,0.2897691201621074,12.506980915480034,8.719091855320585,0.931547136050842,"y@t,data_quality_1@t+h,throughput_2@t,data_quality_1@t",5.1895
g1s_h1_b10,1,1,10,dbn_rec_median,2,66758,10000,2000,0.9515,0.19047518624093585,12.335854539098243,5.463311107267171,1990,0.9527638190954774,0.18653861415437276,12.157581338523691,5.250502512562814,10,0.7,0.9738530314669797,47.812221453434105,47.812221453434105,137,0.39416058394160586,2.1789156003597867,47.706877236371206,41.82930454455999,1863,0.9924852388620504,0.044250636195695574,9.734764839942903,2.789053940917672,1194,0.9279731993299832,0.2897691201621074,12.506980915480034,8.021356783919598,0.931547136050842,"y@t,data_quality_1@t+h,throughput_2@t,data_quality_1@t",5.1895
g1s_h1_b10,1,1,10,model,3,99959,10000,2000,0.941,0.2562832579428772,13.86750596607343,7.472279738211457,1995,0.9423558897243107,0.24243551445366734,13.684439403778201,7.285750380505899,5,0.4,5.781532910137614,86.91106432187038,81.89749346272933,118,0.19491525423728814,3.083034076931113,55.264051906559,51.11983836908664,1882,0.987778958554729,0.07904808438250958,11.271973330059991,4.735610281015244,1087,0.9135234590616376,0.38624130166766596,14.439349072586328,9.932251076293056,0.8523939364974618,"y@t,data_quality_1@t,buffer_size_2@t,throughput_2@t",4.564
g1s_h1_b10,1,1,10,ar,3,99959,10000,2000,0.941,0.28444841229071405,12.861757399191289,6.378316324837504,1995,0.9423558897243107,0.2737202279615067,12.67603283907394,6.188907879468997,5,0.4,4.564993959644424,86.96585688601348,81.95228602687244,118,0.0,3.7389441941192088,61.702534078625895,49.72378605159537,1882,1.0,0.06785409653313572,9.799477033530671,3.6605876172086913,1087,0.8942042318307267,0.45145110157200063,13.654545364529369,8.671445645393751,0.8720495339469503,"y@t,data_quality_1@t,buffer_size_2@t,throughput_2@t",4.564
g1s_h1_b10,1,1,10,persistence,3,99959,10000,2000,0.941,1.6302302458397844,12.666375188956177,4.564000000000006,1995,0.9423558897243107,1.5927656282364828,12.479038858955713,4.368922305764418,5,0.4,16.578612669557128,87.41357085914105,82.4,118,0.0,27.63102111592854,64.47476368618867,50.940677966101696,1882,1.0,0.0,9.418027769894843,1.656216790648254,1087,0.8942042318307267,2.92324510426107,14.201975441751262,8.018399264029439,0.8720495339469503,"y@t,data_quality_1@t,buffer_size_2@t,throughput_2@t",4.564
g1s_h1_b10,1,1,10,tabpfn,3,99959,10000,2000,0.956,0.13264319146611453,11.170681192850367,3.669925409998063,1995,0.9568922305764411,0.12891601063603286,10.993774482883937,3.5200925663030898,5,0.6,1.6197883426686974,81.75645846945532,63.4532300442925,118,0.4152542372881356,1.4345394994047096,36.31494964098211,31.695871164261238,1882,0.98990435706695,0.05101526142533123,9.594154265709271,1.9127194594119559,1087,0.9282428702851886,0.1975434680025229,10.557320861081386,5.126638681584351,0.9022364409644379,"y@t,data_quality_1@t,buffer_size_2@t,throughput_2@t",4.564
g1s_h1_b10,1,1,10,hgb,3,99959,10000,2000,0.9475,0.7253233042526244,12.306426454483917,4.513868848712114,1995,0.9488721804511279,0.7063659307426358,12.118189476379305,4.318438234269208,5,0.4,8.289315334738065,87.41298071822388,82.4906840114315,118,0.211864406779661,10.888504609202535,57.63601562653712,44.73865994511815,1882,0.9936238044633369,0.08809939671591398,9.464294933600666,1.9918043697663586,1087,0.9144434222631095,1.182016802986802,13.47581033242925,6.706527558740608,0.8834627294838266,"y@t,data_quality_1@t,buffer_size_2@t,throughput_2@t",4.564
g1s_h1_b10,1,1,10,hgb_ctx,3,99959,10000,2000,0.948,0.7184155489736422,12.48217165409891,4.355021453263386,1995,0.9493734335839599,0.6994408627937814,12.294375140153734,4.159069281504736,5,0.4,8.289315334738065,87.41298071822388,82.5399379849642,118,0.1694915254237288,11.47390759894678,60.90236152341565,46.82706504026716,1882,0.9968119022316685,0.04405419833770694,9.446261768562577,1.6920559148646372,1087,0.9107635694572217,1.232855848278299,13.831631379763294,6.8348648086761425,0.8943636630418113,"y@t,data_quality_1@t,buffer_size_2@t,throughput_2@t",4.564
g1s_h1_b10,1,1,10,tabpfn_clf,3,99959,10000,2000,0.95,0.1941724188873352,12.773393607006607,9.219388191887495,1995,0.9513784461152882,0.19054781160632783,12.651945902014793,9.095004325603302,5,0.4,1.6403907240092785,61.231027898739875,58.848550839280755,118,0.5084745762711864,1.2884341570431002,37.994599420140695,48.330185450036645,1882,0.9776833156216791,0.12556302191476335,11.192042764312758,6.767170297912149,1087,0.9264029438822448,0.2646920209660371,11.283703538962756,10.417981880602905,0.8783955960327852,"y@t,data_quality_1@t,buffer_size_2@t,throughput_2@t",4.564
g1s_h1_b10,1,1,10,dbn_rec,3,99959,10000,2000,0.9545,0.16538554332395314,12.356026910384019,6.281466640649492,1995,0.9548872180451128,0.16051620855286533,12.291320392049913,6.207506780936248,5,0.8,2.10825011698798,38.173927725692934,35.791450666233814,118,0.5084745762711864,2.0849742823284245,48.30963196638874,52.88190475466823,1882,0.9824654622741764,0.045028757350240235,10.101762618881068,3.3596538364761606,1087,0.9273229070837167,0.26221198121029154,12.803536246433916,9.429712749900787,0.907876916827503,"y@t,data_quality_1@t,buffer_size_2@t,throughput_2@t",4.564
g1s_h1_b10,1,1,10,dbn_rec_median,3,99959,10000,2000,0.9545,0.16538554332395314,12.356026910384019,5.345934819314232,1995,0.9548872180451128,0.16051620855286533,12.291320392049913,5.263659147869674,5,0.8,2.10825011698798,38.173927725692934,38.173927725692934,118,0.5084745762711864,2.0849742823284245,48.30963196638874,43.47877948763687,1882,0.9824654622741764,0.045028757350240235,10.101762618881068,2.9550338252323667,1087,0.9273229070837167,0.26221198121029154,12.803536246433916,8.21251149954002,0.907876916827503,"y@t,data_quality_1@t,buffer_size_2@t,throughput_2@t",4.564
g1s_h1_b10,1,1,10,model,4,133160,10000,2000,0.9635,0.14039387298181408,12.018457973526997,4.890153776875258,1998,0.963963963963964,0.13871677149388315,11.99984117554607,4.867450229424803,2,0.5,1.8158182594248398,30.616639156476218,27.570997679879106,141,0.5177304964539007,1.456618781690604,22.008191966817417,27.983505626979056,1859,0.9973103819257665,0.040561860002825696,11.260764324762098,3.1385870147103114,1013,0.9299111549851925,0.2389375225424078,12.271990868175473,7.401361909062053,0.8677140255133644,"y@t,throughput_2@t,data_quality_3@t+h,buffer_size_3@t",2.82
g1s_h1_b10,1,1,10,ar,4,133160,10000,2000,0.9295,0.29294784675804203,12.845639635695067,4.403913352851722,1998,0.92992992992993,0.2913174717229217,12.828095778071718,4.380968008935835,2,0.5,1.921692506843226,30.37195340142015,27.326311924823038,141,0.0,3.316369362716784,30.97527464222521,21.27001315696362,1859,1.0,0.06362970057720142,11.470557045097568,3.1246664069777164,1013,0.861796643632774,0.5204762362662099,13.454583241257588,6.165937531844734,0.8496520805892193,"y@t,throughput_2@t,data_quality_3@t+h,buffer_size_3@t",2.82
g1s_h1_b10,1,1,10,persistence,4,133160,10000,2000,0.9295,1.9479869886729626,12.614885415746134,2.8200000000000136,1998,0.92992992992993,1.9361075857006989,12.596936710980518,2.795295295295309,2,0.5,13.815510557964274,30.545641476597112,27.500000000000014,141,0.0,27.631021115928544,33.296127386362315,21.361702127659573,1859,1.0,0.0,11.046270505656365,1.4136632598171208,1013,0.861796643632774,3.8186998580750218,13.639269079591678,5.513326752221126,0.8496520805892193,"y@t,throughput_2@t,data_quality_3@t+h,buffer_size_3@t",2.82
g1s_h1_b10,1,1,10,tabpfn,4,133160,10000,2000,0.9565,0.1130568898168143,11.687086904931714,1.9859981976002385,1998,0.9574574574574575,0.1109614820033211,11.55021313089162,1.826918993682499,2,0.0,2.206369295496503,148.42398717098575,160.9061229114222,141,0.49645390070921985,0.9267952419212085,15.296221607540215,10.351671956487454,1859,0.991393222162453,0.05133709011443689,11.413344036148603,1.3514850184700087,1013,0.9220138203356367,0.17776883565186313,10.449178460446822,2.969043487799634,0.8660315598128306,"y@t,throughput_2@t,data_quality_3@t+h,buffer_size_3@t",2.82
g1s_h1_b10,1,1,10,hgb,4,133160,10000,2000,0.9545,0.6286147303468744,12.282397566751289,2.3818464107281208,1998,0.954954954954955,0.6223292953632961,12.264116572298633,2.3567036710922733,2,0.5,6.907764278941637,30.545111024956434,27.499443306939412,141,0.4326241134751773,7.838596550577528,27.752510237658864,16.177881762561654,1859,0.9940828402366864,0.08175758314272047,11.10903237761844,1.3354553485395626,1013,0.9180651530108588,1.131980743603167,12.910512329242056,4.22069245116683,0.8608443977325578,"y@t,throughput_2@t,data_quality_3@t+h,buffer_size_3@t",2.82
g1s_h1_b10,1,1,10,hgb_ctx,4,133160,10000,2000,0.9535,0.6424302409048387,12.305263150801332,2.3112322766835085,1998,0.953953953953954,0.6361586352611582,12.287005044821196,2.2860045620648504,2,0.5,6.907764278941637,30.545111024956434,27.513719180722745,141,0.3900709219858156,8.42649061687388,28.242666355668828,16.01841586174693,1859,0.9962345346960731,0.05203082562154934,11.096455269205679,1.2715803748578265,1013,0.914116485686081,1.1865335987185244,12.965647373412365,4.241823142101401,0.8641974153152763,"y@t,throughput_2@t,data_quality_3@t+h,buffer_size_3@t",2.82
g1s_h1_b10,1,1,10,tabpfn_clf,4,133160,10000,2000,0.9375,0.18517558472085413,12.176711950534793,7.317461848940885,1998,0.9384384384384384,0.18289937155796399,12.095892483173355,7.2496607169508875,2,0.0,2.459112534448116,92.91535984461305,75.05079270694826,141,0.5673758865248227,0.9084076725044107,15.596203180310793,26.45820739532366,1859,0.9655728886498117,0.13032043443710936,11.917353013795463,5.8656893249817825,1013,0.8933859822309971,0.28619455052123777,10.971379265323026,9.807138202956642,0.8401994753613314,"y@t,throughput_2@t,data_quality_3@t+h,buffer_size_3@t",2.82
g1s_h1_b10,1,1,10,dbn_rec,4,133160,10000,2000,0.965,0.12705418350401926,12.606961205924001,5.02195535997325,1998,0.964964964964965,0.12699275806989302,12.596987085410243,5.01493027770779,2,1.0,0.18841819219611042,22.57110759916614,12.040012543167691,141,0.7092198581560284,1.339919203878095,22.927224622863424,33.4914766774328,1859,0.984400215169446,0.03506173171663642,11.824197816043172,2.8626210373472163,1013,0.9417571569595261,0.22452415630715203,13.083091170380527,8.458377257792554,0.8673338442318336,"y@t,throughput_2@t,data_quality_3@t+h,buffer_size_3@t",2.82
g1s_h1_b10,1,1,10,dbn_rec_median,4,133160,10000,2000,0.965,0.12705418350401926,12.606961205924001,3.440071107599166,1998,0.964964964964965,0.12699275806989302,12.596987085410243,3.420920920920921,2,1.0,0.18841819219611042,22.57110759916614,22.57110759916614,141,0.7092198581560284,1.339919203878095,22.927224622863424,19.479835188786744,1859,0.984400215169446,0.03506173171663642,11.824197816043172,2.223499437105649,1013,0.9417571569595261,0.22452415630715203,13.083091170380527,6.1628825271470875,0.8673338442318336,"y@t,throughput_2@t,data_quality_3@t+h,buffer_size_3@t",2.82
g1s_h1_b10,1,1,10,model,5,166718,10000,2000,0.952,0.18419970553408324,13.864399624713839,6.604992912281984,1992,0.9548192771084337,0.1716676827248268,13.575485466459108,6.274397493309633,8,0.25,3.3046733850389374,85.8040250301418,88.92325223639762,121,0.4214876033057851,2.3093445746926173,47.83086517633387,52.128849458593,1879,0.9861628525811602,0.04734897154356563,11.677096627509995,3.673440681252908,1113,0.9326145552560647,0.2677951345066804,13.43482501942819,8.001282542081412,0.7656727687070247,"y@t,throughput_2@t,data_quality_2@t+h,data_quality_2@t",4.502
g1s_h1_b10,1,1,10,ar,5,166718,10000,2000,0.9395,0.29682018456572284,14.212195619318415,6.149327095314334,1992,0.9422690763052208,0.2835383166989467,13.921757063998035,5.816997857470875,8,0.25,3.6040052833929916,86.53139589409233,88.89930731833573,121,0.0,3.8738405242751184,60.94793941409054,51.51937356245473,1879,1.0,0.06647454267916782,11.202602751214407,3.227679611267507,1113,0.8966756513926325,0.4628932231638704,15.656494076205652,8.247701743922217,0.7579293129800978,"y@t,throughput_2@t,data_quality_2@t+h,data_quality_2@t",4.502
g1s_h1_b10,1,1,10,persistence,5,166718,10000,2000,0.9395,1.6716767775136774,13.456386955522484,4.502000000000008,1992,0.9422690763052208,1.5951643716525015,13.155490511965708,4.156124497991976,8,0.25,20.72326583694641,88.37960140116039,90.625,121,0.0,27.631021115928547,62.94964630021251,52.13223140495868,1879,1.0,0.0,10.26922123933968,1.4348057477381673,1113,0.8966756513926325,2.8549572581597333,15.169878634237802,7.438454627133872,0.7579293129800978,"y@t,throughput_2@t,data_quality_2@t+h,data_quality_2@t",4.502
g1s_h1_b10,1,1,10,tabpfn,5,166718,10000,2000,0.949,0.11865817290256815,11.58182771539763,3.3179786178631687,1992,0.9508032128514057,0.11218674649593993,11.380791890787437,3.033188802732757,8,0.5,1.7300433481530004,61.639748043335416,74.23064258533572,121,0.36363636363636365,1.2831643330536633,35.396514526055604,34.03559474059529,1879,0.9866950505588079,0.04366868627229541,10.048258208165265,1.339888383243378,1113,0.9245283018867925,0.16722017523636848,11.542557664172266,4.623196596794917,0.7621070509521547,"y@t,throughput_2@t,data_quality_2@t+h,data_quality_2@t",4.502
g1s_h1_b10,1,1,10,hgb,5,166718,10000,2000,0.9495,0.6976922831366957,12.934091262842012,3.7701175050746905,1992,0.9523092369477911,0.6588812404246636,12.631101025511212,3.419862766148304,8,0.25,10.361641918432706,88.37866035821159,90.98354749774492,121,0.30578512396694213,9.590941949290071,50.53066084324262,38.496373239953854,1879,0.9909526343799894,0.12500297520451992,10.513024248883271,1.5338870931958304,1113,0.9254267744833783,1.0302761844258386,13.822992995485587,5.392971758847112,0.7630963425578104,"y@t,throughput_2@t,data_quality_2@t+h,data_quality_2@t",4.502
g1s_h1_b10,1,1,10,hgb_ctx,5,166718,10000,2000,0.9455,0.7529543253685529,13.31467321698345,4.153221621557045,1992,0.9482931726907631,0.7143652185690984,13.013211421235548,3.8059093523574035,8,0.25,10.361641918432706,88.37866035821159,90.63397665226782,121,0.2396694214876033,10.504364134940603,59.56361563035644,48.68976061569547,1879,0.9909526343799894,0.12500297520451992,10.336428388873747,1.28524864748001,1113,0.9164420485175202,1.154404760867566,14.823398312203677,6.453149235591296,0.7615593655916093,"y@t,throughput_2@t,data_quality_2@t+h,data_quality_2@t",4.502
g1s_h1_b10,1,1,10,tabpfn_clf,5,166718,10000,2000,0.954,0.14530167013281794,11.792956692716173,6.955000699820935,1992,0.9568273092369478,0.1373796332486243,11.570880876646,6.700223443667891,8,0.25,2.1178888542970373,67.08983489418881,70.39453748192892,121,0.45454545454545453,1.2657334192463985,35.92796440711043,44.012124009847305,1879,0.9861628525811602,0.07315039730538675,10.238759814886631,4.568671843773467,1113,0.9362084456424079,0.19150363756180816,11.234830677176738,7.942925152258907,0.7655240538720492,"y@t,throughput_2@t,data_quality_2@t+h,data_quality_2@t",4.502
g1s_h1_b10,1,1,10,dbn_rec,5,166718,10000,2000,0.955,0.1505592256464349,12.986089462663976,6.028826651528966,1992,0.9558232931726908,0.1479169948405647,12.712228261632786,5.722325623553947,8,0.75,0.8084746963081108,81.17752851943068,82.34758261730866,121,0.5950413223140496,1.752115269251258,47.66718070107191,57.43558009987121,1879,0.9781798829164449,0.04742549425942927,10.752767461680817,2.7184396545894174,1113,0.9371069182389937,0.23186105610017596,13.923824955224617,8.92530530442857,0.766748368021423,"y@t,throughput_2@t,data_quality_2@t+h,data_quality_2@t",4.502
g1s_h1_b10,1,1,10,dbn_rec_median,5,166718,10000,2000,0.955,0.1505592256464349,12.986089462663976,4.114710114077722,1992,0.9558232931726908,0.1479169948405647,12.712228261632786,3.8052208835341363,8,0.75,0.8084746963081108,81.17752851943068,81.17752851943068,121,0.5950413223140496,1.752115269251258,47.66718070107191,40.71871498089427,1879,0.9781798829164449,0.04742549425942927,10.752767461680817,1.7575602530427028,1113,0.9371069182389937,0.23186105610017596,13.923824955224617,6.3517520215633425,0.766748368021423,"y@t,throughput_2@t,data_quality_2@t+h,data_quality_2@t",4.502
g30s_h1_b20,30,1,20,model,1,929,929,940,0.7893617021276595,1.027498243864572,23.22913882022599,22.72397807690254,846,0.8628841607565012,0.5923336702763149,13.079014993390713,12.588813191923919,94,0.1276595744680851,4.943979406158887,114.58025326174352,113.94046204171019,193,0.0,4.239560841036188,73.95584650574565,72.6851654343661,747,0.9933065595716198,0.19760790751367238,10.123041653819973,9.815665948401248,795,0.8540880503144654,0.616018182157715,12.10264786480727,11.534732080103002,0.6019491778837185,"y@t,data_quality_1@t+h,throughput_2@t,data_quality_1@t",17.55039007092199
g30s_h1_b20,30,1,20,ar,1,929,929,940,0.7893617021276595,1.065724886075879,26.13936151880388,26.05034153427163,846,0.8628841607565012,0.624431271573059,16.04293342032114,16.01729237842663,94,0.1276595744680851,5.037367416601257,117.00721440514857,116.34778393687665,193,0.0,4.277631632337839,76.3936817571835,75.2576953661106,747,0.9933065595716198,0.23587481642586788,13.15531358572856,13.336794961922337,795,0.8540880503144654,0.652025980085654,15.488392888628074,15.400711734792669,0.6019491778837185,"y@t,data_quality_1@t+h,throughput_2@t,data_quality_1@t",17.55039007092199
g30s_h1_b20,30,1,20,persistence,1,929,929,940,0.7946808510638298,5.673177739759798,20.50596101496628,17.55039007092199,846,0.8687943262411347,3.625346742160837,9.262603518409952,6.065208825847128,94,0.1276595744680851,24.10365671815043,121.69617848397326,120.91702127659573,193,0.0,27.631021115928547,79.75206112521249,76.3203799654577,747,1.0,0.0,5.198735685277504,2.36617581436859,795,0.8603773584905661,3.857916155808891,9.736582000159439,6.454297693920337,0.6117906916259294,"y@t,data_quality_1@t+h,throughput_2@t,data_quality_1@t",17.55039007092199
g30s_h1_b20,30,1,20,tabpfn,1,929,929,940,0.8212765957446808,0.636456484776111,16.703469342343677,9.810977135765139,846,0.8687943262411347,0.5044759419577184,12.695116184043176,5.902263654181138,94,0.39361702127659576,1.824281370141645,52.778647767048184,44.989398470021165,193,0.2538860103626943,1.8837999600107167,36.29345863481112,34.37313929737736,747,0.9678714859437751,0.3141843419109453,11.642066486324646,3.4649298838358775,795,0.8616352201257862,0.5133381864270747,10.88156097516133,6.106910534632247,0.628275063211279,"y@t,data_quality_1@t+h,throughput_2@t,data_quality_1@t",17.55039007092199
g30s_h1_b20,30,1,20,hgb,1,929,929,940,0.7829787234042553,2.9982787379308977,16.75338069829542,14.289213100985403,846,0.8451536643026005,2.1393001855090055,9.455817449335692,6.595058964815518,94,0.22340425531914893,10.729085709727928,82.43144993893296,83.53660032651437,193,0.13471502590673576,11.954372695052838,59.72124516938425,57.45236996101028,747,0.9504685408299867,0.6843213969341984,5.651911029058277,3.137286362049925,795,0.8377358490566038,2.2417810903571014,9.94579849355879,6.962178063507439,0.5984101097195423,"y@t,data_quality_1@t+h,throughput_2@t,data_quality_1@t",17.55039007092199
g30s_h1_b20,30,1,20,hgb_ctx,1,929,929,940,0.7829787234042553,2.9982787379308977,16.75338069829542,14.289213100985403,846,0.8451536643026005,2.1393001855090055,9.455817449335692,6.595058964815518,94,0.22340425531914893,10.729085709727928,82.43144993893296,83.53660032651437,193,0.13471502590673576,11.954372695052838,59.72124516938425,57.45236996101028,747,0.9504685408299867,0.6843213969341984,5.651911029058277,3.137286362049925,795,0.8377358490566038,2.2417810903571014,9.94579849355879,6.962178063507439,0.5984101097195423,"y@t,data_quality_1@t+h,throughput_2@t,data_quality_1@t",17.55039007092199
g30s_h1_b20,30,1,20,dbn_rec,1,929,929,940,0.85,0.8176756711944362,21.459251915406366,21.355623120626866,846,0.8628841607565012,0.6184238811711015,19.006653267428018,18.80987132174566,94,0.7340425531914894,2.61094178140445,43.5326397472115,44.2673893105577,193,0.32124352331606215,2.856044656963337,38.552439926942334,37.9683238796807,747,0.9866131191432396,0.2910287980305837,17.042939617914474,17.063452777256867,795,0.8540880503144654,0.639881148055507,18.038665462568346,17.772625270581432,0.6512709842913056,"y@t,data_quality_1@t+h,throughput_2@t,data_quality_1@t",17.55039007092199
g30s_h1_b20,30,1,20,dbn_rec_median,1,929,929,940,0.85,0.8176756711944362,21.459251915406366,9.98572851372824,846,0.8628841607565012,0.6184238811711015,19.006653267428018,6.258293932230102,94,0.7340425531914894,2.61094178140445,43.5326397472115,43.5326397472115,193,0.32124352331606215,2.856044656963337,38.552439926942334,37.50206206656924,747,0.9866131191432396,0.2910287980305837,17.042939617914474,2.876421451213768,795,0.8540880503144654,0.639881148055507,18.038665462568346,6.649958071278825,0.6512709842913056,"y@t,data_quality_1@t+h,throughput_2@t,data_quality_1@t",17.55039007092199
g30s_h1_b20,30,1,20,model,2,1869,1869,930,0.7978494623655914,0.9478621985275724,23.39595396445347,22.671417149610352,837,0.8745519713261649,0.5250032897647857,12.9953143063791,12.142509821966991,93,0.10752688172043011,4.753592377392652,117.00171088712283,117.43158309840067,183,0.00546448087431694,3.9835232307385477,77.5346958746972,76.23345157724849,747,0.9919678714859438,0.20418620268472298,10.133049319775283,9.549794257699007,823,0.8724179829890644,0.5312724354812643,12.923421757687517,12.04504262606467,0.5244338927483494,"y@t,data_quality_1@t+h,rps@t+h",17.59401433691756
g30s_h1_b20,30,1,20,ar,2,1869,1869,930,0.7978494623655914,1.0108809604334115,25.39942259982754,24.944250803214505,837,0.8745519713261649,0.5860449252404838,14.893371154044333,14.347388892445887,93,0.10752688172043011,4.834405277169762,119.9538856118764,120.31600800013202,183,0.00546448087431694,4.170139474115243,79.89901899484836,78.66007717886868,747,0.9919678714859438,0.2369260635073406,12.048115852452957,11.784951972230953,823,0.8724179829890644,0.5935764439615644,14.904823770587504,14.33081597222638,0.5244338927483494,"y@t,data_quality_1@t+h,rps@t+h",17.59401433691756
g30s_h1_b20,30,1,20,persistence,2,1869,1869,930,0.8032258064516129,5.4370718970052945,20.9148665918186,17.594014336917564,837,0.8805256869772998,3.301197265941284,9.28368463590289,5.596853843090403,93,0.10752688172043011,24.659943576581387,125.59550419505999,125.56845878136197,183,0.0,27.63102111592854,82.91408642017653,80.32969034608378,747,1.0,0.0,5.7263026981244876,2.225033467202143,823,0.8784933171324423,3.357353720039921,9.373656732027863,5.6920615633859875,0.5642935255181877,"y@t,data_quality_1@t+h,rps@t+h",17.59401433691756
g30s_h1_b20,30,1,20,tabpfn,2,1869,1869,930,0.8473118279569892,0.4944772773147769,12.453716732308866,7.8942308272441695,837,0.9032258064516129,0.35337434718276683,8.93552550161688,4.428416813775368,93,0.34408602150537637,1.7644036485028671,44.11743780853673,39.08655694846339,183,0.36065573770491804,1.5706169513098456,30.55827977419035,26.58982801318585,747,0.9665327978580991,0.23084466641638654,8.01846233249051,3.3141849302865705,823,0.9015795868772782,0.3543212094206743,8.53059104560859,4.305274324882389,0.6143457275340048,"y@t,data_quality_1@t+h,rps@t+h",17.59401433691756
g30s_h1_b20,30,1,20,hgb,2,1869,1869,930,0.7913978494623656,2.881964212986244,15.7840393648044,12.487827495085616,837,0.8566308243727598,1.980737359384273,9.093342529093151,5.402645289094886,93,0.20430107526881722,10.993005895403979,76.00031088620564,76.25446734900218,183,0.20765027322404372,10.946735015692834,54.73887351499726,52.51787264634742,747,0.9344042838018741,0.9062573095119376,6.240887223592492,2.681270249194169,823,0.8554070473876063,1.9976444632432555,9.18360001030042,5.486137600819093,0.5319096716617471,"y@t,data_quality_1@t+h,rps@t+h",17.59401433691756
g30s_h1_b20,30,1,20,hgb_ctx,2,1869,1869,930,0.7913978494623656,2.881964212986244,15.7840393648044,12.487827495085616,837,0.8566308243727598,1.980737359384273,9.093342529093151,5.402645289094886,93,0.20430107526881722,10.993005895403979,76.00031088620564,76.25446734900218,183,0.20765027322404372,10.946735015692834,54.73887351499726,52.51787264634742,747,0.9344042838018741,0.9062573095119376,6.240887223592492,2.681270249194169,823,0.8554070473876063,1.9976444632432555,9.18360001030042,5.486137600819093,0.5319096716617471,"y@t,data_quality_1@t+h,rps@t+h",17.59401433691756
g30s_h1_b20,30,1,20,dbn_rec,2,1869,1869,930,0.8548387096774194,0.8300366196450644,18.765684710991458,18.460897047849322,837,0.8745519713261649,0.5860449252404838,14.893371154044333,14.347388892445887,93,0.6774193548387096,3.02596186928629,53.61650672351562,55.48247044648022,183,0.30601092896174864,3.237609864583674,45.58819811283663,45.17937985749347,747,0.9892904953145917,0.24022951947938098,12.194707532226179,11.915405275205577,823,0.8724179829890644,0.5935764439615644,14.904823770587504,14.33081597222638,0.5733310501101704,"y@t,data_quality_1@t+h,rps@t+h",17.59401433691756
g30s_h1_b20,30,1,20,dbn_rec_median,2,1869,1869,930,0.8548387096774194,0.8300366196450644,18.765684710991458,10.817994758373066,837,0.8745519713261649,0.5860449252404838,14.893371154044333,6.062604540023897,93,0.6774193548387096,3.02596186928629,53.61650672351562,53.61650672351562,183,0.30601092896174864,3.237609864583674,45.58819811283663,44.9053073637613,747,0.9892904953145917,0.24022951947938098,12.194707532226179,2.4672876542418147,823,0.8724179829890644,0.5935764439615644,14.904823770587504,6.164520048602675,0.5733310501101704,"y@t,data_quality_1@t+h,rps@t+h",17.59401433691756
g30s_h1_b20,30,1,20,model,3,2799,2799,930,0.8021505376344086,0.8610859839335143,23.4420789047508,20.960049090784445,837,0.8733572281959379,0.5032747202772291,10.546427543428944,7.845953220109561,93,0.16129032258064516,4.081387356840082,139.5029411566475,138.9869119268584,186,0.010752688172043012,3.826059256363203,89.55901759728185,86.75135430033184,744,1.0,0.11984266582609233,6.912844231618035,4.512222788397595,796,0.8668341708542714,0.5217065605451605,10.139771569544328,7.366996165672932,0.5216788781415976,"y@t,data_quality_1@t+h,data_quality_1@t",20.650465949820788
g30s_h1_b20,30,1,20,ar,3,2799,2799,930,0.8,0.9395847616212782,27.048195645125556,27.004510102251412,837,0.8709677419354839,0.5694439542006007,13.96335223382172,13.95989486604473,93,0.16129032258064516,4.270852028407376,144.81178634686006,144.4060472281116,186,0.0,3.932919180182712,92.8157413762134,91.1207431723584,744,1.0,0.19125115698091966,10.606309212353597,10.975451834724666,796,0.864321608040201,0.5897928963244546,13.572539982441814,13.5782402034393,0.5195805093098192,"y@t,data_quality_1@t+h,data_quality_1@t",20.650465949820788
g30s_h1_b20,30,1,20,persistence,3,2799,2799,930,0.8,5.526204223185709,23.75798194290606,20.650465949820788,837,0.8709677419354839,3.5652930472165867,9.65045432862813,6.254400637196337,93,0.16129032258064516,23.174404806907813,150.72573047140742,150.2150537634409,186,0.0,27.631021115928547,98.07787511580146,94.72025089605735,744,1.0,0.0,5.178008649682207,2.1330197132616493,796,0.864321608040201,3.748932513216436,10.038957635272244,6.576549413735344,0.5205324652818555,"y@t,data_quality_1@t+h,data_quality_1@t",20.650465949820788
g30s_h1_b20,30,1,20,tabpfn,3,2799,2799,930,0.864516129032258,0.4407253563098706,11.223455143463687,6.89499834508666,837,0.9080047789725209,0.31796412298465615,7.9704598392114745,3.8870982812828334,93,0.4731182795698925,1.5455764562368004,40.50041288173361,33.966098919321105,186,0.44086021505376344,1.435309723517567,26.46588664415063,22.433067725531085,744,0.9704301075268817,0.19207926450794657,7.412847268291952,3.0104809999755537,796,0.9045226130653267,0.3171253341434509,6.997992375947434,3.7945668301693063,0.6141770913797449,"y@t,data_quality_1@t+h,data_quality_1@t",20.650465949820788
g30s_h1_b20,30,1,20,hgb,3,2799,2799,930,0.7795698924731183,3.045373477650337,15.804991812954732,12.948213079187592,837,0.8470728793309439,2.112785250021924,9.452181964860575,6.280415280735564,93,0.17204301075268819,11.438667526306052,72.9802804458022,72.95839326525584,186,0.1989247311827957,11.067282833887656,49.73983538891083,47.94537968240322,744,0.9247311827956989,1.0398961385910068,7.32128091896571,4.198921428383684,796,0.8505025125628141,2.065403115897076,8.931222967861729,5.588042849353538,0.5002079840437222,"y@t,data_quality_1@t+h,data_quality_1@t",20.650465949820788
g30s_h1_b20,30,1,20,hgb_ctx,3,2799,2799,930,0.7795698924731183,3.045373477650337,15.804991812954732,12.948213079187592,837,0.8470728793309439,2.112785250021924,9.452181964860575,6.280415280735564,93,0.17204301075268819,11.438667526306052,72.9802804458022,72.95839326525584,186,0.1989247311827957,11.067282833887656,49.73983538891083,47.94537968240322,744,0.9247311827956989,1.0398961385910068,7.32128091896571,4.198921428383684,796,0.8505025125628141,2.065403115897076,8.931222967861729,5.588042849353538,0.5002079840437222,"y@t,data_quality_1@t+h,data_quality_1@t",20.650465949820788
g30s_h1_b20,30,1,20,dbn_rec,3,2799,2799,930,0.8505376344086022,0.7533567327407826,18.656437864898507,18.78766866205653,837,0.8709677419354839,0.5694439542006007,13.96335223382172,13.95989486604473,93,0.6666666666666666,2.408571739602419,60.894208544589574,62.23763282616273,186,0.26881720430107525,2.9663396291100206,49.248895884324334,48.47003718533466,744,0.9959677419354839,0.20011100864847284,11.008323360042052,11.367076531236997,796,0.864321608040201,0.5897928963244546,13.572539982441814,13.5782402034393,0.5531265384448758,"y@t,data_quality_1@t+h,data_quality_1@t",20.650465949820788
g30s_h1_b20,30,1,20,dbn_rec_median,3,2799,2799,930,0.8505376344086022,0.7533567327407826,18.656437864898507,11.759223721842469,837,0.8709677419354839,0.5694439542006007,13.96335223382172,6.299780963759457,93,0.6666666666666666,2.408571739602419,60.894208544589574,60.894208544589574,186,0.26881720430107525,2.9663396291100206,49.248895884324334,48.27203229437887,744,0.9959677419354839,0.20011100864847284,11.008323360042052,2.6310215787083697,796,0.864321608040201,0.5897928963244546,13.572539982441814,6.622340871021775,0.5531265384448758,"y@t,data_quality_1@t+h,data_quality_1@t",20.650465949820788
g30s_h1_b20,30,1,20,model,4,3729,3729,940,0.8446808510638298,0.7673300908729853,19.488124502079614,16.725565748244733,846,0.91725768321513,0.40996483570049363,10.385652723165263,7.509106241940387,94,0.19148936170212766,3.9836173874254093,101.4103705123088,99.67370130498384,149,0.020134228187919462,4.003585944573908,82.71263331050231,78.81329746540156,791,1.0,0.15771931691415153,7.578577330834378,5.030152314797998,819,0.9145299145299145,0.4190562719579356,10.150620812415115,7.241488616634161,0.7063909515643226,"y@t,data_quality_1@t+h,data_quality_1@t",15.70595744680851
g30s_h1_b20,30,1,20,ar,4,3729,3729,940,0.8414893617021276,0.8433483957345499,24.392696699547606,23.753877355591268,846,0.9137115839243499,0.48113085210811146,15.220001995999237,14.652240344805136,94,0.19148936170212766,4.103306288372496,106.94694903148294,105.66861045266643,149,0.0,4.072172409045156,86.80854951432832,83.37220786565899,791,1.0,0.2351375512550552,12.635475372869571,12.523622935869282,819,0.9108669108669109,0.49095662151641095,14.893498973743373,14.324343124352412,0.7004972458603702,"y@t,data_quality_1@t+h,data_quality_1@t",15.70595744680851
g30s_h1_b20,30,1,20,persistence,4,3729,3729,940,0.8414893617021276,4.379810793907823,19.170009054743776,15.70595744680851,846,0.9137115839243499,2.3842370466463167,8.744738318950992,5.0401103230890465,94,0.19148936170212766,22.339974519261375,112.99744567687887,111.6985815602837,149,0.0,27.631021115928547,91.46640517840362,87.49910514541386,791,1.0,0.0,5.551598154079654,2.1823430257058583,819,0.9108669108669109,2.462838267964327,8.968418881423457,5.206267806267805,0.7004972458603702,"y@t,data_quality_1@t+h,data_quality_1@t",15.70595744680851
g30s_h1_b20,30,1,20,tabpfn,4,3729,3729,940,0.9180851063829787,0.32850679007515404,9.489426927933524,4.887992670673608,846,0.9621749408983451,0.2110003741503449,7.1788017541130555,2.53855578118889,94,0.5212765957446809,1.3860645333984363,30.285053492317726,26.032924676036068,149,0.5167785234899329,1.2485295036784514,21.6412688137564,18.884745483575916,791,0.9936788874841972,0.15520289079969093,7.200394764864483,2.251436198963818,819,0.960927960927961,0.21266766125817183,6.965461959144567,2.4601902261526996,0.8114046252007434,"y@t,data_quality_1@t+h,data_quality_1@t",15.70595744680851
g30s_h1_b20,30,1,20,hgb,4,3729,3729,940,0.8287234042553191,2.366292616662319,12.97118277010284,10.043501424206886,846,0.8936170212765957,1.4697541655603825,8.753855499041505,5.519634693223311,94,0.24468085106382978,10.435138676579752,50.927128209654825,50.75830200305906,149,0.2348993288590604,10.570275399872706,42.93568784934639,41.353296354064256,791,0.9405815423514539,0.8209153288009443,7.326794329132812,4.145701873576356,819,0.8925518925518926,1.4844694627021102,8.662571900589983,5.35005002507321,0.582784541166366,"y@t,data_quality_1@t+h,data_quality_1@t",15.70595744680851
g30s_h1_b20,30,1,20,hgb_ctx,4,3729,3729,940,0.8287234042553191,2.366292616662319,12.97118277010284,10.043501424206886,846,0.8936170212765957,1.4697541655603825,8.753855499041505,5.519634693223311,94,0.24468085106382978,10.435138676579752,50.927128209654825,50.75830200305906,149,0.2348993288590604,10.570275399872706,42.93568784934639,41.353296354064256,791,0.9405815423514539,0.8209153288009443,7.326794329132812,4.145701873576356,819,0.8925518925518926,1.4844694627021102,8.662571900589983,5.35005002507321,0.582784541166366,"y@t,data_quality_1@t+h,data_quality_1@t",15.70595744680851
g30s_h1_b20,30,1,20,dbn_rec,4,3729,3729,940,0.9,0.5000745975882539,14.535075584709896,12.824613163480414,846,0.9148936170212766,0.41053872248278905,11.194563761886325,9.111766275134677,94,0.7659574468085106,1.3058974735374385,44.59968199012204,46.24023515859207,149,0.38926174496644295,2.3191574358614804,45.87243565768428,44.07596480815278,791,0.9962073324905183,0.15741550415878394,8.632083611418892,6.937822524977026,819,0.9120879120879121,0.4193630487588577,10.840992541847035,8.745644511485851,0.7591544837069047,"y@t,data_quality_1@t+h,data_quality_1@t",15.70595744680851
g30s_h1_b20,30,1,20,dbn_rec_median,4,3729,3729,940,0.9,0.5000745975882539,14.535075584709896,9.12620933376398,846,0.9148936170212766,0.41053872248278905,11.194563761886325,5.184712371946414,94,0.7659574468085106,1.3058974735374385,44.59968199012204,44.59968199012204,149,0.38926174496644295,2.3191574358614804,45.87243565768428,43.603108238811295,791,0.9962073324905183,0.15741550415878394,8.632083611418892,2.6318250899560773,819,0.9120879120879121,0.4193630487588577,10.840992541847035,5.354904354904354,0.7591544837069047,"y@t,data_quality_1@t+h,data_quality_1@t",15.70595744680851
g30s_h1_b20,30,1,20,model,5,4669,4669,930,0.8419354838709677,0.6993900643913695,19.73860975178574,18.613436947551424,837,0.910394265232975,0.36611968712206233,10.539890894201275,9.242584198342584,93,0.22580645161290322,3.698823459815135,102.527079470046,102.95111169043095,154,0.05194805194805195,3.5613356384759585,79.64831052732157,77.83141934230714,776,0.9987113402061856,0.13142663860654138,7.849313463857247,6.861414668179795,811,0.9075215782983971,0.37281067495736064,10.233810289139907,8.90268809628148,0.6959210305365626,"y@t,rps@t+h,data_quality_1@t+h",16.11440860215054
g30s_h1_b20,30,1,20,ar,5,4669,4669,930,0.8354838709677419,0.8009199116390672,22.64882223793237,22.287628233534758,837,0.9032258064516129,0.46456723182212434,13.213484224472479,12.784118098474378,93,0.22580645161290322,3.8280940299915516,107.5668643590714,107.81921944907815,154,0.006493506493506494,3.806577482777956,83.76452576431691,81.86439701048606,776,1.0,0.20443632149037017,10.520190352541626,10.464403502026379,811,0.9001233045622689,0.47410552810067963,12.97751022321263,12.530614915175072,0.6754912819606533,"y@t,rps@t+h,data_quality_1@t+h",16.11440860215054
g30s_h1_b20,30,1,20,persistence,5,4669,4669,930,0.8344086021505376,4.575459410594619,19.053420657375295,16.11440860215054,837,0.9020310633213859,2.706981758071853,8.738927688866493,5.440223018717643,93,0.22580645161290322,21.391758283299517,111.88385737395448,112.18207885304659,154,0.0,27.631021115928547,89.85042038033755,86.62294372294373,776,1.0,0.0,5.003500609261652,2.121735395189004,811,0.8988902589395807,2.793765390266512,8.917136178907544,5.614632141389232,0.6752952940970693,"y@t,rps@t+h,data_quality_1@t+h",16.11440860215054
g30s_h1_b20,30,1,20,tabpfn,5,4669,4669,930,0.9010752688172043,0.30259437922486054,7.4034080756716625,4.281006965802862,837,0.94026284348865,0.19281136485839498,5.464989562666787,2.1484949619228786,93,0.5483870967741935,1.2906415085230498,24.84917469271554,23.47361500072271,154,0.5,1.2546866250459874,19.407141373065887,18.08286633497628,776,0.9806701030927835,0.11364823765726573,5.021223890364046,1.5419781734669016,811,0.9395807644882861,0.1965150621295433,5.443476221145907,2.197604161362578,0.6271674942183804,"y@t,rps@t+h,data_quality_1@t+h",16.11440860215054
g30s_h1_b20,30,1,20,hgb,5,4669,4669,930,0.8344086021505376,2.287748705116812,13.180768302515885,10.310529533454602,837,0.9008363201911589,1.370015865185135,7.828280783839299,4.547898699763574,93,0.23655913978494625,10.547344264501906,61.35315597060514,62.17420703667387,154,0.16233766233766234,11.572751869802563,51.8564532220493,50.072257903577565,776,0.9677835051546392,0.4451063244961861,5.505439078794047,2.419671068249788,811,0.8976572133168927,1.4139368497714566,7.97721601952709,4.681693161865135,0.5991925701235881,"y@t,rps@t+h,data_quality_1@t+h",16.11440860215054
g30s_h1_b20,30,1,20,hgb_ctx,5,4669,4669,930,0.8344086021505376,2.287748705116812,13.180768302515885,10.310529533454602,837,0.9008363201911589,1.370015865185135,7.828280783839299,4.547898699763574,93,0.23655913978494625,10.547344264501906,61.35315597060514,62.17420703667387,154,0.16233766233766234,11.572751869802563,51.8564532220493,50.072257903577565,776,0.9677835051546392,0.4451063244961861,5.505439078794047,2.419671068249788,811,0.8976572133168927,1.4139368497714566,7.97721601952709,4.681693161865135,0.5991925701235881,"y@t,rps@t+h,data_quality_1@t+h",16.11440860215054
g30s_h1_b20,30,1,20,dbn_rec,5,4669,4669,930,0.8870967741935484,0.533073763033866,16.971327184178467,16.636159649699312,837,0.9032258064516129,0.46456723182212434,13.213484224472479,12.784118098474378,93,0.7419354838709677,1.1496325439395407,50.791913821532404,51.304533610723716,154,0.33766233766233766,2.1466798080297806,45.932039870257,44.01952536395098,776,0.9961340206185567,0.2128478211145737,11.223969254209276,11.201831917747306,811,0.9001233045622689,0.47410552810067963,12.97751022321263,12.530614915175072,0.7262002307463447,"y@t,rps@t+h,data_quality_1@t+h",16.11440860215054
g30s_h1_b20,30,1,20,dbn_rec_median,5,4669,4669,930,0.8870967741935484,0.533073763033866,16.971327184178467,9.756807869608437,837,0.9032258064516129,0.46456723182212434,13.213484224472479,5.197351652727997,93,0.7419354838709677,1.1496325439395407,50.791913821532404,50.791913821532404,154,0.33766233766233766,2.1466798080297806,45.932039870257,44.189106525986084,776,0.9961340206185567,0.2128478211145737,11.223969254209276,2.9235939609974095,811,0.9001233045622689,0.47410552810067963,12.97751022321263,5.361796136457049,0.7262002307463447,"y@t,rps@t+h,data_quality_1@t+h",16.11440860215054
g30s_h1_b4,30,1,4,model,1,929,929,940,0.9180851063829787,0.3511574604096731,37.81895323245,22.838029609292082,846,0.9680851063829787,0.1662105811030887,28.966610169175045,12.380368618276774,94,0.46808510638297873,2.0156793741689327,117.49004080192464,116.95697852842984,77,0.0,3.4879249296416943,160.14753865332855,147.50055020239486,863,1.0,0.07128365376904088,26.904351752255742,11.71518594107781,795,0.9660377358490566,0.16464444906212186,27.021583049089624,10.762669391018724,0.8925845433666091,"y@t,cores_1@t,cores_1@t+h,throughput_2@t",17.55039007092199
g30s_h1_b4,30,1,4,ar,1,929,929,940,0.9180851063829787,0.3547159137955465,38.28733478229033,25.863734633358625,846,0.9680851063829787,0.1805872353226761,29.592859312111187,15.807498925491753,94,0.46808510638297873,1.9218740200513806,116.53761401390258,116.36985600416048,77,0.0,3.321121564256331,159.74828311200935,146.8855614520283,863,1.0,0.09004240848212779,27.45014704024124,15.065726910256,795,0.9660377358490566,0.17956005565920066,27.4560498611714,14.14338248056467,0.8925845433666091,"y@t,cores_1@t,cores_1@t+h,throughput_2@t",17.55039007092199
g30s_h1_b4,30,1,4,persistence,1,929,929,940,0.9180851063829787,2.2633921552409553,36.57957324113367,17.55039007092199,846,0.9680851063829787,0.8818410994445282,27.21353634070658,6.065208825847126,94,0.46808510638297873,14.697351657408799,120.87390534497754,120.91702127659575,77,0.0,27.63102111592854,173.74615996429796,159.3705627705628,863,1.0,0.0,24.341071297120173,4.896678254152184,795,0.9660377358490566,0.9384120378994601,27.48094282125737,6.454297693920336,0.8925845433666091,"y@t,cores_1@t,cores_1@t+h,throughput_2@t",17.55039007092199
g30s_h1_b4,30,1,4,tabpfn,1,929,929,940,0.9468085106382979,0.1647530019015255,27.73991505062866,9.810977135765139,846,0.958628841607565,0.12368863260960924,24.775503017733755,5.902263654181138,94,0.8404255319148937,0.5343323255287722,54.419623346682805,44.989398470021165,77,0.4935064935064935,1.002808487297211,63.10118123620183,58.160764776631,863,0.9872537659327926,0.08997864225440179,24.584854220629662,5.4970331631733975,795,0.9559748427672956,0.12027999682549768,22.830098491160626,6.106910534632247,0.9268847328524901,"y@t,cores_1@t,cores_1@t+h,throughput_2@t",17.55039007092199
g30s_h1_b4,30,1,4,hgb,1,929,929,940,0.9329787234042554,0.9259361544122543,33.20677909908488,14.289213100985403,846,0.9633569739952719,0.5062451126395807,27.3789489566513,6.595058964815518,94,0.6595744680851063,4.703155530366317,85.65725038098714,83.53660032651437,77,0.2727272727272727,10.047647042151334,128.02420740624265,117.54025651106772,863,0.9918887601390498,0.11206391993263756,24.74682315510905,5.076779332067286,795,0.9610062893081761,0.5387210217525973,27.6569257792465,6.962178063507439,0.9040103575689549,"y@t,cores_1@t,cores_1@t+h,throughput_2@t",17.55039007092199
g30s_h1_b4,30,1,4,hgb_ctx,1,929,929,940,0.9329787234042554,0.9259361544122543,33.20677909908488,14.289213100985403,846,0.9633569739952719,0.5062451126395807,27.3789489566513,6.595058964815518,94,0.6595744680851063,4.703155530366317,85.65725038098714,83.53660032651437,77,0.2727272727272727,10.047647042151334,128.02420740624265,117.54025651106772,863,0.9918887601390498,0.11206391993263756,24.74682315510905,5.076779332067286,795,0.9610062893081761,0.5387210217525973,27.6569257792465,6.962178063507439,0.9040103575689549,"y@t,cores_1@t,cores_1@t+h,throughput_2@t",17.55039007092199
g30s_h1_b4,30,1,4,tabpfn_clf,1,929,929,940,0.8829787234042553,0.31449744043817146,35.191106921148965,32.428468156177175,846,0.8900709219858156,0.29049936262787024,32.68324136783578,29.377828938542926,94,0.8191489361702128,0.5304801407308821,57.76189690096764,59.88422111488537,77,0.6753246753246753,0.7914246987614687,62.56031383640256,67.5178728496078,863,0.9015063731170336,0.2719442551648298,32.749126698119376,29.297663797667138,795,0.8905660377358491,0.28172525693298345,29.361500090436873,27.217205052491913,0.8542977250884601,"y@t,cores_1@t,cores_1@t+h,throughput_2@t",17.55039007092199
g30s_h1_b4,30,1,4,dbn_rec,1,929,929,940,0.9563829787234043,0.19469202604098143,32.311763257303255,18.232273549315956,846,0.9680851063829787,0.16839456120100166,29.398335352360267,12.92787541123104,94,0.851063829787234,0.43136920960079905,58.532614401790134,65.97185679208016,77,0.5064935064935064,1.4741884259725908,83.59323500441059,79.6119184130711,863,0.996523754345307,0.08053070182923877,27.736243761906657,12.755758306547534,795,0.9660377358490566,0.1643505598801362,27.294811518494615,11.209789188058874,0.9217003141752796,"y@t,cores_1@t,cores_1@t+h,throughput_2@t",17.55039007092199
g30s_h1_b4,30,1,4,dbn_rec_median,1,929,929,940,0.9563829787234043,0.19469202604098143,32.311763257303255,11.33079690117192,846,0.9680851063829787,0.16839456120100166,29.398335352360267,6.086150512214342,94,0.851063829787234,0.43136920960079905,58.532614401790134,58.532614401790134,77,0.5064935064935064,1.4741884259725908,83.59323500441059,79.28381385009034,863,0.996523754345307,0.08053070182923877,27.736243761906657,5.267781483945131,795,0.9660377358490566,0.1643505598801362,27.294811518494615,6.475220125786163,0.9217003141752796,"y@t,cores_1@t,cores_1@t+h,throughput_2@t",17.55039007092199
g30s_h1_b4,30,1,4,model,2,1869,1869,930,0.9172043010752688,0.2721017900328178,35.02494853304285,20.271563702396687,837,0.9689366786140979,0.11951198729853402,26.860314755389304,10.631727039533931,93,0.45161290322580644,1.645410014641372,108.5066525319248,107.03009366816144,77,0.0,2.738663659040107,146.81781755914366,131.48778781425838,853,1.0,0.04944614652336738,24.933446874180294,10.232115570376347,823,0.968408262454435,0.11994398346396858,26.64145171247762,10.435126883280098,0.8724809711111081,"y@t,data_quality_1@t+h,rps@t+h,throughput_2@t",17.59401433691756
g30s_h1_b4,30,1,4,ar,2,1869,1869,930,0.9172043010752688,0.3495706893783996,38.3836643625787,24.60869300700433,837,0.9689366786140979,0.1692188311479948,28.944230289797638,13.969133372741071,93,0.45161290322580644,1.9727374134520412,123.33857101760822,120.36472971537368,77,0.0,3.3149088291988225,167.45354709301498,148.40346860095977,853,1.0,0.08189069316952195,26.732572955493588,13.433783604032973,823,0.968408262454435,0.17039383301656333,28.76451198079862,13.828137125469048,0.8724809711111081,"y@t,data_quality_1@t+h,rps@t+h,throughput_2@t",17.59401433691756
g30s_h1_b4,30,1,4,persistence,2,1869,1869,930,0.9172043010752688,2.2877297052973096,37.960934885669914,17.59401433691756,837,0.9689366786140979,0.8583112891447339,27.932951009125468,5.596853843090402,93,0.45161290322580644,15.152495450670495,128.21278977456984,125.56845878136197,77,0.0,27.63102111592854,180.284588066791,159.7320346320346,853,1.0,0.0,25.11343043672931,4.763266901133256,823,0.968408262454435,0.8729119672103793,28.08480017533709,5.6920615633859875,0.8724809711111081,"y@t,data_quality_1@t+h,rps@t+h,throughput_2@t",17.59401433691756
g30s_h1_b4,30,1,4,tabpfn,2,1869,1869,930,0.9612903225806452,0.11838426180020237,26.55703557634797,7.8942308272441695,837,0.983273596176822,0.07331171303596742,24.32674908986592,4.428416813775368,93,0.7634408602150538,0.524037200678317,46.62961395468645,39.08655694846339,77,0.6233766233766234,0.7644592745529923,46.22216616722407,39.45105789414962,853,0.9917936694021102,0.06006330519766448,24.78187138467451,5.045607516398076,823,0.982989064398542,0.07221881422270802,24.007632530962756,4.305274324882389,0.9503774724106582,"y@t,data_quality_1@t+h,rps@t+h,throughput_2@t",17.59401433691756
g30s_h1_b4,30,1,4,hgb,2,1869,1869,930,0.943010752688172,0.787338547922496,32.45616682366026,12.487827495085616,837,0.974910394265233,0.34662871291933467,27.382223678689343,5.402645289094886,93,0.6559139784946236,4.75372706295095,78.12165512839854,76.25446734900218,77,0.36363636363636365,8.791691536881855,110.31033511310784,100.66266535779847,853,0.9953106682297772,0.06478851257680936,25.428299346183753,4.528316926001336,823,0.9744835965978129,0.3525251405996915,27.52469614499978,5.486137600819093,0.9021838339657092,"y@t,data_quality_1@t+h,rps@t+h,throughput_2@t",17.59401433691756
g30s_h1_b4,30,1,4,hgb_ctx,2,1869,1869,930,0.943010752688172,0.787338547922496,32.45616682366026,12.487827495085616,837,0.974910394265233,0.34662871291933467,27.382223678689343,5.402645289094886,93,0.6559139784946236,4.75372706295095,78.12165512839854,76.25446734900218,77,0.36363636363636365,8.791691536881855,110.31033511310784,100.66266535779847,853,0.9953106682297772,0.06478851257680936,25.428299346183753,4.528316926001336,823,0.9744835965978129,0.3525251405996915,27.52469614499978,5.486137600819093,0.9021838339657092,"y@t,data_quality_1@t+h,rps@t+h,throughput_2@t",17.59401433691756
g30s_h1_b4,30,1,4,tabpfn_clf,2,1869,1869,930,0.9516129032258065,0.17736162851610446,27.122379620175472,17.14489155233367,837,0.9629629629629629,0.14502583401876556,25.6875381446434,14.015273564761689,93,0.8494623655913979,0.4683837789921545,40.03595289996407,45.31145344048153,77,0.7272727272727273,0.7164701788244532,42.3841383861799,53.53729232639407,853,0.9718640093786636,0.12869649560433088,25.744706202845645,13.85976276030243,823,0.9623329283110571,0.1456660658686449,25.424900492589828,13.866077786617081,0.9304283968811925,"y@t,data_quality_1@t+h,rps@t+h,throughput_2@t",17.59401433691756
g30s_h1_b4,30,1,4,dbn_rec,2,1869,1869,930,0.953763440860215,0.20752200961528383,32.06377889940553,16.430692686131525,837,0.9689366786140979,0.16086145249659453,28.48606422945746,9.861986094651996,93,0.8172043010752689,0.6274670236834878,64.26321092893812,75.54905200944727,77,0.4675324675324675,1.8849328724698722,92.19188181217433,88.637029778761,853,0.9976553341148886,0.05610274063544415,26.636036901418194,9.912652878238825,823,0.968408262454435,0.16237329746100176,28.408335494676805,9.779347942012718,0.9036635803186062,"y@t,data_quality_1@t+h,rps@t+h,throughput_2@t",17.59401433691756
g30s_h1_b4,30,1,4,dbn_rec_median,2,1869,1869,930,0.953763440860215,0.20752200961528383,32.06377889940553,11.502020017624996,837,0.9689366786140979,0.16086145249659453,28.48606422945746,5.639665471923536,93,0.8172043010752689,0.6274670236834878,64.26321092893812,64.26321092893812,77,0.4675324675324675,1.8849328724698722,92.19188181217433,83.74874172785478,853,0.9976553341148886,0.05610274063544415,26.636036901418194,4.980334704978228,823,0.968408262454435,0.16237329746100176,28.408335494676805,5.734325637910084,0.9036635803186062,"y@t,data_quality_1@t+h,rps@t+h,throughput_2@t",17.59401433691756
g30s_h1_b4,30,1,4,model,3,2799,2799,930,0.9086021505376344,0.3028966210224183,36.94025566095334,20.387374096739677,837,0.9689366786140979,0.1305946500925484,26.51007960913397,7.719570802969452,93,0.3655913978494624,1.8536143593912477,130.81184012732766,134.39760374067168,85,0.0,3.024757506745606,166.84385939630067,160.14691234419823,845,1.0,0.02909996387866566,23.873029249705386,6.328722320368103,796,0.9673366834170855,0.13106721374796595,25.5877455182243,7.036757452477102,0.8573456262180125,"y@t,data_quality_1@t+h,data_quality_1@t,throughput_2@t",20.650465949820788
g30s_h1_b4,30,1,4,ar,3,2799,2799,930,0.9086021505376344,0.3756534351057148,40.75704837803989,27.523644049704103,837,0.9689366786140979,0.1716975827837042,29.58789313352656,14.590356410732248,93,0.3655913978494624,2.21125610600381,141.27944557865985,143.92323280045076,85,0.0,3.2893152624659545,177.05362019429882,171.6999669208902,845,1.0,0.08256319211681491,27.046742337351123,13.020700328933899,796,0.9673366834170855,0.17350657189224616,28.450882484409494,13.893356025559665,0.8573456262180125,"y@t,data_quality_1@t+h,data_quality_1@t,throughput_2@t",20.650465949820788
g30s_h1_b4,30,1,4,persistence,3,2799,2799,930,0.9086021505376344,2.525415908445082,38.258121005634806,20.650465949820788,837,0.9689366786140979,0.8583112891447339,26.190436311118795,6.254400637196337,93,0.3655913978494624,17.529357482148214,146.86728325627888,150.21505376344086,85,0.0,27.63102111592854,190.56792010182738,183.6913725490196,845,1.0,0.0,22.93701695453851,4.249901380670613,796,0.9673366834170855,0.9025207902187716,26.300253186035004,6.576549413735342,0.8573456262180125,"y@t,data_quality_1@t+h,data_quality_1@t,throughput_2@t",20.650465949820788
g30s_h1_b4,30,1,4,tabpfn,3,2799,2799,930,0.967741935483871,0.10614464274171276,24.995313993698467,6.89499834508666,837,0.977299880525687,0.06936757009469972,22.990690874632403,3.8870982812828334,93,0.8817204301075269,0.43713829656483,43.03692206529305,33.966098919321105,85,0.7647058823529411,0.6216804631136849,50.028345346532866,38.142968759300345,845,0.9881656804733728,0.05428600992323036,22.477198413827555,3.7517113803432722,796,0.9773869346733668,0.06647936690688934,22.11240987883893,3.7945668301693063,0.9635576501123343,"y@t,data_quality_1@t+h,data_quality_1@t,throughput_2@t",20.650465949820788
g30s_h1_b4,30,1,4,hgb,3,2799,2799,930,0.9365591397849462,0.8764708741029107,30.17464486758976,12.948213079187592,837,0.970131421744325,0.4126526582381603,25.229925004198204,6.280415280735564,93,0.6344086021505376,5.050834816885665,74.67712363811374,72.95839326525584,85,0.3764705882352941,8.614380171432046,98.13560894348953,86.61503925799346,845,0.9928994082840237,0.09810129981536443,23.33833487178919,5.53794062333138,796,0.9685929648241206,0.4339072260622169,25.290230983465396,5.588042849353538,0.8802920683261117,"y@t,data_quality_1@t+h,data_quality_1@t,throughput_2@t",20.650465949820788
g30s_h1_b4,30,1,4,hgb_ctx,3,2799,2799,930,0.9365591397849462,0.8764708741029107,30.17464486758976,12.948213079187592,837,0.970131421744325,0.4126526582381603,25.229925004198204,6.280415280735564,93,0.6344086021505376,5.050834816885665,74.67712363811374,72.95839326525584,85,0.3764705882352941,8.614380171432046,98.13560894348953,86.61503925799346,845,0.9928994082840237,0.09810129981536443,23.33833487178919,5.53794062333138,796,0.9685929648241206,0.4339072260622169,25.290230983465396,5.588042849353538,0.8802920683261117,"y@t,data_quality_1@t+h,data_quality_1@t,throughput_2@t",20.650465949820788
g30s_h1_b4,30,1,4,tabpfn_clf,3,2799,2799,930,0.956989247311828,0.1336911349391543,24.409926337701176,15.202403739599028,837,0.966547192353644,0.10893897764339591,22.93232205893964,11.759245034861335,93,0.8709677419354839,0.35646055060098,37.70836484655496,46.19083208223827,85,0.7529411764705882,0.5695692174307684,45.80067329476267,56.63065553914822,845,0.9775147928994082,0.08984541066484994,22.258194395274867,11.03506480118284,796,0.9698492462311558,0.10099924239724109,21.350651581544124,10.719506811583884,0.9402183453146735,"y@t,data_quality_1@t+h,data_quality_1@t,throughput_2@t",20.650465949820788
g30s_h1_b4,30,1,4,dbn_rec,3,2799,2799,930,0.9526881720430107,0.16442321073707916,31.545558928646948,16.577229550548633,837,0.9689366786140979,0.1231635529703176,27.138686834746153,9.8722880312108,93,0.8064516129032258,0.5357601306379335,71.2074077737541,76.92170322458912,85,0.49411764705882355,1.3007402390850014,95.30256355724231,95.474708995761,845,0.9988165680473373,0.050119130962436156,25.132132427545645,8.64079670694739,796,0.9673366834170855,0.1237758898414755,26.156655894367436,9.232426362165938,0.8974320399651249,"y@t,data_quality_1@t+h,data_quality_1@t,throughput_2@t",20.650465949820788
g30s_h1_b4,30,1,4,dbn_rec_median,3,2799,2799,930,0.9526881720430107,0.16442321073707916,31.545558928646948,12.570830383110176,837,0.9689366786140979,0.1231635529703176,27.138686834746153,6.055655117483073,93,0.8064516129032258,0.5357601306379335,71.2074077737541,71.2074077737541,85,0.49411764705882355,1.3007402390850014,95.30256355724231,91.87730054728077,845,0.9988165680473373,0.050119130962436156,25.132132427545645,4.5932564612705304,796,0.9673366834170855,0.1237758898414755,26.156655894367436,6.366520100502512,0.8974320399651249,"y@t,data_quality_1@t+h,data_quality_1@t,throughput_2@t",20.650465949820788
g30s_h1_b4,30,1,4,model,4,3729,3729,940,0.925531914893617,0.22777858692783887,32.89713105306642,17.97691804678925,846,0.9716312056737588,0.11359128323911444,26.871548754966692,10.66524058191371,94,0.5106382978723404,1.2554643201263587,87.12737173596399,83.7820152306691,68,0.058823529411764705,2.404603288954407,132.86898189992624,125.1793084747438,872,0.9931192660550459,0.05802620190741841,25.101161032898453,9.617098609746929,819,0.9706959706959707,0.113381627755175,26.37060171168936,10.292387842397893,0.87824405388805,"y@t,data_quality_1@t+h,rps@t+h",15.70595744680851
g30s_h1_b4,30,1,4,ar,4,3729,3729,940,0.9276595744680851,0.32257586969411606,36.91505024836666,24.5279233951388,846,0.9775413711583925,0.1590657225474401,28.70197026644348,15.485292614021404,94,0.4787234042553192,1.7941671940141994,110.83277008567528,105.9116004251954,68,0.0,3.310261406128396,167.45312517858042,155.77210748948013,872,1.0,0.08959121777034197,26.735475597845404,14.293285185947044,819,0.9768009768009768,0.1593279185764727,27.95112697134456,14.909905892802678,0.8803427623116626,"y@t,data_quality_1@t+h,rps@t+h",15.70595744680851
g30s_h1_b4,30,1,4,persistence,4,3729,3729,940,0.9276595744680851,1.998839825407597,35.492324563774496,15.705957446808512,846,0.9775413711583925,0.6205548477572606,26.37995520887322,5.0401103230890465,94,0.4787234042553192,14.403404624260624,117.50364875788593,111.6985815602837,68,0.0,27.63102111592854,180.9488030937863,168.14656862745096,872,1.0,0.0,24.149388164645135,3.8183868501529052,819,0.9768009768009768,0.6410126998811263,26.549742689378654,5.206267806267807,0.8803427623116626,"y@t,data_quality_1@t+h,rps@t+h",15.70595744680851
g30s_h1_b4,30,1,4,tabpfn,4,3729,3729,940,0.9776595744680852,0.0812858182121567,23.67262810764866,4.887992670673608,846,0.9893617021276596,0.04763137171292293,22.717890063278375,2.53855578118889,94,0.8723404255319149,0.3841758367052606,32.26527050698122,26.032924676036068,68,0.75,0.5692325047295661,37.97692819423695,30.774160873461703,872,0.9954128440366973,0.04323492981401008,22.557155165116548,2.86934652641949,819,0.989010989010989,0.04760496738494885,22.541011774814592,2.4601902261526996,0.965764551337602,"y@t,data_quality_1@t+h,rps@t+h",15.70595744680851
g30s_h1_b4,30,1,4,hgb,4,3729,3729,940,0.9553191489361702,0.6172917696066694,28.916145311954235,10.043501424206886,846,0.9787234042553191,0.29395003314367585,25.869830936289265,5.519634693223311,94,0.7446808510638298,3.527367397773612,56.33297469293899,50.75830200305906,68,0.4852941176470588,7.110927551888876,79.44140967784519,70.80926379740023,872,0.9919724770642202,0.11090732786906618,24.976101760485676,5.304886927214744,819,0.9792429792429792,0.28677183941600365,25.825004451231088,5.35005002507321,0.9301913592005364,"y@t,data_quality_1@t+h,rps@t+h",15.70595744680851
g30s_h1_b4,30,1,4,hgb_ctx,4,3729,3729,940,0.9553191489361702,0.6172917696066694,28.916145311954235,10.043501424206886,846,0.9787234042553191,0.29395003314367585,25.869830936289265,5.519634693223311,94,0.7446808510638298,3.527367397773612,56.33297469293899,50.75830200305906,68,0.4852941176470588,7.110927551888876,79.44140967784519,70.80926379740023,872,0.9919724770642202,0.11090732786906618,24.976101760485676,5.304886927214744,819,0.9792429792429792,0.28677183941600365,25.825004451231088,5.35005002507321,0.9301913592005364,"y@t,data_quality_1@t+h,rps@t+h",15.70595744680851
g30s_h1_b4,30,1,4,tabpfn_clf,4,3729,3729,940,0.9563829787234043,0.12715613417692015,24.492645052139405,12.931156418387163,846,0.9680851063829787,0.10233884574914329,23.424217689685886,10.107023411311854,94,0.851063829787234,0.35051173002691216,34.108491314221084,38.34835348206494,68,0.7205882352941176,0.6366810033640294,40.44672104585961,51.50433252714209,872,0.9747706422018348,0.08742254346049423,23.248519859968567,9.923156446603521,819,0.967032967032967,0.10410652753864184,23.265372546574184,10.185972582920552,0.9393584110663298,"y@t,data_quality_1@t+h,rps@t+h",15.70595744680851
g30s_h1_b4,30,1,4,dbn_rec,4,3729,3729,940,0.9659574468085106,0.16153986638809814,30.58983678760745,17.184351912708422,846,0.9775413711583925,0.13162409047755474,27.645795859280895,12.366686328365978,94,0.8617021276595744,0.43078184958298893,57.08620514254645,60.54334217179044,68,0.5441176470588235,1.3512658097074173,88.10566362588769,91.51792808009615,872,0.9988532110091743,0.06876307264301364,26.104657630493847,11.38769689048094,819,0.9768009768009768,0.13144355842020708,26.980469971778497,11.82747703356565,0.9069412799440945,"y@t,data_quality_1@t+h,rps@t+h",15.70595744680851
g30s_h1_b4,30,1,4,dbn_rec_median,4,3729,3729,940,0.9659574468085106,0.16153986638809814,30.58983678760745,10.383815549715637,846,0.9775413711583925,0.13162409047755474,27.645795859280895,5.194661150512213,94,0.8617021276595744,0.43078184958298893,57.08620514254645,57.08620514254645,68,0.5441176470588235,1.3512658097074173,88.10566362588769,87.71745739473576,872,0.9988532110091743,0.06876307264301364,26.104657630493847,4.353210451709481,819,0.9768009768009768,0.13144355842020708,26.980469971778497,5.365059015059015,0.9069412799440945,"y@t,data_quality_1@t+h,rps@t+h",15.70595744680851
g30s_h1_b4,30,1,4,model,5,4669,4669,930,0.9311827956989247,0.23055816249917183,33.53079296107959,16.102735289662487,837,0.983273596176822,0.08136576607714269,26.711149859006028,7.723322133507847,93,0.46236559139784944,1.5732897302974347,94.90758087974162,91.51745369505427,66,0.030303030303030304,2.7985011150943677,149.86700848883987,141.81274007726915,864,1.0,0.03439585362037212,24.643998719375674,6.499887701720312,811,0.9827373612823674,0.08111168405173738,26.282926464716333,7.297866357449323,0.8731699963579704,"y@t,data_quality_1@t+h,rps@t+h,avg_p_latency_1@t",16.11440860215054
g30s_h1_b4,30,1,4,ar,5,4669,4669,930,0.9290322580645162,0.31359839404906,37.31354530601536,23.612511947845384,837,0.983273596176822,0.13441829103376718,29.161679133088477,14.279318524951488,93,0.44086021505376344,1.9262193211866954,110.68034086235727,107.61125275389044,66,0.0,3.3440862091277292,172.17266289345108,163.19239906302244,864,1.0,0.08210279706388392,27.01180715697512,12.950159459880469,811,0.9827373612823674,0.13502680624502494,28.777081764326084,13.924753041773236,0.871907155155794,"y@t,data_quality_1@t+h,rps@t+h,avg_p_latency_1@t",16.11440860215054
g30s_h1_b4,30,1,4,persistence,5,4669,4669,930,0.9290322580645162,1.9609111759691227,36.290214667794615,16.114408602150537,837,0.983273596176822,0.46216761723177974,27.38662045226969,5.440223018717643,93,0.44086021505376344,15.449603204605209,116.42256260751887,112.18207885304659,66,0.0,27.631021115928544,185.29945837252106,176.13737373737376,864,1.0,0.0,24.907564107016896,3.890432098765432,811,0.9827373612823674,0.47698433492355075,27.63334082659013,5.614632141389231,0.871907155155794,"y@t,data_quality_1@t+h,rps@t+h,avg_p_latency_1@t",16.11440860215054
g30s_h1_b4,30,1,4,tabpfn,5,4669,4669,930,0.9827956989247312,0.05717902888756966,24.29948651887023,4.281006965802862,837,0.995221027479092,0.03023978655620074,23.60043505457202,2.1484949619228786,93,0.8709677419354839,0.29963220986989003,30.59094969755409,23.47361500072271,66,0.803030303030303,0.4666758312167395,36.131060304543745,30.888103318806323,864,0.9965277777777778,0.025898023154091412,23.395685743575726,2.2485204388373203,811,0.9950678175092479,0.030846557002233002,23.651185489313733,2.197604161362578,0.9770137213777104,"y@t,data_quality_1@t+h,rps@t+h,avg_p_latency_1@t",16.11440860215054
g30s_h1_b4,30,1,4,hgb,5,4669,4669,930,0.9516129032258065,0.6684954463486097,31.008728408948947,10.310529533454602,837,0.983273596176822,0.23108680861138967,26.69912254873537,4.547898699763574,93,0.6666666666666666,4.605173185983592,69.79518115087112,62.17420703667387,66,0.36363636363636365,8.791691536881856,104.18259068866205,92.7067653245715,864,0.9965277777777778,0.047973522766209024,25.419058373693083,4.016372632744286,811,0.9827373612823674,0.23849516745727514,26.923786055623008,4.681693161865135,0.8875838846627944,"y@t,data_quality_1@t+h,rps@t+h,avg_p_latency_1@t",16.11440860215054
g30s_h1_b4,30,1,4,hgb_ctx,5,4669,4669,930,0.9516129032258065,0.6684954463486097,31.008728408948947,10.310529533454602,837,0.983273596176822,0.23108680861138967,26.69912254873537,4.547898699763574,93,0.6666666666666666,4.605173185983592,69.79518115087112,62.17420703667387,66,0.36363636363636365,8.791691536881856,104.18259068866205,92.7067653245715,864,0.9965277777777778,0.047973522766209024,25.419058373693083,4.016372632744286,811,0.9827373612823674,0.23849516745727514,26.923786055623008,4.681693161865135,0.8875838846627944,"y@t,data_quality_1@t+h,rps@t+h,avg_p_latency_1@t",16.11440860215054
g30s_h1_b4,30,1,4,tabpfn_clf,5,4669,4669,930,0.9688172043010753,0.08775529399143736,24.82017756348533,11.23627271445018,837,0.9796893667861409,0.06395871999396045,23.35849348984766,7.648155963672302,93,0.8709677419354839,0.3019244599687296,37.97533422622431,43.52932347145108,66,0.7727272727272727,0.4799496304952082,42.210241295158596,56.155402795742305,864,0.9837962962962963,0.057796004397399306,23.491769917315846,7.804950277684809,811,0.9790382244143033,0.06572147925795442,23.416300561427605,7.831437491321764,0.9560510467629687,"y@t,data_quality_1@t+h,rps@t+h,avg_p_latency_1@t",16.11440860215054
g30s_h1_b4,30,1,4,dbn_rec,5,4669,4669,930,0.9720430107526882,0.12398585567409774,31.222822039664237,15.029664534838023,837,0.983273596176822,0.09138284418106682,27.63288067684348,8.9953710820852,93,0.8709677419354839,0.4174129591113759,63.53229430505108,69.33830560961343,66,0.6363636363636364,1.093323363595619,95.18587200168477,101.34816834777926,864,0.9976851851851852,0.04993924048564821,26.336755723121005,8.435889938016123,811,0.9827373612823674,0.09133715708129675,27.30732430828495,8.63212590242318,0.9049242949780362,"y@t,data_quality_1@t+h,rps@t+h,avg_p_latency_1@t",16.11440860215054
g30s_h1_b4,30,1,4,dbn_rec_median,5,4669,4669,930,0.9720430107526882,0.12398585567409774,31.222822039664237,11.363623695738081,837,0.983273596176822,0.09138284418106682,27.63288067684348,5.567104739147749,93,0.8709677419354839,0.4174129591113759,63.53229430505108,63.53229430505108,66,0.6363636363636364,1.093323363595619,95.18587200168477,95.24997735230228,864,0.9976851851851852,0.04993924048564821,26.336755723121005,4.955638346972762,811,0.9827373612823674,0.09133715708129675,27.30732430828495,5.744266337854501,0.9049242949780362,"y@t,data_quality_1@t+h,rps@t+h,avg_p_latency_1@t",16.11440860215054
