setting,granularity,horizon,n_bins,model,fold,n_train,n_context,n_all,acc_all,logloss_all,mae_all,maeh_all,n_within,acc_within,logloss_within,mae_within,maeh_within,n_xrun,acc_xrun,logloss_xrun,mae_xrun,maeh_xrun,n_change,acc_change,logloss_change,mae_change,maeh_change,n_stay,acc_stay,logloss_stay,mae_stay,maeh_stay,n_event,acc_event,logloss_event,mae_event,maeh_event,f1_all,parents,mae_persistence_continuous
g1s_h1_b20,1,1,20,model,1,33200,10000,2000,0.9025,0.3724545397654814,9.189979621146165,5.28934571906191,1995,0.9037593984962407,0.3613940501465592,9.06810880048757,5.154056792230323,5,0.4,4.785589897715483,57.81643706392547,59.269627524865356,233,0.2575107296137339,2.68262045403095,25.640763576067016,24.777266840150844,1767,0.987549518958687,0.06783164331734658,7.0207477810236085,2.719631162630827,1132,0.8392226148409894,0.5947427022835005,10.846501544847731,7.576325232961441,0.7461516225155699,"y@t,throughput_2@t,buffer_size_3@t",4.2705
g1s_h1_b20,1,1,20,ar,1,33200,10000,2000,0.878,0.5448864702492324,10.50953556553805,6.017146230047002,1995,0.8796992481203008,0.5348211001462253,10.382206980155459,5.882722172697157,5,0.2,4.560969141349085,61.31364113319287,59.65234511263532,233,0.0,3.7226555918473876,31.062161486846918,26.18837839038757,1767,0.9937747594793436,0.12585975529033594,7.799426997532975,3.357328972910979,1132,0.7906360424028268,0.8503925779497172,12.483268858461383,7.983535262660431,0.7092507231395618,"y@t,throughput_2@t,buffer_size_3@t",4.2705
g1s_h1_b20,1,1,20,persistence,1,33200,10000,2000,0.8835,3.2190139600056753,9.155783573473109,4.270500000000002,1995,0.8852130325814537,3.171681120575257,9.0232321855213,4.127819548872182,5,0.2,22.10481689274284,62.04378736624547,61.2,233,0.0,27.631021115928544,31.550624138503395,26.098712446351932,1767,1.0,0.0,6.202757058672849,1.3921901528013598,1132,0.7977031802120141,5.5896676992470296,11.489165373722777,7.274734982332156,0.7842288017365922,"y@t,throughput_2@t,buffer_size_3@t",4.2705
g1s_h1_b20,1,1,20,tabpfn,1,33200,10000,2000,0.8855,0.6383922722001731,9.883944215077296,4.617899524989759,1995,0.8867167919799499,0.6338740167581493,9.77797177696719,4.525858595381116,5,0.4,2.441176193567654,52.16694702100924,41.34223043883846,233,0.4892703862660944,1.3942711147743192,21.8666357035682,20.678207364802056,1767,0.9377475947934352,0.5387206421380474,8.303883594353822,2.5001566123263377,1132,0.8277385159010601,0.785227797367768,9.84908127096467,6.515489316696266,0.7973136345203609,"y@t,throughput_2@t,buffer_size_3@t",4.2705
g1s_h1_b20,1,1,20,hgb,1,33200,10000,2000,0.8935,1.4713708742426974,8.96048586871198,4.372638182635921,1995,0.8947368421052632,1.4542832690788994,8.839339138949942,4.233327101576039,5,0.4,8.289325334598066,57.29803104376519,59.957759525528296,233,0.2017167381974249,11.028709831499135,27.859098637201235,23.590571578168184,1767,0.9847198641765704,0.21112187761522092,6.468478638911191,1.8385247241418528,1132,0.8330388692579506,2.3066722643559405,10.790810563551586,6.537112055179308,0.763394725277613,"y@t,throughput_2@t,buffer_size_3@t",4.2705
g1s_h1_b20,1,1,20,hgb_ctx,1,33200,10000,2000,0.8855,1.5818949587064117,9.11550719236732,4.254602737251406,1995,0.8867167919799499,1.5650843562605679,8.99474898722597,4.115331571027251,5,0.4,8.289325334598066,57.29803104376519,59.82379806068951,233,0.21030042918454936,10.910121758040217,29.715309059076937,24.375444080758513,1767,0.9745331069609507,0.3518571294790336,6.399177913961354,1.601430109612948,1132,0.8224381625441696,2.4531264398820634,11.365879458513756,6.843623627143644,0.7644304116807287,"y@t,throughput_2@t,buffer_size_3@t",4.2705
g1s_h1_b20,1,1,20,tabpfn_parents,1,33200,10000,2000,0.913,0.38440820583872454,8.802906821771298,3.769027118498866,1995,0.9142857142857143,0.36555814174524714,8.670405257984054,3.623845459144073,5,0.4,7.905583779136217,61.671030772882,61.696509201061474,233,0.4892703862660944,1.9023257254153132,22.395127776988407,20.707380298620066,1767,0.9688737973967176,0.18425269816393952,7.010610566782286,1.535503467696241,1132,0.8586572438162544,0.5598422431316805,9.521316077497605,5.6394274283878465,0.8293004964828226,"y@t,throughput_2@t,buffer_size_3@t",4.2705
g1s_h1_b20,1,1,20,model,2,66758,10000,2000,0.894,0.3779380087256327,10.089944457373127,6.8699361389940545,1990,0.8974874371859296,0.34597736563497306,9.350702816411598,6.119845689172407,10,0.2,6.738105983766888,157.19903100871767,156.1379356535017,236,0.4025423728813559,2.2313923655910375,33.92871415739512,33.92440763899421,1764,0.9597505668934241,0.12997019227425202,6.900630597279483,3.250403670740064,1194,0.8576214405360134,0.4942452664113654,10.644101645148737,8.458876997198601,0.802747580151751,"y@t,throughput_2@t,data_quality_1@t+h,data_quality_1@t",5.1895
g1s_h1_b20,1,1,20,ar,2,66758,10000,2000,0.8815,0.4786119639161239,10.753766877850907,6.838848837297638,1990,0.8849246231155778,0.44712235048838417,10.017005005674779,6.0894581921518,10,0.2,6.745045036036338,157.36937944089993,155.96758722131943,236,0.03389830508474576,3.1111667090912403,38.482360460658846,33.035237971463,1764,0.9948979591836735,0.12641076218067754,7.044045740921953,3.334116504155334,1194,0.8090452261306532,0.6633210317896919,11.663423760735169,8.030707423950389,0.7893714511415746,"y@t,throughput_2@t,data_quality_1@t+h,data_quality_1@t",5.1895
g1s_h1_b20,1,1,20,persistence,2,66758,10000,2000,0.882,3.2604604916795688,10.156360947376578,5.189500000000006,1990,0.8854271356783919,3.165765233382768,9.414693243322114,4.430653266331665,10,0.2,22.10481689274284,157.74823405421495,156.2,236,0.0,27.631021115928544,39.63846152887337,33.11440677966102,1764,1.0,0.0,6.212043636019863,1.4535147392290326,1194,0.8090452261306532,5.27627538897128,11.414994269712675,7.384422110552764,0.8106408524719516,"y@t,throughput_2@t,data_quality_1@t+h,data_quality_1@t",5.1895
g1s_h1_b20,1,1,20,tabpfn,2,66758,10000,2000,0.8825,0.414354086781814,9.792809743603051,4.7818094205122215,1990,0.885929648241206,0.3996967804357914,9.127755458065199,4.055346928100561,10,0.2,3.331158049640331,142.13861256563595,149.3478454104325,236,0.4152542372881356,1.5560709400070036,30.863117773294785,29.618032542621823,1764,0.9450113378684807,0.2616073875974916,6.973879644392593,1.4590494109782823,1194,0.8417085427135679,0.5297487041384169,10.202013350024036,6.286277780613516,0.7594815041830023,"y@t,throughput_2@t,data_quality_1@t+h,data_quality_1@t",5.1895
g1s_h1_b20,1,1,20,hgb,2,66758,10000,2000,0.8845,1.595710469264376,10.215014342173271,4.990229877769665,1990,0.8879396984924623,1.548189278425549,9.473644174489968,4.231855289195518,10,0.2,11.052427446190922,157.74767771115077,155.90677300402484,236,0.3008474576271186,9.65916833059961,38.0064039587484,31.15408413806591,1764,0.9625850340136054,0.5169258574304103,6.4968919218151475,1.4898502828547477,1194,0.8366834170854272,2.2563209753664317,11.42178103304613,6.817550401383251,0.7829628933867695,"y@t,throughput_2@t,data_quality_1@t+h,data_quality_1@t",5.1895
g1s_h1_b20,1,1,20,hgb_ctx,2,66758,10000,2000,0.88,1.6578802667752153,10.086997829333788,4.907758694714299,1990,0.8834170854271357,1.6106714869791565,9.3336826750101,4.148550823962672,10,0.2,11.052427446190922,159.99671353974756,155.99012497428825,236,0.2584745762711864,10.244571320343859,37.12858090239455,30.467130882162063,1764,0.9631519274376418,0.5090939353453965,6.469189663096633,1.4882508510421504,1194,0.8324958123953099,2.314174872175327,11.174306143131428,6.652787442136922,0.7910677444403446,"y@t,throughput_2@t,data_quality_1@t+h,data_quality_1@t",5.1895
g1s_h1_b20,1,1,20,tabpfn_parents,2,66758,10000,2000,0.8795,0.4091796534753048,9.706990273713316,5.11654563492312,1990,0.8834170854271357,0.39515992197046945,9.059093335335305,4.472970247443377,10,0.1,3.1991062229375373,138.63848101093734,133.1880477433919,236,0.4279661016949153,1.7580119320676613,31.55263886032458,29.811952333053007,1764,0.9399092970521542,0.22872363434390106,6.784329805209765,1.812625010910279,1194,0.8433835845896147,0.529785574343202,10.207195708750056,6.9476388823127335,0.746721608377104,"y@t,throughput_2@t,data_quality_1@t+h,data_quality_1@t",5.1895
g1s_h1_b20,1,1,20,model,3,99959,10000,2000,0.9195,0.3086976869277803,9.167522757351394,6.031582653452441,1995,0.9208020050125313,0.29313897399859884,9.026580793986815,5.881566212331881,5,0.4,6.5166241456711615,65.40336613981802,65.88814266055599,213,0.3474178403755869,2.2313517840559998,30.45752541682679,30.59940397920967,1787,0.9876888640179071,0.07952850803113187,6.629878344106705,3.103241331467948,1087,0.8684452621895125,0.46733392328335543,10.325633656290181,8.227630810849197,0.7846256429518071,"y@t,throughput_2@t,buffer_size_3@t,data_quality_1@t+h",4.564
g1s_h1_b20,1,1,20,ar,3,99959,10000,2000,0.895,0.43211603752842365,9.553735862202904,5.765306441204857,1995,0.8962406015037594,0.4169093569487349,9.373281450291385,5.5741422399656795,5,0.4,6.4995815888242365,81.55504621489892,82.03982273563689,213,0.028169014084507043,3.052306606746424,35.6832639753913,30.07693152650257,1787,0.9983212087297146,0.11980457068822543,6.439248179992983,2.867502220069764,1087,0.8095676172953082,0.6606871741757109,11.314655431667767,7.786860272070084,0.7639377171642631,"y@t,throughput_2@t,buffer_size_3@t,data_quality_1@t+h",4.564
g1s_h1_b20,1,1,20,persistence,3,99959,10000,2000,0.8935,2.94270374884639,9.18489257210825,4.564000000000007,1995,0.8947368421052632,2.9085285385187944,9.002611041012628,4.368922305764419,5,0.4,16.578612669557128,81.91522347926202,82.4,213,0.0,27.631021115928547,38.548272164282544,32.924882629107984,1787,1.0,0.0,5.684948614003536,1.1835478455512118,1087,0.8068077276908924,5.338099755607171,11.800214095102808,8.018399264029439,0.759651433272716,"y@t,throughput_2@t,buffer_size_3@t,data_quality_1@t+h",4.564
g1s_h1_b20,1,1,20,tabpfn,3,99959,10000,2000,0.925,0.2947515636694734,8.051226269669344,3.5602446014114473,1995,0.9263157894736842,0.2894038503606139,7.893997700702595,3.3723105135393387,5,0.4,2.428489173904425,70.78542528740287,78.5459456623826,213,0.4460093896713615,1.4977951654812809,26.553783272630756,23.261014305321165,1787,0.9820928931169558,0.15135576781837376,5.845829156277751,1.2120275074367584,1087,0.8822447102115916,0.43608548161916705,9.142257751293789,5.452849999871575,0.807586935602384,"y@t,throughput_2@t,buffer_size_3@t,data_quality_1@t+h",4.564
g1s_h1_b20,1,1,20,hgb,3,99959,10000,2000,0.912,1.2157839289203585,8.784712403807598,4.513868848712114,1995,0.9132832080200501,1.1980557549712911,8.601430586975102,4.318438234269208,5,0.4,8.289325334598066,81.91415731997363,82.4906840114315,213,0.28169014084507044,9.923836442864262,34.07299448785915,27.86316166103285,1787,0.987129266927812,0.17783474846705555,5.770496352378958,1.7307690339251443,1087,0.8546458141674333,2.0081612888336284,10.985017297516992,6.706527558740608,0.7687349669400189,"y@t,throughput_2@t,buffer_size_3@t,data_quality_1@t+h",4.564
g1s_h1_b20,1,1,20,hgb_ctx,3,99959,10000,2000,0.9145,1.1812451525254475,8.900980407302558,4.355021453263386,1995,0.9157894736842105,1.16343041522702,8.717989988975063,4.159069281504736,5,0.4,8.289325334598066,81.91415731997363,82.5399379849642,213,0.2863849765258216,9.858974890948938,35.27710517050547,28.881490202490102,1787,0.9893676552881925,0.14691027044139404,5.757099839556494,1.431609117737201,1087,0.859245630174793,1.9446124822192574,11.172724583538093,6.8348648086761425,0.7957526581602716,"y@t,throughput_2@t,buffer_size_3@t,data_quality_1@t+h",4.564
g1s_h1_b20,1,1,20,tabpfn_parents,3,99959,10000,2000,0.923,0.28492866532740524,8.38851797844261,3.5061756414230723,1995,0.9243107769423559,0.27885080881427166,8.236162241219445,3.2957507699944344,5,0.4,2.7099934140676742,69.17845713048538,87.46569934144966,213,0.45539906103286387,1.674491124224603,27.5889235780264,23.59471501295196,1787,0.978735310576385,0.11930090721598767,6.099941373679685,1.1117386598138652,1087,0.8804047838086476,0.41830054262746197,9.866313334084118,5.460899856692723,0.8239022033716878,"y@t,throughput_2@t,buffer_size_3@t,data_quality_1@t+h",4.564
g1s_h1_b20,1,1,20,model,4,133160,10000,2000,0.937,0.229040751418051,6.265288710113735,3.909040523808606,1998,0.9374374374374375,0.22540108230003164,6.2454435673960615,3.8860375422664357,2,0.5,3.8650702003193858,26.090586285069385,26.889019084436523,229,0.5021834061135371,1.5267781820184312,14.963198426895714,17.085600728059312,1771,0.9932241671372106,0.061236193762778834,5.140601344137973,2.2052391196451886,1013,0.8835143139190523,0.3954332751761739,6.798961003283692,6.126041870849227,0.8060095723548066,"y@t,throughput_2@t,buffer_size_3@t,data_quality_2@t+h",2.82
g1s_h1_b20,1,1,20,ar,4,133160,10000,2000,0.8855,0.45823032851942336,7.809165395299057,4.028520909396726,1998,0.8858858858858859,0.454756476760001,7.789001742591136,4.003773595742589,2,0.5,3.928608236182396,27.952654450512334,28.751087249879458,229,0.0,3.0713783621392223,22.18861295510699,14.639729419266244,1771,1.0,0.12033597521680682,5.9498240676897876,2.6564335300855344,1013,0.7749259624876604,0.7779837972743834,8.883836433015151,5.337476284543067,0.7673255348835458,"y@t,throughput_2@t,buffer_size_3@t,data_quality_2@t+h",2.82
g1s_h1_b20,1,1,20,persistence,4,133160,10000,2000,0.8855,3.1637519177738187,7.441892364423093,2.8200000000000056,1998,0.8858858858858859,3.153089496712567,7.422613410633092,2.795295295295301,2,0.5,13.815510557964274,26.701567200632862,27.500000000000004,229,0.0,27.631021115928547,23.956685072876635,16.148471615720524,1771,1.0,0.0,5.306439213527631,1.0965556182947551,1013,0.7749259624876604,6.21902548315075,9.140086237154048,5.513326752221126,0.7673255348835458,"y@t,throughput_2@t,buffer_size_3@t,data_quality_2@t+h",2.82
g1s_h1_b20,1,1,20,tabpfn,4,133160,10000,2000,0.9235,0.22236880368603124,6.2455899101785395,2.2763199027443917,1998,0.923923923923924,0.22052121885986697,6.23482602862409,2.2513021020129194,2,0.5,2.0681060450241504,16.99870758307391,27.26910283348539,229,0.4847161572052402,1.032216203036483,13.311746958827742,11.424009206672487,1771,0.9802371541501976,0.11765109930926478,5.331897101516389,1.093473572648664,1013,0.8657453109575518,0.34776719069227063,6.461409836187984,3.8234018604212827,0.8224250333786804,"y@t,throughput_2@t,buffer_size_3@t,data_quality_2@t+h",2.82
g1s_h1_b20,1,1,20,hgb,4,133160,10000,2000,0.9135,1.1950606630834117,7.065783642670091,2.3818464107281208,1998,0.913913913913914,1.1893422310356458,7.046129188670777,2.3567036710922733,2,0.5,6.907774278801639,26.700583187985124,27.499443306939412,229,0.37554585152838427,8.6271718809937,19.653941181102415,11.887151153834722,1771,0.9830604178430266,0.234047975956672,5.438065925955804,1.1527584456398017,1013,0.8450148075024679,2.141218563097282,8.271809331243652,4.22069245116683,0.7676922144556034,"y@t,throughput_2@t,buffer_size_3@t,data_quality_2@t+h",2.82
g1s_h1_b20,1,1,20,hgb_ctx,4,133160,10000,2000,0.9145,1.1812451525254473,7.029906490901985,2.3112322766835085,1998,0.914914914914915,1.175512891137784,7.010216123837838,2.2860045620648504,2,0.5,6.907774278801639,26.700583187985124,27.513719180722745,229,0.33624454148471616,9.170139544843822,19.76295437049575,11.957181119459817,1771,0.9892715979672502,0.14823735137304297,5.383453659492063,1.0639582591816599,1013,0.8400789733464955,2.2094096319914787,8.254443987319412,4.241823142101401,0.7736448855814374,"y@t,throughput_2@t,buffer_size_3@t,data_quality_2@t+h",2.82
g1s_h1_b20,1,1,20,tabpfn_parents,4,133160,10000,2000,0.928,0.20008511917712318,6.278735076053051,2.074392485168295,1998,0.9284284284284284,0.19645334958783867,6.2558876788499,2.0490299786467197,2,0.5,3.82822293887236,29.103284882000686,27.41153650022244,229,0.5152838427947598,1.1589475430555567,14.486153515450642,10.705640828289756,1771,0.9813664596273292,0.07609895595399428,5.217470918728348,0.9583247999199529,1013,0.8726554787759131,0.3301526244794176,6.720183398280642,3.6097817829502796,0.7832224068243699,"y@t,throughput_2@t,buffer_size_3@t,data_quality_2@t+h",2.82
g1s_h1_b20,1,1,20,model,5,166718,10000,2000,0.9325,0.27302579544356137,8.409481341034898,5.605943596053714,1992,0.9357429718875502,0.23854003068440346,8.085337719767452,5.262387706971414,8,0.125,8.859981220473895,89.12124303662864,91.15135997754635,188,0.4574468085106383,2.129974717625853,32.66538796709571,34.659087206779354,1812,0.9817880794701986,0.08036222073590642,5.892864097271414,2.5915997777223567,1113,0.9002695417789758,0.37067838803522646,9.440653766637842,7.803644807895924,0.7807296644996233,"y@t,throughput_2@t,buffer_size_3@t",4.502
g1s_h1_b20,1,1,20,ar,5,166718,10000,2000,0.906,0.42410852000399896,10.133505102101925,6.215084646820949,1992,0.9091365461847389,0.39892229048108163,9.820127976810134,5.876532754904387,8,0.125,6.695479671210414,88.16440929975766,90.5145057340446,188,0.0,3.2864918430075445,39.95576721130136,33.94289496042572,1812,1.0,0.12712835183365326,7.039363117262249,3.33824781516659,1113,0.8373764600179695,0.6163906412334105,11.602186438328644,7.897378370246726,0.7624273948868222,"y@t,throughput_2@t,buffer_size_3@t",4.502
g1s_h1_b20,1,1,20,persistence,5,166718,10000,2000,0.906,2.5973159848972838,9.34927205945914,4.502000000000007,1992,0.9091365461847389,2.510650011035676,9.0310165935972,4.156124497991975,8,0.125,24.17714347643748,88.5948830590823,90.625,188,0.0,27.631021115928544,42.56656301515558,36.1436170212766,1812,1.0,0.0,5.902886463614256,1.2190949227373153,1113,0.8373764600179695,4.493454467190537,11.396197999021657,7.438454627133872,0.7624273948868222,"y@t,throughput_2@t,buffer_size_3@t",4.502
g1s_h1_b20,1,1,20,tabpfn,5,166718,10000,2000,0.931,0.20980981183194042,8.004946963619057,4.034729593372072,1992,0.9342369477911646,0.19767344619455893,7.6953299057607945,3.70963251227451,8,0.125,3.2317648555399305,85.09959437032629,84.9839027866651,188,0.4308510638297872,1.5089446104708861,32.106662272987414,31.878510490020467,1812,0.9828918322295805,0.07502099166410281,5.5043274944351435,1.1458604937198102,1113,0.8984725965858041,0.3041609967076334,8.966809402913233,6.078414955146051,0.7785281512758694,"y@t,throughput_2@t,buffer_size_3@t",4.502
g1s_h1_b20,1,1,20,hgb,5,166718,10000,2000,0.922,1.0776288233407154,8.771788011001822,3.7701175050746905,1992,0.9252008032128514,1.033408092759601,8.451220886331694,3.419862766148304,8,0.125,12.088590738038242,88.59300205386415,90.98354749774492,188,0.31382978723404253,9.479810818848179,32.97442900573498,26.01098316967561,1812,0.9850993377483444,0.20587925647791,6.260697223468803,1.462566321330224,1113,0.8814016172506739,1.6385162088503056,9.81136497386184,5.392971758847112,0.7723457873899139,"y@t,throughput_2@t,buffer_size_3@t",4.502
g1s_h1_b20,1,1,20,hgb_ctx,5,166718,10000,2000,0.9195,1.112167599735626,9.180166382274177,4.153221621557045,1992,0.9226907630522089,1.0680855790998727,8.861239331384256,3.8059093523574035,8,0.125,12.088590738038242,88.59300205386415,90.63397665226782,188,0.2872340425531915,9.8472446102834,39.18683236653603,32.6559180733941,1812,0.9850993377483444,0.20587925647791,6.066891986556058,1.1959882148543042,1113,0.8769092542677448,1.7005804970711695,10.884385234301341,6.453149235591296,0.7722000818717097,"y@t,throughput_2@t,buffer_size_3@t",4.502
g1s_h1_b20,1,1,20,tabpfn_parents,5,166718,10000,2000,0.935,0.2638919481913781,8.2021788170031,3.886308759626958,1992,0.9382530120481928,0.22295324407048583,7.867128148837763,3.53644495870339,8,0.125,10.457629274293527,91.62979519017182,91.00239518959548,188,0.4787234042553192,2.127446997978503,33.262336509503854,30.55328758206544,1812,0.9823399558498896,0.07054296951589269,5.6021183058606345,1.1195361224203164,1113,0.9056603773584906,0.3472233943948975,9.329299563206567,5.78267823461473,0.781102599274381,"y@t,throughput_2@t,buffer_size_3@t",4.502
g1s_h1_b50,1,1,50,model,1,33200,10000,2000,0.833,0.6693101941767613,5.764035372052971,5.252996514524122,1995,0.8350877192982457,0.6487744114111402,5.627433744607725,5.11574893143278,5,0.0,8.86308751765959,60.26808472270593,60.01478216796979,394,0.21573604060913706,2.7202225331250376,17.495325289552916,16.71431306608206,1606,0.9844333748443338,0.16615984452195395,2.8859978704994345,2.4411915821991985,1132,0.7208480565371025,1.0409863309357124,7.471871891202932,7.198171198315747,0.6137225417902845,"y@t,throughput_2@t,buffer_size_3@t,data_quality_1@t+h",4.2705
g1s_h1_b50,1,1,50,ar,1,33200,10000,2000,0.801,0.7829748172470153,6.163066334923448,5.558086700069278,1995,0.8030075187969925,0.7627239082234251,6.027464785079381,5.421603754034441,5,0.0,8.86308751765959,60.26808472270587,60.01478216796973,394,0.005076142131979695,2.9954605529031393,18.66561468380258,17.420504548639133,1606,0.9962640099626401,0.24018566416574966,3.095815992794943,2.6478795815533864,1132,0.6554770318021201,1.1707835676046296,7.740394798857387,7.25444782703022,0.5804144571181672,"y@t,throughput_2@t,buffer_size_3@t,data_quality_1@t+h",4.2705
g1s_h1_b50,1,1,50,persistence,1,33200,10000,2000,0.803,5.443311159837924,5.105984262560895,4.270500000000002,1995,0.8050125313283208,5.387702864208624,4.964762913457701,4.127819548872182,5,0.0,27.631021115928547,61.45330255473615,61.2,394,0.0,27.631021115928547,19.125675489252483,17.82741116751269,1606,1.0,0.0,1.6665332393252268,0.9445828144458313,1132,0.6563604240282686,9.495112379943643,7.65869531849759,7.274734982332156,0.5803642905780398,"y@t,throughput_2@t,buffer_size_3@t,data_quality_1@t+h",4.2705
g1s_h1_b50,1,1,50,tabpfn,1,33200,10000,2000,0.7885,0.9671000520314074,8.4188789567036,4.617899524989759,1995,0.7904761904761904,0.9610040393672448,8.30888375274178,4.525858595381116,5,0.0,3.3994091050322894,52.30696533746966,41.34223043883846,394,0.4263959390862944,1.6546613384960351,15.270500046729865,14.010499523127667,1606,0.8773349937733499,0.7984206330606332,6.737970669362163,2.3136128504777194,1132,0.6846289752650176,1.2013213889837793,8.529474362242272,6.515489316696266,0.5941719207882741,"y@t,throughput_2@t,buffer_size_3@t,data_quality_1@t+h",4.2705
g1s_h1_b50,1,1,50,hgb,1,33200,10000,2000,0.8105,2.618088249533769,4.870097960464489,4.372638182635921,1995,0.8120300751879699,2.596949479619891,4.740387182842552,4.233327101576039,5,0.2,11.052457445170955,56.62469823161753,59.957759525528296,394,0.21065989847715735,10.905185505212964,15.965104522218999,15.953078131881883,1606,0.9576587795765878,0.5850145765962823,2.1481598624998086,1.5316087056727148,1132,0.6934628975265018,4.23501557442993,6.770788566933158,6.537112055179308,0.5793076428575715,"y@t,throughput_2@t,buffer_size_3@t,data_quality_1@t+h",4.2705
g1s_h1_b50,1,1,50,hgb_ctx,1,33200,10000,2000,0.799,2.776966620950358,4.99379492153032,4.254602737251406,1995,0.800501253132832,2.756226042443539,4.864394161354663,4.115331571027251,5,0.2,11.052457445170955,56.62469823161753,59.82379806068951,394,0.22588832487309646,10.694797019558685,17.405947327167556,16.428406139108667,1606,0.9396014943960149,0.8344851906566585,1.9487214172830771,1.268003397069737,1132,0.6775618374558304,4.454696837719115,7.361409824699956,6.843623627143644,0.5637674591991421,"y@t,throughput_2@t,buffer_size_3@t,data_quality_1@t+h",4.2705
g1s_h1_b50,1,1,50,model,2,66758,10000,2000,0.838,0.5498754748574284,6.054417311178685,5.559949193837338,1990,0.8412060301507538,0.5076512716068244,5.307507614690388,4.810374501066985,10,0.2,8.952491921727612,154.68944691234987,154.72531305513738,419,0.360381861575179,2.0375474158825875,19.421734568751624,18.75363955197035,1581,0.9645793801391525,0.15560947657182328,2.511782313757393,2.0633291685003785,1194,0.7495812395309883,0.7789754982287865,6.992557977236755,6.898222724727934,0.6221163715959875,"y@t,throughput_2@t,data_quality_1@t+h,data_quality_1@t",5.1895
g1s_h1_b50,1,1,50,ar,2,66758,10000,2000,0.794,0.7016581484499284,6.571082333627849,5.889014207883032,1990,0.7974874371859296,0.6598649648632552,5.825976951737313,5.140644664995074,10,0.1,9.018501682197906,154.84705332984433,154.81455324258687,419,0.045346062052505964,2.497092568125789,21.591701322911128,20.082522587994063,1581,0.9924098671726755,0.22582828011078507,2.590285776695719,2.1274202728630938,1194,0.6641541038525963,0.9712415552377242,7.751516137414512,7.184666211907735,0.6072571955414731,"y@t,throughput_2@t,data_quality_1@t+h,data_quality_1@t",5.1895
g1s_h1_b50,1,1,50,persistence,2,66758,10000,2000,0.7905,5.78869892378703,6.133565151704805,5.189500000000005,1990,0.7939698492462312,5.692823445995328,5.379158105453136,4.430653266331664,10,0.1,24.867919004335693,156.26056735578715,156.2,419,0.0,27.631021115928544,22.788367171233304,21.162291169451073,1581,1.0,0.0,1.7196739143977593,0.9563567362428917,1194,0.6566164154103853,9.488039076658882,7.876356065366194,7.384422110552764,0.6233523588606985,"y@t,throughput_2@t,data_quality_1@t+h,data_quality_1@t",5.1895
g1s_h1_b50,1,1,50,tabpfn,2,66758,10000,2000,0.8425,0.589701690161899,7.101043187196962,4.7818094205122215,1990,0.8457286432160804,0.5725845301872269,6.420115580638826,4.055346928100561,10,0.2,3.996016525121644,142.60563689226564,149.3478454104325,419,0.4128878281622912,1.6218488299218907,19.142205824973832,18.620143429203182,1581,0.9563567362428842,0.3161598485683276,3.909868522283293,1.1143445567288486,1194,0.7654941373534339,0.8046549167656508,8.040845380804363,6.286277780613516,0.6396094621715087,"y@t,throughput_2@t,data_quality_1@t+h,data_quality_1@t",5.1895
g1s_h1_b50,1,1,50,hgb,2,66758,10000,2000,0.823,2.4453943675592154,6.003372322413545,4.990229877769665,1990,0.8261306532663316,2.402142794304885,5.25060620536328,4.231855289195518,10,0.2,11.052457445170958,155.80382961541653,155.90677300402484,419,0.29594272076372313,9.726959773499923,21.256165043507625,20.120664885134953,1581,0.9626818469323213,0.5156183365097804,1.9610445867156217,0.9803296449511595,1194,0.7294807370184254,3.7374107326541957,7.52700496798997,6.817550401383251,0.6243151287598017,"y@t,throughput_2@t,data_quality_1@t+h,data_quality_1@t",5.1895
g1s_h1_b50,1,1,50,hgb_ctx,2,66758,10000,2000,0.803,2.7217045787185006,5.901532910145209,4.907758694714299,1990,0.8060301507537688,2.679841498987584,5.144639054570093,4.148550823962672,10,0.2,11.052457445170958,156.52341016959338,155.99012497428825,419,0.23627684964200477,10.551274245932161,20.61200673497871,19.374698307600163,1581,0.9531941808981658,0.646695286775096,2.002931687751006,1.0736994298191849,1194,0.7001675041876047,4.142388010316465,7.340510118038863,6.652787442136922,0.6207504281025382,"y@t,throughput_2@t,data_quality_1@t+h,data_quality_1@t",5.1895
g1s_h1_b50,1,1,50,model,3,99959,10000,2000,0.8885,0.44248674271150695,5.534218637320203,4.833546879244757,1995,0.8907268170426065,0.4104888205997908,5.338394804757858,4.639558303346671,5,0.0,13.209657665286247,83.66792782969578,82.2349886625813,335,0.44776119402985076,2.097321737508843,18.987161272092646,18.474392776740043,1665,0.9771771771771772,0.10953195396849952,2.8274704195131344,2.0889922992682286,1087,0.812327506899724,0.6856137159828213,7.061413434098547,6.811557545311644,0.7337607460416891,"y@t,throughput_2@t,buffer_size_3@t",4.564
g1s_h1_b50,1,1,50,ar,3,99959,10000,2000,0.838,0.6311991701842466,6.4049596440771435,5.4412555996771825,1995,0.8401002506265665,0.6097469015467155,6.212471449005627,5.249943432482144,5,0.0,9.190654356559126,83.20774947761181,81.77481031049736,335,0.04776119402985075,2.7503113239999366,22.292413579847892,20.68100916241248,1665,0.996996996996997,0.20483125935646512,3.2083848281713165,2.374998876844554,1087,0.7074517019319227,0.9710837995865349,8.319157869672512,7.410567080962679,0.651779790914865,"y@t,throughput_2@t,buffer_size_3@t",4.564
g1s_h1_b50,1,1,50,persistence,3,99959,10000,2000,0.8325,4.628196036918031,5.71199327700404,4.564000000000009,1995,0.8345864661654135,4.57054484624382,5.516201432667923,4.36892230576442,5,0.0,27.631021115928547,83.83293916711446,82.4,335,0.0,27.631021115928547,24.596985538784434,22.982089552238804,1665,1.0,0.0,1.9123101492584353,0.8582582582582694,1087,0.6964121435142594,8.388442473096983,8.70134476014668,8.018399264029439,0.6364715273700697,"y@t,throughput_2@t,buffer_size_3@t",4.564
g1s_h1_b50,1,1,50,tabpfn,3,99959,10000,2000,0.8825,0.45444728188992956,5.630582267380239,3.5602446014114473,1995,0.8847117794486216,0.44589139662064403,5.461597211802119,3.3723105135393387,5,0.0,3.8682455043348725,73.05561944305002,78.5459456623826,335,0.42686567164179107,1.5450118837041835,17.619587418394765,16.110464238530486,1665,0.9741741741741742,0.23502437401739207,3.218380029788728,1.0351253350841936,1087,0.812327506899724,0.65972522478407,7.312378369725961,5.452849999871575,0.686493058456358,"y@t,throughput_2@t,buffer_size_3@t",4.564
g1s_h1_b50,1,1,50,hgb,3,99959,10000,2000,0.8375,2.2450694644687332,5.553249450791413,4.513868848712114,1995,0.8395989974937343,2.216070742432906,5.3570666602763275,4.318438234269208,5,0.0,13.815559556763812,83.83018286631058,82.4906840114315,335,0.26865671641791045,10.103929854624157,20.809482541328137,19.530237907400533,1665,0.9519519519519519,0.6638573138969213,2.48367702716991,1.4925573564234533,1087,0.7718491260349586,3.1520698068723445,7.598827630147716,6.706527558740608,0.6298812291433542,"y@t,throughput_2@t,buffer_size_3@t",4.564
g1s_h1_b50,1,1,50,hgb_ctx,3,99959,10000,2000,0.8575,1.9687592533094478,5.288211258490139,4.355021453263386,1995,0.8596491228070176,1.939068024478735,5.091364211853998,4.159069281504736,5,0.0,13.815559556763812,83.83018286631058,82.5399379849642,335,0.23582089552238805,10.557573484885673,21.4576680524161,20.123146720426597,1665,0.9825825825825826,0.24067951302233978,2.034897128781311,1.1824557088191354,1087,0.7589696412143514,3.3300064653925836,7.783725583055189,6.8348648086761425,0.6522906844139527,"y@t,throughput_2@t,buffer_size_3@t",4.564
g1s_h1_b50,1,1,50,model,4,133160,10000,2000,0.926,0.299658132069016,3.4764268611942684,2.9975941371134986,1998,0.9269269269269269,0.2871862712434534,3.4521340787084007,2.9731278689862877,2,0.0,12.759047096805975,27.74491656457647,27.439395996197316,298,0.5771812080536913,1.4441949427058622,10.149249444491339,10.435790201867889,1702,0.9870740305522914,0.0992633203358901,2.3080948225206335,1.6952542855877593,1013,0.8677196446199408,0.4925995477407895,4.507264958962872,4.658595181325967,0.7941149268578748,"y@t,throughput_2@t,buffer_size_3@t",2.82
g1s_h1_b50,1,1,50,ar,4,133160,10000,2000,0.854,0.5411960910695813,4.434523130153213,3.511822892866581,1998,0.8548548548548549,0.5318791094503311,4.411010948754496,3.4876929140014896,2,0.0,9.848860728700718,27.923192347471762,27.617671779092607,298,0.03355704697986577,2.505436356264844,13.546916873250172,11.462085609745081,1702,0.9976498237367802,0.1972809330036659,2.8390511351808914,2.1198262479607095,1013,0.7147087857847977,0.8834733252239827,5.672415898392961,4.87234603774024,0.7376375346410028,"y@t,throughput_2@t,buffer_size_3@t",2.82
g1s_h1_b50,1,1,50,persistence,4,133160,10000,2000,0.851,4.117022146273354,3.995723588013748,2.820000000000008,1998,0.8518518518518519,4.0934846097671915,3.9718899574027717,2.795295295295303,2,0.0,27.631021115928547,27.805520568379155,27.499999999999996,298,0.0,27.631021115928547,15.976168929300325,13.832214765100671,1702,1.0,0.0,1.898089797353701,0.8918918918919007,1013,0.7077986179664363,8.073822557072901,6.152823536442376,5.513326752221126,0.7434838299029839,"y@t,throughput_2@t,buffer_size_3@t",2.82
g1s_h1_b50,1,1,50,tabpfn,4,133160,10000,2000,0.9115,0.32466781137510864,3.855835804697333,2.2763199027443917,1998,0.9124124124124124,0.32092900620527776,3.8416641410260874,2.2513021020129194,2,0.0,4.0597341760362085,18.01332781227163,27.26910283348539,298,0.540268456375839,1.1777570757110865,10.183974117060965,9.682407450382142,1702,0.9764982373678026,0.1753020059860832,2.747853891016744,0.979601871489368,1013,0.8479763079960513,0.5129628770199227,4.746073778756034,3.8234018604212827,0.7768560071329345,"y@t,throughput_2@t,buffer_size_3@t",2.82
g1s_h1_b50,1,1,50,hgb,4,133160,10000,2000,0.8835,1.6095559788023766,3.6120737225191597,2.3818464107281208,1998,0.8843843843843844,1.5973377570026155,3.5878585756792454,2.3567036710922733,2,0.0,13.815559556763812,27.803005415593272,27.499443306939412,298,0.3389261744966443,9.133121414634982,12.147141511514643,10.401267905412446,1702,0.9788484136310224,0.2922689635978429,2.1176846501803497,0.9777408846318045,1013,0.7986179664363278,2.782244609682768,5.081632563592046,4.22069245116683,0.6775447255840297,"y@t,throughput_2@t,buffer_size_3@t",2.82
g1s_h1_b50,1,1,50,hgb_ctx,4,133160,10000,2000,0.894,1.4644931179437517,3.51919254421942,2.3112322766835085,1998,0.8948948948948949,1.4521296880750632,3.494884423227054,2.2860045620648504,2,0.0,13.815559556763812,27.803005415593272,27.513719180722745,298,0.348993288590604,8.99403909358165,12.201403526103359,10.463094471975765,1702,0.9894242068155111,0.14615898119869072,1.9990404451586603,0.8839379557686484,1013,0.8035538005923001,2.714053540788571,5.092116081007012,4.241823142101401,0.7133410019336816,"y@t,throughput_2@t,buffer_size_3@t",2.82
g1s_h1_b50,1,1,50,model,5,166718,10000,2000,0.893,0.37605999498599446,5.022636173761222,4.509463364526531,1992,0.8960843373493976,0.33739172554837077,4.682081357919704,4.164563661200424,8,0.125,10.004459084954306,89.8207853182991,90.38948949272731,289,0.4809688581314879,1.8927613437249655,20.02624783182128,19.81986182121067,1711,0.9625949736995909,0.11987841124224073,2.4884200608568636,1.9234287917727528,1113,0.839173405211141,0.5296376831638369,6.256850273924653,6.166726319024097,0.7346547800206885,"y@t,throughput_2@t,buffer_size_3@t",4.502
g1s_h1_b50,1,1,50,ar,5,166718,10000,2000,0.86,0.5414570033330313,5.879794945910754,4.971317603812417,1992,0.8629518072289156,0.5127973302307487,5.542510538549703,4.628128990616606,8,0.125,7.677715605801417,89.86361237881259,90.42528228956937,289,0.03460207612456748,2.7175263786713715,23.718072054855444,21.891744128788822,1711,0.9994155464640561,0.17390349691995105,2.866783791916006,2.1133379043862437,1113,0.7547169811320755,0.8007685370247147,7.357129079148788,6.5120030899168855,0.7091599657689249,"y@t,throughput_2@t,buffer_size_3@t",4.502
g1s_h1_b50,1,1,50,persistence,5,166718,10000,2000,0.8555,3.9926825512516753,5.604463242536538,4.502000000000007,1992,0.858433734939759,3.9116204591826556,5.265271006204382,4.156124497991976,8,0.125,24.17714347643748,90.06333008924324,90.625,289,0.0,27.631021115928547,27.591746063654835,25.70242214532872,1711,1.0,0.0,1.8906556824528506,0.9210987726475837,1113,0.7466307277628033,7.000851711313432,8.15456528638116,7.438454627133872,0.7106908001763312,"y@t,throughput_2@t,buffer_size_3@t",4.502
g1s_h1_b50,1,1,50,tabpfn,5,166718,10000,2000,0.899,0.327932211656887,4.780904405023813,4.034729593372072,1992,0.9021084337349398,0.3143115258812064,4.462591003123278,3.70963251227451,8,0.125,3.7194829698013576,84.0409414782572,84.9839027866651,289,0.45674740484429066,1.5083879776055482,20.65564864045113,21.984265816338215,1711,0.9736995908825249,0.12854488473744627,2.099547839250293,1.0029259882071306,1113,0.8445642407906558,0.49291837413940476,6.270140019319631,6.078414955146051,0.7312228338179989,"y@t,throughput_2@t,buffer_size_3@t",4.502
g1s_h1_b50,1,1,50,hgb,5,166718,10000,2000,0.8775,1.692449042150162,4.954507981625263,3.7701175050746905,1992,0.8805220883534136,1.6506973485964749,4.612719400858504,3.419862766148304,8,0.125,12.088620737018278,90.05986459254815,90.98354749774492,289,0.25951557093425603,10.230219446565473,20.48404449378074,18.870889063154518,1711,0.9818819403857393,0.250359242690183,2.331459441582638,1.2194903979530836,1113,0.8023360287511231,2.730877680517544,6.342806621846237,5.392971758847112,0.6950938218383087,"y@t,throughput_2@t,buffer_size_3@t",4.502
g1s_h1_b50,1,1,50,hgb_ctx,5,166718,10000,2000,0.8755,1.7200800632660906,5.368671849630796,4.153221621557045,1992,0.8785140562248996,1.6784393376686921,5.028546577570887,3.8059093523574035,8,0.125,12.088620737018278,90.05986459254815,90.63397665226782,289,0.2560553633217993,10.278023981368117,24.738698219156742,23.092722450185295,1711,0.9801285797779077,0.27458281467960016,2.0969374131649876,0.9542059935771712,1113,0.7987421383647799,2.7805291110942356,7.462501418787923,6.453149235591296,0.7170109017089499,"y@t,throughput_2@t,buffer_size_3@t",4.502
g1s_h1_b10,1,1,10,model,1,33200,10000,2000,0.937,0.2747991507158548,11.569894483011048,5.042152972006503,1995,0.9383458646616541,0.2661281722502161,11.468870912657584,4.896963262509829,5,0.4,3.734519558505698,51.878299054043694,62.97284706117946,158,0.2911392405063291,3.0560928175870794,32.987735687239756,30.041650321202148,1842,0.992399565689468,0.03622998710800819,9.732750666361682,2.897787835647702,1132,0.901060070671378,0.4438235680652422,11.80397010073902,7.282275817032318,0.9078156218115531,"y@t,throughput_2@t,buffer_size_3@t",4.2705
g1s_h1_b10,1,1,10,ar,1,33200,10000,2000,0.921,0.39155638849147045,12.814531730846134,5.580492724622527,1995,0.9228070175438596,0.38254460766109166,12.711629586036258,5.447145008736571,5,0.2,3.9872569398125868,53.87248750998742,58.786231363118574,158,0.0,4.335074906287358,43.10311483190118,31.146524967732994,1842,1.0,0.053295842448175,10.216488229235548,3.387532304203714,1132,0.8639575971731449,0.6421728959130834,13.63396358374246,7.825937517672366,0.8741837412899993,"y@t,throughput_2@t,buffer_size_3@t",4.2705
g1s_h1_b10,1,1,10,persistence,1,33200,10000,2000,0.921,2.182850668158355,12.047126654611334,4.270500000000004,1995,0.9228070175438596,2.132920928247116,11.938145676921327,4.127819548872184,5,0.2,22.10481689274284,55.53053675292483,61.20000000000001,158,0.0,27.631021115928544,45.009994026574574,32.10126582278481,1842,1.0,0.0,9.219692862662264,1.883279044516834,1132,0.8639575971731449,3.758990505170491,13.244993081314458,7.274734982332157,0.8741837412899993,"y@t,throughput_2@t,buffer_size_3@t",4.2705
g1s_h1_b10,1,1,10,tabpfn,1,33200,10000,2000,0.927,0.4228660007183288,11.518551563899498,4.617899524989759,1995,0.9283208020050125,0.4191748564048338,11.419042671885094,4.525858595381116,5,0.4,1.895632581802819,51.222599477647464,41.34223043883846,158,0.4810126582278481,1.2596664613626194,28.099834082340212,26.25125560134277,1842,0.9652551574375678,0.3510883281983517,10.096270001514249,2.7622696335327697,1132,0.8886925795053003,0.5190074971864818,10.8754436196099,6.515489316696266,0.8730855142867455,"y@t,throughput_2@t,buffer_size_3@t",4.2705
g1s_h1_b10,1,1,10,hgb,1,33200,10000,2000,0.927,1.0085412706908918,11.908830368647916,4.372638182635921,1995,0.9283208020050125,0.9902937166456609,11.81406833176697,4.233327101576039,5,0.4,8.289315334738067,49.71888308414433,59.957759525528296,158,0.17721518987341772,11.36720123119593,40.08356000515034,28.38326187454675,1842,0.991313789359392,0.12001343477352183,9.492105459545101,2.313094999507847,1132,0.8851590106007067,1.5865959014924995,12.63217439826571,6.537112055179308,0.8592452541394934,"y@t,throughput_2@t,buffer_size_3@t",4.2705
g1s_h1_b10,1,1,10,hgb_ctx,1,33200,10000,2000,0.9235,1.056895557643767,12.006498089776414,4.254602737251406,1995,0.924812030075188,1.038769192287641,11.911980834151432,4.115331571027251,5,0.4,8.289315334738067,49.71888308414433,59.82379806068951,158,0.17088607594936708,11.45464117143621,43.087216105284654,30.990335458236288,1842,0.988056460369164,0.16501509782878002,9.340508162278963,1.9613097025523778,1132,0.8807420494699647,1.6476184746283844,13.094467184562168,6.843623627143644,0.8612298066090581,"y@t,throughput_2@t,buffer_size_3@t",4.2705
g1s_h1_b10,1,1,10,tabpfn_clf,1,33200,10000,2000,0.8815,0.636362023408511,32.49150277356203,30.25900981501085,1995,0.8832080200501253,0.6337218118934329,32.37752791978184,30.10024733674813,5,0.2,1.6898064179246428,77.96746943185761,93.60523864183526,158,0.44936708860759494,1.3677867575640112,42.49993685894962,45.56126457011347,1842,0.9185667752442996,0.5736230939858351,31.633016027909893,28.946438560230064,1132,0.8295053003533569,0.7622054185642797,33.66426280775334,32.74825531352907,0.7880710354067947,"y@t,throughput_2@t,buffer_size_3@t",4.2705
g1s_h1_b10,1,1,10,model,2,66758,10000,2000,0.931,0.25543245949131893,13.563390100650238,8.139189241091719,1990,0.9346733668341709,0.2339385388775916,12.84408334357151,7.4018861076503715,10,0.2,4.5327226616230565,156.70543475931746,154.86251279592003,137,0.34306569343065696,2.568697122865932,55.987564812926124,55.20590582416196,1863,0.9742351046698873,0.08532120942029267,10.443630607584327,4.678029728541734,1194,0.9061976549413735,0.34772853088004196,12.81651683174219,9.836608207866773,0.9139742656546469,"y@t,data_quality_1@t+h,throughput_2@t,data_quality_1@t",5.1895
g1s_h1_b10,1,1,10,ar,2,66758,10000,2000,0.9315,0.3295225347909019,13.810105320407931,6.679173291036252,1990,0.9351758793969849,0.30575245630486986,13.086731757325486,5.930182791498836,10,0.2,5.059768153511286,157.7614443738141,155.72828269898218,137,0.0,3.758855574136359,63.88425216084769,50.45194537165418,1863,1.0,0.07733862368498268,10.127787490488315,3.460241581404123,1194,0.8919597989949749,0.4736646900713656,13.95235884056218,8.222519286422266,0.9185053669847653,"y@t,data_quality_1@t+h,throughput_2@t,data_quality_1@t",5.1895
g1s_h1_b10,1,1,10,persistence,2,66758,10000,2000,0.9315,1.8927249464411053,13.255894327699066,5.189500000000009,1990,0.9351758793969849,1.7911566452034084,12.528513565101477,4.430653266331667,10,0.2,22.10481689274284,158.00466608461915,156.2,137,0.0,27.631021115928547,65.5034994946344,50.941605839416056,1863,1.0,0.0,9.41374622900334,1.8250134192163285,1194,0.8919597989949749,2.985261075339014,13.464171249444473,7.384422110552764,0.9185053669847653,"y@t,data_quality_1@t+h,throughput_2@t,data_quality_1@t",5.1895
g1s_h1_b10,1,1,10,tabpfn,2,66758,10000,2000,0.9325,0.24431529927480636,11.974993431546176,4.7818094205122215,1990,0.936180904522613,0.2326958034404596,11.320315073580256,4.055346928100561,10,0.2,2.556594970309812,142.25598666676447,149.3478454104325,137,0.38686131386861317,1.5231805772740301,48.41586042302257,47.072997988090194,1863,0.9726247987117552,0.1502709927338006,9.295230265774698,1.6718293701857674,1194,0.9053601340033501,0.31713109351775853,11.239712846175896,6.286277780613516,0.8748419531401295,"y@t,data_quality_1@t+h,throughput_2@t,data_quality_1@t",5.1895
g1s_h1_b10,1,1,10,hgb,2,66758,10000,2000,0.9295,0.9740024942959812,13.235313043984762,4.990229877769665,1990,0.9331658291457287,0.9233571930294742,12.507830985485796,4.231855289195518,10,0.2,11.05241744633092,158.00424268527883,155.90677300402484,137,0.23357664233576642,10.58853898964015,61.8460414055459,48.96918803344173,1863,0.9806763285024155,0.26697538755301253,9.660611065705709,1.7561357997626477,1194,0.9003350083752094,1.3769317440112159,13.360569761377565,6.817550401383251,0.8948608076195862,"y@t,data_quality_1@t+h,throughput_2@t,data_quality_1@t",5.1895
g1s_h1_b10,1,1,10,hgb_ctx,2,66758,10000,2000,0.9245,1.0430800470858028,13.34930523807024,4.907758694714299,1990,0.9281407035175879,0.9927818692001488,12.59286749297502,4.148550823962672,10,0.2,11.05241744633092,163.88041651201843,155.99012497428825,137,0.1678832116788321,11.49612727446992,63.75010220351674,47.875181879729716,1863,0.9801395598497048,0.27439112054172116,9.642966438142071,1.7480501727888507,1194,0.8944723618090452,1.4579271995436696,13.497605560533461,6.652787442136922,0.9043594294230651,"y@t,data_quality_1@t+h,throughput_2@t,data_quality_1@t",5.1895
g1s_h1_b10,1,1,10,tabpfn_clf,2,66758,10000,2000,0.895,0.3558511148322284,20.45542950227672,17.733036409161024,1990,0.8974874371859296,0.34798491090005096,20.132180091282834,17.3997626263031,10,0.4,1.9212256973355282,84.78206229005987,84.05451919788678,137,0.4306569343065693,1.4008552228054336,52.36405340382178,58.01462392301068,1863,0.92914653784219,0.27900432857762336,18.108955280853383,14.770837005297677,1194,0.8618090452261307,0.47224094194535154,21.764976215535572,22.206751375296644,0.7349473943766133,"y@t,data_quality_1@t+h,throughput_2@t,data_quality_1@t",5.1895
g1s_h1_b10,1,1,10,model,3,99959,10000,2000,0.941,0.2562832579428772,13.86750596607343,7.472279738211457,1995,0.9423558897243107,0.24243551445366734,13.684439403778201,7.285750380505899,5,0.4,5.781532910137614,86.91106432187038,81.89749346272933,118,0.19491525423728814,3.083034076931113,55.264051906559,51.11983836908664,1882,0.987778958554729,0.07904808438250958,11.271973330059991,4.735610281015244,1087,0.9135234590616376,0.38624130166766596,14.439349072586328,9.932251076293056,0.8523939364974618,"y@t,data_quality_1@t,buffer_size_2@t,throughput_2@t",4.564
g1s_h1_b10,1,1,10,ar,3,99959,10000,2000,0.941,0.28444841229071405,12.861757399191289,6.378316324837504,1995,0.9423558897243107,0.2737202279615067,12.67603283907394,6.188907879468997,5,0.4,4.564993959644424,86.96585688601348,81.95228602687244,118,0.0,3.7389441941192088,61.702534078625895,49.72378605159537,1882,1.0,0.06785409653313572,9.799477033530671,3.6605876172086913,1087,0.8942042318307267,0.45145110157200063,13.654545364529369,8.671445645393751,0.8720495339469503,"y@t,data_quality_1@t,buffer_size_2@t,throughput_2@t",4.564
g1s_h1_b10,1,1,10,persistence,3,99959,10000,2000,0.941,1.6302302458397844,12.666375188956177,4.564000000000006,1995,0.9423558897243107,1.5927656282364828,12.479038858955713,4.368922305764418,5,0.4,16.578612669557128,87.41357085914105,82.4,118,0.0,27.63102111592854,64.47476368618867,50.940677966101696,1882,1.0,0.0,9.418027769894843,1.656216790648254,1087,0.8942042318307267,2.92324510426107,14.201975441751262,8.018399264029439,0.8720495339469503,"y@t,data_quality_1@t,buffer_size_2@t,throughput_2@t",4.564
g1s_h1_b10,1,1,10,tabpfn,3,99959,10000,2000,0.9565,0.18864540619928016,10.606969011316036,3.5602446014114473,1995,0.9578947368421052,0.18452719943937815,10.453619018385691,3.3723105135393387,5,0.4,1.8318099034001787,71.79361619052376,78.5459456623826,118,0.3813559322033898,1.6053916423471413,43.44277935600915,37.31375755494209,1882,0.9925611052072264,0.0998164710954291,8.548188128917639,1.4439244481082507,1087,0.9273229070837167,0.28016901586802595,10.57126112428743,5.452849999871575,0.899298952084159,"y@t,data_quality_1@t,buffer_size_2@t,throughput_2@t",4.564
g1s_h1_b10,1,1,10,hgb,3,99959,10000,2000,0.9475,0.7253233042526244,12.306426454483917,4.513868848712114,1995,0.9488721804511279,0.7063659307426358,12.118189476379305,4.318438234269208,5,0.4,8.289315334738065,87.41298071822388,82.4906840114315,118,0.211864406779661,10.888504609202535,57.63601562653712,44.73865994511815,1882,0.9936238044633369,0.08809939671591398,9.464294933600666,1.9918043697663586,1087,0.9144434222631095,1.182016802986802,13.47581033242925,6.706527558740608,0.8834627294838266,"y@t,data_quality_1@t,buffer_size_2@t,throughput_2@t",4.564
g1s_h1_b10,1,1,10,hgb_ctx,3,99959,10000,2000,0.948,0.7184155489736422,12.48217165409891,4.355021453263386,1995,0.9493734335839599,0.6994408627937814,12.294375140153734,4.159069281504736,5,0.4,8.289315334738065,87.41298071822388,82.5399379849642,118,0.1694915254237288,11.47390759894678,60.90236152341565,46.82706504026716,1882,0.9968119022316685,0.04405419833770694,9.446261768562577,1.6920559148646372,1087,0.9107635694572217,1.232855848278299,13.831631379763294,6.8348648086761425,0.8943636630418113,"y@t,data_quality_1@t,buffer_size_2@t,throughput_2@t",4.564
g1s_h1_b10,1,1,10,tabpfn_clf,3,99959,10000,2000,0.937,0.25409898619465776,13.095148834151502,10.244885080014965,1995,0.9388471177944863,0.25061338926474497,12.875830946162505,9.99384735771503,5,0.2,1.6448521612298737,100.60298614176077,110.40893627768938,118,0.4745762711864407,1.4506486282448339,43.32191481576541,53.9327023471151,1882,0.9659936238044633,0.1790762137388019,11.199953092477516,7.505691436275424,1087,0.9089236430542779,0.34729176187656174,11.845127138536478,12.379953917883194,0.8676581760483639,"y@t,data_quality_1@t,buffer_size_2@t,throughput_2@t",4.564
g1s_h1_b10,1,1,10,model,4,133160,10000,2000,0.9635,0.14039387298181408,12.018457973526997,4.890153776875258,1998,0.963963963963964,0.13871677149388315,11.99984117554607,4.867450229424803,2,0.5,1.8158182594248398,30.616639156476218,27.570997679879106,141,0.5177304964539007,1.456618781690604,22.008191966817417,27.983505626979056,1859,0.9973103819257665,0.040561860002825696,11.260764324762098,3.1385870147103114,1013,0.9299111549851925,0.2389375225424078,12.271990868175473,7.401361909062053,0.8677140255133644,"y@t,throughput_2@t,data_quality_3@t+h,buffer_size_3@t",2.82
g1s_h1_b10,1,1,10,ar,4,133160,10000,2000,0.9295,0.29294784675804203,12.845639635695067,4.403913352851722,1998,0.92992992992993,0.2913174717229217,12.828095778071718,4.380968008935835,2,0.5,1.921692506843226,30.37195340142015,27.326311924823038,141,0.0,3.316369362716784,30.97527464222521,21.27001315696362,1859,1.0,0.06362970057720142,11.470557045097568,3.1246664069777164,1013,0.861796643632774,0.5204762362662099,13.454583241257588,6.165937531844734,0.8496520805892193,"y@t,throughput_2@t,data_quality_3@t+h,buffer_size_3@t",2.82
g1s_h1_b10,1,1,10,persistence,4,133160,10000,2000,0.9295,1.9479869886729626,12.614885415746134,2.8200000000000136,1998,0.92992992992993,1.9361075857006989,12.596936710980518,2.795295295295309,2,0.5,13.815510557964274,30.545641476597112,27.500000000000014,141,0.0,27.631021115928544,33.296127386362315,21.361702127659573,1859,1.0,0.0,11.046270505656365,1.4136632598171208,1013,0.861796643632774,3.8186998580750218,13.639269079591678,5.513326752221126,0.8496520805892193,"y@t,throughput_2@t,data_quality_3@t+h,buffer_size_3@t",2.82
g1s_h1_b10,1,1,10,tabpfn,4,133160,10000,2000,0.9555,0.14097064884189056,10.960242498395107,2.2763199027443917,1998,0.955955955955956,0.140031250115479,10.954873481608104,2.2513021020129194,2,0.5,1.0794299765270192,16.323890268610526,27.26910283348539,141,0.5390070921985816,0.9712249389587583,20.112848883498998,15.99834999869034,1859,0.9870898332436794,0.0779981609954794,10.266042659611005,1.2355419341976575,1013,0.9249753208292202,0.2192546456450347,10.51510287181302,3.8234018604212827,0.9584417066588977,"y@t,throughput_2@t,data_quality_3@t+h,buffer_size_3@t",2.82
g1s_h1_b10,1,1,10,hgb,4,133160,10000,2000,0.9545,0.6286147303468744,12.282397566751289,2.3818464107281208,1998,0.954954954954955,0.6223292953632961,12.264116572298633,2.3567036710922733,2,0.5,6.907764278941637,30.545111024956434,27.499443306939412,141,0.4326241134751773,7.838596550577528,27.752510237658864,16.177881762561654,1859,0.9940828402366864,0.08175758314272047,11.10903237761844,1.3354553485395626,1013,0.9180651530108588,1.131980743603167,12.910512329242056,4.22069245116683,0.8608443977325578,"y@t,throughput_2@t,data_quality_3@t+h,buffer_size_3@t",2.82
g1s_h1_b10,1,1,10,hgb_ctx,4,133160,10000,2000,0.9535,0.6424302409048387,12.305263150801332,2.3112322766835085,1998,0.953953953953954,0.6361586352611582,12.287005044821196,2.2860045620648504,2,0.5,6.907764278941637,30.545111024956434,27.513719180722745,141,0.3900709219858156,8.42649061687388,28.242666355668828,16.01841586174693,1859,0.9962345346960731,0.05203082562154934,11.096455269205679,1.2715803748578265,1013,0.914116485686081,1.1865335987185244,12.965647373412365,4.241823142101401,0.8641974153152763,"y@t,throughput_2@t,data_quality_3@t+h,buffer_size_3@t",2.82
g1s_h1_b10,1,1,10,tabpfn_clf,4,133160,10000,2000,0.9195,0.21815868855097706,13.268257407666134,8.647532322395843,1998,0.91991991991992,0.2164602372439229,13.245043415653202,8.63757542953446,2,0.5,1.9149115442980627,36.459035428583775,18.594468290918982,141,0.46099290780141844,0.9725016281747754,17.47841388969085,27.924282029357556,1859,0.9542764927380312,0.16094386634174868,12.948928701928915,7.185444259630055,1013,0.8706811451135242,0.32121341484280075,12.583993193971345,11.533890133757888,0.9320123075770533,"y@t,throughput_2@t,data_quality_3@t+h,buffer_size_3@t",2.82
g1s_h1_b10,1,1,10,model,5,166718,10000,2000,0.952,0.18419970553408324,13.864399624713839,6.604992912281984,1992,0.9548192771084337,0.1716676827248268,13.575485466459108,6.274397493309633,8,0.25,3.3046733850389374,85.8040250301418,88.92325223639762,121,0.4214876033057851,2.3093445746926173,47.83086517633387,52.128849458593,1879,0.9861628525811602,0.04734897154356563,11.677096627509995,3.673440681252908,1113,0.9326145552560647,0.2677951345066804,13.43482501942819,8.001282542081412,0.7656727687070247,"y@t,throughput_2@t,data_quality_2@t+h,data_quality_2@t",4.502
g1s_h1_b10,1,1,10,ar,5,166718,10000,2000,0.9395,0.29682018456572284,14.212195619318415,6.149327095314334,1992,0.9422690763052208,0.2835383166989467,13.921757063998035,5.816997857470875,8,0.25,3.6040052833929916,86.53139589409233,88.89930731833573,121,0.0,3.8738405242751184,60.94793941409054,51.51937356245473,1879,1.0,0.06647454267916782,11.202602751214407,3.227679611267507,1113,0.8966756513926325,0.4628932231638704,15.656494076205652,8.247701743922217,0.7579293129800978,"y@t,throughput_2@t,data_quality_2@t+h,data_quality_2@t",4.502
g1s_h1_b10,1,1,10,persistence,5,166718,10000,2000,0.9395,1.6716767775136774,13.456386955522484,4.502000000000008,1992,0.9422690763052208,1.5951643716525015,13.155490511965708,4.156124497991976,8,0.25,20.72326583694641,88.37960140116039,90.625,121,0.0,27.631021115928547,62.94964630021251,52.13223140495868,1879,1.0,0.0,10.26922123933968,1.4348057477381673,1113,0.8966756513926325,2.8549572581597333,15.169878634237802,7.438454627133872,0.7579293129800978,"y@t,throughput_2@t,data_quality_2@t+h,data_quality_2@t",4.502
g1s_h1_b10,1,1,10,tabpfn,5,166718,10000,2000,0.952,0.13272803161095958,12.125976516716513,4.034729593372072,1992,0.9543172690763052,0.12372246720574263,11.830839501848327,3.70963251227451,8,0.375,2.375113568509984,85.61509321889504,84.9839027866651,121,0.38016528925619836,1.595748747304717,48.581973602549084,48.09279834662448,1879,0.9888238424693986,0.03851541500694438,9.778357758129106,1.197568167537298,1113,0.9299191374663073,0.19242177077013126,12.744719758814487,6.078414955146051,0.7653242189484638,"y@t,throughput_2@t,data_quality_2@t+h,data_quality_2@t",4.502
g1s_h1_b10,1,1,10,hgb,5,166718,10000,2000,0.9495,0.6976922831366957,12.934091262842012,3.7701175050746905,1992,0.9523092369477911,0.6588812404246636,12.631101025511212,3.419862766148304,8,0.25,10.361641918432706,88.37866035821159,90.98354749774492,121,0.30578512396694213,9.590941949290071,50.53066084324262,38.496373239953854,1879,0.9909526343799894,0.12500297520451992,10.513024248883271,1.5338870931958304,1113,0.9254267744833783,1.0302761844258386,13.822992995485587,5.392971758847112,0.7630963425578104,"y@t,throughput_2@t,data_quality_2@t+h,data_quality_2@t",4.502
g1s_h1_b10,1,1,10,hgb_ctx,5,166718,10000,2000,0.9455,0.7529543253685529,13.31467321698345,4.153221621557045,1992,0.9482931726907631,0.7143652185690984,13.013211421235548,3.8059093523574035,8,0.25,10.361641918432706,88.37866035821159,90.63397665226782,121,0.2396694214876033,10.504364134940603,59.56361563035644,48.68976061569547,1879,0.9909526343799894,0.12500297520451992,10.336428388873747,1.28524864748001,1113,0.9164420485175202,1.154404760867566,14.823398312203677,6.453149235591296,0.7615593655916093,"y@t,throughput_2@t,data_quality_2@t+h,data_quality_2@t",4.502
g1s_h1_b10,1,1,10,tabpfn_clf,5,166718,10000,2000,0.954,0.1406434113324286,12.212581753175265,6.317526936712264,1992,0.9568273092369478,0.13174478176116936,11.954184321017216,6.010373514405381,8,0.25,2.356402174575983,76.55354236052946,82.79872909112622,121,0.4628099173553719,1.3499208960006892,39.13950178880327,46.911119973079,1879,0.9856306546035125,0.06277083249003397,10.478597014318964,3.703463734263955,1113,0.9353099730458221,0.19401063451583478,11.860090233133832,8.082933059024693,0.7672870031090068,"y@t,throughput_2@t,data_quality_2@t+h,data_quality_2@t",4.502
g1s_h5_b20,1,5,20,model,1,32828,10000,2000,0.861,0.6011234836291535,13.372853336802152,9.62989275626585,1994,0.8630892678034102,0.5852838707516382,12.96210001658039,9.222764599067908,6,0.16666666666666666,5.865154829923429,149.87987342383454,144.93215033171535,257,0.06614785992217899,3.815565157955864,50.31623344952544,47.19330977329957,1743,0.9781985083189902,0.1271639252229777,7.925665333950813,4.091282215027948,1183,0.7810650887573964,0.9156679337912712,16.255561029627742,12.72632364909267,0.6725393048095879,"y@t,throughput_2@t,buffer_size_3@t,avg_p_latency_2@t",7.677
g1s_h5_b20,1,5,20,ar,1,32828,10000,2000,0.8685,0.6375011184753332,14.080418756834522,9.864217879556957,1994,0.8706118355065195,0.6239923282569376,13.664930001508546,9.45276103566708,6,0.16666666666666666,5.126922401055495,152.16118177683444,146.605042332292,257,0.007782101167315175,3.962294861241398,52.592870950386676,48.223469538668425,1743,0.9954102122776821,0.1472704862946801,8.401875891807041,4.2082639630958845,1183,0.7819103972950127,0.9555360861652715,17.096283726316585,12.896405705796811,0.673889192954729,"y@t,throughput_2@t,buffer_size_3@t,avg_p_latency_2@t",7.677
g1s_h5_b20,1,5,20,persistence,1,32828,10000,2000,0.8715,3.5505862133968185,12.302359527600162,7.677000000000005,1994,0.8736208625877633,3.491984614450348,11.880315241191049,7.256268806419262,6,0.16666666666666666,23.025850929940457,152.56174404422867,147.5,257,0.0,27.631021115928547,53.312991055247835,48.992217898832685,1743,1.0,0.0,6.255467787723252,1.5851979345955307,1183,0.7869822485207101,5.88589798919188,16.070163547088512,12.23076923076923,0.7301034875282943,"y@t,throughput_2@t,buffer_size_3@t,avg_p_latency_2@t",7.677
g1s_h5_b20,1,5,20,tabpfn,1,32828,10000,2000,0.8285,0.8873000871851869,13.86483816671995,9.311503820593641,1994,0.8304914744232698,0.8818851042785975,13.531084388539018,8.913753706369413,6,0.16666666666666666,2.686879406475084,124.78234378218343,141.4971251144464,257,0.2918287937743191,1.8763306589840056,41.61628910872859,46.19908454902533,1743,0.9076305220883534,0.7414705651242023,9.772971906194297,3.8725432656843224,1183,0.7514792899408284,1.0384549575942574,15.076177194022112,13.575730944799076,0.6322116790925811,"y@t,throughput_2@t,buffer_size_3@t,avg_p_latency_2@t",7.677
g1s_h5_b20,1,5,20,hgb,1,32828,10000,2000,0.856,1.9894525201663578,12.024318662881445,7.563450286572331,1994,0.858074222668004,1.9607960749969795,11.59780407214748,7.13732503458754,6,0.16666666666666666,11.512944464789731,153.76933431680197,149.17907569618458,257,0.17898832684824903,11.342714438459431,48.49969391258401,43.60716118955641,1743,0.9558232931726908,0.6103427594082852,6.646136540578772,2.2489157472338874,1183,0.7945900253592562,2.837862673179873,15.283382978632677,11.124859359306223,0.7005408941506799,"y@t,throughput_2@t,buffer_size_3@t,avg_p_latency_2@t",7.677
g1s_h5_b20,1,5,20,hgb_ctx,1,32828,10000,2000,0.861,1.9203749673765365,12.177905892497172,7.5844058437877555,1994,0.8630892678034102,1.8915106659801075,11.751853449896457,7.155279802859233,6,0.16666666666666666,11.512944464789731,153.76933431680197,150.19729344569987,257,0.14396887159533073,11.82652609224028,51.01640432937844,45.941208520076046,1743,0.9667240390131956,0.4597433901591049,6.451288509663846,1.9288130223270035,1183,0.7971259509721048,2.80282756610135,15.844436842953506,11.590732731480928,0.7099227182916914,"y@t,throughput_2@t,buffer_size_3@t,avg_p_latency_2@t",7.677
g1s_h5_b20,1,5,20,model,2,66010,10000,2000,0.872,0.4624679873531271,12.120256978696544,9.204533063833898,1992,0.8755020080321285,0.4269593998515228,11.44463672713868,8.515098222812288,8,0.0,9.304106275252597,180.34969961660354,180.8738084782155,287,0.1602787456445993,2.5665683780013904,44.07476558452234,42.01910648087429,1713,0.9912434325744308,0.10994211921766209,6.766524363476458,3.7067031918604063,1232,0.8027597402597403,0.6339201737111835,14.012950575662222,11.789648989839135,0.7036657318001805,"y@t,throughput_1@t,data_quality_1@t+h,throughput_2@t",7.762
g1s_h5_b20,1,5,20,ar,2,66010,10000,2000,0.859,0.5737875677286278,13.43919330188689,9.783399597666419,1992,0.8624497991967871,0.5430084204190725,12.75080356081275,9.078223099299779,8,0.0,8.237795247807881,184.84823882934796,185.37234769095988,287,0.03832752613240418,3.142509211717067,48.651625181641954,43.92025251460087,1713,0.9964973730297724,0.14341797530324416,7.5396206518637126,4.064031946084291,1232,0.7784090909090909,0.7834600629911377,15.678583074350716,12.29966334509143,0.691294532029431,"y@t,throughput_1@t,data_quality_1@t+h,throughput_2@t",7.762
g1s_h5_b20,1,5,20,persistence,2,66010,10000,2000,0.8565,3.9650515301357463,12.463677802740772,7.762000000000006,1992,0.8599397590361446,3.8700074755743294,11.771359676894798,7.048694779116471,8,0.0,27.631021115928547,184.85089113838802,185.375,287,0.0,27.631021115928544,49.89148606899188,44.53310104529617,1713,1.0,0.0,6.19293584569812,1.6012842965557577,1232,0.773538961038961,6.2573497494675845,15.15905704806017,11.396915584415584,0.7052197456395178,"y@t,throughput_1@t,data_quality_1@t+h,throughput_2@t",7.762
g1s_h5_b20,1,5,20,tabpfn,2,66010,10000,2000,0.84,0.5069796147825009,13.298489645300624,6.995538681170091,1992,0.8433734939759037,0.4954367611492143,12.716810696232864,6.3664611811029195,8,0.0,3.381150169470852,158.1365479631731,163.63583619789574,287,0.25435540069686413,1.7633238539211415,39.97596988181616,37.27316700914689,1713,0.9381202568593111,0.29648878195541983,8.828882623771168,1.9227544837799337,1232,0.7727272727272727,0.6555895610323151,14.756323588570721,9.7992816399615,0.6789335781947463,"y@t,throughput_1@t,data_quality_1@t+h,throughput_2@t",7.762
g1s_h5_b20,1,5,20,hgb,2,66010,10000,2000,0.8565,1.9825447648873755,11.787376939343565,6.884125075013806,1992,0.8599397590361446,1.9350227376066673,11.070782807769405,6.15984104188382,8,0.0,13.815529557783776,190.21931570130926,187.23084932438027,287,0.1289198606271777,12.034435862157718,43.24399322678011,37.460974743164584,1713,0.9784004670169294,0.29842757579421186,6.517062359954021,1.7612086390772779,1232,0.7832792207792207,2.994127213274422,13.91060663395459,9.64589804361677,0.6960559561238883,"y@t,throughput_1@t,data_quality_1@t+h,throughput_2@t",7.762
g1s_h5_b20,1,5,20,hgb_ctx,2,66010,10000,2000,0.859,1.948005988492465,12.118898617558267,7.194827714788506,1992,0.8624497991967871,1.9003452512663954,11.42520250381487,6.479233629656374,8,0.0,13.815529557783776,184.84923093966432,185.377754912689,287,0.1602787456445993,11.601196855113542,46.1395436673231,40.46137376966602,1713,0.9760653823701109,0.3306879623860724,6.419000702040165,1.6212732969543844,1232,0.7857142857142857,2.960485547954704,14.519458996393077,10.199290690478488,0.7142452869436303,"y@t,throughput_1@t,data_quality_1@t+h,throughput_2@t",7.762
g1s_h5_b20,1,5,20,model,3,98839,10000,2000,0.8655,0.4372700988263948,9.990252015795699,7.147351665455892,1997,0.8668002003004507,0.4240046987081597,9.783133250663289,6.944659908601326,3,0.0,9.267604777531522,147.8623100056029,142.0724978116455,259,0.1891891891891892,2.552400498351037,31.88964470687606,29.617684316080243,1741,0.9661114302125215,0.12261256093042566,6.732387163992246,3.8045508862992543,1145,0.777292576419214,0.6597237870764958,11.474233784777237,9.286762216606066,0.7057340582584226,"y@t,avg_p_latency_1@t,buffer_size_2@t,data_quality_1@t+h",5.66
g1s_h5_b20,1,5,20,ar,3,98839,10000,2000,0.8675,0.5072915070324069,10.65830796292219,7.326399603751622,1997,0.8688032048072108,0.49417902349124865,10.452257332787166,7.124041367960295,3,0.0,9.235834717596747,147.81934408946992,142.02953189551252,259,0.007722007722007722,2.9875980030216702,35.84202913811726,31.134041819697583,1741,0.9954049396898335,0.138308518829524,6.9118497295071855,3.784653863412734,1145,0.7720524017467248,0.748289490444348,12.28041649683609,9.145674789840152,0.6936620012742376,"y@t,avg_p_latency_1@t,buffer_size_2@t,data_quality_1@t+h",5.66
g1s_h5_b20,1,5,20,persistence,3,98839,10000,2000,0.8705,3.5782172345127474,9.947121253735451,5.660000000000004,1997,0.871807711567351,3.5420838285817267,9.736040596339025,5.451176765147725,3,0.0,27.631021115928547,150.45647886062406,144.66666666666666,259,0.0,27.631021115928544,38.96696367950159,34.35521235521235,1741,1.0,0.0,5.629982145020098,1.3911545089029336,1145,0.7764192139737991,6.1777654198058585,12.819554258923564,9.507423580786027,0.739491816453898,"y@t,avg_p_latency_1@t,buffer_size_2@t,data_quality_1@t+h",5.66
g1s_h5_b20,1,5,20,tabpfn,3,98839,10000,2000,0.8715,0.47482143730160414,12.036574015105968,5.207834337242237,1997,0.8728092138207311,0.4708954839060535,11.889931438513194,5.050478333292759,3,0.0,3.0881977476064555,109.65164916702888,109.95448096627838,259,0.2471042471042471,1.8256057483625487,30.21683585606131,27.77298696415926,1741,0.9643882825962091,0.2738719045245883,9.331985952608877,1.8509276569599225,1145,0.7877729257641921,0.6564131384487901,11.587258937935013,8.24410385792283,0.7088550701266781,"y@t,avg_p_latency_1@t,buffer_size_2@t,data_quality_1@t+h",5.66
g1s_h5_b20,1,5,20,hgb,3,98839,10000,2000,0.8485,2.0930688493510896,10.679791557496007,5.750994055404057,1997,0.8497746619929895,2.075458743129108,10.469813172921777,5.5449265004539185,3,0.0,13.815529557783776,150.45540288907532,142.9232964672122,259,0.12355212355212356,12.108593890390507,34.19811315212662,27.89927674535325,1741,0.9563469270534176,0.6031084900005961,7.1810866218214935,2.456103063619541,1145,0.7912663755458516,2.8837805922679407,11.98413382276832,7.994429377188559,0.6835786838885509,"y@t,avg_p_latency_1@t,buffer_size_2@t,data_quality_1@t+h",5.66
g1s_h5_b20,1,5,20,hgb_ctx,3,98839,10000,2000,0.8655,1.8582051698656972,10.650407081496665,6.260150953455141,1997,0.8668002003004507,1.8402422388873525,10.452177174747646,6.0570299519905415,3,0.0,13.815529557783776,142.60544834076086,141.47103092839004,259,0.1969111969111969,11.095100837875753,33.94450570811717,28.601949689234818,1741,0.9649626651349799,0.48407766957011705,7.185058693044794,2.9364715321071015,1145,0.788646288209607,2.919978436524615,12.102140948910572,8.139599069310869,0.6995566094481449,"y@t,avg_p_latency_1@t,buffer_size_2@t,data_quality_1@t+h",5.66
g1s_h5_b20,1,5,20,model,4,131668,10000,2000,0.8825,0.3629442897343722,7.117453475643321,5.472562165538464,1996,0.8832665330661322,0.36048757648383994,7.039513930019285,5.382355983598717,4,0.5,1.5888442017499482,46.009286742037595,50.48544695347189,244,0.1680327868852459,2.154597596669227,20.043627419627636,18.85462588079803,1756,0.9817767653758542,0.11399018558169315,5.321333633768507,3.613095453395335,1098,0.7996357012750456,0.5701432771586066,7.8918258673653785,6.942305314823509,0.7708366283296582,"y@t,throughput_2@t,buffer_size_3@t,avg_p_latency_2@t",3.6955
g1s_h5_b20,1,5,20,ar,4,131668,10000,2000,0.878,0.49044816265049235,9.013447951567818,5.498513177622131,1996,0.8787575150300602,0.48706187906699727,8.93698785837038,5.406038866017117,4,0.5,2.1802036708145383,47.167034457090075,51.64319466852436,244,0.0,2.986324470824356,26.587241267762035,20.071272889550798,1756,1.0,0.14364074853066156,6.571531340433772,3.473596680064846,1098,0.7795992714025501,0.7586155418517229,10.080176657991784,6.634657725118439,0.7659496110175145,"y@t,throughput_2@t,buffer_size_3@t,avg_p_latency_2@t",3.6955
g1s_h5_b20,1,5,20,persistence,4,131668,10000,2000,0.878,3.3709845761432824,8.210834551226688,3.695500000000009,1996,0.8787575150300602,3.3500536623520585,8.130547967584725,3.5971943887775644,4,0.5,13.815510557964274,48.27383978856571,52.749999999999986,244,0.0,27.631021115928544,28.176568039348606,21.12704918032787,1756,1.0,0.0,5.436552677022958,1.2733485193621972,1098,0.7795992714025501,6.089897185842175,10.126137248106579,6.539162112932605,0.7659496110175145,"y@t,throughput_2@t,buffer_size_3@t,avg_p_latency_2@t",3.6955
g1s_h5_b20,1,5,20,tabpfn,4,131668,10000,2000,0.894,0.318213268378778,7.242094706868855,2.8088796936027913,1996,0.8947895791583166,0.3162077449513378,7.174545029479587,2.7425044633439253,4,0.5,1.318969458671475,40.949383724112835,35.930119592777146,244,0.3442622950819672,1.4383623111426405,16.578551966945138,14.17705978508974,1756,0.9703872437357631,0.16256613487400443,5.944773766402673,1.2292464690453795,1098,0.8278688524590164,0.4761391173761957,7.6973006362684755,4.695882912536769,0.7884363470314599,"y@t,throughput_2@t,buffer_size_3@t,avg_p_latency_2@t",3.6955
g1s_h5_b20,1,5,20,hgb,4,131668,10000,2000,0.8835,1.60952597982234,8.431442425062343,3.9065832753459158,1996,0.8842685370741483,1.5989082477602576,8.351598874169454,3.8116519247128218,4,0.5,6.907774278801639,48.27337432061386,51.27732724125987,244,0.20081967213114754,11.041103257208984,26.91852857011448,19.570244035160098,1756,0.9783599088838268,0.2989879071103006,5.862621798984485,1.7300837164651302,1098,0.802367941712204,2.7304067876867584,10.478829085355127,6.599649050345766,0.7639065734498015,"y@t,throughput_2@t,buffer_size_3@t,avg_p_latency_2@t",3.6955
g1s_h5_b20,1,5,20,hgb_ctx,4,131668,10000,2000,0.8895,1.5266329164745545,7.895770466571528,3.2940021648506934,1996,0.8902805611222445,1.5158490660490493,7.814853424779859,3.1977425429585344,4,0.5,6.907774278801639,48.27337432061386,51.32755348903814,244,0.20901639344262296,10.927861367389603,25.06206839874591,17.884705938336218,1756,0.9840546697038725,0.2203118788758799,5.51047622087076,1.26659230110897,1098,0.8087431693989071,2.642329762271686,9.555480997910054,5.693031714665088,0.7983597906012809,"y@t,throughput_2@t,buffer_size_3@t,avg_p_latency_2@t",3.6955
g1s_h5_b20,1,5,20,model,5,164850,10000,2000,0.902,0.36204092474982735,9.26923595033513,7.263219579201062,1993,0.9051680883090818,0.33146707135916953,8.954059384483736,6.936239220912858,7,0.0,9.066853754404272,99.00450677059527,100.35919873182786,225,0.26666666666666666,2.3797589438216287,36.13880888894144,35.82487004274752,1775,0.9825352112676057,0.1062738519097399,5.86323374684982,3.6427286753712287,1153,0.8447528187337381,0.5097775057998534,10.701150674703273,9.691570564629396,0.7539012582209342,"y@t,buffer_size_3@t,buffer_size_2@t,throughput_2@t",6.1085
g1s_h5_b20,1,5,20,ar,5,164850,10000,2000,0.8875,0.5059184196786042,11.72566508550947,8.066993032112563,1993,0.8906171600602107,0.48205832411847005,11.423103415531154,7.746822958670923,7,0.0,7.299228484156812,97.86929483790718,99.22398679913981,225,0.0,3.327712405413201,44.935896259640245,39.380380480216225,1775,1.0,0.14822622430379626,7.515917471887261,4.097690397845904,1153,0.810928013876843,0.7254397186318446,13.876595877639389,10.400144378653785,0.7425524220595254,"y@t,buffer_size_3@t,buffer_size_2@t,throughput_2@t",6.1085
g1s_h5_b20,1,5,20,persistence,5,164850,10000,2000,0.8875,3.1084898755419617,10.649914822011272,6.10850000000001,1993,0.8906171600602107,3.0223595600965494,10.341852728425076,5.779729051680894,7,0.0,27.631021115928547,98.3595937530531,99.71428571428574,225,0.0,27.631021115928547,48.137974448365924,43.00888888888889,1775,1.0,0.0,5.897907263740964,1.4309859154929696,1153,0.810928013876843,5.2242520409995,13.536197271364149,9.990459670424979,0.7425524220595254,"y@t,buffer_size_3@t,buffer_size_2@t,throughput_2@t",6.1085
g1s_h5_b20,1,5,20,tabpfn,5,164850,10000,2000,0.911,0.3032646150283584,8.367340608674638,4.7423442622860685,1993,0.9141996989463121,0.29273886267659344,8.107589298265003,4.432750147849056,7,0.0,3.300096677466578,82.32224941530374,92.88821141556711,225,0.3333333333333333,1.815764344890337,32.871730354342624,32.50844003858593,1775,0.984225352112676,0.11153929715853007,5.261150359223767,1.2226983188114382,1153,0.8612315698178664,0.4462529675604603,9.955248692018868,7.4019242420687545,0.8066022672909199,"y@t,buffer_size_3@t,buffer_size_2@t,throughput_2@t",6.1085
g1s_h5_b20,1,5,20,hgb,5,164850,10000,2000,0.896,1.4368320978477866,10.135164483828476,5.386423362088179,1993,0.8991470145509283,1.3933544850933703,9.858337902847222,5.093977143683672,7,0.0,13.815529557783776,88.9516467546341,88.65003954497148,225,0.18666666666666668,11.236634253630445,42.69115778995432,36.74537325682623,1775,0.9859154929577465,0.1946036555654776,6.008348430939283,1.4113452064171592,1153,0.8352124891587164,2.2766425956679086,12.581203026500503,8.598172622275914,0.7469055627164211,"y@t,buffer_size_3@t,buffer_size_2@t,throughput_2@t",6.1085
g1s_h5_b20,1,5,20,hgb_ctx,5,164850,10000,2000,0.891,1.5059096506376082,10.279250165596626,5.5481768375625835,1993,0.8941294530858003,1.4626746584900803,9.959486358078882,5.215941155388575,7,0.0,13.815529557783776,101.32057422029114,100.14042177653404,225,0.2577777777777778,10.254197947286318,43.88534401432478,38.592117904482016,1775,0.9712676056338028,0.39697169754129236,6.019322776321226,1.3595082516150494,1153,0.8378143972246314,2.240695907312407,12.795974121547337,8.855098348925468,0.7363388211548533,"y@t,buffer_size_3@t,buffer_size_2@t,throughput_2@t",6.1085
g30s_h1_b20,30,1,20,model,1,929,929,940,0.7893617021276595,1.027498243864572,23.22913882022599,22.72397807690254,846,0.8628841607565012,0.5923336702763149,13.079014993390713,12.588813191923919,94,0.1276595744680851,4.943979406158887,114.58025326174352,113.94046204171019,193,0.0,4.239560841036188,73.95584650574565,72.6851654343661,747,0.9933065595716198,0.19760790751367238,10.123041653819973,9.815665948401248,795,0.8540880503144654,0.616018182157715,12.10264786480727,11.534732080103002,0.6019491778837185,"y@t,data_quality_1@t+h,throughput_2@t,data_quality_1@t",17.55039007092199
g30s_h1_b20,30,1,20,ar,1,929,929,940,0.7893617021276595,1.065724886075879,26.13936151880388,26.05034153427163,846,0.8628841607565012,0.624431271573059,16.04293342032114,16.01729237842663,94,0.1276595744680851,5.037367416601257,117.00721440514857,116.34778393687665,193,0.0,4.277631632337839,76.3936817571835,75.2576953661106,747,0.9933065595716198,0.23587481642586788,13.15531358572856,13.336794961922337,795,0.8540880503144654,0.652025980085654,15.488392888628074,15.400711734792669,0.6019491778837185,"y@t,data_quality_1@t+h,throughput_2@t,data_quality_1@t",17.55039007092199
g30s_h1_b20,30,1,20,persistence,1,929,929,940,0.7946808510638298,5.673177739759798,20.50596101496628,17.55039007092199,846,0.8687943262411347,3.625346742160837,9.262603518409952,6.065208825847128,94,0.1276595744680851,24.10365671815043,121.69617848397326,120.91702127659573,193,0.0,27.631021115928547,79.75206112521249,76.3203799654577,747,1.0,0.0,5.198735685277504,2.36617581436859,795,0.8603773584905661,3.857916155808891,9.736582000159439,6.454297693920337,0.6117906916259294,"y@t,data_quality_1@t+h,throughput_2@t,data_quality_1@t",17.55039007092199
g30s_h1_b20,30,1,20,tabpfn,1,929,929,940,0.7297872340425532,0.9988474361639559,28.31325820902475,19.9475690950822,846,0.7813238770685579,0.8707680962040988,23.78338435658149,15.29033401202103,94,0.26595744680851063,2.1515614958026714,69.0821228810141,61.86268484263273,193,0.21243523316062177,2.001260810111723,48.36426257893148,42.236934562708214,747,0.8634538152610441,0.7398570999231006,23.13274436244911,14.188737053245756,795,0.7735849056603774,0.86648773619856,20.014079270582386,11.948037302660966,0.5959049878956857,"y@t,data_quality_1@t+h,throughput_2@t,data_quality_1@t",17.55039007092199
g30s_h1_b20,30,1,20,hgb,1,929,929,940,0.7829787234042553,2.9982787379308977,16.75338069829542,14.289213100985403,846,0.8451536643026005,2.1393001855090055,9.455817449335692,6.595058964815518,94,0.22340425531914893,10.729085709727928,82.43144993893296,83.53660032651437,193,0.13471502590673576,11.954372695052838,59.72124516938425,57.45236996101028,747,0.9504685408299867,0.6843213969341984,5.651911029058277,3.137286362049925,795,0.8377358490566038,2.2417810903571014,9.94579849355879,6.962178063507439,0.5984101097195423,"y@t,data_quality_1@t+h,throughput_2@t,data_quality_1@t",17.55039007092199
g30s_h1_b20,30,1,20,hgb_ctx,1,929,929,940,0.7829787234042553,2.9982787379308977,16.75338069829542,14.289213100985403,846,0.8451536643026005,2.1393001855090055,9.455817449335692,6.595058964815518,94,0.22340425531914893,10.729085709727928,82.43144993893296,83.53660032651437,193,0.13471502590673576,11.954372695052838,59.72124516938425,57.45236996101028,747,0.9504685408299867,0.6843213969341984,5.651911029058277,3.137286362049925,795,0.8377358490566038,2.2417810903571014,9.94579849355879,6.962178063507439,0.5984101097195423,"y@t,data_quality_1@t+h,throughput_2@t,data_quality_1@t",17.55039007092199
g30s_h1_b20,30,1,20,model,2,1869,1869,930,0.7978494623655914,0.9478621985275724,23.39595396445347,22.671417149610352,837,0.8745519713261649,0.5250032897647857,12.9953143063791,12.142509821966991,93,0.10752688172043011,4.753592377392652,117.00171088712283,117.43158309840067,183,0.00546448087431694,3.9835232307385477,77.5346958746972,76.23345157724849,747,0.9919678714859438,0.20418620268472298,10.133049319775283,9.549794257699007,823,0.8724179829890644,0.5312724354812643,12.923421757687517,12.04504262606467,0.5244338927483494,"y@t,data_quality_1@t+h,rps@t+h",17.59401433691756
g30s_h1_b20,30,1,20,ar,2,1869,1869,930,0.7978494623655914,1.0108809604334115,25.39942259982754,24.944250803214505,837,0.8745519713261649,0.5860449252404838,14.893371154044333,14.347388892445887,93,0.10752688172043011,4.834405277169762,119.9538856118764,120.31600800013202,183,0.00546448087431694,4.170139474115243,79.89901899484836,78.66007717886868,747,0.9919678714859438,0.2369260635073406,12.048115852452957,11.784951972230953,823,0.8724179829890644,0.5935764439615644,14.904823770587504,14.33081597222638,0.5244338927483494,"y@t,data_quality_1@t+h,rps@t+h",17.59401433691756
g30s_h1_b20,30,1,20,persistence,2,1869,1869,930,0.8032258064516129,5.4370718970052945,20.9148665918186,17.594014336917564,837,0.8805256869772998,3.301197265941284,9.28368463590289,5.596853843090403,93,0.10752688172043011,24.659943576581387,125.59550419505999,125.56845878136197,183,0.0,27.63102111592854,82.91408642017653,80.32969034608378,747,1.0,0.0,5.7263026981244876,2.225033467202143,823,0.8784933171324423,3.357353720039921,9.373656732027863,5.6920615633859875,0.5642935255181877,"y@t,data_quality_1@t+h,rps@t+h",17.59401433691756
g30s_h1_b20,30,1,20,tabpfn,2,1869,1869,930,0.8064516129032258,0.6392175306691849,16.9485864609436,12.337988633357782,837,0.8685782556750299,0.4771220393039181,11.321724512518388,6.818199727551088,93,0.24731182795698925,2.098076952956585,67.59034399677049,62.01608878561804,183,0.2568306010928962,1.8224545844170632,45.048740573509676,41.80041219948749,747,0.9410977242302544,0.3493482122811504,10.06461296348765,5.120286474587051,823,0.8663426488456865,0.47830094719520944,10.926901877753565,6.749679869201403,0.5436180310314996,"y@t,data_quality_1@t+h,rps@t+h",17.59401433691756
g30s_h1_b20,30,1,20,hgb,2,1869,1869,930,0.7913978494623656,2.881964212986244,15.7840393648044,12.487827495085616,837,0.8566308243727598,1.980737359384273,9.093342529093151,5.402645289094886,93,0.20430107526881722,10.993005895403979,76.00031088620564,76.25446734900218,183,0.20765027322404372,10.946735015692834,54.73887351499726,52.51787264634742,747,0.9344042838018741,0.9062573095119376,6.240887223592492,2.681270249194169,823,0.8554070473876063,1.9976444632432555,9.18360001030042,5.486137600819093,0.5319096716617471,"y@t,data_quality_1@t+h,rps@t+h",17.59401433691756
g30s_h1_b20,30,1,20,hgb_ctx,2,1869,1869,930,0.7913978494623656,2.881964212986244,15.7840393648044,12.487827495085616,837,0.8566308243727598,1.980737359384273,9.093342529093151,5.402645289094886,93,0.20430107526881722,10.993005895403979,76.00031088620564,76.25446734900218,183,0.20765027322404372,10.946735015692834,54.73887351499726,52.51787264634742,747,0.9344042838018741,0.9062573095119376,6.240887223592492,2.681270249194169,823,0.8554070473876063,1.9976444632432555,9.18360001030042,5.486137600819093,0.5319096716617471,"y@t,data_quality_1@t+h,rps@t+h",17.59401433691756
g30s_h1_b20,30,1,20,model,3,2799,2799,930,0.8021505376344086,0.8610859839335143,23.4420789047508,20.960049090784445,837,0.8733572281959379,0.5032747202772291,10.546427543428944,7.845953220109561,93,0.16129032258064516,4.081387356840082,139.5029411566475,138.9869119268584,186,0.010752688172043012,3.826059256363203,89.55901759728185,86.75135430033184,744,1.0,0.11984266582609233,6.912844231618035,4.512222788397595,796,0.8668341708542714,0.5217065605451605,10.139771569544328,7.366996165672932,0.5216788781415976,"y@t,data_quality_1@t+h,data_quality_1@t",20.650465949820788
g30s_h1_b20,30,1,20,ar,3,2799,2799,930,0.8,0.9395847616212782,27.048195645125556,27.004510102251412,837,0.8709677419354839,0.5694439542006007,13.96335223382172,13.95989486604473,93,0.16129032258064516,4.270852028407376,144.81178634686006,144.4060472281116,186,0.0,3.932919180182712,92.8157413762134,91.1207431723584,744,1.0,0.19125115698091966,10.606309212353597,10.975451834724666,796,0.864321608040201,0.5897928963244546,13.572539982441814,13.5782402034393,0.5195805093098192,"y@t,data_quality_1@t+h,data_quality_1@t",20.650465949820788
g30s_h1_b20,30,1,20,persistence,3,2799,2799,930,0.8,5.526204223185709,23.75798194290606,20.650465949820788,837,0.8709677419354839,3.5652930472165867,9.65045432862813,6.254400637196337,93,0.16129032258064516,23.174404806907813,150.72573047140742,150.2150537634409,186,0.0,27.631021115928547,98.07787511580146,94.72025089605735,744,1.0,0.0,5.178008649682207,2.1330197132616493,796,0.864321608040201,3.748932513216436,10.038957635272244,6.576549413735344,0.5205324652818555,"y@t,data_quality_1@t+h,data_quality_1@t",20.650465949820788
g30s_h1_b20,30,1,20,tabpfn,3,2799,2799,930,0.8139784946236559,0.5735076419765424,16.29471136601372,11.002760967325365,837,0.8637992831541219,0.4258038923966874,10.657875551650626,6.023638499186381,93,0.3655913978494624,1.9028413881952366,67.02623369528156,55.81486318057622,186,0.26881720430107525,1.7562864620945164,42.283049051865376,36.10969490579521,744,0.9502688172043011,0.2778129369470488,9.797626944550805,4.726027482707905,796,0.8580402010050251,0.43013062153075904,9.804064245554484,6.001656882316107,0.5848517540399598,"y@t,data_quality_1@t+h,data_quality_1@t",20.650465949820788
g30s_h1_b20,30,1,20,hgb,3,2799,2799,930,0.7795698924731183,3.045373477650337,15.804991812954732,12.948213079187592,837,0.8470728793309439,2.112785250021924,9.452181964860575,6.280415280735564,93,0.17204301075268819,11.438667526306052,72.9802804458022,72.95839326525584,186,0.1989247311827957,11.067282833887656,49.73983538891083,47.94537968240322,744,0.9247311827956989,1.0398961385910068,7.32128091896571,4.198921428383684,796,0.8505025125628141,2.065403115897076,8.931222967861729,5.588042849353538,0.5002079840437222,"y@t,data_quality_1@t+h,data_quality_1@t",20.650465949820788
g30s_h1_b20,30,1,20,hgb_ctx,3,2799,2799,930,0.7795698924731183,3.045373477650337,15.804991812954732,12.948213079187592,837,0.8470728793309439,2.112785250021924,9.452181964860575,6.280415280735564,93,0.17204301075268819,11.438667526306052,72.9802804458022,72.95839326525584,186,0.1989247311827957,11.067282833887656,49.73983538891083,47.94537968240322,744,0.9247311827956989,1.0398961385910068,7.32128091896571,4.198921428383684,796,0.8505025125628141,2.065403115897076,8.931222967861729,5.588042849353538,0.5002079840437222,"y@t,data_quality_1@t+h,data_quality_1@t",20.650465949820788
g30s_h1_b20,30,1,20,model,4,3729,3729,940,0.8446808510638298,0.7673300908729853,19.488124502079614,16.725565748244733,846,0.91725768321513,0.40996483570049363,10.385652723165263,7.509106241940387,94,0.19148936170212766,3.9836173874254093,101.4103705123088,99.67370130498384,149,0.020134228187919462,4.003585944573908,82.71263331050231,78.81329746540156,791,1.0,0.15771931691415153,7.578577330834378,5.030152314797998,819,0.9145299145299145,0.4190562719579356,10.150620812415115,7.241488616634161,0.7063909515643226,"y@t,data_quality_1@t+h,data_quality_1@t",15.70595744680851
g30s_h1_b20,30,1,20,ar,4,3729,3729,940,0.8414893617021276,0.8433483957345499,24.392696699547606,23.753877355591268,846,0.9137115839243499,0.48113085210811146,15.220001995999237,14.652240344805136,94,0.19148936170212766,4.103306288372496,106.94694903148294,105.66861045266643,149,0.0,4.072172409045156,86.80854951432832,83.37220786565899,791,1.0,0.2351375512550552,12.635475372869571,12.523622935869282,819,0.9108669108669109,0.49095662151641095,14.893498973743373,14.324343124352412,0.7004972458603702,"y@t,data_quality_1@t+h,data_quality_1@t",15.70595744680851
g30s_h1_b20,30,1,20,persistence,4,3729,3729,940,0.8414893617021276,4.379810793907823,19.170009054743776,15.70595744680851,846,0.9137115839243499,2.3842370466463167,8.744738318950992,5.0401103230890465,94,0.19148936170212766,22.339974519261375,112.99744567687887,111.6985815602837,149,0.0,27.631021115928547,91.46640517840362,87.49910514541386,791,1.0,0.0,5.551598154079654,2.1823430257058583,819,0.9108669108669109,2.462838267964327,8.968418881423457,5.206267806267805,0.7004972458603702,"y@t,data_quality_1@t+h,data_quality_1@t",15.70595744680851
g30s_h1_b20,30,1,20,tabpfn,4,3729,3729,940,0.8712765957446809,0.4328527775118089,13.542345141459393,7.80605181487359,846,0.9278959810874704,0.28989265611243836,9.309332030008603,4.145301385900694,94,0.3617021276595745,1.7194938701061433,51.63946314451647,40.752805675629645,149,0.31543624161073824,1.6618487417802645,40.00366487362427,31.229456032068256,791,0.9759797724399494,0.20134784871787725,8.557848757018725,3.3938050027850877,819,0.9255189255189256,0.291326626741366,8.839396512787301,3.9035324997991316,0.7353278511331873,"y@t,data_quality_1@t+h,data_quality_1@t",15.70595744680851
g30s_h1_b20,30,1,20,hgb,4,3729,3729,940,0.8287234042553191,2.366292616662319,12.97118277010284,10.043501424206886,846,0.8936170212765957,1.4697541655603825,8.753855499041505,5.519634693223311,94,0.24468085106382978,10.435138676579752,50.927128209654825,50.75830200305906,149,0.2348993288590604,10.570275399872706,42.93568784934639,41.353296354064256,791,0.9405815423514539,0.8209153288009443,7.326794329132812,4.145701873576356,819,0.8925518925518926,1.4844694627021102,8.662571900589983,5.35005002507321,0.582784541166366,"y@t,data_quality_1@t+h,data_quality_1@t",15.70595744680851
g30s_h1_b20,30,1,20,hgb_ctx,4,3729,3729,940,0.8287234042553191,2.366292616662319,12.97118277010284,10.043501424206886,846,0.8936170212765957,1.4697541655603825,8.753855499041505,5.519634693223311,94,0.24468085106382978,10.435138676579752,50.927128209654825,50.75830200305906,149,0.2348993288590604,10.570275399872706,42.93568784934639,41.353296354064256,791,0.9405815423514539,0.8209153288009443,7.326794329132812,4.145701873576356,819,0.8925518925518926,1.4844694627021102,8.662571900589983,5.35005002507321,0.582784541166366,"y@t,data_quality_1@t+h,data_quality_1@t",15.70595744680851
g30s_h1_b20,30,1,20,model,5,4669,4669,930,0.8419354838709677,0.6993900643913695,19.73860975178574,18.613436947551424,837,0.910394265232975,0.36611968712206233,10.539890894201275,9.242584198342584,93,0.22580645161290322,3.698823459815135,102.527079470046,102.95111169043095,154,0.05194805194805195,3.5613356384759585,79.64831052732157,77.83141934230714,776,0.9987113402061856,0.13142663860654138,7.849313463857247,6.861414668179795,811,0.9075215782983971,0.37281067495736064,10.233810289139907,8.90268809628148,0.6959210305365626,"y@t,rps@t+h,data_quality_1@t+h",16.11440860215054
g30s_h1_b20,30,1,20,ar,5,4669,4669,930,0.8354838709677419,0.8009199116390672,22.64882223793237,22.287628233534758,837,0.9032258064516129,0.46456723182212434,13.213484224472479,12.784118098474378,93,0.22580645161290322,3.8280940299915516,107.5668643590714,107.81921944907815,154,0.006493506493506494,3.806577482777956,83.76452576431691,81.86439701048606,776,1.0,0.20443632149037017,10.520190352541626,10.464403502026379,811,0.9001233045622689,0.47410552810067963,12.97751022321263,12.530614915175072,0.6754912819606533,"y@t,rps@t+h,data_quality_1@t+h",16.11440860215054
g30s_h1_b20,30,1,20,persistence,5,4669,4669,930,0.8344086021505376,4.575459410594619,19.053420657375295,16.11440860215054,837,0.9020310633213859,2.706981758071853,8.738927688866493,5.440223018717643,93,0.22580645161290322,21.391758283299517,111.88385737395448,112.18207885304659,154,0.0,27.631021115928547,89.85042038033755,86.62294372294373,776,1.0,0.0,5.003500609261652,2.121735395189004,811,0.8988902589395807,2.793765390266512,8.917136178907544,5.614632141389232,0.6752952940970693,"y@t,rps@t+h,data_quality_1@t+h",16.11440860215054
g30s_h1_b20,30,1,20,tabpfn,5,4669,4669,930,0.8741935483870967,0.41402830203856983,11.97677161659664,7.866272819583905,837,0.9283154121863799,0.2753525636408373,7.649185596037162,3.580120131995302,93,0.3870967741935484,1.6621099476181629,50.92504580163192,46.44164700788135,154,0.3116883116883117,1.6672847221498832,39.66284447043325,35.80406898935957,776,0.9858247422680413,0.165315043408232,6.482370560551743,2.321916363210901,811,0.9260172626387176,0.2808659408985676,7.519533530792067,3.5982184080157036,0.6836963372113041,"y@t,rps@t+h,data_quality_1@t+h",16.11440860215054
g30s_h1_b20,30,1,20,hgb,5,4669,4669,930,0.8344086021505376,2.287748705116812,13.180768302515885,10.310529533454602,837,0.9008363201911589,1.370015865185135,7.828280783839299,4.547898699763574,93,0.23655913978494625,10.547344264501906,61.35315597060514,62.17420703667387,154,0.16233766233766234,11.572751869802563,51.8564532220493,50.072257903577565,776,0.9677835051546392,0.4451063244961861,5.505439078794047,2.419671068249788,811,0.8976572133168927,1.4139368497714566,7.97721601952709,4.681693161865135,0.5991925701235881,"y@t,rps@t+h,data_quality_1@t+h",16.11440860215054
g30s_h1_b20,30,1,20,hgb_ctx,5,4669,4669,930,0.8344086021505376,2.287748705116812,13.180768302515885,10.310529533454602,837,0.9008363201911589,1.370015865185135,7.828280783839299,4.547898699763574,93,0.23655913978494625,10.547344264501906,61.35315597060514,62.17420703667387,154,0.16233766233766234,11.572751869802563,51.8564532220493,50.072257903577565,776,0.9677835051546392,0.4451063244961861,5.505439078794047,2.419671068249788,811,0.8976572133168927,1.4139368497714566,7.97721601952709,4.681693161865135,0.5991925701235881,"y@t,rps@t+h,data_quality_1@t+h",16.11440860215054
g30s_h1_b4,30,1,4,model,1,929,929,940,0.9180851063829787,0.3511574604096731,37.81895323245,22.838029609292082,846,0.9680851063829787,0.1662105811030887,28.966610169175045,12.380368618276774,94,0.46808510638297873,2.0156793741689327,117.49004080192464,116.95697852842984,77,0.0,3.4879249296416943,160.14753865332855,147.50055020239486,863,1.0,0.07128365376904088,26.904351752255742,11.71518594107781,795,0.9660377358490566,0.16464444906212186,27.021583049089624,10.762669391018724,0.8925845433666091,"y@t,cores_1@t,cores_1@t+h,throughput_2@t",17.55039007092199
g30s_h1_b4,30,1,4,ar,1,929,929,940,0.9180851063829787,0.3547159137955465,38.28733478229033,25.863734633358625,846,0.9680851063829787,0.1805872353226761,29.592859312111187,15.807498925491753,94,0.46808510638297873,1.9218740200513806,116.53761401390258,116.36985600416048,77,0.0,3.321121564256331,159.74828311200935,146.8855614520283,863,1.0,0.09004240848212779,27.45014704024124,15.065726910256,795,0.9660377358490566,0.17956005565920066,27.4560498611714,14.14338248056467,0.8925845433666091,"y@t,cores_1@t,cores_1@t+h,throughput_2@t",17.55039007092199
g30s_h1_b4,30,1,4,persistence,1,929,929,940,0.9180851063829787,2.2633921552409553,36.57957324113367,17.55039007092199,846,0.9680851063829787,0.8818410994445282,27.21353634070658,6.065208825847126,94,0.46808510638297873,14.697351657408799,120.87390534497754,120.91702127659575,77,0.0,27.63102111592854,173.74615996429796,159.3705627705628,863,1.0,0.0,24.341071297120173,4.896678254152184,795,0.9660377358490566,0.9384120378994601,27.48094282125737,6.454297693920336,0.8925845433666091,"y@t,cores_1@t,cores_1@t+h,throughput_2@t",17.55039007092199
g30s_h1_b4,30,1,4,tabpfn,1,929,929,940,0.9042553191489362,0.3035014843887861,33.8823286842648,19.9475690950822,846,0.9290780141843972,0.25604630953957547,30.058446834761952,15.29033401202103,94,0.6808510638297872,0.7305980580316812,68.29726532979035,61.86268484263273,77,0.4935064935064935,1.038131738979286,80.02890322181058,71.41806995389764,863,0.9409038238702202,0.23795510014374732,29.764963401077047,15.355183734562168,795,0.9421383647798742,0.23851838182832302,26.11944381470744,11.948037302660966,0.8215340472335074,"y@t,cores_1@t,cores_1@t+h,throughput_2@t",17.55039007092199
g30s_h1_b4,30,1,4,hgb,1,929,929,940,0.9329787234042554,0.9259361544122543,33.20677909908488,14.289213100985403,846,0.9633569739952719,0.5062451126395807,27.3789489566513,6.595058964815518,94,0.6595744680851063,4.703155530366317,85.65725038098714,83.53660032651437,77,0.2727272727272727,10.047647042151334,128.02420740624265,117.54025651106772,863,0.9918887601390498,0.11206391993263756,24.74682315510905,5.076779332067286,795,0.9610062893081761,0.5387210217525973,27.6569257792465,6.962178063507439,0.9040103575689549,"y@t,cores_1@t,cores_1@t+h,throughput_2@t",17.55039007092199
g30s_h1_b4,30,1,4,hgb_ctx,1,929,929,940,0.9329787234042554,0.9259361544122543,33.20677909908488,14.289213100985403,846,0.9633569739952719,0.5062451126395807,27.3789489566513,6.595058964815518,94,0.6595744680851063,4.703155530366317,85.65725038098714,83.53660032651437,77,0.2727272727272727,10.047647042151334,128.02420740624265,117.54025651106772,863,0.9918887601390498,0.11206391993263756,24.74682315510905,5.076779332067286,795,0.9610062893081761,0.5387210217525973,27.6569257792465,6.962178063507439,0.9040103575689549,"y@t,cores_1@t,cores_1@t+h,throughput_2@t",17.55039007092199
g30s_h1_b4,30,1,4,tabpfn_clf,1,929,929,940,0.8914893617021277,0.3655974476423568,38.62230502189138,37.65995160423882,846,0.9066193853427896,0.33612882332518484,35.57939124467399,34.079689122571686,94,0.7553191489361702,0.6308150664969047,66.00852901684789,69.88231393924299,77,0.5974025974025974,0.847733925059781,67.56009653871439,71.64960700935931,863,0.9177288528389339,0.3225794768878474,36.040369973461054,34.627270878637106,795,0.9132075471698113,0.31499209588472077,30.383409967537393,30.137663973345386,0.8233205774952939,"y@t,cores_1@t,cores_1@t+h,throughput_2@t",17.55039007092199
g30s_h1_b4,30,1,4,model,2,1869,1869,930,0.9172043010752688,0.2721017900328178,35.02494853304285,20.271563702396687,837,0.9689366786140979,0.11951198729853402,26.860314755389304,10.631727039533931,93,0.45161290322580644,1.645410014641372,108.5066525319248,107.03009366816144,77,0.0,2.738663659040107,146.81781755914366,131.48778781425838,853,1.0,0.04944614652336738,24.933446874180294,10.232115570376347,823,0.968408262454435,0.11994398346396858,26.64145171247762,10.435126883280098,0.8724809711111081,"y@t,data_quality_1@t+h,rps@t+h,throughput_2@t",17.59401433691756
g30s_h1_b4,30,1,4,ar,2,1869,1869,930,0.9172043010752688,0.3495706893783996,38.3836643625787,24.60869300700433,837,0.9689366786140979,0.1692188311479948,28.944230289797638,13.969133372741071,93,0.45161290322580644,1.9727374134520412,123.33857101760822,120.36472971537368,77,0.0,3.3149088291988225,167.45354709301498,148.40346860095977,853,1.0,0.08189069316952195,26.732572955493588,13.433783604032973,823,0.968408262454435,0.17039383301656333,28.76451198079862,13.828137125469048,0.8724809711111081,"y@t,data_quality_1@t+h,rps@t+h,throughput_2@t",17.59401433691756
g30s_h1_b4,30,1,4,persistence,2,1869,1869,930,0.9172043010752688,2.2877297052973096,37.960934885669914,17.59401433691756,837,0.9689366786140979,0.8583112891447339,27.932951009125468,5.596853843090402,93,0.45161290322580644,15.152495450670495,128.21278977456984,125.56845878136197,77,0.0,27.63102111592854,180.284588066791,159.7320346320346,853,1.0,0.0,25.11343043672931,4.763266901133256,823,0.968408262454435,0.8729119672103793,28.08480017533709,5.6920615633859875,0.8724809711111081,"y@t,data_quality_1@t+h,rps@t+h,throughput_2@t",17.59401433691756
g30s_h1_b4,30,1,4,tabpfn,2,1869,1869,930,0.9311827956989247,0.17965727493911157,29.247415540579226,12.337988633357782,837,0.959378733572282,0.11945774226583929,24.869622813001158,6.818199727551088,93,0.6774193548387096,0.7214530689985621,68.64755008878187,62.01608878561804,77,0.5194805194805194,0.9722320624296362,74.7986472411606,68.52851543297726,853,0.9683470105509965,0.10811183691241708,25.13552240934269,7.265690200097876,823,0.9586877278250304,0.11863031722074856,24.541756332357448,6.749679869201403,0.8818437761932731,"y@t,data_quality_1@t+h,rps@t+h,throughput_2@t",17.59401433691756
g30s_h1_b4,30,1,4,hgb,2,1869,1869,930,0.943010752688172,0.787338547922496,32.45616682366026,12.487827495085616,837,0.974910394265233,0.34662871291933467,27.382223678689343,5.402645289094886,93,0.6559139784946236,4.75372706295095,78.12165512839854,76.25446734900218,77,0.36363636363636365,8.791691536881855,110.31033511310784,100.66266535779847,853,0.9953106682297772,0.06478851257680936,25.428299346183753,4.528316926001336,823,0.9744835965978129,0.3525251405996915,27.52469614499978,5.486137600819093,0.9021838339657092,"y@t,data_quality_1@t+h,rps@t+h,throughput_2@t",17.59401433691756
g30s_h1_b4,30,1,4,hgb_ctx,2,1869,1869,930,0.943010752688172,0.787338547922496,32.45616682366026,12.487827495085616,837,0.974910394265233,0.34662871291933467,27.382223678689343,5.402645289094886,93,0.6559139784946236,4.75372706295095,78.12165512839854,76.25446734900218,77,0.36363636363636365,8.791691536881855,110.31033511310784,100.66266535779847,853,0.9953106682297772,0.06478851257680936,25.428299346183753,4.528316926001336,823,0.9744835965978129,0.3525251405996915,27.52469614499978,5.486137600819093,0.9021838339657092,"y@t,data_quality_1@t+h,rps@t+h,throughput_2@t",17.59401433691756
g30s_h1_b4,30,1,4,tabpfn_clf,2,1869,1869,930,0.9333333333333333,0.22916298597183732,30.48586546816412,24.005330787934128,837,0.9498207885304659,0.18555678798601366,27.922691454072496,20.053938173971964,93,0.7849462365591398,0.6216187678442502,53.55443159498875,59.56786431359362,77,0.7012987012987013,0.8121405486093187,49.78514715669277,62.9436095477422,853,0.9542790152403282,0.17653781326013032,28.74372632394758,20.490386515360598,823,0.9489671931956257,0.18574608062957707,27.528965578860525,19.825184376482056,0.907738876794304,"y@t,data_quality_1@t+h,rps@t+h,throughput_2@t",17.59401433691756
g30s_h1_b4,30,1,4,model,3,2799,2799,930,0.9086021505376344,0.3028966210224183,36.94025566095334,20.387374096739677,837,0.9689366786140979,0.1305946500925484,26.51007960913397,7.719570802969452,93,0.3655913978494624,1.8536143593912477,130.81184012732766,134.39760374067168,85,0.0,3.024757506745606,166.84385939630067,160.14691234419823,845,1.0,0.02909996387866566,23.873029249705386,6.328722320368103,796,0.9673366834170855,0.13106721374796595,25.5877455182243,7.036757452477102,0.8573456262180125,"y@t,data_quality_1@t+h,data_quality_1@t,throughput_2@t",20.650465949820788
g30s_h1_b4,30,1,4,ar,3,2799,2799,930,0.9086021505376344,0.3756534351057148,40.75704837803989,27.523644049704103,837,0.9689366786140979,0.1716975827837042,29.58789313352656,14.590356410732248,93,0.3655913978494624,2.21125610600381,141.27944557865985,143.92323280045076,85,0.0,3.2893152624659545,177.05362019429882,171.6999669208902,845,1.0,0.08256319211681491,27.046742337351123,13.020700328933899,796,0.9673366834170855,0.17350657189224616,28.450882484409494,13.893356025559665,0.8573456262180125,"y@t,data_quality_1@t+h,data_quality_1@t,throughput_2@t",20.650465949820788
g30s_h1_b4,30,1,4,persistence,3,2799,2799,930,0.9086021505376344,2.525415908445082,38.258121005634806,20.650465949820788,837,0.9689366786140979,0.8583112891447339,26.190436311118795,6.254400637196337,93,0.3655913978494624,17.529357482148214,146.86728325627888,150.21505376344086,85,0.0,27.63102111592854,190.56792010182738,183.6913725490196,845,1.0,0.0,22.93701695453851,4.249901380670613,796,0.9673366834170855,0.9025207902187716,26.300253186035004,6.576549413735342,0.8573456262180125,"y@t,data_quality_1@t+h,data_quality_1@t,throughput_2@t",20.650465949820788
g30s_h1_b4,30,1,4,tabpfn,3,2799,2799,930,0.9408602150537635,0.17216953387578224,27.532001285993758,11.002760967325365,837,0.9629629629629629,0.11431477531874681,23.05186249862478,6.023638499186381,93,0.7419354838709677,0.6928623608891012,67.85325037231453,55.81486318057622,85,0.5882352941176471,1.0063651426181626,78.19763237348637,64.72794004187988,845,0.9763313609467456,0.08825636613246592,22.435458513879112,5.5984530130802375,796,0.9623115577889447,0.11257497052929477,22.110421259272314,6.001656882316107,0.9161659004810241,"y@t,data_quality_1@t+h,data_quality_1@t,throughput_2@t",20.650465949820788
g30s_h1_b4,30,1,4,hgb,3,2799,2799,930,0.9365591397849462,0.8764708741029107,30.17464486758976,12.948213079187592,837,0.970131421744325,0.4126526582381603,25.229925004198204,6.280415280735564,93,0.6344086021505376,5.050834816885665,74.67712363811374,72.95839326525584,85,0.3764705882352941,8.614380171432046,98.13560894348953,86.61503925799346,845,0.9928994082840237,0.09810129981536443,23.33833487178919,5.53794062333138,796,0.9685929648241206,0.4339072260622169,25.290230983465396,5.588042849353538,0.8802920683261117,"y@t,data_quality_1@t+h,data_quality_1@t,throughput_2@t",20.650465949820788
g30s_h1_b4,30,1,4,hgb_ctx,3,2799,2799,930,0.9365591397849462,0.8764708741029107,30.17464486758976,12.948213079187592,837,0.970131421744325,0.4126526582381603,25.229925004198204,6.280415280735564,93,0.6344086021505376,5.050834816885665,74.67712363811374,72.95839326525584,85,0.3764705882352941,8.614380171432046,98.13560894348953,86.61503925799346,845,0.9928994082840237,0.09810129981536443,23.33833487178919,5.53794062333138,796,0.9685929648241206,0.4339072260622169,25.290230983465396,5.588042849353538,0.8802920683261117,"y@t,data_quality_1@t+h,data_quality_1@t,throughput_2@t",20.650465949820788
g30s_h1_b4,30,1,4,tabpfn_clf,3,2799,2799,930,0.9623655913978495,0.17869403832552916,25.835606465146203,19.915372718444683,837,0.977299880525687,0.14326670292542065,22.796487550223205,15.44227498480533,93,0.8279569892473119,0.4975400569265056,53.18767669945319,60.173252321198824,85,0.7411764705882353,0.7007337100517959,58.11925941937366,70.15488750499317,845,0.9846153846153847,0.1261811719388633,22.588138416496108,14.861693716247496,796,0.9773869346733668,0.1349463639865553,20.642272793779608,14.018782730295014,0.9521693537342231,"y@t,data_quality_1@t+h,data_quality_1@t,throughput_2@t",20.650465949820788
g30s_h1_b4,30,1,4,model,4,3729,3729,940,0.925531914893617,0.22777858692783887,32.89713105306642,17.97691804678925,846,0.9716312056737588,0.11359128323911444,26.871548754966692,10.66524058191371,94,0.5106382978723404,1.2554643201263587,87.12737173596399,83.7820152306691,68,0.058823529411764705,2.404603288954407,132.86898189992624,125.1793084747438,872,0.9931192660550459,0.05802620190741841,25.101161032898453,9.617098609746929,819,0.9706959706959707,0.113381627755175,26.37060171168936,10.292387842397893,0.87824405388805,"y@t,data_quality_1@t+h,rps@t+h",15.70595744680851
g30s_h1_b4,30,1,4,ar,4,3729,3729,940,0.9276595744680851,0.32257586969411606,36.91505024836666,24.5279233951388,846,0.9775413711583925,0.1590657225474401,28.70197026644348,15.485292614021404,94,0.4787234042553192,1.7941671940141994,110.83277008567528,105.9116004251954,68,0.0,3.310261406128396,167.45312517858042,155.77210748948013,872,1.0,0.08959121777034197,26.735475597845404,14.293285185947044,819,0.9768009768009768,0.1593279185764727,27.95112697134456,14.909905892802678,0.8803427623116626,"y@t,data_quality_1@t+h,rps@t+h",15.70595744680851
g30s_h1_b4,30,1,4,persistence,4,3729,3729,940,0.9276595744680851,1.998839825407597,35.492324563774496,15.705957446808512,846,0.9775413711583925,0.6205548477572606,26.37995520887322,5.0401103230890465,94,0.4787234042553192,14.403404624260624,117.50364875788593,111.6985815602837,68,0.0,27.63102111592854,180.9488030937863,168.14656862745096,872,1.0,0.0,24.149388164645135,3.8183868501529052,819,0.9768009768009768,0.6410126998811263,26.549742689378654,5.206267806267807,0.8803427623116626,"y@t,data_quality_1@t+h,rps@t+h",15.70595744680851
g30s_h1_b4,30,1,4,tabpfn,4,3729,3729,940,0.9638297872340426,0.12002007740715873,26.5216158933061,7.80605181487359,846,0.9846335697399528,0.0764477222372265,23.64068836790359,4.145301385900694,94,0.776595744680851,0.5121712739365486,52.44996362192873,40.752805675629645,68,0.5735294117647058,0.8499057831326894,69.49849371960613,53.563460969398,872,0.9942660550458715,0.0631023847588375,23.170207989420323,4.2378134863097605,819,0.9853479853479854,0.07507898286487578,23.1967398214349,3.9035324997991316,0.9472320097341145,"y@t,data_quality_1@t+h,rps@t+h",15.70595744680851
g30s_h1_b4,30,1,4,hgb,4,3729,3729,940,0.9553191489361702,0.6172917696066694,28.916145311954235,10.043501424206886,846,0.9787234042553191,0.29395003314367585,25.869830936289265,5.519634693223311,94,0.7446808510638298,3.527367397773612,56.33297469293899,50.75830200305906,68,0.4852941176470588,7.110927551888876,79.44140967784519,70.80926379740023,872,0.9919724770642202,0.11090732786906618,24.976101760485676,5.304886927214744,819,0.9792429792429792,0.28677183941600365,25.825004451231088,5.35005002507321,0.9301913592005364,"y@t,data_quality_1@t+h,rps@t+h",15.70595744680851
g30s_h1_b4,30,1,4,hgb_ctx,4,3729,3729,940,0.9553191489361702,0.6172917696066694,28.916145311954235,10.043501424206886,846,0.9787234042553191,0.29395003314367585,25.869830936289265,5.519634693223311,94,0.7446808510638298,3.527367397773612,56.33297469293899,50.75830200305906,68,0.4852941176470588,7.110927551888876,79.44140967784519,70.80926379740023,872,0.9919724770642202,0.11090732786906618,24.976101760485676,5.304886927214744,819,0.9792429792429792,0.28677183941600365,25.825004451231088,5.35005002507321,0.9301913592005364,"y@t,data_quality_1@t+h,rps@t+h",15.70595744680851
g30s_h1_b4,30,1,4,tabpfn_clf,4,3729,3729,940,0.9457446808510638,0.17206071812167062,25.699171588440777,17.64235904542712,846,0.9550827423167849,0.14651578488939157,23.910759216816874,14.751810991000886,94,0.8617021276595744,0.40196511721218187,41.7948829330559,43.65729153526327,68,0.6764705882352942,0.7074831755392487,49.3449018300486,59.02947503669987,872,0.966743119266055,0.13030759070837322,23.855238496205306,14.414923394731543,819,0.9536019536019537,0.14732000195332942,23.443700807860225,14.55348827190984,0.9300751402172944,"y@t,data_quality_1@t+h,rps@t+h",15.70595744680851
g30s_h1_b4,30,1,4,model,5,4669,4669,930,0.9311827956989247,0.23055816249917183,33.53079296107959,16.102735289662487,837,0.983273596176822,0.08136576607714269,26.711149859006028,7.723322133507847,93,0.46236559139784944,1.5732897302974347,94.90758087974162,91.51745369505427,66,0.030303030303030304,2.7985011150943677,149.86700848883987,141.81274007726915,864,1.0,0.03439585362037212,24.643998719375674,6.499887701720312,811,0.9827373612823674,0.08111168405173738,26.282926464716333,7.297866357449323,0.8731699963579704,"y@t,data_quality_1@t+h,rps@t+h,avg_p_latency_1@t",16.11440860215054
g30s_h1_b4,30,1,4,ar,5,4669,4669,930,0.9290322580645162,0.31359839404906,37.31354530601536,23.612511947845384,837,0.983273596176822,0.13441829103376718,29.161679133088477,14.279318524951488,93,0.44086021505376344,1.9262193211866954,110.68034086235727,107.61125275389044,66,0.0,3.3440862091277292,172.17266289345108,163.19239906302244,864,1.0,0.08210279706388392,27.01180715697512,12.950159459880469,811,0.9827373612823674,0.13502680624502494,28.777081764326084,13.924753041773236,0.871907155155794,"y@t,data_quality_1@t+h,rps@t+h,avg_p_latency_1@t",16.11440860215054
g30s_h1_b4,30,1,4,persistence,5,4669,4669,930,0.9290322580645162,1.9609111759691227,36.290214667794615,16.114408602150537,837,0.983273596176822,0.46216761723177974,27.38662045226969,5.440223018717643,93,0.44086021505376344,15.449603204605209,116.42256260751887,112.18207885304659,66,0.0,27.631021115928544,185.29945837252106,176.13737373737376,864,1.0,0.0,24.907564107016896,3.890432098765432,811,0.9827373612823674,0.47698433492355075,27.63334082659013,5.614632141389231,0.871907155155794,"y@t,data_quality_1@t+h,rps@t+h,avg_p_latency_1@t",16.11440860215054
g30s_h1_b4,30,1,4,tabpfn,5,4669,4669,930,0.964516129032258,0.10137791629601503,27.34365391047097,7.866272819583905,837,0.98805256869773,0.05422684168152121,24.353935605869154,3.580120131995302,93,0.7526881720430108,0.5257375878264596,54.25111865188724,46.44164700788135,66,0.5606060606060606,0.8622599653253471,76.60990870156222,69.37826350047493,864,0.9953703703703703,0.04325498199516328,23.580259447262605,3.1674401981269535,811,0.9876695437731196,0.0544907588271999,24.25821103807527,3.5982184080157036,0.9431745496843872,"y@t,data_quality_1@t+h,rps@t+h,avg_p_latency_1@t",16.11440860215054
g30s_h1_b4,30,1,4,hgb,5,4669,4669,930,0.9516129032258065,0.6684954463486097,31.008728408948947,10.310529533454602,837,0.983273596176822,0.23108680861138967,26.69912254873537,4.547898699763574,93,0.6666666666666666,4.605173185983592,69.79518115087112,62.17420703667387,66,0.36363636363636365,8.791691536881856,104.18259068866205,92.7067653245715,864,0.9965277777777778,0.047973522766209024,25.419058373693083,4.016372632744286,811,0.9827373612823674,0.23849516745727514,26.923786055623008,4.681693161865135,0.8875838846627944,"y@t,data_quality_1@t+h,rps@t+h,avg_p_latency_1@t",16.11440860215054
g30s_h1_b4,30,1,4,hgb_ctx,5,4669,4669,930,0.9516129032258065,0.6684954463486097,31.008728408948947,10.310529533454602,837,0.983273596176822,0.23108680861138967,26.69912254873537,4.547898699763574,93,0.6666666666666666,4.605173185983592,69.79518115087112,62.17420703667387,66,0.36363636363636365,8.791691536881856,104.18259068866205,92.7067653245715,864,0.9965277777777778,0.047973522766209024,25.419058373693083,4.016372632744286,811,0.9827373612823674,0.23849516745727514,26.923786055623008,4.681693161865135,0.8875838846627944,"y@t,data_quality_1@t+h,rps@t+h,avg_p_latency_1@t",16.11440860215054
g30s_h1_b4,30,1,4,tabpfn_clf,5,4669,4669,930,0.9623655913978495,0.12140773837381025,27.69856950913336,14.922837151309947,837,0.97610513739546,0.09504274547254316,25.96331616555983,11.109981593785994,93,0.8387096774193549,0.3586926744852142,43.315849601295064,49.238537169025534,66,0.696969696969697,0.5967920408152924,52.411796270904745,65.71443994367141,864,0.9826388888888888,0.08509365971508592,25.810753575942492,11.042923049115668,811,0.9753390875462392,0.09629120786853101,25.7629082750401,11.062362786835521,0.9448514725715612,"y@t,data_quality_1@t+h,rps@t+h,avg_p_latency_1@t",16.11440860215054
